"Identifier","Chrom","Position","Ref/Alt","Gene name","Score","Dataset ID","Molecular consequence","Functional description","Phenotype","Cross-assay hits","Functional classification","ClinVar information","Population frequency","TCGA summary","MAVE technique","Mutagenesis strategy","Publication"
"NM_006218.4(PIK3CA):c.5C>T (p.Pro2Leu)","chr3","179198830","C/T","PIK3CA","-0.447","dataset1284","Missense","Neutral to the PIK3CA-mediated cellular proliferation in HAP1","PIK3CA-mediated cellular proliferation","6","Functionally normal","","","NA","CRISPR-Based Genome Editing","Base editing","33606977"
"NM_006218.4(PIK3CA):c.7_8delinsTT (p.Pro3Leu)","chr3","179198832","CC/TT","PIK3CA","-0.447","dataset1284","Missense","Neutral to the PIK3CA-mediated cellular proliferation in HAP1","PIK3CA-mediated cellular proliferation","6","Functionally normal","","","NA","CRISPR-Based Genome Editing","Base editing","33606977"
"NM_006218.4(PIK3CA):c.14C>T (p.Pro5Leu)","chr3","179198839","C/T","PIK3CA","-0.212","dataset1284","Missense","Neutral to the PIK3CA-mediated cellular proliferation in HAP1","PIK3CA-mediated cellular proliferation","6","Functionally normal","","","NA","CRISPR-Based Genome Editing","Base editing","33606977"
"NM_006218.4(PIK3CA):c.17C>T (p.Ser6Leu)","chr3","179198842","C/T","PIK3CA","-0.212","dataset1284","Missense","Neutral to the PIK3CA-mediated cellular proliferation in HAP1","PIK3CA-mediated cellular proliferation","6","Functionally normal","","","NA","CRISPR-Based Genome Editing","Base editing","33606977"
"NM_006218.4(PIK3CA):c.20C>T (p.Ser7Leu)","chr3","179198845","C/T","PIK3CA","0.104","dataset1284","Missense","Neutral to the PIK3CA-mediated cellular proliferation in HAP1","PIK3CA-mediated cellular proliferation","6","Functionally normal","","6.43589e-07","NA","CRISPR-Based Genome Editing","Base editing","33606977"
"NM_006218.4(PIK3CA):c.22_23delinsAA (p.Gly8Asn)","chr3","179198847","GG/AA","PIK3CA","1.475","dataset1284","Missense","Neutral to the PIK3CA-mediated cellular proliferation in HAP1","PIK3CA-mediated cellular proliferation","6","Functionally normal","","","NA","CRISPR-Based Genome Editing","Base editing","33606977"
"NM_006218.4(PIK3CA):c.25G>A (p.Glu9Lys)","chr3","179198850","G/A","PIK3CA","2.105","dataset1284","Missense","Neutral to the PIK3CA-mediated cellular proliferation in HAP1","PIK3CA-mediated cellular proliferation","6","Functionally normal","Uncertain significance","","NA","CRISPR-Based Genome Editing","Base editing","33606977"
"NM_006218.4(PIK3CA):c.30G>A (p.Leu10=)","chr3","179198855","G/A","PIK3CA","0.204","dataset1284","Synonymous","Neutral to the PIK3CA-mediated cellular proliferation in HAP1","PIK3CA-mediated cellular proliferation","6","Functionally normal","Likely benign","1.90648e-06","NA","CRISPR-Based Genome Editing","Base editing","33606977"
"NM_006218.4(PIK3CA):c.32G>A (p.Trp11Ter)","chr3","179198857","G/A","PIK3CA","0.204","dataset1284","Nonsense","Neutral to the PIK3CA-mediated cellular proliferation in HAP1","PIK3CA-mediated cellular proliferation","6","Functionally normal","","","NA","CRISPR-Based Genome Editing","Base editing","33606977"
"NM_006218.4(PIK3CA):c.56G>A (p.Arg19Lys)","chr3","179198881","G/A","PIK3CA","-0.033","dataset1284","Missense","Neutral to the PIK3CA-mediated cellular proliferation in HAP1","PIK3CA-mediated cellular proliferation","6","Functionally normal","","6.25752e-07","NA","CRISPR-Based Genome Editing","Base editing","33606977"
"NM_006218.4(PIK3CA):c.64G>A (p.Val22Ile)","chr3","179198889","G/A","PIK3CA","-2.441","dataset1284","Missense","The reduced PIK3CA-mediated cellular proliferation in HAP1","PIK3CA-mediated cellular proliferation","6","Loss-of-function","Uncertain significance","6.23131e-07","NA","CRISPR-Based Genome Editing","Base editing","33606977"
"NM_006218.4(PIK3CA):c.67G>A (p.Glu23Lys)","chr3","179198892","G/A","PIK3CA","-2.441","dataset1284","Missense","The reduced PIK3CA-mediated cellular proliferation in HAP1","PIK3CA-mediated cellular proliferation","6","Loss-of-function","","","NA","CRISPR-Based Genome Editing","Base editing","33606977"
"NM_006218.4(PIK3CA):c.71G>A (p.Cys24Tyr)","chr3","179198896","G/A","PIK3CA","0.515","dataset1284","Missense","Neutral to the PIK3CA-mediated cellular proliferation in HAP1","PIK3CA-mediated cellular proliferation","6","Functionally normal","","","NA","CRISPR-Based Genome Editing","Base editing","33606977"
"NM_006218.4(PIK3CA):c.190G>A (p.Asp64Asn)","chr3","179199015","G/A","PIK3CA","-0.419","dataset1284","Missense","Neutral to the PIK3CA-mediated cellular proliferation in HAP1","PIK3CA-mediated cellular proliferation","6","Functionally normal","","","NA","CRISPR-Based Genome Editing","Base editing","33606977"
"NM_006218.4(PIK3CA):c.193G>A (p.Glu65Lys)","chr3","179199018","G/A","PIK3CA","-0.419","dataset1284","Missense","Neutral to the PIK3CA-mediated cellular proliferation in HAP1","PIK3CA-mediated cellular proliferation","6","Functionally normal","","6.19785e-07","lusc:0.2% (1/487):0.100","CRISPR-Based Genome Editing","Base editing","33606977"
"NM_006218.4(PIK3CA):c.221C>T (p.Thr74Ile)","chr3","179199046","C/T","PIK3CA","-4.396","dataset1284","Missense","The reduced PIK3CA-mediated cellular proliferation in HAP1","PIK3CA-mediated cellular proliferation","6","Loss-of-function","","1.2394e-06","NA","CRISPR-Based Genome Editing","Base editing","33606977"
"NM_006218.4(PIK3CA):c.223C>T (p.Gln75Ter)","chr3","179199048","C/T","PIK3CA","-3.764","dataset1284","Nonsense","The reduced PIK3CA-mediated cellular proliferation in HAP1","PIK3CA-mediated cellular proliferation","6","Loss-of-function","","","NA","CRISPR-Based Genome Editing","Base editing","33606977"
"NM_006218.4(PIK3CA):c.262C>T (p.Arg88Ter)","chr3","179199087","C/T","PIK3CA","0.331","dataset1284","Nonsense","Neutral to the PIK3CA-mediated cellular proliferation in HAP1","PIK3CA-mediated cellular proliferation","6","Functionally normal","","6.19781e-07","NA","CRISPR-Based Genome Editing","Base editing","33606977"
"NM_006218.4(PIK3CA):c.336C>T (p.Ile112=)","chr3","179199161","C/T","PIK3CA","-0.317","dataset1284","Synonymous","Neutral to the PIK3CA-mediated cellular proliferation in HAP1","PIK3CA-mediated cellular proliferation","6","Functionally normal","","","NA","CRISPR-Based Genome Editing","Base editing","33606977"
"NM_006218.4(PIK3CA):c.337C>T (p.Leu113Phe)","chr3","179199162","C/T","PIK3CA","-0.317","dataset1284","Missense","Neutral to the PIK3CA-mediated cellular proliferation in HAP1","PIK3CA-mediated cellular proliferation","6","Functionally normal","Uncertain significance","","NA","CRISPR-Based Genome Editing","Base editing","33606977"
"NM_006218.4(PIK3CA):c.352G>A (p.Gly118Ser)","chr3","179199177","G/A","PIK3CA","0.324","dataset1284","Missense","Neutral to the PIK3CA-mediated cellular proliferation in HAP1","PIK3CA-mediated cellular proliferation","6","Functionally normal","","","NA","CRISPR-Based Genome Editing","Base editing","33606977"
"NM_006218.4(PIK3CA):c.352+1G>A","chr3","179199178","G/A","PIK3CA","0.324","dataset1284","Splice site","Neutral to the PIK3CA-mediated cellular proliferation in HAP1","PIK3CA-mediated cellular proliferation","6","Functionally normal","","","NA","CRISPR-Based Genome Editing","Base editing","33606977"
"NM_006218.4(PIK3CA):c.385G>A (p.Asp129Asn)","chr3","179199722","G/A","PIK3CA","-2.777","dataset1284","Missense","The reduced PIK3CA-mediated cellular proliferation in HAP1","PIK3CA-mediated cellular proliferation","6","Loss-of-function","","6.20096e-07","NA","CRISPR-Based Genome Editing","Base editing","33606977"
"NM_006218.4(PIK3CA):c.419G>A (p.Arg140Gln)","chr3","179199756","G/A","PIK3CA","1.0","dataset1284","Missense","Neutral to the PIK3CA-mediated cellular proliferation in HAP1","PIK3CA-mediated cellular proliferation","6","Functionally normal","","6.19814e-07","NA","CRISPR-Based Genome Editing","Base editing","33606977"
"NM_006218.4(PIK3CA):c.432G>A (p.Leu144=)","chr3","179199769","G/A","PIK3CA","-0.515","dataset1284","Synonymous","Neutral to the PIK3CA-mediated cellular proliferation in HAP1","PIK3CA-mediated cellular proliferation","6","Functionally normal","","3.09952e-06","NA","CRISPR-Based Genome Editing","Base editing","33606977"
"NM_006218.4(PIK3CA):c.435C>T (p.Asn145=)","chr3","179199772","C/T","PIK3CA","0.37","dataset1284","Synonymous","Neutral to the PIK3CA-mediated cellular proliferation in HAP1","PIK3CA-mediated cellular proliferation","6","Functionally normal","Likely benign","6.82044e-06","NA","CRISPR-Based Genome Editing","Base editing","33606977"
"NM_006218.4(PIK3CA):c.436G>A (p.Val146Ile)","chr3","179199773","G/A","PIK3CA","-0.515","dataset1284","Missense","Neutral to the PIK3CA-mediated cellular proliferation in HAP1","PIK3CA-mediated cellular proliferation","6","Functionally normal","Uncertain significance","2.23197e-05","NA","CRISPR-Based Genome Editing","Base editing","33606977"
"NM_006218.4(PIK3CA):c.482G>A (p.Ser161Asn)","chr3","179199819","G/A","PIK3CA","0.201","dataset1284","Missense","Neutral to the PIK3CA-mediated cellular proliferation in HAP1","PIK3CA-mediated cellular proliferation","6","Functionally normal","","1.86014e-06","NA","CRISPR-Based Genome Editing","Base editing","33606977"
"NM_006218.4(PIK3CA):c.492G>A (p.Met164Ile)","chr3","179199829","G/A","PIK3CA","-0.611","dataset1284","Missense","Neutral to the PIK3CA-mediated cellular proliferation in HAP1","PIK3CA-mediated cellular proliferation","6","Functionally normal","","","NA","CRISPR-Based Genome Editing","Base editing","33606977"
"NM_006218.4(PIK3CA):c.615G>A (p.Gln205=)","chr3","179201342","G/A","PIK3CA","-0.142","dataset1284","Synonymous","Neutral to the PIK3CA-mediated cellular proliferation in HAP1","PIK3CA-mediated cellular proliferation","6","Functionally normal","","","NA","CRISPR-Based Genome Editing","Base editing","33606977"
"NM_006218.4(PIK3CA):c.652G>A (p.Glu218Lys)","chr3","179201379","G/A","PIK3CA","0.934","dataset1284","Missense","Neutral to the PIK3CA-mediated cellular proliferation in HAP1","PIK3CA-mediated cellular proliferation","6","Functionally normal","Pathogenic","","NA","CRISPR-Based Genome Editing","Base editing","33606977"
"NM_006218.4(PIK3CA):c.667G>A (p.Glu223Lys)","chr3","179201394","G/A","PIK3CA","-0.19","dataset1284","Missense","Neutral to the PIK3CA-mediated cellular proliferation in HAP1","PIK3CA-mediated cellular proliferation","6","Functionally normal","Uncertain significance","","NA","CRISPR-Based Genome Editing","Base editing","33606977"
"NM_006218.4(PIK3CA):c.796_797delinsTT (p.Pro266Phe)","chr3","179201523","CC/TT","PIK3CA","0.285","dataset1284","Missense","Neutral to the PIK3CA-mediated cellular proliferation in HAP1","PIK3CA-mediated cellular proliferation","6","Functionally normal","","","NA","CRISPR-Based Genome Editing","Base editing","33606977"
"NM_006218.4(PIK3CA):c.799C>T (p.Leu267=)","chr3","179201526","C/T","PIK3CA","0.285","dataset1284","Synonymous","Neutral to the PIK3CA-mediated cellular proliferation in HAP1","PIK3CA-mediated cellular proliferation","6","Functionally normal","","","NA","CRISPR-Based Genome Editing","Base editing","33606977"
"NM_006218.4(PIK3CA):c.813G>A (p.Lys271=)","chr3","179201540","G/A","PIK3CA","-3.904","dataset1284","Splice site","The reduced PIK3CA-mediated cellular proliferation in HAP1","PIK3CA-mediated cellular proliferation","6","Loss-of-function","","0","NA","CRISPR-Based Genome Editing","Base editing","33606977"
"NM_006218.4(PIK3CA):c.813+1G>A","chr3","179201541","G/A","PIK3CA","-3.904","dataset1284","Splice site","The reduced PIK3CA-mediated cellular proliferation in HAP1","PIK3CA-mediated cellular proliferation","6","Loss-of-function","","","NA","CRISPR-Based Genome Editing","Base editing","33606977"
"NM_006218.4(PIK3CA):c.814-1G>A","chr3","179203543","G/A","PIK3CA","-3.772","dataset1284","Splice site","The reduced PIK3CA-mediated cellular proliferation in HAP1","PIK3CA-mediated cellular proliferation","6","Loss-of-function","","","NA","CRISPR-Based Genome Editing","Base editing","33606977"
"NM_006218.4(PIK3CA):c.848_849delinsTT (p.Pro283Leu)","chr3","179203578","CC/TT","PIK3CA","0.195","dataset1284","Missense","Neutral to the PIK3CA-mediated cellular proliferation in HAP1","PIK3CA-mediated cellular proliferation","6","Functionally normal","","","NA","CRISPR-Based Genome Editing","Base editing","33606977"
"NM_006218.4(PIK3CA):c.864G>A (p.Met288Ile)","chr3","179203594","G/A","PIK3CA","-2.969","dataset1284","Missense","The reduced PIK3CA-mediated cellular proliferation in HAP1","PIK3CA-mediated cellular proliferation","6","Loss-of-function","Uncertain significance","","NA","CRISPR-Based Genome Editing","Base editing","33606977"
"NM_006218.4(PIK3CA):c.944C>T (p.Thr315Ile)","chr3","179203674","C/T","PIK3CA","-1.094","dataset1284","Missense","Neutral to the PIK3CA-mediated cellular proliferation in HAP1","PIK3CA-mediated cellular proliferation","6","Functionally normal","","","NA","CRISPR-Based Genome Editing","Base editing","33606977"
"NM_006218.4(PIK3CA):c.954G>A (p.Met318Ile)","chr3","179203684","G/A","PIK3CA","-0.062","dataset1284","Missense","Neutral to the PIK3CA-mediated cellular proliferation in HAP1","PIK3CA-mediated cellular proliferation","6","Functionally normal","Uncertain significance","5.57738e-06","NA","CRISPR-Based Genome Editing","Base editing","33606977"
"NM_006218.4(PIK3CA):c.961G>A (p.Glu321Lys)","chr3","179203691","G/A","PIK3CA","-0.893","dataset1284","Missense","Neutral to the PIK3CA-mediated cellular proliferation in HAP1","PIK3CA-mediated cellular proliferation","6","Functionally normal","","6.19695e-07","NA","CRISPR-Based Genome Editing","Base editing","33606977"
"NM_006218.4(PIK3CA):c.965C>T (p.Thr322Ile)","chr3","179203695","C/T","PIK3CA","-3.608","dataset1284","Missense","The reduced PIK3CA-mediated cellular proliferation in HAP1","PIK3CA-mediated cellular proliferation","6","Loss-of-function","","","NA","CRISPR-Based Genome Editing","Base editing","33606977"
"NM_006218.4(PIK3CA):c.968C>T (p.Ser323Phe)","chr3","179203698","C/T","PIK3CA","-3.608","dataset1284","Missense","The reduced PIK3CA-mediated cellular proliferation in HAP1","PIK3CA-mediated cellular proliferation","6","Loss-of-function","","","NA","CRISPR-Based Genome Editing","Base editing","33606977"
"NM_006218.4(PIK3CA):c.995G>A (p.Ser332Asn)","chr3","179203725","G/A","PIK3CA","-3.099","dataset1284","Missense","The reduced PIK3CA-mediated cellular proliferation in HAP1","PIK3CA-mediated cellular proliferation","6","Loss-of-function","Uncertain significance","1.86046e-06","NA","CRISPR-Based Genome Editing","Base editing","33606977"
"NM_006218.4(PIK3CA):c.1045C>T (p.Arg349Ter)","chr3","179203775","C/T","PIK3CA","-1.638","dataset1284","Nonsense","Neutral to the PIK3CA-mediated cellular proliferation in HAP1","PIK3CA-mediated cellular proliferation","6","Functionally normal","","0","NA","CRISPR-Based Genome Editing","Base editing","33606977"
"NM_006218.4(PIK3CA):c.1060-1G>A","chr3","179204502","G/A","PIK3CA","-5.134","dataset1284","Splice site","The reduced PIK3CA-mediated cellular proliferation in HAP1","PIK3CA-mediated cellular proliferation","6","Loss-of-function","","","NA","CRISPR-Based Genome Editing","Base editing","33606977"
"NM_006218.4(PIK3CA):c.1069C>T (p.Arg357Ter)","chr3","179204512","C/T","PIK3CA","-1.684","dataset1284","Nonsense","Neutral to the PIK3CA-mediated cellular proliferation in HAP1","PIK3CA-mediated cellular proliferation","6","Functionally normal","","1.28802e-06","NA","CRISPR-Based Genome Editing","Base editing","33606977"
"NM_006218.4(PIK3CA):c.1073C>T (p.Thr358Ile)","chr3","179204516","C/T","PIK3CA","-1.684","dataset1284","Missense","Neutral to the PIK3CA-mediated cellular proliferation in HAP1","PIK3CA-mediated cellular proliferation","6","Functionally normal","","0","NA","CRISPR-Based Genome Editing","Base editing","33606977"
"NM_006218.4(PIK3CA):c.1113G>A (p.Val371=)","chr3","179204556","G/A","PIK3CA","-0.977","dataset1284","Synonymous","Neutral to the PIK3CA-mediated cellular proliferation in HAP1","PIK3CA-mediated cellular proliferation","6","Functionally normal","Likely benign","1.26235e-06","NA","CRISPR-Based Genome Editing","Base editing","33606977"
"NM_006218.4(PIK3CA):c.1129_1130delinsTT (p.Pro377Phe)","chr3","179204572","CC/TT","PIK3CA","0.063","dataset1284","Missense","Neutral to the PIK3CA-mediated cellular proliferation in HAP1","PIK3CA-mediated cellular proliferation","6","Functionally normal","","","NA","CRISPR-Based Genome Editing","Base editing","33606977"
"NM_006218.4(PIK3CA):c.1136C>T (p.Ser379Phe)","chr3","179204579","C/T","PIK3CA","1.271","dataset1284","Missense","Neutral to the PIK3CA-mediated cellular proliferation in HAP1","PIK3CA-mediated cellular proliferation","6","Functionally normal","","","NA","CRISPR-Based Genome Editing","Base editing","33606977"
"NM_006218.4(PIK3CA):c.1145G>A (p.Arg382Lys)","chr3","179204588","G/A","PIK3CA","-0.997","dataset1284","Missense","Neutral to the PIK3CA-mediated cellular proliferation in HAP1","PIK3CA-mediated cellular proliferation","6","Functionally normal","Conflicting classifications of pathogenicity","2.10593e-06","NA","CRISPR-Based Genome Editing","Base editing","33606977"
"NM_006218.4(PIK3CA):c.1145+1G>A","chr3","179204589","G/A","PIK3CA","-0.997","dataset1284","Splice site","Neutral to the PIK3CA-mediated cellular proliferation in HAP1","PIK3CA-mediated cellular proliferation","6","Functionally normal","","0","NA","CRISPR-Based Genome Editing","Base editing","33606977"
"NM_006218.4(PIK3CA):c.1145+6G>A","chr3","179204594","G/A","PIK3CA","0.649","dataset1284","Splice site","Neutral to the PIK3CA-mediated cellular proliferation in HAP1","PIK3CA-mediated cellular proliferation","6","Functionally normal","","0","NA","CRISPR-Based Genome Editing","Base editing","33606977"
"NM_006218.4(PIK3CA):c.1145+9G>A","chr3","179204597","G/A","PIK3CA","0.649","dataset1284","Intron","Neutral to the PIK3CA-mediated cellular proliferation in HAP1","PIK3CA-mediated cellular proliferation","6","Functionally normal","Likely benign","8.35012e-06","NA","CRISPR-Based Genome Editing","Base editing","33606977"
"NM_006218.4(PIK3CA):c.1145+16G>A","chr3","179204604","G/A","PIK3CA","-2.021","dataset1284","Intron","The reduced PIK3CA-mediated cellular proliferation in HAP1","PIK3CA-mediated cellular proliferation","6","Loss-of-function","Likely benign","6.41143e-06","NA","CRISPR-Based Genome Editing","Base editing","33606977"
"NM_006218.4(PIK3CA):c.1145+42G>A","chr3","179204630","G/A","PIK3CA","-1.889","dataset1284","Intron","Neutral to the PIK3CA-mediated cellular proliferation in HAP1","PIK3CA-mediated cellular proliferation","6","Functionally normal","","2.12086e-06","NA","CRISPR-Based Genome Editing","Base editing","33606977"
"NM_006218.4(PIK3CA):c.1145+44G>A","chr3","179204632","G/A","PIK3CA","-1.889","dataset1284","Intron","Neutral to the PIK3CA-mediated cellular proliferation in HAP1","PIK3CA-mediated cellular proliferation","6","Functionally normal","","0","NA","CRISPR-Based Genome Editing","Base editing","33606977"
"NM_006218.4(PIK3CA):c.1214_1215delinsTT (p.Ser405Phe)","chr3","179209663","CC/TT","PIK3CA","0.888","dataset1284","Missense","Neutral to the PIK3CA-mediated cellular proliferation in HAP1","PIK3CA-mediated cellular proliferation","6","Functionally normal","","","NA","CRISPR-Based Genome Editing","Base editing","33606977"
"NM_006218.4(PIK3CA):c.1223C>T (p.Ser408Phe)","chr3","179209672","C/T","PIK3CA","-1.504","dataset1284","Missense","Neutral to the PIK3CA-mediated cellular proliferation in HAP1","PIK3CA-mediated cellular proliferation","6","Functionally normal","","","NA","CRISPR-Based Genome Editing","Base editing","33606977"
"NM_006218.4(PIK3CA):c.1225G>A (p.Val409Ile)","chr3","179209674","G/A","PIK3CA","-1.79","dataset1284","Missense","Neutral to the PIK3CA-mediated cellular proliferation in HAP1","PIK3CA-mediated cellular proliferation","6","Functionally normal","Uncertain significance","","NA","CRISPR-Based Genome Editing","Base editing","33606977"
"NM_006218.4(PIK3CA):c.1231G>A (p.Gly411Ser)","chr3","179209680","G/A","PIK3CA","-0.113","dataset1284","Missense","Neutral to the PIK3CA-mediated cellular proliferation in HAP1","PIK3CA-mediated cellular proliferation","6","Functionally normal","","","NA","CRISPR-Based Genome Editing","Base editing","33606977"
"NM_006218.4(PIK3CA):c.1234C>T (p.Arg412Ter)","chr3","179209683","C/T","PIK3CA","1.54","dataset1284","Nonsense","Neutral to the PIK3CA-mediated cellular proliferation in HAP1","PIK3CA-mediated cellular proliferation","6","Functionally normal","","","NA","CRISPR-Based Genome Editing","Base editing","33606977"
"NM_006218.4(PIK3CA):c.1251+1G>A","chr3","179209701","G/A","PIK3CA","0.213","dataset1284","Splice site","Neutral to the PIK3CA-mediated cellular proliferation in HAP1","PIK3CA-mediated cellular proliferation","6","Functionally normal","","0","NA","CRISPR-Based Genome Editing","Base editing","33606977"
"NM_006218.4(PIK3CA):c.1298C>T (p.Thr433Ile)","chr3","179210232","C/T","PIK3CA","-0.337","dataset1284","Missense","Neutral to the PIK3CA-mediated cellular proliferation in HAP1","PIK3CA-mediated cellular proliferation","6","Functionally normal","","0","NA","CRISPR-Based Genome Editing","Base editing","33606977"
"NM_006218.4(PIK3CA):c.1306C>T (p.Leu436=)","chr3","179210240","C/T","PIK3CA","-0.792","dataset1284","Synonymous","Neutral to the PIK3CA-mediated cellular proliferation in HAP1","PIK3CA-mediated cellular proliferation","6","Functionally normal","","","NA","CRISPR-Based Genome Editing","Base editing","33606977"
"NM_006218.4(PIK3CA):c.1333C>T (p.Leu445Phe)","chr3","179210267","C/T","PIK3CA","-1.208","dataset1284","Missense","Neutral to the PIK3CA-mediated cellular proliferation in HAP1","PIK3CA-mediated cellular proliferation","6","Functionally normal","","","NA","CRISPR-Based Genome Editing","Base editing","33606977"
"NM_006218.4(PIK3CA):c.1357G>A (p.Glu453Lys)","chr3","179210291","G/A","PIK3CA","0.87","dataset1284","Missense","Neutral to the PIK3CA-mediated cellular proliferation in HAP1","PIK3CA-mediated cellular proliferation","6","Functionally normal","Pathogenic","","blca:0.5% (2/411):0.155;brca:0.6% (6/1084):0.280;cesc:0.7% (2/297):0.140;hnsc:0.2% (1/523):0.210;lgg:0.6% (3/514):0.170;lusc:0.2% (1/487):0.100;stad:0.7% (3/440):0.360","CRISPR-Based Genome Editing","Base editing","33606977"
"NM_006218.4(PIK3CA):c.1360G>A (p.Asp454Asn)","chr3","179210294","G/A","PIK3CA","0.643","dataset1284","Missense","Neutral to the PIK3CA-mediated cellular proliferation in HAP1","PIK3CA-mediated cellular proliferation","6","Functionally normal","","","NA","CRISPR-Based Genome Editing","Base editing","33606977"
"NM_006218.4(PIK3CA):c.1371C>T (p.Asn457=)","chr3","179210305","C/T","PIK3CA","0.61","dataset1284","Synonymous","Neutral to the PIK3CA-mediated cellular proliferation in HAP1","PIK3CA-mediated cellular proliferation","6","Functionally normal","","","NA","CRISPR-Based Genome Editing","Base editing","33606977"
"NM_006218.4(PIK3CA):c.1372_1373delinsTT (p.Pro458Phe)","chr3","179210306","CC/TT","PIK3CA","0.61","dataset1284","Missense","Neutral to the PIK3CA-mediated cellular proliferation in HAP1","PIK3CA-mediated cellular proliferation","6","Functionally normal","","","NA","CRISPR-Based Genome Editing","Base editing","33606977"
"NM_006218.4(PIK3CA):c.1387_1388delinsAA (p.Gly463Lys)","chr3","179210321","GG/AA","PIK3CA","-2.138","dataset1284","Missense","The reduced PIK3CA-mediated cellular proliferation in HAP1","PIK3CA-mediated cellular proliferation","6","Loss-of-function","","","NA","CRISPR-Based Genome Editing","Base editing","33606977"
"NM_006218.4(PIK3CA):c.1391C>T (p.Ser464Leu)","chr3","179210325","C/T","PIK3CA","-1.837","dataset1284","Missense","Neutral to the PIK3CA-mediated cellular proliferation in HAP1","PIK3CA-mediated cellular proliferation","6","Functionally normal","","","NA","CRISPR-Based Genome Editing","Base editing","33606977"
"NM_006218.4(PIK3CA):c.1409C>T (p.Thr470Ile)","chr3","179210435","C/T","PIK3CA","-1.072","dataset1284","Missense","Neutral to the PIK3CA-mediated cellular proliferation in HAP1","PIK3CA-mediated cellular proliferation","6","Functionally normal","Uncertain significance","","NA","CRISPR-Based Genome Editing","Base editing","33606977"
"NM_006218.4(PIK3CA):c.1411C>T (p.Pro471Ser)","chr3","179210437","C/T","PIK3CA","-1.072","dataset1284","Missense","Neutral to the PIK3CA-mediated cellular proliferation in HAP1","PIK3CA-mediated cellular proliferation","6","Functionally normal","","","NA","CRISPR-Based Genome Editing","Base editing","33606977"
"NM_006218.4(PIK3CA):c.1434C>T (p.Asp478=)","chr3","179210460","C/T","PIK3CA","-0.108","dataset1284","Synonymous","Neutral to the PIK3CA-mediated cellular proliferation in HAP1","PIK3CA-mediated cellular proliferation","6","Functionally normal","Likely benign","","NA","CRISPR-Based Genome Editing","Base editing","33606977"
"NM_006218.4(PIK3CA):c.1473G>A (p.Val491=)","chr3","179210499","G/A","PIK3CA","-3.4","dataset1284","Synonymous","The reduced PIK3CA-mediated cellular proliferation in HAP1","PIK3CA-mediated cellular proliferation","6","Loss-of-function","","","NA","CRISPR-Based Genome Editing","Base editing","33606977"
"NM_006218.4(PIK3CA):c.1477G>A (p.Glu493Lys)","chr3","179210503","G/A","PIK3CA","-3.4","dataset1284","Missense","The reduced PIK3CA-mediated cellular proliferation in HAP1","PIK3CA-mediated cellular proliferation","6","Loss-of-function","","6.19569e-07","NA","CRISPR-Based Genome Editing","Base editing","33606977"
"NM_006218.4(PIK3CA):c.1496C>T (p.Ser499Phe)","chr3","179210522","C/T","PIK3CA","-0.138","dataset1284","Missense","Neutral to the PIK3CA-mediated cellular proliferation in HAP1","PIK3CA-mediated cellular proliferation","6","Functionally normal","","","blca:0.2% (1/411):0.520","CRISPR-Based Genome Editing","Base editing","33606977"
"NM_006218.4(PIK3CA):c.1505G>A (p.Arg502Gln)","chr3","179210531","G/A","PIK3CA","-1.116","dataset1284","Missense","Neutral to the PIK3CA-mediated cellular proliferation in HAP1","PIK3CA-mediated cellular proliferation","6","Functionally normal","Uncertain significance","5.57674e-06","NA","CRISPR-Based Genome Editing","Base editing","33606977"
"NM_006218.4(PIK3CA):c.1526_1527delinsTT (p.Ser509Phe)","chr3","179210552","CC/TT","PIK3CA","0.221","dataset1284","Missense","Neutral to the PIK3CA-mediated cellular proliferation in HAP1","PIK3CA-mediated cellular proliferation","6","Functionally normal","","","NA","CRISPR-Based Genome Editing","Base editing","33606977"
"NM_006218.4(PIK3CA):c.1539+5G>A","chr3","179210570","G/A","PIK3CA","-0.825","dataset1284","Splice site","Neutral to the PIK3CA-mediated cellular proliferation in HAP1","PIK3CA-mediated cellular proliferation","6","Functionally normal","","","NA","CRISPR-Based Genome Editing","Base editing","33606977"
"NM_006218.4(PIK3CA):c.1539+31C>T","chr3","179210596","C/T","PIK3CA","-0.776","dataset1284","Intron","Neutral to the PIK3CA-mediated cellular proliferation in HAP1","PIK3CA-mediated cellular proliferation","6","Functionally normal","","","NA","CRISPR-Based Genome Editing","Base editing","33606977"
"NM_006218.4(PIK3CA):c.1633G>A (p.Glu545Lys)","chr3","179218303","G/A","PIK3CA","2.62","dataset1284","Missense","Neutral to the PIK3CA-mediated cellular proliferation in HAP1","PIK3CA-mediated cellular proliferation","6","Functionally normal","Pathogenic/Likely pathogenic","","blca:7.1% (29/411):0.330;brca:6.0% (65/1084):0.320;cesc:12.5% (37/297):0.290;chol:2.8% (1/36):0.310;coad:7.3% (32/439):0.285;esca:3.3% (6/182):0.235;gbm:0.5% (3/592):0.190;hnsc:5.0% (26/523):0.145;kirc:0.2% (1/512):0.140;lgg:0.2% (1/514):0.230;luad:1.1% (6/566):0.400;lusc:2.7% (13/487):0.260;ov:0.2% (1/585):0.240;read:1.9% (3/155):0.180;skcm:0.4% (2/448):0.430;stad:2.3% (10/440):0.220;tgct:1.3% (2/149):0.185;ucec:2.8% (15/529):0.360;ucs:7.0% (4/57):0.315","CRISPR-Based Genome Editing","Base editing","33606977"
"NM_006218.4(PIK3CA):c.1662C>T (p.His554=)","chr3","179218332","C/T","PIK3CA","0.026","dataset1284","Splice site","Neutral to the PIK3CA-mediated cellular proliferation in HAP1","PIK3CA-mediated cellular proliferation","6","Functionally normal","","","NA","CRISPR-Based Genome Editing","Base editing","33606977"
"NM_006218.4(PIK3CA):c.1673G>A (p.Cys558Tyr)","chr3","179219204","G/A","PIK3CA","-0.22","dataset1284","Missense","Neutral to the PIK3CA-mediated cellular proliferation in HAP1","PIK3CA-mediated cellular proliferation","6","Functionally normal","","6.28125e-07","NA","CRISPR-Based Genome Editing","Base editing","33606977"
"NM_006218.4(PIK3CA):c.1675G>A (p.Val559Ile)","chr3","179219206","G/A","PIK3CA","-0.22","dataset1284","Missense","Neutral to the PIK3CA-mediated cellular proliferation in HAP1","PIK3CA-mediated cellular proliferation","6","Functionally normal","","6.27498e-07","NA","CRISPR-Based Genome Editing","Base editing","33606977"
"NM_006218.4(PIK3CA):c.1714G>A (p.Val572Ile)","chr3","179219245","G/A","PIK3CA","-3.645","dataset1284","Missense","The reduced PIK3CA-mediated cellular proliferation in HAP1","PIK3CA-mediated cellular proliferation","6","Loss-of-function","","0","NA","CRISPR-Based Genome Editing","Base editing","33606977"
"NM_006218.4(PIK3CA):c.1746+15G>A","chr3","179219292","G/A","PIK3CA","-4.227","dataset1284","Intron","The reduced PIK3CA-mediated cellular proliferation in HAP1","PIK3CA-mediated cellular proliferation","6","Loss-of-function","","","NA","CRISPR-Based Genome Editing","Base editing","33606977"
"NM_006218.4(PIK3CA):c.1746+30C>T","chr3","179219307","C/T","PIK3CA","-1.111","dataset1284","Intron","Neutral to the PIK3CA-mediated cellular proliferation in HAP1","PIK3CA-mediated cellular proliferation","6","Functionally normal","","","NA","CRISPR-Based Genome Editing","Base editing","33606977"
"NM_006218.4(PIK3CA):c.1747-5C>T","chr3","179219566","C/T","PIK3CA","-0.833","dataset1284","Splice site","Neutral to the PIK3CA-mediated cellular proliferation in HAP1","PIK3CA-mediated cellular proliferation","6","Functionally normal","","","NA","CRISPR-Based Genome Editing","Base editing","33606977"
"NM_006218.4(PIK3CA):c.1747-3C>T","chr3","179219568","C/T","PIK3CA","-0.833","dataset1284","Splice site","Neutral to the PIK3CA-mediated cellular proliferation in HAP1","PIK3CA-mediated cellular proliferation","6","Functionally normal","","1.47215e-06","NA","CRISPR-Based Genome Editing","Base editing","33606977"
"NM_006218.4(PIK3CA):c.1774_1775delinsTT (p.Pro592Leu)","chr3","179219598","CC/TT","PIK3CA","-4.019","dataset1284","Missense","The reduced PIK3CA-mediated cellular proliferation in HAP1","PIK3CA-mediated cellular proliferation","6","Loss-of-function","","","NA","CRISPR-Based Genome Editing","Base editing","33606977"
"NM_006218.4(PIK3CA):c.1779C>T (p.Ile593=)","chr3","179219603","C/T","PIK3CA","-0.011","dataset1284","Synonymous","Neutral to the PIK3CA-mediated cellular proliferation in HAP1","PIK3CA-mediated cellular proliferation","6","Functionally normal","","","NA","CRISPR-Based Genome Editing","Base editing","33606977"
"NM_006218.4(PIK3CA):c.1783C>T (p.Pro595Ser)","chr3","179219607","C/T","PIK3CA","-0.011","dataset1284","Missense","Neutral to the PIK3CA-mediated cellular proliferation in HAP1","PIK3CA-mediated cellular proliferation","6","Functionally normal","","","NA","CRISPR-Based Genome Editing","Base editing","33606977"
"NM_006218.4(PIK3CA):c.1786G>A (p.Glu596Lys)","chr3","179219610","G/A","PIK3CA","1.22","dataset1284","Missense","Neutral to the PIK3CA-mediated cellular proliferation in HAP1","PIK3CA-mediated cellular proliferation","6","Functionally normal","","0","NA","CRISPR-Based Genome Editing","Base editing","33606977"
"NM_006218.4(PIK3CA):c.1789C>T (p.Gln597Ter)","chr3","179219613","C/T","PIK3CA","0.542","dataset1284","Nonsense","Neutral to the PIK3CA-mediated cellular proliferation in HAP1","PIK3CA-mediated cellular proliferation","6","Functionally normal","","","NA","CRISPR-Based Genome Editing","Base editing","33606977"
"NM_006218.4(PIK3CA):c.1791G>A (p.Gln597=)","chr3","179219615","G/A","PIK3CA","0.545","dataset1284","Synonymous","Neutral to the PIK3CA-mediated cellular proliferation in HAP1","PIK3CA-mediated cellular proliferation","6","Functionally normal","","","NA","CRISPR-Based Genome Editing","Base editing","33606977"
"NM_006218.4(PIK3CA):c.1798G>A (p.Glu600Lys)","chr3","179219622","G/A","PIK3CA","1.437","dataset1284","Missense","Neutral to the PIK3CA-mediated cellular proliferation in HAP1","PIK3CA-mediated cellular proliferation","6","Functionally normal","Pathogenic","0","blca:0.2% (1/411):0.280;brca:0.1% (1/1084):0.250;luad:0.2% (1/566):0.280;stad:0.2% (1/440):0.090;ucec:0.2% (1/529):0.330","CRISPR-Based Genome Editing","Base editing","33606977"
"NM_006218.4(PIK3CA):c.1819_1820delinsTT (p.Pro607Leu)","chr3","179219643","CC/TT","PIK3CA","0.852","dataset1284","Missense","Neutral to the PIK3CA-mediated cellular proliferation in HAP1","PIK3CA-mediated cellular proliferation","6","Functionally normal","","","NA","CRISPR-Based Genome Editing","Base editing","33606977"
"NM_006218.4(PIK3CA):c.1835G>A (p.Arg612Gln)","chr3","179219659","G/A","PIK3CA","-0.373","dataset1284","Missense","Neutral to the PIK3CA-mediated cellular proliferation in HAP1","PIK3CA-mediated cellular proliferation","6","Functionally normal","","1.24123e-06","NA","CRISPR-Based Genome Editing","Base editing","33606977"
"NM_006218.4(PIK3CA):c.1837_1838delinsAA (p.Gly613Asn)","chr3","179219661","GG/AA","PIK3CA","-0.373","dataset1284","Missense","Neutral to the PIK3CA-mediated cellular proliferation in HAP1","PIK3CA-mediated cellular proliferation","6","Functionally normal","","","NA","CRISPR-Based Genome Editing","Base editing","33606977"
"NM_006218.4(PIK3CA):c.1837G>A (p.Gly613Ser)","chr3","179219661","G/A","PIK3CA","-0.196","dataset1284","Missense","Neutral to the PIK3CA-mediated cellular proliferation in HAP1","PIK3CA-mediated cellular proliferation","6","Functionally normal","not provided","","NA","CRISPR-Based Genome Editing","Base editing","33606977"
"NM_006218.4(PIK3CA):c.1976C>T (p.Thr659Ile)","chr3","179220013","C/T","PIK3CA","-0.661","dataset1284","Missense","Neutral to the PIK3CA-mediated cellular proliferation in HAP1","PIK3CA-mediated cellular proliferation","6","Functionally normal","","","NA","CRISPR-Based Genome Editing","Base editing","33606977"
"NM_006218.4(PIK3CA):c.2015+34G>A","chr3","179220086","G/A","PIK3CA","-2.64","dataset1284","Intron","The reduced PIK3CA-mediated cellular proliferation in HAP1","PIK3CA-mediated cellular proliferation","6","Loss-of-function","","0","NA","CRISPR-Based Genome Editing","Base editing","33606977"
"NM_006218.4(PIK3CA):c.2015+35G>A","chr3","179220087","G/A","PIK3CA","-2.64","dataset1284","Intron","The reduced PIK3CA-mediated cellular proliferation in HAP1","PIK3CA-mediated cellular proliferation","6","Loss-of-function","","","NA","CRISPR-Based Genome Editing","Base editing","33606977"
"NM_006218.4(PIK3CA):c.2036C>T (p.Thr679Ile)","chr3","179221006","C/T","PIK3CA","0.849","dataset1284","Missense","Neutral to the PIK3CA-mediated cellular proliferation in HAP1","PIK3CA-mediated cellular proliferation","6","Functionally normal","","","NA","CRISPR-Based Genome Editing","Base editing","33606977"
"NM_006218.4(PIK3CA):c.2069_2070delinsTT (p.Ser690Phe)","chr3","179221039","CC/TT","PIK3CA","-0.18","dataset1284","Missense","Neutral to the PIK3CA-mediated cellular proliferation in HAP1","PIK3CA-mediated cellular proliferation","6","Functionally normal","","","NA","CRISPR-Based Genome Editing","Base editing","33606977"
"NM_006218.4(PIK3CA):c.2084G>A (p.Cys695Tyr)","chr3","179221054","G/A","PIK3CA","-1.309","dataset1284","Missense","Neutral to the PIK3CA-mediated cellular proliferation in HAP1","PIK3CA-mediated cellular proliferation","6","Functionally normal","","","NA","CRISPR-Based Genome Editing","Base editing","33606977"
"NM_006218.4(PIK3CA):c.2086_2088delinsAAA (p.Gly696Lys)","chr3","179221056","GGG/AAA","PIK3CA","-1.309","dataset1284","Missense","Neutral to the PIK3CA-mediated cellular proliferation in HAP1","PIK3CA-mediated cellular proliferation","6","Functionally normal","","","NA","CRISPR-Based Genome Editing","Base editing","33606977"
"NM_006218.4(PIK3CA):c.2103C>T (p.His701=)","chr3","179221073","C/T","PIK3CA","0.658","dataset1284","Synonymous","Neutral to the PIK3CA-mediated cellular proliferation in HAP1","PIK3CA-mediated cellular proliferation","6","Functionally normal","Likely benign","1.11627e-05","NA","CRISPR-Based Genome Editing","Base editing","33606977"
"NM_006218.4(PIK3CA):c.2104C>T (p.Leu702=)","chr3","179221074","C/T","PIK3CA","0.658","dataset1284","Synonymous","Neutral to the PIK3CA-mediated cellular proliferation in HAP1","PIK3CA-mediated cellular proliferation","6","Functionally normal","","","NA","CRISPR-Based Genome Editing","Base editing","33606977"
"NM_006218.4(PIK3CA):c.2147C>T (p.Thr716Ile)","chr3","179221117","C/T","PIK3CA","-3.145","dataset1284","Missense","The reduced PIK3CA-mediated cellular proliferation in HAP1","PIK3CA-mediated cellular proliferation","6","Loss-of-function","Uncertain significance","","NA","CRISPR-Based Genome Editing","Base editing","33606977"
"NM_006218.4(PIK3CA):c.2232C>T (p.Phe744=)","chr3","179224125","C/T","PIK3CA","-0.189","dataset1284","Synonymous","Neutral to the PIK3CA-mediated cellular proliferation in HAP1","PIK3CA-mediated cellular proliferation","6","Functionally normal","","1.86492e-06","NA","CRISPR-Based Genome Editing","Base editing","33606977"
"NM_006218.4(PIK3CA):c.2268C>T (p.Asn756=)","chr3","179224161","C/T","PIK3CA","-1.831","dataset1284","Synonymous","Neutral to the PIK3CA-mediated cellular proliferation in HAP1","PIK3CA-mediated cellular proliferation","6","Functionally normal","Likely benign","6.32892e-07","NA","CRISPR-Based Genome Editing","Base editing","33606977"
"NM_006218.4(PIK3CA):c.2269_2270delinsTT (p.Pro757Phe)","chr3","179224162","CC/TT","PIK3CA","-1.831","dataset1284","Missense","Neutral to the PIK3CA-mediated cellular proliferation in HAP1","PIK3CA-mediated cellular proliferation","6","Functionally normal","","","NA","CRISPR-Based Genome Editing","Base editing","33606977"
"NM_006218.4(PIK3CA):c.2278C>T (p.Gln760Ter)","chr3","179224171","C/T","PIK3CA","-3.542","dataset1284","Nonsense","The reduced PIK3CA-mediated cellular proliferation in HAP1","PIK3CA-mediated cellular proliferation","6","Loss-of-function","","","NA","CRISPR-Based Genome Editing","Base editing","33606977"
"NM_006218.4(PIK3CA):c.2284_2285delinsAA (p.Gly762Lys)","chr3","179224177","GG/AA","PIK3CA","-0.433","dataset1284","Missense","Neutral to the PIK3CA-mediated cellular proliferation in HAP1","PIK3CA-mediated cellular proliferation","6","Functionally normal","","","NA","CRISPR-Based Genome Editing","Base editing","33606977"
"NM_006218.4(PIK3CA):c.2289C>T (p.Asn763=)","chr3","179224182","C/T","PIK3CA","-0.483","dataset1284","Synonymous","Neutral to the PIK3CA-mediated cellular proliferation in HAP1","PIK3CA-mediated cellular proliferation","6","Functionally normal","Likely benign","1.32084e-06","NA","CRISPR-Based Genome Editing","Base editing","33606977"
"NM_006218.4(PIK3CA):c.2290C>T (p.Leu764Phe)","chr3","179224183","C/T","PIK3CA","-0.483","dataset1284","Missense","Neutral to the PIK3CA-mediated cellular proliferation in HAP1","PIK3CA-mediated cellular proliferation","6","Functionally normal","","","NA","CRISPR-Based Genome Editing","Base editing","33606977"
"NM_006218.4(PIK3CA):c.2294+11G>A","chr3","179224198","G/A","PIK3CA","1.081","dataset1284","Intron","Neutral to the PIK3CA-mediated cellular proliferation in HAP1","PIK3CA-mediated cellular proliferation","6","Functionally normal","","1.47861e-06","NA","CRISPR-Based Genome Editing","Base editing","33606977"
"NM_006218.4(PIK3CA):c.2294+12G>A","chr3","179224199","G/A","PIK3CA","1.081","dataset1284","Intron","Neutral to the PIK3CA-mediated cellular proliferation in HAP1","PIK3CA-mediated cellular proliferation","6","Functionally normal","","0","NA","CRISPR-Based Genome Editing","Base editing","33606977"
"NM_006218.4(PIK3CA):c.2294+13G>A","chr3","179224200","G/A","PIK3CA","1.081","dataset1284","Intron","Neutral to the PIK3CA-mediated cellular proliferation in HAP1","PIK3CA-mediated cellular proliferation","6","Functionally normal","","7.97166e-07","NA","CRISPR-Based Genome Editing","Base editing","33606977"
"NM_006218.4(PIK3CA):c.2294+14G>A","chr3","179224201","G/A","PIK3CA","1.081","dataset1284","Intron","Neutral to the PIK3CA-mediated cellular proliferation in HAP1","PIK3CA-mediated cellular proliferation","6","Functionally normal","","0","NA","CRISPR-Based Genome Editing","Base editing","33606977"
"NM_006218.4(PIK3CA):c.2321C>T (p.Ser774Phe)","chr3","179224726","C/T","PIK3CA","-1.216","dataset1284","Missense","Neutral to the PIK3CA-mediated cellular proliferation in HAP1","PIK3CA-mediated cellular proliferation","6","Functionally normal","","","NA","CRISPR-Based Genome Editing","Base editing","33606977"
"NM_006218.4(PIK3CA):c.2333C>T (p.Pro778Leu)","chr3","179224738","C/T","PIK3CA","0.639","dataset1284","Missense","Neutral to the PIK3CA-mediated cellular proliferation in HAP1","PIK3CA-mediated cellular proliferation","6","Functionally normal","","","NA","CRISPR-Based Genome Editing","Base editing","33606977"
"NM_006218.4(PIK3CA):c.2335C>T (p.Leu779=)","chr3","179224740","C/T","PIK3CA","0.779","dataset1284","Synonymous","Neutral to the PIK3CA-mediated cellular proliferation in HAP1","PIK3CA-mediated cellular proliferation","6","Functionally normal","","","NA","CRISPR-Based Genome Editing","Base editing","33606977"
"NM_006218.4(PIK3CA):c.2348_2349delinsAA (p.Trp783Ter)","chr3","179224753","GG/AA","PIK3CA","-3.166","dataset1284","Nonsense","The reduced PIK3CA-mediated cellular proliferation in HAP1","PIK3CA-mediated cellular proliferation","6","Loss-of-function","","","NA","CRISPR-Based Genome Editing","Base editing","33606977"
"NM_006218.4(PIK3CA):c.2350G>A (p.Glu784Lys)","chr3","179224755","G/A","PIK3CA","-3.166","dataset1284","Missense","The reduced PIK3CA-mediated cellular proliferation in HAP1","PIK3CA-mediated cellular proliferation","6","Loss-of-function","","","NA","CRISPR-Based Genome Editing","Base editing","33606977"
"NM_006218.4(PIK3CA):c.2397C>T (p.Ile799=)","chr3","179224802","C/T","PIK3CA","-3.206","dataset1284","Synonymous","The reduced PIK3CA-mediated cellular proliferation in HAP1","PIK3CA-mediated cellular proliferation","6","Loss-of-function","","","NA","CRISPR-Based Genome Editing","Base editing","33606977"
"NM_006218.4(PIK3CA):c.2443C>T (p.Gln815Ter)","chr3","179225988","C/T","PIK3CA","-0.488","dataset1284","Nonsense","Neutral to the PIK3CA-mediated cellular proliferation in HAP1","PIK3CA-mediated cellular proliferation","6","Functionally normal","","","NA","CRISPR-Based Genome Editing","Base editing","33606977"
"NM_006218.4(PIK3CA):c.2479C>T (p.Gln827Ter)","chr3","179226024","C/T","PIK3CA","0.372","dataset1284","Nonsense","Neutral to the PIK3CA-mediated cellular proliferation in HAP1","PIK3CA-mediated cellular proliferation","6","Functionally normal","","","NA","CRISPR-Based Genome Editing","Base editing","33606977"
"NM_006218.4(PIK3CA):c.2485C>T (p.Leu829Phe)","chr3","179226030","C/T","PIK3CA","-0.179","dataset1284","Missense","Neutral to the PIK3CA-mediated cellular proliferation in HAP1","PIK3CA-mediated cellular proliferation","6","Functionally normal","Uncertain significance","","NA","CRISPR-Based Genome Editing","Base editing","33606977"
"NM_006218.4(PIK3CA):c.2494C>T (p.Arg832Ter)","chr3","179226039","C/T","PIK3CA","-0.57","dataset1284","Nonsense","Neutral to the PIK3CA-mediated cellular proliferation in HAP1","PIK3CA-mediated cellular proliferation","6","Functionally normal","","6.41096e-07","ucec:0.4% (2/529):0.315","CRISPR-Based Genome Editing","Base editing","33606977"
"NM_006218.4(PIK3CA):c.2495+24G>A","chr3","179226064","G/A","PIK3CA","0.429","dataset1284","Intron","Neutral to the PIK3CA-mediated cellular proliferation in HAP1","PIK3CA-mediated cellular proliferation","6","Functionally normal","","7.59402e-07","NA","CRISPR-Based Genome Editing","Base editing","33606977"
"NM_006218.4(PIK3CA):c.2495+28G>A","chr3","179226068","G/A","PIK3CA","0.429","dataset1284","Intron","Neutral to the PIK3CA-mediated cellular proliferation in HAP1","PIK3CA-mediated cellular proliferation","6","Functionally normal","","7.97594e-07","NA","CRISPR-Based Genome Editing","Base editing","33606977"
"NM_006218.4(PIK3CA):c.2496-3C>T","chr3","179229269","C/T","PIK3CA","-1.208","dataset1284","Splice site","Neutral to the PIK3CA-mediated cellular proliferation in HAP1","PIK3CA-mediated cellular proliferation","6","Functionally normal","","","NA","CRISPR-Based Genome Editing","Base editing","33606977"
"NM_006218.4(PIK3CA):c.2519C>T (p.Ser840Leu)","chr3","179229295","C/T","PIK3CA","-0.457","dataset1284","Missense","Neutral to the PIK3CA-mediated cellular proliferation in HAP1","PIK3CA-mediated cellular proliferation","6","Functionally normal","","","NA","CRISPR-Based Genome Editing","Base editing","33606977"
"NM_006218.4(PIK3CA):c.2529C>T (p.Asp843=)","chr3","179229305","C/T","PIK3CA","-1.232","dataset1284","Synonymous","Neutral to the PIK3CA-mediated cellular proliferation in HAP1","PIK3CA-mediated cellular proliferation","6","Functionally normal","Likely benign","","NA","CRISPR-Based Genome Editing","Base editing","33606977"
"NM_006218.4(PIK3CA):c.2637G>A (p.Gln879=)","chr3","179229413","G/A","PIK3CA","-0.263","dataset1284","Synonymous","Neutral to the PIK3CA-mediated cellular proliferation in HAP1","PIK3CA-mediated cellular proliferation","6","Functionally normal","","","NA","CRISPR-Based Genome Editing","Base editing","33606977"
"NM_006218.4(PIK3CA):c.2639G>A (p.Trp880Ter)","chr3","179229415","G/A","PIK3CA","-0.263","dataset1284","Nonsense","Neutral to the PIK3CA-mediated cellular proliferation in HAP1","PIK3CA-mediated cellular proliferation","6","Functionally normal","","","NA","CRISPR-Based Genome Editing","Base editing","33606977"
"NM_006218.4(PIK3CA):c.2643C>T (p.Leu881=)","chr3","179229419","C/T","PIK3CA","-2.866","dataset1284","Synonymous","The reduced PIK3CA-mediated cellular proliferation in HAP1","PIK3CA-mediated cellular proliferation","6","Loss-of-function","","","NA","CRISPR-Based Genome Editing","Base editing","33606977"
"NM_006218.4(PIK3CA):c.2666+38G>A","chr3","179229480","G/A","PIK3CA","-3.752","dataset1284","Intron","The reduced PIK3CA-mediated cellular proliferation in HAP1","PIK3CA-mediated cellular proliferation","6","Loss-of-function","","1.31463e-06","NA","CRISPR-Based Genome Editing","Base editing","33606977"
"NM_006218.4(PIK3CA):c.2693C>T (p.Thr898Ile)","chr3","179230030","C/T","PIK3CA","-1.157","dataset1284","Missense","Neutral to the PIK3CA-mediated cellular proliferation in HAP1","PIK3CA-mediated cellular proliferation","6","Functionally normal","","","NA","CRISPR-Based Genome Editing","Base editing","33606977"
"NM_006218.4(PIK3CA):c.2696G>A (p.Arg899His)","chr3","179230033","G/A","PIK3CA","0.703","dataset1284","Missense","Neutral to the PIK3CA-mediated cellular proliferation in HAP1","PIK3CA-mediated cellular proliferation","6","Functionally normal","Uncertain significance","2.47996e-06","NA","CRISPR-Based Genome Editing","Base editing","33606977"
"NM_006218.4(PIK3CA):c.2702G>A (p.Cys901Tyr)","chr3","179230039","G/A","PIK3CA","-0.295","dataset1284","Missense","Neutral to the PIK3CA-mediated cellular proliferation in HAP1","PIK3CA-mediated cellular proliferation","6","Functionally normal","","","NA","CRISPR-Based Genome Editing","Base editing","33606977"
"NM_006218.4(PIK3CA):c.2740_2741delinsAA (p.Gly914Lys)","chr3","179230077","GG/AA","PIK3CA","-4.256","dataset1284","Missense","The reduced PIK3CA-mediated cellular proliferation in HAP1","PIK3CA-mediated cellular proliferation","6","Loss-of-function","","","NA","CRISPR-Based Genome Editing","Base editing","33606977"
"NM_006218.4(PIK3CA):c.2763C>T (p.Ile921=)","chr3","179230100","C/T","PIK3CA","-0.784","dataset1284","Synonymous","Neutral to the PIK3CA-mediated cellular proliferation in HAP1","PIK3CA-mediated cellular proliferation","6","Functionally normal","","","NA","CRISPR-Based Genome Editing","Base editing","33606977"
"NM_006218.4(PIK3CA):c.2775C>T (p.Asp925=)","chr3","179230112","C/T","PIK3CA","-1.113","dataset1284","Synonymous","Neutral to the PIK3CA-mediated cellular proliferation in HAP1","PIK3CA-mediated cellular proliferation","6","Functionally normal","Likely benign","9.95603e-06","NA","CRISPR-Based Genome Editing","Base editing","33606977"
"NM_006218.4(PIK3CA):c.2784+12C>T","chr3","179230133","C/T","PIK3CA","-3.152","dataset1284","Intron","The reduced PIK3CA-mediated cellular proliferation in HAP1","PIK3CA-mediated cellular proliferation","6","Loss-of-function","","","NA","CRISPR-Based Genome Editing","Base editing","33606977"
"NM_006218.4(PIK3CA):c.2784+14C>T","chr3","179230135","C/T","PIK3CA","-3.152","dataset1284","Intron","The reduced PIK3CA-mediated cellular proliferation in HAP1","PIK3CA-mediated cellular proliferation","6","Loss-of-function","","","NA","CRISPR-Based Genome Editing","Base editing","33606977"
"NM_006218.4(PIK3CA):c.2919G>A (p.Lys973=)","chr3","179230359","G/A","PIK3CA","-1.015","dataset1284","Synonymous","Neutral to the PIK3CA-mediated cellular proliferation in HAP1","PIK3CA-mediated cellular proliferation","6","Functionally normal","Likely benign","6.24502e-07","NA","CRISPR-Based Genome Editing","Base editing","33606977"
"NM_006218.4(PIK3CA):c.2921C>T (p.Thr974Ile)","chr3","179230361","C/T","PIK3CA","-1.745","dataset1284","Missense","Neutral to the PIK3CA-mediated cellular proliferation in HAP1","PIK3CA-mediated cellular proliferation","6","Functionally normal","","6.24674e-07","NA","CRISPR-Based Genome Editing","Base editing","33606977"
"NM_006218.4(PIK3CA):c.2936+22C>T","chr3","179230398","C/T","PIK3CA","-1.201","dataset1284","Intron","Neutral to the PIK3CA-mediated cellular proliferation in HAP1","PIK3CA-mediated cellular proliferation","6","Functionally normal","","0","NA","CRISPR-Based Genome Editing","Base editing","33606977"
"NM_006218.4(PIK3CA):c.2936+24C>T","chr3","179230400","C/T","PIK3CA","-1.201","dataset1284","Intron","Neutral to the PIK3CA-mediated cellular proliferation in HAP1","PIK3CA-mediated cellular proliferation","6","Functionally normal","","","NA","CRISPR-Based Genome Editing","Base editing","33606977"
"NM_006218.4(PIK3CA):c.2937-19C>T","chr3","179234075","C/T","PIK3CA","-1.951","dataset1284","Intron","Neutral to the PIK3CA-mediated cellular proliferation in HAP1","PIK3CA-mediated cellular proliferation","6","Functionally normal","","6.3392e-07","NA","CRISPR-Based Genome Editing","Base editing","33606977"
"NM_006218.4(PIK3CA):c.2941C>T (p.Gln981Ter)","chr3","179234098","C/T","PIK3CA","-0.97","dataset1284","Nonsense","Neutral to the PIK3CA-mediated cellular proliferation in HAP1","PIK3CA-mediated cellular proliferation","6","Functionally normal","","","NA","CRISPR-Based Genome Editing","Base editing","33606977"
"NM_006218.4(PIK3CA):c.3008C>T (p.Ser1003Leu)","chr3","179234165","C/T","PIK3CA","0.717","dataset1284","Missense","Neutral to the PIK3CA-mediated cellular proliferation in HAP1","PIK3CA-mediated cellular proliferation","6","Functionally normal","","1.23973e-06","NA","CRISPR-Based Genome Editing","Base editing","33606977"
"NM_006218.4(PIK3CA):c.3049G>A (p.Asp1017Asn)","chr3","179234206","G/A","PIK3CA","0.629","dataset1284","Missense","Neutral to the PIK3CA-mediated cellular proliferation in HAP1","PIK3CA-mediated cellular proliferation","6","Functionally normal","","","paad:0.5% (1/184):0.410","CRISPR-Based Genome Editing","Base editing","33606977"
"NM_006218.4(PIK3CA):c.3092C>T (p.Thr1031Ile)","chr3","179234249","C/T","PIK3CA","0.552","dataset1284","Missense","Neutral to the PIK3CA-mediated cellular proliferation in HAP1","PIK3CA-mediated cellular proliferation","6","Functionally normal","","","NA","CRISPR-Based Genome Editing","Base editing","33606977"
"NM_006218.4(PIK3CA):c.3155C>T (p.Thr1052Ile)","chr3","179234312","C/T","PIK3CA","-1.91","dataset1284","Missense","Neutral to the PIK3CA-mediated cellular proliferation in HAP1","PIK3CA-mediated cellular proliferation","6","Functionally normal","","","NA","CRISPR-Based Genome Editing","Base editing","33606977"
"NM_006218.4(PIK3CA):c.5C>T (p.Pro2Leu)","chr3","179198830","C/T","PIK3CA","1.493","dataset1285","Missense","Neutral to the sensitivity to drug Olaparib in HAP1","sensitivity to drug Olaparib","6","Functionally normal","","","NA","CRISPR-Based Genome Editing","Base editing","33606977"
"NM_006218.4(PIK3CA):c.7_8delinsTT (p.Pro3Leu)","chr3","179198832","CC/TT","PIK3CA","1.493","dataset1285","Missense","Neutral to the sensitivity to drug Olaparib in HAP1","sensitivity to drug Olaparib","6","Functionally normal","","","NA","CRISPR-Based Genome Editing","Base editing","33606977"
"NM_006218.4(PIK3CA):c.14C>T (p.Pro5Leu)","chr3","179198839","C/T","PIK3CA","0.17","dataset1285","Missense","Neutral to the sensitivity to drug Olaparib in HAP1","sensitivity to drug Olaparib","6","Functionally normal","","","NA","CRISPR-Based Genome Editing","Base editing","33606977"
"NM_006218.4(PIK3CA):c.17C>T (p.Ser6Leu)","chr3","179198842","C/T","PIK3CA","0.110667","dataset1285","Missense","Neutral to the sensitivity to drug Olaparib in HAP1","sensitivity to drug Olaparib","6","Functionally normal","","","NA","CRISPR-Based Genome Editing","Base editing","33606977"
"NM_006218.4(PIK3CA):c.20C>T (p.Ser7Leu)","chr3","179198845","C/T","PIK3CA","0.161","dataset1285","Missense","Neutral to the sensitivity to drug Olaparib in HAP1","sensitivity to drug Olaparib","6","Functionally normal","","6.43589e-07","NA","CRISPR-Based Genome Editing","Base editing","33606977"
"NM_006218.4(PIK3CA):c.22_23delinsAA (p.Gly8Asn)","chr3","179198847","GG/AA","PIK3CA","2.0045","dataset1285","Missense","The enhanced sensitivity to drug Olaparib in HAP1","sensitivity to drug Olaparib","6","Gain-of-function","","","NA","CRISPR-Based Genome Editing","Base editing","33606977"
"NM_006218.4(PIK3CA):c.25G>A (p.Glu9Lys)","chr3","179198850","G/A","PIK3CA","2.293","dataset1285","Missense","The enhanced sensitivity to drug Olaparib in HAP1","sensitivity to drug Olaparib","6","Gain-of-function","Uncertain significance","","NA","CRISPR-Based Genome Editing","Base editing","33606977"
"NM_006218.4(PIK3CA):c.30G>A (p.Leu10=)","chr3","179198855","G/A","PIK3CA","-1.293","dataset1285","Synonymous","Neutral to the sensitivity to drug Olaparib in HAP1","sensitivity to drug Olaparib","6","Functionally normal","Likely benign","1.90648e-06","NA","CRISPR-Based Genome Editing","Base editing","33606977"
"NM_006218.4(PIK3CA):c.32G>A (p.Trp11Ter)","chr3","179198857","G/A","PIK3CA","-1.293","dataset1285","Nonsense","Neutral to the sensitivity to drug Olaparib in HAP1","sensitivity to drug Olaparib","6","Functionally normal","","","NA","CRISPR-Based Genome Editing","Base editing","33606977"
"NM_006218.4(PIK3CA):c.56G>A (p.Arg19Lys)","chr3","179198881","G/A","PIK3CA","0.166","dataset1285","Missense","Neutral to the sensitivity to drug Olaparib in HAP1","sensitivity to drug Olaparib","6","Functionally normal","","6.25752e-07","NA","CRISPR-Based Genome Editing","Base editing","33606977"
"NM_006218.4(PIK3CA):c.64G>A (p.Val22Ile)","chr3","179198889","G/A","PIK3CA","1.978","dataset1285","Missense","Neutral to the sensitivity to drug Olaparib in HAP1","sensitivity to drug Olaparib","6","Functionally normal","Uncertain significance","6.23131e-07","NA","CRISPR-Based Genome Editing","Base editing","33606977"
"NM_006218.4(PIK3CA):c.67G>A (p.Glu23Lys)","chr3","179198892","G/A","PIK3CA","0.225","dataset1285","Missense","Neutral to the sensitivity to drug Olaparib in HAP1","sensitivity to drug Olaparib","6","Functionally normal","","","NA","CRISPR-Based Genome Editing","Base editing","33606977"
"NM_006218.4(PIK3CA):c.71G>A (p.Cys24Tyr)","chr3","179198896","G/A","PIK3CA","-0.637","dataset1285","Missense","Neutral to the sensitivity to drug Olaparib in HAP1","sensitivity to drug Olaparib","6","Functionally normal","","","NA","CRISPR-Based Genome Editing","Base editing","33606977"
"NM_006218.4(PIK3CA):c.190G>A (p.Asp64Asn)","chr3","179199015","G/A","PIK3CA","-0.2225","dataset1285","Missense","Neutral to the sensitivity to drug Olaparib in HAP1","sensitivity to drug Olaparib","6","Functionally normal","","","NA","CRISPR-Based Genome Editing","Base editing","33606977"
"NM_006218.4(PIK3CA):c.193G>A (p.Glu65Lys)","chr3","179199018","G/A","PIK3CA","-0.888","dataset1285","Missense","Neutral to the sensitivity to drug Olaparib in HAP1","sensitivity to drug Olaparib","6","Functionally normal","","6.19785e-07","lusc:0.2% (1/487):0.100","CRISPR-Based Genome Editing","Base editing","33606977"
"NM_006218.4(PIK3CA):c.221C>T (p.Thr74Ile)","chr3","179199046","C/T","PIK3CA","-2.2645","dataset1285","Missense","The reduced sensitivity to drug Olaparib in HAP1","sensitivity to drug Olaparib","6","Loss-of-function","","1.2394e-06","NA","CRISPR-Based Genome Editing","Base editing","33606977"
"NM_006218.4(PIK3CA):c.223C>T (p.Gln75Ter)","chr3","179199048","C/T","PIK3CA","0.289","dataset1285","Nonsense","Neutral to the sensitivity to drug Olaparib in HAP1","sensitivity to drug Olaparib","6","Functionally normal","","","NA","CRISPR-Based Genome Editing","Base editing","33606977"
"NM_006218.4(PIK3CA):c.262C>T (p.Arg88Ter)","chr3","179199087","C/T","PIK3CA","-2.027","dataset1285","Nonsense","The reduced sensitivity to drug Olaparib in HAP1","sensitivity to drug Olaparib","6","Loss-of-function","","6.19781e-07","NA","CRISPR-Based Genome Editing","Base editing","33606977"
"NM_006218.4(PIK3CA):c.336C>T (p.Ile112=)","chr3","179199161","C/T","PIK3CA","-0.086","dataset1285","Synonymous","Neutral to the sensitivity to drug Olaparib in HAP1","sensitivity to drug Olaparib","6","Functionally normal","","","NA","CRISPR-Based Genome Editing","Base editing","33606977"
"NM_006218.4(PIK3CA):c.337C>T (p.Leu113Phe)","chr3","179199162","C/T","PIK3CA","-0.086","dataset1285","Missense","Neutral to the sensitivity to drug Olaparib in HAP1","sensitivity to drug Olaparib","6","Functionally normal","Uncertain significance","","NA","CRISPR-Based Genome Editing","Base editing","33606977"
"NM_006218.4(PIK3CA):c.352G>A (p.Gly118Ser)","chr3","179199177","G/A","PIK3CA","-1.455","dataset1285","Missense","Neutral to the sensitivity to drug Olaparib in HAP1","sensitivity to drug Olaparib","6","Functionally normal","","","NA","CRISPR-Based Genome Editing","Base editing","33606977"
"NM_006218.4(PIK3CA):c.352+1G>A","chr3","179199178","G/A","PIK3CA","-1.455","dataset1285","Splice site","Neutral to the sensitivity to drug Olaparib in HAP1","sensitivity to drug Olaparib","6","Functionally normal","","","NA","CRISPR-Based Genome Editing","Base editing","33606977"
"NM_006218.4(PIK3CA):c.385G>A (p.Asp129Asn)","chr3","179199722","G/A","PIK3CA","0.493","dataset1285","Missense","Neutral to the sensitivity to drug Olaparib in HAP1","sensitivity to drug Olaparib","6","Functionally normal","","6.20096e-07","NA","CRISPR-Based Genome Editing","Base editing","33606977"
"NM_006218.4(PIK3CA):c.419G>A (p.Arg140Gln)","chr3","179199756","G/A","PIK3CA","-0.029","dataset1285","Missense","Neutral to the sensitivity to drug Olaparib in HAP1","sensitivity to drug Olaparib","6","Functionally normal","","6.19814e-07","NA","CRISPR-Based Genome Editing","Base editing","33606977"
"NM_006218.4(PIK3CA):c.432G>A (p.Leu144=)","chr3","179199769","G/A","PIK3CA","-1.555","dataset1285","Synonymous","Neutral to the sensitivity to drug Olaparib in HAP1","sensitivity to drug Olaparib","6","Functionally normal","","3.09952e-06","NA","CRISPR-Based Genome Editing","Base editing","33606977"
"NM_006218.4(PIK3CA):c.435C>T (p.Asn145=)","chr3","179199772","C/T","PIK3CA","1.269","dataset1285","Synonymous","Neutral to the sensitivity to drug Olaparib in HAP1","sensitivity to drug Olaparib","6","Functionally normal","Likely benign","6.82044e-06","NA","CRISPR-Based Genome Editing","Base editing","33606977"
"NM_006218.4(PIK3CA):c.436G>A (p.Val146Ile)","chr3","179199773","G/A","PIK3CA","-1.555","dataset1285","Missense","Neutral to the sensitivity to drug Olaparib in HAP1","sensitivity to drug Olaparib","6","Functionally normal","Uncertain significance","2.23197e-05","NA","CRISPR-Based Genome Editing","Base editing","33606977"
"NM_006218.4(PIK3CA):c.482G>A (p.Ser161Asn)","chr3","179199819","G/A","PIK3CA","-0.415","dataset1285","Missense","Neutral to the sensitivity to drug Olaparib in HAP1","sensitivity to drug Olaparib","6","Functionally normal","","1.86014e-06","NA","CRISPR-Based Genome Editing","Base editing","33606977"
"NM_006218.4(PIK3CA):c.492G>A (p.Met164Ile)","chr3","179199829","G/A","PIK3CA","-0.78","dataset1285","Missense","Neutral to the sensitivity to drug Olaparib in HAP1","sensitivity to drug Olaparib","6","Functionally normal","","","NA","CRISPR-Based Genome Editing","Base editing","33606977"
"NM_006218.4(PIK3CA):c.615G>A (p.Gln205=)","chr3","179201342","G/A","PIK3CA","0.174","dataset1285","Synonymous","Neutral to the sensitivity to drug Olaparib in HAP1","sensitivity to drug Olaparib","6","Functionally normal","","","NA","CRISPR-Based Genome Editing","Base editing","33606977"
"NM_006218.4(PIK3CA):c.652G>A (p.Glu218Lys)","chr3","179201379","G/A","PIK3CA","0.401","dataset1285","Missense","Neutral to the sensitivity to drug Olaparib in HAP1","sensitivity to drug Olaparib","6","Functionally normal","Pathogenic","","NA","CRISPR-Based Genome Editing","Base editing","33606977"
"NM_006218.4(PIK3CA):c.667G>A (p.Glu223Lys)","chr3","179201394","G/A","PIK3CA","1.052","dataset1285","Missense","Neutral to the sensitivity to drug Olaparib in HAP1","sensitivity to drug Olaparib","6","Functionally normal","Uncertain significance","","NA","CRISPR-Based Genome Editing","Base editing","33606977"
"NM_006218.4(PIK3CA):c.796_797delinsTT (p.Pro266Phe)","chr3","179201523","CC/TT","PIK3CA","-2.068","dataset1285","Missense","The reduced sensitivity to drug Olaparib in HAP1","sensitivity to drug Olaparib","6","Loss-of-function","","","NA","CRISPR-Based Genome Editing","Base editing","33606977"
"NM_006218.4(PIK3CA):c.799C>T (p.Leu267=)","chr3","179201526","C/T","PIK3CA","-2.068","dataset1285","Synonymous","The reduced sensitivity to drug Olaparib in HAP1","sensitivity to drug Olaparib","6","Loss-of-function","","","NA","CRISPR-Based Genome Editing","Base editing","33606977"
"NM_006218.4(PIK3CA):c.813G>A (p.Lys271=)","chr3","179201540","G/A","PIK3CA","-2.51","dataset1285","Splice site","The reduced sensitivity to drug Olaparib in HAP1","sensitivity to drug Olaparib","6","Loss-of-function","","0","NA","CRISPR-Based Genome Editing","Base editing","33606977"
"NM_006218.4(PIK3CA):c.813+1G>A","chr3","179201541","G/A","PIK3CA","-2.51","dataset1285","Splice site","The reduced sensitivity to drug Olaparib in HAP1","sensitivity to drug Olaparib","6","Loss-of-function","","","NA","CRISPR-Based Genome Editing","Base editing","33606977"
"NM_006218.4(PIK3CA):c.814-1G>A","chr3","179203543","G/A","PIK3CA","-1.524","dataset1285","Splice site","Neutral to the sensitivity to drug Olaparib in HAP1","sensitivity to drug Olaparib","6","Functionally normal","","","NA","CRISPR-Based Genome Editing","Base editing","33606977"
"NM_006218.4(PIK3CA):c.848_849delinsTT (p.Pro283Leu)","chr3","179203578","CC/TT","PIK3CA","0.053","dataset1285","Missense","Neutral to the sensitivity to drug Olaparib in HAP1","sensitivity to drug Olaparib","6","Functionally normal","","","NA","CRISPR-Based Genome Editing","Base editing","33606977"
"NM_006218.4(PIK3CA):c.864G>A (p.Met288Ile)","chr3","179203594","G/A","PIK3CA","1.26","dataset1285","Missense","Neutral to the sensitivity to drug Olaparib in HAP1","sensitivity to drug Olaparib","6","Functionally normal","Uncertain significance","","NA","CRISPR-Based Genome Editing","Base editing","33606977"
"NM_006218.4(PIK3CA):c.944C>T (p.Thr315Ile)","chr3","179203674","C/T","PIK3CA","1.141","dataset1285","Missense","Neutral to the sensitivity to drug Olaparib in HAP1","sensitivity to drug Olaparib","6","Functionally normal","","","NA","CRISPR-Based Genome Editing","Base editing","33606977"
"NM_006218.4(PIK3CA):c.954G>A (p.Met318Ile)","chr3","179203684","G/A","PIK3CA","-2.185","dataset1285","Missense","The reduced sensitivity to drug Olaparib in HAP1","sensitivity to drug Olaparib","6","Loss-of-function","Uncertain significance","5.57738e-06","NA","CRISPR-Based Genome Editing","Base editing","33606977"
"NM_006218.4(PIK3CA):c.961G>A (p.Glu321Lys)","chr3","179203691","G/A","PIK3CA","-0.455","dataset1285","Missense","Neutral to the sensitivity to drug Olaparib in HAP1","sensitivity to drug Olaparib","6","Functionally normal","","6.19695e-07","NA","CRISPR-Based Genome Editing","Base editing","33606977"
"NM_006218.4(PIK3CA):c.965C>T (p.Thr322Ile)","chr3","179203695","C/T","PIK3CA","-2.53","dataset1285","Missense","The reduced sensitivity to drug Olaparib in HAP1","sensitivity to drug Olaparib","6","Loss-of-function","","","NA","CRISPR-Based Genome Editing","Base editing","33606977"
"NM_006218.4(PIK3CA):c.968C>T (p.Ser323Phe)","chr3","179203698","C/T","PIK3CA","-0.589","dataset1285","Missense","Neutral to the sensitivity to drug Olaparib in HAP1","sensitivity to drug Olaparib","6","Functionally normal","","","NA","CRISPR-Based Genome Editing","Base editing","33606977"
"NM_006218.4(PIK3CA):c.995G>A (p.Ser332Asn)","chr3","179203725","G/A","PIK3CA","-1.98","dataset1285","Missense","Neutral to the sensitivity to drug Olaparib in HAP1","sensitivity to drug Olaparib","6","Functionally normal","Uncertain significance","1.86046e-06","NA","CRISPR-Based Genome Editing","Base editing","33606977"
"NM_006218.4(PIK3CA):c.1045C>T (p.Arg349Ter)","chr3","179203775","C/T","PIK3CA","-0.657","dataset1285","Nonsense","Neutral to the sensitivity to drug Olaparib in HAP1","sensitivity to drug Olaparib","6","Functionally normal","","0","NA","CRISPR-Based Genome Editing","Base editing","33606977"
"NM_006218.4(PIK3CA):c.1060-1G>A","chr3","179204502","G/A","PIK3CA","-0.972","dataset1285","Splice site","Neutral to the sensitivity to drug Olaparib in HAP1","sensitivity to drug Olaparib","6","Functionally normal","","","NA","CRISPR-Based Genome Editing","Base editing","33606977"
"NM_006218.4(PIK3CA):c.1069C>T (p.Arg357Ter)","chr3","179204512","C/T","PIK3CA","-1.836","dataset1285","Nonsense","Neutral to the sensitivity to drug Olaparib in HAP1","sensitivity to drug Olaparib","6","Functionally normal","","1.28802e-06","NA","CRISPR-Based Genome Editing","Base editing","33606977"
"NM_006218.4(PIK3CA):c.1073C>T (p.Thr358Ile)","chr3","179204516","C/T","PIK3CA","-0.6635","dataset1285","Missense","Neutral to the sensitivity to drug Olaparib in HAP1","sensitivity to drug Olaparib","6","Functionally normal","","0","NA","CRISPR-Based Genome Editing","Base editing","33606977"
"NM_006218.4(PIK3CA):c.1113G>A (p.Val371=)","chr3","179204556","G/A","PIK3CA","0.213","dataset1285","Synonymous","Neutral to the sensitivity to drug Olaparib in HAP1","sensitivity to drug Olaparib","6","Functionally normal","Likely benign","1.26235e-06","NA","CRISPR-Based Genome Editing","Base editing","33606977"
"NM_006218.4(PIK3CA):c.1129_1130delinsTT (p.Pro377Phe)","chr3","179204572","CC/TT","PIK3CA","-1.239","dataset1285","Missense","Neutral to the sensitivity to drug Olaparib in HAP1","sensitivity to drug Olaparib","6","Functionally normal","","","NA","CRISPR-Based Genome Editing","Base editing","33606977"
"NM_006218.4(PIK3CA):c.1136C>T (p.Ser379Phe)","chr3","179204579","C/T","PIK3CA","1.476","dataset1285","Missense","Neutral to the sensitivity to drug Olaparib in HAP1","sensitivity to drug Olaparib","6","Functionally normal","","","NA","CRISPR-Based Genome Editing","Base editing","33606977"
"NM_006218.4(PIK3CA):c.1145G>A (p.Arg382Lys)","chr3","179204588","G/A","PIK3CA","-1.433","dataset1285","Missense","Neutral to the sensitivity to drug Olaparib in HAP1","sensitivity to drug Olaparib","6","Functionally normal","Conflicting classifications of pathogenicity","2.10593e-06","NA","CRISPR-Based Genome Editing","Base editing","33606977"
"NM_006218.4(PIK3CA):c.1145+1G>A","chr3","179204589","G/A","PIK3CA","-1.433","dataset1285","Splice site","Neutral to the sensitivity to drug Olaparib in HAP1","sensitivity to drug Olaparib","6","Functionally normal","","0","NA","CRISPR-Based Genome Editing","Base editing","33606977"
"NM_006218.4(PIK3CA):c.1145+6G>A","chr3","179204594","G/A","PIK3CA","-0.206","dataset1285","Splice site","Neutral to the sensitivity to drug Olaparib in HAP1","sensitivity to drug Olaparib","6","Functionally normal","","0","NA","CRISPR-Based Genome Editing","Base editing","33606977"
"NM_006218.4(PIK3CA):c.1145+9G>A","chr3","179204597","G/A","PIK3CA","-0.206","dataset1285","Intron","Neutral to the sensitivity to drug Olaparib in HAP1","sensitivity to drug Olaparib","6","Functionally normal","Likely benign","8.35012e-06","NA","CRISPR-Based Genome Editing","Base editing","33606977"
"NM_006218.4(PIK3CA):c.1145+16G>A","chr3","179204604","G/A","PIK3CA","0.747","dataset1285","Intron","Neutral to the sensitivity to drug Olaparib in HAP1","sensitivity to drug Olaparib","6","Functionally normal","Likely benign","6.41143e-06","NA","CRISPR-Based Genome Editing","Base editing","33606977"
"NM_006218.4(PIK3CA):c.1145+42G>A","chr3","179204630","G/A","PIK3CA","0.274","dataset1285","Intron","Neutral to the sensitivity to drug Olaparib in HAP1","sensitivity to drug Olaparib","6","Functionally normal","","2.12086e-06","NA","CRISPR-Based Genome Editing","Base editing","33606977"
"NM_006218.4(PIK3CA):c.1145+44G>A","chr3","179204632","G/A","PIK3CA","0.274","dataset1285","Intron","Neutral to the sensitivity to drug Olaparib in HAP1","sensitivity to drug Olaparib","6","Functionally normal","","0","NA","CRISPR-Based Genome Editing","Base editing","33606977"
"NM_006218.4(PIK3CA):c.1214_1215delinsTT (p.Ser405Phe)","chr3","179209663","CC/TT","PIK3CA","1.154","dataset1285","Missense","Neutral to the sensitivity to drug Olaparib in HAP1","sensitivity to drug Olaparib","6","Functionally normal","","","NA","CRISPR-Based Genome Editing","Base editing","33606977"
"NM_006218.4(PIK3CA):c.1223C>T (p.Ser408Phe)","chr3","179209672","C/T","PIK3CA","0.1695","dataset1285","Missense","Neutral to the sensitivity to drug Olaparib in HAP1","sensitivity to drug Olaparib","6","Functionally normal","","","NA","CRISPR-Based Genome Editing","Base editing","33606977"
"NM_006218.4(PIK3CA):c.1225G>A (p.Val409Ile)","chr3","179209674","G/A","PIK3CA","1.21","dataset1285","Missense","Neutral to the sensitivity to drug Olaparib in HAP1","sensitivity to drug Olaparib","6","Functionally normal","Uncertain significance","","NA","CRISPR-Based Genome Editing","Base editing","33606977"
"NM_006218.4(PIK3CA):c.1231G>A (p.Gly411Ser)","chr3","179209680","G/A","PIK3CA","0.486","dataset1285","Missense","Neutral to the sensitivity to drug Olaparib in HAP1","sensitivity to drug Olaparib","6","Functionally normal","","","NA","CRISPR-Based Genome Editing","Base editing","33606977"
"NM_006218.4(PIK3CA):c.1234C>T (p.Arg412Ter)","chr3","179209683","C/T","PIK3CA","0.345","dataset1285","Nonsense","Neutral to the sensitivity to drug Olaparib in HAP1","sensitivity to drug Olaparib","6","Functionally normal","","","NA","CRISPR-Based Genome Editing","Base editing","33606977"
"NM_006218.4(PIK3CA):c.1251+1G>A","chr3","179209701","G/A","PIK3CA","-0.006","dataset1285","Splice site","Neutral to the sensitivity to drug Olaparib in HAP1","sensitivity to drug Olaparib","6","Functionally normal","","0","NA","CRISPR-Based Genome Editing","Base editing","33606977"
"NM_006218.4(PIK3CA):c.1298C>T (p.Thr433Ile)","chr3","179210232","C/T","PIK3CA","-0.711","dataset1285","Missense","Neutral to the sensitivity to drug Olaparib in HAP1","sensitivity to drug Olaparib","6","Functionally normal","","0","NA","CRISPR-Based Genome Editing","Base editing","33606977"
"NM_006218.4(PIK3CA):c.1306C>T (p.Leu436=)","chr3","179210240","C/T","PIK3CA","2.053","dataset1285","Synonymous","The enhanced sensitivity to drug Olaparib in HAP1","sensitivity to drug Olaparib","6","Gain-of-function","","","NA","CRISPR-Based Genome Editing","Base editing","33606977"
"NM_006218.4(PIK3CA):c.1333C>T (p.Leu445Phe)","chr3","179210267","C/T","PIK3CA","1.213","dataset1285","Missense","Neutral to the sensitivity to drug Olaparib in HAP1","sensitivity to drug Olaparib","6","Functionally normal","","","NA","CRISPR-Based Genome Editing","Base editing","33606977"
"NM_006218.4(PIK3CA):c.1357G>A (p.Glu453Lys)","chr3","179210291","G/A","PIK3CA","5.907","dataset1285","Missense","The enhanced sensitivity to drug Olaparib in HAP1","sensitivity to drug Olaparib","6","Gain-of-function","Pathogenic","","blca:0.5% (2/411):0.155;brca:0.6% (6/1084):0.280;cesc:0.7% (2/297):0.140;hnsc:0.2% (1/523):0.210;lgg:0.6% (3/514):0.170;lusc:0.2% (1/487):0.100;stad:0.7% (3/440):0.360","CRISPR-Based Genome Editing","Base editing","33606977"
"NM_006218.4(PIK3CA):c.1360G>A (p.Asp454Asn)","chr3","179210294","G/A","PIK3CA","2.901","dataset1285","Missense","The enhanced sensitivity to drug Olaparib in HAP1","sensitivity to drug Olaparib","6","Gain-of-function","","","NA","CRISPR-Based Genome Editing","Base editing","33606977"
"NM_006218.4(PIK3CA):c.1371C>T (p.Asn457=)","chr3","179210305","C/T","PIK3CA","0.316","dataset1285","Synonymous","Neutral to the sensitivity to drug Olaparib in HAP1","sensitivity to drug Olaparib","6","Functionally normal","","","NA","CRISPR-Based Genome Editing","Base editing","33606977"
"NM_006218.4(PIK3CA):c.1372_1373delinsTT (p.Pro458Phe)","chr3","179210306","CC/TT","PIK3CA","0.316","dataset1285","Missense","Neutral to the sensitivity to drug Olaparib in HAP1","sensitivity to drug Olaparib","6","Functionally normal","","","NA","CRISPR-Based Genome Editing","Base editing","33606977"
"NM_006218.4(PIK3CA):c.1387_1388delinsAA (p.Gly463Lys)","chr3","179210321","GG/AA","PIK3CA","1.4425","dataset1285","Missense","Neutral to the sensitivity to drug Olaparib in HAP1","sensitivity to drug Olaparib","6","Functionally normal","","","NA","CRISPR-Based Genome Editing","Base editing","33606977"
"NM_006218.4(PIK3CA):c.1391C>T (p.Ser464Leu)","chr3","179210325","C/T","PIK3CA","0.541","dataset1285","Missense","Neutral to the sensitivity to drug Olaparib in HAP1","sensitivity to drug Olaparib","6","Functionally normal","","","NA","CRISPR-Based Genome Editing","Base editing","33606977"
"NM_006218.4(PIK3CA):c.1409C>T (p.Thr470Ile)","chr3","179210435","C/T","PIK3CA","2.69","dataset1285","Missense","The enhanced sensitivity to drug Olaparib in HAP1","sensitivity to drug Olaparib","6","Gain-of-function","Uncertain significance","","NA","CRISPR-Based Genome Editing","Base editing","33606977"
"NM_006218.4(PIK3CA):c.1411C>T (p.Pro471Ser)","chr3","179210437","C/T","PIK3CA","2.69","dataset1285","Missense","The enhanced sensitivity to drug Olaparib in HAP1","sensitivity to drug Olaparib","6","Gain-of-function","","","NA","CRISPR-Based Genome Editing","Base editing","33606977"
"NM_006218.4(PIK3CA):c.1434C>T (p.Asp478=)","chr3","179210460","C/T","PIK3CA","-0.423","dataset1285","Synonymous","Neutral to the sensitivity to drug Olaparib in HAP1","sensitivity to drug Olaparib","6","Functionally normal","Likely benign","","NA","CRISPR-Based Genome Editing","Base editing","33606977"
"NM_006218.4(PIK3CA):c.1473G>A (p.Val491=)","chr3","179210499","G/A","PIK3CA","-0.414","dataset1285","Synonymous","Neutral to the sensitivity to drug Olaparib in HAP1","sensitivity to drug Olaparib","6","Functionally normal","","","NA","CRISPR-Based Genome Editing","Base editing","33606977"
"NM_006218.4(PIK3CA):c.1477G>A (p.Glu493Lys)","chr3","179210503","G/A","PIK3CA","-0.2075","dataset1285","Missense","Neutral to the sensitivity to drug Olaparib in HAP1","sensitivity to drug Olaparib","6","Functionally normal","","6.19569e-07","NA","CRISPR-Based Genome Editing","Base editing","33606977"
"NM_006218.4(PIK3CA):c.1496C>T (p.Ser499Phe)","chr3","179210522","C/T","PIK3CA","-0.527","dataset1285","Missense","Neutral to the sensitivity to drug Olaparib in HAP1","sensitivity to drug Olaparib","6","Functionally normal","","","blca:0.2% (1/411):0.520","CRISPR-Based Genome Editing","Base editing","33606977"
"NM_006218.4(PIK3CA):c.1505G>A (p.Arg502Gln)","chr3","179210531","G/A","PIK3CA","1.308","dataset1285","Missense","Neutral to the sensitivity to drug Olaparib in HAP1","sensitivity to drug Olaparib","6","Functionally normal","Uncertain significance","5.57674e-06","NA","CRISPR-Based Genome Editing","Base editing","33606977"
"NM_006218.4(PIK3CA):c.1526_1527delinsTT (p.Ser509Phe)","chr3","179210552","CC/TT","PIK3CA","-0.671","dataset1285","Missense","Neutral to the sensitivity to drug Olaparib in HAP1","sensitivity to drug Olaparib","6","Functionally normal","","","NA","CRISPR-Based Genome Editing","Base editing","33606977"
"NM_006218.4(PIK3CA):c.1539+5G>A","chr3","179210570","G/A","PIK3CA","-1.9655","dataset1285","Splice site","Neutral to the sensitivity to drug Olaparib in HAP1","sensitivity to drug Olaparib","6","Functionally normal","","","NA","CRISPR-Based Genome Editing","Base editing","33606977"
"NM_006218.4(PIK3CA):c.1539+31C>T","chr3","179210596","C/T","PIK3CA","-1.127","dataset1285","Intron","Neutral to the sensitivity to drug Olaparib in HAP1","sensitivity to drug Olaparib","6","Functionally normal","","","NA","CRISPR-Based Genome Editing","Base editing","33606977"
"NM_006218.4(PIK3CA):c.1633G>A (p.Glu545Lys)","chr3","179218303","G/A","PIK3CA","4.54","dataset1285","Missense","The enhanced sensitivity to drug Olaparib in HAP1","sensitivity to drug Olaparib","6","Gain-of-function","Pathogenic/Likely pathogenic","","blca:7.1% (29/411):0.330;brca:6.0% (65/1084):0.320;cesc:12.5% (37/297):0.290;chol:2.8% (1/36):0.310;coad:7.3% (32/439):0.285;esca:3.3% (6/182):0.235;gbm:0.5% (3/592):0.190;hnsc:5.0% (26/523):0.145;kirc:0.2% (1/512):0.140;lgg:0.2% (1/514):0.230;luad:1.1% (6/566):0.400;lusc:2.7% (13/487):0.260;ov:0.2% (1/585):0.240;read:1.9% (3/155):0.180;skcm:0.4% (2/448):0.430;stad:2.3% (10/440):0.220;tgct:1.3% (2/149):0.185;ucec:2.8% (15/529):0.360;ucs:7.0% (4/57):0.315","CRISPR-Based Genome Editing","Base editing","33606977"
"NM_006218.4(PIK3CA):c.1662C>T (p.His554=)","chr3","179218332","C/T","PIK3CA","-0.667","dataset1285","Splice site","Neutral to the sensitivity to drug Olaparib in HAP1","sensitivity to drug Olaparib","6","Functionally normal","","","NA","CRISPR-Based Genome Editing","Base editing","33606977"
"NM_006218.4(PIK3CA):c.1673G>A (p.Cys558Tyr)","chr3","179219204","G/A","PIK3CA","-1.2465","dataset1285","Missense","Neutral to the sensitivity to drug Olaparib in HAP1","sensitivity to drug Olaparib","6","Functionally normal","","6.28125e-07","NA","CRISPR-Based Genome Editing","Base editing","33606977"
"NM_006218.4(PIK3CA):c.1675G>A (p.Val559Ile)","chr3","179219206","G/A","PIK3CA","-1.2465","dataset1285","Missense","Neutral to the sensitivity to drug Olaparib in HAP1","sensitivity to drug Olaparib","6","Functionally normal","","6.27498e-07","NA","CRISPR-Based Genome Editing","Base editing","33606977"
"NM_006218.4(PIK3CA):c.1714G>A (p.Val572Ile)","chr3","179219245","G/A","PIK3CA","-0.608","dataset1285","Missense","Neutral to the sensitivity to drug Olaparib in HAP1","sensitivity to drug Olaparib","6","Functionally normal","","0","NA","CRISPR-Based Genome Editing","Base editing","33606977"
"NM_006218.4(PIK3CA):c.1746+15G>A","chr3","179219292","G/A","PIK3CA","-3.427","dataset1285","Intron","The reduced sensitivity to drug Olaparib in HAP1","sensitivity to drug Olaparib","6","Loss-of-function","","","NA","CRISPR-Based Genome Editing","Base editing","33606977"
"NM_006218.4(PIK3CA):c.1746+30C>T","chr3","179219307","C/T","PIK3CA","-0.376","dataset1285","Intron","Neutral to the sensitivity to drug Olaparib in HAP1","sensitivity to drug Olaparib","6","Functionally normal","","","NA","CRISPR-Based Genome Editing","Base editing","33606977"
"NM_006218.4(PIK3CA):c.1747-5C>T","chr3","179219566","C/T","PIK3CA","0.228","dataset1285","Splice site","Neutral to the sensitivity to drug Olaparib in HAP1","sensitivity to drug Olaparib","6","Functionally normal","","","NA","CRISPR-Based Genome Editing","Base editing","33606977"
"NM_006218.4(PIK3CA):c.1747-3C>T","chr3","179219568","C/T","PIK3CA","0.228","dataset1285","Splice site","Neutral to the sensitivity to drug Olaparib in HAP1","sensitivity to drug Olaparib","6","Functionally normal","","1.47215e-06","NA","CRISPR-Based Genome Editing","Base editing","33606977"
"NM_006218.4(PIK3CA):c.1774_1775delinsTT (p.Pro592Leu)","chr3","179219598","CC/TT","PIK3CA","-2.204","dataset1285","Missense","The reduced sensitivity to drug Olaparib in HAP1","sensitivity to drug Olaparib","6","Loss-of-function","","","NA","CRISPR-Based Genome Editing","Base editing","33606977"
"NM_006218.4(PIK3CA):c.1779C>T (p.Ile593=)","chr3","179219603","C/T","PIK3CA","-2.723","dataset1285","Synonymous","The reduced sensitivity to drug Olaparib in HAP1","sensitivity to drug Olaparib","6","Loss-of-function","","","NA","CRISPR-Based Genome Editing","Base editing","33606977"
"NM_006218.4(PIK3CA):c.1783C>T (p.Pro595Ser)","chr3","179219607","C/T","PIK3CA","-2.723","dataset1285","Missense","The reduced sensitivity to drug Olaparib in HAP1","sensitivity to drug Olaparib","6","Loss-of-function","","","NA","CRISPR-Based Genome Editing","Base editing","33606977"
"NM_006218.4(PIK3CA):c.1786G>A (p.Glu596Lys)","chr3","179219610","G/A","PIK3CA","3.19","dataset1285","Missense","The enhanced sensitivity to drug Olaparib in HAP1","sensitivity to drug Olaparib","6","Gain-of-function","","0","NA","CRISPR-Based Genome Editing","Base editing","33606977"
"NM_006218.4(PIK3CA):c.1789C>T (p.Gln597Ter)","chr3","179219613","C/T","PIK3CA","-0.809","dataset1285","Nonsense","Neutral to the sensitivity to drug Olaparib in HAP1","sensitivity to drug Olaparib","6","Functionally normal","","","NA","CRISPR-Based Genome Editing","Base editing","33606977"
"NM_006218.4(PIK3CA):c.1791G>A (p.Gln597=)","chr3","179219615","G/A","PIK3CA","-0.805","dataset1285","Synonymous","Neutral to the sensitivity to drug Olaparib in HAP1","sensitivity to drug Olaparib","6","Functionally normal","","","NA","CRISPR-Based Genome Editing","Base editing","33606977"
"NM_006218.4(PIK3CA):c.1798G>A (p.Glu600Lys)","chr3","179219622","G/A","PIK3CA","0.986","dataset1285","Missense","Neutral to the sensitivity to drug Olaparib in HAP1","sensitivity to drug Olaparib","6","Functionally normal","Pathogenic","0","blca:0.2% (1/411):0.280;brca:0.1% (1/1084):0.250;luad:0.2% (1/566):0.280;stad:0.2% (1/440):0.090;ucec:0.2% (1/529):0.330","CRISPR-Based Genome Editing","Base editing","33606977"
"NM_006218.4(PIK3CA):c.1819_1820delinsTT (p.Pro607Leu)","chr3","179219643","CC/TT","PIK3CA","-0.235","dataset1285","Missense","Neutral to the sensitivity to drug Olaparib in HAP1","sensitivity to drug Olaparib","6","Functionally normal","","","NA","CRISPR-Based Genome Editing","Base editing","33606977"
"NM_006218.4(PIK3CA):c.1835G>A (p.Arg612Gln)","chr3","179219659","G/A","PIK3CA","-0.779","dataset1285","Missense","Neutral to the sensitivity to drug Olaparib in HAP1","sensitivity to drug Olaparib","6","Functionally normal","","1.24123e-06","NA","CRISPR-Based Genome Editing","Base editing","33606977"
"NM_006218.4(PIK3CA):c.1837_1838delinsAA (p.Gly613Asn)","chr3","179219661","GG/AA","PIK3CA","-0.15","dataset1285","Missense","Neutral to the sensitivity to drug Olaparib in HAP1","sensitivity to drug Olaparib","6","Functionally normal","","","NA","CRISPR-Based Genome Editing","Base editing","33606977"
"NM_006218.4(PIK3CA):c.1837G>A (p.Gly613Ser)","chr3","179219661","G/A","PIK3CA","-1.408","dataset1285","Missense","Neutral to the sensitivity to drug Olaparib in HAP1","sensitivity to drug Olaparib","6","Functionally normal","not provided","","NA","CRISPR-Based Genome Editing","Base editing","33606977"
"NM_006218.4(PIK3CA):c.1976C>T (p.Thr659Ile)","chr3","179220013","C/T","PIK3CA","-0.078","dataset1285","Missense","Neutral to the sensitivity to drug Olaparib in HAP1","sensitivity to drug Olaparib","6","Functionally normal","","","NA","CRISPR-Based Genome Editing","Base editing","33606977"
"NM_006218.4(PIK3CA):c.2015+34G>A","chr3","179220086","G/A","PIK3CA","-1.7965","dataset1285","Intron","Neutral to the sensitivity to drug Olaparib in HAP1","sensitivity to drug Olaparib","6","Functionally normal","","0","NA","CRISPR-Based Genome Editing","Base editing","33606977"
"NM_006218.4(PIK3CA):c.2015+35G>A","chr3","179220087","G/A","PIK3CA","-1.7965","dataset1285","Intron","Neutral to the sensitivity to drug Olaparib in HAP1","sensitivity to drug Olaparib","6","Functionally normal","","","NA","CRISPR-Based Genome Editing","Base editing","33606977"
"NM_006218.4(PIK3CA):c.2036C>T (p.Thr679Ile)","chr3","179221006","C/T","PIK3CA","0.35","dataset1285","Missense","Neutral to the sensitivity to drug Olaparib in HAP1","sensitivity to drug Olaparib","6","Functionally normal","","","NA","CRISPR-Based Genome Editing","Base editing","33606977"
"NM_006218.4(PIK3CA):c.2069_2070delinsTT (p.Ser690Phe)","chr3","179221039","CC/TT","PIK3CA","-0.351","dataset1285","Missense","Neutral to the sensitivity to drug Olaparib in HAP1","sensitivity to drug Olaparib","6","Functionally normal","","","NA","CRISPR-Based Genome Editing","Base editing","33606977"
"NM_006218.4(PIK3CA):c.2084G>A (p.Cys695Tyr)","chr3","179221054","G/A","PIK3CA","-0.667","dataset1285","Missense","Neutral to the sensitivity to drug Olaparib in HAP1","sensitivity to drug Olaparib","6","Functionally normal","","","NA","CRISPR-Based Genome Editing","Base editing","33606977"
"NM_006218.4(PIK3CA):c.2086_2088delinsAAA (p.Gly696Lys)","chr3","179221056","GGG/AAA","PIK3CA","-0.667","dataset1285","Missense","Neutral to the sensitivity to drug Olaparib in HAP1","sensitivity to drug Olaparib","6","Functionally normal","","","NA","CRISPR-Based Genome Editing","Base editing","33606977"
"NM_006218.4(PIK3CA):c.2103C>T (p.His701=)","chr3","179221073","C/T","PIK3CA","-0.146","dataset1285","Synonymous","Neutral to the sensitivity to drug Olaparib in HAP1","sensitivity to drug Olaparib","6","Functionally normal","Likely benign","1.11627e-05","NA","CRISPR-Based Genome Editing","Base editing","33606977"
"NM_006218.4(PIK3CA):c.2104C>T (p.Leu702=)","chr3","179221074","C/T","PIK3CA","-0.146","dataset1285","Synonymous","Neutral to the sensitivity to drug Olaparib in HAP1","sensitivity to drug Olaparib","6","Functionally normal","","","NA","CRISPR-Based Genome Editing","Base editing","33606977"
"NM_006218.4(PIK3CA):c.2147C>T (p.Thr716Ile)","chr3","179221117","C/T","PIK3CA","1.312","dataset1285","Missense","Neutral to the sensitivity to drug Olaparib in HAP1","sensitivity to drug Olaparib","6","Functionally normal","Uncertain significance","","NA","CRISPR-Based Genome Editing","Base editing","33606977"
"NM_006218.4(PIK3CA):c.2232C>T (p.Phe744=)","chr3","179224125","C/T","PIK3CA","-0.191","dataset1285","Synonymous","Neutral to the sensitivity to drug Olaparib in HAP1","sensitivity to drug Olaparib","6","Functionally normal","","1.86492e-06","NA","CRISPR-Based Genome Editing","Base editing","33606977"
"NM_006218.4(PIK3CA):c.2268C>T (p.Asn756=)","chr3","179224161","C/T","PIK3CA","-0.094","dataset1285","Synonymous","Neutral to the sensitivity to drug Olaparib in HAP1","sensitivity to drug Olaparib","6","Functionally normal","Likely benign","6.32892e-07","NA","CRISPR-Based Genome Editing","Base editing","33606977"
"NM_006218.4(PIK3CA):c.2269_2270delinsTT (p.Pro757Phe)","chr3","179224162","CC/TT","PIK3CA","-0.094","dataset1285","Missense","Neutral to the sensitivity to drug Olaparib in HAP1","sensitivity to drug Olaparib","6","Functionally normal","","","NA","CRISPR-Based Genome Editing","Base editing","33606977"
"NM_006218.4(PIK3CA):c.2278C>T (p.Gln760Ter)","chr3","179224171","C/T","PIK3CA","-2.489","dataset1285","Nonsense","The reduced sensitivity to drug Olaparib in HAP1","sensitivity to drug Olaparib","6","Loss-of-function","","","NA","CRISPR-Based Genome Editing","Base editing","33606977"
"NM_006218.4(PIK3CA):c.2284_2285delinsAA (p.Gly762Lys)","chr3","179224177","GG/AA","PIK3CA","0.4615","dataset1285","Missense","Neutral to the sensitivity to drug Olaparib in HAP1","sensitivity to drug Olaparib","6","Functionally normal","","","NA","CRISPR-Based Genome Editing","Base editing","33606977"
"NM_006218.4(PIK3CA):c.2289C>T (p.Asn763=)","chr3","179224182","C/T","PIK3CA","-0.083","dataset1285","Synonymous","Neutral to the sensitivity to drug Olaparib in HAP1","sensitivity to drug Olaparib","6","Functionally normal","Likely benign","1.32084e-06","NA","CRISPR-Based Genome Editing","Base editing","33606977"
"NM_006218.4(PIK3CA):c.2290C>T (p.Leu764Phe)","chr3","179224183","C/T","PIK3CA","-0.838","dataset1285","Missense","Neutral to the sensitivity to drug Olaparib in HAP1","sensitivity to drug Olaparib","6","Functionally normal","","","NA","CRISPR-Based Genome Editing","Base editing","33606977"
"NM_006218.4(PIK3CA):c.2294+11G>A","chr3","179224198","G/A","PIK3CA","0.139","dataset1285","Intron","Neutral to the sensitivity to drug Olaparib in HAP1","sensitivity to drug Olaparib","6","Functionally normal","","1.47861e-06","NA","CRISPR-Based Genome Editing","Base editing","33606977"
"NM_006218.4(PIK3CA):c.2294+12G>A","chr3","179224199","G/A","PIK3CA","0.139","dataset1285","Intron","Neutral to the sensitivity to drug Olaparib in HAP1","sensitivity to drug Olaparib","6","Functionally normal","","0","NA","CRISPR-Based Genome Editing","Base editing","33606977"
"NM_006218.4(PIK3CA):c.2294+13G>A","chr3","179224200","G/A","PIK3CA","0.139","dataset1285","Intron","Neutral to the sensitivity to drug Olaparib in HAP1","sensitivity to drug Olaparib","6","Functionally normal","","7.97166e-07","NA","CRISPR-Based Genome Editing","Base editing","33606977"
"NM_006218.4(PIK3CA):c.2294+14G>A","chr3","179224201","G/A","PIK3CA","0.139","dataset1285","Intron","Neutral to the sensitivity to drug Olaparib in HAP1","sensitivity to drug Olaparib","6","Functionally normal","","0","NA","CRISPR-Based Genome Editing","Base editing","33606977"
"NM_006218.4(PIK3CA):c.2321C>T (p.Ser774Phe)","chr3","179224726","C/T","PIK3CA","-0.207","dataset1285","Missense","Neutral to the sensitivity to drug Olaparib in HAP1","sensitivity to drug Olaparib","6","Functionally normal","","","NA","CRISPR-Based Genome Editing","Base editing","33606977"
"NM_006218.4(PIK3CA):c.2333C>T (p.Pro778Leu)","chr3","179224738","C/T","PIK3CA","-0.565","dataset1285","Missense","Neutral to the sensitivity to drug Olaparib in HAP1","sensitivity to drug Olaparib","6","Functionally normal","","","NA","CRISPR-Based Genome Editing","Base editing","33606977"
"NM_006218.4(PIK3CA):c.2335C>T (p.Leu779=)","chr3","179224740","C/T","PIK3CA","-0.708","dataset1285","Synonymous","Neutral to the sensitivity to drug Olaparib in HAP1","sensitivity to drug Olaparib","6","Functionally normal","","","NA","CRISPR-Based Genome Editing","Base editing","33606977"
"NM_006218.4(PIK3CA):c.2348_2349delinsAA (p.Trp783Ter)","chr3","179224753","GG/AA","PIK3CA","1.041","dataset1285","Nonsense","Neutral to the sensitivity to drug Olaparib in HAP1","sensitivity to drug Olaparib","6","Functionally normal","","","NA","CRISPR-Based Genome Editing","Base editing","33606977"
"NM_006218.4(PIK3CA):c.2350G>A (p.Glu784Lys)","chr3","179224755","G/A","PIK3CA","1.041","dataset1285","Missense","Neutral to the sensitivity to drug Olaparib in HAP1","sensitivity to drug Olaparib","6","Functionally normal","","","NA","CRISPR-Based Genome Editing","Base editing","33606977"
"NM_006218.4(PIK3CA):c.2397C>T (p.Ile799=)","chr3","179224802","C/T","PIK3CA","-1.332","dataset1285","Synonymous","Neutral to the sensitivity to drug Olaparib in HAP1","sensitivity to drug Olaparib","6","Functionally normal","","","NA","CRISPR-Based Genome Editing","Base editing","33606977"
"NM_006218.4(PIK3CA):c.2443C>T (p.Gln815Ter)","chr3","179225988","C/T","PIK3CA","0.599","dataset1285","Nonsense","Neutral to the sensitivity to drug Olaparib in HAP1","sensitivity to drug Olaparib","6","Functionally normal","","","NA","CRISPR-Based Genome Editing","Base editing","33606977"
"NM_006218.4(PIK3CA):c.2479C>T (p.Gln827Ter)","chr3","179226024","C/T","PIK3CA","-0.297","dataset1285","Nonsense","Neutral to the sensitivity to drug Olaparib in HAP1","sensitivity to drug Olaparib","6","Functionally normal","","","NA","CRISPR-Based Genome Editing","Base editing","33606977"
"NM_006218.4(PIK3CA):c.2485C>T (p.Leu829Phe)","chr3","179226030","C/T","PIK3CA","-1.606","dataset1285","Missense","Neutral to the sensitivity to drug Olaparib in HAP1","sensitivity to drug Olaparib","6","Functionally normal","Uncertain significance","","NA","CRISPR-Based Genome Editing","Base editing","33606977"
"NM_006218.4(PIK3CA):c.2494C>T (p.Arg832Ter)","chr3","179226039","C/T","PIK3CA","-1.409","dataset1285","Nonsense","Neutral to the sensitivity to drug Olaparib in HAP1","sensitivity to drug Olaparib","6","Functionally normal","","6.41096e-07","ucec:0.4% (2/529):0.315","CRISPR-Based Genome Editing","Base editing","33606977"
"NM_006218.4(PIK3CA):c.2495+24G>A","chr3","179226064","G/A","PIK3CA","-1.557","dataset1285","Intron","Neutral to the sensitivity to drug Olaparib in HAP1","sensitivity to drug Olaparib","6","Functionally normal","","7.59402e-07","NA","CRISPR-Based Genome Editing","Base editing","33606977"
"NM_006218.4(PIK3CA):c.2495+28G>A","chr3","179226068","G/A","PIK3CA","-1.557","dataset1285","Intron","Neutral to the sensitivity to drug Olaparib in HAP1","sensitivity to drug Olaparib","6","Functionally normal","","7.97594e-07","NA","CRISPR-Based Genome Editing","Base editing","33606977"
"NM_006218.4(PIK3CA):c.2496-3C>T","chr3","179229269","C/T","PIK3CA","0.341","dataset1285","Splice site","Neutral to the sensitivity to drug Olaparib in HAP1","sensitivity to drug Olaparib","6","Functionally normal","","","NA","CRISPR-Based Genome Editing","Base editing","33606977"
"NM_006218.4(PIK3CA):c.2519C>T (p.Ser840Leu)","chr3","179229295","C/T","PIK3CA","0.3245","dataset1285","Missense","Neutral to the sensitivity to drug Olaparib in HAP1","sensitivity to drug Olaparib","6","Functionally normal","","","NA","CRISPR-Based Genome Editing","Base editing","33606977"
"NM_006218.4(PIK3CA):c.2529C>T (p.Asp843=)","chr3","179229305","C/T","PIK3CA","-2.736","dataset1285","Synonymous","The reduced sensitivity to drug Olaparib in HAP1","sensitivity to drug Olaparib","6","Loss-of-function","Likely benign","","NA","CRISPR-Based Genome Editing","Base editing","33606977"
"NM_006218.4(PIK3CA):c.2637G>A (p.Gln879=)","chr3","179229413","G/A","PIK3CA","-1.512","dataset1285","Synonymous","Neutral to the sensitivity to drug Olaparib in HAP1","sensitivity to drug Olaparib","6","Functionally normal","","","NA","CRISPR-Based Genome Editing","Base editing","33606977"
"NM_006218.4(PIK3CA):c.2639G>A (p.Trp880Ter)","chr3","179229415","G/A","PIK3CA","-1.512","dataset1285","Nonsense","Neutral to the sensitivity to drug Olaparib in HAP1","sensitivity to drug Olaparib","6","Functionally normal","","","NA","CRISPR-Based Genome Editing","Base editing","33606977"
"NM_006218.4(PIK3CA):c.2643C>T (p.Leu881=)","chr3","179229419","C/T","PIK3CA","-1.256","dataset1285","Synonymous","Neutral to the sensitivity to drug Olaparib in HAP1","sensitivity to drug Olaparib","6","Functionally normal","","","NA","CRISPR-Based Genome Editing","Base editing","33606977"
"NM_006218.4(PIK3CA):c.2666+38G>A","chr3","179229480","G/A","PIK3CA","0.225","dataset1285","Intron","Neutral to the sensitivity to drug Olaparib in HAP1","sensitivity to drug Olaparib","6","Functionally normal","","1.31463e-06","NA","CRISPR-Based Genome Editing","Base editing","33606977"
"NM_006218.4(PIK3CA):c.2693C>T (p.Thr898Ile)","chr3","179230030","C/T","PIK3CA","-0.135","dataset1285","Missense","Neutral to the sensitivity to drug Olaparib in HAP1","sensitivity to drug Olaparib","6","Functionally normal","","","NA","CRISPR-Based Genome Editing","Base editing","33606977"
"NM_006218.4(PIK3CA):c.2696G>A (p.Arg899His)","chr3","179230033","G/A","PIK3CA","1.44","dataset1285","Missense","Neutral to the sensitivity to drug Olaparib in HAP1","sensitivity to drug Olaparib","6","Functionally normal","Uncertain significance","2.47996e-06","NA","CRISPR-Based Genome Editing","Base editing","33606977"
"NM_006218.4(PIK3CA):c.2702G>A (p.Cys901Tyr)","chr3","179230039","G/A","PIK3CA","-1.32","dataset1285","Missense","Neutral to the sensitivity to drug Olaparib in HAP1","sensitivity to drug Olaparib","6","Functionally normal","","","NA","CRISPR-Based Genome Editing","Base editing","33606977"
"NM_006218.4(PIK3CA):c.2740_2741delinsAA (p.Gly914Lys)","chr3","179230077","GG/AA","PIK3CA","0.049","dataset1285","Missense","Neutral to the sensitivity to drug Olaparib in HAP1","sensitivity to drug Olaparib","6","Functionally normal","","","NA","CRISPR-Based Genome Editing","Base editing","33606977"
"NM_006218.4(PIK3CA):c.2763C>T (p.Ile921=)","chr3","179230100","C/T","PIK3CA","-0.204","dataset1285","Synonymous","Neutral to the sensitivity to drug Olaparib in HAP1","sensitivity to drug Olaparib","6","Functionally normal","","","NA","CRISPR-Based Genome Editing","Base editing","33606977"
"NM_006218.4(PIK3CA):c.2775C>T (p.Asp925=)","chr3","179230112","C/T","PIK3CA","-0.16","dataset1285","Synonymous","Neutral to the sensitivity to drug Olaparib in HAP1","sensitivity to drug Olaparib","6","Functionally normal","Likely benign","9.95603e-06","NA","CRISPR-Based Genome Editing","Base editing","33606977"
"NM_006218.4(PIK3CA):c.2784+12C>T","chr3","179230133","C/T","PIK3CA","0.357","dataset1285","Intron","Neutral to the sensitivity to drug Olaparib in HAP1","sensitivity to drug Olaparib","6","Functionally normal","","","NA","CRISPR-Based Genome Editing","Base editing","33606977"
"NM_006218.4(PIK3CA):c.2784+14C>T","chr3","179230135","C/T","PIK3CA","0.357","dataset1285","Intron","Neutral to the sensitivity to drug Olaparib in HAP1","sensitivity to drug Olaparib","6","Functionally normal","","","NA","CRISPR-Based Genome Editing","Base editing","33606977"
"NM_006218.4(PIK3CA):c.2919G>A (p.Lys973=)","chr3","179230359","G/A","PIK3CA","-0.354","dataset1285","Synonymous","Neutral to the sensitivity to drug Olaparib in HAP1","sensitivity to drug Olaparib","6","Functionally normal","Likely benign","6.24502e-07","NA","CRISPR-Based Genome Editing","Base editing","33606977"
"NM_006218.4(PIK3CA):c.2921C>T (p.Thr974Ile)","chr3","179230361","C/T","PIK3CA","-0.526","dataset1285","Missense","Neutral to the sensitivity to drug Olaparib in HAP1","sensitivity to drug Olaparib","6","Functionally normal","","6.24674e-07","NA","CRISPR-Based Genome Editing","Base editing","33606977"
"NM_006218.4(PIK3CA):c.2936+22C>T","chr3","179230398","C/T","PIK3CA","1.27","dataset1285","Intron","Neutral to the sensitivity to drug Olaparib in HAP1","sensitivity to drug Olaparib","6","Functionally normal","","0","NA","CRISPR-Based Genome Editing","Base editing","33606977"
"NM_006218.4(PIK3CA):c.2936+24C>T","chr3","179230400","C/T","PIK3CA","1.27","dataset1285","Intron","Neutral to the sensitivity to drug Olaparib in HAP1","sensitivity to drug Olaparib","6","Functionally normal","","","NA","CRISPR-Based Genome Editing","Base editing","33606977"
"NM_006218.4(PIK3CA):c.2937-19C>T","chr3","179234075","C/T","PIK3CA","1.099","dataset1285","Intron","Neutral to the sensitivity to drug Olaparib in HAP1","sensitivity to drug Olaparib","6","Functionally normal","","6.3392e-07","NA","CRISPR-Based Genome Editing","Base editing","33606977"
"NM_006218.4(PIK3CA):c.2941C>T (p.Gln981Ter)","chr3","179234098","C/T","PIK3CA","-2.159","dataset1285","Nonsense","The reduced sensitivity to drug Olaparib in HAP1","sensitivity to drug Olaparib","6","Loss-of-function","","","NA","CRISPR-Based Genome Editing","Base editing","33606977"
"NM_006218.4(PIK3CA):c.3008C>T (p.Ser1003Leu)","chr3","179234165","C/T","PIK3CA","-0.008","dataset1285","Missense","Neutral to the sensitivity to drug Olaparib in HAP1","sensitivity to drug Olaparib","6","Functionally normal","","1.23973e-06","NA","CRISPR-Based Genome Editing","Base editing","33606977"
"NM_006218.4(PIK3CA):c.3049G>A (p.Asp1017Asn)","chr3","179234206","G/A","PIK3CA","0.668","dataset1285","Missense","Neutral to the sensitivity to drug Olaparib in HAP1","sensitivity to drug Olaparib","6","Functionally normal","","","paad:0.5% (1/184):0.410","CRISPR-Based Genome Editing","Base editing","33606977"
"NM_006218.4(PIK3CA):c.3092C>T (p.Thr1031Ile)","chr3","179234249","C/T","PIK3CA","-0.636","dataset1285","Missense","Neutral to the sensitivity to drug Olaparib in HAP1","sensitivity to drug Olaparib","6","Functionally normal","","","NA","CRISPR-Based Genome Editing","Base editing","33606977"
"NM_006218.4(PIK3CA):c.3155C>T (p.Thr1052Ile)","chr3","179234312","C/T","PIK3CA","-0.737","dataset1285","Missense","Neutral to the sensitivity to drug Olaparib in HAP1","sensitivity to drug Olaparib","6","Functionally normal","","","NA","CRISPR-Based Genome Editing","Base editing","33606977"
"NM_006218.4(PIK3CA):c.5C>T (p.Pro2Leu)","chr3","179198830","C/T","PIK3CA","0.779","dataset1286","Missense","Neutral to the sensitivity to drug Niraparib in HAP1","sensitivity to drug Niraparib","6","Functionally normal","","","NA","CRISPR-Based Genome Editing","Base editing","33606977"
"NM_006218.4(PIK3CA):c.7_8delinsTT (p.Pro3Leu)","chr3","179198832","CC/TT","PIK3CA","0.779","dataset1286","Missense","Neutral to the sensitivity to drug Niraparib in HAP1","sensitivity to drug Niraparib","6","Functionally normal","","","NA","CRISPR-Based Genome Editing","Base editing","33606977"
"NM_006218.4(PIK3CA):c.14C>T (p.Pro5Leu)","chr3","179198839","C/T","PIK3CA","-0.341","dataset1286","Missense","Neutral to the sensitivity to drug Niraparib in HAP1","sensitivity to drug Niraparib","6","Functionally normal","","","NA","CRISPR-Based Genome Editing","Base editing","33606977"
"NM_006218.4(PIK3CA):c.17C>T (p.Ser6Leu)","chr3","179198842","C/T","PIK3CA","-0.873333","dataset1286","Missense","Neutral to the sensitivity to drug Niraparib in HAP1","sensitivity to drug Niraparib","6","Functionally normal","","","NA","CRISPR-Based Genome Editing","Base editing","33606977"
"NM_006218.4(PIK3CA):c.20C>T (p.Ser7Leu)","chr3","179198845","C/T","PIK3CA","-0.756","dataset1286","Missense","Neutral to the sensitivity to drug Niraparib in HAP1","sensitivity to drug Niraparib","6","Functionally normal","","6.43589e-07","NA","CRISPR-Based Genome Editing","Base editing","33606977"
"NM_006218.4(PIK3CA):c.22_23delinsAA (p.Gly8Asn)","chr3","179198847","GG/AA","PIK3CA","0.042","dataset1286","Missense","Neutral to the sensitivity to drug Niraparib in HAP1","sensitivity to drug Niraparib","6","Functionally normal","","","NA","CRISPR-Based Genome Editing","Base editing","33606977"
"NM_006218.4(PIK3CA):c.25G>A (p.Glu9Lys)","chr3","179198850","G/A","PIK3CA","-0.413","dataset1286","Missense","Neutral to the sensitivity to drug Niraparib in HAP1","sensitivity to drug Niraparib","6","Functionally normal","Uncertain significance","","NA","CRISPR-Based Genome Editing","Base editing","33606977"
"NM_006218.4(PIK3CA):c.30G>A (p.Leu10=)","chr3","179198855","G/A","PIK3CA","-0.693","dataset1286","Synonymous","Neutral to the sensitivity to drug Niraparib in HAP1","sensitivity to drug Niraparib","6","Functionally normal","Likely benign","1.90648e-06","NA","CRISPR-Based Genome Editing","Base editing","33606977"
"NM_006218.4(PIK3CA):c.32G>A (p.Trp11Ter)","chr3","179198857","G/A","PIK3CA","-0.693","dataset1286","Nonsense","Neutral to the sensitivity to drug Niraparib in HAP1","sensitivity to drug Niraparib","6","Functionally normal","","","NA","CRISPR-Based Genome Editing","Base editing","33606977"
"NM_006218.4(PIK3CA):c.56G>A (p.Arg19Lys)","chr3","179198881","G/A","PIK3CA","1.128","dataset1286","Missense","Neutral to the sensitivity to drug Niraparib in HAP1","sensitivity to drug Niraparib","6","Functionally normal","","6.25752e-07","NA","CRISPR-Based Genome Editing","Base editing","33606977"
"NM_006218.4(PIK3CA):c.64G>A (p.Val22Ile)","chr3","179198889","G/A","PIK3CA","0.502","dataset1286","Missense","Neutral to the sensitivity to drug Niraparib in HAP1","sensitivity to drug Niraparib","6","Functionally normal","Uncertain significance","6.23131e-07","NA","CRISPR-Based Genome Editing","Base editing","33606977"
"NM_006218.4(PIK3CA):c.67G>A (p.Glu23Lys)","chr3","179198892","G/A","PIK3CA","-0.35775","dataset1286","Missense","Neutral to the sensitivity to drug Niraparib in HAP1","sensitivity to drug Niraparib","6","Functionally normal","","","NA","CRISPR-Based Genome Editing","Base editing","33606977"
"NM_006218.4(PIK3CA):c.71G>A (p.Cys24Tyr)","chr3","179198896","G/A","PIK3CA","-1.026","dataset1286","Missense","Neutral to the sensitivity to drug Niraparib in HAP1","sensitivity to drug Niraparib","6","Functionally normal","","","NA","CRISPR-Based Genome Editing","Base editing","33606977"
"NM_006218.4(PIK3CA):c.190G>A (p.Asp64Asn)","chr3","179199015","G/A","PIK3CA","-0.3065","dataset1286","Missense","Neutral to the sensitivity to drug Niraparib in HAP1","sensitivity to drug Niraparib","6","Functionally normal","","","NA","CRISPR-Based Genome Editing","Base editing","33606977"
"NM_006218.4(PIK3CA):c.193G>A (p.Glu65Lys)","chr3","179199018","G/A","PIK3CA","0.779","dataset1286","Missense","Neutral to the sensitivity to drug Niraparib in HAP1","sensitivity to drug Niraparib","6","Functionally normal","","6.19785e-07","lusc:0.2% (1/487):0.100","CRISPR-Based Genome Editing","Base editing","33606977"
"NM_006218.4(PIK3CA):c.221C>T (p.Thr74Ile)","chr3","179199046","C/T","PIK3CA","-2.291","dataset1286","Missense","The reduced sensitivity to drug Niraparib in HAP1","sensitivity to drug Niraparib","6","Loss-of-function","","1.2394e-06","NA","CRISPR-Based Genome Editing","Base editing","33606977"
"NM_006218.4(PIK3CA):c.223C>T (p.Gln75Ter)","chr3","179199048","C/T","PIK3CA","-0.349","dataset1286","Nonsense","Neutral to the sensitivity to drug Niraparib in HAP1","sensitivity to drug Niraparib","6","Functionally normal","","","NA","CRISPR-Based Genome Editing","Base editing","33606977"
"NM_006218.4(PIK3CA):c.262C>T (p.Arg88Ter)","chr3","179199087","C/T","PIK3CA","-0.064","dataset1286","Nonsense","Neutral to the sensitivity to drug Niraparib in HAP1","sensitivity to drug Niraparib","6","Functionally normal","","6.19781e-07","NA","CRISPR-Based Genome Editing","Base editing","33606977"
"NM_006218.4(PIK3CA):c.336C>T (p.Ile112=)","chr3","179199161","C/T","PIK3CA","-0.323","dataset1286","Synonymous","Neutral to the sensitivity to drug Niraparib in HAP1","sensitivity to drug Niraparib","6","Functionally normal","","","NA","CRISPR-Based Genome Editing","Base editing","33606977"
"NM_006218.4(PIK3CA):c.337C>T (p.Leu113Phe)","chr3","179199162","C/T","PIK3CA","-0.323","dataset1286","Missense","Neutral to the sensitivity to drug Niraparib in HAP1","sensitivity to drug Niraparib","6","Functionally normal","Uncertain significance","","NA","CRISPR-Based Genome Editing","Base editing","33606977"
"NM_006218.4(PIK3CA):c.352G>A (p.Gly118Ser)","chr3","179199177","G/A","PIK3CA","-1.255","dataset1286","Missense","Neutral to the sensitivity to drug Niraparib in HAP1","sensitivity to drug Niraparib","6","Functionally normal","","","NA","CRISPR-Based Genome Editing","Base editing","33606977"
"NM_006218.4(PIK3CA):c.352+1G>A","chr3","179199178","G/A","PIK3CA","-1.255","dataset1286","Splice site","Neutral to the sensitivity to drug Niraparib in HAP1","sensitivity to drug Niraparib","6","Functionally normal","","","NA","CRISPR-Based Genome Editing","Base editing","33606977"
"NM_006218.4(PIK3CA):c.385G>A (p.Asp129Asn)","chr3","179199722","G/A","PIK3CA","-0.314","dataset1286","Missense","Neutral to the sensitivity to drug Niraparib in HAP1","sensitivity to drug Niraparib","6","Functionally normal","","6.20096e-07","NA","CRISPR-Based Genome Editing","Base editing","33606977"
"NM_006218.4(PIK3CA):c.419G>A (p.Arg140Gln)","chr3","179199756","G/A","PIK3CA","0.83","dataset1286","Missense","Neutral to the sensitivity to drug Niraparib in HAP1","sensitivity to drug Niraparib","6","Functionally normal","","6.19814e-07","NA","CRISPR-Based Genome Editing","Base editing","33606977"
"NM_006218.4(PIK3CA):c.432G>A (p.Leu144=)","chr3","179199769","G/A","PIK3CA","-1.891","dataset1286","Synonymous","Neutral to the sensitivity to drug Niraparib in HAP1","sensitivity to drug Niraparib","6","Functionally normal","","3.09952e-06","NA","CRISPR-Based Genome Editing","Base editing","33606977"
"NM_006218.4(PIK3CA):c.435C>T (p.Asn145=)","chr3","179199772","C/T","PIK3CA","0.714","dataset1286","Synonymous","Neutral to the sensitivity to drug Niraparib in HAP1","sensitivity to drug Niraparib","6","Functionally normal","Likely benign","6.82044e-06","NA","CRISPR-Based Genome Editing","Base editing","33606977"
"NM_006218.4(PIK3CA):c.436G>A (p.Val146Ile)","chr3","179199773","G/A","PIK3CA","-1.891","dataset1286","Missense","Neutral to the sensitivity to drug Niraparib in HAP1","sensitivity to drug Niraparib","6","Functionally normal","Uncertain significance","2.23197e-05","NA","CRISPR-Based Genome Editing","Base editing","33606977"
"NM_006218.4(PIK3CA):c.482G>A (p.Ser161Asn)","chr3","179199819","G/A","PIK3CA","-0.912","dataset1286","Missense","Neutral to the sensitivity to drug Niraparib in HAP1","sensitivity to drug Niraparib","6","Functionally normal","","1.86014e-06","NA","CRISPR-Based Genome Editing","Base editing","33606977"
"NM_006218.4(PIK3CA):c.492G>A (p.Met164Ile)","chr3","179199829","G/A","PIK3CA","-0.391","dataset1286","Missense","Neutral to the sensitivity to drug Niraparib in HAP1","sensitivity to drug Niraparib","6","Functionally normal","","","NA","CRISPR-Based Genome Editing","Base editing","33606977"
"NM_006218.4(PIK3CA):c.615G>A (p.Gln205=)","chr3","179201342","G/A","PIK3CA","0.54","dataset1286","Synonymous","Neutral to the sensitivity to drug Niraparib in HAP1","sensitivity to drug Niraparib","6","Functionally normal","","","NA","CRISPR-Based Genome Editing","Base editing","33606977"
"NM_006218.4(PIK3CA):c.652G>A (p.Glu218Lys)","chr3","179201379","G/A","PIK3CA","1.137","dataset1286","Missense","Neutral to the sensitivity to drug Niraparib in HAP1","sensitivity to drug Niraparib","6","Functionally normal","Pathogenic","","NA","CRISPR-Based Genome Editing","Base editing","33606977"
"NM_006218.4(PIK3CA):c.667G>A (p.Glu223Lys)","chr3","179201394","G/A","PIK3CA","1.094","dataset1286","Missense","Neutral to the sensitivity to drug Niraparib in HAP1","sensitivity to drug Niraparib","6","Functionally normal","Uncertain significance","","NA","CRISPR-Based Genome Editing","Base editing","33606977"
"NM_006218.4(PIK3CA):c.796_797delinsTT (p.Pro266Phe)","chr3","179201523","CC/TT","PIK3CA","-0.515","dataset1286","Missense","Neutral to the sensitivity to drug Niraparib in HAP1","sensitivity to drug Niraparib","6","Functionally normal","","","NA","CRISPR-Based Genome Editing","Base editing","33606977"
"NM_006218.4(PIK3CA):c.799C>T (p.Leu267=)","chr3","179201526","C/T","PIK3CA","-0.515","dataset1286","Synonymous","Neutral to the sensitivity to drug Niraparib in HAP1","sensitivity to drug Niraparib","6","Functionally normal","","","NA","CRISPR-Based Genome Editing","Base editing","33606977"
"NM_006218.4(PIK3CA):c.813G>A (p.Lys271=)","chr3","179201540","G/A","PIK3CA","-2.1","dataset1286","Splice site","The reduced sensitivity to drug Niraparib in HAP1","sensitivity to drug Niraparib","6","Loss-of-function","","0","NA","CRISPR-Based Genome Editing","Base editing","33606977"
"NM_006218.4(PIK3CA):c.813+1G>A","chr3","179201541","G/A","PIK3CA","-2.1","dataset1286","Splice site","The reduced sensitivity to drug Niraparib in HAP1","sensitivity to drug Niraparib","6","Loss-of-function","","","NA","CRISPR-Based Genome Editing","Base editing","33606977"
"NM_006218.4(PIK3CA):c.814-1G>A","chr3","179203543","G/A","PIK3CA","-1.16267","dataset1286","Splice site","Neutral to the sensitivity to drug Niraparib in HAP1","sensitivity to drug Niraparib","6","Functionally normal","","","NA","CRISPR-Based Genome Editing","Base editing","33606977"
"NM_006218.4(PIK3CA):c.848_849delinsTT (p.Pro283Leu)","chr3","179203578","CC/TT","PIK3CA","-0.1","dataset1286","Missense","Neutral to the sensitivity to drug Niraparib in HAP1","sensitivity to drug Niraparib","6","Functionally normal","","","NA","CRISPR-Based Genome Editing","Base editing","33606977"
"NM_006218.4(PIK3CA):c.864G>A (p.Met288Ile)","chr3","179203594","G/A","PIK3CA","-0.095","dataset1286","Missense","Neutral to the sensitivity to drug Niraparib in HAP1","sensitivity to drug Niraparib","6","Functionally normal","Uncertain significance","","NA","CRISPR-Based Genome Editing","Base editing","33606977"
"NM_006218.4(PIK3CA):c.944C>T (p.Thr315Ile)","chr3","179203674","C/T","PIK3CA","0.465","dataset1286","Missense","Neutral to the sensitivity to drug Niraparib in HAP1","sensitivity to drug Niraparib","6","Functionally normal","","","NA","CRISPR-Based Genome Editing","Base editing","33606977"
"NM_006218.4(PIK3CA):c.954G>A (p.Met318Ile)","chr3","179203684","G/A","PIK3CA","-1.824","dataset1286","Missense","Neutral to the sensitivity to drug Niraparib in HAP1","sensitivity to drug Niraparib","6","Functionally normal","Uncertain significance","5.57738e-06","NA","CRISPR-Based Genome Editing","Base editing","33606977"
"NM_006218.4(PIK3CA):c.961G>A (p.Glu321Lys)","chr3","179203691","G/A","PIK3CA","-0.537","dataset1286","Missense","Neutral to the sensitivity to drug Niraparib in HAP1","sensitivity to drug Niraparib","6","Functionally normal","","6.19695e-07","NA","CRISPR-Based Genome Editing","Base editing","33606977"
"NM_006218.4(PIK3CA):c.965C>T (p.Thr322Ile)","chr3","179203695","C/T","PIK3CA","-3.225","dataset1286","Missense","The reduced sensitivity to drug Niraparib in HAP1","sensitivity to drug Niraparib","6","Loss-of-function","","","NA","CRISPR-Based Genome Editing","Base editing","33606977"
"NM_006218.4(PIK3CA):c.968C>T (p.Ser323Phe)","chr3","179203698","C/T","PIK3CA","-1.7095","dataset1286","Missense","Neutral to the sensitivity to drug Niraparib in HAP1","sensitivity to drug Niraparib","6","Functionally normal","","","NA","CRISPR-Based Genome Editing","Base editing","33606977"
"NM_006218.4(PIK3CA):c.995G>A (p.Ser332Asn)","chr3","179203725","G/A","PIK3CA","-1.4315","dataset1286","Missense","Neutral to the sensitivity to drug Niraparib in HAP1","sensitivity to drug Niraparib","6","Functionally normal","Uncertain significance","1.86046e-06","NA","CRISPR-Based Genome Editing","Base editing","33606977"
"NM_006218.4(PIK3CA):c.1045C>T (p.Arg349Ter)","chr3","179203775","C/T","PIK3CA","-0.238","dataset1286","Nonsense","Neutral to the sensitivity to drug Niraparib in HAP1","sensitivity to drug Niraparib","6","Functionally normal","","0","NA","CRISPR-Based Genome Editing","Base editing","33606977"
"NM_006218.4(PIK3CA):c.1060-1G>A","chr3","179204502","G/A","PIK3CA","0.35","dataset1286","Splice site","Neutral to the sensitivity to drug Niraparib in HAP1","sensitivity to drug Niraparib","6","Functionally normal","","","NA","CRISPR-Based Genome Editing","Base editing","33606977"
"NM_006218.4(PIK3CA):c.1069C>T (p.Arg357Ter)","chr3","179204512","C/T","PIK3CA","1.173","dataset1286","Nonsense","Neutral to the sensitivity to drug Niraparib in HAP1","sensitivity to drug Niraparib","6","Functionally normal","","1.28802e-06","NA","CRISPR-Based Genome Editing","Base editing","33606977"
"NM_006218.4(PIK3CA):c.1073C>T (p.Thr358Ile)","chr3","179204516","C/T","PIK3CA","1.028","dataset1286","Missense","Neutral to the sensitivity to drug Niraparib in HAP1","sensitivity to drug Niraparib","6","Functionally normal","","0","NA","CRISPR-Based Genome Editing","Base editing","33606977"
"NM_006218.4(PIK3CA):c.1113G>A (p.Val371=)","chr3","179204556","G/A","PIK3CA","-0.11","dataset1286","Synonymous","Neutral to the sensitivity to drug Niraparib in HAP1","sensitivity to drug Niraparib","6","Functionally normal","Likely benign","1.26235e-06","NA","CRISPR-Based Genome Editing","Base editing","33606977"
"NM_006218.4(PIK3CA):c.1129_1130delinsTT (p.Pro377Phe)","chr3","179204572","CC/TT","PIK3CA","-0.116","dataset1286","Missense","Neutral to the sensitivity to drug Niraparib in HAP1","sensitivity to drug Niraparib","6","Functionally normal","","","NA","CRISPR-Based Genome Editing","Base editing","33606977"
"NM_006218.4(PIK3CA):c.1136C>T (p.Ser379Phe)","chr3","179204579","C/T","PIK3CA","0.559","dataset1286","Missense","Neutral to the sensitivity to drug Niraparib in HAP1","sensitivity to drug Niraparib","6","Functionally normal","","","NA","CRISPR-Based Genome Editing","Base editing","33606977"
"NM_006218.4(PIK3CA):c.1145G>A (p.Arg382Lys)","chr3","179204588","G/A","PIK3CA","0.472","dataset1286","Missense","Neutral to the sensitivity to drug Niraparib in HAP1","sensitivity to drug Niraparib","6","Functionally normal","Conflicting classifications of pathogenicity","2.10593e-06","NA","CRISPR-Based Genome Editing","Base editing","33606977"
"NM_006218.4(PIK3CA):c.1145+1G>A","chr3","179204589","G/A","PIK3CA","0.472","dataset1286","Splice site","Neutral to the sensitivity to drug Niraparib in HAP1","sensitivity to drug Niraparib","6","Functionally normal","","0","NA","CRISPR-Based Genome Editing","Base editing","33606977"
"NM_006218.4(PIK3CA):c.1145+6G>A","chr3","179204594","G/A","PIK3CA","0.111","dataset1286","Splice site","Neutral to the sensitivity to drug Niraparib in HAP1","sensitivity to drug Niraparib","6","Functionally normal","","0","NA","CRISPR-Based Genome Editing","Base editing","33606977"
"NM_006218.4(PIK3CA):c.1145+9G>A","chr3","179204597","G/A","PIK3CA","0.111","dataset1286","Intron","Neutral to the sensitivity to drug Niraparib in HAP1","sensitivity to drug Niraparib","6","Functionally normal","Likely benign","8.35012e-06","NA","CRISPR-Based Genome Editing","Base editing","33606977"
"NM_006218.4(PIK3CA):c.1145+16G>A","chr3","179204604","G/A","PIK3CA","0.051","dataset1286","Intron","Neutral to the sensitivity to drug Niraparib in HAP1","sensitivity to drug Niraparib","6","Functionally normal","Likely benign","6.41143e-06","NA","CRISPR-Based Genome Editing","Base editing","33606977"
"NM_006218.4(PIK3CA):c.1145+42G>A","chr3","179204630","G/A","PIK3CA","-1.578","dataset1286","Intron","Neutral to the sensitivity to drug Niraparib in HAP1","sensitivity to drug Niraparib","6","Functionally normal","","2.12086e-06","NA","CRISPR-Based Genome Editing","Base editing","33606977"
"NM_006218.4(PIK3CA):c.1145+44G>A","chr3","179204632","G/A","PIK3CA","-1.578","dataset1286","Intron","Neutral to the sensitivity to drug Niraparib in HAP1","sensitivity to drug Niraparib","6","Functionally normal","","0","NA","CRISPR-Based Genome Editing","Base editing","33606977"
"NM_006218.4(PIK3CA):c.1214_1215delinsTT (p.Ser405Phe)","chr3","179209663","CC/TT","PIK3CA","1.889","dataset1286","Missense","Neutral to the sensitivity to drug Niraparib in HAP1","sensitivity to drug Niraparib","6","Functionally normal","","","NA","CRISPR-Based Genome Editing","Base editing","33606977"
"NM_006218.4(PIK3CA):c.1223C>T (p.Ser408Phe)","chr3","179209672","C/T","PIK3CA","0.077","dataset1286","Missense","Neutral to the sensitivity to drug Niraparib in HAP1","sensitivity to drug Niraparib","6","Functionally normal","","","NA","CRISPR-Based Genome Editing","Base editing","33606977"
"NM_006218.4(PIK3CA):c.1225G>A (p.Val409Ile)","chr3","179209674","G/A","PIK3CA","2.663","dataset1286","Missense","The enhanced sensitivity to drug Niraparib in HAP1","sensitivity to drug Niraparib","6","Gain-of-function","Uncertain significance","","NA","CRISPR-Based Genome Editing","Base editing","33606977"
"NM_006218.4(PIK3CA):c.1231G>A (p.Gly411Ser)","chr3","179209680","G/A","PIK3CA","0.433","dataset1286","Missense","Neutral to the sensitivity to drug Niraparib in HAP1","sensitivity to drug Niraparib","6","Functionally normal","","","NA","CRISPR-Based Genome Editing","Base editing","33606977"
"NM_006218.4(PIK3CA):c.1234C>T (p.Arg412Ter)","chr3","179209683","C/T","PIK3CA","-0.604","dataset1286","Nonsense","Neutral to the sensitivity to drug Niraparib in HAP1","sensitivity to drug Niraparib","6","Functionally normal","","","NA","CRISPR-Based Genome Editing","Base editing","33606977"
"NM_006218.4(PIK3CA):c.1251+1G>A","chr3","179209701","G/A","PIK3CA","-0.303","dataset1286","Splice site","Neutral to the sensitivity to drug Niraparib in HAP1","sensitivity to drug Niraparib","6","Functionally normal","","0","NA","CRISPR-Based Genome Editing","Base editing","33606977"
"NM_006218.4(PIK3CA):c.1298C>T (p.Thr433Ile)","chr3","179210232","C/T","PIK3CA","-1.737","dataset1286","Missense","Neutral to the sensitivity to drug Niraparib in HAP1","sensitivity to drug Niraparib","6","Functionally normal","","0","NA","CRISPR-Based Genome Editing","Base editing","33606977"
"NM_006218.4(PIK3CA):c.1306C>T (p.Leu436=)","chr3","179210240","C/T","PIK3CA","2.333","dataset1286","Synonymous","The enhanced sensitivity to drug Niraparib in HAP1","sensitivity to drug Niraparib","6","Gain-of-function","","","NA","CRISPR-Based Genome Editing","Base editing","33606977"
"NM_006218.4(PIK3CA):c.1333C>T (p.Leu445Phe)","chr3","179210267","C/T","PIK3CA","-0.571","dataset1286","Missense","Neutral to the sensitivity to drug Niraparib in HAP1","sensitivity to drug Niraparib","6","Functionally normal","","","NA","CRISPR-Based Genome Editing","Base editing","33606977"
"NM_006218.4(PIK3CA):c.1357G>A (p.Glu453Lys)","chr3","179210291","G/A","PIK3CA","1.382","dataset1286","Missense","Neutral to the sensitivity to drug Niraparib in HAP1","sensitivity to drug Niraparib","6","Functionally normal","Pathogenic","","blca:0.5% (2/411):0.155;brca:0.6% (6/1084):0.280;cesc:0.7% (2/297):0.140;hnsc:0.2% (1/523):0.210;lgg:0.6% (3/514):0.170;lusc:0.2% (1/487):0.100;stad:0.7% (3/440):0.360","CRISPR-Based Genome Editing","Base editing","33606977"
"NM_006218.4(PIK3CA):c.1360G>A (p.Asp454Asn)","chr3","179210294","G/A","PIK3CA","2.003","dataset1286","Missense","The enhanced sensitivity to drug Niraparib in HAP1","sensitivity to drug Niraparib","6","Gain-of-function","","","NA","CRISPR-Based Genome Editing","Base editing","33606977"
"NM_006218.4(PIK3CA):c.1371C>T (p.Asn457=)","chr3","179210305","C/T","PIK3CA","0.653","dataset1286","Synonymous","Neutral to the sensitivity to drug Niraparib in HAP1","sensitivity to drug Niraparib","6","Functionally normal","","","NA","CRISPR-Based Genome Editing","Base editing","33606977"
"NM_006218.4(PIK3CA):c.1372_1373delinsTT (p.Pro458Phe)","chr3","179210306","CC/TT","PIK3CA","0.653","dataset1286","Missense","Neutral to the sensitivity to drug Niraparib in HAP1","sensitivity to drug Niraparib","6","Functionally normal","","","NA","CRISPR-Based Genome Editing","Base editing","33606977"
"NM_006218.4(PIK3CA):c.1387_1388delinsAA (p.Gly463Lys)","chr3","179210321","GG/AA","PIK3CA","0.476","dataset1286","Missense","Neutral to the sensitivity to drug Niraparib in HAP1","sensitivity to drug Niraparib","6","Functionally normal","","","NA","CRISPR-Based Genome Editing","Base editing","33606977"
"NM_006218.4(PIK3CA):c.1391C>T (p.Ser464Leu)","chr3","179210325","C/T","PIK3CA","0.268","dataset1286","Missense","Neutral to the sensitivity to drug Niraparib in HAP1","sensitivity to drug Niraparib","6","Functionally normal","","","NA","CRISPR-Based Genome Editing","Base editing","33606977"
"NM_006218.4(PIK3CA):c.1409C>T (p.Thr470Ile)","chr3","179210435","C/T","PIK3CA","-0.822","dataset1286","Missense","Neutral to the sensitivity to drug Niraparib in HAP1","sensitivity to drug Niraparib","6","Functionally normal","Uncertain significance","","NA","CRISPR-Based Genome Editing","Base editing","33606977"
"NM_006218.4(PIK3CA):c.1411C>T (p.Pro471Ser)","chr3","179210437","C/T","PIK3CA","-0.822","dataset1286","Missense","Neutral to the sensitivity to drug Niraparib in HAP1","sensitivity to drug Niraparib","6","Functionally normal","","","NA","CRISPR-Based Genome Editing","Base editing","33606977"
"NM_006218.4(PIK3CA):c.1434C>T (p.Asp478=)","chr3","179210460","C/T","PIK3CA","-0.771","dataset1286","Synonymous","Neutral to the sensitivity to drug Niraparib in HAP1","sensitivity to drug Niraparib","6","Functionally normal","Likely benign","","NA","CRISPR-Based Genome Editing","Base editing","33606977"
"NM_006218.4(PIK3CA):c.1473G>A (p.Val491=)","chr3","179210499","G/A","PIK3CA","-0.792","dataset1286","Synonymous","Neutral to the sensitivity to drug Niraparib in HAP1","sensitivity to drug Niraparib","6","Functionally normal","","","NA","CRISPR-Based Genome Editing","Base editing","33606977"
"NM_006218.4(PIK3CA):c.1477G>A (p.Glu493Lys)","chr3","179210503","G/A","PIK3CA","0.538","dataset1286","Missense","Neutral to the sensitivity to drug Niraparib in HAP1","sensitivity to drug Niraparib","6","Functionally normal","","6.19569e-07","NA","CRISPR-Based Genome Editing","Base editing","33606977"
"NM_006218.4(PIK3CA):c.1496C>T (p.Ser499Phe)","chr3","179210522","C/T","PIK3CA","-0.65","dataset1286","Missense","Neutral to the sensitivity to drug Niraparib in HAP1","sensitivity to drug Niraparib","6","Functionally normal","","","blca:0.2% (1/411):0.520","CRISPR-Based Genome Editing","Base editing","33606977"
"NM_006218.4(PIK3CA):c.1505G>A (p.Arg502Gln)","chr3","179210531","G/A","PIK3CA","0.3","dataset1286","Missense","Neutral to the sensitivity to drug Niraparib in HAP1","sensitivity to drug Niraparib","6","Functionally normal","Uncertain significance","5.57674e-06","NA","CRISPR-Based Genome Editing","Base editing","33606977"
"NM_006218.4(PIK3CA):c.1526_1527delinsTT (p.Ser509Phe)","chr3","179210552","CC/TT","PIK3CA","0.756","dataset1286","Missense","Neutral to the sensitivity to drug Niraparib in HAP1","sensitivity to drug Niraparib","6","Functionally normal","","","NA","CRISPR-Based Genome Editing","Base editing","33606977"
"NM_006218.4(PIK3CA):c.1539+5G>A","chr3","179210570","G/A","PIK3CA","-0.0455","dataset1286","Splice site","Neutral to the sensitivity to drug Niraparib in HAP1","sensitivity to drug Niraparib","6","Functionally normal","","","NA","CRISPR-Based Genome Editing","Base editing","33606977"
"NM_006218.4(PIK3CA):c.1539+31C>T","chr3","179210596","C/T","PIK3CA","-0.428","dataset1286","Intron","Neutral to the sensitivity to drug Niraparib in HAP1","sensitivity to drug Niraparib","6","Functionally normal","","","NA","CRISPR-Based Genome Editing","Base editing","33606977"
"NM_006218.4(PIK3CA):c.1633G>A (p.Glu545Lys)","chr3","179218303","G/A","PIK3CA","1.25","dataset1286","Missense","Neutral to the sensitivity to drug Niraparib in HAP1","sensitivity to drug Niraparib","6","Functionally normal","Pathogenic/Likely pathogenic","","blca:7.1% (29/411):0.330;brca:6.0% (65/1084):0.320;cesc:12.5% (37/297):0.290;chol:2.8% (1/36):0.310;coad:7.3% (32/439):0.285;esca:3.3% (6/182):0.235;gbm:0.5% (3/592):0.190;hnsc:5.0% (26/523):0.145;kirc:0.2% (1/512):0.140;lgg:0.2% (1/514):0.230;luad:1.1% (6/566):0.400;lusc:2.7% (13/487):0.260;ov:0.2% (1/585):0.240;read:1.9% (3/155):0.180;skcm:0.4% (2/448):0.430;stad:2.3% (10/440):0.220;tgct:1.3% (2/149):0.185;ucec:2.8% (15/529):0.360;ucs:7.0% (4/57):0.315","CRISPR-Based Genome Editing","Base editing","33606977"
"NM_006218.4(PIK3CA):c.1662C>T (p.His554=)","chr3","179218332","C/T","PIK3CA","0.224","dataset1286","Splice site","Neutral to the sensitivity to drug Niraparib in HAP1","sensitivity to drug Niraparib","6","Functionally normal","","","NA","CRISPR-Based Genome Editing","Base editing","33606977"
"NM_006218.4(PIK3CA):c.1673G>A (p.Cys558Tyr)","chr3","179219204","G/A","PIK3CA","0.1085","dataset1286","Missense","Neutral to the sensitivity to drug Niraparib in HAP1","sensitivity to drug Niraparib","6","Functionally normal","","6.28125e-07","NA","CRISPR-Based Genome Editing","Base editing","33606977"
"NM_006218.4(PIK3CA):c.1675G>A (p.Val559Ile)","chr3","179219206","G/A","PIK3CA","0.1085","dataset1286","Missense","Neutral to the sensitivity to drug Niraparib in HAP1","sensitivity to drug Niraparib","6","Functionally normal","","6.27498e-07","NA","CRISPR-Based Genome Editing","Base editing","33606977"
"NM_006218.4(PIK3CA):c.1714G>A (p.Val572Ile)","chr3","179219245","G/A","PIK3CA","0.647","dataset1286","Missense","Neutral to the sensitivity to drug Niraparib in HAP1","sensitivity to drug Niraparib","6","Functionally normal","","0","NA","CRISPR-Based Genome Editing","Base editing","33606977"
"NM_006218.4(PIK3CA):c.1746+15G>A","chr3","179219292","G/A","PIK3CA","-3.134","dataset1286","Intron","The reduced sensitivity to drug Niraparib in HAP1","sensitivity to drug Niraparib","6","Loss-of-function","","","NA","CRISPR-Based Genome Editing","Base editing","33606977"
"NM_006218.4(PIK3CA):c.1746+30C>T","chr3","179219307","C/T","PIK3CA","-0.356","dataset1286","Intron","Neutral to the sensitivity to drug Niraparib in HAP1","sensitivity to drug Niraparib","6","Functionally normal","","","NA","CRISPR-Based Genome Editing","Base editing","33606977"
"NM_006218.4(PIK3CA):c.1747-5C>T","chr3","179219566","C/T","PIK3CA","-0.364","dataset1286","Splice site","Neutral to the sensitivity to drug Niraparib in HAP1","sensitivity to drug Niraparib","6","Functionally normal","","","NA","CRISPR-Based Genome Editing","Base editing","33606977"
"NM_006218.4(PIK3CA):c.1747-3C>T","chr3","179219568","C/T","PIK3CA","-0.364","dataset1286","Splice site","Neutral to the sensitivity to drug Niraparib in HAP1","sensitivity to drug Niraparib","6","Functionally normal","","1.47215e-06","NA","CRISPR-Based Genome Editing","Base editing","33606977"
"NM_006218.4(PIK3CA):c.1774_1775delinsTT (p.Pro592Leu)","chr3","179219598","CC/TT","PIK3CA","0.222","dataset1286","Missense","Neutral to the sensitivity to drug Niraparib in HAP1","sensitivity to drug Niraparib","6","Functionally normal","","","NA","CRISPR-Based Genome Editing","Base editing","33606977"
"NM_006218.4(PIK3CA):c.1779C>T (p.Ile593=)","chr3","179219603","C/T","PIK3CA","0.93","dataset1286","Synonymous","Neutral to the sensitivity to drug Niraparib in HAP1","sensitivity to drug Niraparib","6","Functionally normal","","","NA","CRISPR-Based Genome Editing","Base editing","33606977"
"NM_006218.4(PIK3CA):c.1783C>T (p.Pro595Ser)","chr3","179219607","C/T","PIK3CA","0.93","dataset1286","Missense","Neutral to the sensitivity to drug Niraparib in HAP1","sensitivity to drug Niraparib","6","Functionally normal","","","NA","CRISPR-Based Genome Editing","Base editing","33606977"
"NM_006218.4(PIK3CA):c.1786G>A (p.Glu596Lys)","chr3","179219610","G/A","PIK3CA","1.106","dataset1286","Missense","Neutral to the sensitivity to drug Niraparib in HAP1","sensitivity to drug Niraparib","6","Functionally normal","","0","NA","CRISPR-Based Genome Editing","Base editing","33606977"
"NM_006218.4(PIK3CA):c.1789C>T (p.Gln597Ter)","chr3","179219613","C/T","PIK3CA","-0.01","dataset1286","Nonsense","Neutral to the sensitivity to drug Niraparib in HAP1","sensitivity to drug Niraparib","6","Functionally normal","","","NA","CRISPR-Based Genome Editing","Base editing","33606977"
"NM_006218.4(PIK3CA):c.1791G>A (p.Gln597=)","chr3","179219615","G/A","PIK3CA","0.089","dataset1286","Synonymous","Neutral to the sensitivity to drug Niraparib in HAP1","sensitivity to drug Niraparib","6","Functionally normal","","","NA","CRISPR-Based Genome Editing","Base editing","33606977"
"NM_006218.4(PIK3CA):c.1798G>A (p.Glu600Lys)","chr3","179219622","G/A","PIK3CA","-0.239","dataset1286","Missense","Neutral to the sensitivity to drug Niraparib in HAP1","sensitivity to drug Niraparib","6","Functionally normal","Pathogenic","0","blca:0.2% (1/411):0.280;brca:0.1% (1/1084):0.250;luad:0.2% (1/566):0.280;stad:0.2% (1/440):0.090;ucec:0.2% (1/529):0.330","CRISPR-Based Genome Editing","Base editing","33606977"
"NM_006218.4(PIK3CA):c.1819_1820delinsTT (p.Pro607Leu)","chr3","179219643","CC/TT","PIK3CA","-1.476","dataset1286","Missense","Neutral to the sensitivity to drug Niraparib in HAP1","sensitivity to drug Niraparib","6","Functionally normal","","","NA","CRISPR-Based Genome Editing","Base editing","33606977"
"NM_006218.4(PIK3CA):c.1835G>A (p.Arg612Gln)","chr3","179219659","G/A","PIK3CA","-0.372","dataset1286","Missense","Neutral to the sensitivity to drug Niraparib in HAP1","sensitivity to drug Niraparib","6","Functionally normal","","1.24123e-06","NA","CRISPR-Based Genome Editing","Base editing","33606977"
"NM_006218.4(PIK3CA):c.1837_1838delinsAA (p.Gly613Asn)","chr3","179219661","GG/AA","PIK3CA","-1.137","dataset1286","Missense","Neutral to the sensitivity to drug Niraparib in HAP1","sensitivity to drug Niraparib","6","Functionally normal","","","NA","CRISPR-Based Genome Editing","Base editing","33606977"
"NM_006218.4(PIK3CA):c.1837G>A (p.Gly613Ser)","chr3","179219661","G/A","PIK3CA","0.393","dataset1286","Missense","Neutral to the sensitivity to drug Niraparib in HAP1","sensitivity to drug Niraparib","6","Functionally normal","not provided","","NA","CRISPR-Based Genome Editing","Base editing","33606977"
"NM_006218.4(PIK3CA):c.1976C>T (p.Thr659Ile)","chr3","179220013","C/T","PIK3CA","-0.835","dataset1286","Missense","Neutral to the sensitivity to drug Niraparib in HAP1","sensitivity to drug Niraparib","6","Functionally normal","","","NA","CRISPR-Based Genome Editing","Base editing","33606977"
"NM_006218.4(PIK3CA):c.2015+34G>A","chr3","179220086","G/A","PIK3CA","-0.9405","dataset1286","Intron","Neutral to the sensitivity to drug Niraparib in HAP1","sensitivity to drug Niraparib","6","Functionally normal","","0","NA","CRISPR-Based Genome Editing","Base editing","33606977"
"NM_006218.4(PIK3CA):c.2015+35G>A","chr3","179220087","G/A","PIK3CA","-0.9405","dataset1286","Intron","Neutral to the sensitivity to drug Niraparib in HAP1","sensitivity to drug Niraparib","6","Functionally normal","","","NA","CRISPR-Based Genome Editing","Base editing","33606977"
"NM_006218.4(PIK3CA):c.2036C>T (p.Thr679Ile)","chr3","179221006","C/T","PIK3CA","1.503","dataset1286","Missense","Neutral to the sensitivity to drug Niraparib in HAP1","sensitivity to drug Niraparib","6","Functionally normal","","","NA","CRISPR-Based Genome Editing","Base editing","33606977"
"NM_006218.4(PIK3CA):c.2069_2070delinsTT (p.Ser690Phe)","chr3","179221039","CC/TT","PIK3CA","0.48","dataset1286","Missense","Neutral to the sensitivity to drug Niraparib in HAP1","sensitivity to drug Niraparib","6","Functionally normal","","","NA","CRISPR-Based Genome Editing","Base editing","33606977"
"NM_006218.4(PIK3CA):c.2084G>A (p.Cys695Tyr)","chr3","179221054","G/A","PIK3CA","0.994","dataset1286","Missense","Neutral to the sensitivity to drug Niraparib in HAP1","sensitivity to drug Niraparib","6","Functionally normal","","","NA","CRISPR-Based Genome Editing","Base editing","33606977"
"NM_006218.4(PIK3CA):c.2086_2088delinsAAA (p.Gly696Lys)","chr3","179221056","GGG/AAA","PIK3CA","0.994","dataset1286","Missense","Neutral to the sensitivity to drug Niraparib in HAP1","sensitivity to drug Niraparib","6","Functionally normal","","","NA","CRISPR-Based Genome Editing","Base editing","33606977"
"NM_006218.4(PIK3CA):c.2103C>T (p.His701=)","chr3","179221073","C/T","PIK3CA","-0.325","dataset1286","Synonymous","Neutral to the sensitivity to drug Niraparib in HAP1","sensitivity to drug Niraparib","6","Functionally normal","Likely benign","1.11627e-05","NA","CRISPR-Based Genome Editing","Base editing","33606977"
"NM_006218.4(PIK3CA):c.2104C>T (p.Leu702=)","chr3","179221074","C/T","PIK3CA","-0.325","dataset1286","Synonymous","Neutral to the sensitivity to drug Niraparib in HAP1","sensitivity to drug Niraparib","6","Functionally normal","","","NA","CRISPR-Based Genome Editing","Base editing","33606977"
"NM_006218.4(PIK3CA):c.2147C>T (p.Thr716Ile)","chr3","179221117","C/T","PIK3CA","1.544","dataset1286","Missense","Neutral to the sensitivity to drug Niraparib in HAP1","sensitivity to drug Niraparib","6","Functionally normal","Uncertain significance","","NA","CRISPR-Based Genome Editing","Base editing","33606977"
"NM_006218.4(PIK3CA):c.2232C>T (p.Phe744=)","chr3","179224125","C/T","PIK3CA","-0.0125","dataset1286","Synonymous","Neutral to the sensitivity to drug Niraparib in HAP1","sensitivity to drug Niraparib","6","Functionally normal","","1.86492e-06","NA","CRISPR-Based Genome Editing","Base editing","33606977"
"NM_006218.4(PIK3CA):c.2268C>T (p.Asn756=)","chr3","179224161","C/T","PIK3CA","-0.285","dataset1286","Synonymous","Neutral to the sensitivity to drug Niraparib in HAP1","sensitivity to drug Niraparib","6","Functionally normal","Likely benign","6.32892e-07","NA","CRISPR-Based Genome Editing","Base editing","33606977"
"NM_006218.4(PIK3CA):c.2269_2270delinsTT (p.Pro757Phe)","chr3","179224162","CC/TT","PIK3CA","-0.285","dataset1286","Missense","Neutral to the sensitivity to drug Niraparib in HAP1","sensitivity to drug Niraparib","6","Functionally normal","","","NA","CRISPR-Based Genome Editing","Base editing","33606977"
"NM_006218.4(PIK3CA):c.2278C>T (p.Gln760Ter)","chr3","179224171","C/T","PIK3CA","-1.432","dataset1286","Nonsense","Neutral to the sensitivity to drug Niraparib in HAP1","sensitivity to drug Niraparib","6","Functionally normal","","","NA","CRISPR-Based Genome Editing","Base editing","33606977"
"NM_006218.4(PIK3CA):c.2284_2285delinsAA (p.Gly762Lys)","chr3","179224177","GG/AA","PIK3CA","0.1675","dataset1286","Missense","Neutral to the sensitivity to drug Niraparib in HAP1","sensitivity to drug Niraparib","6","Functionally normal","","","NA","CRISPR-Based Genome Editing","Base editing","33606977"
"NM_006218.4(PIK3CA):c.2289C>T (p.Asn763=)","chr3","179224182","C/T","PIK3CA","-0.575333","dataset1286","Synonymous","Neutral to the sensitivity to drug Niraparib in HAP1","sensitivity to drug Niraparib","6","Functionally normal","Likely benign","1.32084e-06","NA","CRISPR-Based Genome Editing","Base editing","33606977"
"NM_006218.4(PIK3CA):c.2290C>T (p.Leu764Phe)","chr3","179224183","C/T","PIK3CA","-0.344","dataset1286","Missense","Neutral to the sensitivity to drug Niraparib in HAP1","sensitivity to drug Niraparib","6","Functionally normal","","","NA","CRISPR-Based Genome Editing","Base editing","33606977"
"NM_006218.4(PIK3CA):c.2294+11G>A","chr3","179224198","G/A","PIK3CA","0.82","dataset1286","Intron","Neutral to the sensitivity to drug Niraparib in HAP1","sensitivity to drug Niraparib","6","Functionally normal","","1.47861e-06","NA","CRISPR-Based Genome Editing","Base editing","33606977"
"NM_006218.4(PIK3CA):c.2294+12G>A","chr3","179224199","G/A","PIK3CA","0.82","dataset1286","Intron","Neutral to the sensitivity to drug Niraparib in HAP1","sensitivity to drug Niraparib","6","Functionally normal","","0","NA","CRISPR-Based Genome Editing","Base editing","33606977"
"NM_006218.4(PIK3CA):c.2294+13G>A","chr3","179224200","G/A","PIK3CA","0.82","dataset1286","Intron","Neutral to the sensitivity to drug Niraparib in HAP1","sensitivity to drug Niraparib","6","Functionally normal","","7.97166e-07","NA","CRISPR-Based Genome Editing","Base editing","33606977"
"NM_006218.4(PIK3CA):c.2294+14G>A","chr3","179224201","G/A","PIK3CA","0.82","dataset1286","Intron","Neutral to the sensitivity to drug Niraparib in HAP1","sensitivity to drug Niraparib","6","Functionally normal","","0","NA","CRISPR-Based Genome Editing","Base editing","33606977"
"NM_006218.4(PIK3CA):c.2321C>T (p.Ser774Phe)","chr3","179224726","C/T","PIK3CA","0.669","dataset1286","Missense","Neutral to the sensitivity to drug Niraparib in HAP1","sensitivity to drug Niraparib","6","Functionally normal","","","NA","CRISPR-Based Genome Editing","Base editing","33606977"
"NM_006218.4(PIK3CA):c.2333C>T (p.Pro778Leu)","chr3","179224738","C/T","PIK3CA","-0.0955","dataset1286","Missense","Neutral to the sensitivity to drug Niraparib in HAP1","sensitivity to drug Niraparib","6","Functionally normal","","","NA","CRISPR-Based Genome Editing","Base editing","33606977"
"NM_006218.4(PIK3CA):c.2335C>T (p.Leu779=)","chr3","179224740","C/T","PIK3CA","-0.134","dataset1286","Synonymous","Neutral to the sensitivity to drug Niraparib in HAP1","sensitivity to drug Niraparib","6","Functionally normal","","","NA","CRISPR-Based Genome Editing","Base editing","33606977"
"NM_006218.4(PIK3CA):c.2348_2349delinsAA (p.Trp783Ter)","chr3","179224753","GG/AA","PIK3CA","1.569","dataset1286","Nonsense","Neutral to the sensitivity to drug Niraparib in HAP1","sensitivity to drug Niraparib","6","Functionally normal","","","NA","CRISPR-Based Genome Editing","Base editing","33606977"
"NM_006218.4(PIK3CA):c.2350G>A (p.Glu784Lys)","chr3","179224755","G/A","PIK3CA","1.569","dataset1286","Missense","Neutral to the sensitivity to drug Niraparib in HAP1","sensitivity to drug Niraparib","6","Functionally normal","","","NA","CRISPR-Based Genome Editing","Base editing","33606977"
"NM_006218.4(PIK3CA):c.2397C>T (p.Ile799=)","chr3","179224802","C/T","PIK3CA","-0.6345","dataset1286","Synonymous","Neutral to the sensitivity to drug Niraparib in HAP1","sensitivity to drug Niraparib","6","Functionally normal","","","NA","CRISPR-Based Genome Editing","Base editing","33606977"
"NM_006218.4(PIK3CA):c.2443C>T (p.Gln815Ter)","chr3","179225988","C/T","PIK3CA","1.823","dataset1286","Nonsense","Neutral to the sensitivity to drug Niraparib in HAP1","sensitivity to drug Niraparib","6","Functionally normal","","","NA","CRISPR-Based Genome Editing","Base editing","33606977"
"NM_006218.4(PIK3CA):c.2479C>T (p.Gln827Ter)","chr3","179226024","C/T","PIK3CA","-0.204","dataset1286","Nonsense","Neutral to the sensitivity to drug Niraparib in HAP1","sensitivity to drug Niraparib","6","Functionally normal","","","NA","CRISPR-Based Genome Editing","Base editing","33606977"
"NM_006218.4(PIK3CA):c.2485C>T (p.Leu829Phe)","chr3","179226030","C/T","PIK3CA","0.624","dataset1286","Missense","Neutral to the sensitivity to drug Niraparib in HAP1","sensitivity to drug Niraparib","6","Functionally normal","Uncertain significance","","NA","CRISPR-Based Genome Editing","Base editing","33606977"
"NM_006218.4(PIK3CA):c.2494C>T (p.Arg832Ter)","chr3","179226039","C/T","PIK3CA","-0.963","dataset1286","Nonsense","Neutral to the sensitivity to drug Niraparib in HAP1","sensitivity to drug Niraparib","6","Functionally normal","","6.41096e-07","ucec:0.4% (2/529):0.315","CRISPR-Based Genome Editing","Base editing","33606977"
"NM_006218.4(PIK3CA):c.2495+24G>A","chr3","179226064","G/A","PIK3CA","-0.588","dataset1286","Intron","Neutral to the sensitivity to drug Niraparib in HAP1","sensitivity to drug Niraparib","6","Functionally normal","","7.59402e-07","NA","CRISPR-Based Genome Editing","Base editing","33606977"
"NM_006218.4(PIK3CA):c.2495+28G>A","chr3","179226068","G/A","PIK3CA","-0.588","dataset1286","Intron","Neutral to the sensitivity to drug Niraparib in HAP1","sensitivity to drug Niraparib","6","Functionally normal","","7.97594e-07","NA","CRISPR-Based Genome Editing","Base editing","33606977"
"NM_006218.4(PIK3CA):c.2496-3C>T","chr3","179229269","C/T","PIK3CA","0.632","dataset1286","Splice site","Neutral to the sensitivity to drug Niraparib in HAP1","sensitivity to drug Niraparib","6","Functionally normal","","","NA","CRISPR-Based Genome Editing","Base editing","33606977"
"NM_006218.4(PIK3CA):c.2519C>T (p.Ser840Leu)","chr3","179229295","C/T","PIK3CA","0.517","dataset1286","Missense","Neutral to the sensitivity to drug Niraparib in HAP1","sensitivity to drug Niraparib","6","Functionally normal","","","NA","CRISPR-Based Genome Editing","Base editing","33606977"
"NM_006218.4(PIK3CA):c.2529C>T (p.Asp843=)","chr3","179229305","C/T","PIK3CA","-0.357","dataset1286","Synonymous","Neutral to the sensitivity to drug Niraparib in HAP1","sensitivity to drug Niraparib","6","Functionally normal","Likely benign","","NA","CRISPR-Based Genome Editing","Base editing","33606977"
"NM_006218.4(PIK3CA):c.2637G>A (p.Gln879=)","chr3","179229413","G/A","PIK3CA","0.631","dataset1286","Synonymous","Neutral to the sensitivity to drug Niraparib in HAP1","sensitivity to drug Niraparib","6","Functionally normal","","","NA","CRISPR-Based Genome Editing","Base editing","33606977"
"NM_006218.4(PIK3CA):c.2639G>A (p.Trp880Ter)","chr3","179229415","G/A","PIK3CA","0.631","dataset1286","Nonsense","Neutral to the sensitivity to drug Niraparib in HAP1","sensitivity to drug Niraparib","6","Functionally normal","","","NA","CRISPR-Based Genome Editing","Base editing","33606977"
"NM_006218.4(PIK3CA):c.2643C>T (p.Leu881=)","chr3","179229419","C/T","PIK3CA","2.29","dataset1286","Synonymous","The enhanced sensitivity to drug Niraparib in HAP1","sensitivity to drug Niraparib","6","Gain-of-function","","","NA","CRISPR-Based Genome Editing","Base editing","33606977"
"NM_006218.4(PIK3CA):c.2666+38G>A","chr3","179229480","G/A","PIK3CA","3.834","dataset1286","Intron","The enhanced sensitivity to drug Niraparib in HAP1","sensitivity to drug Niraparib","6","Gain-of-function","","1.31463e-06","NA","CRISPR-Based Genome Editing","Base editing","33606977"
"NM_006218.4(PIK3CA):c.2693C>T (p.Thr898Ile)","chr3","179230030","C/T","PIK3CA","0.023","dataset1286","Missense","Neutral to the sensitivity to drug Niraparib in HAP1","sensitivity to drug Niraparib","6","Functionally normal","","","NA","CRISPR-Based Genome Editing","Base editing","33606977"
"NM_006218.4(PIK3CA):c.2696G>A (p.Arg899His)","chr3","179230033","G/A","PIK3CA","1.726","dataset1286","Missense","Neutral to the sensitivity to drug Niraparib in HAP1","sensitivity to drug Niraparib","6","Functionally normal","Uncertain significance","2.47996e-06","NA","CRISPR-Based Genome Editing","Base editing","33606977"
"NM_006218.4(PIK3CA):c.2702G>A (p.Cys901Tyr)","chr3","179230039","G/A","PIK3CA","0.226","dataset1286","Missense","Neutral to the sensitivity to drug Niraparib in HAP1","sensitivity to drug Niraparib","6","Functionally normal","","","NA","CRISPR-Based Genome Editing","Base editing","33606977"
"NM_006218.4(PIK3CA):c.2740_2741delinsAA (p.Gly914Lys)","chr3","179230077","GG/AA","PIK3CA","0.197","dataset1286","Missense","Neutral to the sensitivity to drug Niraparib in HAP1","sensitivity to drug Niraparib","6","Functionally normal","","","NA","CRISPR-Based Genome Editing","Base editing","33606977"
"NM_006218.4(PIK3CA):c.2763C>T (p.Ile921=)","chr3","179230100","C/T","PIK3CA","0.05","dataset1286","Synonymous","Neutral to the sensitivity to drug Niraparib in HAP1","sensitivity to drug Niraparib","6","Functionally normal","","","NA","CRISPR-Based Genome Editing","Base editing","33606977"
"NM_006218.4(PIK3CA):c.2775C>T (p.Asp925=)","chr3","179230112","C/T","PIK3CA","0.366","dataset1286","Synonymous","Neutral to the sensitivity to drug Niraparib in HAP1","sensitivity to drug Niraparib","6","Functionally normal","Likely benign","9.95603e-06","NA","CRISPR-Based Genome Editing","Base editing","33606977"
"NM_006218.4(PIK3CA):c.2784+12C>T","chr3","179230133","C/T","PIK3CA","0.687","dataset1286","Intron","Neutral to the sensitivity to drug Niraparib in HAP1","sensitivity to drug Niraparib","6","Functionally normal","","","NA","CRISPR-Based Genome Editing","Base editing","33606977"
"NM_006218.4(PIK3CA):c.2784+14C>T","chr3","179230135","C/T","PIK3CA","0.687","dataset1286","Intron","Neutral to the sensitivity to drug Niraparib in HAP1","sensitivity to drug Niraparib","6","Functionally normal","","","NA","CRISPR-Based Genome Editing","Base editing","33606977"
"NM_006218.4(PIK3CA):c.2919G>A (p.Lys973=)","chr3","179230359","G/A","PIK3CA","-0.5195","dataset1286","Synonymous","Neutral to the sensitivity to drug Niraparib in HAP1","sensitivity to drug Niraparib","6","Functionally normal","Likely benign","6.24502e-07","NA","CRISPR-Based Genome Editing","Base editing","33606977"
"NM_006218.4(PIK3CA):c.2921C>T (p.Thr974Ile)","chr3","179230361","C/T","PIK3CA","-0.133","dataset1286","Missense","Neutral to the sensitivity to drug Niraparib in HAP1","sensitivity to drug Niraparib","6","Functionally normal","","6.24674e-07","NA","CRISPR-Based Genome Editing","Base editing","33606977"
"NM_006218.4(PIK3CA):c.2936+22C>T","chr3","179230398","C/T","PIK3CA","0.908","dataset1286","Intron","Neutral to the sensitivity to drug Niraparib in HAP1","sensitivity to drug Niraparib","6","Functionally normal","","0","NA","CRISPR-Based Genome Editing","Base editing","33606977"
"NM_006218.4(PIK3CA):c.2936+24C>T","chr3","179230400","C/T","PIK3CA","0.908","dataset1286","Intron","Neutral to the sensitivity to drug Niraparib in HAP1","sensitivity to drug Niraparib","6","Functionally normal","","","NA","CRISPR-Based Genome Editing","Base editing","33606977"
"NM_006218.4(PIK3CA):c.2937-19C>T","chr3","179234075","C/T","PIK3CA","0.407","dataset1286","Intron","Neutral to the sensitivity to drug Niraparib in HAP1","sensitivity to drug Niraparib","6","Functionally normal","","6.3392e-07","NA","CRISPR-Based Genome Editing","Base editing","33606977"
"NM_006218.4(PIK3CA):c.2941C>T (p.Gln981Ter)","chr3","179234098","C/T","PIK3CA","0.474","dataset1286","Nonsense","Neutral to the sensitivity to drug Niraparib in HAP1","sensitivity to drug Niraparib","6","Functionally normal","","","NA","CRISPR-Based Genome Editing","Base editing","33606977"
"NM_006218.4(PIK3CA):c.3008C>T (p.Ser1003Leu)","chr3","179234165","C/T","PIK3CA","0.12","dataset1286","Missense","Neutral to the sensitivity to drug Niraparib in HAP1","sensitivity to drug Niraparib","6","Functionally normal","","1.23973e-06","NA","CRISPR-Based Genome Editing","Base editing","33606977"
"NM_006218.4(PIK3CA):c.3049G>A (p.Asp1017Asn)","chr3","179234206","G/A","PIK3CA","0.409","dataset1286","Missense","Neutral to the sensitivity to drug Niraparib in HAP1","sensitivity to drug Niraparib","6","Functionally normal","","","paad:0.5% (1/184):0.410","CRISPR-Based Genome Editing","Base editing","33606977"
"NM_006218.4(PIK3CA):c.3092C>T (p.Thr1031Ile)","chr3","179234249","C/T","PIK3CA","-0.773","dataset1286","Missense","Neutral to the sensitivity to drug Niraparib in HAP1","sensitivity to drug Niraparib","6","Functionally normal","","","NA","CRISPR-Based Genome Editing","Base editing","33606977"
"NM_006218.4(PIK3CA):c.3155C>T (p.Thr1052Ile)","chr3","179234312","C/T","PIK3CA","-1.411","dataset1286","Missense","Neutral to the sensitivity to drug Niraparib in HAP1","sensitivity to drug Niraparib","6","Functionally normal","","","NA","CRISPR-Based Genome Editing","Base editing","33606977"
"NM_006218.4(PIK3CA):c.5C>T (p.Pro2Leu)","chr3","179198830","C/T","PIK3CA","0.684","dataset1287","Missense","Neutral to the sensitivity to drug Talazoparib in HAP1","sensitivity to drug Talazoparib","6","Functionally normal","","","NA","CRISPR-Based Genome Editing","Base editing","33606977"
"NM_006218.4(PIK3CA):c.7_8delinsTT (p.Pro3Leu)","chr3","179198832","CC/TT","PIK3CA","0.684","dataset1287","Missense","Neutral to the sensitivity to drug Talazoparib in HAP1","sensitivity to drug Talazoparib","6","Functionally normal","","","NA","CRISPR-Based Genome Editing","Base editing","33606977"
"NM_006218.4(PIK3CA):c.14C>T (p.Pro5Leu)","chr3","179198839","C/T","PIK3CA","-0.082","dataset1287","Missense","Neutral to the sensitivity to drug Talazoparib in HAP1","sensitivity to drug Talazoparib","6","Functionally normal","","","NA","CRISPR-Based Genome Editing","Base editing","33606977"
"NM_006218.4(PIK3CA):c.17C>T (p.Ser6Leu)","chr3","179198842","C/T","PIK3CA","0.512","dataset1287","Missense","Neutral to the sensitivity to drug Talazoparib in HAP1","sensitivity to drug Talazoparib","6","Functionally normal","","","NA","CRISPR-Based Genome Editing","Base editing","33606977"
"NM_006218.4(PIK3CA):c.20C>T (p.Ser7Leu)","chr3","179198845","C/T","PIK3CA","1.294","dataset1287","Missense","Neutral to the sensitivity to drug Talazoparib in HAP1","sensitivity to drug Talazoparib","6","Functionally normal","","6.43589e-07","NA","CRISPR-Based Genome Editing","Base editing","33606977"
"NM_006218.4(PIK3CA):c.22_23delinsAA (p.Gly8Asn)","chr3","179198847","GG/AA","PIK3CA","-0.77","dataset1287","Missense","Neutral to the sensitivity to drug Talazoparib in HAP1","sensitivity to drug Talazoparib","6","Functionally normal","","","NA","CRISPR-Based Genome Editing","Base editing","33606977"
"NM_006218.4(PIK3CA):c.25G>A (p.Glu9Lys)","chr3","179198850","G/A","PIK3CA","-0.896","dataset1287","Missense","Neutral to the sensitivity to drug Talazoparib in HAP1","sensitivity to drug Talazoparib","6","Functionally normal","Uncertain significance","","NA","CRISPR-Based Genome Editing","Base editing","33606977"
"NM_006218.4(PIK3CA):c.30G>A (p.Leu10=)","chr3","179198855","G/A","PIK3CA","-0.604","dataset1287","Synonymous","Neutral to the sensitivity to drug Talazoparib in HAP1","sensitivity to drug Talazoparib","6","Functionally normal","Likely benign","1.90648e-06","NA","CRISPR-Based Genome Editing","Base editing","33606977"
"NM_006218.4(PIK3CA):c.32G>A (p.Trp11Ter)","chr3","179198857","G/A","PIK3CA","-0.604","dataset1287","Nonsense","Neutral to the sensitivity to drug Talazoparib in HAP1","sensitivity to drug Talazoparib","6","Functionally normal","","","NA","CRISPR-Based Genome Editing","Base editing","33606977"
"NM_006218.4(PIK3CA):c.56G>A (p.Arg19Lys)","chr3","179198881","G/A","PIK3CA","0.002","dataset1287","Missense","Neutral to the sensitivity to drug Talazoparib in HAP1","sensitivity to drug Talazoparib","6","Functionally normal","","6.25752e-07","NA","CRISPR-Based Genome Editing","Base editing","33606977"
"NM_006218.4(PIK3CA):c.64G>A (p.Val22Ile)","chr3","179198889","G/A","PIK3CA","-0.184","dataset1287","Missense","Neutral to the sensitivity to drug Talazoparib in HAP1","sensitivity to drug Talazoparib","6","Functionally normal","Uncertain significance","6.23131e-07","NA","CRISPR-Based Genome Editing","Base editing","33606977"
"NM_006218.4(PIK3CA):c.67G>A (p.Glu23Lys)","chr3","179198892","G/A","PIK3CA","0.30725","dataset1287","Missense","Neutral to the sensitivity to drug Talazoparib in HAP1","sensitivity to drug Talazoparib","6","Functionally normal","","","NA","CRISPR-Based Genome Editing","Base editing","33606977"
"NM_006218.4(PIK3CA):c.71G>A (p.Cys24Tyr)","chr3","179198896","G/A","PIK3CA","1.169","dataset1287","Missense","Neutral to the sensitivity to drug Talazoparib in HAP1","sensitivity to drug Talazoparib","6","Functionally normal","","","NA","CRISPR-Based Genome Editing","Base editing","33606977"
"NM_006218.4(PIK3CA):c.190G>A (p.Asp64Asn)","chr3","179199015","G/A","PIK3CA","0.301","dataset1287","Missense","Neutral to the sensitivity to drug Talazoparib in HAP1","sensitivity to drug Talazoparib","6","Functionally normal","","","NA","CRISPR-Based Genome Editing","Base editing","33606977"
"NM_006218.4(PIK3CA):c.193G>A (p.Glu65Lys)","chr3","179199018","G/A","PIK3CA","0.649","dataset1287","Missense","Neutral to the sensitivity to drug Talazoparib in HAP1","sensitivity to drug Talazoparib","6","Functionally normal","","6.19785e-07","lusc:0.2% (1/487):0.100","CRISPR-Based Genome Editing","Base editing","33606977"
"NM_006218.4(PIK3CA):c.221C>T (p.Thr74Ile)","chr3","179199046","C/T","PIK3CA","-0.7555","dataset1287","Missense","Neutral to the sensitivity to drug Talazoparib in HAP1","sensitivity to drug Talazoparib","6","Functionally normal","","1.2394e-06","NA","CRISPR-Based Genome Editing","Base editing","33606977"
"NM_006218.4(PIK3CA):c.223C>T (p.Gln75Ter)","chr3","179199048","C/T","PIK3CA","2.06","dataset1287","Nonsense","The enhanced sensitivity to drug Talazoparib in HAP1","sensitivity to drug Talazoparib","6","Gain-of-function","","","NA","CRISPR-Based Genome Editing","Base editing","33606977"
"NM_006218.4(PIK3CA):c.262C>T (p.Arg88Ter)","chr3","179199087","C/T","PIK3CA","-1.008","dataset1287","Nonsense","Neutral to the sensitivity to drug Talazoparib in HAP1","sensitivity to drug Talazoparib","6","Functionally normal","","6.19781e-07","NA","CRISPR-Based Genome Editing","Base editing","33606977"
"NM_006218.4(PIK3CA):c.336C>T (p.Ile112=)","chr3","179199161","C/T","PIK3CA","0.201","dataset1287","Synonymous","Neutral to the sensitivity to drug Talazoparib in HAP1","sensitivity to drug Talazoparib","6","Functionally normal","","","NA","CRISPR-Based Genome Editing","Base editing","33606977"
"NM_006218.4(PIK3CA):c.337C>T (p.Leu113Phe)","chr3","179199162","C/T","PIK3CA","0.201","dataset1287","Missense","Neutral to the sensitivity to drug Talazoparib in HAP1","sensitivity to drug Talazoparib","6","Functionally normal","Uncertain significance","","NA","CRISPR-Based Genome Editing","Base editing","33606977"
"NM_006218.4(PIK3CA):c.352G>A (p.Gly118Ser)","chr3","179199177","G/A","PIK3CA","0.949","dataset1287","Missense","Neutral to the sensitivity to drug Talazoparib in HAP1","sensitivity to drug Talazoparib","6","Functionally normal","","","NA","CRISPR-Based Genome Editing","Base editing","33606977"
"NM_006218.4(PIK3CA):c.352+1G>A","chr3","179199178","G/A","PIK3CA","0.949","dataset1287","Splice site","Neutral to the sensitivity to drug Talazoparib in HAP1","sensitivity to drug Talazoparib","6","Functionally normal","","","NA","CRISPR-Based Genome Editing","Base editing","33606977"
"NM_006218.4(PIK3CA):c.385G>A (p.Asp129Asn)","chr3","179199722","G/A","PIK3CA","-2.51","dataset1287","Missense","The reduced sensitivity to drug Talazoparib in HAP1","sensitivity to drug Talazoparib","6","Loss-of-function","","6.20096e-07","NA","CRISPR-Based Genome Editing","Base editing","33606977"
"NM_006218.4(PIK3CA):c.419G>A (p.Arg140Gln)","chr3","179199756","G/A","PIK3CA","0.441","dataset1287","Missense","Neutral to the sensitivity to drug Talazoparib in HAP1","sensitivity to drug Talazoparib","6","Functionally normal","","6.19814e-07","NA","CRISPR-Based Genome Editing","Base editing","33606977"
"NM_006218.4(PIK3CA):c.432G>A (p.Leu144=)","chr3","179199769","G/A","PIK3CA","-1.603","dataset1287","Synonymous","Neutral to the sensitivity to drug Talazoparib in HAP1","sensitivity to drug Talazoparib","6","Functionally normal","","3.09952e-06","NA","CRISPR-Based Genome Editing","Base editing","33606977"
"NM_006218.4(PIK3CA):c.435C>T (p.Asn145=)","chr3","179199772","C/T","PIK3CA","0.398","dataset1287","Synonymous","Neutral to the sensitivity to drug Talazoparib in HAP1","sensitivity to drug Talazoparib","6","Functionally normal","Likely benign","6.82044e-06","NA","CRISPR-Based Genome Editing","Base editing","33606977"
"NM_006218.4(PIK3CA):c.436G>A (p.Val146Ile)","chr3","179199773","G/A","PIK3CA","-1.603","dataset1287","Missense","Neutral to the sensitivity to drug Talazoparib in HAP1","sensitivity to drug Talazoparib","6","Functionally normal","Uncertain significance","2.23197e-05","NA","CRISPR-Based Genome Editing","Base editing","33606977"
"NM_006218.4(PIK3CA):c.482G>A (p.Ser161Asn)","chr3","179199819","G/A","PIK3CA","-0.116","dataset1287","Missense","Neutral to the sensitivity to drug Talazoparib in HAP1","sensitivity to drug Talazoparib","6","Functionally normal","","1.86014e-06","NA","CRISPR-Based Genome Editing","Base editing","33606977"
"NM_006218.4(PIK3CA):c.492G>A (p.Met164Ile)","chr3","179199829","G/A","PIK3CA","-1.082","dataset1287","Missense","Neutral to the sensitivity to drug Talazoparib in HAP1","sensitivity to drug Talazoparib","6","Functionally normal","","","NA","CRISPR-Based Genome Editing","Base editing","33606977"
"NM_006218.4(PIK3CA):c.615G>A (p.Gln205=)","chr3","179201342","G/A","PIK3CA","-0.108","dataset1287","Synonymous","Neutral to the sensitivity to drug Talazoparib in HAP1","sensitivity to drug Talazoparib","6","Functionally normal","","","NA","CRISPR-Based Genome Editing","Base editing","33606977"
"NM_006218.4(PIK3CA):c.652G>A (p.Glu218Lys)","chr3","179201379","G/A","PIK3CA","1.05","dataset1287","Missense","Neutral to the sensitivity to drug Talazoparib in HAP1","sensitivity to drug Talazoparib","6","Functionally normal","Pathogenic","","NA","CRISPR-Based Genome Editing","Base editing","33606977"
"NM_006218.4(PIK3CA):c.667G>A (p.Glu223Lys)","chr3","179201394","G/A","PIK3CA","0.869","dataset1287","Missense","Neutral to the sensitivity to drug Talazoparib in HAP1","sensitivity to drug Talazoparib","6","Functionally normal","Uncertain significance","","NA","CRISPR-Based Genome Editing","Base editing","33606977"
"NM_006218.4(PIK3CA):c.796_797delinsTT (p.Pro266Phe)","chr3","179201523","CC/TT","PIK3CA","-0.72","dataset1287","Missense","Neutral to the sensitivity to drug Talazoparib in HAP1","sensitivity to drug Talazoparib","6","Functionally normal","","","NA","CRISPR-Based Genome Editing","Base editing","33606977"
"NM_006218.4(PIK3CA):c.799C>T (p.Leu267=)","chr3","179201526","C/T","PIK3CA","-0.72","dataset1287","Synonymous","Neutral to the sensitivity to drug Talazoparib in HAP1","sensitivity to drug Talazoparib","6","Functionally normal","","","NA","CRISPR-Based Genome Editing","Base editing","33606977"
"NM_006218.4(PIK3CA):c.813G>A (p.Lys271=)","chr3","179201540","G/A","PIK3CA","1.796","dataset1287","Splice site","Neutral to the sensitivity to drug Talazoparib in HAP1","sensitivity to drug Talazoparib","6","Functionally normal","","0","NA","CRISPR-Based Genome Editing","Base editing","33606977"
"NM_006218.4(PIK3CA):c.813+1G>A","chr3","179201541","G/A","PIK3CA","1.796","dataset1287","Splice site","Neutral to the sensitivity to drug Talazoparib in HAP1","sensitivity to drug Talazoparib","6","Functionally normal","","","NA","CRISPR-Based Genome Editing","Base editing","33606977"
"NM_006218.4(PIK3CA):c.814-1G>A","chr3","179203543","G/A","PIK3CA","1.68033","dataset1287","Splice site","Neutral to the sensitivity to drug Talazoparib in HAP1","sensitivity to drug Talazoparib","6","Functionally normal","","","NA","CRISPR-Based Genome Editing","Base editing","33606977"
"NM_006218.4(PIK3CA):c.848_849delinsTT (p.Pro283Leu)","chr3","179203578","CC/TT","PIK3CA","0.13","dataset1287","Missense","Neutral to the sensitivity to drug Talazoparib in HAP1","sensitivity to drug Talazoparib","6","Functionally normal","","","NA","CRISPR-Based Genome Editing","Base editing","33606977"
"NM_006218.4(PIK3CA):c.864G>A (p.Met288Ile)","chr3","179203594","G/A","PIK3CA","-0.1105","dataset1287","Missense","Neutral to the sensitivity to drug Talazoparib in HAP1","sensitivity to drug Talazoparib","6","Functionally normal","Uncertain significance","","NA","CRISPR-Based Genome Editing","Base editing","33606977"
"NM_006218.4(PIK3CA):c.944C>T (p.Thr315Ile)","chr3","179203674","C/T","PIK3CA","0.505","dataset1287","Missense","Neutral to the sensitivity to drug Talazoparib in HAP1","sensitivity to drug Talazoparib","6","Functionally normal","","","NA","CRISPR-Based Genome Editing","Base editing","33606977"
"NM_006218.4(PIK3CA):c.954G>A (p.Met318Ile)","chr3","179203684","G/A","PIK3CA","-1.405","dataset1287","Missense","Neutral to the sensitivity to drug Talazoparib in HAP1","sensitivity to drug Talazoparib","6","Functionally normal","Uncertain significance","5.57738e-06","NA","CRISPR-Based Genome Editing","Base editing","33606977"
"NM_006218.4(PIK3CA):c.961G>A (p.Glu321Lys)","chr3","179203691","G/A","PIK3CA","-1.302","dataset1287","Missense","Neutral to the sensitivity to drug Talazoparib in HAP1","sensitivity to drug Talazoparib","6","Functionally normal","","6.19695e-07","NA","CRISPR-Based Genome Editing","Base editing","33606977"
"NM_006218.4(PIK3CA):c.965C>T (p.Thr322Ile)","chr3","179203695","C/T","PIK3CA","-3.574","dataset1287","Missense","The reduced sensitivity to drug Talazoparib in HAP1","sensitivity to drug Talazoparib","6","Loss-of-function","","","NA","CRISPR-Based Genome Editing","Base editing","33606977"
"NM_006218.4(PIK3CA):c.968C>T (p.Ser323Phe)","chr3","179203698","C/T","PIK3CA","-0.716","dataset1287","Missense","Neutral to the sensitivity to drug Talazoparib in HAP1","sensitivity to drug Talazoparib","6","Functionally normal","","","NA","CRISPR-Based Genome Editing","Base editing","33606977"
"NM_006218.4(PIK3CA):c.995G>A (p.Ser332Asn)","chr3","179203725","G/A","PIK3CA","-0.7995","dataset1287","Missense","Neutral to the sensitivity to drug Talazoparib in HAP1","sensitivity to drug Talazoparib","6","Functionally normal","Uncertain significance","1.86046e-06","NA","CRISPR-Based Genome Editing","Base editing","33606977"
"NM_006218.4(PIK3CA):c.1045C>T (p.Arg349Ter)","chr3","179203775","C/T","PIK3CA","-0.093","dataset1287","Nonsense","Neutral to the sensitivity to drug Talazoparib in HAP1","sensitivity to drug Talazoparib","6","Functionally normal","","0","NA","CRISPR-Based Genome Editing","Base editing","33606977"
"NM_006218.4(PIK3CA):c.1060-1G>A","chr3","179204502","G/A","PIK3CA","1.84","dataset1287","Splice site","Neutral to the sensitivity to drug Talazoparib in HAP1","sensitivity to drug Talazoparib","6","Functionally normal","","","NA","CRISPR-Based Genome Editing","Base editing","33606977"
"NM_006218.4(PIK3CA):c.1069C>T (p.Arg357Ter)","chr3","179204512","C/T","PIK3CA","1.383","dataset1287","Nonsense","Neutral to the sensitivity to drug Talazoparib in HAP1","sensitivity to drug Talazoparib","6","Functionally normal","","1.28802e-06","NA","CRISPR-Based Genome Editing","Base editing","33606977"
"NM_006218.4(PIK3CA):c.1073C>T (p.Thr358Ile)","chr3","179204516","C/T","PIK3CA","1.294","dataset1287","Missense","Neutral to the sensitivity to drug Talazoparib in HAP1","sensitivity to drug Talazoparib","6","Functionally normal","","0","NA","CRISPR-Based Genome Editing","Base editing","33606977"
"NM_006218.4(PIK3CA):c.1113G>A (p.Val371=)","chr3","179204556","G/A","PIK3CA","1.846","dataset1287","Synonymous","Neutral to the sensitivity to drug Talazoparib in HAP1","sensitivity to drug Talazoparib","6","Functionally normal","Likely benign","1.26235e-06","NA","CRISPR-Based Genome Editing","Base editing","33606977"
"NM_006218.4(PIK3CA):c.1129_1130delinsTT (p.Pro377Phe)","chr3","179204572","CC/TT","PIK3CA","-1.077","dataset1287","Missense","Neutral to the sensitivity to drug Talazoparib in HAP1","sensitivity to drug Talazoparib","6","Functionally normal","","","NA","CRISPR-Based Genome Editing","Base editing","33606977"
"NM_006218.4(PIK3CA):c.1136C>T (p.Ser379Phe)","chr3","179204579","C/T","PIK3CA","-0.277","dataset1287","Missense","Neutral to the sensitivity to drug Talazoparib in HAP1","sensitivity to drug Talazoparib","6","Functionally normal","","","NA","CRISPR-Based Genome Editing","Base editing","33606977"
"NM_006218.4(PIK3CA):c.1145G>A (p.Arg382Lys)","chr3","179204588","G/A","PIK3CA","1.803","dataset1287","Missense","Neutral to the sensitivity to drug Talazoparib in HAP1","sensitivity to drug Talazoparib","6","Functionally normal","Conflicting classifications of pathogenicity","2.10593e-06","NA","CRISPR-Based Genome Editing","Base editing","33606977"
"NM_006218.4(PIK3CA):c.1145+1G>A","chr3","179204589","G/A","PIK3CA","1.803","dataset1287","Splice site","Neutral to the sensitivity to drug Talazoparib in HAP1","sensitivity to drug Talazoparib","6","Functionally normal","","0","NA","CRISPR-Based Genome Editing","Base editing","33606977"
"NM_006218.4(PIK3CA):c.1145+6G>A","chr3","179204594","G/A","PIK3CA","-0.541","dataset1287","Splice site","Neutral to the sensitivity to drug Talazoparib in HAP1","sensitivity to drug Talazoparib","6","Functionally normal","","0","NA","CRISPR-Based Genome Editing","Base editing","33606977"
"NM_006218.4(PIK3CA):c.1145+9G>A","chr3","179204597","G/A","PIK3CA","-0.541","dataset1287","Intron","Neutral to the sensitivity to drug Talazoparib in HAP1","sensitivity to drug Talazoparib","6","Functionally normal","Likely benign","8.35012e-06","NA","CRISPR-Based Genome Editing","Base editing","33606977"
"NM_006218.4(PIK3CA):c.1145+16G>A","chr3","179204604","G/A","PIK3CA","-1.114","dataset1287","Intron","Neutral to the sensitivity to drug Talazoparib in HAP1","sensitivity to drug Talazoparib","6","Functionally normal","Likely benign","6.41143e-06","NA","CRISPR-Based Genome Editing","Base editing","33606977"
"NM_006218.4(PIK3CA):c.1145+42G>A","chr3","179204630","G/A","PIK3CA","1.062","dataset1287","Intron","Neutral to the sensitivity to drug Talazoparib in HAP1","sensitivity to drug Talazoparib","6","Functionally normal","","2.12086e-06","NA","CRISPR-Based Genome Editing","Base editing","33606977"
"NM_006218.4(PIK3CA):c.1145+44G>A","chr3","179204632","G/A","PIK3CA","1.062","dataset1287","Intron","Neutral to the sensitivity to drug Talazoparib in HAP1","sensitivity to drug Talazoparib","6","Functionally normal","","0","NA","CRISPR-Based Genome Editing","Base editing","33606977"
"NM_006218.4(PIK3CA):c.1214_1215delinsTT (p.Ser405Phe)","chr3","179209663","CC/TT","PIK3CA","1.964","dataset1287","Missense","Neutral to the sensitivity to drug Talazoparib in HAP1","sensitivity to drug Talazoparib","6","Functionally normal","","","NA","CRISPR-Based Genome Editing","Base editing","33606977"
"NM_006218.4(PIK3CA):c.1223C>T (p.Ser408Phe)","chr3","179209672","C/T","PIK3CA","-0.892","dataset1287","Missense","Neutral to the sensitivity to drug Talazoparib in HAP1","sensitivity to drug Talazoparib","6","Functionally normal","","","NA","CRISPR-Based Genome Editing","Base editing","33606977"
"NM_006218.4(PIK3CA):c.1225G>A (p.Val409Ile)","chr3","179209674","G/A","PIK3CA","-0.259","dataset1287","Missense","Neutral to the sensitivity to drug Talazoparib in HAP1","sensitivity to drug Talazoparib","6","Functionally normal","Uncertain significance","","NA","CRISPR-Based Genome Editing","Base editing","33606977"
"NM_006218.4(PIK3CA):c.1231G>A (p.Gly411Ser)","chr3","179209680","G/A","PIK3CA","1.668","dataset1287","Missense","Neutral to the sensitivity to drug Talazoparib in HAP1","sensitivity to drug Talazoparib","6","Functionally normal","","","NA","CRISPR-Based Genome Editing","Base editing","33606977"
"NM_006218.4(PIK3CA):c.1234C>T (p.Arg412Ter)","chr3","179209683","C/T","PIK3CA","0.894","dataset1287","Nonsense","Neutral to the sensitivity to drug Talazoparib in HAP1","sensitivity to drug Talazoparib","6","Functionally normal","","","NA","CRISPR-Based Genome Editing","Base editing","33606977"
"NM_006218.4(PIK3CA):c.1251+1G>A","chr3","179209701","G/A","PIK3CA","1.007","dataset1287","Splice site","Neutral to the sensitivity to drug Talazoparib in HAP1","sensitivity to drug Talazoparib","6","Functionally normal","","0","NA","CRISPR-Based Genome Editing","Base editing","33606977"
"NM_006218.4(PIK3CA):c.1298C>T (p.Thr433Ile)","chr3","179210232","C/T","PIK3CA","-0.35","dataset1287","Missense","Neutral to the sensitivity to drug Talazoparib in HAP1","sensitivity to drug Talazoparib","6","Functionally normal","","0","NA","CRISPR-Based Genome Editing","Base editing","33606977"
"NM_006218.4(PIK3CA):c.1306C>T (p.Leu436=)","chr3","179210240","C/T","PIK3CA","-0.885","dataset1287","Synonymous","Neutral to the sensitivity to drug Talazoparib in HAP1","sensitivity to drug Talazoparib","6","Functionally normal","","","NA","CRISPR-Based Genome Editing","Base editing","33606977"
"NM_006218.4(PIK3CA):c.1333C>T (p.Leu445Phe)","chr3","179210267","C/T","PIK3CA","0.501","dataset1287","Missense","Neutral to the sensitivity to drug Talazoparib in HAP1","sensitivity to drug Talazoparib","6","Functionally normal","","","NA","CRISPR-Based Genome Editing","Base editing","33606977"
"NM_006218.4(PIK3CA):c.1357G>A (p.Glu453Lys)","chr3","179210291","G/A","PIK3CA","1.142","dataset1287","Missense","Neutral to the sensitivity to drug Talazoparib in HAP1","sensitivity to drug Talazoparib","6","Functionally normal","Pathogenic","","blca:0.5% (2/411):0.155;brca:0.6% (6/1084):0.280;cesc:0.7% (2/297):0.140;hnsc:0.2% (1/523):0.210;lgg:0.6% (3/514):0.170;lusc:0.2% (1/487):0.100;stad:0.7% (3/440):0.360","CRISPR-Based Genome Editing","Base editing","33606977"
"NM_006218.4(PIK3CA):c.1360G>A (p.Asp454Asn)","chr3","179210294","G/A","PIK3CA","0.297","dataset1287","Missense","Neutral to the sensitivity to drug Talazoparib in HAP1","sensitivity to drug Talazoparib","6","Functionally normal","","","NA","CRISPR-Based Genome Editing","Base editing","33606977"
"NM_006218.4(PIK3CA):c.1371C>T (p.Asn457=)","chr3","179210305","C/T","PIK3CA","0.04","dataset1287","Synonymous","Neutral to the sensitivity to drug Talazoparib in HAP1","sensitivity to drug Talazoparib","6","Functionally normal","","","NA","CRISPR-Based Genome Editing","Base editing","33606977"
"NM_006218.4(PIK3CA):c.1372_1373delinsTT (p.Pro458Phe)","chr3","179210306","CC/TT","PIK3CA","0.04","dataset1287","Missense","Neutral to the sensitivity to drug Talazoparib in HAP1","sensitivity to drug Talazoparib","6","Functionally normal","","","NA","CRISPR-Based Genome Editing","Base editing","33606977"
"NM_006218.4(PIK3CA):c.1387_1388delinsAA (p.Gly463Lys)","chr3","179210321","GG/AA","PIK3CA","0.4845","dataset1287","Missense","Neutral to the sensitivity to drug Talazoparib in HAP1","sensitivity to drug Talazoparib","6","Functionally normal","","","NA","CRISPR-Based Genome Editing","Base editing","33606977"
"NM_006218.4(PIK3CA):c.1391C>T (p.Ser464Leu)","chr3","179210325","C/T","PIK3CA","1.26","dataset1287","Missense","Neutral to the sensitivity to drug Talazoparib in HAP1","sensitivity to drug Talazoparib","6","Functionally normal","","","NA","CRISPR-Based Genome Editing","Base editing","33606977"
"NM_006218.4(PIK3CA):c.1409C>T (p.Thr470Ile)","chr3","179210435","C/T","PIK3CA","-1.386","dataset1287","Missense","Neutral to the sensitivity to drug Talazoparib in HAP1","sensitivity to drug Talazoparib","6","Functionally normal","Uncertain significance","","NA","CRISPR-Based Genome Editing","Base editing","33606977"
"NM_006218.4(PIK3CA):c.1411C>T (p.Pro471Ser)","chr3","179210437","C/T","PIK3CA","-1.386","dataset1287","Missense","Neutral to the sensitivity to drug Talazoparib in HAP1","sensitivity to drug Talazoparib","6","Functionally normal","","","NA","CRISPR-Based Genome Editing","Base editing","33606977"
"NM_006218.4(PIK3CA):c.1434C>T (p.Asp478=)","chr3","179210460","C/T","PIK3CA","-0.306","dataset1287","Synonymous","Neutral to the sensitivity to drug Talazoparib in HAP1","sensitivity to drug Talazoparib","6","Functionally normal","Likely benign","","NA","CRISPR-Based Genome Editing","Base editing","33606977"
"NM_006218.4(PIK3CA):c.1473G>A (p.Val491=)","chr3","179210499","G/A","PIK3CA","-2.288","dataset1287","Synonymous","The reduced sensitivity to drug Talazoparib in HAP1","sensitivity to drug Talazoparib","6","Loss-of-function","","","NA","CRISPR-Based Genome Editing","Base editing","33606977"
"NM_006218.4(PIK3CA):c.1477G>A (p.Glu493Lys)","chr3","179210503","G/A","PIK3CA","-0.4295","dataset1287","Missense","Neutral to the sensitivity to drug Talazoparib in HAP1","sensitivity to drug Talazoparib","6","Functionally normal","","6.19569e-07","NA","CRISPR-Based Genome Editing","Base editing","33606977"
"NM_006218.4(PIK3CA):c.1496C>T (p.Ser499Phe)","chr3","179210522","C/T","PIK3CA","-0.009","dataset1287","Missense","Neutral to the sensitivity to drug Talazoparib in HAP1","sensitivity to drug Talazoparib","6","Functionally normal","","","blca:0.2% (1/411):0.520","CRISPR-Based Genome Editing","Base editing","33606977"
"NM_006218.4(PIK3CA):c.1505G>A (p.Arg502Gln)","chr3","179210531","G/A","PIK3CA","-2.738","dataset1287","Missense","The reduced sensitivity to drug Talazoparib in HAP1","sensitivity to drug Talazoparib","6","Loss-of-function","Uncertain significance","5.57674e-06","NA","CRISPR-Based Genome Editing","Base editing","33606977"
"NM_006218.4(PIK3CA):c.1526_1527delinsTT (p.Ser509Phe)","chr3","179210552","CC/TT","PIK3CA","1.108","dataset1287","Missense","Neutral to the sensitivity to drug Talazoparib in HAP1","sensitivity to drug Talazoparib","6","Functionally normal","","","NA","CRISPR-Based Genome Editing","Base editing","33606977"
"NM_006218.4(PIK3CA):c.1539+5G>A","chr3","179210570","G/A","PIK3CA","1.2215","dataset1287","Splice site","Neutral to the sensitivity to drug Talazoparib in HAP1","sensitivity to drug Talazoparib","6","Functionally normal","","","NA","CRISPR-Based Genome Editing","Base editing","33606977"
"NM_006218.4(PIK3CA):c.1539+31C>T","chr3","179210596","C/T","PIK3CA","0.155","dataset1287","Intron","Neutral to the sensitivity to drug Talazoparib in HAP1","sensitivity to drug Talazoparib","6","Functionally normal","","","NA","CRISPR-Based Genome Editing","Base editing","33606977"
"NM_006218.4(PIK3CA):c.1633G>A (p.Glu545Lys)","chr3","179218303","G/A","PIK3CA","0.452","dataset1287","Missense","Neutral to the sensitivity to drug Talazoparib in HAP1","sensitivity to drug Talazoparib","6","Functionally normal","Pathogenic/Likely pathogenic","","blca:7.1% (29/411):0.330;brca:6.0% (65/1084):0.320;cesc:12.5% (37/297):0.290;chol:2.8% (1/36):0.310;coad:7.3% (32/439):0.285;esca:3.3% (6/182):0.235;gbm:0.5% (3/592):0.190;hnsc:5.0% (26/523):0.145;kirc:0.2% (1/512):0.140;lgg:0.2% (1/514):0.230;luad:1.1% (6/566):0.400;lusc:2.7% (13/487):0.260;ov:0.2% (1/585):0.240;read:1.9% (3/155):0.180;skcm:0.4% (2/448):0.430;stad:2.3% (10/440):0.220;tgct:1.3% (2/149):0.185;ucec:2.8% (15/529):0.360;ucs:7.0% (4/57):0.315","CRISPR-Based Genome Editing","Base editing","33606977"
"NM_006218.4(PIK3CA):c.1662C>T (p.His554=)","chr3","179218332","C/T","PIK3CA","-0.548","dataset1287","Splice site","Neutral to the sensitivity to drug Talazoparib in HAP1","sensitivity to drug Talazoparib","6","Functionally normal","","","NA","CRISPR-Based Genome Editing","Base editing","33606977"
"NM_006218.4(PIK3CA):c.1673G>A (p.Cys558Tyr)","chr3","179219204","G/A","PIK3CA","-0.3225","dataset1287","Missense","Neutral to the sensitivity to drug Talazoparib in HAP1","sensitivity to drug Talazoparib","6","Functionally normal","","6.28125e-07","NA","CRISPR-Based Genome Editing","Base editing","33606977"
"NM_006218.4(PIK3CA):c.1675G>A (p.Val559Ile)","chr3","179219206","G/A","PIK3CA","-0.3225","dataset1287","Missense","Neutral to the sensitivity to drug Talazoparib in HAP1","sensitivity to drug Talazoparib","6","Functionally normal","","6.27498e-07","NA","CRISPR-Based Genome Editing","Base editing","33606977"
"NM_006218.4(PIK3CA):c.1714G>A (p.Val572Ile)","chr3","179219245","G/A","PIK3CA","1.0155","dataset1287","Missense","Neutral to the sensitivity to drug Talazoparib in HAP1","sensitivity to drug Talazoparib","6","Functionally normal","","0","NA","CRISPR-Based Genome Editing","Base editing","33606977"
"NM_006218.4(PIK3CA):c.1746+15G>A","chr3","179219292","G/A","PIK3CA","0.1","dataset1287","Intron","Neutral to the sensitivity to drug Talazoparib in HAP1","sensitivity to drug Talazoparib","6","Functionally normal","","","NA","CRISPR-Based Genome Editing","Base editing","33606977"
"NM_006218.4(PIK3CA):c.1746+30C>T","chr3","179219307","C/T","PIK3CA","-0.166","dataset1287","Intron","Neutral to the sensitivity to drug Talazoparib in HAP1","sensitivity to drug Talazoparib","6","Functionally normal","","","NA","CRISPR-Based Genome Editing","Base editing","33606977"
"NM_006218.4(PIK3CA):c.1747-5C>T","chr3","179219566","C/T","PIK3CA","1.603","dataset1287","Splice site","Neutral to the sensitivity to drug Talazoparib in HAP1","sensitivity to drug Talazoparib","6","Functionally normal","","","NA","CRISPR-Based Genome Editing","Base editing","33606977"
"NM_006218.4(PIK3CA):c.1747-3C>T","chr3","179219568","C/T","PIK3CA","1.603","dataset1287","Splice site","Neutral to the sensitivity to drug Talazoparib in HAP1","sensitivity to drug Talazoparib","6","Functionally normal","","1.47215e-06","NA","CRISPR-Based Genome Editing","Base editing","33606977"
"NM_006218.4(PIK3CA):c.1774_1775delinsTT (p.Pro592Leu)","chr3","179219598","CC/TT","PIK3CA","-3.754","dataset1287","Missense","The reduced sensitivity to drug Talazoparib in HAP1","sensitivity to drug Talazoparib","6","Loss-of-function","","","NA","CRISPR-Based Genome Editing","Base editing","33606977"
"NM_006218.4(PIK3CA):c.1779C>T (p.Ile593=)","chr3","179219603","C/T","PIK3CA","-1.245","dataset1287","Synonymous","Neutral to the sensitivity to drug Talazoparib in HAP1","sensitivity to drug Talazoparib","6","Functionally normal","","","NA","CRISPR-Based Genome Editing","Base editing","33606977"
"NM_006218.4(PIK3CA):c.1783C>T (p.Pro595Ser)","chr3","179219607","C/T","PIK3CA","-1.245","dataset1287","Missense","Neutral to the sensitivity to drug Talazoparib in HAP1","sensitivity to drug Talazoparib","6","Functionally normal","","","NA","CRISPR-Based Genome Editing","Base editing","33606977"
"NM_006218.4(PIK3CA):c.1786G>A (p.Glu596Lys)","chr3","179219610","G/A","PIK3CA","1.413","dataset1287","Missense","Neutral to the sensitivity to drug Talazoparib in HAP1","sensitivity to drug Talazoparib","6","Functionally normal","","0","NA","CRISPR-Based Genome Editing","Base editing","33606977"
"NM_006218.4(PIK3CA):c.1789C>T (p.Gln597Ter)","chr3","179219613","C/T","PIK3CA","0.655","dataset1287","Nonsense","Neutral to the sensitivity to drug Talazoparib in HAP1","sensitivity to drug Talazoparib","6","Functionally normal","","","NA","CRISPR-Based Genome Editing","Base editing","33606977"
"NM_006218.4(PIK3CA):c.1791G>A (p.Gln597=)","chr3","179219615","G/A","PIK3CA","0.6","dataset1287","Synonymous","Neutral to the sensitivity to drug Talazoparib in HAP1","sensitivity to drug Talazoparib","6","Functionally normal","","","NA","CRISPR-Based Genome Editing","Base editing","33606977"
"NM_006218.4(PIK3CA):c.1798G>A (p.Glu600Lys)","chr3","179219622","G/A","PIK3CA","-0.241","dataset1287","Missense","Neutral to the sensitivity to drug Talazoparib in HAP1","sensitivity to drug Talazoparib","6","Functionally normal","Pathogenic","0","blca:0.2% (1/411):0.280;brca:0.1% (1/1084):0.250;luad:0.2% (1/566):0.280;stad:0.2% (1/440):0.090;ucec:0.2% (1/529):0.330","CRISPR-Based Genome Editing","Base editing","33606977"
"NM_006218.4(PIK3CA):c.1819_1820delinsTT (p.Pro607Leu)","chr3","179219643","CC/TT","PIK3CA","0.767","dataset1287","Missense","Neutral to the sensitivity to drug Talazoparib in HAP1","sensitivity to drug Talazoparib","6","Functionally normal","","","NA","CRISPR-Based Genome Editing","Base editing","33606977"
"NM_006218.4(PIK3CA):c.1835G>A (p.Arg612Gln)","chr3","179219659","G/A","PIK3CA","0.484","dataset1287","Missense","Neutral to the sensitivity to drug Talazoparib in HAP1","sensitivity to drug Talazoparib","6","Functionally normal","","1.24123e-06","NA","CRISPR-Based Genome Editing","Base editing","33606977"
"NM_006218.4(PIK3CA):c.1837_1838delinsAA (p.Gly613Asn)","chr3","179219661","GG/AA","PIK3CA","-0.054","dataset1287","Missense","Neutral to the sensitivity to drug Talazoparib in HAP1","sensitivity to drug Talazoparib","6","Functionally normal","","","NA","CRISPR-Based Genome Editing","Base editing","33606977"
"NM_006218.4(PIK3CA):c.1837G>A (p.Gly613Ser)","chr3","179219661","G/A","PIK3CA","1.022","dataset1287","Missense","Neutral to the sensitivity to drug Talazoparib in HAP1","sensitivity to drug Talazoparib","6","Functionally normal","not provided","","NA","CRISPR-Based Genome Editing","Base editing","33606977"
"NM_006218.4(PIK3CA):c.1976C>T (p.Thr659Ile)","chr3","179220013","C/T","PIK3CA","-1.5825","dataset1287","Missense","Neutral to the sensitivity to drug Talazoparib in HAP1","sensitivity to drug Talazoparib","6","Functionally normal","","","NA","CRISPR-Based Genome Editing","Base editing","33606977"
"NM_006218.4(PIK3CA):c.2015+34G>A","chr3","179220086","G/A","PIK3CA","0.1805","dataset1287","Intron","Neutral to the sensitivity to drug Talazoparib in HAP1","sensitivity to drug Talazoparib","6","Functionally normal","","0","NA","CRISPR-Based Genome Editing","Base editing","33606977"
"NM_006218.4(PIK3CA):c.2015+35G>A","chr3","179220087","G/A","PIK3CA","0.1805","dataset1287","Intron","Neutral to the sensitivity to drug Talazoparib in HAP1","sensitivity to drug Talazoparib","6","Functionally normal","","","NA","CRISPR-Based Genome Editing","Base editing","33606977"
"NM_006218.4(PIK3CA):c.2036C>T (p.Thr679Ile)","chr3","179221006","C/T","PIK3CA","0.15","dataset1287","Missense","Neutral to the sensitivity to drug Talazoparib in HAP1","sensitivity to drug Talazoparib","6","Functionally normal","","","NA","CRISPR-Based Genome Editing","Base editing","33606977"
"NM_006218.4(PIK3CA):c.2069_2070delinsTT (p.Ser690Phe)","chr3","179221039","CC/TT","PIK3CA","0.152","dataset1287","Missense","Neutral to the sensitivity to drug Talazoparib in HAP1","sensitivity to drug Talazoparib","6","Functionally normal","","","NA","CRISPR-Based Genome Editing","Base editing","33606977"
"NM_006218.4(PIK3CA):c.2084G>A (p.Cys695Tyr)","chr3","179221054","G/A","PIK3CA","1.545","dataset1287","Missense","Neutral to the sensitivity to drug Talazoparib in HAP1","sensitivity to drug Talazoparib","6","Functionally normal","","","NA","CRISPR-Based Genome Editing","Base editing","33606977"
"NM_006218.4(PIK3CA):c.2086_2088delinsAAA (p.Gly696Lys)","chr3","179221056","GGG/AAA","PIK3CA","1.545","dataset1287","Missense","Neutral to the sensitivity to drug Talazoparib in HAP1","sensitivity to drug Talazoparib","6","Functionally normal","","","NA","CRISPR-Based Genome Editing","Base editing","33606977"
"NM_006218.4(PIK3CA):c.2103C>T (p.His701=)","chr3","179221073","C/T","PIK3CA","0.12","dataset1287","Synonymous","Neutral to the sensitivity to drug Talazoparib in HAP1","sensitivity to drug Talazoparib","6","Functionally normal","Likely benign","1.11627e-05","NA","CRISPR-Based Genome Editing","Base editing","33606977"
"NM_006218.4(PIK3CA):c.2104C>T (p.Leu702=)","chr3","179221074","C/T","PIK3CA","0.12","dataset1287","Synonymous","Neutral to the sensitivity to drug Talazoparib in HAP1","sensitivity to drug Talazoparib","6","Functionally normal","","","NA","CRISPR-Based Genome Editing","Base editing","33606977"
"NM_006218.4(PIK3CA):c.2147C>T (p.Thr716Ile)","chr3","179221117","C/T","PIK3CA","1.335","dataset1287","Missense","Neutral to the sensitivity to drug Talazoparib in HAP1","sensitivity to drug Talazoparib","6","Functionally normal","Uncertain significance","","NA","CRISPR-Based Genome Editing","Base editing","33606977"
"NM_006218.4(PIK3CA):c.2232C>T (p.Phe744=)","chr3","179224125","C/T","PIK3CA","0.3115","dataset1287","Synonymous","Neutral to the sensitivity to drug Talazoparib in HAP1","sensitivity to drug Talazoparib","6","Functionally normal","","1.86492e-06","NA","CRISPR-Based Genome Editing","Base editing","33606977"
"NM_006218.4(PIK3CA):c.2268C>T (p.Asn756=)","chr3","179224161","C/T","PIK3CA","-1.937","dataset1287","Synonymous","Neutral to the sensitivity to drug Talazoparib in HAP1","sensitivity to drug Talazoparib","6","Functionally normal","Likely benign","6.32892e-07","NA","CRISPR-Based Genome Editing","Base editing","33606977"
"NM_006218.4(PIK3CA):c.2269_2270delinsTT (p.Pro757Phe)","chr3","179224162","CC/TT","PIK3CA","-1.937","dataset1287","Missense","Neutral to the sensitivity to drug Talazoparib in HAP1","sensitivity to drug Talazoparib","6","Functionally normal","","","NA","CRISPR-Based Genome Editing","Base editing","33606977"
"NM_006218.4(PIK3CA):c.2278C>T (p.Gln760Ter)","chr3","179224171","C/T","PIK3CA","-1.048","dataset1287","Nonsense","Neutral to the sensitivity to drug Talazoparib in HAP1","sensitivity to drug Talazoparib","6","Functionally normal","","","NA","CRISPR-Based Genome Editing","Base editing","33606977"
"NM_006218.4(PIK3CA):c.2284_2285delinsAA (p.Gly762Lys)","chr3","179224177","GG/AA","PIK3CA","0.2785","dataset1287","Missense","Neutral to the sensitivity to drug Talazoparib in HAP1","sensitivity to drug Talazoparib","6","Functionally normal","","","NA","CRISPR-Based Genome Editing","Base editing","33606977"
"NM_006218.4(PIK3CA):c.2289C>T (p.Asn763=)","chr3","179224182","C/T","PIK3CA","-0.096","dataset1287","Synonymous","Neutral to the sensitivity to drug Talazoparib in HAP1","sensitivity to drug Talazoparib","6","Functionally normal","Likely benign","1.32084e-06","NA","CRISPR-Based Genome Editing","Base editing","33606977"
"NM_006218.4(PIK3CA):c.2290C>T (p.Leu764Phe)","chr3","179224183","C/T","PIK3CA","-0.851","dataset1287","Missense","Neutral to the sensitivity to drug Talazoparib in HAP1","sensitivity to drug Talazoparib","6","Functionally normal","","","NA","CRISPR-Based Genome Editing","Base editing","33606977"
"NM_006218.4(PIK3CA):c.2294+11G>A","chr3","179224198","G/A","PIK3CA","1.353","dataset1287","Intron","Neutral to the sensitivity to drug Talazoparib in HAP1","sensitivity to drug Talazoparib","6","Functionally normal","","1.47861e-06","NA","CRISPR-Based Genome Editing","Base editing","33606977"
"NM_006218.4(PIK3CA):c.2294+12G>A","chr3","179224199","G/A","PIK3CA","1.353","dataset1287","Intron","Neutral to the sensitivity to drug Talazoparib in HAP1","sensitivity to drug Talazoparib","6","Functionally normal","","0","NA","CRISPR-Based Genome Editing","Base editing","33606977"
"NM_006218.4(PIK3CA):c.2294+13G>A","chr3","179224200","G/A","PIK3CA","1.353","dataset1287","Intron","Neutral to the sensitivity to drug Talazoparib in HAP1","sensitivity to drug Talazoparib","6","Functionally normal","","7.97166e-07","NA","CRISPR-Based Genome Editing","Base editing","33606977"
"NM_006218.4(PIK3CA):c.2294+14G>A","chr3","179224201","G/A","PIK3CA","1.353","dataset1287","Intron","Neutral to the sensitivity to drug Talazoparib in HAP1","sensitivity to drug Talazoparib","6","Functionally normal","","0","NA","CRISPR-Based Genome Editing","Base editing","33606977"
"NM_006218.4(PIK3CA):c.2321C>T (p.Ser774Phe)","chr3","179224726","C/T","PIK3CA","-0.108","dataset1287","Missense","Neutral to the sensitivity to drug Talazoparib in HAP1","sensitivity to drug Talazoparib","6","Functionally normal","","","NA","CRISPR-Based Genome Editing","Base editing","33606977"
"NM_006218.4(PIK3CA):c.2333C>T (p.Pro778Leu)","chr3","179224738","C/T","PIK3CA","-0.2675","dataset1287","Missense","Neutral to the sensitivity to drug Talazoparib in HAP1","sensitivity to drug Talazoparib","6","Functionally normal","","","NA","CRISPR-Based Genome Editing","Base editing","33606977"
"NM_006218.4(PIK3CA):c.2335C>T (p.Leu779=)","chr3","179224740","C/T","PIK3CA","-0.883","dataset1287","Synonymous","Neutral to the sensitivity to drug Talazoparib in HAP1","sensitivity to drug Talazoparib","6","Functionally normal","","","NA","CRISPR-Based Genome Editing","Base editing","33606977"
"NM_006218.4(PIK3CA):c.2348_2349delinsAA (p.Trp783Ter)","chr3","179224753","GG/AA","PIK3CA","3.533","dataset1287","Nonsense","The enhanced sensitivity to drug Talazoparib in HAP1","sensitivity to drug Talazoparib","6","Gain-of-function","","","NA","CRISPR-Based Genome Editing","Base editing","33606977"
"NM_006218.4(PIK3CA):c.2350G>A (p.Glu784Lys)","chr3","179224755","G/A","PIK3CA","3.533","dataset1287","Missense","The enhanced sensitivity to drug Talazoparib in HAP1","sensitivity to drug Talazoparib","6","Gain-of-function","","","NA","CRISPR-Based Genome Editing","Base editing","33606977"
"NM_006218.4(PIK3CA):c.2397C>T (p.Ile799=)","chr3","179224802","C/T","PIK3CA","-0.9475","dataset1287","Synonymous","Neutral to the sensitivity to drug Talazoparib in HAP1","sensitivity to drug Talazoparib","6","Functionally normal","","","NA","CRISPR-Based Genome Editing","Base editing","33606977"
"NM_006218.4(PIK3CA):c.2443C>T (p.Gln815Ter)","chr3","179225988","C/T","PIK3CA","-0.172","dataset1287","Nonsense","Neutral to the sensitivity to drug Talazoparib in HAP1","sensitivity to drug Talazoparib","6","Functionally normal","","","NA","CRISPR-Based Genome Editing","Base editing","33606977"
"NM_006218.4(PIK3CA):c.2479C>T (p.Gln827Ter)","chr3","179226024","C/T","PIK3CA","0.898","dataset1287","Nonsense","Neutral to the sensitivity to drug Talazoparib in HAP1","sensitivity to drug Talazoparib","6","Functionally normal","","","NA","CRISPR-Based Genome Editing","Base editing","33606977"
"NM_006218.4(PIK3CA):c.2485C>T (p.Leu829Phe)","chr3","179226030","C/T","PIK3CA","-1.004","dataset1287","Missense","Neutral to the sensitivity to drug Talazoparib in HAP1","sensitivity to drug Talazoparib","6","Functionally normal","Uncertain significance","","NA","CRISPR-Based Genome Editing","Base editing","33606977"
"NM_006218.4(PIK3CA):c.2494C>T (p.Arg832Ter)","chr3","179226039","C/T","PIK3CA","-0.965","dataset1287","Nonsense","Neutral to the sensitivity to drug Talazoparib in HAP1","sensitivity to drug Talazoparib","6","Functionally normal","","6.41096e-07","ucec:0.4% (2/529):0.315","CRISPR-Based Genome Editing","Base editing","33606977"
"NM_006218.4(PIK3CA):c.2495+24G>A","chr3","179226064","G/A","PIK3CA","-0.284","dataset1287","Intron","Neutral to the sensitivity to drug Talazoparib in HAP1","sensitivity to drug Talazoparib","6","Functionally normal","","7.59402e-07","NA","CRISPR-Based Genome Editing","Base editing","33606977"
"NM_006218.4(PIK3CA):c.2495+28G>A","chr3","179226068","G/A","PIK3CA","-0.284","dataset1287","Intron","Neutral to the sensitivity to drug Talazoparib in HAP1","sensitivity to drug Talazoparib","6","Functionally normal","","7.97594e-07","NA","CRISPR-Based Genome Editing","Base editing","33606977"
"NM_006218.4(PIK3CA):c.2496-3C>T","chr3","179229269","C/T","PIK3CA","1.169","dataset1287","Splice site","Neutral to the sensitivity to drug Talazoparib in HAP1","sensitivity to drug Talazoparib","6","Functionally normal","","","NA","CRISPR-Based Genome Editing","Base editing","33606977"
"NM_006218.4(PIK3CA):c.2519C>T (p.Ser840Leu)","chr3","179229295","C/T","PIK3CA","1.561","dataset1287","Missense","Neutral to the sensitivity to drug Talazoparib in HAP1","sensitivity to drug Talazoparib","6","Functionally normal","","","NA","CRISPR-Based Genome Editing","Base editing","33606977"
"NM_006218.4(PIK3CA):c.2529C>T (p.Asp843=)","chr3","179229305","C/T","PIK3CA","-0.354","dataset1287","Synonymous","Neutral to the sensitivity to drug Talazoparib in HAP1","sensitivity to drug Talazoparib","6","Functionally normal","Likely benign","","NA","CRISPR-Based Genome Editing","Base editing","33606977"
"NM_006218.4(PIK3CA):c.2637G>A (p.Gln879=)","chr3","179229413","G/A","PIK3CA","0.96","dataset1287","Synonymous","Neutral to the sensitivity to drug Talazoparib in HAP1","sensitivity to drug Talazoparib","6","Functionally normal","","","NA","CRISPR-Based Genome Editing","Base editing","33606977"
"NM_006218.4(PIK3CA):c.2639G>A (p.Trp880Ter)","chr3","179229415","G/A","PIK3CA","0.96","dataset1287","Nonsense","Neutral to the sensitivity to drug Talazoparib in HAP1","sensitivity to drug Talazoparib","6","Functionally normal","","","NA","CRISPR-Based Genome Editing","Base editing","33606977"
"NM_006218.4(PIK3CA):c.2643C>T (p.Leu881=)","chr3","179229419","C/T","PIK3CA","-1.541","dataset1287","Synonymous","Neutral to the sensitivity to drug Talazoparib in HAP1","sensitivity to drug Talazoparib","6","Functionally normal","","","NA","CRISPR-Based Genome Editing","Base editing","33606977"
"NM_006218.4(PIK3CA):c.2666+38G>A","chr3","179229480","G/A","PIK3CA","1.466","dataset1287","Intron","Neutral to the sensitivity to drug Talazoparib in HAP1","sensitivity to drug Talazoparib","6","Functionally normal","","1.31463e-06","NA","CRISPR-Based Genome Editing","Base editing","33606977"
"NM_006218.4(PIK3CA):c.2693C>T (p.Thr898Ile)","chr3","179230030","C/T","PIK3CA","1.237","dataset1287","Missense","Neutral to the sensitivity to drug Talazoparib in HAP1","sensitivity to drug Talazoparib","6","Functionally normal","","","NA","CRISPR-Based Genome Editing","Base editing","33606977"
"NM_006218.4(PIK3CA):c.2696G>A (p.Arg899His)","chr3","179230033","G/A","PIK3CA","0.928","dataset1287","Missense","Neutral to the sensitivity to drug Talazoparib in HAP1","sensitivity to drug Talazoparib","6","Functionally normal","Uncertain significance","2.47996e-06","NA","CRISPR-Based Genome Editing","Base editing","33606977"
"NM_006218.4(PIK3CA):c.2702G>A (p.Cys901Tyr)","chr3","179230039","G/A","PIK3CA","-0.481","dataset1287","Missense","Neutral to the sensitivity to drug Talazoparib in HAP1","sensitivity to drug Talazoparib","6","Functionally normal","","","NA","CRISPR-Based Genome Editing","Base editing","33606977"
"NM_006218.4(PIK3CA):c.2740_2741delinsAA (p.Gly914Lys)","chr3","179230077","GG/AA","PIK3CA","2.089","dataset1287","Missense","The enhanced sensitivity to drug Talazoparib in HAP1","sensitivity to drug Talazoparib","6","Gain-of-function","","","NA","CRISPR-Based Genome Editing","Base editing","33606977"
"NM_006218.4(PIK3CA):c.2763C>T (p.Ile921=)","chr3","179230100","C/T","PIK3CA","-0.317","dataset1287","Synonymous","Neutral to the sensitivity to drug Talazoparib in HAP1","sensitivity to drug Talazoparib","6","Functionally normal","","","NA","CRISPR-Based Genome Editing","Base editing","33606977"
"NM_006218.4(PIK3CA):c.2775C>T (p.Asp925=)","chr3","179230112","C/T","PIK3CA","-1.647","dataset1287","Synonymous","Neutral to the sensitivity to drug Talazoparib in HAP1","sensitivity to drug Talazoparib","6","Functionally normal","Likely benign","9.95603e-06","NA","CRISPR-Based Genome Editing","Base editing","33606977"
"NM_006218.4(PIK3CA):c.2784+12C>T","chr3","179230133","C/T","PIK3CA","0.536","dataset1287","Intron","Neutral to the sensitivity to drug Talazoparib in HAP1","sensitivity to drug Talazoparib","6","Functionally normal","","","NA","CRISPR-Based Genome Editing","Base editing","33606977"
"NM_006218.4(PIK3CA):c.2784+14C>T","chr3","179230135","C/T","PIK3CA","0.536","dataset1287","Intron","Neutral to the sensitivity to drug Talazoparib in HAP1","sensitivity to drug Talazoparib","6","Functionally normal","","","NA","CRISPR-Based Genome Editing","Base editing","33606977"
"NM_006218.4(PIK3CA):c.2919G>A (p.Lys973=)","chr3","179230359","G/A","PIK3CA","-0.439","dataset1287","Synonymous","Neutral to the sensitivity to drug Talazoparib in HAP1","sensitivity to drug Talazoparib","6","Functionally normal","Likely benign","6.24502e-07","NA","CRISPR-Based Genome Editing","Base editing","33606977"
"NM_006218.4(PIK3CA):c.2921C>T (p.Thr974Ile)","chr3","179230361","C/T","PIK3CA","-0.046","dataset1287","Missense","Neutral to the sensitivity to drug Talazoparib in HAP1","sensitivity to drug Talazoparib","6","Functionally normal","","6.24674e-07","NA","CRISPR-Based Genome Editing","Base editing","33606977"
"NM_006218.4(PIK3CA):c.2936+22C>T","chr3","179230398","C/T","PIK3CA","0.017","dataset1287","Intron","Neutral to the sensitivity to drug Talazoparib in HAP1","sensitivity to drug Talazoparib","6","Functionally normal","","0","NA","CRISPR-Based Genome Editing","Base editing","33606977"
"NM_006218.4(PIK3CA):c.2936+24C>T","chr3","179230400","C/T","PIK3CA","0.017","dataset1287","Intron","Neutral to the sensitivity to drug Talazoparib in HAP1","sensitivity to drug Talazoparib","6","Functionally normal","","","NA","CRISPR-Based Genome Editing","Base editing","33606977"
"NM_006218.4(PIK3CA):c.2937-19C>T","chr3","179234075","C/T","PIK3CA","-1.15","dataset1287","Intron","Neutral to the sensitivity to drug Talazoparib in HAP1","sensitivity to drug Talazoparib","6","Functionally normal","","6.3392e-07","NA","CRISPR-Based Genome Editing","Base editing","33606977"
"NM_006218.4(PIK3CA):c.2941C>T (p.Gln981Ter)","chr3","179234098","C/T","PIK3CA","-0.134","dataset1287","Nonsense","Neutral to the sensitivity to drug Talazoparib in HAP1","sensitivity to drug Talazoparib","6","Functionally normal","","","NA","CRISPR-Based Genome Editing","Base editing","33606977"
"NM_006218.4(PIK3CA):c.3008C>T (p.Ser1003Leu)","chr3","179234165","C/T","PIK3CA","-0.066","dataset1287","Missense","Neutral to the sensitivity to drug Talazoparib in HAP1","sensitivity to drug Talazoparib","6","Functionally normal","","1.23973e-06","NA","CRISPR-Based Genome Editing","Base editing","33606977"
"NM_006218.4(PIK3CA):c.3049G>A (p.Asp1017Asn)","chr3","179234206","G/A","PIK3CA","0.634","dataset1287","Missense","Neutral to the sensitivity to drug Talazoparib in HAP1","sensitivity to drug Talazoparib","6","Functionally normal","","","paad:0.5% (1/184):0.410","CRISPR-Based Genome Editing","Base editing","33606977"
"NM_006218.4(PIK3CA):c.3092C>T (p.Thr1031Ile)","chr3","179234249","C/T","PIK3CA","-1.455","dataset1287","Missense","Neutral to the sensitivity to drug Talazoparib in HAP1","sensitivity to drug Talazoparib","6","Functionally normal","","","NA","CRISPR-Based Genome Editing","Base editing","33606977"
"NM_006218.4(PIK3CA):c.3155C>T (p.Thr1052Ile)","chr3","179234312","C/T","PIK3CA","-1.735","dataset1287","Missense","Neutral to the sensitivity to drug Talazoparib in HAP1","sensitivity to drug Talazoparib","6","Functionally normal","","","NA","CRISPR-Based Genome Editing","Base editing","33606977"
"NM_006218.4(PIK3CA):c.5C>T (p.Pro2Leu)","chr3","179198830","C/T","PIK3CA","1.412","dataset1288","Missense","Neutral to the sensitivity to drug Veliparib in HAP1","sensitivity to drug Veliparib","6","Functionally normal","","","NA","CRISPR-Based Genome Editing","Base editing","33606977"
"NM_006218.4(PIK3CA):c.7_8delinsTT (p.Pro3Leu)","chr3","179198832","CC/TT","PIK3CA","1.412","dataset1288","Missense","Neutral to the sensitivity to drug Veliparib in HAP1","sensitivity to drug Veliparib","6","Functionally normal","","","NA","CRISPR-Based Genome Editing","Base editing","33606977"
"NM_006218.4(PIK3CA):c.14C>T (p.Pro5Leu)","chr3","179198839","C/T","PIK3CA","0.198","dataset1288","Missense","Neutral to the sensitivity to drug Veliparib in HAP1","sensitivity to drug Veliparib","6","Functionally normal","","","NA","CRISPR-Based Genome Editing","Base editing","33606977"
"NM_006218.4(PIK3CA):c.17C>T (p.Ser6Leu)","chr3","179198842","C/T","PIK3CA","-0.0356667","dataset1288","Missense","Neutral to the sensitivity to drug Veliparib in HAP1","sensitivity to drug Veliparib","6","Functionally normal","","","NA","CRISPR-Based Genome Editing","Base editing","33606977"
"NM_006218.4(PIK3CA):c.20C>T (p.Ser7Leu)","chr3","179198845","C/T","PIK3CA","-0.561","dataset1288","Missense","Neutral to the sensitivity to drug Veliparib in HAP1","sensitivity to drug Veliparib","6","Functionally normal","","6.43589e-07","NA","CRISPR-Based Genome Editing","Base editing","33606977"
"NM_006218.4(PIK3CA):c.22_23delinsAA (p.Gly8Asn)","chr3","179198847","GG/AA","PIK3CA","-0.0745","dataset1288","Missense","Neutral to the sensitivity to drug Veliparib in HAP1","sensitivity to drug Veliparib","6","Functionally normal","","","NA","CRISPR-Based Genome Editing","Base editing","33606977"
"NM_006218.4(PIK3CA):c.25G>A (p.Glu9Lys)","chr3","179198850","G/A","PIK3CA","-0.33","dataset1288","Missense","Neutral to the sensitivity to drug Veliparib in HAP1","sensitivity to drug Veliparib","6","Functionally normal","Uncertain significance","","NA","CRISPR-Based Genome Editing","Base editing","33606977"
"NM_006218.4(PIK3CA):c.30G>A (p.Leu10=)","chr3","179198855","G/A","PIK3CA","-0.235","dataset1288","Synonymous","Neutral to the sensitivity to drug Veliparib in HAP1","sensitivity to drug Veliparib","6","Functionally normal","Likely benign","1.90648e-06","NA","CRISPR-Based Genome Editing","Base editing","33606977"
"NM_006218.4(PIK3CA):c.32G>A (p.Trp11Ter)","chr3","179198857","G/A","PIK3CA","-0.235","dataset1288","Nonsense","Neutral to the sensitivity to drug Veliparib in HAP1","sensitivity to drug Veliparib","6","Functionally normal","","","NA","CRISPR-Based Genome Editing","Base editing","33606977"
"NM_006218.4(PIK3CA):c.56G>A (p.Arg19Lys)","chr3","179198881","G/A","PIK3CA","1.741","dataset1288","Missense","Neutral to the sensitivity to drug Veliparib in HAP1","sensitivity to drug Veliparib","6","Functionally normal","","6.25752e-07","NA","CRISPR-Based Genome Editing","Base editing","33606977"
"NM_006218.4(PIK3CA):c.64G>A (p.Val22Ile)","chr3","179198889","G/A","PIK3CA","0.178","dataset1288","Missense","Neutral to the sensitivity to drug Veliparib in HAP1","sensitivity to drug Veliparib","6","Functionally normal","Uncertain significance","6.23131e-07","NA","CRISPR-Based Genome Editing","Base editing","33606977"
"NM_006218.4(PIK3CA):c.67G>A (p.Glu23Lys)","chr3","179198892","G/A","PIK3CA","0.021","dataset1288","Missense","Neutral to the sensitivity to drug Veliparib in HAP1","sensitivity to drug Veliparib","6","Functionally normal","","","NA","CRISPR-Based Genome Editing","Base editing","33606977"
"NM_006218.4(PIK3CA):c.71G>A (p.Cys24Tyr)","chr3","179198896","G/A","PIK3CA","0.522","dataset1288","Missense","Neutral to the sensitivity to drug Veliparib in HAP1","sensitivity to drug Veliparib","6","Functionally normal","","","NA","CRISPR-Based Genome Editing","Base editing","33606977"
"NM_006218.4(PIK3CA):c.190G>A (p.Asp64Asn)","chr3","179199015","G/A","PIK3CA","0.974","dataset1288","Missense","Neutral to the sensitivity to drug Veliparib in HAP1","sensitivity to drug Veliparib","6","Functionally normal","","","NA","CRISPR-Based Genome Editing","Base editing","33606977"
"NM_006218.4(PIK3CA):c.193G>A (p.Glu65Lys)","chr3","179199018","G/A","PIK3CA","1.252","dataset1288","Missense","Neutral to the sensitivity to drug Veliparib in HAP1","sensitivity to drug Veliparib","6","Functionally normal","","6.19785e-07","lusc:0.2% (1/487):0.100","CRISPR-Based Genome Editing","Base editing","33606977"
"NM_006218.4(PIK3CA):c.221C>T (p.Thr74Ile)","chr3","179199046","C/T","PIK3CA","-1.7215","dataset1288","Missense","Neutral to the sensitivity to drug Veliparib in HAP1","sensitivity to drug Veliparib","6","Functionally normal","","1.2394e-06","NA","CRISPR-Based Genome Editing","Base editing","33606977"
"NM_006218.4(PIK3CA):c.223C>T (p.Gln75Ter)","chr3","179199048","C/T","PIK3CA","-0.556","dataset1288","Nonsense","Neutral to the sensitivity to drug Veliparib in HAP1","sensitivity to drug Veliparib","6","Functionally normal","","","NA","CRISPR-Based Genome Editing","Base editing","33606977"
"NM_006218.4(PIK3CA):c.262C>T (p.Arg88Ter)","chr3","179199087","C/T","PIK3CA","-0.682","dataset1288","Nonsense","Neutral to the sensitivity to drug Veliparib in HAP1","sensitivity to drug Veliparib","6","Functionally normal","","6.19781e-07","NA","CRISPR-Based Genome Editing","Base editing","33606977"
"NM_006218.4(PIK3CA):c.336C>T (p.Ile112=)","chr3","179199161","C/T","PIK3CA","1.398","dataset1288","Synonymous","Neutral to the sensitivity to drug Veliparib in HAP1","sensitivity to drug Veliparib","6","Functionally normal","","","NA","CRISPR-Based Genome Editing","Base editing","33606977"
"NM_006218.4(PIK3CA):c.337C>T (p.Leu113Phe)","chr3","179199162","C/T","PIK3CA","1.398","dataset1288","Missense","Neutral to the sensitivity to drug Veliparib in HAP1","sensitivity to drug Veliparib","6","Functionally normal","Uncertain significance","","NA","CRISPR-Based Genome Editing","Base editing","33606977"
"NM_006218.4(PIK3CA):c.352G>A (p.Gly118Ser)","chr3","179199177","G/A","PIK3CA","0.315","dataset1288","Missense","Neutral to the sensitivity to drug Veliparib in HAP1","sensitivity to drug Veliparib","6","Functionally normal","","","NA","CRISPR-Based Genome Editing","Base editing","33606977"
"NM_006218.4(PIK3CA):c.352+1G>A","chr3","179199178","G/A","PIK3CA","0.315","dataset1288","Splice site","Neutral to the sensitivity to drug Veliparib in HAP1","sensitivity to drug Veliparib","6","Functionally normal","","","NA","CRISPR-Based Genome Editing","Base editing","33606977"
"NM_006218.4(PIK3CA):c.385G>A (p.Asp129Asn)","chr3","179199722","G/A","PIK3CA","-2.682","dataset1288","Missense","The reduced sensitivity to drug Veliparib in HAP1","sensitivity to drug Veliparib","6","Loss-of-function","","6.20096e-07","NA","CRISPR-Based Genome Editing","Base editing","33606977"
"NM_006218.4(PIK3CA):c.419G>A (p.Arg140Gln)","chr3","179199756","G/A","PIK3CA","0.402","dataset1288","Missense","Neutral to the sensitivity to drug Veliparib in HAP1","sensitivity to drug Veliparib","6","Functionally normal","","6.19814e-07","NA","CRISPR-Based Genome Editing","Base editing","33606977"
"NM_006218.4(PIK3CA):c.432G>A (p.Leu144=)","chr3","179199769","G/A","PIK3CA","0.034","dataset1288","Synonymous","Neutral to the sensitivity to drug Veliparib in HAP1","sensitivity to drug Veliparib","6","Functionally normal","","3.09952e-06","NA","CRISPR-Based Genome Editing","Base editing","33606977"
"NM_006218.4(PIK3CA):c.435C>T (p.Asn145=)","chr3","179199772","C/T","PIK3CA","1.293","dataset1288","Synonymous","Neutral to the sensitivity to drug Veliparib in HAP1","sensitivity to drug Veliparib","6","Functionally normal","Likely benign","6.82044e-06","NA","CRISPR-Based Genome Editing","Base editing","33606977"
"NM_006218.4(PIK3CA):c.436G>A (p.Val146Ile)","chr3","179199773","G/A","PIK3CA","0.034","dataset1288","Missense","Neutral to the sensitivity to drug Veliparib in HAP1","sensitivity to drug Veliparib","6","Functionally normal","Uncertain significance","2.23197e-05","NA","CRISPR-Based Genome Editing","Base editing","33606977"
"NM_006218.4(PIK3CA):c.482G>A (p.Ser161Asn)","chr3","179199819","G/A","PIK3CA","-0.444","dataset1288","Missense","Neutral to the sensitivity to drug Veliparib in HAP1","sensitivity to drug Veliparib","6","Functionally normal","","1.86014e-06","NA","CRISPR-Based Genome Editing","Base editing","33606977"
"NM_006218.4(PIK3CA):c.492G>A (p.Met164Ile)","chr3","179199829","G/A","PIK3CA","0.538","dataset1288","Missense","Neutral to the sensitivity to drug Veliparib in HAP1","sensitivity to drug Veliparib","6","Functionally normal","","","NA","CRISPR-Based Genome Editing","Base editing","33606977"
"NM_006218.4(PIK3CA):c.615G>A (p.Gln205=)","chr3","179201342","G/A","PIK3CA","-0.423","dataset1288","Synonymous","Neutral to the sensitivity to drug Veliparib in HAP1","sensitivity to drug Veliparib","6","Functionally normal","","","NA","CRISPR-Based Genome Editing","Base editing","33606977"
"NM_006218.4(PIK3CA):c.652G>A (p.Glu218Lys)","chr3","179201379","G/A","PIK3CA","0.071","dataset1288","Missense","Neutral to the sensitivity to drug Veliparib in HAP1","sensitivity to drug Veliparib","6","Functionally normal","Pathogenic","","NA","CRISPR-Based Genome Editing","Base editing","33606977"
"NM_006218.4(PIK3CA):c.667G>A (p.Glu223Lys)","chr3","179201394","G/A","PIK3CA","0.654","dataset1288","Missense","Neutral to the sensitivity to drug Veliparib in HAP1","sensitivity to drug Veliparib","6","Functionally normal","Uncertain significance","","NA","CRISPR-Based Genome Editing","Base editing","33606977"
"NM_006218.4(PIK3CA):c.796_797delinsTT (p.Pro266Phe)","chr3","179201523","CC/TT","PIK3CA","0.039","dataset1288","Missense","Neutral to the sensitivity to drug Veliparib in HAP1","sensitivity to drug Veliparib","6","Functionally normal","","","NA","CRISPR-Based Genome Editing","Base editing","33606977"
"NM_006218.4(PIK3CA):c.799C>T (p.Leu267=)","chr3","179201526","C/T","PIK3CA","0.039","dataset1288","Synonymous","Neutral to the sensitivity to drug Veliparib in HAP1","sensitivity to drug Veliparib","6","Functionally normal","","","NA","CRISPR-Based Genome Editing","Base editing","33606977"
"NM_006218.4(PIK3CA):c.813G>A (p.Lys271=)","chr3","179201540","G/A","PIK3CA","-1.772","dataset1288","Splice site","Neutral to the sensitivity to drug Veliparib in HAP1","sensitivity to drug Veliparib","6","Functionally normal","","0","NA","CRISPR-Based Genome Editing","Base editing","33606977"
"NM_006218.4(PIK3CA):c.813+1G>A","chr3","179201541","G/A","PIK3CA","-1.772","dataset1288","Splice site","Neutral to the sensitivity to drug Veliparib in HAP1","sensitivity to drug Veliparib","6","Functionally normal","","","NA","CRISPR-Based Genome Editing","Base editing","33606977"
"NM_006218.4(PIK3CA):c.814-1G>A","chr3","179203543","G/A","PIK3CA","-1.09133","dataset1288","Splice site","Neutral to the sensitivity to drug Veliparib in HAP1","sensitivity to drug Veliparib","6","Functionally normal","","","NA","CRISPR-Based Genome Editing","Base editing","33606977"
"NM_006218.4(PIK3CA):c.848_849delinsTT (p.Pro283Leu)","chr3","179203578","CC/TT","PIK3CA","-0.1","dataset1288","Missense","Neutral to the sensitivity to drug Veliparib in HAP1","sensitivity to drug Veliparib","6","Functionally normal","","","NA","CRISPR-Based Genome Editing","Base editing","33606977"
"NM_006218.4(PIK3CA):c.864G>A (p.Met288Ile)","chr3","179203594","G/A","PIK3CA","-0.413","dataset1288","Missense","Neutral to the sensitivity to drug Veliparib in HAP1","sensitivity to drug Veliparib","6","Functionally normal","Uncertain significance","","NA","CRISPR-Based Genome Editing","Base editing","33606977"
"NM_006218.4(PIK3CA):c.944C>T (p.Thr315Ile)","chr3","179203674","C/T","PIK3CA","-0.062","dataset1288","Missense","Neutral to the sensitivity to drug Veliparib in HAP1","sensitivity to drug Veliparib","6","Functionally normal","","","NA","CRISPR-Based Genome Editing","Base editing","33606977"
"NM_006218.4(PIK3CA):c.954G>A (p.Met318Ile)","chr3","179203684","G/A","PIK3CA","-0.988","dataset1288","Missense","Neutral to the sensitivity to drug Veliparib in HAP1","sensitivity to drug Veliparib","6","Functionally normal","Uncertain significance","5.57738e-06","NA","CRISPR-Based Genome Editing","Base editing","33606977"
"NM_006218.4(PIK3CA):c.961G>A (p.Glu321Lys)","chr3","179203691","G/A","PIK3CA","-1.456","dataset1288","Missense","Neutral to the sensitivity to drug Veliparib in HAP1","sensitivity to drug Veliparib","6","Functionally normal","","6.19695e-07","NA","CRISPR-Based Genome Editing","Base editing","33606977"
"NM_006218.4(PIK3CA):c.965C>T (p.Thr322Ile)","chr3","179203695","C/T","PIK3CA","-3.55","dataset1288","Missense","The reduced sensitivity to drug Veliparib in HAP1","sensitivity to drug Veliparib","6","Loss-of-function","","","NA","CRISPR-Based Genome Editing","Base editing","33606977"
"NM_006218.4(PIK3CA):c.968C>T (p.Ser323Phe)","chr3","179203698","C/T","PIK3CA","-1.191","dataset1288","Missense","Neutral to the sensitivity to drug Veliparib in HAP1","sensitivity to drug Veliparib","6","Functionally normal","","","NA","CRISPR-Based Genome Editing","Base editing","33606977"
"NM_006218.4(PIK3CA):c.995G>A (p.Ser332Asn)","chr3","179203725","G/A","PIK3CA","-1.339","dataset1288","Missense","Neutral to the sensitivity to drug Veliparib in HAP1","sensitivity to drug Veliparib","6","Functionally normal","Uncertain significance","1.86046e-06","NA","CRISPR-Based Genome Editing","Base editing","33606977"
"NM_006218.4(PIK3CA):c.1045C>T (p.Arg349Ter)","chr3","179203775","C/T","PIK3CA","0.235","dataset1288","Nonsense","Neutral to the sensitivity to drug Veliparib in HAP1","sensitivity to drug Veliparib","6","Functionally normal","","0","NA","CRISPR-Based Genome Editing","Base editing","33606977"
"NM_006218.4(PIK3CA):c.1060-1G>A","chr3","179204502","G/A","PIK3CA","-1.083","dataset1288","Splice site","Neutral to the sensitivity to drug Veliparib in HAP1","sensitivity to drug Veliparib","6","Functionally normal","","","NA","CRISPR-Based Genome Editing","Base editing","33606977"
"NM_006218.4(PIK3CA):c.1069C>T (p.Arg357Ter)","chr3","179204512","C/T","PIK3CA","0.604","dataset1288","Nonsense","Neutral to the sensitivity to drug Veliparib in HAP1","sensitivity to drug Veliparib","6","Functionally normal","","1.28802e-06","NA","CRISPR-Based Genome Editing","Base editing","33606977"
"NM_006218.4(PIK3CA):c.1073C>T (p.Thr358Ile)","chr3","179204516","C/T","PIK3CA","0.4825","dataset1288","Missense","Neutral to the sensitivity to drug Veliparib in HAP1","sensitivity to drug Veliparib","6","Functionally normal","","0","NA","CRISPR-Based Genome Editing","Base editing","33606977"
"NM_006218.4(PIK3CA):c.1113G>A (p.Val371=)","chr3","179204556","G/A","PIK3CA","1.729","dataset1288","Synonymous","Neutral to the sensitivity to drug Veliparib in HAP1","sensitivity to drug Veliparib","6","Functionally normal","Likely benign","1.26235e-06","NA","CRISPR-Based Genome Editing","Base editing","33606977"
"NM_006218.4(PIK3CA):c.1129_1130delinsTT (p.Pro377Phe)","chr3","179204572","CC/TT","PIK3CA","-0.483","dataset1288","Missense","Neutral to the sensitivity to drug Veliparib in HAP1","sensitivity to drug Veliparib","6","Functionally normal","","","NA","CRISPR-Based Genome Editing","Base editing","33606977"
"NM_006218.4(PIK3CA):c.1136C>T (p.Ser379Phe)","chr3","179204579","C/T","PIK3CA","0.829","dataset1288","Missense","Neutral to the sensitivity to drug Veliparib in HAP1","sensitivity to drug Veliparib","6","Functionally normal","","","NA","CRISPR-Based Genome Editing","Base editing","33606977"
"NM_006218.4(PIK3CA):c.1145G>A (p.Arg382Lys)","chr3","179204588","G/A","PIK3CA","-0.123","dataset1288","Missense","Neutral to the sensitivity to drug Veliparib in HAP1","sensitivity to drug Veliparib","6","Functionally normal","Conflicting classifications of pathogenicity","2.10593e-06","NA","CRISPR-Based Genome Editing","Base editing","33606977"
"NM_006218.4(PIK3CA):c.1145+1G>A","chr3","179204589","G/A","PIK3CA","-0.123","dataset1288","Splice site","Neutral to the sensitivity to drug Veliparib in HAP1","sensitivity to drug Veliparib","6","Functionally normal","","0","NA","CRISPR-Based Genome Editing","Base editing","33606977"
"NM_006218.4(PIK3CA):c.1145+6G>A","chr3","179204594","G/A","PIK3CA","-0.384","dataset1288","Splice site","Neutral to the sensitivity to drug Veliparib in HAP1","sensitivity to drug Veliparib","6","Functionally normal","","0","NA","CRISPR-Based Genome Editing","Base editing","33606977"
"NM_006218.4(PIK3CA):c.1145+9G>A","chr3","179204597","G/A","PIK3CA","-0.384","dataset1288","Intron","Neutral to the sensitivity to drug Veliparib in HAP1","sensitivity to drug Veliparib","6","Functionally normal","Likely benign","8.35012e-06","NA","CRISPR-Based Genome Editing","Base editing","33606977"
"NM_006218.4(PIK3CA):c.1145+16G>A","chr3","179204604","G/A","PIK3CA","0.355","dataset1288","Intron","Neutral to the sensitivity to drug Veliparib in HAP1","sensitivity to drug Veliparib","6","Functionally normal","Likely benign","6.41143e-06","NA","CRISPR-Based Genome Editing","Base editing","33606977"
"NM_006218.4(PIK3CA):c.1145+42G>A","chr3","179204630","G/A","PIK3CA","1.117","dataset1288","Intron","Neutral to the sensitivity to drug Veliparib in HAP1","sensitivity to drug Veliparib","6","Functionally normal","","2.12086e-06","NA","CRISPR-Based Genome Editing","Base editing","33606977"
"NM_006218.4(PIK3CA):c.1145+44G>A","chr3","179204632","G/A","PIK3CA","1.117","dataset1288","Intron","Neutral to the sensitivity to drug Veliparib in HAP1","sensitivity to drug Veliparib","6","Functionally normal","","0","NA","CRISPR-Based Genome Editing","Base editing","33606977"
"NM_006218.4(PIK3CA):c.1214_1215delinsTT (p.Ser405Phe)","chr3","179209663","CC/TT","PIK3CA","-0.427","dataset1288","Missense","Neutral to the sensitivity to drug Veliparib in HAP1","sensitivity to drug Veliparib","6","Functionally normal","","","NA","CRISPR-Based Genome Editing","Base editing","33606977"
"NM_006218.4(PIK3CA):c.1223C>T (p.Ser408Phe)","chr3","179209672","C/T","PIK3CA","-0.295","dataset1288","Missense","Neutral to the sensitivity to drug Veliparib in HAP1","sensitivity to drug Veliparib","6","Functionally normal","","","NA","CRISPR-Based Genome Editing","Base editing","33606977"
"NM_006218.4(PIK3CA):c.1225G>A (p.Val409Ile)","chr3","179209674","G/A","PIK3CA","1.56","dataset1288","Missense","Neutral to the sensitivity to drug Veliparib in HAP1","sensitivity to drug Veliparib","6","Functionally normal","Uncertain significance","","NA","CRISPR-Based Genome Editing","Base editing","33606977"
"NM_006218.4(PIK3CA):c.1231G>A (p.Gly411Ser)","chr3","179209680","G/A","PIK3CA","0.446","dataset1288","Missense","Neutral to the sensitivity to drug Veliparib in HAP1","sensitivity to drug Veliparib","6","Functionally normal","","","NA","CRISPR-Based Genome Editing","Base editing","33606977"
"NM_006218.4(PIK3CA):c.1234C>T (p.Arg412Ter)","chr3","179209683","C/T","PIK3CA","-0.366","dataset1288","Nonsense","Neutral to the sensitivity to drug Veliparib in HAP1","sensitivity to drug Veliparib","6","Functionally normal","","","NA","CRISPR-Based Genome Editing","Base editing","33606977"
"NM_006218.4(PIK3CA):c.1251+1G>A","chr3","179209701","G/A","PIK3CA","0.552","dataset1288","Splice site","Neutral to the sensitivity to drug Veliparib in HAP1","sensitivity to drug Veliparib","6","Functionally normal","","0","NA","CRISPR-Based Genome Editing","Base editing","33606977"
"NM_006218.4(PIK3CA):c.1298C>T (p.Thr433Ile)","chr3","179210232","C/T","PIK3CA","-1.129","dataset1288","Missense","Neutral to the sensitivity to drug Veliparib in HAP1","sensitivity to drug Veliparib","6","Functionally normal","","0","NA","CRISPR-Based Genome Editing","Base editing","33606977"
"NM_006218.4(PIK3CA):c.1306C>T (p.Leu436=)","chr3","179210240","C/T","PIK3CA","-0.779","dataset1288","Synonymous","Neutral to the sensitivity to drug Veliparib in HAP1","sensitivity to drug Veliparib","6","Functionally normal","","","NA","CRISPR-Based Genome Editing","Base editing","33606977"
"NM_006218.4(PIK3CA):c.1333C>T (p.Leu445Phe)","chr3","179210267","C/T","PIK3CA","0.017","dataset1288","Missense","Neutral to the sensitivity to drug Veliparib in HAP1","sensitivity to drug Veliparib","6","Functionally normal","","","NA","CRISPR-Based Genome Editing","Base editing","33606977"
"NM_006218.4(PIK3CA):c.1357G>A (p.Glu453Lys)","chr3","179210291","G/A","PIK3CA","2.537","dataset1288","Missense","The enhanced sensitivity to drug Veliparib in HAP1","sensitivity to drug Veliparib","6","Gain-of-function","Pathogenic","","blca:0.5% (2/411):0.155;brca:0.6% (6/1084):0.280;cesc:0.7% (2/297):0.140;hnsc:0.2% (1/523):0.210;lgg:0.6% (3/514):0.170;lusc:0.2% (1/487):0.100;stad:0.7% (3/440):0.360","CRISPR-Based Genome Editing","Base editing","33606977"
"NM_006218.4(PIK3CA):c.1360G>A (p.Asp454Asn)","chr3","179210294","G/A","PIK3CA","1.453","dataset1288","Missense","Neutral to the sensitivity to drug Veliparib in HAP1","sensitivity to drug Veliparib","6","Functionally normal","","","NA","CRISPR-Based Genome Editing","Base editing","33606977"
"NM_006218.4(PIK3CA):c.1371C>T (p.Asn457=)","chr3","179210305","C/T","PIK3CA","-0.117","dataset1288","Synonymous","Neutral to the sensitivity to drug Veliparib in HAP1","sensitivity to drug Veliparib","6","Functionally normal","","","NA","CRISPR-Based Genome Editing","Base editing","33606977"
"NM_006218.4(PIK3CA):c.1372_1373delinsTT (p.Pro458Phe)","chr3","179210306","CC/TT","PIK3CA","-0.117","dataset1288","Missense","Neutral to the sensitivity to drug Veliparib in HAP1","sensitivity to drug Veliparib","6","Functionally normal","","","NA","CRISPR-Based Genome Editing","Base editing","33606977"
"NM_006218.4(PIK3CA):c.1387_1388delinsAA (p.Gly463Lys)","chr3","179210321","GG/AA","PIK3CA","0.084","dataset1288","Missense","Neutral to the sensitivity to drug Veliparib in HAP1","sensitivity to drug Veliparib","6","Functionally normal","","","NA","CRISPR-Based Genome Editing","Base editing","33606977"
"NM_006218.4(PIK3CA):c.1391C>T (p.Ser464Leu)","chr3","179210325","C/T","PIK3CA","0.931","dataset1288","Missense","Neutral to the sensitivity to drug Veliparib in HAP1","sensitivity to drug Veliparib","6","Functionally normal","","","NA","CRISPR-Based Genome Editing","Base editing","33606977"
"NM_006218.4(PIK3CA):c.1409C>T (p.Thr470Ile)","chr3","179210435","C/T","PIK3CA","-0.38","dataset1288","Missense","Neutral to the sensitivity to drug Veliparib in HAP1","sensitivity to drug Veliparib","6","Functionally normal","Uncertain significance","","NA","CRISPR-Based Genome Editing","Base editing","33606977"
"NM_006218.4(PIK3CA):c.1411C>T (p.Pro471Ser)","chr3","179210437","C/T","PIK3CA","-0.38","dataset1288","Missense","Neutral to the sensitivity to drug Veliparib in HAP1","sensitivity to drug Veliparib","6","Functionally normal","","","NA","CRISPR-Based Genome Editing","Base editing","33606977"
"NM_006218.4(PIK3CA):c.1434C>T (p.Asp478=)","chr3","179210460","C/T","PIK3CA","-0.978","dataset1288","Synonymous","Neutral to the sensitivity to drug Veliparib in HAP1","sensitivity to drug Veliparib","6","Functionally normal","Likely benign","","NA","CRISPR-Based Genome Editing","Base editing","33606977"
"NM_006218.4(PIK3CA):c.1473G>A (p.Val491=)","chr3","179210499","G/A","PIK3CA","-2.33","dataset1288","Synonymous","The reduced sensitivity to drug Veliparib in HAP1","sensitivity to drug Veliparib","6","Loss-of-function","","","NA","CRISPR-Based Genome Editing","Base editing","33606977"
"NM_006218.4(PIK3CA):c.1477G>A (p.Glu493Lys)","chr3","179210503","G/A","PIK3CA","-0.512","dataset1288","Missense","Neutral to the sensitivity to drug Veliparib in HAP1","sensitivity to drug Veliparib","6","Functionally normal","","6.19569e-07","NA","CRISPR-Based Genome Editing","Base editing","33606977"
"NM_006218.4(PIK3CA):c.1496C>T (p.Ser499Phe)","chr3","179210522","C/T","PIK3CA","0.106","dataset1288","Missense","Neutral to the sensitivity to drug Veliparib in HAP1","sensitivity to drug Veliparib","6","Functionally normal","","","blca:0.2% (1/411):0.520","CRISPR-Based Genome Editing","Base editing","33606977"
"NM_006218.4(PIK3CA):c.1505G>A (p.Arg502Gln)","chr3","179210531","G/A","PIK3CA","-1.801","dataset1288","Missense","Neutral to the sensitivity to drug Veliparib in HAP1","sensitivity to drug Veliparib","6","Functionally normal","Uncertain significance","5.57674e-06","NA","CRISPR-Based Genome Editing","Base editing","33606977"
"NM_006218.4(PIK3CA):c.1526_1527delinsTT (p.Ser509Phe)","chr3","179210552","CC/TT","PIK3CA","-0.055","dataset1288","Missense","Neutral to the sensitivity to drug Veliparib in HAP1","sensitivity to drug Veliparib","6","Functionally normal","","","NA","CRISPR-Based Genome Editing","Base editing","33606977"
"NM_006218.4(PIK3CA):c.1539+5G>A","chr3","179210570","G/A","PIK3CA","-0.6255","dataset1288","Splice site","Neutral to the sensitivity to drug Veliparib in HAP1","sensitivity to drug Veliparib","6","Functionally normal","","","NA","CRISPR-Based Genome Editing","Base editing","33606977"
"NM_006218.4(PIK3CA):c.1539+31C>T","chr3","179210596","C/T","PIK3CA","0.754","dataset1288","Intron","Neutral to the sensitivity to drug Veliparib in HAP1","sensitivity to drug Veliparib","6","Functionally normal","","","NA","CRISPR-Based Genome Editing","Base editing","33606977"
"NM_006218.4(PIK3CA):c.1633G>A (p.Glu545Lys)","chr3","179218303","G/A","PIK3CA","0.941","dataset1288","Missense","Neutral to the sensitivity to drug Veliparib in HAP1","sensitivity to drug Veliparib","6","Functionally normal","Pathogenic/Likely pathogenic","","blca:7.1% (29/411):0.330;brca:6.0% (65/1084):0.320;cesc:12.5% (37/297):0.290;chol:2.8% (1/36):0.310;coad:7.3% (32/439):0.285;esca:3.3% (6/182):0.235;gbm:0.5% (3/592):0.190;hnsc:5.0% (26/523):0.145;kirc:0.2% (1/512):0.140;lgg:0.2% (1/514):0.230;luad:1.1% (6/566):0.400;lusc:2.7% (13/487):0.260;ov:0.2% (1/585):0.240;read:1.9% (3/155):0.180;skcm:0.4% (2/448):0.430;stad:2.3% (10/440):0.220;tgct:1.3% (2/149):0.185;ucec:2.8% (15/529):0.360;ucs:7.0% (4/57):0.315","CRISPR-Based Genome Editing","Base editing","33606977"
"NM_006218.4(PIK3CA):c.1662C>T (p.His554=)","chr3","179218332","C/T","PIK3CA","1.529","dataset1288","Splice site","Neutral to the sensitivity to drug Veliparib in HAP1","sensitivity to drug Veliparib","6","Functionally normal","","","NA","CRISPR-Based Genome Editing","Base editing","33606977"
"NM_006218.4(PIK3CA):c.1673G>A (p.Cys558Tyr)","chr3","179219204","G/A","PIK3CA","-0.32","dataset1288","Missense","Neutral to the sensitivity to drug Veliparib in HAP1","sensitivity to drug Veliparib","6","Functionally normal","","6.28125e-07","NA","CRISPR-Based Genome Editing","Base editing","33606977"
"NM_006218.4(PIK3CA):c.1675G>A (p.Val559Ile)","chr3","179219206","G/A","PIK3CA","-0.32","dataset1288","Missense","Neutral to the sensitivity to drug Veliparib in HAP1","sensitivity to drug Veliparib","6","Functionally normal","","6.27498e-07","NA","CRISPR-Based Genome Editing","Base editing","33606977"
"NM_006218.4(PIK3CA):c.1714G>A (p.Val572Ile)","chr3","179219245","G/A","PIK3CA","0.3105","dataset1288","Missense","Neutral to the sensitivity to drug Veliparib in HAP1","sensitivity to drug Veliparib","6","Functionally normal","","0","NA","CRISPR-Based Genome Editing","Base editing","33606977"
"NM_006218.4(PIK3CA):c.1746+15G>A","chr3","179219292","G/A","PIK3CA","-1.78","dataset1288","Intron","Neutral to the sensitivity to drug Veliparib in HAP1","sensitivity to drug Veliparib","6","Functionally normal","","","NA","CRISPR-Based Genome Editing","Base editing","33606977"
"NM_006218.4(PIK3CA):c.1746+30C>T","chr3","179219307","C/T","PIK3CA","-0.397","dataset1288","Intron","Neutral to the sensitivity to drug Veliparib in HAP1","sensitivity to drug Veliparib","6","Functionally normal","","","NA","CRISPR-Based Genome Editing","Base editing","33606977"
"NM_006218.4(PIK3CA):c.1747-5C>T","chr3","179219566","C/T","PIK3CA","1.765","dataset1288","Splice site","Neutral to the sensitivity to drug Veliparib in HAP1","sensitivity to drug Veliparib","6","Functionally normal","","","NA","CRISPR-Based Genome Editing","Base editing","33606977"
"NM_006218.4(PIK3CA):c.1747-3C>T","chr3","179219568","C/T","PIK3CA","1.765","dataset1288","Splice site","Neutral to the sensitivity to drug Veliparib in HAP1","sensitivity to drug Veliparib","6","Functionally normal","","1.47215e-06","NA","CRISPR-Based Genome Editing","Base editing","33606977"
"NM_006218.4(PIK3CA):c.1774_1775delinsTT (p.Pro592Leu)","chr3","179219598","CC/TT","PIK3CA","-1.649","dataset1288","Missense","Neutral to the sensitivity to drug Veliparib in HAP1","sensitivity to drug Veliparib","6","Functionally normal","","","NA","CRISPR-Based Genome Editing","Base editing","33606977"
"NM_006218.4(PIK3CA):c.1779C>T (p.Ile593=)","chr3","179219603","C/T","PIK3CA","0.823","dataset1288","Synonymous","Neutral to the sensitivity to drug Veliparib in HAP1","sensitivity to drug Veliparib","6","Functionally normal","","","NA","CRISPR-Based Genome Editing","Base editing","33606977"
"NM_006218.4(PIK3CA):c.1783C>T (p.Pro595Ser)","chr3","179219607","C/T","PIK3CA","0.823","dataset1288","Missense","Neutral to the sensitivity to drug Veliparib in HAP1","sensitivity to drug Veliparib","6","Functionally normal","","","NA","CRISPR-Based Genome Editing","Base editing","33606977"
"NM_006218.4(PIK3CA):c.1786G>A (p.Glu596Lys)","chr3","179219610","G/A","PIK3CA","0.629","dataset1288","Missense","Neutral to the sensitivity to drug Veliparib in HAP1","sensitivity to drug Veliparib","6","Functionally normal","","0","NA","CRISPR-Based Genome Editing","Base editing","33606977"
"NM_006218.4(PIK3CA):c.1789C>T (p.Gln597Ter)","chr3","179219613","C/T","PIK3CA","-1.796","dataset1288","Nonsense","Neutral to the sensitivity to drug Veliparib in HAP1","sensitivity to drug Veliparib","6","Functionally normal","","","NA","CRISPR-Based Genome Editing","Base editing","33606977"
"NM_006218.4(PIK3CA):c.1791G>A (p.Gln597=)","chr3","179219615","G/A","PIK3CA","-0.409","dataset1288","Synonymous","Neutral to the sensitivity to drug Veliparib in HAP1","sensitivity to drug Veliparib","6","Functionally normal","","","NA","CRISPR-Based Genome Editing","Base editing","33606977"
"NM_006218.4(PIK3CA):c.1798G>A (p.Glu600Lys)","chr3","179219622","G/A","PIK3CA","-0.972","dataset1288","Missense","Neutral to the sensitivity to drug Veliparib in HAP1","sensitivity to drug Veliparib","6","Functionally normal","Pathogenic","0","blca:0.2% (1/411):0.280;brca:0.1% (1/1084):0.250;luad:0.2% (1/566):0.280;stad:0.2% (1/440):0.090;ucec:0.2% (1/529):0.330","CRISPR-Based Genome Editing","Base editing","33606977"
"NM_006218.4(PIK3CA):c.1819_1820delinsTT (p.Pro607Leu)","chr3","179219643","CC/TT","PIK3CA","0.169","dataset1288","Missense","Neutral to the sensitivity to drug Veliparib in HAP1","sensitivity to drug Veliparib","6","Functionally normal","","","NA","CRISPR-Based Genome Editing","Base editing","33606977"
"NM_006218.4(PIK3CA):c.1835G>A (p.Arg612Gln)","chr3","179219659","G/A","PIK3CA","0.8815","dataset1288","Missense","Neutral to the sensitivity to drug Veliparib in HAP1","sensitivity to drug Veliparib","6","Functionally normal","","1.24123e-06","NA","CRISPR-Based Genome Editing","Base editing","33606977"
"NM_006218.4(PIK3CA):c.1837_1838delinsAA (p.Gly613Asn)","chr3","179219661","GG/AA","PIK3CA","0.354","dataset1288","Missense","Neutral to the sensitivity to drug Veliparib in HAP1","sensitivity to drug Veliparib","6","Functionally normal","","","NA","CRISPR-Based Genome Editing","Base editing","33606977"
"NM_006218.4(PIK3CA):c.1837G>A (p.Gly613Ser)","chr3","179219661","G/A","PIK3CA","1.409","dataset1288","Missense","Neutral to the sensitivity to drug Veliparib in HAP1","sensitivity to drug Veliparib","6","Functionally normal","not provided","","NA","CRISPR-Based Genome Editing","Base editing","33606977"
"NM_006218.4(PIK3CA):c.1976C>T (p.Thr659Ile)","chr3","179220013","C/T","PIK3CA","-1.925","dataset1288","Missense","Neutral to the sensitivity to drug Veliparib in HAP1","sensitivity to drug Veliparib","6","Functionally normal","","","NA","CRISPR-Based Genome Editing","Base editing","33606977"
"NM_006218.4(PIK3CA):c.2015+34G>A","chr3","179220086","G/A","PIK3CA","-0.761","dataset1288","Intron","Neutral to the sensitivity to drug Veliparib in HAP1","sensitivity to drug Veliparib","6","Functionally normal","","0","NA","CRISPR-Based Genome Editing","Base editing","33606977"
"NM_006218.4(PIK3CA):c.2015+35G>A","chr3","179220087","G/A","PIK3CA","-0.761","dataset1288","Intron","Neutral to the sensitivity to drug Veliparib in HAP1","sensitivity to drug Veliparib","6","Functionally normal","","","NA","CRISPR-Based Genome Editing","Base editing","33606977"
"NM_006218.4(PIK3CA):c.2036C>T (p.Thr679Ile)","chr3","179221006","C/T","PIK3CA","0.339","dataset1288","Missense","Neutral to the sensitivity to drug Veliparib in HAP1","sensitivity to drug Veliparib","6","Functionally normal","","","NA","CRISPR-Based Genome Editing","Base editing","33606977"
"NM_006218.4(PIK3CA):c.2069_2070delinsTT (p.Ser690Phe)","chr3","179221039","CC/TT","PIK3CA","0.4625","dataset1288","Missense","Neutral to the sensitivity to drug Veliparib in HAP1","sensitivity to drug Veliparib","6","Functionally normal","","","NA","CRISPR-Based Genome Editing","Base editing","33606977"
"NM_006218.4(PIK3CA):c.2084G>A (p.Cys695Tyr)","chr3","179221054","G/A","PIK3CA","-0.657","dataset1288","Missense","Neutral to the sensitivity to drug Veliparib in HAP1","sensitivity to drug Veliparib","6","Functionally normal","","","NA","CRISPR-Based Genome Editing","Base editing","33606977"
"NM_006218.4(PIK3CA):c.2086_2088delinsAAA (p.Gly696Lys)","chr3","179221056","GGG/AAA","PIK3CA","-0.657","dataset1288","Missense","Neutral to the sensitivity to drug Veliparib in HAP1","sensitivity to drug Veliparib","6","Functionally normal","","","NA","CRISPR-Based Genome Editing","Base editing","33606977"
"NM_006218.4(PIK3CA):c.2103C>T (p.His701=)","chr3","179221073","C/T","PIK3CA","0.743","dataset1288","Synonymous","Neutral to the sensitivity to drug Veliparib in HAP1","sensitivity to drug Veliparib","6","Functionally normal","Likely benign","1.11627e-05","NA","CRISPR-Based Genome Editing","Base editing","33606977"
"NM_006218.4(PIK3CA):c.2104C>T (p.Leu702=)","chr3","179221074","C/T","PIK3CA","0.743","dataset1288","Synonymous","Neutral to the sensitivity to drug Veliparib in HAP1","sensitivity to drug Veliparib","6","Functionally normal","","","NA","CRISPR-Based Genome Editing","Base editing","33606977"
"NM_006218.4(PIK3CA):c.2147C>T (p.Thr716Ile)","chr3","179221117","C/T","PIK3CA","1.476","dataset1288","Missense","Neutral to the sensitivity to drug Veliparib in HAP1","sensitivity to drug Veliparib","6","Functionally normal","Uncertain significance","","NA","CRISPR-Based Genome Editing","Base editing","33606977"
"NM_006218.4(PIK3CA):c.2232C>T (p.Phe744=)","chr3","179224125","C/T","PIK3CA","-0.4045","dataset1288","Synonymous","Neutral to the sensitivity to drug Veliparib in HAP1","sensitivity to drug Veliparib","6","Functionally normal","","1.86492e-06","NA","CRISPR-Based Genome Editing","Base editing","33606977"
"NM_006218.4(PIK3CA):c.2268C>T (p.Asn756=)","chr3","179224161","C/T","PIK3CA","0.69","dataset1288","Synonymous","Neutral to the sensitivity to drug Veliparib in HAP1","sensitivity to drug Veliparib","6","Functionally normal","Likely benign","6.32892e-07","NA","CRISPR-Based Genome Editing","Base editing","33606977"
"NM_006218.4(PIK3CA):c.2269_2270delinsTT (p.Pro757Phe)","chr3","179224162","CC/TT","PIK3CA","0.69","dataset1288","Missense","Neutral to the sensitivity to drug Veliparib in HAP1","sensitivity to drug Veliparib","6","Functionally normal","","","NA","CRISPR-Based Genome Editing","Base editing","33606977"
"NM_006218.4(PIK3CA):c.2278C>T (p.Gln760Ter)","chr3","179224171","C/T","PIK3CA","1.996","dataset1288","Nonsense","Neutral to the sensitivity to drug Veliparib in HAP1","sensitivity to drug Veliparib","6","Functionally normal","","","NA","CRISPR-Based Genome Editing","Base editing","33606977"
"NM_006218.4(PIK3CA):c.2284_2285delinsAA (p.Gly762Lys)","chr3","179224177","GG/AA","PIK3CA","0.0695","dataset1288","Missense","Neutral to the sensitivity to drug Veliparib in HAP1","sensitivity to drug Veliparib","6","Functionally normal","","","NA","CRISPR-Based Genome Editing","Base editing","33606977"
"NM_006218.4(PIK3CA):c.2289C>T (p.Asn763=)","chr3","179224182","C/T","PIK3CA","-0.538667","dataset1288","Synonymous","Neutral to the sensitivity to drug Veliparib in HAP1","sensitivity to drug Veliparib","6","Functionally normal","Likely benign","1.32084e-06","NA","CRISPR-Based Genome Editing","Base editing","33606977"
"NM_006218.4(PIK3CA):c.2290C>T (p.Leu764Phe)","chr3","179224183","C/T","PIK3CA","-0.766","dataset1288","Missense","Neutral to the sensitivity to drug Veliparib in HAP1","sensitivity to drug Veliparib","6","Functionally normal","","","NA","CRISPR-Based Genome Editing","Base editing","33606977"
"NM_006218.4(PIK3CA):c.2294+11G>A","chr3","179224198","G/A","PIK3CA","-0.393","dataset1288","Intron","Neutral to the sensitivity to drug Veliparib in HAP1","sensitivity to drug Veliparib","6","Functionally normal","","1.47861e-06","NA","CRISPR-Based Genome Editing","Base editing","33606977"
"NM_006218.4(PIK3CA):c.2294+12G>A","chr3","179224199","G/A","PIK3CA","-0.393","dataset1288","Intron","Neutral to the sensitivity to drug Veliparib in HAP1","sensitivity to drug Veliparib","6","Functionally normal","","0","NA","CRISPR-Based Genome Editing","Base editing","33606977"
"NM_006218.4(PIK3CA):c.2294+13G>A","chr3","179224200","G/A","PIK3CA","-0.393","dataset1288","Intron","Neutral to the sensitivity to drug Veliparib in HAP1","sensitivity to drug Veliparib","6","Functionally normal","","7.97166e-07","NA","CRISPR-Based Genome Editing","Base editing","33606977"
"NM_006218.4(PIK3CA):c.2294+14G>A","chr3","179224201","G/A","PIK3CA","-0.393","dataset1288","Intron","Neutral to the sensitivity to drug Veliparib in HAP1","sensitivity to drug Veliparib","6","Functionally normal","","0","NA","CRISPR-Based Genome Editing","Base editing","33606977"
"NM_006218.4(PIK3CA):c.2321C>T (p.Ser774Phe)","chr3","179224726","C/T","PIK3CA","0.598","dataset1288","Missense","Neutral to the sensitivity to drug Veliparib in HAP1","sensitivity to drug Veliparib","6","Functionally normal","","","NA","CRISPR-Based Genome Editing","Base editing","33606977"
"NM_006218.4(PIK3CA):c.2333C>T (p.Pro778Leu)","chr3","179224738","C/T","PIK3CA","-0.1575","dataset1288","Missense","Neutral to the sensitivity to drug Veliparib in HAP1","sensitivity to drug Veliparib","6","Functionally normal","","","NA","CRISPR-Based Genome Editing","Base editing","33606977"
"NM_006218.4(PIK3CA):c.2335C>T (p.Leu779=)","chr3","179224740","C/T","PIK3CA","-0.197","dataset1288","Synonymous","Neutral to the sensitivity to drug Veliparib in HAP1","sensitivity to drug Veliparib","6","Functionally normal","","","NA","CRISPR-Based Genome Editing","Base editing","33606977"
"NM_006218.4(PIK3CA):c.2348_2349delinsAA (p.Trp783Ter)","chr3","179224753","GG/AA","PIK3CA","1.323","dataset1288","Nonsense","Neutral to the sensitivity to drug Veliparib in HAP1","sensitivity to drug Veliparib","6","Functionally normal","","","NA","CRISPR-Based Genome Editing","Base editing","33606977"
"NM_006218.4(PIK3CA):c.2350G>A (p.Glu784Lys)","chr3","179224755","G/A","PIK3CA","1.323","dataset1288","Missense","Neutral to the sensitivity to drug Veliparib in HAP1","sensitivity to drug Veliparib","6","Functionally normal","","","NA","CRISPR-Based Genome Editing","Base editing","33606977"
"NM_006218.4(PIK3CA):c.2397C>T (p.Ile799=)","chr3","179224802","C/T","PIK3CA","1.3355","dataset1288","Synonymous","Neutral to the sensitivity to drug Veliparib in HAP1","sensitivity to drug Veliparib","6","Functionally normal","","","NA","CRISPR-Based Genome Editing","Base editing","33606977"
"NM_006218.4(PIK3CA):c.2443C>T (p.Gln815Ter)","chr3","179225988","C/T","PIK3CA","1.897","dataset1288","Nonsense","Neutral to the sensitivity to drug Veliparib in HAP1","sensitivity to drug Veliparib","6","Functionally normal","","","NA","CRISPR-Based Genome Editing","Base editing","33606977"
"NM_006218.4(PIK3CA):c.2479C>T (p.Gln827Ter)","chr3","179226024","C/T","PIK3CA","-0.406","dataset1288","Nonsense","Neutral to the sensitivity to drug Veliparib in HAP1","sensitivity to drug Veliparib","6","Functionally normal","","","NA","CRISPR-Based Genome Editing","Base editing","33606977"
"NM_006218.4(PIK3CA):c.2485C>T (p.Leu829Phe)","chr3","179226030","C/T","PIK3CA","-0.8","dataset1288","Missense","Neutral to the sensitivity to drug Veliparib in HAP1","sensitivity to drug Veliparib","6","Functionally normal","Uncertain significance","","NA","CRISPR-Based Genome Editing","Base editing","33606977"
"NM_006218.4(PIK3CA):c.2494C>T (p.Arg832Ter)","chr3","179226039","C/T","PIK3CA","-1.196","dataset1288","Nonsense","Neutral to the sensitivity to drug Veliparib in HAP1","sensitivity to drug Veliparib","6","Functionally normal","","6.41096e-07","ucec:0.4% (2/529):0.315","CRISPR-Based Genome Editing","Base editing","33606977"
"NM_006218.4(PIK3CA):c.2495+24G>A","chr3","179226064","G/A","PIK3CA","-1.098","dataset1288","Intron","Neutral to the sensitivity to drug Veliparib in HAP1","sensitivity to drug Veliparib","6","Functionally normal","","7.59402e-07","NA","CRISPR-Based Genome Editing","Base editing","33606977"
"NM_006218.4(PIK3CA):c.2495+28G>A","chr3","179226068","G/A","PIK3CA","-1.098","dataset1288","Intron","Neutral to the sensitivity to drug Veliparib in HAP1","sensitivity to drug Veliparib","6","Functionally normal","","7.97594e-07","NA","CRISPR-Based Genome Editing","Base editing","33606977"
"NM_006218.4(PIK3CA):c.2496-3C>T","chr3","179229269","C/T","PIK3CA","0.853","dataset1288","Splice site","Neutral to the sensitivity to drug Veliparib in HAP1","sensitivity to drug Veliparib","6","Functionally normal","","","NA","CRISPR-Based Genome Editing","Base editing","33606977"
"NM_006218.4(PIK3CA):c.2519C>T (p.Ser840Leu)","chr3","179229295","C/T","PIK3CA","0.3345","dataset1288","Missense","Neutral to the sensitivity to drug Veliparib in HAP1","sensitivity to drug Veliparib","6","Functionally normal","","","NA","CRISPR-Based Genome Editing","Base editing","33606977"
"NM_006218.4(PIK3CA):c.2529C>T (p.Asp843=)","chr3","179229305","C/T","PIK3CA","-0.638","dataset1288","Synonymous","Neutral to the sensitivity to drug Veliparib in HAP1","sensitivity to drug Veliparib","6","Functionally normal","Likely benign","","NA","CRISPR-Based Genome Editing","Base editing","33606977"
"NM_006218.4(PIK3CA):c.2637G>A (p.Gln879=)","chr3","179229413","G/A","PIK3CA","0.09","dataset1288","Synonymous","Neutral to the sensitivity to drug Veliparib in HAP1","sensitivity to drug Veliparib","6","Functionally normal","","","NA","CRISPR-Based Genome Editing","Base editing","33606977"
"NM_006218.4(PIK3CA):c.2639G>A (p.Trp880Ter)","chr3","179229415","G/A","PIK3CA","0.09","dataset1288","Nonsense","Neutral to the sensitivity to drug Veliparib in HAP1","sensitivity to drug Veliparib","6","Functionally normal","","","NA","CRISPR-Based Genome Editing","Base editing","33606977"
"NM_006218.4(PIK3CA):c.2643C>T (p.Leu881=)","chr3","179229419","C/T","PIK3CA","0.471","dataset1288","Synonymous","Neutral to the sensitivity to drug Veliparib in HAP1","sensitivity to drug Veliparib","6","Functionally normal","","","NA","CRISPR-Based Genome Editing","Base editing","33606977"
"NM_006218.4(PIK3CA):c.2666+38G>A","chr3","179229480","G/A","PIK3CA","4.258","dataset1288","Intron","The enhanced sensitivity to drug Veliparib in HAP1","sensitivity to drug Veliparib","6","Gain-of-function","","1.31463e-06","NA","CRISPR-Based Genome Editing","Base editing","33606977"
"NM_006218.4(PIK3CA):c.2693C>T (p.Thr898Ile)","chr3","179230030","C/T","PIK3CA","-0.763","dataset1288","Missense","Neutral to the sensitivity to drug Veliparib in HAP1","sensitivity to drug Veliparib","6","Functionally normal","","","NA","CRISPR-Based Genome Editing","Base editing","33606977"
"NM_006218.4(PIK3CA):c.2696G>A (p.Arg899His)","chr3","179230033","G/A","PIK3CA","1.533","dataset1288","Missense","Neutral to the sensitivity to drug Veliparib in HAP1","sensitivity to drug Veliparib","6","Functionally normal","Uncertain significance","2.47996e-06","NA","CRISPR-Based Genome Editing","Base editing","33606977"
"NM_006218.4(PIK3CA):c.2702G>A (p.Cys901Tyr)","chr3","179230039","G/A","PIK3CA","0.132","dataset1288","Missense","Neutral to the sensitivity to drug Veliparib in HAP1","sensitivity to drug Veliparib","6","Functionally normal","","","NA","CRISPR-Based Genome Editing","Base editing","33606977"
"NM_006218.4(PIK3CA):c.2740_2741delinsAA (p.Gly914Lys)","chr3","179230077","GG/AA","PIK3CA","-0.235","dataset1288","Missense","Neutral to the sensitivity to drug Veliparib in HAP1","sensitivity to drug Veliparib","6","Functionally normal","","","NA","CRISPR-Based Genome Editing","Base editing","33606977"
"NM_006218.4(PIK3CA):c.2763C>T (p.Ile921=)","chr3","179230100","C/T","PIK3CA","-0.241","dataset1288","Synonymous","Neutral to the sensitivity to drug Veliparib in HAP1","sensitivity to drug Veliparib","6","Functionally normal","","","NA","CRISPR-Based Genome Editing","Base editing","33606977"
"NM_006218.4(PIK3CA):c.2775C>T (p.Asp925=)","chr3","179230112","C/T","PIK3CA","-0.428","dataset1288","Synonymous","Neutral to the sensitivity to drug Veliparib in HAP1","sensitivity to drug Veliparib","6","Functionally normal","Likely benign","9.95603e-06","NA","CRISPR-Based Genome Editing","Base editing","33606977"
"NM_006218.4(PIK3CA):c.2784+12C>T","chr3","179230133","C/T","PIK3CA","-0.226","dataset1288","Intron","Neutral to the sensitivity to drug Veliparib in HAP1","sensitivity to drug Veliparib","6","Functionally normal","","","NA","CRISPR-Based Genome Editing","Base editing","33606977"
"NM_006218.4(PIK3CA):c.2784+14C>T","chr3","179230135","C/T","PIK3CA","-0.226","dataset1288","Intron","Neutral to the sensitivity to drug Veliparib in HAP1","sensitivity to drug Veliparib","6","Functionally normal","","","NA","CRISPR-Based Genome Editing","Base editing","33606977"
"NM_006218.4(PIK3CA):c.2919G>A (p.Lys973=)","chr3","179230359","G/A","PIK3CA","-1.3295","dataset1288","Synonymous","Neutral to the sensitivity to drug Veliparib in HAP1","sensitivity to drug Veliparib","6","Functionally normal","Likely benign","6.24502e-07","NA","CRISPR-Based Genome Editing","Base editing","33606977"
"NM_006218.4(PIK3CA):c.2921C>T (p.Thr974Ile)","chr3","179230361","C/T","PIK3CA","1.365","dataset1288","Missense","Neutral to the sensitivity to drug Veliparib in HAP1","sensitivity to drug Veliparib","6","Functionally normal","","6.24674e-07","NA","CRISPR-Based Genome Editing","Base editing","33606977"
"NM_006218.4(PIK3CA):c.2936+22C>T","chr3","179230398","C/T","PIK3CA","-1.538","dataset1288","Intron","Neutral to the sensitivity to drug Veliparib in HAP1","sensitivity to drug Veliparib","6","Functionally normal","","0","NA","CRISPR-Based Genome Editing","Base editing","33606977"
"NM_006218.4(PIK3CA):c.2936+24C>T","chr3","179230400","C/T","PIK3CA","-1.538","dataset1288","Intron","Neutral to the sensitivity to drug Veliparib in HAP1","sensitivity to drug Veliparib","6","Functionally normal","","","NA","CRISPR-Based Genome Editing","Base editing","33606977"
"NM_006218.4(PIK3CA):c.2937-19C>T","chr3","179234075","C/T","PIK3CA","0.046","dataset1288","Intron","Neutral to the sensitivity to drug Veliparib in HAP1","sensitivity to drug Veliparib","6","Functionally normal","","6.3392e-07","NA","CRISPR-Based Genome Editing","Base editing","33606977"
"NM_006218.4(PIK3CA):c.2941C>T (p.Gln981Ter)","chr3","179234098","C/T","PIK3CA","0.441","dataset1288","Nonsense","Neutral to the sensitivity to drug Veliparib in HAP1","sensitivity to drug Veliparib","6","Functionally normal","","","NA","CRISPR-Based Genome Editing","Base editing","33606977"
"NM_006218.4(PIK3CA):c.3008C>T (p.Ser1003Leu)","chr3","179234165","C/T","PIK3CA","0.076","dataset1288","Missense","Neutral to the sensitivity to drug Veliparib in HAP1","sensitivity to drug Veliparib","6","Functionally normal","","1.23973e-06","NA","CRISPR-Based Genome Editing","Base editing","33606977"
"NM_006218.4(PIK3CA):c.3049G>A (p.Asp1017Asn)","chr3","179234206","G/A","PIK3CA","0.922","dataset1288","Missense","Neutral to the sensitivity to drug Veliparib in HAP1","sensitivity to drug Veliparib","6","Functionally normal","","","paad:0.5% (1/184):0.410","CRISPR-Based Genome Editing","Base editing","33606977"
"NM_006218.4(PIK3CA):c.3092C>T (p.Thr1031Ile)","chr3","179234249","C/T","PIK3CA","-0.964","dataset1288","Missense","Neutral to the sensitivity to drug Veliparib in HAP1","sensitivity to drug Veliparib","6","Functionally normal","","","NA","CRISPR-Based Genome Editing","Base editing","33606977"
"NM_006218.4(PIK3CA):c.3155C>T (p.Thr1052Ile)","chr3","179234312","C/T","PIK3CA","-0.128","dataset1288","Missense","Neutral to the sensitivity to drug Veliparib in HAP1","sensitivity to drug Veliparib","6","Functionally normal","","","NA","CRISPR-Based Genome Editing","Base editing","33606977"
"NM_006218.4(PIK3CA):c.5C>T (p.Pro2Leu)","chr3","179198830","C/T","PIK3CA","0.119","dataset1289","Missense","Neutral to the sensitivity to drug Rucaparib in HAP1","sensitivity to drug Rucaparib","6","Functionally normal","","","NA","CRISPR-Based Genome Editing","Base editing","33606977"
"NM_006218.4(PIK3CA):c.7_8delinsTT (p.Pro3Leu)","chr3","179198832","CC/TT","PIK3CA","0.119","dataset1289","Missense","Neutral to the sensitivity to drug Rucaparib in HAP1","sensitivity to drug Rucaparib","6","Functionally normal","","","NA","CRISPR-Based Genome Editing","Base editing","33606977"
"NM_006218.4(PIK3CA):c.14C>T (p.Pro5Leu)","chr3","179198839","C/T","PIK3CA","-0.214","dataset1289","Missense","Neutral to the sensitivity to drug Rucaparib in HAP1","sensitivity to drug Rucaparib","6","Functionally normal","","","NA","CRISPR-Based Genome Editing","Base editing","33606977"
"NM_006218.4(PIK3CA):c.17C>T (p.Ser6Leu)","chr3","179198842","C/T","PIK3CA","-0.223667","dataset1289","Missense","Neutral to the sensitivity to drug Rucaparib in HAP1","sensitivity to drug Rucaparib","6","Functionally normal","","","NA","CRISPR-Based Genome Editing","Base editing","33606977"
"NM_006218.4(PIK3CA):c.20C>T (p.Ser7Leu)","chr3","179198845","C/T","PIK3CA","-0.202","dataset1289","Missense","Neutral to the sensitivity to drug Rucaparib in HAP1","sensitivity to drug Rucaparib","6","Functionally normal","","6.43589e-07","NA","CRISPR-Based Genome Editing","Base editing","33606977"
"NM_006218.4(PIK3CA):c.22_23delinsAA (p.Gly8Asn)","chr3","179198847","GG/AA","PIK3CA","-0.55","dataset1289","Missense","Neutral to the sensitivity to drug Rucaparib in HAP1","sensitivity to drug Rucaparib","6","Functionally normal","","","NA","CRISPR-Based Genome Editing","Base editing","33606977"
"NM_006218.4(PIK3CA):c.25G>A (p.Glu9Lys)","chr3","179198850","G/A","PIK3CA","-1.089","dataset1289","Missense","Neutral to the sensitivity to drug Rucaparib in HAP1","sensitivity to drug Rucaparib","6","Functionally normal","Uncertain significance","","NA","CRISPR-Based Genome Editing","Base editing","33606977"
"NM_006218.4(PIK3CA):c.30G>A (p.Leu10=)","chr3","179198855","G/A","PIK3CA","-0.183","dataset1289","Synonymous","Neutral to the sensitivity to drug Rucaparib in HAP1","sensitivity to drug Rucaparib","6","Functionally normal","Likely benign","1.90648e-06","NA","CRISPR-Based Genome Editing","Base editing","33606977"
"NM_006218.4(PIK3CA):c.32G>A (p.Trp11Ter)","chr3","179198857","G/A","PIK3CA","-0.183","dataset1289","Nonsense","Neutral to the sensitivity to drug Rucaparib in HAP1","sensitivity to drug Rucaparib","6","Functionally normal","","","NA","CRISPR-Based Genome Editing","Base editing","33606977"
"NM_006218.4(PIK3CA):c.56G>A (p.Arg19Lys)","chr3","179198881","G/A","PIK3CA","0.524","dataset1289","Missense","Neutral to the sensitivity to drug Rucaparib in HAP1","sensitivity to drug Rucaparib","6","Functionally normal","","6.25752e-07","NA","CRISPR-Based Genome Editing","Base editing","33606977"
"NM_006218.4(PIK3CA):c.64G>A (p.Val22Ile)","chr3","179198889","G/A","PIK3CA","0.961","dataset1289","Missense","Neutral to the sensitivity to drug Rucaparib in HAP1","sensitivity to drug Rucaparib","6","Functionally normal","Uncertain significance","6.23131e-07","NA","CRISPR-Based Genome Editing","Base editing","33606977"
"NM_006218.4(PIK3CA):c.67G>A (p.Glu23Lys)","chr3","179198892","G/A","PIK3CA","0.30825","dataset1289","Missense","Neutral to the sensitivity to drug Rucaparib in HAP1","sensitivity to drug Rucaparib","6","Functionally normal","","","NA","CRISPR-Based Genome Editing","Base editing","33606977"
"NM_006218.4(PIK3CA):c.71G>A (p.Cys24Tyr)","chr3","179198896","G/A","PIK3CA","0.35","dataset1289","Missense","Neutral to the sensitivity to drug Rucaparib in HAP1","sensitivity to drug Rucaparib","6","Functionally normal","","","NA","CRISPR-Based Genome Editing","Base editing","33606977"
"NM_006218.4(PIK3CA):c.190G>A (p.Asp64Asn)","chr3","179199015","G/A","PIK3CA","0.049","dataset1289","Missense","Neutral to the sensitivity to drug Rucaparib in HAP1","sensitivity to drug Rucaparib","6","Functionally normal","","","NA","CRISPR-Based Genome Editing","Base editing","33606977"
"NM_006218.4(PIK3CA):c.193G>A (p.Glu65Lys)","chr3","179199018","G/A","PIK3CA","0.741","dataset1289","Missense","Neutral to the sensitivity to drug Rucaparib in HAP1","sensitivity to drug Rucaparib","6","Functionally normal","","6.19785e-07","lusc:0.2% (1/487):0.100","CRISPR-Based Genome Editing","Base editing","33606977"
"NM_006218.4(PIK3CA):c.221C>T (p.Thr74Ile)","chr3","179199046","C/T","PIK3CA","-1.098","dataset1289","Missense","Neutral to the sensitivity to drug Rucaparib in HAP1","sensitivity to drug Rucaparib","6","Functionally normal","","1.2394e-06","NA","CRISPR-Based Genome Editing","Base editing","33606977"
"NM_006218.4(PIK3CA):c.223C>T (p.Gln75Ter)","chr3","179199048","C/T","PIK3CA","-0.008","dataset1289","Nonsense","Neutral to the sensitivity to drug Rucaparib in HAP1","sensitivity to drug Rucaparib","6","Functionally normal","","","NA","CRISPR-Based Genome Editing","Base editing","33606977"
"NM_006218.4(PIK3CA):c.262C>T (p.Arg88Ter)","chr3","179199087","C/T","PIK3CA","0.369","dataset1289","Nonsense","Neutral to the sensitivity to drug Rucaparib in HAP1","sensitivity to drug Rucaparib","6","Functionally normal","","6.19781e-07","NA","CRISPR-Based Genome Editing","Base editing","33606977"
"NM_006218.4(PIK3CA):c.336C>T (p.Ile112=)","chr3","179199161","C/T","PIK3CA","-0.021","dataset1289","Synonymous","Neutral to the sensitivity to drug Rucaparib in HAP1","sensitivity to drug Rucaparib","6","Functionally normal","","","NA","CRISPR-Based Genome Editing","Base editing","33606977"
"NM_006218.4(PIK3CA):c.337C>T (p.Leu113Phe)","chr3","179199162","C/T","PIK3CA","-0.021","dataset1289","Missense","Neutral to the sensitivity to drug Rucaparib in HAP1","sensitivity to drug Rucaparib","6","Functionally normal","Uncertain significance","","NA","CRISPR-Based Genome Editing","Base editing","33606977"
"NM_006218.4(PIK3CA):c.352G>A (p.Gly118Ser)","chr3","179199177","G/A","PIK3CA","-0.231","dataset1289","Missense","Neutral to the sensitivity to drug Rucaparib in HAP1","sensitivity to drug Rucaparib","6","Functionally normal","","","NA","CRISPR-Based Genome Editing","Base editing","33606977"
"NM_006218.4(PIK3CA):c.352+1G>A","chr3","179199178","G/A","PIK3CA","-0.231","dataset1289","Splice site","Neutral to the sensitivity to drug Rucaparib in HAP1","sensitivity to drug Rucaparib","6","Functionally normal","","","NA","CRISPR-Based Genome Editing","Base editing","33606977"
"NM_006218.4(PIK3CA):c.385G>A (p.Asp129Asn)","chr3","179199722","G/A","PIK3CA","-2.058","dataset1289","Missense","The reduced sensitivity to drug Rucaparib in HAP1","sensitivity to drug Rucaparib","6","Loss-of-function","","6.20096e-07","NA","CRISPR-Based Genome Editing","Base editing","33606977"
"NM_006218.4(PIK3CA):c.419G>A (p.Arg140Gln)","chr3","179199756","G/A","PIK3CA","-0.005","dataset1289","Missense","Neutral to the sensitivity to drug Rucaparib in HAP1","sensitivity to drug Rucaparib","6","Functionally normal","","6.19814e-07","NA","CRISPR-Based Genome Editing","Base editing","33606977"
"NM_006218.4(PIK3CA):c.432G>A (p.Leu144=)","chr3","179199769","G/A","PIK3CA","-1.565","dataset1289","Synonymous","Neutral to the sensitivity to drug Rucaparib in HAP1","sensitivity to drug Rucaparib","6","Functionally normal","","3.09952e-06","NA","CRISPR-Based Genome Editing","Base editing","33606977"
"NM_006218.4(PIK3CA):c.435C>T (p.Asn145=)","chr3","179199772","C/T","PIK3CA","-0.086","dataset1289","Synonymous","Neutral to the sensitivity to drug Rucaparib in HAP1","sensitivity to drug Rucaparib","6","Functionally normal","Likely benign","6.82044e-06","NA","CRISPR-Based Genome Editing","Base editing","33606977"
"NM_006218.4(PIK3CA):c.436G>A (p.Val146Ile)","chr3","179199773","G/A","PIK3CA","-1.565","dataset1289","Missense","Neutral to the sensitivity to drug Rucaparib in HAP1","sensitivity to drug Rucaparib","6","Functionally normal","Uncertain significance","2.23197e-05","NA","CRISPR-Based Genome Editing","Base editing","33606977"
"NM_006218.4(PIK3CA):c.482G>A (p.Ser161Asn)","chr3","179199819","G/A","PIK3CA","-2.153","dataset1289","Missense","The reduced sensitivity to drug Rucaparib in HAP1","sensitivity to drug Rucaparib","6","Loss-of-function","","1.86014e-06","NA","CRISPR-Based Genome Editing","Base editing","33606977"
"NM_006218.4(PIK3CA):c.492G>A (p.Met164Ile)","chr3","179199829","G/A","PIK3CA","-0.765","dataset1289","Missense","Neutral to the sensitivity to drug Rucaparib in HAP1","sensitivity to drug Rucaparib","6","Functionally normal","","","NA","CRISPR-Based Genome Editing","Base editing","33606977"
"NM_006218.4(PIK3CA):c.615G>A (p.Gln205=)","chr3","179201342","G/A","PIK3CA","0.787","dataset1289","Synonymous","Neutral to the sensitivity to drug Rucaparib in HAP1","sensitivity to drug Rucaparib","6","Functionally normal","","","NA","CRISPR-Based Genome Editing","Base editing","33606977"
"NM_006218.4(PIK3CA):c.652G>A (p.Glu218Lys)","chr3","179201379","G/A","PIK3CA","0.314","dataset1289","Missense","Neutral to the sensitivity to drug Rucaparib in HAP1","sensitivity to drug Rucaparib","6","Functionally normal","Pathogenic","","NA","CRISPR-Based Genome Editing","Base editing","33606977"
"NM_006218.4(PIK3CA):c.667G>A (p.Glu223Lys)","chr3","179201394","G/A","PIK3CA","-0.598","dataset1289","Missense","Neutral to the sensitivity to drug Rucaparib in HAP1","sensitivity to drug Rucaparib","6","Functionally normal","Uncertain significance","","NA","CRISPR-Based Genome Editing","Base editing","33606977"
"NM_006218.4(PIK3CA):c.796_797delinsTT (p.Pro266Phe)","chr3","179201523","CC/TT","PIK3CA","-0.197","dataset1289","Missense","Neutral to the sensitivity to drug Rucaparib in HAP1","sensitivity to drug Rucaparib","6","Functionally normal","","","NA","CRISPR-Based Genome Editing","Base editing","33606977"
"NM_006218.4(PIK3CA):c.799C>T (p.Leu267=)","chr3","179201526","C/T","PIK3CA","-0.197","dataset1289","Synonymous","Neutral to the sensitivity to drug Rucaparib in HAP1","sensitivity to drug Rucaparib","6","Functionally normal","","","NA","CRISPR-Based Genome Editing","Base editing","33606977"
"NM_006218.4(PIK3CA):c.813G>A (p.Lys271=)","chr3","179201540","G/A","PIK3CA","-1.699","dataset1289","Splice site","Neutral to the sensitivity to drug Rucaparib in HAP1","sensitivity to drug Rucaparib","6","Functionally normal","","0","NA","CRISPR-Based Genome Editing","Base editing","33606977"
"NM_006218.4(PIK3CA):c.813+1G>A","chr3","179201541","G/A","PIK3CA","-1.699","dataset1289","Splice site","Neutral to the sensitivity to drug Rucaparib in HAP1","sensitivity to drug Rucaparib","6","Functionally normal","","","NA","CRISPR-Based Genome Editing","Base editing","33606977"
"NM_006218.4(PIK3CA):c.814-1G>A","chr3","179203543","G/A","PIK3CA","-0.482667","dataset1289","Splice site","Neutral to the sensitivity to drug Rucaparib in HAP1","sensitivity to drug Rucaparib","6","Functionally normal","","","NA","CRISPR-Based Genome Editing","Base editing","33606977"
"NM_006218.4(PIK3CA):c.848_849delinsTT (p.Pro283Leu)","chr3","179203578","CC/TT","PIK3CA","0.06","dataset1289","Missense","Neutral to the sensitivity to drug Rucaparib in HAP1","sensitivity to drug Rucaparib","6","Functionally normal","","","NA","CRISPR-Based Genome Editing","Base editing","33606977"
"NM_006218.4(PIK3CA):c.864G>A (p.Met288Ile)","chr3","179203594","G/A","PIK3CA","1.4095","dataset1289","Missense","Neutral to the sensitivity to drug Rucaparib in HAP1","sensitivity to drug Rucaparib","6","Functionally normal","Uncertain significance","","NA","CRISPR-Based Genome Editing","Base editing","33606977"
"NM_006218.4(PIK3CA):c.944C>T (p.Thr315Ile)","chr3","179203674","C/T","PIK3CA","0.14","dataset1289","Missense","Neutral to the sensitivity to drug Rucaparib in HAP1","sensitivity to drug Rucaparib","6","Functionally normal","","","NA","CRISPR-Based Genome Editing","Base editing","33606977"
"NM_006218.4(PIK3CA):c.954G>A (p.Met318Ile)","chr3","179203684","G/A","PIK3CA","-1.323","dataset1289","Missense","Neutral to the sensitivity to drug Rucaparib in HAP1","sensitivity to drug Rucaparib","6","Functionally normal","Uncertain significance","5.57738e-06","NA","CRISPR-Based Genome Editing","Base editing","33606977"
"NM_006218.4(PIK3CA):c.961G>A (p.Glu321Lys)","chr3","179203691","G/A","PIK3CA","-2.747","dataset1289","Missense","The reduced sensitivity to drug Rucaparib in HAP1","sensitivity to drug Rucaparib","6","Loss-of-function","","6.19695e-07","NA","CRISPR-Based Genome Editing","Base editing","33606977"
"NM_006218.4(PIK3CA):c.965C>T (p.Thr322Ile)","chr3","179203695","C/T","PIK3CA","-3.606","dataset1289","Missense","The reduced sensitivity to drug Rucaparib in HAP1","sensitivity to drug Rucaparib","6","Loss-of-function","","","NA","CRISPR-Based Genome Editing","Base editing","33606977"
"NM_006218.4(PIK3CA):c.968C>T (p.Ser323Phe)","chr3","179203698","C/T","PIK3CA","-1.4405","dataset1289","Missense","Neutral to the sensitivity to drug Rucaparib in HAP1","sensitivity to drug Rucaparib","6","Functionally normal","","","NA","CRISPR-Based Genome Editing","Base editing","33606977"
"NM_006218.4(PIK3CA):c.995G>A (p.Ser332Asn)","chr3","179203725","G/A","PIK3CA","-2.977","dataset1289","Missense","The reduced sensitivity to drug Rucaparib in HAP1","sensitivity to drug Rucaparib","6","Loss-of-function","Uncertain significance","1.86046e-06","NA","CRISPR-Based Genome Editing","Base editing","33606977"
"NM_006218.4(PIK3CA):c.1045C>T (p.Arg349Ter)","chr3","179203775","C/T","PIK3CA","0.209","dataset1289","Nonsense","Neutral to the sensitivity to drug Rucaparib in HAP1","sensitivity to drug Rucaparib","6","Functionally normal","","0","NA","CRISPR-Based Genome Editing","Base editing","33606977"
"NM_006218.4(PIK3CA):c.1060-1G>A","chr3","179204502","G/A","PIK3CA","0.896","dataset1289","Splice site","Neutral to the sensitivity to drug Rucaparib in HAP1","sensitivity to drug Rucaparib","6","Functionally normal","","","NA","CRISPR-Based Genome Editing","Base editing","33606977"
"NM_006218.4(PIK3CA):c.1069C>T (p.Arg357Ter)","chr3","179204512","C/T","PIK3CA","0.719","dataset1289","Nonsense","Neutral to the sensitivity to drug Rucaparib in HAP1","sensitivity to drug Rucaparib","6","Functionally normal","","1.28802e-06","NA","CRISPR-Based Genome Editing","Base editing","33606977"
"NM_006218.4(PIK3CA):c.1073C>T (p.Thr358Ile)","chr3","179204516","C/T","PIK3CA","0.865","dataset1289","Missense","Neutral to the sensitivity to drug Rucaparib in HAP1","sensitivity to drug Rucaparib","6","Functionally normal","","0","NA","CRISPR-Based Genome Editing","Base editing","33606977"
"NM_006218.4(PIK3CA):c.1113G>A (p.Val371=)","chr3","179204556","G/A","PIK3CA","1.289","dataset1289","Synonymous","Neutral to the sensitivity to drug Rucaparib in HAP1","sensitivity to drug Rucaparib","6","Functionally normal","Likely benign","1.26235e-06","NA","CRISPR-Based Genome Editing","Base editing","33606977"
"NM_006218.4(PIK3CA):c.1129_1130delinsTT (p.Pro377Phe)","chr3","179204572","CC/TT","PIK3CA","-1.14","dataset1289","Missense","Neutral to the sensitivity to drug Rucaparib in HAP1","sensitivity to drug Rucaparib","6","Functionally normal","","","NA","CRISPR-Based Genome Editing","Base editing","33606977"
"NM_006218.4(PIK3CA):c.1136C>T (p.Ser379Phe)","chr3","179204579","C/T","PIK3CA","0.489","dataset1289","Missense","Neutral to the sensitivity to drug Rucaparib in HAP1","sensitivity to drug Rucaparib","6","Functionally normal","","","NA","CRISPR-Based Genome Editing","Base editing","33606977"
"NM_006218.4(PIK3CA):c.1145G>A (p.Arg382Lys)","chr3","179204588","G/A","PIK3CA","0.098","dataset1289","Missense","Neutral to the sensitivity to drug Rucaparib in HAP1","sensitivity to drug Rucaparib","6","Functionally normal","Conflicting classifications of pathogenicity","2.10593e-06","NA","CRISPR-Based Genome Editing","Base editing","33606977"
"NM_006218.4(PIK3CA):c.1145+1G>A","chr3","179204589","G/A","PIK3CA","0.098","dataset1289","Splice site","Neutral to the sensitivity to drug Rucaparib in HAP1","sensitivity to drug Rucaparib","6","Functionally normal","","0","NA","CRISPR-Based Genome Editing","Base editing","33606977"
"NM_006218.4(PIK3CA):c.1145+6G>A","chr3","179204594","G/A","PIK3CA","0.154","dataset1289","Splice site","Neutral to the sensitivity to drug Rucaparib in HAP1","sensitivity to drug Rucaparib","6","Functionally normal","","0","NA","CRISPR-Based Genome Editing","Base editing","33606977"
"NM_006218.4(PIK3CA):c.1145+9G>A","chr3","179204597","G/A","PIK3CA","0.154","dataset1289","Intron","Neutral to the sensitivity to drug Rucaparib in HAP1","sensitivity to drug Rucaparib","6","Functionally normal","Likely benign","8.35012e-06","NA","CRISPR-Based Genome Editing","Base editing","33606977"
"NM_006218.4(PIK3CA):c.1145+16G>A","chr3","179204604","G/A","PIK3CA","-1.606","dataset1289","Intron","Neutral to the sensitivity to drug Rucaparib in HAP1","sensitivity to drug Rucaparib","6","Functionally normal","Likely benign","6.41143e-06","NA","CRISPR-Based Genome Editing","Base editing","33606977"
"NM_006218.4(PIK3CA):c.1145+42G>A","chr3","179204630","G/A","PIK3CA","-0.174","dataset1289","Intron","Neutral to the sensitivity to drug Rucaparib in HAP1","sensitivity to drug Rucaparib","6","Functionally normal","","2.12086e-06","NA","CRISPR-Based Genome Editing","Base editing","33606977"
"NM_006218.4(PIK3CA):c.1145+44G>A","chr3","179204632","G/A","PIK3CA","-0.174","dataset1289","Intron","Neutral to the sensitivity to drug Rucaparib in HAP1","sensitivity to drug Rucaparib","6","Functionally normal","","0","NA","CRISPR-Based Genome Editing","Base editing","33606977"
"NM_006218.4(PIK3CA):c.1214_1215delinsTT (p.Ser405Phe)","chr3","179209663","CC/TT","PIK3CA","2.269","dataset1289","Missense","The enhanced sensitivity to drug Rucaparib in HAP1","sensitivity to drug Rucaparib","6","Gain-of-function","","","NA","CRISPR-Based Genome Editing","Base editing","33606977"
"NM_006218.4(PIK3CA):c.1223C>T (p.Ser408Phe)","chr3","179209672","C/T","PIK3CA","-0.975","dataset1289","Missense","Neutral to the sensitivity to drug Rucaparib in HAP1","sensitivity to drug Rucaparib","6","Functionally normal","","","NA","CRISPR-Based Genome Editing","Base editing","33606977"
"NM_006218.4(PIK3CA):c.1225G>A (p.Val409Ile)","chr3","179209674","G/A","PIK3CA","1.006","dataset1289","Missense","Neutral to the sensitivity to drug Rucaparib in HAP1","sensitivity to drug Rucaparib","6","Functionally normal","Uncertain significance","","NA","CRISPR-Based Genome Editing","Base editing","33606977"
"NM_006218.4(PIK3CA):c.1231G>A (p.Gly411Ser)","chr3","179209680","G/A","PIK3CA","-0.795","dataset1289","Missense","Neutral to the sensitivity to drug Rucaparib in HAP1","sensitivity to drug Rucaparib","6","Functionally normal","","","NA","CRISPR-Based Genome Editing","Base editing","33606977"
"NM_006218.4(PIK3CA):c.1234C>T (p.Arg412Ter)","chr3","179209683","C/T","PIK3CA","-0.338","dataset1289","Nonsense","Neutral to the sensitivity to drug Rucaparib in HAP1","sensitivity to drug Rucaparib","6","Functionally normal","","","NA","CRISPR-Based Genome Editing","Base editing","33606977"
"NM_006218.4(PIK3CA):c.1251+1G>A","chr3","179209701","G/A","PIK3CA","1.208","dataset1289","Splice site","Neutral to the sensitivity to drug Rucaparib in HAP1","sensitivity to drug Rucaparib","6","Functionally normal","","0","NA","CRISPR-Based Genome Editing","Base editing","33606977"
"NM_006218.4(PIK3CA):c.1298C>T (p.Thr433Ile)","chr3","179210232","C/T","PIK3CA","-0.182","dataset1289","Missense","Neutral to the sensitivity to drug Rucaparib in HAP1","sensitivity to drug Rucaparib","6","Functionally normal","","0","NA","CRISPR-Based Genome Editing","Base editing","33606977"
"NM_006218.4(PIK3CA):c.1306C>T (p.Leu436=)","chr3","179210240","C/T","PIK3CA","-0.897","dataset1289","Synonymous","Neutral to the sensitivity to drug Rucaparib in HAP1","sensitivity to drug Rucaparib","6","Functionally normal","","","NA","CRISPR-Based Genome Editing","Base editing","33606977"
"NM_006218.4(PIK3CA):c.1333C>T (p.Leu445Phe)","chr3","179210267","C/T","PIK3CA","0.143","dataset1289","Missense","Neutral to the sensitivity to drug Rucaparib in HAP1","sensitivity to drug Rucaparib","6","Functionally normal","","","NA","CRISPR-Based Genome Editing","Base editing","33606977"
"NM_006218.4(PIK3CA):c.1357G>A (p.Glu453Lys)","chr3","179210291","G/A","PIK3CA","2.513","dataset1289","Missense","The enhanced sensitivity to drug Rucaparib in HAP1","sensitivity to drug Rucaparib","6","Gain-of-function","Pathogenic","","blca:0.5% (2/411):0.155;brca:0.6% (6/1084):0.280;cesc:0.7% (2/297):0.140;hnsc:0.2% (1/523):0.210;lgg:0.6% (3/514):0.170;lusc:0.2% (1/487):0.100;stad:0.7% (3/440):0.360","CRISPR-Based Genome Editing","Base editing","33606977"
"NM_006218.4(PIK3CA):c.1360G>A (p.Asp454Asn)","chr3","179210294","G/A","PIK3CA","2.821","dataset1289","Missense","The enhanced sensitivity to drug Rucaparib in HAP1","sensitivity to drug Rucaparib","6","Gain-of-function","","","NA","CRISPR-Based Genome Editing","Base editing","33606977"
"NM_006218.4(PIK3CA):c.1371C>T (p.Asn457=)","chr3","179210305","C/T","PIK3CA","0.742","dataset1289","Synonymous","Neutral to the sensitivity to drug Rucaparib in HAP1","sensitivity to drug Rucaparib","6","Functionally normal","","","NA","CRISPR-Based Genome Editing","Base editing","33606977"
"NM_006218.4(PIK3CA):c.1372_1373delinsTT (p.Pro458Phe)","chr3","179210306","CC/TT","PIK3CA","0.742","dataset1289","Missense","Neutral to the sensitivity to drug Rucaparib in HAP1","sensitivity to drug Rucaparib","6","Functionally normal","","","NA","CRISPR-Based Genome Editing","Base editing","33606977"
"NM_006218.4(PIK3CA):c.1387_1388delinsAA (p.Gly463Lys)","chr3","179210321","GG/AA","PIK3CA","0.149","dataset1289","Missense","Neutral to the sensitivity to drug Rucaparib in HAP1","sensitivity to drug Rucaparib","6","Functionally normal","","","NA","CRISPR-Based Genome Editing","Base editing","33606977"
"NM_006218.4(PIK3CA):c.1391C>T (p.Ser464Leu)","chr3","179210325","C/T","PIK3CA","0.721","dataset1289","Missense","Neutral to the sensitivity to drug Rucaparib in HAP1","sensitivity to drug Rucaparib","6","Functionally normal","","","NA","CRISPR-Based Genome Editing","Base editing","33606977"
"NM_006218.4(PIK3CA):c.1409C>T (p.Thr470Ile)","chr3","179210435","C/T","PIK3CA","0.182","dataset1289","Missense","Neutral to the sensitivity to drug Rucaparib in HAP1","sensitivity to drug Rucaparib","6","Functionally normal","Uncertain significance","","NA","CRISPR-Based Genome Editing","Base editing","33606977"
"NM_006218.4(PIK3CA):c.1411C>T (p.Pro471Ser)","chr3","179210437","C/T","PIK3CA","0.182","dataset1289","Missense","Neutral to the sensitivity to drug Rucaparib in HAP1","sensitivity to drug Rucaparib","6","Functionally normal","","","NA","CRISPR-Based Genome Editing","Base editing","33606977"
"NM_006218.4(PIK3CA):c.1434C>T (p.Asp478=)","chr3","179210460","C/T","PIK3CA","-1.732","dataset1289","Synonymous","Neutral to the sensitivity to drug Rucaparib in HAP1","sensitivity to drug Rucaparib","6","Functionally normal","Likely benign","","NA","CRISPR-Based Genome Editing","Base editing","33606977"
"NM_006218.4(PIK3CA):c.1473G>A (p.Val491=)","chr3","179210499","G/A","PIK3CA","-0.812","dataset1289","Synonymous","Neutral to the sensitivity to drug Rucaparib in HAP1","sensitivity to drug Rucaparib","6","Functionally normal","","","NA","CRISPR-Based Genome Editing","Base editing","33606977"
"NM_006218.4(PIK3CA):c.1477G>A (p.Glu493Lys)","chr3","179210503","G/A","PIK3CA","0.1075","dataset1289","Missense","Neutral to the sensitivity to drug Rucaparib in HAP1","sensitivity to drug Rucaparib","6","Functionally normal","","6.19569e-07","NA","CRISPR-Based Genome Editing","Base editing","33606977"
"NM_006218.4(PIK3CA):c.1496C>T (p.Ser499Phe)","chr3","179210522","C/T","PIK3CA","-1.207","dataset1289","Missense","Neutral to the sensitivity to drug Rucaparib in HAP1","sensitivity to drug Rucaparib","6","Functionally normal","","","blca:0.2% (1/411):0.520","CRISPR-Based Genome Editing","Base editing","33606977"
"NM_006218.4(PIK3CA):c.1505G>A (p.Arg502Gln)","chr3","179210531","G/A","PIK3CA","-1.78","dataset1289","Missense","Neutral to the sensitivity to drug Rucaparib in HAP1","sensitivity to drug Rucaparib","6","Functionally normal","Uncertain significance","5.57674e-06","NA","CRISPR-Based Genome Editing","Base editing","33606977"
"NM_006218.4(PIK3CA):c.1526_1527delinsTT (p.Ser509Phe)","chr3","179210552","CC/TT","PIK3CA","-0.455","dataset1289","Missense","Neutral to the sensitivity to drug Rucaparib in HAP1","sensitivity to drug Rucaparib","6","Functionally normal","","","NA","CRISPR-Based Genome Editing","Base editing","33606977"
"NM_006218.4(PIK3CA):c.1539+5G>A","chr3","179210570","G/A","PIK3CA","-0.2025","dataset1289","Splice site","Neutral to the sensitivity to drug Rucaparib in HAP1","sensitivity to drug Rucaparib","6","Functionally normal","","","NA","CRISPR-Based Genome Editing","Base editing","33606977"
"NM_006218.4(PIK3CA):c.1539+31C>T","chr3","179210596","C/T","PIK3CA","0.314","dataset1289","Intron","Neutral to the sensitivity to drug Rucaparib in HAP1","sensitivity to drug Rucaparib","6","Functionally normal","","","NA","CRISPR-Based Genome Editing","Base editing","33606977"
"NM_006218.4(PIK3CA):c.1633G>A (p.Glu545Lys)","chr3","179218303","G/A","PIK3CA","2.488","dataset1289","Missense","The enhanced sensitivity to drug Rucaparib in HAP1","sensitivity to drug Rucaparib","6","Gain-of-function","Pathogenic/Likely pathogenic","","blca:7.1% (29/411):0.330;brca:6.0% (65/1084):0.320;cesc:12.5% (37/297):0.290;chol:2.8% (1/36):0.310;coad:7.3% (32/439):0.285;esca:3.3% (6/182):0.235;gbm:0.5% (3/592):0.190;hnsc:5.0% (26/523):0.145;kirc:0.2% (1/512):0.140;lgg:0.2% (1/514):0.230;luad:1.1% (6/566):0.400;lusc:2.7% (13/487):0.260;ov:0.2% (1/585):0.240;read:1.9% (3/155):0.180;skcm:0.4% (2/448):0.430;stad:2.3% (10/440):0.220;tgct:1.3% (2/149):0.185;ucec:2.8% (15/529):0.360;ucs:7.0% (4/57):0.315","CRISPR-Based Genome Editing","Base editing","33606977"
"NM_006218.4(PIK3CA):c.1662C>T (p.His554=)","chr3","179218332","C/T","PIK3CA","0.54","dataset1289","Splice site","Neutral to the sensitivity to drug Rucaparib in HAP1","sensitivity to drug Rucaparib","6","Functionally normal","","","NA","CRISPR-Based Genome Editing","Base editing","33606977"
"NM_006218.4(PIK3CA):c.1673G>A (p.Cys558Tyr)","chr3","179219204","G/A","PIK3CA","-0.799","dataset1289","Missense","Neutral to the sensitivity to drug Rucaparib in HAP1","sensitivity to drug Rucaparib","6","Functionally normal","","6.28125e-07","NA","CRISPR-Based Genome Editing","Base editing","33606977"
"NM_006218.4(PIK3CA):c.1675G>A (p.Val559Ile)","chr3","179219206","G/A","PIK3CA","-0.799","dataset1289","Missense","Neutral to the sensitivity to drug Rucaparib in HAP1","sensitivity to drug Rucaparib","6","Functionally normal","","6.27498e-07","NA","CRISPR-Based Genome Editing","Base editing","33606977"
"NM_006218.4(PIK3CA):c.1714G>A (p.Val572Ile)","chr3","179219245","G/A","PIK3CA","0.8285","dataset1289","Missense","Neutral to the sensitivity to drug Rucaparib in HAP1","sensitivity to drug Rucaparib","6","Functionally normal","","0","NA","CRISPR-Based Genome Editing","Base editing","33606977"
"NM_006218.4(PIK3CA):c.1746+15G>A","chr3","179219292","G/A","PIK3CA","-4.636","dataset1289","Intron","The reduced sensitivity to drug Rucaparib in HAP1","sensitivity to drug Rucaparib","6","Loss-of-function","","","NA","CRISPR-Based Genome Editing","Base editing","33606977"
"NM_006218.4(PIK3CA):c.1746+30C>T","chr3","179219307","C/T","PIK3CA","0.002","dataset1289","Intron","Neutral to the sensitivity to drug Rucaparib in HAP1","sensitivity to drug Rucaparib","6","Functionally normal","","","NA","CRISPR-Based Genome Editing","Base editing","33606977"
"NM_006218.4(PIK3CA):c.1747-5C>T","chr3","179219566","C/T","PIK3CA","0.265","dataset1289","Splice site","Neutral to the sensitivity to drug Rucaparib in HAP1","sensitivity to drug Rucaparib","6","Functionally normal","","","NA","CRISPR-Based Genome Editing","Base editing","33606977"
"NM_006218.4(PIK3CA):c.1747-3C>T","chr3","179219568","C/T","PIK3CA","0.265","dataset1289","Splice site","Neutral to the sensitivity to drug Rucaparib in HAP1","sensitivity to drug Rucaparib","6","Functionally normal","","1.47215e-06","NA","CRISPR-Based Genome Editing","Base editing","33606977"
"NM_006218.4(PIK3CA):c.1774_1775delinsTT (p.Pro592Leu)","chr3","179219598","CC/TT","PIK3CA","-2.88","dataset1289","Missense","The reduced sensitivity to drug Rucaparib in HAP1","sensitivity to drug Rucaparib","6","Loss-of-function","","","NA","CRISPR-Based Genome Editing","Base editing","33606977"
"NM_006218.4(PIK3CA):c.1779C>T (p.Ile593=)","chr3","179219603","C/T","PIK3CA","-1.49","dataset1289","Synonymous","Neutral to the sensitivity to drug Rucaparib in HAP1","sensitivity to drug Rucaparib","6","Functionally normal","","","NA","CRISPR-Based Genome Editing","Base editing","33606977"
"NM_006218.4(PIK3CA):c.1783C>T (p.Pro595Ser)","chr3","179219607","C/T","PIK3CA","-1.49","dataset1289","Missense","Neutral to the sensitivity to drug Rucaparib in HAP1","sensitivity to drug Rucaparib","6","Functionally normal","","","NA","CRISPR-Based Genome Editing","Base editing","33606977"
"NM_006218.4(PIK3CA):c.1786G>A (p.Glu596Lys)","chr3","179219610","G/A","PIK3CA","1.383","dataset1289","Missense","Neutral to the sensitivity to drug Rucaparib in HAP1","sensitivity to drug Rucaparib","6","Functionally normal","","0","NA","CRISPR-Based Genome Editing","Base editing","33606977"
"NM_006218.4(PIK3CA):c.1789C>T (p.Gln597Ter)","chr3","179219613","C/T","PIK3CA","1.188","dataset1289","Nonsense","Neutral to the sensitivity to drug Rucaparib in HAP1","sensitivity to drug Rucaparib","6","Functionally normal","","","NA","CRISPR-Based Genome Editing","Base editing","33606977"
"NM_006218.4(PIK3CA):c.1791G>A (p.Gln597=)","chr3","179219615","G/A","PIK3CA","-0.603","dataset1289","Synonymous","Neutral to the sensitivity to drug Rucaparib in HAP1","sensitivity to drug Rucaparib","6","Functionally normal","","","NA","CRISPR-Based Genome Editing","Base editing","33606977"
"NM_006218.4(PIK3CA):c.1798G>A (p.Glu600Lys)","chr3","179219622","G/A","PIK3CA","0.134","dataset1289","Missense","Neutral to the sensitivity to drug Rucaparib in HAP1","sensitivity to drug Rucaparib","6","Functionally normal","Pathogenic","0","blca:0.2% (1/411):0.280;brca:0.1% (1/1084):0.250;luad:0.2% (1/566):0.280;stad:0.2% (1/440):0.090;ucec:0.2% (1/529):0.330","CRISPR-Based Genome Editing","Base editing","33606977"
"NM_006218.4(PIK3CA):c.1819_1820delinsTT (p.Pro607Leu)","chr3","179219643","CC/TT","PIK3CA","-0.873","dataset1289","Missense","Neutral to the sensitivity to drug Rucaparib in HAP1","sensitivity to drug Rucaparib","6","Functionally normal","","","NA","CRISPR-Based Genome Editing","Base editing","33606977"
"NM_006218.4(PIK3CA):c.1835G>A (p.Arg612Gln)","chr3","179219659","G/A","PIK3CA","0.885","dataset1289","Missense","Neutral to the sensitivity to drug Rucaparib in HAP1","sensitivity to drug Rucaparib","6","Functionally normal","","1.24123e-06","NA","CRISPR-Based Genome Editing","Base editing","33606977"
"NM_006218.4(PIK3CA):c.1837_1838delinsAA (p.Gly613Asn)","chr3","179219661","GG/AA","PIK3CA","0.921","dataset1289","Missense","Neutral to the sensitivity to drug Rucaparib in HAP1","sensitivity to drug Rucaparib","6","Functionally normal","","","NA","CRISPR-Based Genome Editing","Base editing","33606977"
"NM_006218.4(PIK3CA):c.1837G>A (p.Gly613Ser)","chr3","179219661","G/A","PIK3CA","0.849","dataset1289","Missense","Neutral to the sensitivity to drug Rucaparib in HAP1","sensitivity to drug Rucaparib","6","Functionally normal","not provided","","NA","CRISPR-Based Genome Editing","Base editing","33606977"
"NM_006218.4(PIK3CA):c.1976C>T (p.Thr659Ile)","chr3","179220013","C/T","PIK3CA","-0.4555","dataset1289","Missense","Neutral to the sensitivity to drug Rucaparib in HAP1","sensitivity to drug Rucaparib","6","Functionally normal","","","NA","CRISPR-Based Genome Editing","Base editing","33606977"
"NM_006218.4(PIK3CA):c.2015+34G>A","chr3","179220086","G/A","PIK3CA","1.036","dataset1289","Intron","Neutral to the sensitivity to drug Rucaparib in HAP1","sensitivity to drug Rucaparib","6","Functionally normal","","0","NA","CRISPR-Based Genome Editing","Base editing","33606977"
"NM_006218.4(PIK3CA):c.2015+35G>A","chr3","179220087","G/A","PIK3CA","1.036","dataset1289","Intron","Neutral to the sensitivity to drug Rucaparib in HAP1","sensitivity to drug Rucaparib","6","Functionally normal","","","NA","CRISPR-Based Genome Editing","Base editing","33606977"
"NM_006218.4(PIK3CA):c.2036C>T (p.Thr679Ile)","chr3","179221006","C/T","PIK3CA","0.387","dataset1289","Missense","Neutral to the sensitivity to drug Rucaparib in HAP1","sensitivity to drug Rucaparib","6","Functionally normal","","","NA","CRISPR-Based Genome Editing","Base editing","33606977"
"NM_006218.4(PIK3CA):c.2069_2070delinsTT (p.Ser690Phe)","chr3","179221039","CC/TT","PIK3CA","-0.4885","dataset1289","Missense","Neutral to the sensitivity to drug Rucaparib in HAP1","sensitivity to drug Rucaparib","6","Functionally normal","","","NA","CRISPR-Based Genome Editing","Base editing","33606977"
"NM_006218.4(PIK3CA):c.2084G>A (p.Cys695Tyr)","chr3","179221054","G/A","PIK3CA","0.167","dataset1289","Missense","Neutral to the sensitivity to drug Rucaparib in HAP1","sensitivity to drug Rucaparib","6","Functionally normal","","","NA","CRISPR-Based Genome Editing","Base editing","33606977"
"NM_006218.4(PIK3CA):c.2086_2088delinsAAA (p.Gly696Lys)","chr3","179221056","GGG/AAA","PIK3CA","0.167","dataset1289","Missense","Neutral to the sensitivity to drug Rucaparib in HAP1","sensitivity to drug Rucaparib","6","Functionally normal","","","NA","CRISPR-Based Genome Editing","Base editing","33606977"
"NM_006218.4(PIK3CA):c.2103C>T (p.His701=)","chr3","179221073","C/T","PIK3CA","0.058","dataset1289","Synonymous","Neutral to the sensitivity to drug Rucaparib in HAP1","sensitivity to drug Rucaparib","6","Functionally normal","Likely benign","1.11627e-05","NA","CRISPR-Based Genome Editing","Base editing","33606977"
"NM_006218.4(PIK3CA):c.2104C>T (p.Leu702=)","chr3","179221074","C/T","PIK3CA","0.058","dataset1289","Synonymous","Neutral to the sensitivity to drug Rucaparib in HAP1","sensitivity to drug Rucaparib","6","Functionally normal","","","NA","CRISPR-Based Genome Editing","Base editing","33606977"
"NM_006218.4(PIK3CA):c.2147C>T (p.Thr716Ile)","chr3","179221117","C/T","PIK3CA","0.255","dataset1289","Missense","Neutral to the sensitivity to drug Rucaparib in HAP1","sensitivity to drug Rucaparib","6","Functionally normal","Uncertain significance","","NA","CRISPR-Based Genome Editing","Base editing","33606977"
"NM_006218.4(PIK3CA):c.2232C>T (p.Phe744=)","chr3","179224125","C/T","PIK3CA","-0.2875","dataset1289","Synonymous","Neutral to the sensitivity to drug Rucaparib in HAP1","sensitivity to drug Rucaparib","6","Functionally normal","","1.86492e-06","NA","CRISPR-Based Genome Editing","Base editing","33606977"
"NM_006218.4(PIK3CA):c.2268C>T (p.Asn756=)","chr3","179224161","C/T","PIK3CA","-0.076","dataset1289","Synonymous","Neutral to the sensitivity to drug Rucaparib in HAP1","sensitivity to drug Rucaparib","6","Functionally normal","Likely benign","6.32892e-07","NA","CRISPR-Based Genome Editing","Base editing","33606977"
"NM_006218.4(PIK3CA):c.2269_2270delinsTT (p.Pro757Phe)","chr3","179224162","CC/TT","PIK3CA","-0.076","dataset1289","Missense","Neutral to the sensitivity to drug Rucaparib in HAP1","sensitivity to drug Rucaparib","6","Functionally normal","","","NA","CRISPR-Based Genome Editing","Base editing","33606977"
"NM_006218.4(PIK3CA):c.2278C>T (p.Gln760Ter)","chr3","179224171","C/T","PIK3CA","-0.478","dataset1289","Nonsense","Neutral to the sensitivity to drug Rucaparib in HAP1","sensitivity to drug Rucaparib","6","Functionally normal","","","NA","CRISPR-Based Genome Editing","Base editing","33606977"
"NM_006218.4(PIK3CA):c.2284_2285delinsAA (p.Gly762Lys)","chr3","179224177","GG/AA","PIK3CA","-0.34","dataset1289","Missense","Neutral to the sensitivity to drug Rucaparib in HAP1","sensitivity to drug Rucaparib","6","Functionally normal","","","NA","CRISPR-Based Genome Editing","Base editing","33606977"
"NM_006218.4(PIK3CA):c.2289C>T (p.Asn763=)","chr3","179224182","C/T","PIK3CA","-0.547667","dataset1289","Synonymous","Neutral to the sensitivity to drug Rucaparib in HAP1","sensitivity to drug Rucaparib","6","Functionally normal","Likely benign","1.32084e-06","NA","CRISPR-Based Genome Editing","Base editing","33606977"
"NM_006218.4(PIK3CA):c.2290C>T (p.Leu764Phe)","chr3","179224183","C/T","PIK3CA","-1.239","dataset1289","Missense","Neutral to the sensitivity to drug Rucaparib in HAP1","sensitivity to drug Rucaparib","6","Functionally normal","","","NA","CRISPR-Based Genome Editing","Base editing","33606977"
"NM_006218.4(PIK3CA):c.2294+11G>A","chr3","179224198","G/A","PIK3CA","1.751","dataset1289","Intron","Neutral to the sensitivity to drug Rucaparib in HAP1","sensitivity to drug Rucaparib","6","Functionally normal","","1.47861e-06","NA","CRISPR-Based Genome Editing","Base editing","33606977"
"NM_006218.4(PIK3CA):c.2294+12G>A","chr3","179224199","G/A","PIK3CA","1.751","dataset1289","Intron","Neutral to the sensitivity to drug Rucaparib in HAP1","sensitivity to drug Rucaparib","6","Functionally normal","","0","NA","CRISPR-Based Genome Editing","Base editing","33606977"
"NM_006218.4(PIK3CA):c.2294+13G>A","chr3","179224200","G/A","PIK3CA","1.751","dataset1289","Intron","Neutral to the sensitivity to drug Rucaparib in HAP1","sensitivity to drug Rucaparib","6","Functionally normal","","7.97166e-07","NA","CRISPR-Based Genome Editing","Base editing","33606977"
"NM_006218.4(PIK3CA):c.2294+14G>A","chr3","179224201","G/A","PIK3CA","1.751","dataset1289","Intron","Neutral to the sensitivity to drug Rucaparib in HAP1","sensitivity to drug Rucaparib","6","Functionally normal","","0","NA","CRISPR-Based Genome Editing","Base editing","33606977"
"NM_006218.4(PIK3CA):c.2321C>T (p.Ser774Phe)","chr3","179224726","C/T","PIK3CA","-0.039","dataset1289","Missense","Neutral to the sensitivity to drug Rucaparib in HAP1","sensitivity to drug Rucaparib","6","Functionally normal","","","NA","CRISPR-Based Genome Editing","Base editing","33606977"
"NM_006218.4(PIK3CA):c.2333C>T (p.Pro778Leu)","chr3","179224738","C/T","PIK3CA","-0.479","dataset1289","Missense","Neutral to the sensitivity to drug Rucaparib in HAP1","sensitivity to drug Rucaparib","6","Functionally normal","","","NA","CRISPR-Based Genome Editing","Base editing","33606977"
"NM_006218.4(PIK3CA):c.2335C>T (p.Leu779=)","chr3","179224740","C/T","PIK3CA","-0.426","dataset1289","Synonymous","Neutral to the sensitivity to drug Rucaparib in HAP1","sensitivity to drug Rucaparib","6","Functionally normal","","","NA","CRISPR-Based Genome Editing","Base editing","33606977"
"NM_006218.4(PIK3CA):c.2348_2349delinsAA (p.Trp783Ter)","chr3","179224753","GG/AA","PIK3CA","1.423","dataset1289","Nonsense","Neutral to the sensitivity to drug Rucaparib in HAP1","sensitivity to drug Rucaparib","6","Functionally normal","","","NA","CRISPR-Based Genome Editing","Base editing","33606977"
"NM_006218.4(PIK3CA):c.2350G>A (p.Glu784Lys)","chr3","179224755","G/A","PIK3CA","1.423","dataset1289","Missense","Neutral to the sensitivity to drug Rucaparib in HAP1","sensitivity to drug Rucaparib","6","Functionally normal","","","NA","CRISPR-Based Genome Editing","Base editing","33606977"
"NM_006218.4(PIK3CA):c.2397C>T (p.Ile799=)","chr3","179224802","C/T","PIK3CA","0.5165","dataset1289","Synonymous","Neutral to the sensitivity to drug Rucaparib in HAP1","sensitivity to drug Rucaparib","6","Functionally normal","","","NA","CRISPR-Based Genome Editing","Base editing","33606977"
"NM_006218.4(PIK3CA):c.2443C>T (p.Gln815Ter)","chr3","179225988","C/T","PIK3CA","-0.249","dataset1289","Nonsense","Neutral to the sensitivity to drug Rucaparib in HAP1","sensitivity to drug Rucaparib","6","Functionally normal","","","NA","CRISPR-Based Genome Editing","Base editing","33606977"
"NM_006218.4(PIK3CA):c.2479C>T (p.Gln827Ter)","chr3","179226024","C/T","PIK3CA","-0.853","dataset1289","Nonsense","Neutral to the sensitivity to drug Rucaparib in HAP1","sensitivity to drug Rucaparib","6","Functionally normal","","","NA","CRISPR-Based Genome Editing","Base editing","33606977"
"NM_006218.4(PIK3CA):c.2485C>T (p.Leu829Phe)","chr3","179226030","C/T","PIK3CA","-0.419","dataset1289","Missense","Neutral to the sensitivity to drug Rucaparib in HAP1","sensitivity to drug Rucaparib","6","Functionally normal","Uncertain significance","","NA","CRISPR-Based Genome Editing","Base editing","33606977"
"NM_006218.4(PIK3CA):c.2494C>T (p.Arg832Ter)","chr3","179226039","C/T","PIK3CA","0.216","dataset1289","Nonsense","Neutral to the sensitivity to drug Rucaparib in HAP1","sensitivity to drug Rucaparib","6","Functionally normal","","6.41096e-07","ucec:0.4% (2/529):0.315","CRISPR-Based Genome Editing","Base editing","33606977"
"NM_006218.4(PIK3CA):c.2495+24G>A","chr3","179226064","G/A","PIK3CA","-1.107","dataset1289","Intron","Neutral to the sensitivity to drug Rucaparib in HAP1","sensitivity to drug Rucaparib","6","Functionally normal","","7.59402e-07","NA","CRISPR-Based Genome Editing","Base editing","33606977"
"NM_006218.4(PIK3CA):c.2495+28G>A","chr3","179226068","G/A","PIK3CA","-1.107","dataset1289","Intron","Neutral to the sensitivity to drug Rucaparib in HAP1","sensitivity to drug Rucaparib","6","Functionally normal","","7.97594e-07","NA","CRISPR-Based Genome Editing","Base editing","33606977"
"NM_006218.4(PIK3CA):c.2496-3C>T","chr3","179229269","C/T","PIK3CA","-0.182","dataset1289","Splice site","Neutral to the sensitivity to drug Rucaparib in HAP1","sensitivity to drug Rucaparib","6","Functionally normal","","","NA","CRISPR-Based Genome Editing","Base editing","33606977"
"NM_006218.4(PIK3CA):c.2519C>T (p.Ser840Leu)","chr3","179229295","C/T","PIK3CA","0.884","dataset1289","Missense","Neutral to the sensitivity to drug Rucaparib in HAP1","sensitivity to drug Rucaparib","6","Functionally normal","","","NA","CRISPR-Based Genome Editing","Base editing","33606977"
"NM_006218.4(PIK3CA):c.2529C>T (p.Asp843=)","chr3","179229305","C/T","PIK3CA","-1.983","dataset1289","Synonymous","Neutral to the sensitivity to drug Rucaparib in HAP1","sensitivity to drug Rucaparib","6","Functionally normal","Likely benign","","NA","CRISPR-Based Genome Editing","Base editing","33606977"
"NM_006218.4(PIK3CA):c.2637G>A (p.Gln879=)","chr3","179229413","G/A","PIK3CA","0.878","dataset1289","Synonymous","Neutral to the sensitivity to drug Rucaparib in HAP1","sensitivity to drug Rucaparib","6","Functionally normal","","","NA","CRISPR-Based Genome Editing","Base editing","33606977"
"NM_006218.4(PIK3CA):c.2639G>A (p.Trp880Ter)","chr3","179229415","G/A","PIK3CA","0.878","dataset1289","Nonsense","Neutral to the sensitivity to drug Rucaparib in HAP1","sensitivity to drug Rucaparib","6","Functionally normal","","","NA","CRISPR-Based Genome Editing","Base editing","33606977"
"NM_006218.4(PIK3CA):c.2643C>T (p.Leu881=)","chr3","179229419","C/T","PIK3CA","-0.117","dataset1289","Synonymous","Neutral to the sensitivity to drug Rucaparib in HAP1","sensitivity to drug Rucaparib","6","Functionally normal","","","NA","CRISPR-Based Genome Editing","Base editing","33606977"
"NM_006218.4(PIK3CA):c.2666+38G>A","chr3","179229480","G/A","PIK3CA","0.819","dataset1289","Intron","Neutral to the sensitivity to drug Rucaparib in HAP1","sensitivity to drug Rucaparib","6","Functionally normal","","1.31463e-06","NA","CRISPR-Based Genome Editing","Base editing","33606977"
"NM_006218.4(PIK3CA):c.2693C>T (p.Thr898Ile)","chr3","179230030","C/T","PIK3CA","0.797","dataset1289","Missense","Neutral to the sensitivity to drug Rucaparib in HAP1","sensitivity to drug Rucaparib","6","Functionally normal","","","NA","CRISPR-Based Genome Editing","Base editing","33606977"
"NM_006218.4(PIK3CA):c.2696G>A (p.Arg899His)","chr3","179230033","G/A","PIK3CA","2.755","dataset1289","Missense","The enhanced sensitivity to drug Rucaparib in HAP1","sensitivity to drug Rucaparib","6","Gain-of-function","Uncertain significance","2.47996e-06","NA","CRISPR-Based Genome Editing","Base editing","33606977"
"NM_006218.4(PIK3CA):c.2702G>A (p.Cys901Tyr)","chr3","179230039","G/A","PIK3CA","0.587","dataset1289","Missense","Neutral to the sensitivity to drug Rucaparib in HAP1","sensitivity to drug Rucaparib","6","Functionally normal","","","NA","CRISPR-Based Genome Editing","Base editing","33606977"
"NM_006218.4(PIK3CA):c.2740_2741delinsAA (p.Gly914Lys)","chr3","179230077","GG/AA","PIK3CA","0.916","dataset1289","Missense","Neutral to the sensitivity to drug Rucaparib in HAP1","sensitivity to drug Rucaparib","6","Functionally normal","","","NA","CRISPR-Based Genome Editing","Base editing","33606977"
"NM_006218.4(PIK3CA):c.2763C>T (p.Ile921=)","chr3","179230100","C/T","PIK3CA","-0.323","dataset1289","Synonymous","Neutral to the sensitivity to drug Rucaparib in HAP1","sensitivity to drug Rucaparib","6","Functionally normal","","","NA","CRISPR-Based Genome Editing","Base editing","33606977"
"NM_006218.4(PIK3CA):c.2775C>T (p.Asp925=)","chr3","179230112","C/T","PIK3CA","-0.365","dataset1289","Synonymous","Neutral to the sensitivity to drug Rucaparib in HAP1","sensitivity to drug Rucaparib","6","Functionally normal","Likely benign","9.95603e-06","NA","CRISPR-Based Genome Editing","Base editing","33606977"
"NM_006218.4(PIK3CA):c.2784+12C>T","chr3","179230133","C/T","PIK3CA","-0.288","dataset1289","Intron","Neutral to the sensitivity to drug Rucaparib in HAP1","sensitivity to drug Rucaparib","6","Functionally normal","","","NA","CRISPR-Based Genome Editing","Base editing","33606977"
"NM_006218.4(PIK3CA):c.2784+14C>T","chr3","179230135","C/T","PIK3CA","-0.288","dataset1289","Intron","Neutral to the sensitivity to drug Rucaparib in HAP1","sensitivity to drug Rucaparib","6","Functionally normal","","","NA","CRISPR-Based Genome Editing","Base editing","33606977"
"NM_006218.4(PIK3CA):c.2919G>A (p.Lys973=)","chr3","179230359","G/A","PIK3CA","-0.7845","dataset1289","Synonymous","Neutral to the sensitivity to drug Rucaparib in HAP1","sensitivity to drug Rucaparib","6","Functionally normal","Likely benign","6.24502e-07","NA","CRISPR-Based Genome Editing","Base editing","33606977"
"NM_006218.4(PIK3CA):c.2921C>T (p.Thr974Ile)","chr3","179230361","C/T","PIK3CA","-0.656","dataset1289","Missense","Neutral to the sensitivity to drug Rucaparib in HAP1","sensitivity to drug Rucaparib","6","Functionally normal","","6.24674e-07","NA","CRISPR-Based Genome Editing","Base editing","33606977"
"NM_006218.4(PIK3CA):c.2936+22C>T","chr3","179230398","C/T","PIK3CA","1.08","dataset1289","Intron","Neutral to the sensitivity to drug Rucaparib in HAP1","sensitivity to drug Rucaparib","6","Functionally normal","","0","NA","CRISPR-Based Genome Editing","Base editing","33606977"
"NM_006218.4(PIK3CA):c.2936+24C>T","chr3","179230400","C/T","PIK3CA","1.08","dataset1289","Intron","Neutral to the sensitivity to drug Rucaparib in HAP1","sensitivity to drug Rucaparib","6","Functionally normal","","","NA","CRISPR-Based Genome Editing","Base editing","33606977"
"NM_006218.4(PIK3CA):c.2937-19C>T","chr3","179234075","C/T","PIK3CA","0.146","dataset1289","Intron","Neutral to the sensitivity to drug Rucaparib in HAP1","sensitivity to drug Rucaparib","6","Functionally normal","","6.3392e-07","NA","CRISPR-Based Genome Editing","Base editing","33606977"
"NM_006218.4(PIK3CA):c.2941C>T (p.Gln981Ter)","chr3","179234098","C/T","PIK3CA","-2.156","dataset1289","Nonsense","The reduced sensitivity to drug Rucaparib in HAP1","sensitivity to drug Rucaparib","6","Loss-of-function","","","NA","CRISPR-Based Genome Editing","Base editing","33606977"
"NM_006218.4(PIK3CA):c.3008C>T (p.Ser1003Leu)","chr3","179234165","C/T","PIK3CA","-0.505","dataset1289","Missense","Neutral to the sensitivity to drug Rucaparib in HAP1","sensitivity to drug Rucaparib","6","Functionally normal","","1.23973e-06","NA","CRISPR-Based Genome Editing","Base editing","33606977"
"NM_006218.4(PIK3CA):c.3049G>A (p.Asp1017Asn)","chr3","179234206","G/A","PIK3CA","0.171","dataset1289","Missense","Neutral to the sensitivity to drug Rucaparib in HAP1","sensitivity to drug Rucaparib","6","Functionally normal","","","paad:0.5% (1/184):0.410","CRISPR-Based Genome Editing","Base editing","33606977"
"NM_006218.4(PIK3CA):c.3092C>T (p.Thr1031Ile)","chr3","179234249","C/T","PIK3CA","-1.161","dataset1289","Missense","Neutral to the sensitivity to drug Rucaparib in HAP1","sensitivity to drug Rucaparib","6","Functionally normal","","","NA","CRISPR-Based Genome Editing","Base editing","33606977"
"NM_006218.4(PIK3CA):c.3155C>T (p.Thr1052Ile)","chr3","179234312","C/T","PIK3CA","-1.391","dataset1289","Missense","Neutral to the sensitivity to drug Rucaparib in HAP1","sensitivity to drug Rucaparib","6","Functionally normal","","","NA","CRISPR-Based Genome Editing","Base editing","33606977"
