"Identifier","Chrom","Position","Ref/Alt","Gene name","Score","Dataset ID","Molecular consequence","Functional description","Phenotype","Cross-assay hits","Functional classification","ClinVar information","Population frequency","TCGA summary","MAVE technique","Mutagenesis strategy","Publication"
"NM_002524.5(NRAS):c.567G>A (p.Met189Ile)","chr1","114708538","C/T","NRAS","0.076","dataset1188","Missense","Neutral to the PD1 cell surface activation marker expression in CD4⁺ T cell","PD1 cell surface activation marker expression","4","Functionally normal","","3.71753e-06","NA","CRISPR-Based Genome Editing","Base editing","38093011"
"NM_002524.5(NRAS):c.564G>A (p.Val188=)","chr1","114708541","C/T","NRAS","0.076","dataset1188","Synonymous","Neutral to the PD1 cell surface activation marker expression in CD4⁺ T cell","PD1 cell surface activation marker expression","4","Functionally normal","","6.19605e-07","NA","CRISPR-Based Genome Editing","Base editing","38093011"
"NM_002524.5(NRAS):c.555A>G (p.Pro185=)","chr1","114708550","T/C","NRAS","-0.101","dataset1188","Synonymous","Neutral to the PD1 cell surface activation marker expression in CD4⁺ T cell","PD1 cell surface activation marker expression","4","Functionally normal","Likely benign","1.85883e-06","NA","CRISPR-Based Genome Editing","Base editing","38093011"
"NM_002524.5(NRAS):c.554C>T (p.Pro185Leu)","chr1","114708551","G/A","NRAS","0.19","dataset1188","Missense","Neutral to the PD1 cell surface activation marker expression in CD4⁺ T cell","PD1 cell surface activation marker expression","4","Functionally normal","Uncertain significance","9.2953e-06","NA","CRISPR-Based Genome Editing","Base editing","38093011"
"NM_002524.5(NRAS):c.553C>T (p.Pro185Ser)","chr1","114708552","G/A","NRAS","0.19","dataset1188","Missense","Neutral to the PD1 cell surface activation marker expression in CD4⁺ T cell","PD1 cell surface activation marker expression","4","Functionally normal","Uncertain significance","7.87087e-05","NA","CRISPR-Based Genome Editing","Base editing","38093011"
"NM_002524.5(NRAS):c.544A>G (p.Met182Val)","chr1","114708561","T/C","NRAS","-0.008","dataset1188","Missense","Neutral to the PD1 cell surface activation marker expression in CD4⁺ T cell","PD1 cell surface activation marker expression","4","Functionally normal","","1.23933e-06","NA","CRISPR-Based Genome Editing","Base editing","38093011"
"NM_002524.5(NRAS):c.535C>T (p.Gln179Ter)","chr1","114708570","G/A","NRAS","0.261","dataset1188","Nonsense","The enhanced PD1 cell surface activation marker expression in CD4⁺ T cell","PD1 cell surface activation marker expression","4","Gain-of-function","","","NA","CRISPR-Based Genome Editing","Base editing","38093011"
"NM_002524.5(NRAS):c.533C>T (p.Thr178Ile)","chr1","114708572","G/A","NRAS","0.261","dataset1188","Missense","The enhanced PD1 cell surface activation marker expression in CD4⁺ T cell","PD1 cell surface activation marker expression","4","Gain-of-function","","","NA","CRISPR-Based Genome Editing","Base editing","38093011"
"NM_002524.5(NRAS):c.532A>G (p.Thr178Ala)","chr1","114708573","T/C","NRAS","0.016","dataset1188","Missense","Neutral to the PD1 cell surface activation marker expression in CD4⁺ T cell","PD1 cell surface activation marker expression","4","Functionally normal","","","ucec:0.2% (1/529):0.380","CRISPR-Based Genome Editing","Base editing","38093011"
"NM_002524.5(NRAS):c.527A>G (p.Asp176Gly)","chr1","114708578","T/C","NRAS","0.015","dataset1188","Missense","Neutral to the PD1 cell surface activation marker expression in CD4⁺ T cell","PD1 cell surface activation marker expression","4","Functionally normal","","","NA","CRISPR-Based Genome Editing","Base editing","38093011"
"NM_002524.5(NRAS):c.524A>G (p.Asp175Gly)","chr1","114708581","T/C","NRAS","-0.066","dataset1188","Missense","Neutral to the PD1 cell surface activation marker expression in CD4⁺ T cell","PD1 cell surface activation marker expression","4","Functionally normal","","","NA","CRISPR-Based Genome Editing","Base editing","38093011"
"NM_002524.5(NRAS):c.520A>G (p.Ser174Gly)","chr1","114708585","T/C","NRAS","0.076","dataset1188","Missense","Neutral to the PD1 cell surface activation marker expression in CD4⁺ T cell","PD1 cell surface activation marker expression","4","Functionally normal","","6.19887e-07","NA","CRISPR-Based Genome Editing","Base editing","38093011"
"NM_002524.5(NRAS):c.519C>T (p.Ser173=)","chr1","114708586","G/A","NRAS","-0.005","dataset1188","Synonymous","Neutral to the PD1 cell surface activation marker expression in CD4⁺ T cell","PD1 cell surface activation marker expression","4","Functionally normal","Likely benign","6.2005e-07","NA","CRISPR-Based Genome Editing","Base editing","38093011"
"NM_002524.5(NRAS):c.518G>A (p.Ser173Asn)","chr1","114708587","C/T","NRAS","0.2","dataset1188","Missense","The enhanced PD1 cell surface activation marker expression in CD4⁺ T cell","PD1 cell surface activation marker expression","4","Gain-of-function","","6.20078e-07","NA","CRISPR-Based Genome Editing","Base editing","38093011"
"NM_002524.5(NRAS):c.516C>T (p.Asn172=)","chr1","114708589","G/A","NRAS","0.165","dataset1188","Synonymous","Neutral to the PD1 cell surface activation marker expression in CD4⁺ T cell","PD1 cell surface activation marker expression","4","Functionally normal","","","NA","CRISPR-Based Genome Editing","Base editing","38093011"
"NM_002524.5(NRAS):c.515A>G (p.Asn172Ser)","chr1","114708590","T/C","NRAS","0.019","dataset1188","Missense","Neutral to the PD1 cell surface activation marker expression in CD4⁺ T cell","PD1 cell surface activation marker expression","4","Functionally normal","","","NA","CRISPR-Based Genome Editing","Base editing","38093011"
"NM_002524.5(NRAS):c.514A>G (p.Asn172Asp)","chr1","114708591","T/C","NRAS","0.019","dataset1188","Missense","Neutral to the PD1 cell surface activation marker expression in CD4⁺ T cell","PD1 cell surface activation marker expression","4","Functionally normal","","6.19787e-07","NA","CRISPR-Based Genome Editing","Base editing","38093011"
"NM_002524.5(NRAS):c.513C>T (p.Leu171=)","chr1","114708592","G/A","NRAS","-0.065","dataset1188","Synonymous","Neutral to the PD1 cell surface activation marker expression in CD4⁺ T cell","PD1 cell surface activation marker expression","4","Functionally normal","","","NA","CRISPR-Based Genome Editing","Base editing","38093011"
"NM_002524.5(NRAS):c.512T>C (p.Leu171Pro)","chr1","114708593","A/G","NRAS","0.101","dataset1188","Missense","Neutral to the PD1 cell surface activation marker expression in CD4⁺ T cell","PD1 cell surface activation marker expression","4","Functionally normal","","","NA","CRISPR-Based Genome Editing","Base editing","38093011"
"NM_002524.5(NRAS):c.511C>T (p.Leu171Phe)","chr1","114708594","G/A","NRAS","-0.065","dataset1188","Missense","Neutral to the PD1 cell surface activation marker expression in CD4⁺ T cell","PD1 cell surface activation marker expression","4","Functionally normal","Uncertain significance","6.19983e-07","NA","CRISPR-Based Genome Editing","Base editing","38093011"
"NM_002524.5(NRAS):c.510A>G (p.Lys170=)","chr1","114708595","T/C","NRAS","-0.052","dataset1188","Synonymous","Neutral to the PD1 cell surface activation marker expression in CD4⁺ T cell","PD1 cell surface activation marker expression","4","Functionally normal","","6.19862e-07","NA","CRISPR-Based Genome Editing","Base editing","38093011"
"NM_002524.5(NRAS):c.504G>A (p.Met168Ile)","chr1","114708601","C/T","NRAS","0.112","dataset1188","Missense","Neutral to the PD1 cell surface activation marker expression in CD4⁺ T cell","PD1 cell surface activation marker expression","4","Functionally normal","Uncertain significance","1.23976e-06","NA","CRISPR-Based Genome Editing","Base editing","38093011"
"NM_002524.5(NRAS):c.464C>T (p.Ala155Val)","chr1","114708641","G/A","NRAS","0.038","dataset1188","Missense","Neutral to the PD1 cell surface activation marker expression in CD4⁺ T cell","PD1 cell surface activation marker expression","4","Functionally normal","Uncertain significance","1.23966e-06","NA","CRISPR-Based Genome Editing","Base editing","38093011"
"NM_002524.5(NRAS):c.463G>A (p.Ala155Thr)","chr1","114708642","C/T","NRAS","-0.001","dataset1188","Missense","Neutral to the PD1 cell surface activation marker expression in CD4⁺ T cell","PD1 cell surface activation marker expression","4","Functionally normal","Uncertain significance","3.71836e-06","NA","CRISPR-Based Genome Editing","Base editing","38093011"
"NM_002524.5(NRAS):c.461A>G (p.Asp154Gly)","chr1","114708644","T/C","NRAS","-0.009","dataset1188","Missense","Neutral to the PD1 cell surface activation marker expression in CD4⁺ T cell","PD1 cell surface activation marker expression","4","Functionally normal","Uncertain significance","1.23932e-06","NA","CRISPR-Based Genome Editing","Base editing","38093011"
"NM_002524.5(NRAS):c.460G>A (p.Asp154Asn)","chr1","114708645","C/T","NRAS","-0.001","dataset1188","Missense","Neutral to the PD1 cell surface activation marker expression in CD4⁺ T cell","PD1 cell surface activation marker expression","4","Functionally normal","","","NA","CRISPR-Based Genome Editing","Base editing","38093011"
"NM_002524.5(NRAS):c.459A>G (p.Glu153=)","chr1","114708646","T/C","NRAS","-0.009","dataset1188","Synonymous","Neutral to the PD1 cell surface activation marker expression in CD4⁺ T cell","PD1 cell surface activation marker expression","4","Functionally normal","","2.4785e-06","NA","CRISPR-Based Genome Editing","Base editing","38093011"
"NM_002524.5(NRAS):c.458A>G (p.Glu153Gly)","chr1","114708647","T/C","NRAS","-0.009","dataset1188","Missense","Neutral to the PD1 cell surface activation marker expression in CD4⁺ T cell","PD1 cell surface activation marker expression","4","Functionally normal","","","NA","CRISPR-Based Genome Editing","Base editing","38093011"
"NM_002524.5(NRAS):c.457G>A (p.Glu153Lys)","chr1","114708648","C/T","NRAS","-0.001","dataset1188","Missense","Neutral to the PD1 cell surface activation marker expression in CD4⁺ T cell","PD1 cell surface activation marker expression","4","Functionally normal","Uncertain significance","","NA","CRISPR-Based Genome Editing","Base editing","38093011"
"NM_002524.5(NRAS):c.456T>C (p.Val152=)","chr1","114708649","A/G","NRAS","0.096","dataset1188","Synonymous","Neutral to the PD1 cell surface activation marker expression in CD4⁺ T cell","PD1 cell surface activation marker expression","4","Functionally normal","","","NA","CRISPR-Based Genome Editing","Base editing","38093011"
"NM_002524.5(NRAS):c.454G>A (p.Val152Ile)","chr1","114708651","C/T","NRAS","-0.001","dataset1188","Missense","Neutral to the PD1 cell surface activation marker expression in CD4⁺ T cell","PD1 cell surface activation marker expression","4","Functionally normal","Uncertain significance","","NA","CRISPR-Based Genome Editing","Base editing","38093011"
"NM_002524.5(NRAS):c.452G>A (p.Gly151Asp)","chr1","114708653","C/T","NRAS","-0.001","dataset1188","Missense","Neutral to the PD1 cell surface activation marker expression in CD4⁺ T cell","PD1 cell surface activation marker expression","4","Functionally normal","","","NA","CRISPR-Based Genome Editing","Base editing","38093011"
"NM_002524.5(NRAS):c.451G>A (p.Gly151Ser)","chr1","114708654","C/T","NRAS","-0.001","dataset1188","Missense","Neutral to the PD1 cell surface activation marker expression in CD4⁺ T cell","PD1 cell surface activation marker expression","4","Functionally normal","","","NA","CRISPR-Based Genome Editing","Base editing","38093011"
"NM_002524.5(NRAS):c.450G>A (p.Gln150=)","chr1","114709569","C/T","NRAS","-0.001","dataset1188","Splice site","Neutral to the PD1 cell surface activation marker expression in CD4⁺ T cell","PD1 cell surface activation marker expression","4","Functionally normal","","","NA","CRISPR-Based Genome Editing","Base editing","38093011"
"NM_002524.5(NRAS):c.444C>T (p.Thr148=)","chr1","114709575","G/A","NRAS","-0.095","dataset1188","Synonymous","Neutral to the PD1 cell surface activation marker expression in CD4⁺ T cell","PD1 cell surface activation marker expression","4","Functionally normal","Likely benign","6.19613e-07","NA","CRISPR-Based Genome Editing","Base editing","38093011"
"NM_002524.5(NRAS):c.443C>T (p.Thr148Ile)","chr1","114709576","G/A","NRAS","-0.095","dataset1188","Missense","Neutral to the PD1 cell surface activation marker expression in CD4⁺ T cell","PD1 cell surface activation marker expression","4","Functionally normal","Likely benign","","NA","CRISPR-Based Genome Editing","Base editing","38093011"
"NM_002524.5(NRAS):c.440A>G (p.Lys147Arg)","chr1","114709579","T/C","NRAS","0.195","dataset1188","Missense","Neutral to the PD1 cell surface activation marker expression in CD4⁺ T cell","PD1 cell surface activation marker expression","4","Functionally normal","","","NA","CRISPR-Based Genome Editing","Base editing","38093011"
"NM_002524.5(NRAS):c.439A>G (p.Lys147Glu)","chr1","114709580","T/C","NRAS","0.195","dataset1188","Missense","Neutral to the PD1 cell surface activation marker expression in CD4⁺ T cell","PD1 cell surface activation marker expression","4","Functionally normal","","","NA","CRISPR-Based Genome Editing","Base editing","38093011"
"NM_002524.5(NRAS):c.438C>T (p.Ala146=)","chr1","114709581","G/A","NRAS","0.08","dataset1188","Synonymous","Neutral to the PD1 cell surface activation marker expression in CD4⁺ T cell","PD1 cell surface activation marker expression","4","Functionally normal","","","NA","CRISPR-Based Genome Editing","Base editing","38093011"
"NM_002524.5(NRAS):c.437C>T (p.Ala146Val)","chr1","114709582","G/A","NRAS","0.08","dataset1188","Missense","Neutral to the PD1 cell surface activation marker expression in CD4⁺ T cell","PD1 cell surface activation marker expression","4","Functionally normal","","","NA","CRISPR-Based Genome Editing","Base editing","38093011"
"NM_002524.5(NRAS):c.436G>A (p.Ala146Thr)","chr1","114709583","C/T","NRAS","0.246","dataset1188","Missense","The enhanced PD1 cell surface activation marker expression in CD4⁺ T cell","PD1 cell surface activation marker expression","4","Gain-of-function","Uncertain significance","0","NA","CRISPR-Based Genome Editing","Base editing","38093011"
"NM_002524.5(NRAS):c.435A>G (p.Ser145=)","chr1","114709584","T/C","NRAS","0.118","dataset1188","Synonymous","Neutral to the PD1 cell surface activation marker expression in CD4⁺ T cell","PD1 cell surface activation marker expression","4","Functionally normal","","6.1953e-07","NA","CRISPR-Based Genome Editing","Base editing","38093011"
"NM_002524.5(NRAS):c.434C>T (p.Ser145Leu)","chr1","114709585","G/A","NRAS","0.08","dataset1188","Missense","Neutral to the PD1 cell surface activation marker expression in CD4⁺ T cell","PD1 cell surface activation marker expression","4","Functionally normal","Uncertain significance","1.23917e-06","NA","CRISPR-Based Genome Editing","Base editing","38093011"
"NM_002524.5(NRAS):c.433T>C (p.Ser145Pro)","chr1","114709586","A/G","NRAS","-0.266","dataset1188","Missense","The diminished PD1 cell surface activation marker expression in CD4⁺ T cell","PD1 cell surface activation marker expression","4","Loss-of-function","","","NA","CRISPR-Based Genome Editing","Base editing","38093011"
"NM_002524.5(NRAS):c.421T>C (p.Phe141Leu)","chr1","114709598","A/G","NRAS","0.034","dataset1188","Missense","Neutral to the PD1 cell surface activation marker expression in CD4⁺ T cell","PD1 cell surface activation marker expression","4","Functionally normal","Uncertain significance","6.19528e-07","NA","CRISPR-Based Genome Editing","Base editing","38093011"
"NM_002524.5(NRAS):c.417T>C (p.Ile139=)","chr1","114709602","A/G","NRAS","0.034","dataset1188","Synonymous","Neutral to the PD1 cell surface activation marker expression in CD4⁺ T cell","PD1 cell surface activation marker expression","4","Functionally normal","","6.19533e-07","NA","CRISPR-Based Genome Editing","Base editing","38093011"
"NM_002524.5(NRAS):c.416T>C (p.Ile139Thr)","chr1","114709603","A/G","NRAS","0.034","dataset1188","Missense","Neutral to the PD1 cell surface activation marker expression in CD4⁺ T cell","PD1 cell surface activation marker expression","4","Functionally normal","","","esca:0.5% (1/182):0.050","CRISPR-Based Genome Editing","Base editing","38093011"
"NM_002524.5(NRAS):c.414G>A (p.Gly138=)","chr1","114709605","C/T","NRAS","0.139","dataset1188","Synonymous","Neutral to the PD1 cell surface activation marker expression in CD4⁺ T cell","PD1 cell surface activation marker expression","4","Functionally normal","","","NA","CRISPR-Based Genome Editing","Base editing","38093011"
"NM_002524.5(NRAS):c.413G>A (p.Gly138Glu)","chr1","114709606","C/T","NRAS","0.139","dataset1188","Missense","Neutral to the PD1 cell surface activation marker expression in CD4⁺ T cell","PD1 cell surface activation marker expression","4","Functionally normal","","","NA","CRISPR-Based Genome Editing","Base editing","38093011"
"NM_002524.5(NRAS):c.412G>A (p.Gly138Arg)","chr1","114709607","C/T","NRAS","-0.034","dataset1188","Missense","Neutral to the PD1 cell surface activation marker expression in CD4⁺ T cell","PD1 cell surface activation marker expression","4","Functionally normal","Uncertain significance","2.47824e-06","NA","CRISPR-Based Genome Editing","Base editing","38093011"
"NM_002524.5(NRAS):c.409T>C (p.Tyr137His)","chr1","114709610","A/G","NRAS","-0.018","dataset1188","Missense","Neutral to the PD1 cell surface activation marker expression in CD4⁺ T cell","PD1 cell surface activation marker expression","4","Functionally normal","","","NA","CRISPR-Based Genome Editing","Base editing","38093011"
"NM_002524.5(NRAS):c.408T>C (p.Ser136=)","chr1","114709611","A/G","NRAS","-0.018","dataset1188","Synonymous","Neutral to the PD1 cell surface activation marker expression in CD4⁺ T cell","PD1 cell surface activation marker expression","4","Functionally normal","","","NA","CRISPR-Based Genome Editing","Base editing","38093011"
"NM_002524.5(NRAS):c.407G>A (p.Ser136Asn)","chr1","114709612","C/T","NRAS","0.197","dataset1188","Missense","Neutral to the PD1 cell surface activation marker expression in CD4⁺ T cell","PD1 cell surface activation marker expression","4","Functionally normal","","","NA","CRISPR-Based Genome Editing","Base editing","38093011"
"NM_002524.5(NRAS):c.405G>A (p.Lys135=)","chr1","114709614","C/T","NRAS","0.197","dataset1188","Synonymous","Neutral to the PD1 cell surface activation marker expression in CD4⁺ T cell","PD1 cell surface activation marker expression","4","Functionally normal","","","NA","CRISPR-Based Genome Editing","Base editing","38093011"
"NM_002524.5(NRAS):c.402C>T (p.Ala134=)","chr1","114709617","G/A","NRAS","0.154","dataset1188","Synonymous","Neutral to the PD1 cell surface activation marker expression in CD4⁺ T cell","PD1 cell surface activation marker expression","4","Functionally normal","","","NA","CRISPR-Based Genome Editing","Base editing","38093011"
"NM_002524.5(NRAS):c.401C>T (p.Ala134Val)","chr1","114709618","G/A","NRAS","0.154","dataset1188","Missense","Neutral to the PD1 cell surface activation marker expression in CD4⁺ T cell","PD1 cell surface activation marker expression","4","Functionally normal","","","NA","CRISPR-Based Genome Editing","Base editing","38093011"
"NM_002524.5(NRAS):c.400G>A (p.Ala134Thr)","chr1","114709619","C/T","NRAS","0.197","dataset1188","Missense","Neutral to the PD1 cell surface activation marker expression in CD4⁺ T cell","PD1 cell surface activation marker expression","4","Functionally normal","","","NA","CRISPR-Based Genome Editing","Base editing","38093011"
"NM_002524.5(NRAS):c.397C>T (p.Leu133=)","chr1","114709622","G/A","NRAS","0.154","dataset1188","Synonymous","Neutral to the PD1 cell surface activation marker expression in CD4⁺ T cell","PD1 cell surface activation marker expression","4","Functionally normal","","","NA","CRISPR-Based Genome Editing","Base editing","38093011"
"NM_002524.5(NRAS):c.396A>G (p.Glu132=)","chr1","114709623","T/C","NRAS","-0.1","dataset1188","Synonymous","Neutral to the PD1 cell surface activation marker expression in CD4⁺ T cell","PD1 cell surface activation marker expression","4","Functionally normal","","3.09769e-06","NA","CRISPR-Based Genome Editing","Base editing","38093011"
"NM_002524.5(NRAS):c.395A>G (p.Glu132Gly)","chr1","114709624","T/C","NRAS","-0.1","dataset1188","Missense","Neutral to the PD1 cell surface activation marker expression in CD4⁺ T cell","PD1 cell surface activation marker expression","4","Functionally normal","","","NA","CRISPR-Based Genome Editing","Base editing","38093011"
"NM_002524.5(NRAS):c.393C>T (p.His131=)","chr1","114709626","G/A","NRAS","0.154","dataset1188","Synonymous","Neutral to the PD1 cell surface activation marker expression in CD4⁺ T cell","PD1 cell surface activation marker expression","4","Functionally normal","Likely benign","8.67455e-06","NA","CRISPR-Based Genome Editing","Base editing","38093011"
"NM_002524.5(NRAS):c.391C>T (p.His131Tyr)","chr1","114709628","G/A","NRAS","-0.083","dataset1188","Missense","Neutral to the PD1 cell surface activation marker expression in CD4⁺ T cell","PD1 cell surface activation marker expression","4","Functionally normal","","","NA","CRISPR-Based Genome Editing","Base editing","38093011"
"NM_002524.5(NRAS):c.390C>T (p.Ala130=)","chr1","114709629","G/A","NRAS","0.014","dataset1188","Synonymous","Neutral to the PD1 cell surface activation marker expression in CD4⁺ T cell","PD1 cell surface activation marker expression","4","Functionally normal","","1.85885e-06","NA","CRISPR-Based Genome Editing","Base editing","38093011"
"NM_002524.5(NRAS):c.389C>T (p.Ala130Val)","chr1","114709630","G/A","NRAS","0.014","dataset1188","Missense","Neutral to the PD1 cell surface activation marker expression in CD4⁺ T cell","PD1 cell surface activation marker expression","4","Functionally normal","","","NA","CRISPR-Based Genome Editing","Base editing","38093011"
"NM_002524.5(NRAS):c.385C>T (p.Gln129Ter)","chr1","114709634","G/A","NRAS","0.014","dataset1188","Nonsense","Neutral to the PD1 cell surface activation marker expression in CD4⁺ T cell","PD1 cell surface activation marker expression","4","Functionally normal","","","NA","CRISPR-Based Genome Editing","Base editing","38093011"
"NM_002524.5(NRAS):c.384A>G (p.Lys128=)","chr1","114709635","T/C","NRAS","0.015","dataset1188","Synonymous","Neutral to the PD1 cell surface activation marker expression in CD4⁺ T cell","PD1 cell surface activation marker expression","4","Functionally normal","Likely benign","9.91355e-06","NA","CRISPR-Based Genome Editing","Base editing","38093011"
"NM_002524.5(NRAS):c.383A>G (p.Lys128Arg)","chr1","114709636","T/C","NRAS","0.015","dataset1188","Missense","Neutral to the PD1 cell surface activation marker expression in CD4⁺ T cell","PD1 cell surface activation marker expression","4","Functionally normal","","","NA","CRISPR-Based Genome Editing","Base editing","38093011"
"NM_002524.5(NRAS):c.382A>G (p.Lys128Glu)","chr1","114709637","T/C","NRAS","0.015","dataset1188","Missense","Neutral to the PD1 cell surface activation marker expression in CD4⁺ T cell","PD1 cell surface activation marker expression","4","Functionally normal","","","NA","CRISPR-Based Genome Editing","Base editing","38093011"
"NM_002524.5(NRAS):c.381A>G (p.Thr127=)","chr1","114709638","T/C","NRAS","0.015","dataset1188","Synonymous","Neutral to the PD1 cell surface activation marker expression in CD4⁺ T cell","PD1 cell surface activation marker expression","4","Functionally normal","","","NA","CRISPR-Based Genome Editing","Base editing","38093011"
"NM_002524.5(NRAS):c.380C>T (p.Thr127Ile)","chr1","114709639","G/A","NRAS","0.014","dataset1188","Missense","Neutral to the PD1 cell surface activation marker expression in CD4⁺ T cell","PD1 cell surface activation marker expression","4","Functionally normal","Uncertain significance","","NA","CRISPR-Based Genome Editing","Base editing","38093011"
"NM_002524.5(NRAS):c.378T>C (p.Asp126=)","chr1","114709641","A/G","NRAS","0.001","dataset1188","Synonymous","Neutral to the PD1 cell surface activation marker expression in CD4⁺ T cell","PD1 cell surface activation marker expression","4","Functionally normal","","1.85881e-06","NA","CRISPR-Based Genome Editing","Base editing","38093011"
"NM_002524.5(NRAS):c.376G>A (p.Asp126Asn)","chr1","114709643","C/T","NRAS","0.212","dataset1188","Missense","The enhanced PD1 cell surface activation marker expression in CD4⁺ T cell","PD1 cell surface activation marker expression","4","Gain-of-function","","","NA","CRISPR-Based Genome Editing","Base editing","38093011"
"NM_002524.5(NRAS):c.373G>A (p.Val125Ile)","chr1","114709646","C/T","NRAS","0.212","dataset1188","Missense","The enhanced PD1 cell surface activation marker expression in CD4⁺ T cell","PD1 cell surface activation marker expression","4","Gain-of-function","","1.11539e-05","NA","CRISPR-Based Genome Editing","Base editing","38093011"
"NM_002524.5(NRAS):c.350A>G (p.Lys117Arg)","chr1","114709669","T/C","NRAS","0.201","dataset1188","Missense","The enhanced PD1 cell surface activation marker expression in CD4⁺ T cell","PD1 cell surface activation marker expression","4","Gain-of-function","","","NA","CRISPR-Based Genome Editing","Base editing","38093011"
"NM_002524.5(NRAS):c.349A>G (p.Lys117Glu)","chr1","114709670","T/C","NRAS","0.201","dataset1188","Missense","The enhanced PD1 cell surface activation marker expression in CD4⁺ T cell","PD1 cell surface activation marker expression","4","Gain-of-function","","","NA","CRISPR-Based Genome Editing","Base editing","38093011"
"NM_002524.5(NRAS):c.348C>T (p.Asn116=)","chr1","114709671","G/A","NRAS","0.184","dataset1188","Synonymous","Neutral to the PD1 cell surface activation marker expression in CD4⁺ T cell","PD1 cell surface activation marker expression","4","Functionally normal","","","NA","CRISPR-Based Genome Editing","Base editing","38093011"
"NM_002524.5(NRAS):c.344G>A (p.Gly115Glu)","chr1","114709675","C/T","NRAS","0.105","dataset1188","Missense","Neutral to the PD1 cell surface activation marker expression in CD4⁺ T cell","PD1 cell surface activation marker expression","4","Functionally normal","","6.19858e-07","NA","CRISPR-Based Genome Editing","Base editing","38093011"
"NM_002524.5(NRAS):c.343G>A (p.Gly115Arg)","chr1","114709676","C/T","NRAS","0.105","dataset1188","Missense","Neutral to the PD1 cell surface activation marker expression in CD4⁺ T cell","PD1 cell surface activation marker expression","4","Functionally normal","","","NA","CRISPR-Based Genome Editing","Base editing","38093011"
"NM_002524.5(NRAS):c.342G>A (p.Val114=)","chr1","114709677","C/T","NRAS","0.105","dataset1188","Synonymous","Neutral to the PD1 cell surface activation marker expression in CD4⁺ T cell","PD1 cell surface activation marker expression","4","Functionally normal","","6.19706e-07","NA","CRISPR-Based Genome Editing","Base editing","38093011"
"NM_002524.5(NRAS):c.340G>A (p.Val114Met)","chr1","114709679","C/T","NRAS","0.105","dataset1188","Missense","Neutral to the PD1 cell surface activation marker expression in CD4⁺ T cell","PD1 cell surface activation marker expression","4","Functionally normal","","","NA","CRISPR-Based Genome Editing","Base editing","38093011"
"NM_002524.5(NRAS):c.329C>T (p.Pro110Leu)","chr1","114709690","G/A","NRAS","0.314","dataset1188","Missense","The enhanced PD1 cell surface activation marker expression in CD4⁺ T cell","PD1 cell surface activation marker expression","4","Gain-of-function","","3.09885e-06","NA","CRISPR-Based Genome Editing","Base editing","38093011"
"NM_002524.5(NRAS):c.328C>T (p.Pro110Ser)","chr1","114709691","G/A","NRAS","0.314","dataset1188","Missense","The enhanced PD1 cell surface activation marker expression in CD4⁺ T cell","PD1 cell surface activation marker expression","4","Gain-of-function","","","NA","CRISPR-Based Genome Editing","Base editing","38093011"
"NM_002524.5(NRAS):c.327A>G (p.Val109=)","chr1","114709692","T/C","NRAS","0.161","dataset1188","Synonymous","Neutral to the PD1 cell surface activation marker expression in CD4⁺ T cell","PD1 cell surface activation marker expression","4","Functionally normal","","","NA","CRISPR-Based Genome Editing","Base editing","38093011"
"NM_002524.5(NRAS):c.323A>G (p.Asp108Gly)","chr1","114709696","T/C","NRAS","-0.071","dataset1188","Missense","Neutral to the PD1 cell surface activation marker expression in CD4⁺ T cell","PD1 cell surface activation marker expression","4","Functionally normal","","","NA","CRISPR-Based Genome Editing","Base editing","38093011"
"NM_002524.5(NRAS):c.317C>T (p.Ser106Leu)","chr1","114709702","G/A","NRAS","0.193","dataset1188","Missense","Neutral to the PD1 cell surface activation marker expression in CD4⁺ T cell","PD1 cell surface activation marker expression","4","Functionally normal","Uncertain significance","6.19791e-07","ucec:0.2% (1/529):0.380","CRISPR-Based Genome Editing","Base editing","38093011"
"NM_002524.5(NRAS):c.315C>T (p.Asp105=)","chr1","114709704","G/A","NRAS","0.193","dataset1188","Synonymous","Neutral to the PD1 cell surface activation marker expression in CD4⁺ T cell","PD1 cell surface activation marker expression","4","Functionally normal","Likely benign","1.92142e-05","NA","CRISPR-Based Genome Editing","Base editing","38093011"
"NM_002524.5(NRAS):c.314A>G (p.Asp105Gly)","chr1","114709705","T/C","NRAS","-0.136","dataset1188","Missense","Neutral to the PD1 cell surface activation marker expression in CD4⁺ T cell","PD1 cell surface activation marker expression","4","Functionally normal","","","NA","CRISPR-Based Genome Editing","Base editing","38093011"
"NM_002524.5(NRAS):c.304C>T (p.Arg102Ter)","chr1","114709715","G/A","NRAS","0.104","dataset1188","Nonsense","Neutral to the PD1 cell surface activation marker expression in CD4⁺ T cell","PD1 cell surface activation marker expression","4","Functionally normal","Uncertain significance","3.10052e-06","blca:0.2% (1/411):0.110","CRISPR-Based Genome Editing","Base editing","38093011"
"NM_002524.5(NRAS):c.303G>A (p.Lys101=)","chr1","114709716","C/T","NRAS","0.031","dataset1188","Synonymous","Neutral to the PD1 cell surface activation marker expression in CD4⁺ T cell","PD1 cell surface activation marker expression","4","Functionally normal","","","NA","CRISPR-Based Genome Editing","Base editing","38093011"
"NM_002524.5(NRAS):c.302A>G (p.Lys101Arg)","chr1","114709717","T/C","NRAS","0.17","dataset1188","Missense","Neutral to the PD1 cell surface activation marker expression in CD4⁺ T cell","PD1 cell surface activation marker expression","4","Functionally normal","","","NA","CRISPR-Based Genome Editing","Base editing","38093011"
"NM_002524.5(NRAS):c.301A>G (p.Lys101Glu)","chr1","114709718","T/C","NRAS","0.17","dataset1188","Missense","Neutral to the PD1 cell surface activation marker expression in CD4⁺ T cell","PD1 cell surface activation marker expression","4","Functionally normal","","","NA","CRISPR-Based Genome Editing","Base editing","38093011"
"NM_002524.5(NRAS):c.300T>C (p.Ile100=)","chr1","114709719","A/G","NRAS","0.006","dataset1188","Synonymous","Neutral to the PD1 cell surface activation marker expression in CD4⁺ T cell","PD1 cell surface activation marker expression","4","Functionally normal","","","NA","CRISPR-Based Genome Editing","Base editing","38093011"
"NM_002524.5(NRAS):c.299T>C (p.Ile100Thr)","chr1","114709720","A/G","NRAS","0.006","dataset1188","Missense","Neutral to the PD1 cell surface activation marker expression in CD4⁺ T cell","PD1 cell surface activation marker expression","4","Functionally normal","Uncertain significance","4.96027e-06","NA","CRISPR-Based Genome Editing","Base editing","38093011"
"NM_002524.5(NRAS):c.297G>A (p.Gln99=)","chr1","114709722","C/T","NRAS","0.104","dataset1188","Synonymous","Neutral to the PD1 cell surface activation marker expression in CD4⁺ T cell","PD1 cell surface activation marker expression","4","Functionally normal","","","NA","CRISPR-Based Genome Editing","Base editing","38093011"
"NM_002524.5(NRAS):c.294G>A (p.Glu98=)","chr1","114709725","C/T","NRAS","0.104","dataset1188","Synonymous","Neutral to the PD1 cell surface activation marker expression in CD4⁺ T cell","PD1 cell surface activation marker expression","4","Functionally normal","","","NA","CRISPR-Based Genome Editing","Base editing","38093011"
"NM_002524.5(NRAS):c.292G>A (p.Glu98Lys)","chr1","114709727","C/T","NRAS","0.104","dataset1188","Missense","Neutral to the PD1 cell surface activation marker expression in CD4⁺ T cell","PD1 cell surface activation marker expression","4","Functionally normal","","","NA","CRISPR-Based Genome Editing","Base editing","38093011"
"NM_002524.5(NRAS):c.291G>A (p.Arg97=)","chr1","114709728","C/T","NRAS","0.104","dataset1188","Splice site","Neutral to the PD1 cell surface activation marker expression in CD4⁺ T cell","PD1 cell surface activation marker expression","4","Functionally normal","","","NA","CRISPR-Based Genome Editing","Base editing","38093011"
"NM_002524.5(NRAS):c.288C>T (p.Tyr96=)","chr1","114713802","G/A","NRAS","-0.028","dataset1188","Splice site","Neutral to the PD1 cell surface activation marker expression in CD4⁺ T cell","PD1 cell surface activation marker expression","4","Functionally normal","","","NA","CRISPR-Based Genome Editing","Base editing","38093011"
"NM_002524.5(NRAS):c.285C>T (p.Leu95=)","chr1","114713805","G/A","NRAS","-0.028","dataset1188","Synonymous","Neutral to the PD1 cell surface activation marker expression in CD4⁺ T cell","PD1 cell surface activation marker expression","4","Functionally normal","","6.19967e-07","NA","CRISPR-Based Genome Editing","Base editing","38093011"
"NM_002524.5(NRAS):c.283C>T (p.Leu95Phe)","chr1","114713807","G/A","NRAS","-0.028","dataset1188","Missense","Neutral to the PD1 cell surface activation marker expression in CD4⁺ T cell","PD1 cell surface activation marker expression","4","Functionally normal","Uncertain significance","2.47946e-06","NA","CRISPR-Based Genome Editing","Base editing","38093011"
"NM_002524.5(NRAS):c.282C>T (p.Asn94=)","chr1","114713808","G/A","NRAS","-0.028","dataset1188","Synonymous","Neutral to the PD1 cell surface activation marker expression in CD4⁺ T cell","PD1 cell surface activation marker expression","4","Functionally normal","","","NA","CRISPR-Based Genome Editing","Base editing","38093011"
"NM_002524.5(NRAS):c.281A>G (p.Asn94Ser)","chr1","114713809","T/C","NRAS","0.057","dataset1188","Missense","Neutral to the PD1 cell surface activation marker expression in CD4⁺ T cell","PD1 cell surface activation marker expression","4","Functionally normal","","","NA","CRISPR-Based Genome Editing","Base editing","38093011"
"NM_002524.5(NRAS):c.280A>G (p.Asn94Asp)","chr1","114713810","T/C","NRAS","0.057","dataset1188","Missense","Neutral to the PD1 cell surface activation marker expression in CD4⁺ T cell","PD1 cell surface activation marker expression","4","Functionally normal","","","NA","CRISPR-Based Genome Editing","Base editing","38093011"
"NM_002524.5(NRAS):c.275A>G (p.Asp92Gly)","chr1","114713815","T/C","NRAS","0.191","dataset1188","Missense","Neutral to the PD1 cell surface activation marker expression in CD4⁺ T cell","PD1 cell surface activation marker expression","4","Functionally normal","","","NA","CRISPR-Based Genome Editing","Base editing","38093011"
"NM_002524.5(NRAS):c.272C>T (p.Ala91Val)","chr1","114713818","G/A","NRAS","0.128","dataset1188","Missense","Neutral to the PD1 cell surface activation marker expression in CD4⁺ T cell","PD1 cell surface activation marker expression","4","Functionally normal","Uncertain significance","1.3014e-05","NA","CRISPR-Based Genome Editing","Base editing","38093011"
"NM_002524.5(NRAS):c.268T>C (p.Phe90Leu)","chr1","114713822","A/G","NRAS","0.271","dataset1188","Missense","The enhanced PD1 cell surface activation marker expression in CD4⁺ T cell","PD1 cell surface activation marker expression","4","Gain-of-function","Conflicting classifications of pathogenicity","","NA","CRISPR-Based Genome Editing","Base editing","38093011"
"NM_002524.5(NRAS):c.265T>C (p.Ser89Pro)","chr1","114713825","A/G","NRAS","0.271","dataset1188","Missense","The enhanced PD1 cell surface activation marker expression in CD4⁺ T cell","PD1 cell surface activation marker expression","4","Gain-of-function","","","NA","CRISPR-Based Genome Editing","Base editing","38093011"
"NM_002524.5(NRAS):c.264G>A (p.Lys88=)","chr1","114713826","C/T","NRAS","0.295","dataset1188","Synonymous","The enhanced PD1 cell surface activation marker expression in CD4⁺ T cell","PD1 cell surface activation marker expression","4","Gain-of-function","Likely benign","","NA","CRISPR-Based Genome Editing","Base editing","38093011"
"NM_002524.5(NRAS):c.261C>T (p.Ser87=)","chr1","114713829","G/A","NRAS","0.024","dataset1188","Synonymous","Neutral to the PD1 cell surface activation marker expression in CD4⁺ T cell","PD1 cell surface activation marker expression","4","Functionally normal","","","NA","CRISPR-Based Genome Editing","Base editing","38093011"
"NM_002524.5(NRAS):c.260G>A (p.Ser87Asn)","chr1","114713830","C/T","NRAS","0.295","dataset1188","Missense","The enhanced PD1 cell surface activation marker expression in CD4⁺ T cell","PD1 cell surface activation marker expression","4","Gain-of-function","Uncertain significance","1.23911e-06","ov:0.2% (1/585):0.270","CRISPR-Based Genome Editing","Base editing","38093011"
"NM_002524.5(NRAS):c.259A>G (p.Ser87Gly)","chr1","114713831","T/C","NRAS","0.001","dataset1188","Missense","Neutral to the PD1 cell surface activation marker expression in CD4⁺ T cell","PD1 cell surface activation marker expression","4","Functionally normal","","","NA","CRISPR-Based Genome Editing","Base editing","38093011"
"NM_002524.5(NRAS):c.257A>G (p.Asn86Ser)","chr1","114713833","T/C","NRAS","0.001","dataset1188","Missense","Neutral to the PD1 cell surface activation marker expression in CD4⁺ T cell","PD1 cell surface activation marker expression","4","Functionally normal","","","NA","CRISPR-Based Genome Editing","Base editing","38093011"
"NM_002524.5(NRAS):c.256A>G (p.Asn86Asp)","chr1","114713834","T/C","NRAS","0.001","dataset1188","Missense","Neutral to the PD1 cell surface activation marker expression in CD4⁺ T cell","PD1 cell surface activation marker expression","4","Functionally normal","","","NA","CRISPR-Based Genome Editing","Base editing","38093011"
"NM_002524.5(NRAS):c.254A>G (p.Asn85Ser)","chr1","114713836","T/C","NRAS","0.001","dataset1188","Missense","Neutral to the PD1 cell surface activation marker expression in CD4⁺ T cell","PD1 cell surface activation marker expression","4","Functionally normal","Uncertain significance","3.71717e-06","lihc:0.3% (1/372):0.280","CRISPR-Based Genome Editing","Base editing","38093011"
"NM_002524.5(NRAS):c.252C>T (p.Ile84=)","chr1","114713838","G/A","NRAS","0.024","dataset1188","Synonymous","Neutral to the PD1 cell surface activation marker expression in CD4⁺ T cell","PD1 cell surface activation marker expression","4","Functionally normal","Likely benign","","NA","CRISPR-Based Genome Editing","Base editing","38093011"
"NM_002524.5(NRAS):c.251T>C (p.Ile84Thr)","chr1","114713839","A/G","NRAS","0.092","dataset1188","Missense","Neutral to the PD1 cell surface activation marker expression in CD4⁺ T cell","PD1 cell surface activation marker expression","4","Functionally normal","","","NA","CRISPR-Based Genome Editing","Base editing","38093011"
"NM_002524.5(NRAS):c.247G>A (p.Ala83Thr)","chr1","114713843","C/T","NRAS","0.042","dataset1188","Missense","Neutral to the PD1 cell surface activation marker expression in CD4⁺ T cell","PD1 cell surface activation marker expression","4","Functionally normal","","","NA","CRISPR-Based Genome Editing","Base editing","38093011"
"NM_002524.5(NRAS):c.229G>A (p.Gly77Ser)","chr1","114713861","C/T","NRAS","0.163","dataset1188","Missense","Neutral to the PD1 cell surface activation marker expression in CD4⁺ T cell","PD1 cell surface activation marker expression","4","Functionally normal","","","NA","CRISPR-Based Genome Editing","Base editing","38093011"
"NM_002524.5(NRAS):c.226G>A (p.Glu76Lys)","chr1","114713864","C/T","NRAS","0.163","dataset1188","Missense","Neutral to the PD1 cell surface activation marker expression in CD4⁺ T cell","PD1 cell surface activation marker expression","4","Functionally normal","","4.33757e-06","coad:0.2% (1/439):0.320","CRISPR-Based Genome Editing","Base editing","38093011"
"NM_002524.5(NRAS):c.224G>A (p.Gly75Asp)","chr1","114713866","C/T","NRAS","0.163","dataset1188","Missense","Neutral to the PD1 cell surface activation marker expression in CD4⁺ T cell","PD1 cell surface activation marker expression","4","Functionally normal","","","NA","CRISPR-Based Genome Editing","Base editing","38093011"
"NM_002524.5(NRAS):c.223G>A (p.Gly75Ser)","chr1","114713867","C/T","NRAS","0.163","dataset1188","Missense","Neutral to the PD1 cell surface activation marker expression in CD4⁺ T cell","PD1 cell surface activation marker expression","4","Functionally normal","","","NA","CRISPR-Based Genome Editing","Base editing","38093011"
"NM_002524.5(NRAS):c.219G>A (p.Arg73=)","chr1","114713871","C/T","NRAS","-0.052","dataset1188","Synonymous","Neutral to the PD1 cell surface activation marker expression in CD4⁺ T cell","PD1 cell surface activation marker expression","4","Functionally normal","","","NA","CRISPR-Based Genome Editing","Base editing","38093011"
"NM_002524.5(NRAS):c.218G>A (p.Arg73Lys)","chr1","114713872","C/T","NRAS","-0.052","dataset1188","Missense","Neutral to the PD1 cell surface activation marker expression in CD4⁺ T cell","PD1 cell surface activation marker expression","4","Functionally normal","","","NA","CRISPR-Based Genome Editing","Base editing","38093011"
"NM_002524.5(NRAS):c.215T>C (p.Met72Thr)","chr1","114713875","A/G","NRAS","-0.268","dataset1188","Missense","The diminished PD1 cell surface activation marker expression in CD4⁺ T cell","PD1 cell surface activation marker expression","4","Loss-of-function","","","NA","CRISPR-Based Genome Editing","Base editing","38093011"
"NM_002524.5(NRAS):c.214A>G (p.Met72Val)","chr1","114713876","T/C","NRAS","-0.155","dataset1188","Missense","Neutral to the PD1 cell surface activation marker expression in CD4⁺ T cell","PD1 cell surface activation marker expression","4","Functionally normal","","","NA","CRISPR-Based Genome Editing","Base editing","38093011"
"NM_002524.5(NRAS):c.213C>T (p.Tyr71=)","chr1","114713877","G/A","NRAS","-0.466","dataset1188","Synonymous","The diminished PD1 cell surface activation marker expression in CD4⁺ T cell","PD1 cell surface activation marker expression","4","Loss-of-function","","","NA","CRISPR-Based Genome Editing","Base editing","38093011"
"NM_002524.5(NRAS):c.212A>G (p.Tyr71Cys)","chr1","114713878","T/C","NRAS","-0.155","dataset1188","Missense","Neutral to the PD1 cell surface activation marker expression in CD4⁺ T cell","PD1 cell surface activation marker expression","4","Functionally normal","","","NA","CRISPR-Based Genome Editing","Base editing","38093011"
"NM_002524.5(NRAS):c.210A>G (p.Gln70=)","chr1","114713880","T/C","NRAS","-0.155","dataset1188","Synonymous","Neutral to the PD1 cell surface activation marker expression in CD4⁺ T cell","PD1 cell surface activation marker expression","4","Functionally normal","","","NA","CRISPR-Based Genome Editing","Base editing","38093011"
"NM_002524.5(NRAS):c.209A>G (p.Gln70Arg)","chr1","114713881","T/C","NRAS","-0.058","dataset1188","Missense","Neutral to the PD1 cell surface activation marker expression in CD4⁺ T cell","PD1 cell surface activation marker expression","4","Functionally normal","","","NA","CRISPR-Based Genome Editing","Base editing","38093011"
"NM_002524.5(NRAS):c.208C>T (p.Gln70Ter)","chr1","114713882","G/A","NRAS","0.514","dataset1188","Nonsense","The enhanced PD1 cell surface activation marker expression in CD4⁺ T cell","PD1 cell surface activation marker expression","4","Gain-of-function","","","NA","CRISPR-Based Genome Editing","Base editing","38093011"
"NM_002524.5(NRAS):c.207C>T (p.Asp69=)","chr1","114713883","G/A","NRAS","-0.41","dataset1188","Synonymous","The diminished PD1 cell surface activation marker expression in CD4⁺ T cell","PD1 cell surface activation marker expression","4","Loss-of-function","","","NA","CRISPR-Based Genome Editing","Base editing","38093011"
"NM_002524.5(NRAS):c.206A>G (p.Asp69Gly)","chr1","114713884","T/C","NRAS","-0.058","dataset1188","Missense","Neutral to the PD1 cell surface activation marker expression in CD4⁺ T cell","PD1 cell surface activation marker expression","4","Functionally normal","","","NA","CRISPR-Based Genome Editing","Base editing","38093011"
"NM_002524.5(NRAS):c.204A>G (p.Arg68=)","chr1","114713886","T/C","NRAS","-0.261","dataset1188","Synonymous","The diminished PD1 cell surface activation marker expression in CD4⁺ T cell","PD1 cell surface activation marker expression","4","Loss-of-function","","","NA","CRISPR-Based Genome Editing","Base editing","38093011"
"NM_002524.5(NRAS):c.169G>A (p.Asp57Asn)","chr1","114713921","C/T","NRAS","0.002","dataset1188","Missense","Neutral to the PD1 cell surface activation marker expression in CD4⁺ T cell","PD1 cell surface activation marker expression","4","Functionally normal","","6.20898e-07","NA","CRISPR-Based Genome Editing","Base editing","38093011"
"NM_002524.5(NRAS):c.168G>A (p.Leu56=)","chr1","114713922","C/T","NRAS","0.002","dataset1188","Synonymous","Neutral to the PD1 cell surface activation marker expression in CD4⁺ T cell","PD1 cell surface activation marker expression","4","Functionally normal","","","NA","CRISPR-Based Genome Editing","Base editing","38093011"
"NM_002524.5(NRAS):c.167T>C (p.Leu56Pro)","chr1","114713923","A/G","NRAS","-0.063","dataset1188","Missense","Neutral to the PD1 cell surface activation marker expression in CD4⁺ T cell","PD1 cell surface activation marker expression","4","Functionally normal","","","NA","CRISPR-Based Genome Editing","Base editing","38093011"
"NM_002524.5(NRAS):c.166C>T (p.Leu56=)","chr1","114713924","G/A","NRAS","0.118","dataset1188","Synonymous","Neutral to the PD1 cell surface activation marker expression in CD4⁺ T cell","PD1 cell surface activation marker expression","4","Functionally normal","Likely benign","1.91199e-06","NA","CRISPR-Based Genome Editing","Base editing","38093011"
"NM_002524.5(NRAS):c.164T>C (p.Ile55Thr)","chr1","114713926","A/G","NRAS","-0.063","dataset1188","Missense","Neutral to the PD1 cell surface activation marker expression in CD4⁺ T cell","PD1 cell surface activation marker expression","4","Functionally normal","Uncertain significance","","NA","CRISPR-Based Genome Editing","Base editing","38093011"
"NM_002524.5(NRAS):c.163A>G (p.Ile55Val)","chr1","114713927","T/C","NRAS","-0.046","dataset1188","Missense","Neutral to the PD1 cell surface activation marker expression in CD4⁺ T cell","PD1 cell surface activation marker expression","4","Functionally normal","","","NA","CRISPR-Based Genome Editing","Base editing","38093011"
"NM_002524.5(NRAS):c.162C>T (p.Asp54=)","chr1","114713928","G/A","NRAS","0.118","dataset1188","Synonymous","Neutral to the PD1 cell surface activation marker expression in CD4⁺ T cell","PD1 cell surface activation marker expression","4","Functionally normal","","6.22752e-07","NA","CRISPR-Based Genome Editing","Base editing","38093011"
"NM_002524.5(NRAS):c.161A>G (p.Asp54Gly)","chr1","114713929","T/C","NRAS","-0.046","dataset1188","Missense","Neutral to the PD1 cell surface activation marker expression in CD4⁺ T cell","PD1 cell surface activation marker expression","4","Functionally normal","","","NA","CRISPR-Based Genome Editing","Base editing","38093011"
"NM_002524.5(NRAS):c.160G>A (p.Asp54Asn)","chr1","114713930","C/T","NRAS","0.002","dataset1188","Missense","Neutral to the PD1 cell surface activation marker expression in CD4⁺ T cell","PD1 cell surface activation marker expression","4","Functionally normal","","","NA","CRISPR-Based Genome Editing","Base editing","38093011"
"NM_002524.5(NRAS):c.159G>A (p.Leu53=)","chr1","114713931","C/T","NRAS","0.002","dataset1188","Synonymous","Neutral to the PD1 cell surface activation marker expression in CD4⁺ T cell","PD1 cell surface activation marker expression","4","Functionally normal","Benign","1.77303e-05","NA","CRISPR-Based Genome Editing","Base editing","38093011"
"NM_002524.5(NRAS):c.150C>T (p.Thr50=)","chr1","114713940","G/A","NRAS","0.201","dataset1188","Synonymous","The enhanced PD1 cell surface activation marker expression in CD4⁺ T cell","PD1 cell surface activation marker expression","4","Gain-of-function","","","NA","CRISPR-Based Genome Editing","Base editing","38093011"
"NM_002524.5(NRAS):c.149C>T (p.Thr50Ile)","chr1","114713941","G/A","NRAS","0.201","dataset1188","Missense","The enhanced PD1 cell surface activation marker expression in CD4⁺ T cell","PD1 cell surface activation marker expression","4","Gain-of-function","Pathogenic","6.6116e-07","NA","CRISPR-Based Genome Editing","Base editing","38093011"
"NM_002524.5(NRAS):c.140A>G (p.Asp47Gly)","chr1","114713950","T/C","NRAS","0.076","dataset1188","Missense","Neutral to the PD1 cell surface activation marker expression in CD4⁺ T cell","PD1 cell surface activation marker expression","4","Functionally normal","Uncertain significance","","NA","CRISPR-Based Genome Editing","Base editing","38093011"
"NM_002524.5(NRAS):c.130G>A (p.Val44Met)","chr1","114713960","C/T","NRAS","0.07","dataset1188","Missense","Neutral to the PD1 cell surface activation marker expression in CD4⁺ T cell","PD1 cell surface activation marker expression","4","Functionally normal","","3.21835e-06","NA","CRISPR-Based Genome Editing","Base editing","38093011"
"NM_002524.5(NRAS):c.128A>G (p.Gln43Arg)","chr1","114713962","T/C","NRAS","0.144","dataset1188","Missense","Neutral to the PD1 cell surface activation marker expression in CD4⁺ T cell","PD1 cell surface activation marker expression","4","Functionally normal","","","NA","CRISPR-Based Genome Editing","Base editing","38093011"
"NM_002524.5(NRAS):c.127C>T (p.Gln43Ter)","chr1","114713963","G/A","NRAS","0.044","dataset1188","Nonsense","Neutral to the PD1 cell surface activation marker expression in CD4⁺ T cell","PD1 cell surface activation marker expression","4","Functionally normal","","","NA","CRISPR-Based Genome Editing","Base editing","38093011"
"NM_002524.5(NRAS):c.126A>G (p.Lys42=)","chr1","114713964","T/C","NRAS","0.144","dataset1188","Synonymous","Neutral to the PD1 cell surface activation marker expression in CD4⁺ T cell","PD1 cell surface activation marker expression","4","Functionally normal","","6.25023e-07","NA","CRISPR-Based Genome Editing","Base editing","38093011"
"NM_002524.5(NRAS):c.125A>G (p.Lys42Arg)","chr1","114713965","T/C","NRAS","0.144","dataset1188","Missense","Neutral to the PD1 cell surface activation marker expression in CD4⁺ T cell","PD1 cell surface activation marker expression","4","Functionally normal","","","NA","CRISPR-Based Genome Editing","Base editing","38093011"
"NM_002524.5(NRAS):c.124A>G (p.Lys42Glu)","chr1","114713966","T/C","NRAS","0.144","dataset1188","Missense","Neutral to the PD1 cell surface activation marker expression in CD4⁺ T cell","PD1 cell surface activation marker expression","4","Functionally normal","","","NA","CRISPR-Based Genome Editing","Base editing","38093011"
"NM_002524.5(NRAS):c.123A>G (p.Arg41=)","chr1","114713967","T/C","NRAS","0.144","dataset1188","Synonymous","Neutral to the PD1 cell surface activation marker expression in CD4⁺ T cell","PD1 cell surface activation marker expression","4","Functionally normal","","","NA","CRISPR-Based Genome Editing","Base editing","38093011"
"NM_002524.5(NRAS):c.122G>A (p.Arg41Lys)","chr1","114713968","C/T","NRAS","0.196","dataset1188","Missense","Neutral to the PD1 cell surface activation marker expression in CD4⁺ T cell","PD1 cell surface activation marker expression","4","Functionally normal","","5.1667e-06","NA","CRISPR-Based Genome Editing","Base editing","38093011"
"NM_002524.5(NRAS):c.120C>T (p.Tyr40=)","chr1","114713970","G/A","NRAS","-0.089","dataset1188","Synonymous","Neutral to the PD1 cell surface activation marker expression in CD4⁺ T cell","PD1 cell surface activation marker expression","4","Functionally normal","","0","NA","CRISPR-Based Genome Editing","Base editing","38093011"
"NM_002524.5(NRAS):c.118T>C (p.Tyr40His)","chr1","114713972","A/G","NRAS","0.097","dataset1188","Missense","Neutral to the PD1 cell surface activation marker expression in CD4⁺ T cell","PD1 cell surface activation marker expression","4","Functionally normal","","","NA","CRISPR-Based Genome Editing","Base editing","38093011"
"NM_002524.5(NRAS):c.117T>C (p.Ser39=)","chr1","114713973","A/G","NRAS","-0.167","dataset1188","Synonymous","Neutral to the PD1 cell surface activation marker expression in CD4⁺ T cell","PD1 cell surface activation marker expression","4","Functionally normal","","","NA","CRISPR-Based Genome Editing","Base editing","38093011"
"NM_002524.5(NRAS):c.116C>T (p.Ser39Phe)","chr1","114713974","G/A","NRAS","-0.089","dataset1188","Missense","Neutral to the PD1 cell surface activation marker expression in CD4⁺ T cell","PD1 cell surface activation marker expression","4","Functionally normal","","8.63788e-07","NA","CRISPR-Based Genome Editing","Base editing","38093011"
"NM_002524.5(NRAS):c.115T>C (p.Ser39Pro)","chr1","114713975","A/G","NRAS","-0.008","dataset1188","Missense","Neutral to the PD1 cell surface activation marker expression in CD4⁺ T cell","PD1 cell surface activation marker expression","4","Functionally normal","","","NA","CRISPR-Based Genome Editing","Base editing","38093011"
"NM_002524.5(NRAS):c.113A>G (p.Asp38Gly)","chr1","114713977","T/C","NRAS","-0.297","dataset1188","Missense","The diminished PD1 cell surface activation marker expression in CD4⁺ T cell","PD1 cell surface activation marker expression","4","Loss-of-function","","0","NA","CRISPR-Based Genome Editing","Base editing","38093011"
"NM_002524.5(NRAS):c.112G>A (p.Asp38Asn)","chr1","114713978","C/T","NRAS","-0.048","dataset1188","Missense","Neutral to the PD1 cell surface activation marker expression in CD4⁺ T cell","PD1 cell surface activation marker expression","4","Functionally normal","","0","NA","CRISPR-Based Genome Editing","Base editing","38093011"
"NM_002524.5(NRAS):c.111G>A (p.Glu37=)","chr1","114716050","C/T","NRAS","0.014","dataset1188","Splice site","Neutral to the PD1 cell surface activation marker expression in CD4⁺ T cell","PD1 cell surface activation marker expression","4","Functionally normal","","","NA","CRISPR-Based Genome Editing","Base editing","38093011"
"NM_002524.5(NRAS):c.110A>G (p.Glu37Gly)","chr1","114716051","T/C","NRAS","-0.199","dataset1188","Missense","Neutral to the PD1 cell surface activation marker expression in CD4⁺ T cell","PD1 cell surface activation marker expression","4","Functionally normal","","","NA","CRISPR-Based Genome Editing","Base editing","38093011"
"NM_002524.5(NRAS):c.108A>G (p.Ile36Met)","chr1","114716053","T/C","NRAS","-0.199","dataset1188","Missense","Neutral to the PD1 cell surface activation marker expression in CD4⁺ T cell","PD1 cell surface activation marker expression","4","Functionally normal","Likely pathogenic","","NA","CRISPR-Based Genome Editing","Base editing","38093011"
"NM_002524.5(NRAS):c.106A>G (p.Ile36Val)","chr1","114716055","T/C","NRAS","-0.199","dataset1188","Missense","Neutral to the PD1 cell surface activation marker expression in CD4⁺ T cell","PD1 cell surface activation marker expression","4","Functionally normal","","","NA","CRISPR-Based Genome Editing","Base editing","38093011"
"NM_002524.5(NRAS):c.105C>T (p.Thr35=)","chr1","114716056","G/A","NRAS","-0.034","dataset1188","Synonymous","Neutral to the PD1 cell surface activation marker expression in CD4⁺ T cell","PD1 cell surface activation marker expression","4","Functionally normal","","","NA","CRISPR-Based Genome Editing","Base editing","38093011"
"NM_002524.5(NRAS):c.104C>T (p.Thr35Ile)","chr1","114716057","G/A","NRAS","-0.034","dataset1188","Missense","Neutral to the PD1 cell surface activation marker expression in CD4⁺ T cell","PD1 cell surface activation marker expression","4","Functionally normal","","6.23141e-07","NA","CRISPR-Based Genome Editing","Base editing","38093011"
"NM_002524.5(NRAS):c.102C>T (p.Pro34=)","chr1","114716059","G/A","NRAS","0.154","dataset1188","Synonymous","Neutral to the PD1 cell surface activation marker expression in CD4⁺ T cell","PD1 cell surface activation marker expression","4","Functionally normal","","","NA","CRISPR-Based Genome Editing","Base editing","38093011"
"NM_002524.5(NRAS):c.101C>T (p.Pro34Leu)","chr1","114716060","G/A","NRAS","0.154","dataset1188","Missense","Neutral to the PD1 cell surface activation marker expression in CD4⁺ T cell","PD1 cell surface activation marker expression","4","Functionally normal","Pathogenic","","skcm:0.2% (1/448):0.960","CRISPR-Based Genome Editing","Base editing","38093011"
"NM_002524.5(NRAS):c.100C>T (p.Pro34Ser)","chr1","114716061","G/A","NRAS","0.154","dataset1188","Missense","Neutral to the PD1 cell surface activation marker expression in CD4⁺ T cell","PD1 cell surface activation marker expression","4","Functionally normal","","","NA","CRISPR-Based Genome Editing","Base editing","38093011"
"NM_002524.5(NRAS):c.98A>G (p.Asp33Gly)","chr1","114716063","T/C","NRAS","-0.126","dataset1188","Missense","Neutral to the PD1 cell surface activation marker expression in CD4⁺ T cell","PD1 cell surface activation marker expression","4","Functionally normal","","","NA","CRISPR-Based Genome Editing","Base editing","38093011"
"NM_002524.5(NRAS):c.97G>A (p.Asp33Asn)","chr1","114716064","C/T","NRAS","0.285","dataset1188","Missense","The enhanced PD1 cell surface activation marker expression in CD4⁺ T cell","PD1 cell surface activation marker expression","4","Gain-of-function","","","NA","CRISPR-Based Genome Editing","Base editing","38093011"
"NM_002524.5(NRAS):c.96T>C (p.Tyr32=)","chr1","114716065","A/G","NRAS","0.038","dataset1188","Synonymous","Neutral to the PD1 cell surface activation marker expression in CD4⁺ T cell","PD1 cell surface activation marker expression","4","Functionally normal","","1.24195e-06","NA","CRISPR-Based Genome Editing","Base editing","38093011"
"NM_002524.5(NRAS):c.95A>G (p.Tyr32Cys)","chr1","114716066","T/C","NRAS","-0.674","dataset1188","Missense","The diminished PD1 cell surface activation marker expression in CD4⁺ T cell","PD1 cell surface activation marker expression","4","Loss-of-function","","","NA","CRISPR-Based Genome Editing","Base editing","38093011"
"NM_002524.5(NRAS):c.94T>C (p.Tyr32His)","chr1","114716067","A/G","NRAS","0.038","dataset1188","Missense","Neutral to the PD1 cell surface activation marker expression in CD4⁺ T cell","PD1 cell surface activation marker expression","4","Functionally normal","","","NA","CRISPR-Based Genome Editing","Base editing","38093011"
"NM_002524.5(NRAS):c.93A>G (p.Glu31=)","chr1","114716068","T/C","NRAS","-0.674","dataset1188","Synonymous","The diminished PD1 cell surface activation marker expression in CD4⁺ T cell","PD1 cell surface activation marker expression","4","Loss-of-function","","6.2055e-07","NA","CRISPR-Based Genome Editing","Base editing","38093011"
"NM_002524.5(NRAS):c.92A>G (p.Glu31Gly)","chr1","114716069","T/C","NRAS","-0.674","dataset1188","Missense","The diminished PD1 cell surface activation marker expression in CD4⁺ T cell","PD1 cell surface activation marker expression","4","Loss-of-function","","","NA","CRISPR-Based Genome Editing","Base editing","38093011"
"NM_002524.5(NRAS):c.91G>A (p.Glu31Lys)","chr1","114716070","C/T","NRAS","-0.162","dataset1188","Missense","Neutral to the PD1 cell surface activation marker expression in CD4⁺ T cell","PD1 cell surface activation marker expression","4","Functionally normal","","","NA","CRISPR-Based Genome Editing","Base editing","38093011"
"NM_002524.5(NRAS):c.90T>C (p.Asp30=)","chr1","114716071","A/G","NRAS","0.043","dataset1188","Synonymous","Neutral to the PD1 cell surface activation marker expression in CD4⁺ T cell","PD1 cell surface activation marker expression","4","Functionally normal","","","NA","CRISPR-Based Genome Editing","Base editing","38093011"
"NM_002524.5(NRAS):c.88G>A (p.Asp30Asn)","chr1","114716073","C/T","NRAS","-0.162","dataset1188","Missense","Neutral to the PD1 cell surface activation marker expression in CD4⁺ T cell","PD1 cell surface activation marker expression","4","Functionally normal","Uncertain significance","","NA","CRISPR-Based Genome Editing","Base editing","38093011"
"NM_002524.5(NRAS):c.85G>A (p.Val29Ile)","chr1","114716076","C/T","NRAS","0.227","dataset1188","Missense","The enhanced PD1 cell surface activation marker expression in CD4⁺ T cell","PD1 cell surface activation marker expression","4","Gain-of-function","Uncertain significance","1.85949e-06","NA","CRISPR-Based Genome Editing","Base editing","38093011"
"NM_002524.5(NRAS):c.83T>C (p.Phe28Ser)","chr1","114716078","A/G","NRAS","0.099","dataset1188","Missense","Neutral to the PD1 cell surface activation marker expression in CD4⁺ T cell","PD1 cell surface activation marker expression","4","Functionally normal","","","NA","CRISPR-Based Genome Editing","Base editing","38093011"
"NM_002524.5(NRAS):c.82T>C (p.Phe28Leu)","chr1","114716079","A/G","NRAS","0.099","dataset1188","Missense","Neutral to the PD1 cell surface activation marker expression in CD4⁺ T cell","PD1 cell surface activation marker expression","4","Functionally normal","","","NA","CRISPR-Based Genome Editing","Base editing","38093011"
"NM_002524.5(NRAS):c.32C>T (p.Ala11Val)","chr1","114716129","G/A","NRAS","0.036","dataset1188","Missense","Neutral to the PD1 cell surface activation marker expression in CD4⁺ T cell","PD1 cell surface activation marker expression","4","Functionally normal","","","NA","CRISPR-Based Genome Editing","Base editing","38093011"
"NM_002524.5(NRAS):c.30A>G (p.Gly10=)","chr1","114716131","T/C","NRAS","-0.124","dataset1188","Synonymous","Neutral to the PD1 cell surface activation marker expression in CD4⁺ T cell","PD1 cell surface activation marker expression","3","Functionally normal","","","NA","CRISPR-Based Genome Editing","Base editing","38093011"
"NM_002524.5(NRAS):c.16C>T (p.Leu6=)","chr1","114716145","G/A","NRAS","0.174","dataset1188","Synonymous","Neutral to the PD1 cell surface activation marker expression in CD4⁺ T cell","PD1 cell surface activation marker expression","4","Functionally normal","","","NA","CRISPR-Based Genome Editing","Base editing","38093011"
"NM_002524.5(NRAS):c.15A>G (p.Lys5=)","chr1","114716146","T/C","NRAS","-0.03","dataset1188","Synonymous","Neutral to the PD1 cell surface activation marker expression in CD4⁺ T cell","PD1 cell surface activation marker expression","4","Functionally normal","","","NA","CRISPR-Based Genome Editing","Base editing","38093011"
"NM_002524.5(NRAS):c.14A>G (p.Lys5Arg)","chr1","114716147","T/C","NRAS","-0.047","dataset1188","Missense","Neutral to the PD1 cell surface activation marker expression in CD4⁺ T cell","PD1 cell surface activation marker expression","4","Functionally normal","","","NA","CRISPR-Based Genome Editing","Base editing","38093011"
"NM_002524.5(NRAS):c.13A>G (p.Lys5Glu)","chr1","114716148","T/C","NRAS","-0.047","dataset1188","Missense","Neutral to the PD1 cell surface activation marker expression in CD4⁺ T cell","PD1 cell surface activation marker expression","4","Functionally normal","","","NA","CRISPR-Based Genome Editing","Base editing","38093011"
"NM_002524.5(NRAS):c.12C>T (p.Tyr4=)","chr1","114716149","G/A","NRAS","0.002","dataset1188","Synonymous","Neutral to the PD1 cell surface activation marker expression in CD4⁺ T cell","PD1 cell surface activation marker expression","4","Functionally normal","","","NA","CRISPR-Based Genome Editing","Base editing","38093011"
"NM_002524.5(NRAS):c.11A>G (p.Tyr4Cys)","chr1","114716150","T/C","NRAS","-0.047","dataset1188","Missense","Neutral to the PD1 cell surface activation marker expression in CD4⁺ T cell","PD1 cell surface activation marker expression","4","Functionally normal","","","NA","CRISPR-Based Genome Editing","Base editing","38093011"
"NM_002524.5(NRAS):c.8A>G (p.Glu3Gly)","chr1","114716153","T/C","NRAS","-0.096","dataset1188","Missense","Neutral to the PD1 cell surface activation marker expression in CD4⁺ T cell","PD1 cell surface activation marker expression","4","Functionally normal","","","NA","CRISPR-Based Genome Editing","Base editing","38093011"
"NM_002524.5(NRAS):c.5C>T (p.Thr2Ile)","chr1","114716156","G/A","NRAS","0.109","dataset1188","Missense","Neutral to the PD1 cell surface activation marker expression in CD4⁺ T cell","PD1 cell surface activation marker expression","4","Functionally normal","Uncertain significance","","NA","CRISPR-Based Genome Editing","Base editing","38093011"
"NM_002524.5(NRAS):c.4A>G (p.Thr2Ala)","chr1","114716157","T/C","NRAS","0.224","dataset1188","Missense","The enhanced PD1 cell surface activation marker expression in CD4⁺ T cell","PD1 cell surface activation marker expression","4","Gain-of-function","Uncertain significance","","NA","CRISPR-Based Genome Editing","Base editing","38093011"
"NM_002524.5(NRAS):c.1A>G (p.Met1?)","chr1","114716160","T/C","NRAS","-0.224","dataset1188","Start_lost","The diminished PD1 cell surface activation marker expression in CD4⁺ T cell","PD1 cell surface activation marker expression","4","Loss-of-function","","6.22117e-07","NA","CRISPR-Based Genome Editing","Base editing","38093011"
"NM_002524.5(NRAS):c.567G>A (p.Met189Ile)","chr1","114708538","C/T","NRAS","-0.028","dataset1189","Missense","Neutral to the TNFa cytokine expression in CD4⁺ T cell","TNFa cytokine expression","4","Functionally normal","","3.71753e-06","NA","CRISPR-Based Genome Editing","Base editing","38093011"
"NM_002524.5(NRAS):c.564G>A (p.Val188=)","chr1","114708541","C/T","NRAS","-0.028","dataset1189","Synonymous","Neutral to the TNFa cytokine expression in CD4⁺ T cell","TNFa cytokine expression","4","Functionally normal","","6.19605e-07","NA","CRISPR-Based Genome Editing","Base editing","38093011"
"NM_002524.5(NRAS):c.555A>G (p.Pro185=)","chr1","114708550","T/C","NRAS","-0.011","dataset1189","Synonymous","Neutral to the TNFa cytokine expression in CD4⁺ T cell","TNFa cytokine expression","4","Functionally normal","Likely benign","1.85883e-06","NA","CRISPR-Based Genome Editing","Base editing","38093011"
"NM_002524.5(NRAS):c.554C>T (p.Pro185Leu)","chr1","114708551","G/A","NRAS","0.188","dataset1189","Missense","The enhanced TNFa cytokine expression in CD4⁺ T cell","TNFa cytokine expression","4","Gain-of-function","Uncertain significance","9.2953e-06","NA","CRISPR-Based Genome Editing","Base editing","38093011"
"NM_002524.5(NRAS):c.553C>T (p.Pro185Ser)","chr1","114708552","G/A","NRAS","0.188","dataset1189","Missense","The enhanced TNFa cytokine expression in CD4⁺ T cell","TNFa cytokine expression","4","Gain-of-function","Uncertain significance","7.87087e-05","NA","CRISPR-Based Genome Editing","Base editing","38093011"
"NM_002524.5(NRAS):c.544A>G (p.Met182Val)","chr1","114708561","T/C","NRAS","-0.05","dataset1189","Missense","Neutral to the TNFa cytokine expression in CD4⁺ T cell","TNFa cytokine expression","4","Functionally normal","","1.23933e-06","NA","CRISPR-Based Genome Editing","Base editing","38093011"
"NM_002524.5(NRAS):c.535C>T (p.Gln179Ter)","chr1","114708570","G/A","NRAS","0.046","dataset1189","Nonsense","Neutral to the TNFa cytokine expression in CD4⁺ T cell","TNFa cytokine expression","4","Functionally normal","","","NA","CRISPR-Based Genome Editing","Base editing","38093011"
"NM_002524.5(NRAS):c.533C>T (p.Thr178Ile)","chr1","114708572","G/A","NRAS","0.046","dataset1189","Missense","Neutral to the TNFa cytokine expression in CD4⁺ T cell","TNFa cytokine expression","4","Functionally normal","","","NA","CRISPR-Based Genome Editing","Base editing","38093011"
"NM_002524.5(NRAS):c.532A>G (p.Thr178Ala)","chr1","114708573","T/C","NRAS","-0.023","dataset1189","Missense","Neutral to the TNFa cytokine expression in CD4⁺ T cell","TNFa cytokine expression","4","Functionally normal","","","ucec:0.2% (1/529):0.380","CRISPR-Based Genome Editing","Base editing","38093011"
"NM_002524.5(NRAS):c.527A>G (p.Asp176Gly)","chr1","114708578","T/C","NRAS","0.026","dataset1189","Missense","Neutral to the TNFa cytokine expression in CD4⁺ T cell","TNFa cytokine expression","4","Functionally normal","","","NA","CRISPR-Based Genome Editing","Base editing","38093011"
"NM_002524.5(NRAS):c.524A>G (p.Asp175Gly)","chr1","114708581","T/C","NRAS","0.03","dataset1189","Missense","Neutral to the TNFa cytokine expression in CD4⁺ T cell","TNFa cytokine expression","4","Functionally normal","","","NA","CRISPR-Based Genome Editing","Base editing","38093011"
"NM_002524.5(NRAS):c.520A>G (p.Ser174Gly)","chr1","114708585","T/C","NRAS","0.025","dataset1189","Missense","Neutral to the TNFa cytokine expression in CD4⁺ T cell","TNFa cytokine expression","4","Functionally normal","","6.19887e-07","NA","CRISPR-Based Genome Editing","Base editing","38093011"
"NM_002524.5(NRAS):c.519C>T (p.Ser173=)","chr1","114708586","G/A","NRAS","0.081","dataset1189","Synonymous","Neutral to the TNFa cytokine expression in CD4⁺ T cell","TNFa cytokine expression","4","Functionally normal","Likely benign","6.2005e-07","NA","CRISPR-Based Genome Editing","Base editing","38093011"
"NM_002524.5(NRAS):c.518G>A (p.Ser173Asn)","chr1","114708587","C/T","NRAS","0.035","dataset1189","Missense","Neutral to the TNFa cytokine expression in CD4⁺ T cell","TNFa cytokine expression","4","Functionally normal","","6.20078e-07","NA","CRISPR-Based Genome Editing","Base editing","38093011"
"NM_002524.5(NRAS):c.516C>T (p.Asn172=)","chr1","114708589","G/A","NRAS","-0.036","dataset1189","Synonymous","Neutral to the TNFa cytokine expression in CD4⁺ T cell","TNFa cytokine expression","4","Functionally normal","","","NA","CRISPR-Based Genome Editing","Base editing","38093011"
"NM_002524.5(NRAS):c.515A>G (p.Asn172Ser)","chr1","114708590","T/C","NRAS","-0.175","dataset1189","Missense","Neutral to the TNFa cytokine expression in CD4⁺ T cell","TNFa cytokine expression","4","Functionally normal","","","NA","CRISPR-Based Genome Editing","Base editing","38093011"
"NM_002524.5(NRAS):c.514A>G (p.Asn172Asp)","chr1","114708591","T/C","NRAS","-0.175","dataset1189","Missense","Neutral to the TNFa cytokine expression in CD4⁺ T cell","TNFa cytokine expression","4","Functionally normal","","6.19787e-07","NA","CRISPR-Based Genome Editing","Base editing","38093011"
"NM_002524.5(NRAS):c.513C>T (p.Leu171=)","chr1","114708592","G/A","NRAS","0.007","dataset1189","Synonymous","Neutral to the TNFa cytokine expression in CD4⁺ T cell","TNFa cytokine expression","4","Functionally normal","","","NA","CRISPR-Based Genome Editing","Base editing","38093011"
"NM_002524.5(NRAS):c.512T>C (p.Leu171Pro)","chr1","114708593","A/G","NRAS","0.137","dataset1189","Missense","Neutral to the TNFa cytokine expression in CD4⁺ T cell","TNFa cytokine expression","4","Functionally normal","","","NA","CRISPR-Based Genome Editing","Base editing","38093011"
"NM_002524.5(NRAS):c.511C>T (p.Leu171Phe)","chr1","114708594","G/A","NRAS","0.007","dataset1189","Missense","Neutral to the TNFa cytokine expression in CD4⁺ T cell","TNFa cytokine expression","4","Functionally normal","Uncertain significance","6.19983e-07","NA","CRISPR-Based Genome Editing","Base editing","38093011"
"NM_002524.5(NRAS):c.510A>G (p.Lys170=)","chr1","114708595","T/C","NRAS","0.157","dataset1189","Synonymous","Neutral to the TNFa cytokine expression in CD4⁺ T cell","TNFa cytokine expression","4","Functionally normal","","6.19862e-07","NA","CRISPR-Based Genome Editing","Base editing","38093011"
"NM_002524.5(NRAS):c.504G>A (p.Met168Ile)","chr1","114708601","C/T","NRAS","0.077","dataset1189","Missense","Neutral to the TNFa cytokine expression in CD4⁺ T cell","TNFa cytokine expression","4","Functionally normal","Uncertain significance","1.23976e-06","NA","CRISPR-Based Genome Editing","Base editing","38093011"
"NM_002524.5(NRAS):c.464C>T (p.Ala155Val)","chr1","114708641","G/A","NRAS","-0.02","dataset1189","Missense","Neutral to the TNFa cytokine expression in CD4⁺ T cell","TNFa cytokine expression","4","Functionally normal","Uncertain significance","1.23966e-06","NA","CRISPR-Based Genome Editing","Base editing","38093011"
"NM_002524.5(NRAS):c.463G>A (p.Ala155Thr)","chr1","114708642","C/T","NRAS","0.025","dataset1189","Missense","Neutral to the TNFa cytokine expression in CD4⁺ T cell","TNFa cytokine expression","4","Functionally normal","Uncertain significance","3.71836e-06","NA","CRISPR-Based Genome Editing","Base editing","38093011"
"NM_002524.5(NRAS):c.461A>G (p.Asp154Gly)","chr1","114708644","T/C","NRAS","0.068","dataset1189","Missense","Neutral to the TNFa cytokine expression in CD4⁺ T cell","TNFa cytokine expression","4","Functionally normal","Uncertain significance","1.23932e-06","NA","CRISPR-Based Genome Editing","Base editing","38093011"
"NM_002524.5(NRAS):c.460G>A (p.Asp154Asn)","chr1","114708645","C/T","NRAS","0.025","dataset1189","Missense","Neutral to the TNFa cytokine expression in CD4⁺ T cell","TNFa cytokine expression","4","Functionally normal","","","NA","CRISPR-Based Genome Editing","Base editing","38093011"
"NM_002524.5(NRAS):c.459A>G (p.Glu153=)","chr1","114708646","T/C","NRAS","0.068","dataset1189","Synonymous","Neutral to the TNFa cytokine expression in CD4⁺ T cell","TNFa cytokine expression","4","Functionally normal","","2.4785e-06","NA","CRISPR-Based Genome Editing","Base editing","38093011"
"NM_002524.5(NRAS):c.458A>G (p.Glu153Gly)","chr1","114708647","T/C","NRAS","0.068","dataset1189","Missense","Neutral to the TNFa cytokine expression in CD4⁺ T cell","TNFa cytokine expression","4","Functionally normal","","","NA","CRISPR-Based Genome Editing","Base editing","38093011"
"NM_002524.5(NRAS):c.457G>A (p.Glu153Lys)","chr1","114708648","C/T","NRAS","0.025","dataset1189","Missense","Neutral to the TNFa cytokine expression in CD4⁺ T cell","TNFa cytokine expression","4","Functionally normal","Uncertain significance","","NA","CRISPR-Based Genome Editing","Base editing","38093011"
"NM_002524.5(NRAS):c.456T>C (p.Val152=)","chr1","114708649","A/G","NRAS","-0.113","dataset1189","Synonymous","Neutral to the TNFa cytokine expression in CD4⁺ T cell","TNFa cytokine expression","4","Functionally normal","","","NA","CRISPR-Based Genome Editing","Base editing","38093011"
"NM_002524.5(NRAS):c.454G>A (p.Val152Ile)","chr1","114708651","C/T","NRAS","0.025","dataset1189","Missense","Neutral to the TNFa cytokine expression in CD4⁺ T cell","TNFa cytokine expression","4","Functionally normal","Uncertain significance","","NA","CRISPR-Based Genome Editing","Base editing","38093011"
"NM_002524.5(NRAS):c.452G>A (p.Gly151Asp)","chr1","114708653","C/T","NRAS","0.025","dataset1189","Missense","Neutral to the TNFa cytokine expression in CD4⁺ T cell","TNFa cytokine expression","4","Functionally normal","","","NA","CRISPR-Based Genome Editing","Base editing","38093011"
"NM_002524.5(NRAS):c.451G>A (p.Gly151Ser)","chr1","114708654","C/T","NRAS","0.025","dataset1189","Missense","Neutral to the TNFa cytokine expression in CD4⁺ T cell","TNFa cytokine expression","4","Functionally normal","","","NA","CRISPR-Based Genome Editing","Base editing","38093011"
"NM_002524.5(NRAS):c.450G>A (p.Gln150=)","chr1","114709569","C/T","NRAS","0.002","dataset1189","Splice site","Neutral to the TNFa cytokine expression in CD4⁺ T cell","TNFa cytokine expression","4","Functionally normal","","","NA","CRISPR-Based Genome Editing","Base editing","38093011"
"NM_002524.5(NRAS):c.444C>T (p.Thr148=)","chr1","114709575","G/A","NRAS","-0.021","dataset1189","Synonymous","Neutral to the TNFa cytokine expression in CD4⁺ T cell","TNFa cytokine expression","4","Functionally normal","Likely benign","6.19613e-07","NA","CRISPR-Based Genome Editing","Base editing","38093011"
"NM_002524.5(NRAS):c.443C>T (p.Thr148Ile)","chr1","114709576","G/A","NRAS","-0.021","dataset1189","Missense","Neutral to the TNFa cytokine expression in CD4⁺ T cell","TNFa cytokine expression","4","Functionally normal","Likely benign","","NA","CRISPR-Based Genome Editing","Base editing","38093011"
"NM_002524.5(NRAS):c.440A>G (p.Lys147Arg)","chr1","114709579","T/C","NRAS","0.1","dataset1189","Missense","Neutral to the TNFa cytokine expression in CD4⁺ T cell","TNFa cytokine expression","4","Functionally normal","","","NA","CRISPR-Based Genome Editing","Base editing","38093011"
"NM_002524.5(NRAS):c.439A>G (p.Lys147Glu)","chr1","114709580","T/C","NRAS","0.1","dataset1189","Missense","Neutral to the TNFa cytokine expression in CD4⁺ T cell","TNFa cytokine expression","4","Functionally normal","","","NA","CRISPR-Based Genome Editing","Base editing","38093011"
"NM_002524.5(NRAS):c.438C>T (p.Ala146=)","chr1","114709581","G/A","NRAS","0.131","dataset1189","Synonymous","Neutral to the TNFa cytokine expression in CD4⁺ T cell","TNFa cytokine expression","4","Functionally normal","","","NA","CRISPR-Based Genome Editing","Base editing","38093011"
"NM_002524.5(NRAS):c.437C>T (p.Ala146Val)","chr1","114709582","G/A","NRAS","0.131","dataset1189","Missense","Neutral to the TNFa cytokine expression in CD4⁺ T cell","TNFa cytokine expression","4","Functionally normal","","","NA","CRISPR-Based Genome Editing","Base editing","38093011"
"NM_002524.5(NRAS):c.436G>A (p.Ala146Thr)","chr1","114709583","C/T","NRAS","0.081","dataset1189","Missense","Neutral to the TNFa cytokine expression in CD4⁺ T cell","TNFa cytokine expression","4","Functionally normal","Uncertain significance","0","NA","CRISPR-Based Genome Editing","Base editing","38093011"
"NM_002524.5(NRAS):c.435A>G (p.Ser145=)","chr1","114709584","T/C","NRAS","-0.087","dataset1189","Synonymous","Neutral to the TNFa cytokine expression in CD4⁺ T cell","TNFa cytokine expression","4","Functionally normal","","6.1953e-07","NA","CRISPR-Based Genome Editing","Base editing","38093011"
"NM_002524.5(NRAS):c.434C>T (p.Ser145Leu)","chr1","114709585","G/A","NRAS","0.131","dataset1189","Missense","Neutral to the TNFa cytokine expression in CD4⁺ T cell","TNFa cytokine expression","4","Functionally normal","Uncertain significance","1.23917e-06","NA","CRISPR-Based Genome Editing","Base editing","38093011"
"NM_002524.5(NRAS):c.433T>C (p.Ser145Pro)","chr1","114709586","A/G","NRAS","0.024","dataset1189","Missense","Neutral to the TNFa cytokine expression in CD4⁺ T cell","TNFa cytokine expression","4","Functionally normal","","","NA","CRISPR-Based Genome Editing","Base editing","38093011"
"NM_002524.5(NRAS):c.421T>C (p.Phe141Leu)","chr1","114709598","A/G","NRAS","-0.039","dataset1189","Missense","Neutral to the TNFa cytokine expression in CD4⁺ T cell","TNFa cytokine expression","4","Functionally normal","Uncertain significance","6.19528e-07","NA","CRISPR-Based Genome Editing","Base editing","38093011"
"NM_002524.5(NRAS):c.417T>C (p.Ile139=)","chr1","114709602","A/G","NRAS","-0.039","dataset1189","Synonymous","Neutral to the TNFa cytokine expression in CD4⁺ T cell","TNFa cytokine expression","4","Functionally normal","","6.19533e-07","NA","CRISPR-Based Genome Editing","Base editing","38093011"
"NM_002524.5(NRAS):c.416T>C (p.Ile139Thr)","chr1","114709603","A/G","NRAS","-0.039","dataset1189","Missense","Neutral to the TNFa cytokine expression in CD4⁺ T cell","TNFa cytokine expression","4","Functionally normal","","","esca:0.5% (1/182):0.050","CRISPR-Based Genome Editing","Base editing","38093011"
"NM_002524.5(NRAS):c.414G>A (p.Gly138=)","chr1","114709605","C/T","NRAS","0.033","dataset1189","Synonymous","Neutral to the TNFa cytokine expression in CD4⁺ T cell","TNFa cytokine expression","4","Functionally normal","","","NA","CRISPR-Based Genome Editing","Base editing","38093011"
"NM_002524.5(NRAS):c.413G>A (p.Gly138Glu)","chr1","114709606","C/T","NRAS","0.033","dataset1189","Missense","Neutral to the TNFa cytokine expression in CD4⁺ T cell","TNFa cytokine expression","4","Functionally normal","","","NA","CRISPR-Based Genome Editing","Base editing","38093011"
"NM_002524.5(NRAS):c.412G>A (p.Gly138Arg)","chr1","114709607","C/T","NRAS","0.002","dataset1189","Missense","Neutral to the TNFa cytokine expression in CD4⁺ T cell","TNFa cytokine expression","4","Functionally normal","Uncertain significance","2.47824e-06","NA","CRISPR-Based Genome Editing","Base editing","38093011"
"NM_002524.5(NRAS):c.409T>C (p.Tyr137His)","chr1","114709610","A/G","NRAS","0.019","dataset1189","Missense","Neutral to the TNFa cytokine expression in CD4⁺ T cell","TNFa cytokine expression","4","Functionally normal","","","NA","CRISPR-Based Genome Editing","Base editing","38093011"
"NM_002524.5(NRAS):c.408T>C (p.Ser136=)","chr1","114709611","A/G","NRAS","0.019","dataset1189","Synonymous","Neutral to the TNFa cytokine expression in CD4⁺ T cell","TNFa cytokine expression","4","Functionally normal","","","NA","CRISPR-Based Genome Editing","Base editing","38093011"
"NM_002524.5(NRAS):c.407G>A (p.Ser136Asn)","chr1","114709612","C/T","NRAS","-0.022","dataset1189","Missense","Neutral to the TNFa cytokine expression in CD4⁺ T cell","TNFa cytokine expression","4","Functionally normal","","","NA","CRISPR-Based Genome Editing","Base editing","38093011"
"NM_002524.5(NRAS):c.405G>A (p.Lys135=)","chr1","114709614","C/T","NRAS","-0.022","dataset1189","Synonymous","Neutral to the TNFa cytokine expression in CD4⁺ T cell","TNFa cytokine expression","4","Functionally normal","","","NA","CRISPR-Based Genome Editing","Base editing","38093011"
"NM_002524.5(NRAS):c.402C>T (p.Ala134=)","chr1","114709617","G/A","NRAS","0.236","dataset1189","Synonymous","The enhanced TNFa cytokine expression in CD4⁺ T cell","TNFa cytokine expression","4","Gain-of-function","","","NA","CRISPR-Based Genome Editing","Base editing","38093011"
"NM_002524.5(NRAS):c.401C>T (p.Ala134Val)","chr1","114709618","G/A","NRAS","0.236","dataset1189","Missense","The enhanced TNFa cytokine expression in CD4⁺ T cell","TNFa cytokine expression","4","Gain-of-function","","","NA","CRISPR-Based Genome Editing","Base editing","38093011"
"NM_002524.5(NRAS):c.400G>A (p.Ala134Thr)","chr1","114709619","C/T","NRAS","-0.022","dataset1189","Missense","Neutral to the TNFa cytokine expression in CD4⁺ T cell","TNFa cytokine expression","4","Functionally normal","","","NA","CRISPR-Based Genome Editing","Base editing","38093011"
"NM_002524.5(NRAS):c.397C>T (p.Leu133=)","chr1","114709622","G/A","NRAS","0.236","dataset1189","Synonymous","The enhanced TNFa cytokine expression in CD4⁺ T cell","TNFa cytokine expression","4","Gain-of-function","","","NA","CRISPR-Based Genome Editing","Base editing","38093011"
"NM_002524.5(NRAS):c.396A>G (p.Glu132=)","chr1","114709623","T/C","NRAS","0.015","dataset1189","Synonymous","Neutral to the TNFa cytokine expression in CD4⁺ T cell","TNFa cytokine expression","4","Functionally normal","","3.09769e-06","NA","CRISPR-Based Genome Editing","Base editing","38093011"
"NM_002524.5(NRAS):c.395A>G (p.Glu132Gly)","chr1","114709624","T/C","NRAS","0.015","dataset1189","Missense","Neutral to the TNFa cytokine expression in CD4⁺ T cell","TNFa cytokine expression","4","Functionally normal","","","NA","CRISPR-Based Genome Editing","Base editing","38093011"
"NM_002524.5(NRAS):c.393C>T (p.His131=)","chr1","114709626","G/A","NRAS","0.236","dataset1189","Synonymous","The enhanced TNFa cytokine expression in CD4⁺ T cell","TNFa cytokine expression","4","Gain-of-function","Likely benign","8.67455e-06","NA","CRISPR-Based Genome Editing","Base editing","38093011"
"NM_002524.5(NRAS):c.391C>T (p.His131Tyr)","chr1","114709628","G/A","NRAS","-0.115","dataset1189","Missense","Neutral to the TNFa cytokine expression in CD4⁺ T cell","TNFa cytokine expression","4","Functionally normal","","","NA","CRISPR-Based Genome Editing","Base editing","38093011"
"NM_002524.5(NRAS):c.390C>T (p.Ala130=)","chr1","114709629","G/A","NRAS","0.11","dataset1189","Synonymous","Neutral to the TNFa cytokine expression in CD4⁺ T cell","TNFa cytokine expression","4","Functionally normal","","1.85885e-06","NA","CRISPR-Based Genome Editing","Base editing","38093011"
"NM_002524.5(NRAS):c.389C>T (p.Ala130Val)","chr1","114709630","G/A","NRAS","0.11","dataset1189","Missense","Neutral to the TNFa cytokine expression in CD4⁺ T cell","TNFa cytokine expression","4","Functionally normal","","","NA","CRISPR-Based Genome Editing","Base editing","38093011"
"NM_002524.5(NRAS):c.385C>T (p.Gln129Ter)","chr1","114709634","G/A","NRAS","0.11","dataset1189","Nonsense","Neutral to the TNFa cytokine expression in CD4⁺ T cell","TNFa cytokine expression","4","Functionally normal","","","NA","CRISPR-Based Genome Editing","Base editing","38093011"
"NM_002524.5(NRAS):c.384A>G (p.Lys128=)","chr1","114709635","T/C","NRAS","-0.047","dataset1189","Synonymous","Neutral to the TNFa cytokine expression in CD4⁺ T cell","TNFa cytokine expression","4","Functionally normal","Likely benign","9.91355e-06","NA","CRISPR-Based Genome Editing","Base editing","38093011"
"NM_002524.5(NRAS):c.383A>G (p.Lys128Arg)","chr1","114709636","T/C","NRAS","-0.047","dataset1189","Missense","Neutral to the TNFa cytokine expression in CD4⁺ T cell","TNFa cytokine expression","4","Functionally normal","","","NA","CRISPR-Based Genome Editing","Base editing","38093011"
"NM_002524.5(NRAS):c.382A>G (p.Lys128Glu)","chr1","114709637","T/C","NRAS","-0.047","dataset1189","Missense","Neutral to the TNFa cytokine expression in CD4⁺ T cell","TNFa cytokine expression","4","Functionally normal","","","NA","CRISPR-Based Genome Editing","Base editing","38093011"
"NM_002524.5(NRAS):c.381A>G (p.Thr127=)","chr1","114709638","T/C","NRAS","-0.047","dataset1189","Synonymous","Neutral to the TNFa cytokine expression in CD4⁺ T cell","TNFa cytokine expression","4","Functionally normal","","","NA","CRISPR-Based Genome Editing","Base editing","38093011"
"NM_002524.5(NRAS):c.380C>T (p.Thr127Ile)","chr1","114709639","G/A","NRAS","0.11","dataset1189","Missense","Neutral to the TNFa cytokine expression in CD4⁺ T cell","TNFa cytokine expression","4","Functionally normal","Uncertain significance","","NA","CRISPR-Based Genome Editing","Base editing","38093011"
"NM_002524.5(NRAS):c.378T>C (p.Asp126=)","chr1","114709641","A/G","NRAS","-0.103","dataset1189","Synonymous","Neutral to the TNFa cytokine expression in CD4⁺ T cell","TNFa cytokine expression","4","Functionally normal","","1.85881e-06","NA","CRISPR-Based Genome Editing","Base editing","38093011"
"NM_002524.5(NRAS):c.376G>A (p.Asp126Asn)","chr1","114709643","C/T","NRAS","0.039","dataset1189","Missense","Neutral to the TNFa cytokine expression in CD4⁺ T cell","TNFa cytokine expression","4","Functionally normal","","","NA","CRISPR-Based Genome Editing","Base editing","38093011"
"NM_002524.5(NRAS):c.373G>A (p.Val125Ile)","chr1","114709646","C/T","NRAS","0.039","dataset1189","Missense","Neutral to the TNFa cytokine expression in CD4⁺ T cell","TNFa cytokine expression","4","Functionally normal","","1.11539e-05","NA","CRISPR-Based Genome Editing","Base editing","38093011"
"NM_002524.5(NRAS):c.350A>G (p.Lys117Arg)","chr1","114709669","T/C","NRAS","0.017","dataset1189","Missense","Neutral to the TNFa cytokine expression in CD4⁺ T cell","TNFa cytokine expression","4","Functionally normal","","","NA","CRISPR-Based Genome Editing","Base editing","38093011"
"NM_002524.5(NRAS):c.349A>G (p.Lys117Glu)","chr1","114709670","T/C","NRAS","0.017","dataset1189","Missense","Neutral to the TNFa cytokine expression in CD4⁺ T cell","TNFa cytokine expression","4","Functionally normal","","","NA","CRISPR-Based Genome Editing","Base editing","38093011"
"NM_002524.5(NRAS):c.348C>T (p.Asn116=)","chr1","114709671","G/A","NRAS","0.128","dataset1189","Synonymous","Neutral to the TNFa cytokine expression in CD4⁺ T cell","TNFa cytokine expression","4","Functionally normal","","","NA","CRISPR-Based Genome Editing","Base editing","38093011"
"NM_002524.5(NRAS):c.344G>A (p.Gly115Glu)","chr1","114709675","C/T","NRAS","0.084","dataset1189","Missense","Neutral to the TNFa cytokine expression in CD4⁺ T cell","TNFa cytokine expression","4","Functionally normal","","6.19858e-07","NA","CRISPR-Based Genome Editing","Base editing","38093011"
"NM_002524.5(NRAS):c.343G>A (p.Gly115Arg)","chr1","114709676","C/T","NRAS","0.084","dataset1189","Missense","Neutral to the TNFa cytokine expression in CD4⁺ T cell","TNFa cytokine expression","4","Functionally normal","","","NA","CRISPR-Based Genome Editing","Base editing","38093011"
"NM_002524.5(NRAS):c.342G>A (p.Val114=)","chr1","114709677","C/T","NRAS","0.084","dataset1189","Synonymous","Neutral to the TNFa cytokine expression in CD4⁺ T cell","TNFa cytokine expression","4","Functionally normal","","6.19706e-07","NA","CRISPR-Based Genome Editing","Base editing","38093011"
"NM_002524.5(NRAS):c.340G>A (p.Val114Met)","chr1","114709679","C/T","NRAS","0.084","dataset1189","Missense","Neutral to the TNFa cytokine expression in CD4⁺ T cell","TNFa cytokine expression","4","Functionally normal","","","NA","CRISPR-Based Genome Editing","Base editing","38093011"
"NM_002524.5(NRAS):c.329C>T (p.Pro110Leu)","chr1","114709690","G/A","NRAS","-0.011","dataset1189","Missense","Neutral to the TNFa cytokine expression in CD4⁺ T cell","TNFa cytokine expression","4","Functionally normal","","3.09885e-06","NA","CRISPR-Based Genome Editing","Base editing","38093011"
"NM_002524.5(NRAS):c.328C>T (p.Pro110Ser)","chr1","114709691","G/A","NRAS","-0.011","dataset1189","Missense","Neutral to the TNFa cytokine expression in CD4⁺ T cell","TNFa cytokine expression","4","Functionally normal","","","NA","CRISPR-Based Genome Editing","Base editing","38093011"
"NM_002524.5(NRAS):c.327A>G (p.Val109=)","chr1","114709692","T/C","NRAS","0.048","dataset1189","Synonymous","Neutral to the TNFa cytokine expression in CD4⁺ T cell","TNFa cytokine expression","4","Functionally normal","","","NA","CRISPR-Based Genome Editing","Base editing","38093011"
"NM_002524.5(NRAS):c.323A>G (p.Asp108Gly)","chr1","114709696","T/C","NRAS","-0.071","dataset1189","Missense","Neutral to the TNFa cytokine expression in CD4⁺ T cell","TNFa cytokine expression","4","Functionally normal","","","NA","CRISPR-Based Genome Editing","Base editing","38093011"
"NM_002524.5(NRAS):c.317C>T (p.Ser106Leu)","chr1","114709702","G/A","NRAS","0.128","dataset1189","Missense","Neutral to the TNFa cytokine expression in CD4⁺ T cell","TNFa cytokine expression","4","Functionally normal","Uncertain significance","6.19791e-07","ucec:0.2% (1/529):0.380","CRISPR-Based Genome Editing","Base editing","38093011"
"NM_002524.5(NRAS):c.315C>T (p.Asp105=)","chr1","114709704","G/A","NRAS","0.128","dataset1189","Synonymous","Neutral to the TNFa cytokine expression in CD4⁺ T cell","TNFa cytokine expression","4","Functionally normal","Likely benign","1.92142e-05","NA","CRISPR-Based Genome Editing","Base editing","38093011"
"NM_002524.5(NRAS):c.314A>G (p.Asp105Gly)","chr1","114709705","T/C","NRAS","-0.095","dataset1189","Missense","Neutral to the TNFa cytokine expression in CD4⁺ T cell","TNFa cytokine expression","4","Functionally normal","","","NA","CRISPR-Based Genome Editing","Base editing","38093011"
"NM_002524.5(NRAS):c.304C>T (p.Arg102Ter)","chr1","114709715","G/A","NRAS","-0.038","dataset1189","Nonsense","Neutral to the TNFa cytokine expression in CD4⁺ T cell","TNFa cytokine expression","4","Functionally normal","Uncertain significance","3.10052e-06","blca:0.2% (1/411):0.110","CRISPR-Based Genome Editing","Base editing","38093011"
"NM_002524.5(NRAS):c.303G>A (p.Lys101=)","chr1","114709716","C/T","NRAS","-0.064","dataset1189","Synonymous","Neutral to the TNFa cytokine expression in CD4⁺ T cell","TNFa cytokine expression","4","Functionally normal","","","NA","CRISPR-Based Genome Editing","Base editing","38093011"
"NM_002524.5(NRAS):c.302A>G (p.Lys101Arg)","chr1","114709717","T/C","NRAS","-0.105","dataset1189","Missense","Neutral to the TNFa cytokine expression in CD4⁺ T cell","TNFa cytokine expression","4","Functionally normal","","","NA","CRISPR-Based Genome Editing","Base editing","38093011"
"NM_002524.5(NRAS):c.301A>G (p.Lys101Glu)","chr1","114709718","T/C","NRAS","-0.105","dataset1189","Missense","Neutral to the TNFa cytokine expression in CD4⁺ T cell","TNFa cytokine expression","4","Functionally normal","","","NA","CRISPR-Based Genome Editing","Base editing","38093011"
"NM_002524.5(NRAS):c.300T>C (p.Ile100=)","chr1","114709719","A/G","NRAS","-0.041","dataset1189","Synonymous","Neutral to the TNFa cytokine expression in CD4⁺ T cell","TNFa cytokine expression","4","Functionally normal","","","NA","CRISPR-Based Genome Editing","Base editing","38093011"
"NM_002524.5(NRAS):c.299T>C (p.Ile100Thr)","chr1","114709720","A/G","NRAS","-0.041","dataset1189","Missense","Neutral to the TNFa cytokine expression in CD4⁺ T cell","TNFa cytokine expression","4","Functionally normal","Uncertain significance","4.96027e-06","NA","CRISPR-Based Genome Editing","Base editing","38093011"
"NM_002524.5(NRAS):c.297G>A (p.Gln99=)","chr1","114709722","C/T","NRAS","0.042","dataset1189","Synonymous","Neutral to the TNFa cytokine expression in CD4⁺ T cell","TNFa cytokine expression","4","Functionally normal","","","NA","CRISPR-Based Genome Editing","Base editing","38093011"
"NM_002524.5(NRAS):c.294G>A (p.Glu98=)","chr1","114709725","C/T","NRAS","0.042","dataset1189","Synonymous","Neutral to the TNFa cytokine expression in CD4⁺ T cell","TNFa cytokine expression","4","Functionally normal","","","NA","CRISPR-Based Genome Editing","Base editing","38093011"
"NM_002524.5(NRAS):c.292G>A (p.Glu98Lys)","chr1","114709727","C/T","NRAS","0.042","dataset1189","Missense","Neutral to the TNFa cytokine expression in CD4⁺ T cell","TNFa cytokine expression","4","Functionally normal","","","NA","CRISPR-Based Genome Editing","Base editing","38093011"
"NM_002524.5(NRAS):c.291G>A (p.Arg97=)","chr1","114709728","C/T","NRAS","0.042","dataset1189","Splice site","Neutral to the TNFa cytokine expression in CD4⁺ T cell","TNFa cytokine expression","4","Functionally normal","","","NA","CRISPR-Based Genome Editing","Base editing","38093011"
"NM_002524.5(NRAS):c.288C>T (p.Tyr96=)","chr1","114713802","G/A","NRAS","-0.088","dataset1189","Splice site","Neutral to the TNFa cytokine expression in CD4⁺ T cell","TNFa cytokine expression","4","Functionally normal","","","NA","CRISPR-Based Genome Editing","Base editing","38093011"
"NM_002524.5(NRAS):c.285C>T (p.Leu95=)","chr1","114713805","G/A","NRAS","-0.088","dataset1189","Synonymous","Neutral to the TNFa cytokine expression in CD4⁺ T cell","TNFa cytokine expression","4","Functionally normal","","6.19967e-07","NA","CRISPR-Based Genome Editing","Base editing","38093011"
"NM_002524.5(NRAS):c.283C>T (p.Leu95Phe)","chr1","114713807","G/A","NRAS","-0.088","dataset1189","Missense","Neutral to the TNFa cytokine expression in CD4⁺ T cell","TNFa cytokine expression","4","Functionally normal","Uncertain significance","2.47946e-06","NA","CRISPR-Based Genome Editing","Base editing","38093011"
"NM_002524.5(NRAS):c.282C>T (p.Asn94=)","chr1","114713808","G/A","NRAS","-0.088","dataset1189","Synonymous","Neutral to the TNFa cytokine expression in CD4⁺ T cell","TNFa cytokine expression","4","Functionally normal","","","NA","CRISPR-Based Genome Editing","Base editing","38093011"
"NM_002524.5(NRAS):c.281A>G (p.Asn94Ser)","chr1","114713809","T/C","NRAS","-0.004","dataset1189","Missense","Neutral to the TNFa cytokine expression in CD4⁺ T cell","TNFa cytokine expression","4","Functionally normal","","","NA","CRISPR-Based Genome Editing","Base editing","38093011"
"NM_002524.5(NRAS):c.280A>G (p.Asn94Asp)","chr1","114713810","T/C","NRAS","-0.004","dataset1189","Missense","Neutral to the TNFa cytokine expression in CD4⁺ T cell","TNFa cytokine expression","4","Functionally normal","","","NA","CRISPR-Based Genome Editing","Base editing","38093011"
"NM_002524.5(NRAS):c.275A>G (p.Asp92Gly)","chr1","114713815","T/C","NRAS","-0.114","dataset1189","Missense","Neutral to the TNFa cytokine expression in CD4⁺ T cell","TNFa cytokine expression","4","Functionally normal","","","NA","CRISPR-Based Genome Editing","Base editing","38093011"
"NM_002524.5(NRAS):c.272C>T (p.Ala91Val)","chr1","114713818","G/A","NRAS","0.074","dataset1189","Missense","Neutral to the TNFa cytokine expression in CD4⁺ T cell","TNFa cytokine expression","4","Functionally normal","Uncertain significance","1.3014e-05","NA","CRISPR-Based Genome Editing","Base editing","38093011"
"NM_002524.5(NRAS):c.268T>C (p.Phe90Leu)","chr1","114713822","A/G","NRAS","-0.033","dataset1189","Missense","Neutral to the TNFa cytokine expression in CD4⁺ T cell","TNFa cytokine expression","4","Functionally normal","Conflicting classifications of pathogenicity","","NA","CRISPR-Based Genome Editing","Base editing","38093011"
"NM_002524.5(NRAS):c.265T>C (p.Ser89Pro)","chr1","114713825","A/G","NRAS","-0.033","dataset1189","Missense","Neutral to the TNFa cytokine expression in CD4⁺ T cell","TNFa cytokine expression","4","Functionally normal","","","NA","CRISPR-Based Genome Editing","Base editing","38093011"
"NM_002524.5(NRAS):c.264G>A (p.Lys88=)","chr1","114713826","C/T","NRAS","-0.128","dataset1189","Synonymous","Neutral to the TNFa cytokine expression in CD4⁺ T cell","TNFa cytokine expression","4","Functionally normal","Likely benign","","NA","CRISPR-Based Genome Editing","Base editing","38093011"
"NM_002524.5(NRAS):c.261C>T (p.Ser87=)","chr1","114713829","G/A","NRAS","0.112","dataset1189","Synonymous","Neutral to the TNFa cytokine expression in CD4⁺ T cell","TNFa cytokine expression","4","Functionally normal","","","NA","CRISPR-Based Genome Editing","Base editing","38093011"
"NM_002524.5(NRAS):c.260G>A (p.Ser87Asn)","chr1","114713830","C/T","NRAS","-0.128","dataset1189","Missense","Neutral to the TNFa cytokine expression in CD4⁺ T cell","TNFa cytokine expression","4","Functionally normal","Uncertain significance","1.23911e-06","ov:0.2% (1/585):0.270","CRISPR-Based Genome Editing","Base editing","38093011"
"NM_002524.5(NRAS):c.259A>G (p.Ser87Gly)","chr1","114713831","T/C","NRAS","-0.191","dataset1189","Missense","The diminished TNFa cytokine expression in CD4⁺ T cell","TNFa cytokine expression","4","Loss-of-function","","","NA","CRISPR-Based Genome Editing","Base editing","38093011"
"NM_002524.5(NRAS):c.257A>G (p.Asn86Ser)","chr1","114713833","T/C","NRAS","-0.191","dataset1189","Missense","The diminished TNFa cytokine expression in CD4⁺ T cell","TNFa cytokine expression","4","Loss-of-function","","","NA","CRISPR-Based Genome Editing","Base editing","38093011"
"NM_002524.5(NRAS):c.256A>G (p.Asn86Asp)","chr1","114713834","T/C","NRAS","-0.191","dataset1189","Missense","The diminished TNFa cytokine expression in CD4⁺ T cell","TNFa cytokine expression","4","Loss-of-function","","","NA","CRISPR-Based Genome Editing","Base editing","38093011"
"NM_002524.5(NRAS):c.254A>G (p.Asn85Ser)","chr1","114713836","T/C","NRAS","-0.191","dataset1189","Missense","The diminished TNFa cytokine expression in CD4⁺ T cell","TNFa cytokine expression","4","Loss-of-function","Uncertain significance","3.71717e-06","lihc:0.3% (1/372):0.280","CRISPR-Based Genome Editing","Base editing","38093011"
"NM_002524.5(NRAS):c.252C>T (p.Ile84=)","chr1","114713838","G/A","NRAS","0.112","dataset1189","Synonymous","Neutral to the TNFa cytokine expression in CD4⁺ T cell","TNFa cytokine expression","4","Functionally normal","Likely benign","","NA","CRISPR-Based Genome Editing","Base editing","38093011"
"NM_002524.5(NRAS):c.251T>C (p.Ile84Thr)","chr1","114713839","A/G","NRAS","0.041","dataset1189","Missense","Neutral to the TNFa cytokine expression in CD4⁺ T cell","TNFa cytokine expression","4","Functionally normal","","","NA","CRISPR-Based Genome Editing","Base editing","38093011"
"NM_002524.5(NRAS):c.247G>A (p.Ala83Thr)","chr1","114713843","C/T","NRAS","0.019","dataset1189","Missense","Neutral to the TNFa cytokine expression in CD4⁺ T cell","TNFa cytokine expression","4","Functionally normal","","","NA","CRISPR-Based Genome Editing","Base editing","38093011"
"NM_002524.5(NRAS):c.229G>A (p.Gly77Ser)","chr1","114713861","C/T","NRAS","0.065","dataset1189","Missense","Neutral to the TNFa cytokine expression in CD4⁺ T cell","TNFa cytokine expression","4","Functionally normal","","","NA","CRISPR-Based Genome Editing","Base editing","38093011"
"NM_002524.5(NRAS):c.226G>A (p.Glu76Lys)","chr1","114713864","C/T","NRAS","0.065","dataset1189","Missense","Neutral to the TNFa cytokine expression in CD4⁺ T cell","TNFa cytokine expression","4","Functionally normal","","4.33757e-06","coad:0.2% (1/439):0.320","CRISPR-Based Genome Editing","Base editing","38093011"
"NM_002524.5(NRAS):c.224G>A (p.Gly75Asp)","chr1","114713866","C/T","NRAS","0.065","dataset1189","Missense","Neutral to the TNFa cytokine expression in CD4⁺ T cell","TNFa cytokine expression","4","Functionally normal","","","NA","CRISPR-Based Genome Editing","Base editing","38093011"
"NM_002524.5(NRAS):c.223G>A (p.Gly75Ser)","chr1","114713867","C/T","NRAS","0.065","dataset1189","Missense","Neutral to the TNFa cytokine expression in CD4⁺ T cell","TNFa cytokine expression","4","Functionally normal","","","NA","CRISPR-Based Genome Editing","Base editing","38093011"
"NM_002524.5(NRAS):c.219G>A (p.Arg73=)","chr1","114713871","C/T","NRAS","-0.023","dataset1189","Synonymous","Neutral to the TNFa cytokine expression in CD4⁺ T cell","TNFa cytokine expression","4","Functionally normal","","","NA","CRISPR-Based Genome Editing","Base editing","38093011"
"NM_002524.5(NRAS):c.218G>A (p.Arg73Lys)","chr1","114713872","C/T","NRAS","-0.023","dataset1189","Missense","Neutral to the TNFa cytokine expression in CD4⁺ T cell","TNFa cytokine expression","4","Functionally normal","","","NA","CRISPR-Based Genome Editing","Base editing","38093011"
"NM_002524.5(NRAS):c.215T>C (p.Met72Thr)","chr1","114713875","A/G","NRAS","-0.07","dataset1189","Missense","Neutral to the TNFa cytokine expression in CD4⁺ T cell","TNFa cytokine expression","4","Functionally normal","","","NA","CRISPR-Based Genome Editing","Base editing","38093011"
"NM_002524.5(NRAS):c.214A>G (p.Met72Val)","chr1","114713876","T/C","NRAS","-0.113","dataset1189","Missense","Neutral to the TNFa cytokine expression in CD4⁺ T cell","TNFa cytokine expression","4","Functionally normal","","","NA","CRISPR-Based Genome Editing","Base editing","38093011"
"NM_002524.5(NRAS):c.213C>T (p.Tyr71=)","chr1","114713877","G/A","NRAS","-0.019","dataset1189","Synonymous","Neutral to the TNFa cytokine expression in CD4⁺ T cell","TNFa cytokine expression","4","Functionally normal","","","NA","CRISPR-Based Genome Editing","Base editing","38093011"
"NM_002524.5(NRAS):c.212A>G (p.Tyr71Cys)","chr1","114713878","T/C","NRAS","-0.113","dataset1189","Missense","Neutral to the TNFa cytokine expression in CD4⁺ T cell","TNFa cytokine expression","4","Functionally normal","","","NA","CRISPR-Based Genome Editing","Base editing","38093011"
"NM_002524.5(NRAS):c.210A>G (p.Gln70=)","chr1","114713880","T/C","NRAS","-0.113","dataset1189","Synonymous","Neutral to the TNFa cytokine expression in CD4⁺ T cell","TNFa cytokine expression","4","Functionally normal","","","NA","CRISPR-Based Genome Editing","Base editing","38093011"
"NM_002524.5(NRAS):c.209A>G (p.Gln70Arg)","chr1","114713881","T/C","NRAS","0.127","dataset1189","Missense","Neutral to the TNFa cytokine expression in CD4⁺ T cell","TNFa cytokine expression","4","Functionally normal","","","NA","CRISPR-Based Genome Editing","Base editing","38093011"
"NM_002524.5(NRAS):c.208C>T (p.Gln70Ter)","chr1","114713882","G/A","NRAS","0.037","dataset1189","Nonsense","Neutral to the TNFa cytokine expression in CD4⁺ T cell","TNFa cytokine expression","4","Functionally normal","","","NA","CRISPR-Based Genome Editing","Base editing","38093011"
"NM_002524.5(NRAS):c.207C>T (p.Asp69=)","chr1","114713883","G/A","NRAS","-0.103","dataset1189","Synonymous","Neutral to the TNFa cytokine expression in CD4⁺ T cell","TNFa cytokine expression","4","Functionally normal","","","NA","CRISPR-Based Genome Editing","Base editing","38093011"
"NM_002524.5(NRAS):c.206A>G (p.Asp69Gly)","chr1","114713884","T/C","NRAS","0.127","dataset1189","Missense","Neutral to the TNFa cytokine expression in CD4⁺ T cell","TNFa cytokine expression","4","Functionally normal","","","NA","CRISPR-Based Genome Editing","Base editing","38093011"
"NM_002524.5(NRAS):c.204A>G (p.Arg68=)","chr1","114713886","T/C","NRAS","-0.252","dataset1189","Synonymous","The diminished TNFa cytokine expression in CD4⁺ T cell","TNFa cytokine expression","4","Loss-of-function","","","NA","CRISPR-Based Genome Editing","Base editing","38093011"
"NM_002524.5(NRAS):c.169G>A (p.Asp57Asn)","chr1","114713921","C/T","NRAS","-0.06","dataset1189","Missense","Neutral to the TNFa cytokine expression in CD4⁺ T cell","TNFa cytokine expression","4","Functionally normal","","6.20898e-07","NA","CRISPR-Based Genome Editing","Base editing","38093011"
"NM_002524.5(NRAS):c.168G>A (p.Leu56=)","chr1","114713922","C/T","NRAS","-0.06","dataset1189","Synonymous","Neutral to the TNFa cytokine expression in CD4⁺ T cell","TNFa cytokine expression","4","Functionally normal","","","NA","CRISPR-Based Genome Editing","Base editing","38093011"
"NM_002524.5(NRAS):c.167T>C (p.Leu56Pro)","chr1","114713923","A/G","NRAS","-0.036","dataset1189","Missense","Neutral to the TNFa cytokine expression in CD4⁺ T cell","TNFa cytokine expression","4","Functionally normal","","","NA","CRISPR-Based Genome Editing","Base editing","38093011"
"NM_002524.5(NRAS):c.166C>T (p.Leu56=)","chr1","114713924","G/A","NRAS","0.053","dataset1189","Synonymous","Neutral to the TNFa cytokine expression in CD4⁺ T cell","TNFa cytokine expression","4","Functionally normal","Likely benign","1.91199e-06","NA","CRISPR-Based Genome Editing","Base editing","38093011"
"NM_002524.5(NRAS):c.164T>C (p.Ile55Thr)","chr1","114713926","A/G","NRAS","-0.036","dataset1189","Missense","Neutral to the TNFa cytokine expression in CD4⁺ T cell","TNFa cytokine expression","4","Functionally normal","Uncertain significance","","NA","CRISPR-Based Genome Editing","Base editing","38093011"
"NM_002524.5(NRAS):c.163A>G (p.Ile55Val)","chr1","114713927","T/C","NRAS","0.033","dataset1189","Missense","Neutral to the TNFa cytokine expression in CD4⁺ T cell","TNFa cytokine expression","4","Functionally normal","","","NA","CRISPR-Based Genome Editing","Base editing","38093011"
"NM_002524.5(NRAS):c.162C>T (p.Asp54=)","chr1","114713928","G/A","NRAS","0.053","dataset1189","Synonymous","Neutral to the TNFa cytokine expression in CD4⁺ T cell","TNFa cytokine expression","4","Functionally normal","","6.22752e-07","NA","CRISPR-Based Genome Editing","Base editing","38093011"
"NM_002524.5(NRAS):c.161A>G (p.Asp54Gly)","chr1","114713929","T/C","NRAS","0.033","dataset1189","Missense","Neutral to the TNFa cytokine expression in CD4⁺ T cell","TNFa cytokine expression","4","Functionally normal","","","NA","CRISPR-Based Genome Editing","Base editing","38093011"
"NM_002524.5(NRAS):c.160G>A (p.Asp54Asn)","chr1","114713930","C/T","NRAS","-0.06","dataset1189","Missense","Neutral to the TNFa cytokine expression in CD4⁺ T cell","TNFa cytokine expression","4","Functionally normal","","","NA","CRISPR-Based Genome Editing","Base editing","38093011"
"NM_002524.5(NRAS):c.159G>A (p.Leu53=)","chr1","114713931","C/T","NRAS","-0.06","dataset1189","Synonymous","Neutral to the TNFa cytokine expression in CD4⁺ T cell","TNFa cytokine expression","4","Functionally normal","Benign","1.77303e-05","NA","CRISPR-Based Genome Editing","Base editing","38093011"
"NM_002524.5(NRAS):c.150C>T (p.Thr50=)","chr1","114713940","G/A","NRAS","0.14","dataset1189","Synonymous","Neutral to the TNFa cytokine expression in CD4⁺ T cell","TNFa cytokine expression","4","Functionally normal","","","NA","CRISPR-Based Genome Editing","Base editing","38093011"
"NM_002524.5(NRAS):c.149C>T (p.Thr50Ile)","chr1","114713941","G/A","NRAS","0.14","dataset1189","Missense","Neutral to the TNFa cytokine expression in CD4⁺ T cell","TNFa cytokine expression","4","Functionally normal","Pathogenic","6.6116e-07","NA","CRISPR-Based Genome Editing","Base editing","38093011"
"NM_002524.5(NRAS):c.140A>G (p.Asp47Gly)","chr1","114713950","T/C","NRAS","0.121","dataset1189","Missense","Neutral to the TNFa cytokine expression in CD4⁺ T cell","TNFa cytokine expression","4","Functionally normal","Uncertain significance","","NA","CRISPR-Based Genome Editing","Base editing","38093011"
"NM_002524.5(NRAS):c.130G>A (p.Val44Met)","chr1","114713960","C/T","NRAS","-0.113","dataset1189","Missense","Neutral to the TNFa cytokine expression in CD4⁺ T cell","TNFa cytokine expression","4","Functionally normal","","3.21835e-06","NA","CRISPR-Based Genome Editing","Base editing","38093011"
"NM_002524.5(NRAS):c.128A>G (p.Gln43Arg)","chr1","114713962","T/C","NRAS","0.159","dataset1189","Missense","The enhanced TNFa cytokine expression in CD4⁺ T cell","TNFa cytokine expression","4","Gain-of-function","","","NA","CRISPR-Based Genome Editing","Base editing","38093011"
"NM_002524.5(NRAS):c.127C>T (p.Gln43Ter)","chr1","114713963","G/A","NRAS","0.034","dataset1189","Nonsense","Neutral to the TNFa cytokine expression in CD4⁺ T cell","TNFa cytokine expression","4","Functionally normal","","","NA","CRISPR-Based Genome Editing","Base editing","38093011"
"NM_002524.5(NRAS):c.126A>G (p.Lys42=)","chr1","114713964","T/C","NRAS","0.159","dataset1189","Synonymous","The enhanced TNFa cytokine expression in CD4⁺ T cell","TNFa cytokine expression","4","Gain-of-function","","6.25023e-07","NA","CRISPR-Based Genome Editing","Base editing","38093011"
"NM_002524.5(NRAS):c.125A>G (p.Lys42Arg)","chr1","114713965","T/C","NRAS","0.159","dataset1189","Missense","The enhanced TNFa cytokine expression in CD4⁺ T cell","TNFa cytokine expression","4","Gain-of-function","","","NA","CRISPR-Based Genome Editing","Base editing","38093011"
"NM_002524.5(NRAS):c.124A>G (p.Lys42Glu)","chr1","114713966","T/C","NRAS","0.159","dataset1189","Missense","The enhanced TNFa cytokine expression in CD4⁺ T cell","TNFa cytokine expression","4","Gain-of-function","","","NA","CRISPR-Based Genome Editing","Base editing","38093011"
"NM_002524.5(NRAS):c.123A>G (p.Arg41=)","chr1","114713967","T/C","NRAS","0.159","dataset1189","Synonymous","The enhanced TNFa cytokine expression in CD4⁺ T cell","TNFa cytokine expression","4","Gain-of-function","","","NA","CRISPR-Based Genome Editing","Base editing","38093011"
"NM_002524.5(NRAS):c.122G>A (p.Arg41Lys)","chr1","114713968","C/T","NRAS","0.061","dataset1189","Missense","Neutral to the TNFa cytokine expression in CD4⁺ T cell","TNFa cytokine expression","4","Functionally normal","","5.1667e-06","NA","CRISPR-Based Genome Editing","Base editing","38093011"
"NM_002524.5(NRAS):c.120C>T (p.Tyr40=)","chr1","114713970","G/A","NRAS","0.071","dataset1189","Synonymous","Neutral to the TNFa cytokine expression in CD4⁺ T cell","TNFa cytokine expression","4","Functionally normal","","0","NA","CRISPR-Based Genome Editing","Base editing","38093011"
"NM_002524.5(NRAS):c.118T>C (p.Tyr40His)","chr1","114713972","A/G","NRAS","-0.133","dataset1189","Missense","Neutral to the TNFa cytokine expression in CD4⁺ T cell","TNFa cytokine expression","4","Functionally normal","","","NA","CRISPR-Based Genome Editing","Base editing","38093011"
"NM_002524.5(NRAS):c.117T>C (p.Ser39=)","chr1","114713973","A/G","NRAS","0.066","dataset1189","Synonymous","Neutral to the TNFa cytokine expression in CD4⁺ T cell","TNFa cytokine expression","4","Functionally normal","","","NA","CRISPR-Based Genome Editing","Base editing","38093011"
"NM_002524.5(NRAS):c.116C>T (p.Ser39Phe)","chr1","114713974","G/A","NRAS","0.071","dataset1189","Missense","Neutral to the TNFa cytokine expression in CD4⁺ T cell","TNFa cytokine expression","4","Functionally normal","","8.63788e-07","NA","CRISPR-Based Genome Editing","Base editing","38093011"
"NM_002524.5(NRAS):c.115T>C (p.Ser39Pro)","chr1","114713975","A/G","NRAS","-0.033","dataset1189","Missense","Neutral to the TNFa cytokine expression in CD4⁺ T cell","TNFa cytokine expression","4","Functionally normal","","","NA","CRISPR-Based Genome Editing","Base editing","38093011"
"NM_002524.5(NRAS):c.113A>G (p.Asp38Gly)","chr1","114713977","T/C","NRAS","-0.377","dataset1189","Missense","The diminished TNFa cytokine expression in CD4⁺ T cell","TNFa cytokine expression","4","Loss-of-function","","0","NA","CRISPR-Based Genome Editing","Base editing","38093011"
"NM_002524.5(NRAS):c.112G>A (p.Asp38Asn)","chr1","114713978","C/T","NRAS","0.004","dataset1189","Missense","Neutral to the TNFa cytokine expression in CD4⁺ T cell","TNFa cytokine expression","4","Functionally normal","","0","NA","CRISPR-Based Genome Editing","Base editing","38093011"
"NM_002524.5(NRAS):c.111G>A (p.Glu37=)","chr1","114716050","C/T","NRAS","0.01","dataset1189","Splice site","Neutral to the TNFa cytokine expression in CD4⁺ T cell","TNFa cytokine expression","4","Functionally normal","","","NA","CRISPR-Based Genome Editing","Base editing","38093011"
"NM_002524.5(NRAS):c.110A>G (p.Glu37Gly)","chr1","114716051","T/C","NRAS","-0.104","dataset1189","Missense","Neutral to the TNFa cytokine expression in CD4⁺ T cell","TNFa cytokine expression","4","Functionally normal","","","NA","CRISPR-Based Genome Editing","Base editing","38093011"
"NM_002524.5(NRAS):c.108A>G (p.Ile36Met)","chr1","114716053","T/C","NRAS","-0.104","dataset1189","Missense","Neutral to the TNFa cytokine expression in CD4⁺ T cell","TNFa cytokine expression","4","Functionally normal","Likely pathogenic","","NA","CRISPR-Based Genome Editing","Base editing","38093011"
"NM_002524.5(NRAS):c.106A>G (p.Ile36Val)","chr1","114716055","T/C","NRAS","-0.104","dataset1189","Missense","Neutral to the TNFa cytokine expression in CD4⁺ T cell","TNFa cytokine expression","4","Functionally normal","","","NA","CRISPR-Based Genome Editing","Base editing","38093011"
"NM_002524.5(NRAS):c.105C>T (p.Thr35=)","chr1","114716056","G/A","NRAS","-0.087","dataset1189","Synonymous","Neutral to the TNFa cytokine expression in CD4⁺ T cell","TNFa cytokine expression","4","Functionally normal","","","NA","CRISPR-Based Genome Editing","Base editing","38093011"
"NM_002524.5(NRAS):c.104C>T (p.Thr35Ile)","chr1","114716057","G/A","NRAS","-0.087","dataset1189","Missense","Neutral to the TNFa cytokine expression in CD4⁺ T cell","TNFa cytokine expression","4","Functionally normal","","6.23141e-07","NA","CRISPR-Based Genome Editing","Base editing","38093011"
"NM_002524.5(NRAS):c.102C>T (p.Pro34=)","chr1","114716059","G/A","NRAS","0.083","dataset1189","Synonymous","Neutral to the TNFa cytokine expression in CD4⁺ T cell","TNFa cytokine expression","4","Functionally normal","","","NA","CRISPR-Based Genome Editing","Base editing","38093011"
"NM_002524.5(NRAS):c.101C>T (p.Pro34Leu)","chr1","114716060","G/A","NRAS","0.083","dataset1189","Missense","Neutral to the TNFa cytokine expression in CD4⁺ T cell","TNFa cytokine expression","4","Functionally normal","Pathogenic","","skcm:0.2% (1/448):0.960","CRISPR-Based Genome Editing","Base editing","38093011"
"NM_002524.5(NRAS):c.100C>T (p.Pro34Ser)","chr1","114716061","G/A","NRAS","0.083","dataset1189","Missense","Neutral to the TNFa cytokine expression in CD4⁺ T cell","TNFa cytokine expression","4","Functionally normal","","","NA","CRISPR-Based Genome Editing","Base editing","38093011"
"NM_002524.5(NRAS):c.98A>G (p.Asp33Gly)","chr1","114716063","T/C","NRAS","0.044","dataset1189","Missense","Neutral to the TNFa cytokine expression in CD4⁺ T cell","TNFa cytokine expression","4","Functionally normal","","","NA","CRISPR-Based Genome Editing","Base editing","38093011"
"NM_002524.5(NRAS):c.97G>A (p.Asp33Asn)","chr1","114716064","C/T","NRAS","-0.071","dataset1189","Missense","Neutral to the TNFa cytokine expression in CD4⁺ T cell","TNFa cytokine expression","4","Functionally normal","","","NA","CRISPR-Based Genome Editing","Base editing","38093011"
"NM_002524.5(NRAS):c.96T>C (p.Tyr32=)","chr1","114716065","A/G","NRAS","0.182","dataset1189","Synonymous","The enhanced TNFa cytokine expression in CD4⁺ T cell","TNFa cytokine expression","4","Gain-of-function","","1.24195e-06","NA","CRISPR-Based Genome Editing","Base editing","38093011"
"NM_002524.5(NRAS):c.95A>G (p.Tyr32Cys)","chr1","114716066","T/C","NRAS","-0.209","dataset1189","Missense","The diminished TNFa cytokine expression in CD4⁺ T cell","TNFa cytokine expression","4","Loss-of-function","","","NA","CRISPR-Based Genome Editing","Base editing","38093011"
"NM_002524.5(NRAS):c.94T>C (p.Tyr32His)","chr1","114716067","A/G","NRAS","0.182","dataset1189","Missense","The enhanced TNFa cytokine expression in CD4⁺ T cell","TNFa cytokine expression","4","Gain-of-function","","","NA","CRISPR-Based Genome Editing","Base editing","38093011"
"NM_002524.5(NRAS):c.93A>G (p.Glu31=)","chr1","114716068","T/C","NRAS","-0.209","dataset1189","Synonymous","The diminished TNFa cytokine expression in CD4⁺ T cell","TNFa cytokine expression","4","Loss-of-function","","6.2055e-07","NA","CRISPR-Based Genome Editing","Base editing","38093011"
"NM_002524.5(NRAS):c.92A>G (p.Glu31Gly)","chr1","114716069","T/C","NRAS","-0.209","dataset1189","Missense","The diminished TNFa cytokine expression in CD4⁺ T cell","TNFa cytokine expression","4","Loss-of-function","","","NA","CRISPR-Based Genome Editing","Base editing","38093011"
"NM_002524.5(NRAS):c.91G>A (p.Glu31Lys)","chr1","114716070","C/T","NRAS","0.084","dataset1189","Missense","Neutral to the TNFa cytokine expression in CD4⁺ T cell","TNFa cytokine expression","4","Functionally normal","","","NA","CRISPR-Based Genome Editing","Base editing","38093011"
"NM_002524.5(NRAS):c.90T>C (p.Asp30=)","chr1","114716071","A/G","NRAS","0.076","dataset1189","Synonymous","Neutral to the TNFa cytokine expression in CD4⁺ T cell","TNFa cytokine expression","4","Functionally normal","","","NA","CRISPR-Based Genome Editing","Base editing","38093011"
"NM_002524.5(NRAS):c.88G>A (p.Asp30Asn)","chr1","114716073","C/T","NRAS","0.084","dataset1189","Missense","Neutral to the TNFa cytokine expression in CD4⁺ T cell","TNFa cytokine expression","4","Functionally normal","Uncertain significance","","NA","CRISPR-Based Genome Editing","Base editing","38093011"
"NM_002524.5(NRAS):c.85G>A (p.Val29Ile)","chr1","114716076","C/T","NRAS","-0.083","dataset1189","Missense","Neutral to the TNFa cytokine expression in CD4⁺ T cell","TNFa cytokine expression","4","Functionally normal","Uncertain significance","1.85949e-06","NA","CRISPR-Based Genome Editing","Base editing","38093011"
"NM_002524.5(NRAS):c.83T>C (p.Phe28Ser)","chr1","114716078","A/G","NRAS","-0.013","dataset1189","Missense","Neutral to the TNFa cytokine expression in CD4⁺ T cell","TNFa cytokine expression","4","Functionally normal","","","NA","CRISPR-Based Genome Editing","Base editing","38093011"
"NM_002524.5(NRAS):c.82T>C (p.Phe28Leu)","chr1","114716079","A/G","NRAS","-0.013","dataset1189","Missense","Neutral to the TNFa cytokine expression in CD4⁺ T cell","TNFa cytokine expression","4","Functionally normal","","","NA","CRISPR-Based Genome Editing","Base editing","38093011"
"NM_002524.5(NRAS):c.32C>T (p.Ala11Val)","chr1","114716129","G/A","NRAS","0.156","dataset1189","Missense","Neutral to the TNFa cytokine expression in CD4⁺ T cell","TNFa cytokine expression","4","Functionally normal","","","NA","CRISPR-Based Genome Editing","Base editing","38093011"
"NM_002524.5(NRAS):c.16C>T (p.Leu6=)","chr1","114716145","G/A","NRAS","0.164","dataset1189","Synonymous","The enhanced TNFa cytokine expression in CD4⁺ T cell","TNFa cytokine expression","4","Gain-of-function","","","NA","CRISPR-Based Genome Editing","Base editing","38093011"
"NM_002524.5(NRAS):c.15A>G (p.Lys5=)","chr1","114716146","T/C","NRAS","0.105","dataset1189","Synonymous","Neutral to the TNFa cytokine expression in CD4⁺ T cell","TNFa cytokine expression","4","Functionally normal","","","NA","CRISPR-Based Genome Editing","Base editing","38093011"
"NM_002524.5(NRAS):c.14A>G (p.Lys5Arg)","chr1","114716147","T/C","NRAS","0.036","dataset1189","Missense","Neutral to the TNFa cytokine expression in CD4⁺ T cell","TNFa cytokine expression","4","Functionally normal","","","NA","CRISPR-Based Genome Editing","Base editing","38093011"
"NM_002524.5(NRAS):c.13A>G (p.Lys5Glu)","chr1","114716148","T/C","NRAS","0.036","dataset1189","Missense","Neutral to the TNFa cytokine expression in CD4⁺ T cell","TNFa cytokine expression","4","Functionally normal","","","NA","CRISPR-Based Genome Editing","Base editing","38093011"
"NM_002524.5(NRAS):c.12C>T (p.Tyr4=)","chr1","114716149","G/A","NRAS","-0.044","dataset1189","Synonymous","Neutral to the TNFa cytokine expression in CD4⁺ T cell","TNFa cytokine expression","4","Functionally normal","","","NA","CRISPR-Based Genome Editing","Base editing","38093011"
"NM_002524.5(NRAS):c.11A>G (p.Tyr4Cys)","chr1","114716150","T/C","NRAS","0.036","dataset1189","Missense","Neutral to the TNFa cytokine expression in CD4⁺ T cell","TNFa cytokine expression","4","Functionally normal","","","NA","CRISPR-Based Genome Editing","Base editing","38093011"
"NM_002524.5(NRAS):c.8A>G (p.Glu3Gly)","chr1","114716153","T/C","NRAS","-0.067","dataset1189","Missense","Neutral to the TNFa cytokine expression in CD4⁺ T cell","TNFa cytokine expression","4","Functionally normal","","","NA","CRISPR-Based Genome Editing","Base editing","38093011"
"NM_002524.5(NRAS):c.5C>T (p.Thr2Ile)","chr1","114716156","G/A","NRAS","0.076","dataset1189","Missense","Neutral to the TNFa cytokine expression in CD4⁺ T cell","TNFa cytokine expression","4","Functionally normal","Uncertain significance","","NA","CRISPR-Based Genome Editing","Base editing","38093011"
"NM_002524.5(NRAS):c.4A>G (p.Thr2Ala)","chr1","114716157","T/C","NRAS","0.069","dataset1189","Missense","Neutral to the TNFa cytokine expression in CD4⁺ T cell","TNFa cytokine expression","4","Functionally normal","Uncertain significance","","NA","CRISPR-Based Genome Editing","Base editing","38093011"
"NM_002524.5(NRAS):c.1A>G (p.Met1?)","chr1","114716160","T/C","NRAS","-0.057","dataset1189","Start_lost","Neutral to the TNFa cytokine expression in CD4⁺ T cell","TNFa cytokine expression","4","Functionally normal","","6.22117e-07","NA","CRISPR-Based Genome Editing","Base editing","38093011"
"NM_002524.5(NRAS):c.567G>A (p.Met189Ile)","chr1","114708538","C/T","NRAS","0.04","dataset1190","Missense","Neutral to the CD25 cell surface activation marker expression in CD4⁺ T cell","CD25 cell surface activation marker expression","4","Functionally normal","","3.71753e-06","NA","CRISPR-Based Genome Editing","Base editing","38093011"
"NM_002524.5(NRAS):c.564G>A (p.Val188=)","chr1","114708541","C/T","NRAS","0.04","dataset1190","Synonymous","Neutral to the CD25 cell surface activation marker expression in CD4⁺ T cell","CD25 cell surface activation marker expression","4","Functionally normal","","6.19605e-07","NA","CRISPR-Based Genome Editing","Base editing","38093011"
"NM_002524.5(NRAS):c.555A>G (p.Pro185=)","chr1","114708550","T/C","NRAS","-0.033","dataset1190","Synonymous","Neutral to the CD25 cell surface activation marker expression in CD4⁺ T cell","CD25 cell surface activation marker expression","4","Functionally normal","Likely benign","1.85883e-06","NA","CRISPR-Based Genome Editing","Base editing","38093011"
"NM_002524.5(NRAS):c.554C>T (p.Pro185Leu)","chr1","114708551","G/A","NRAS","-0.041","dataset1190","Missense","Neutral to the CD25 cell surface activation marker expression in CD4⁺ T cell","CD25 cell surface activation marker expression","4","Functionally normal","Uncertain significance","9.2953e-06","NA","CRISPR-Based Genome Editing","Base editing","38093011"
"NM_002524.5(NRAS):c.553C>T (p.Pro185Ser)","chr1","114708552","G/A","NRAS","-0.041","dataset1190","Missense","Neutral to the CD25 cell surface activation marker expression in CD4⁺ T cell","CD25 cell surface activation marker expression","4","Functionally normal","Uncertain significance","7.87087e-05","NA","CRISPR-Based Genome Editing","Base editing","38093011"
"NM_002524.5(NRAS):c.544A>G (p.Met182Val)","chr1","114708561","T/C","NRAS","0.031","dataset1190","Missense","Neutral to the CD25 cell surface activation marker expression in CD4⁺ T cell","CD25 cell surface activation marker expression","4","Functionally normal","","1.23933e-06","NA","CRISPR-Based Genome Editing","Base editing","38093011"
"NM_002524.5(NRAS):c.535C>T (p.Gln179Ter)","chr1","114708570","G/A","NRAS","0.027","dataset1190","Nonsense","Neutral to the CD25 cell surface activation marker expression in CD4⁺ T cell","CD25 cell surface activation marker expression","4","Functionally normal","","","NA","CRISPR-Based Genome Editing","Base editing","38093011"
"NM_002524.5(NRAS):c.533C>T (p.Thr178Ile)","chr1","114708572","G/A","NRAS","0.027","dataset1190","Missense","Neutral to the CD25 cell surface activation marker expression in CD4⁺ T cell","CD25 cell surface activation marker expression","4","Functionally normal","","","NA","CRISPR-Based Genome Editing","Base editing","38093011"
"NM_002524.5(NRAS):c.532A>G (p.Thr178Ala)","chr1","114708573","T/C","NRAS","-0.133","dataset1190","Missense","Neutral to the CD25 cell surface activation marker expression in CD4⁺ T cell","CD25 cell surface activation marker expression","4","Functionally normal","","","ucec:0.2% (1/529):0.380","CRISPR-Based Genome Editing","Base editing","38093011"
"NM_002524.5(NRAS):c.527A>G (p.Asp176Gly)","chr1","114708578","T/C","NRAS","0.152","dataset1190","Missense","Neutral to the CD25 cell surface activation marker expression in CD4⁺ T cell","CD25 cell surface activation marker expression","4","Functionally normal","","","NA","CRISPR-Based Genome Editing","Base editing","38093011"
"NM_002524.5(NRAS):c.524A>G (p.Asp175Gly)","chr1","114708581","T/C","NRAS","-0.101","dataset1190","Missense","Neutral to the CD25 cell surface activation marker expression in CD4⁺ T cell","CD25 cell surface activation marker expression","4","Functionally normal","","","NA","CRISPR-Based Genome Editing","Base editing","38093011"
"NM_002524.5(NRAS):c.520A>G (p.Ser174Gly)","chr1","114708585","T/C","NRAS","0.083","dataset1190","Missense","Neutral to the CD25 cell surface activation marker expression in CD4⁺ T cell","CD25 cell surface activation marker expression","4","Functionally normal","","6.19887e-07","NA","CRISPR-Based Genome Editing","Base editing","38093011"
"NM_002524.5(NRAS):c.519C>T (p.Ser173=)","chr1","114708586","G/A","NRAS","0.14","dataset1190","Synonymous","Neutral to the CD25 cell surface activation marker expression in CD4⁺ T cell","CD25 cell surface activation marker expression","4","Functionally normal","Likely benign","6.2005e-07","NA","CRISPR-Based Genome Editing","Base editing","38093011"
"NM_002524.5(NRAS):c.518G>A (p.Ser173Asn)","chr1","114708587","C/T","NRAS","-0.035","dataset1190","Missense","Neutral to the CD25 cell surface activation marker expression in CD4⁺ T cell","CD25 cell surface activation marker expression","4","Functionally normal","","6.20078e-07","NA","CRISPR-Based Genome Editing","Base editing","38093011"
"NM_002524.5(NRAS):c.516C>T (p.Asn172=)","chr1","114708589","G/A","NRAS","0.017","dataset1190","Synonymous","Neutral to the CD25 cell surface activation marker expression in CD4⁺ T cell","CD25 cell surface activation marker expression","4","Functionally normal","","","NA","CRISPR-Based Genome Editing","Base editing","38093011"
"NM_002524.5(NRAS):c.515A>G (p.Asn172Ser)","chr1","114708590","T/C","NRAS","-0.035","dataset1190","Missense","Neutral to the CD25 cell surface activation marker expression in CD4⁺ T cell","CD25 cell surface activation marker expression","4","Functionally normal","","","NA","CRISPR-Based Genome Editing","Base editing","38093011"
"NM_002524.5(NRAS):c.514A>G (p.Asn172Asp)","chr1","114708591","T/C","NRAS","-0.035","dataset1190","Missense","Neutral to the CD25 cell surface activation marker expression in CD4⁺ T cell","CD25 cell surface activation marker expression","4","Functionally normal","","6.19787e-07","NA","CRISPR-Based Genome Editing","Base editing","38093011"
"NM_002524.5(NRAS):c.513C>T (p.Leu171=)","chr1","114708592","G/A","NRAS","0.068","dataset1190","Synonymous","Neutral to the CD25 cell surface activation marker expression in CD4⁺ T cell","CD25 cell surface activation marker expression","4","Functionally normal","","","NA","CRISPR-Based Genome Editing","Base editing","38093011"
"NM_002524.5(NRAS):c.512T>C (p.Leu171Pro)","chr1","114708593","A/G","NRAS","0.212","dataset1190","Missense","Neutral to the CD25 cell surface activation marker expression in CD4⁺ T cell","CD25 cell surface activation marker expression","4","Functionally normal","","","NA","CRISPR-Based Genome Editing","Base editing","38093011"
"NM_002524.5(NRAS):c.511C>T (p.Leu171Phe)","chr1","114708594","G/A","NRAS","0.068","dataset1190","Missense","Neutral to the CD25 cell surface activation marker expression in CD4⁺ T cell","CD25 cell surface activation marker expression","4","Functionally normal","Uncertain significance","6.19983e-07","NA","CRISPR-Based Genome Editing","Base editing","38093011"
"NM_002524.5(NRAS):c.510A>G (p.Lys170=)","chr1","114708595","T/C","NRAS","-0.004","dataset1190","Synonymous","Neutral to the CD25 cell surface activation marker expression in CD4⁺ T cell","CD25 cell surface activation marker expression","4","Functionally normal","","6.19862e-07","NA","CRISPR-Based Genome Editing","Base editing","38093011"
"NM_002524.5(NRAS):c.504G>A (p.Met168Ile)","chr1","114708601","C/T","NRAS","-0.052","dataset1190","Missense","Neutral to the CD25 cell surface activation marker expression in CD4⁺ T cell","CD25 cell surface activation marker expression","4","Functionally normal","Uncertain significance","1.23976e-06","NA","CRISPR-Based Genome Editing","Base editing","38093011"
"NM_002524.5(NRAS):c.464C>T (p.Ala155Val)","chr1","114708641","G/A","NRAS","-0.068","dataset1190","Missense","Neutral to the CD25 cell surface activation marker expression in CD4⁺ T cell","CD25 cell surface activation marker expression","4","Functionally normal","Uncertain significance","1.23966e-06","NA","CRISPR-Based Genome Editing","Base editing","38093011"
"NM_002524.5(NRAS):c.463G>A (p.Ala155Thr)","chr1","114708642","C/T","NRAS","0.076","dataset1190","Missense","Neutral to the CD25 cell surface activation marker expression in CD4⁺ T cell","CD25 cell surface activation marker expression","4","Functionally normal","Uncertain significance","3.71836e-06","NA","CRISPR-Based Genome Editing","Base editing","38093011"
"NM_002524.5(NRAS):c.461A>G (p.Asp154Gly)","chr1","114708644","T/C","NRAS","0.023","dataset1190","Missense","Neutral to the CD25 cell surface activation marker expression in CD4⁺ T cell","CD25 cell surface activation marker expression","4","Functionally normal","Uncertain significance","1.23932e-06","NA","CRISPR-Based Genome Editing","Base editing","38093011"
"NM_002524.5(NRAS):c.460G>A (p.Asp154Asn)","chr1","114708645","C/T","NRAS","0.076","dataset1190","Missense","Neutral to the CD25 cell surface activation marker expression in CD4⁺ T cell","CD25 cell surface activation marker expression","4","Functionally normal","","","NA","CRISPR-Based Genome Editing","Base editing","38093011"
"NM_002524.5(NRAS):c.459A>G (p.Glu153=)","chr1","114708646","T/C","NRAS","0.023","dataset1190","Synonymous","Neutral to the CD25 cell surface activation marker expression in CD4⁺ T cell","CD25 cell surface activation marker expression","4","Functionally normal","","2.4785e-06","NA","CRISPR-Based Genome Editing","Base editing","38093011"
"NM_002524.5(NRAS):c.458A>G (p.Glu153Gly)","chr1","114708647","T/C","NRAS","0.023","dataset1190","Missense","Neutral to the CD25 cell surface activation marker expression in CD4⁺ T cell","CD25 cell surface activation marker expression","4","Functionally normal","","","NA","CRISPR-Based Genome Editing","Base editing","38093011"
"NM_002524.5(NRAS):c.457G>A (p.Glu153Lys)","chr1","114708648","C/T","NRAS","0.076","dataset1190","Missense","Neutral to the CD25 cell surface activation marker expression in CD4⁺ T cell","CD25 cell surface activation marker expression","4","Functionally normal","Uncertain significance","","NA","CRISPR-Based Genome Editing","Base editing","38093011"
"NM_002524.5(NRAS):c.456T>C (p.Val152=)","chr1","114708649","A/G","NRAS","0.025","dataset1190","Synonymous","Neutral to the CD25 cell surface activation marker expression in CD4⁺ T cell","CD25 cell surface activation marker expression","4","Functionally normal","","","NA","CRISPR-Based Genome Editing","Base editing","38093011"
"NM_002524.5(NRAS):c.454G>A (p.Val152Ile)","chr1","114708651","C/T","NRAS","0.076","dataset1190","Missense","Neutral to the CD25 cell surface activation marker expression in CD4⁺ T cell","CD25 cell surface activation marker expression","4","Functionally normal","Uncertain significance","","NA","CRISPR-Based Genome Editing","Base editing","38093011"
"NM_002524.5(NRAS):c.452G>A (p.Gly151Asp)","chr1","114708653","C/T","NRAS","0.076","dataset1190","Missense","Neutral to the CD25 cell surface activation marker expression in CD4⁺ T cell","CD25 cell surface activation marker expression","4","Functionally normal","","","NA","CRISPR-Based Genome Editing","Base editing","38093011"
"NM_002524.5(NRAS):c.451G>A (p.Gly151Ser)","chr1","114708654","C/T","NRAS","0.076","dataset1190","Missense","Neutral to the CD25 cell surface activation marker expression in CD4⁺ T cell","CD25 cell surface activation marker expression","4","Functionally normal","","","NA","CRISPR-Based Genome Editing","Base editing","38093011"
"NM_002524.5(NRAS):c.450G>A (p.Gln150=)","chr1","114709569","C/T","NRAS","0.018","dataset1190","Splice site","Neutral to the CD25 cell surface activation marker expression in CD4⁺ T cell","CD25 cell surface activation marker expression","4","Functionally normal","","","NA","CRISPR-Based Genome Editing","Base editing","38093011"
"NM_002524.5(NRAS):c.444C>T (p.Thr148=)","chr1","114709575","G/A","NRAS","0.123","dataset1190","Synonymous","Neutral to the CD25 cell surface activation marker expression in CD4⁺ T cell","CD25 cell surface activation marker expression","4","Functionally normal","Likely benign","6.19613e-07","NA","CRISPR-Based Genome Editing","Base editing","38093011"
"NM_002524.5(NRAS):c.443C>T (p.Thr148Ile)","chr1","114709576","G/A","NRAS","0.123","dataset1190","Missense","Neutral to the CD25 cell surface activation marker expression in CD4⁺ T cell","CD25 cell surface activation marker expression","4","Functionally normal","Likely benign","","NA","CRISPR-Based Genome Editing","Base editing","38093011"
"NM_002524.5(NRAS):c.440A>G (p.Lys147Arg)","chr1","114709579","T/C","NRAS","0.033","dataset1190","Missense","Neutral to the CD25 cell surface activation marker expression in CD4⁺ T cell","CD25 cell surface activation marker expression","4","Functionally normal","","","NA","CRISPR-Based Genome Editing","Base editing","38093011"
"NM_002524.5(NRAS):c.439A>G (p.Lys147Glu)","chr1","114709580","T/C","NRAS","0.033","dataset1190","Missense","Neutral to the CD25 cell surface activation marker expression in CD4⁺ T cell","CD25 cell surface activation marker expression","4","Functionally normal","","","NA","CRISPR-Based Genome Editing","Base editing","38093011"
"NM_002524.5(NRAS):c.438C>T (p.Ala146=)","chr1","114709581","G/A","NRAS","-0.044","dataset1190","Synonymous","Neutral to the CD25 cell surface activation marker expression in CD4⁺ T cell","CD25 cell surface activation marker expression","4","Functionally normal","","","NA","CRISPR-Based Genome Editing","Base editing","38093011"
"NM_002524.5(NRAS):c.437C>T (p.Ala146Val)","chr1","114709582","G/A","NRAS","-0.044","dataset1190","Missense","Neutral to the CD25 cell surface activation marker expression in CD4⁺ T cell","CD25 cell surface activation marker expression","4","Functionally normal","","","NA","CRISPR-Based Genome Editing","Base editing","38093011"
"NM_002524.5(NRAS):c.436G>A (p.Ala146Thr)","chr1","114709583","C/T","NRAS","0.121","dataset1190","Missense","Neutral to the CD25 cell surface activation marker expression in CD4⁺ T cell","CD25 cell surface activation marker expression","4","Functionally normal","Uncertain significance","0","NA","CRISPR-Based Genome Editing","Base editing","38093011"
"NM_002524.5(NRAS):c.435A>G (p.Ser145=)","chr1","114709584","T/C","NRAS","-0.027","dataset1190","Synonymous","Neutral to the CD25 cell surface activation marker expression in CD4⁺ T cell","CD25 cell surface activation marker expression","4","Functionally normal","","6.1953e-07","NA","CRISPR-Based Genome Editing","Base editing","38093011"
"NM_002524.5(NRAS):c.434C>T (p.Ser145Leu)","chr1","114709585","G/A","NRAS","-0.044","dataset1190","Missense","Neutral to the CD25 cell surface activation marker expression in CD4⁺ T cell","CD25 cell surface activation marker expression","4","Functionally normal","Uncertain significance","1.23917e-06","NA","CRISPR-Based Genome Editing","Base editing","38093011"
"NM_002524.5(NRAS):c.433T>C (p.Ser145Pro)","chr1","114709586","A/G","NRAS","0.027","dataset1190","Missense","Neutral to the CD25 cell surface activation marker expression in CD4⁺ T cell","CD25 cell surface activation marker expression","4","Functionally normal","","","NA","CRISPR-Based Genome Editing","Base editing","38093011"
"NM_002524.5(NRAS):c.421T>C (p.Phe141Leu)","chr1","114709598","A/G","NRAS","-0.094","dataset1190","Missense","Neutral to the CD25 cell surface activation marker expression in CD4⁺ T cell","CD25 cell surface activation marker expression","4","Functionally normal","Uncertain significance","6.19528e-07","NA","CRISPR-Based Genome Editing","Base editing","38093011"
"NM_002524.5(NRAS):c.417T>C (p.Ile139=)","chr1","114709602","A/G","NRAS","-0.094","dataset1190","Synonymous","Neutral to the CD25 cell surface activation marker expression in CD4⁺ T cell","CD25 cell surface activation marker expression","4","Functionally normal","","6.19533e-07","NA","CRISPR-Based Genome Editing","Base editing","38093011"
"NM_002524.5(NRAS):c.416T>C (p.Ile139Thr)","chr1","114709603","A/G","NRAS","-0.094","dataset1190","Missense","Neutral to the CD25 cell surface activation marker expression in CD4⁺ T cell","CD25 cell surface activation marker expression","4","Functionally normal","","","esca:0.5% (1/182):0.050","CRISPR-Based Genome Editing","Base editing","38093011"
"NM_002524.5(NRAS):c.414G>A (p.Gly138=)","chr1","114709605","C/T","NRAS","-0.092","dataset1190","Synonymous","Neutral to the CD25 cell surface activation marker expression in CD4⁺ T cell","CD25 cell surface activation marker expression","4","Functionally normal","","","NA","CRISPR-Based Genome Editing","Base editing","38093011"
"NM_002524.5(NRAS):c.413G>A (p.Gly138Glu)","chr1","114709606","C/T","NRAS","-0.092","dataset1190","Missense","Neutral to the CD25 cell surface activation marker expression in CD4⁺ T cell","CD25 cell surface activation marker expression","4","Functionally normal","","","NA","CRISPR-Based Genome Editing","Base editing","38093011"
"NM_002524.5(NRAS):c.412G>A (p.Gly138Arg)","chr1","114709607","C/T","NRAS","0.096","dataset1190","Missense","Neutral to the CD25 cell surface activation marker expression in CD4⁺ T cell","CD25 cell surface activation marker expression","4","Functionally normal","Uncertain significance","2.47824e-06","NA","CRISPR-Based Genome Editing","Base editing","38093011"
"NM_002524.5(NRAS):c.409T>C (p.Tyr137His)","chr1","114709610","A/G","NRAS","-0.045","dataset1190","Missense","Neutral to the CD25 cell surface activation marker expression in CD4⁺ T cell","CD25 cell surface activation marker expression","4","Functionally normal","","","NA","CRISPR-Based Genome Editing","Base editing","38093011"
"NM_002524.5(NRAS):c.408T>C (p.Ser136=)","chr1","114709611","A/G","NRAS","-0.045","dataset1190","Synonymous","Neutral to the CD25 cell surface activation marker expression in CD4⁺ T cell","CD25 cell surface activation marker expression","4","Functionally normal","","","NA","CRISPR-Based Genome Editing","Base editing","38093011"
"NM_002524.5(NRAS):c.407G>A (p.Ser136Asn)","chr1","114709612","C/T","NRAS","0.026","dataset1190","Missense","Neutral to the CD25 cell surface activation marker expression in CD4⁺ T cell","CD25 cell surface activation marker expression","4","Functionally normal","","","NA","CRISPR-Based Genome Editing","Base editing","38093011"
"NM_002524.5(NRAS):c.405G>A (p.Lys135=)","chr1","114709614","C/T","NRAS","0.026","dataset1190","Synonymous","Neutral to the CD25 cell surface activation marker expression in CD4⁺ T cell","CD25 cell surface activation marker expression","4","Functionally normal","","","NA","CRISPR-Based Genome Editing","Base editing","38093011"
"NM_002524.5(NRAS):c.402C>T (p.Ala134=)","chr1","114709617","G/A","NRAS","-0.084","dataset1190","Synonymous","Neutral to the CD25 cell surface activation marker expression in CD4⁺ T cell","CD25 cell surface activation marker expression","4","Functionally normal","","","NA","CRISPR-Based Genome Editing","Base editing","38093011"
"NM_002524.5(NRAS):c.401C>T (p.Ala134Val)","chr1","114709618","G/A","NRAS","-0.084","dataset1190","Missense","Neutral to the CD25 cell surface activation marker expression in CD4⁺ T cell","CD25 cell surface activation marker expression","4","Functionally normal","","","NA","CRISPR-Based Genome Editing","Base editing","38093011"
"NM_002524.5(NRAS):c.400G>A (p.Ala134Thr)","chr1","114709619","C/T","NRAS","0.026","dataset1190","Missense","Neutral to the CD25 cell surface activation marker expression in CD4⁺ T cell","CD25 cell surface activation marker expression","4","Functionally normal","","","NA","CRISPR-Based Genome Editing","Base editing","38093011"
"NM_002524.5(NRAS):c.397C>T (p.Leu133=)","chr1","114709622","G/A","NRAS","-0.084","dataset1190","Synonymous","Neutral to the CD25 cell surface activation marker expression in CD4⁺ T cell","CD25 cell surface activation marker expression","4","Functionally normal","","","NA","CRISPR-Based Genome Editing","Base editing","38093011"
"NM_002524.5(NRAS):c.396A>G (p.Glu132=)","chr1","114709623","T/C","NRAS","-0.07","dataset1190","Synonymous","Neutral to the CD25 cell surface activation marker expression in CD4⁺ T cell","CD25 cell surface activation marker expression","4","Functionally normal","","3.09769e-06","NA","CRISPR-Based Genome Editing","Base editing","38093011"
"NM_002524.5(NRAS):c.395A>G (p.Glu132Gly)","chr1","114709624","T/C","NRAS","-0.07","dataset1190","Missense","Neutral to the CD25 cell surface activation marker expression in CD4⁺ T cell","CD25 cell surface activation marker expression","4","Functionally normal","","","NA","CRISPR-Based Genome Editing","Base editing","38093011"
"NM_002524.5(NRAS):c.393C>T (p.His131=)","chr1","114709626","G/A","NRAS","-0.084","dataset1190","Synonymous","Neutral to the CD25 cell surface activation marker expression in CD4⁺ T cell","CD25 cell surface activation marker expression","4","Functionally normal","Likely benign","8.67455e-06","NA","CRISPR-Based Genome Editing","Base editing","38093011"
"NM_002524.5(NRAS):c.391C>T (p.His131Tyr)","chr1","114709628","G/A","NRAS","0.149","dataset1190","Missense","Neutral to the CD25 cell surface activation marker expression in CD4⁺ T cell","CD25 cell surface activation marker expression","4","Functionally normal","","","NA","CRISPR-Based Genome Editing","Base editing","38093011"
"NM_002524.5(NRAS):c.390C>T (p.Ala130=)","chr1","114709629","G/A","NRAS","-0.053","dataset1190","Synonymous","Neutral to the CD25 cell surface activation marker expression in CD4⁺ T cell","CD25 cell surface activation marker expression","4","Functionally normal","","1.85885e-06","NA","CRISPR-Based Genome Editing","Base editing","38093011"
"NM_002524.5(NRAS):c.389C>T (p.Ala130Val)","chr1","114709630","G/A","NRAS","-0.053","dataset1190","Missense","Neutral to the CD25 cell surface activation marker expression in CD4⁺ T cell","CD25 cell surface activation marker expression","4","Functionally normal","","","NA","CRISPR-Based Genome Editing","Base editing","38093011"
"NM_002524.5(NRAS):c.385C>T (p.Gln129Ter)","chr1","114709634","G/A","NRAS","-0.053","dataset1190","Nonsense","Neutral to the CD25 cell surface activation marker expression in CD4⁺ T cell","CD25 cell surface activation marker expression","4","Functionally normal","","","NA","CRISPR-Based Genome Editing","Base editing","38093011"
"NM_002524.5(NRAS):c.384A>G (p.Lys128=)","chr1","114709635","T/C","NRAS","0.014","dataset1190","Synonymous","Neutral to the CD25 cell surface activation marker expression in CD4⁺ T cell","CD25 cell surface activation marker expression","4","Functionally normal","Likely benign","9.91355e-06","NA","CRISPR-Based Genome Editing","Base editing","38093011"
"NM_002524.5(NRAS):c.383A>G (p.Lys128Arg)","chr1","114709636","T/C","NRAS","0.014","dataset1190","Missense","Neutral to the CD25 cell surface activation marker expression in CD4⁺ T cell","CD25 cell surface activation marker expression","4","Functionally normal","","","NA","CRISPR-Based Genome Editing","Base editing","38093011"
"NM_002524.5(NRAS):c.382A>G (p.Lys128Glu)","chr1","114709637","T/C","NRAS","0.014","dataset1190","Missense","Neutral to the CD25 cell surface activation marker expression in CD4⁺ T cell","CD25 cell surface activation marker expression","4","Functionally normal","","","NA","CRISPR-Based Genome Editing","Base editing","38093011"
"NM_002524.5(NRAS):c.381A>G (p.Thr127=)","chr1","114709638","T/C","NRAS","0.014","dataset1190","Synonymous","Neutral to the CD25 cell surface activation marker expression in CD4⁺ T cell","CD25 cell surface activation marker expression","4","Functionally normal","","","NA","CRISPR-Based Genome Editing","Base editing","38093011"
"NM_002524.5(NRAS):c.380C>T (p.Thr127Ile)","chr1","114709639","G/A","NRAS","-0.053","dataset1190","Missense","Neutral to the CD25 cell surface activation marker expression in CD4⁺ T cell","CD25 cell surface activation marker expression","4","Functionally normal","Uncertain significance","","NA","CRISPR-Based Genome Editing","Base editing","38093011"
"NM_002524.5(NRAS):c.378T>C (p.Asp126=)","chr1","114709641","A/G","NRAS","0.121","dataset1190","Synonymous","Neutral to the CD25 cell surface activation marker expression in CD4⁺ T cell","CD25 cell surface activation marker expression","4","Functionally normal","","1.85881e-06","NA","CRISPR-Based Genome Editing","Base editing","38093011"
"NM_002524.5(NRAS):c.376G>A (p.Asp126Asn)","chr1","114709643","C/T","NRAS","0.004","dataset1190","Missense","Neutral to the CD25 cell surface activation marker expression in CD4⁺ T cell","CD25 cell surface activation marker expression","4","Functionally normal","","","NA","CRISPR-Based Genome Editing","Base editing","38093011"
"NM_002524.5(NRAS):c.373G>A (p.Val125Ile)","chr1","114709646","C/T","NRAS","0.004","dataset1190","Missense","Neutral to the CD25 cell surface activation marker expression in CD4⁺ T cell","CD25 cell surface activation marker expression","4","Functionally normal","","1.11539e-05","NA","CRISPR-Based Genome Editing","Base editing","38093011"
"NM_002524.5(NRAS):c.350A>G (p.Lys117Arg)","chr1","114709669","T/C","NRAS","0.106","dataset1190","Missense","Neutral to the CD25 cell surface activation marker expression in CD4⁺ T cell","CD25 cell surface activation marker expression","4","Functionally normal","","","NA","CRISPR-Based Genome Editing","Base editing","38093011"
"NM_002524.5(NRAS):c.349A>G (p.Lys117Glu)","chr1","114709670","T/C","NRAS","0.106","dataset1190","Missense","Neutral to the CD25 cell surface activation marker expression in CD4⁺ T cell","CD25 cell surface activation marker expression","4","Functionally normal","","","NA","CRISPR-Based Genome Editing","Base editing","38093011"
"NM_002524.5(NRAS):c.348C>T (p.Asn116=)","chr1","114709671","G/A","NRAS","0.114","dataset1190","Synonymous","Neutral to the CD25 cell surface activation marker expression in CD4⁺ T cell","CD25 cell surface activation marker expression","4","Functionally normal","","","NA","CRISPR-Based Genome Editing","Base editing","38093011"
"NM_002524.5(NRAS):c.344G>A (p.Gly115Glu)","chr1","114709675","C/T","NRAS","0.108","dataset1190","Missense","Neutral to the CD25 cell surface activation marker expression in CD4⁺ T cell","CD25 cell surface activation marker expression","4","Functionally normal","","6.19858e-07","NA","CRISPR-Based Genome Editing","Base editing","38093011"
"NM_002524.5(NRAS):c.343G>A (p.Gly115Arg)","chr1","114709676","C/T","NRAS","0.108","dataset1190","Missense","Neutral to the CD25 cell surface activation marker expression in CD4⁺ T cell","CD25 cell surface activation marker expression","4","Functionally normal","","","NA","CRISPR-Based Genome Editing","Base editing","38093011"
"NM_002524.5(NRAS):c.342G>A (p.Val114=)","chr1","114709677","C/T","NRAS","0.108","dataset1190","Synonymous","Neutral to the CD25 cell surface activation marker expression in CD4⁺ T cell","CD25 cell surface activation marker expression","4","Functionally normal","","6.19706e-07","NA","CRISPR-Based Genome Editing","Base editing","38093011"
"NM_002524.5(NRAS):c.340G>A (p.Val114Met)","chr1","114709679","C/T","NRAS","0.108","dataset1190","Missense","Neutral to the CD25 cell surface activation marker expression in CD4⁺ T cell","CD25 cell surface activation marker expression","4","Functionally normal","","","NA","CRISPR-Based Genome Editing","Base editing","38093011"
"NM_002524.5(NRAS):c.329C>T (p.Pro110Leu)","chr1","114709690","G/A","NRAS","0.038","dataset1190","Missense","Neutral to the CD25 cell surface activation marker expression in CD4⁺ T cell","CD25 cell surface activation marker expression","4","Functionally normal","","3.09885e-06","NA","CRISPR-Based Genome Editing","Base editing","38093011"
"NM_002524.5(NRAS):c.328C>T (p.Pro110Ser)","chr1","114709691","G/A","NRAS","0.038","dataset1190","Missense","Neutral to the CD25 cell surface activation marker expression in CD4⁺ T cell","CD25 cell surface activation marker expression","4","Functionally normal","","","NA","CRISPR-Based Genome Editing","Base editing","38093011"
"NM_002524.5(NRAS):c.327A>G (p.Val109=)","chr1","114709692","T/C","NRAS","0.058","dataset1190","Synonymous","Neutral to the CD25 cell surface activation marker expression in CD4⁺ T cell","CD25 cell surface activation marker expression","4","Functionally normal","","","NA","CRISPR-Based Genome Editing","Base editing","38093011"
"NM_002524.5(NRAS):c.323A>G (p.Asp108Gly)","chr1","114709696","T/C","NRAS","-0.046","dataset1190","Missense","Neutral to the CD25 cell surface activation marker expression in CD4⁺ T cell","CD25 cell surface activation marker expression","4","Functionally normal","","","NA","CRISPR-Based Genome Editing","Base editing","38093011"
"NM_002524.5(NRAS):c.317C>T (p.Ser106Leu)","chr1","114709702","G/A","NRAS","0.164","dataset1190","Missense","Neutral to the CD25 cell surface activation marker expression in CD4⁺ T cell","CD25 cell surface activation marker expression","4","Functionally normal","Uncertain significance","6.19791e-07","ucec:0.2% (1/529):0.380","CRISPR-Based Genome Editing","Base editing","38093011"
"NM_002524.5(NRAS):c.315C>T (p.Asp105=)","chr1","114709704","G/A","NRAS","0.164","dataset1190","Synonymous","Neutral to the CD25 cell surface activation marker expression in CD4⁺ T cell","CD25 cell surface activation marker expression","4","Functionally normal","Likely benign","1.92142e-05","NA","CRISPR-Based Genome Editing","Base editing","38093011"
"NM_002524.5(NRAS):c.314A>G (p.Asp105Gly)","chr1","114709705","T/C","NRAS","0.036","dataset1190","Missense","Neutral to the CD25 cell surface activation marker expression in CD4⁺ T cell","CD25 cell surface activation marker expression","4","Functionally normal","","","NA","CRISPR-Based Genome Editing","Base editing","38093011"
"NM_002524.5(NRAS):c.304C>T (p.Arg102Ter)","chr1","114709715","G/A","NRAS","0.036","dataset1190","Nonsense","Neutral to the CD25 cell surface activation marker expression in CD4⁺ T cell","CD25 cell surface activation marker expression","4","Functionally normal","Uncertain significance","3.10052e-06","blca:0.2% (1/411):0.110","CRISPR-Based Genome Editing","Base editing","38093011"
"NM_002524.5(NRAS):c.303G>A (p.Lys101=)","chr1","114709716","C/T","NRAS","0.036","dataset1190","Synonymous","Neutral to the CD25 cell surface activation marker expression in CD4⁺ T cell","CD25 cell surface activation marker expression","4","Functionally normal","","","NA","CRISPR-Based Genome Editing","Base editing","38093011"
"NM_002524.5(NRAS):c.302A>G (p.Lys101Arg)","chr1","114709717","T/C","NRAS","0.123","dataset1190","Missense","Neutral to the CD25 cell surface activation marker expression in CD4⁺ T cell","CD25 cell surface activation marker expression","4","Functionally normal","","","NA","CRISPR-Based Genome Editing","Base editing","38093011"
"NM_002524.5(NRAS):c.301A>G (p.Lys101Glu)","chr1","114709718","T/C","NRAS","0.123","dataset1190","Missense","Neutral to the CD25 cell surface activation marker expression in CD4⁺ T cell","CD25 cell surface activation marker expression","4","Functionally normal","","","NA","CRISPR-Based Genome Editing","Base editing","38093011"
"NM_002524.5(NRAS):c.300T>C (p.Ile100=)","chr1","114709719","A/G","NRAS","0.073","dataset1190","Synonymous","Neutral to the CD25 cell surface activation marker expression in CD4⁺ T cell","CD25 cell surface activation marker expression","4","Functionally normal","","","NA","CRISPR-Based Genome Editing","Base editing","38093011"
"NM_002524.5(NRAS):c.299T>C (p.Ile100Thr)","chr1","114709720","A/G","NRAS","0.073","dataset1190","Missense","Neutral to the CD25 cell surface activation marker expression in CD4⁺ T cell","CD25 cell surface activation marker expression","4","Functionally normal","Uncertain significance","4.96027e-06","NA","CRISPR-Based Genome Editing","Base editing","38093011"
"NM_002524.5(NRAS):c.297G>A (p.Gln99=)","chr1","114709722","C/T","NRAS","0.036","dataset1190","Synonymous","Neutral to the CD25 cell surface activation marker expression in CD4⁺ T cell","CD25 cell surface activation marker expression","4","Functionally normal","","","NA","CRISPR-Based Genome Editing","Base editing","38093011"
"NM_002524.5(NRAS):c.294G>A (p.Glu98=)","chr1","114709725","C/T","NRAS","0.036","dataset1190","Synonymous","Neutral to the CD25 cell surface activation marker expression in CD4⁺ T cell","CD25 cell surface activation marker expression","4","Functionally normal","","","NA","CRISPR-Based Genome Editing","Base editing","38093011"
"NM_002524.5(NRAS):c.292G>A (p.Glu98Lys)","chr1","114709727","C/T","NRAS","0.036","dataset1190","Missense","Neutral to the CD25 cell surface activation marker expression in CD4⁺ T cell","CD25 cell surface activation marker expression","4","Functionally normal","","","NA","CRISPR-Based Genome Editing","Base editing","38093011"
"NM_002524.5(NRAS):c.291G>A (p.Arg97=)","chr1","114709728","C/T","NRAS","0.036","dataset1190","Splice site","Neutral to the CD25 cell surface activation marker expression in CD4⁺ T cell","CD25 cell surface activation marker expression","4","Functionally normal","","","NA","CRISPR-Based Genome Editing","Base editing","38093011"
"NM_002524.5(NRAS):c.288C>T (p.Tyr96=)","chr1","114713802","G/A","NRAS","0.057","dataset1190","Splice site","Neutral to the CD25 cell surface activation marker expression in CD4⁺ T cell","CD25 cell surface activation marker expression","4","Functionally normal","","","NA","CRISPR-Based Genome Editing","Base editing","38093011"
"NM_002524.5(NRAS):c.285C>T (p.Leu95=)","chr1","114713805","G/A","NRAS","0.057","dataset1190","Synonymous","Neutral to the CD25 cell surface activation marker expression in CD4⁺ T cell","CD25 cell surface activation marker expression","4","Functionally normal","","6.19967e-07","NA","CRISPR-Based Genome Editing","Base editing","38093011"
"NM_002524.5(NRAS):c.283C>T (p.Leu95Phe)","chr1","114713807","G/A","NRAS","0.057","dataset1190","Missense","Neutral to the CD25 cell surface activation marker expression in CD4⁺ T cell","CD25 cell surface activation marker expression","4","Functionally normal","Uncertain significance","2.47946e-06","NA","CRISPR-Based Genome Editing","Base editing","38093011"
"NM_002524.5(NRAS):c.282C>T (p.Asn94=)","chr1","114713808","G/A","NRAS","0.057","dataset1190","Synonymous","Neutral to the CD25 cell surface activation marker expression in CD4⁺ T cell","CD25 cell surface activation marker expression","4","Functionally normal","","","NA","CRISPR-Based Genome Editing","Base editing","38093011"
"NM_002524.5(NRAS):c.281A>G (p.Asn94Ser)","chr1","114713809","T/C","NRAS","-0.07","dataset1190","Missense","Neutral to the CD25 cell surface activation marker expression in CD4⁺ T cell","CD25 cell surface activation marker expression","4","Functionally normal","","","NA","CRISPR-Based Genome Editing","Base editing","38093011"
"NM_002524.5(NRAS):c.280A>G (p.Asn94Asp)","chr1","114713810","T/C","NRAS","-0.07","dataset1190","Missense","Neutral to the CD25 cell surface activation marker expression in CD4⁺ T cell","CD25 cell surface activation marker expression","4","Functionally normal","","","NA","CRISPR-Based Genome Editing","Base editing","38093011"
"NM_002524.5(NRAS):c.275A>G (p.Asp92Gly)","chr1","114713815","T/C","NRAS","0.021","dataset1190","Missense","Neutral to the CD25 cell surface activation marker expression in CD4⁺ T cell","CD25 cell surface activation marker expression","4","Functionally normal","","","NA","CRISPR-Based Genome Editing","Base editing","38093011"
"NM_002524.5(NRAS):c.272C>T (p.Ala91Val)","chr1","114713818","G/A","NRAS","0.076","dataset1190","Missense","Neutral to the CD25 cell surface activation marker expression in CD4⁺ T cell","CD25 cell surface activation marker expression","4","Functionally normal","Uncertain significance","1.3014e-05","NA","CRISPR-Based Genome Editing","Base editing","38093011"
"NM_002524.5(NRAS):c.268T>C (p.Phe90Leu)","chr1","114713822","A/G","NRAS","0.113","dataset1190","Missense","Neutral to the CD25 cell surface activation marker expression in CD4⁺ T cell","CD25 cell surface activation marker expression","4","Functionally normal","Conflicting classifications of pathogenicity","","NA","CRISPR-Based Genome Editing","Base editing","38093011"
"NM_002524.5(NRAS):c.265T>C (p.Ser89Pro)","chr1","114713825","A/G","NRAS","0.113","dataset1190","Missense","Neutral to the CD25 cell surface activation marker expression in CD4⁺ T cell","CD25 cell surface activation marker expression","4","Functionally normal","","","NA","CRISPR-Based Genome Editing","Base editing","38093011"
"NM_002524.5(NRAS):c.264G>A (p.Lys88=)","chr1","114713826","C/T","NRAS","0.029","dataset1190","Synonymous","Neutral to the CD25 cell surface activation marker expression in CD4⁺ T cell","CD25 cell surface activation marker expression","4","Functionally normal","Likely benign","","NA","CRISPR-Based Genome Editing","Base editing","38093011"
"NM_002524.5(NRAS):c.261C>T (p.Ser87=)","chr1","114713829","G/A","NRAS","-0.046","dataset1190","Synonymous","Neutral to the CD25 cell surface activation marker expression in CD4⁺ T cell","CD25 cell surface activation marker expression","4","Functionally normal","","","NA","CRISPR-Based Genome Editing","Base editing","38093011"
"NM_002524.5(NRAS):c.260G>A (p.Ser87Asn)","chr1","114713830","C/T","NRAS","0.029","dataset1190","Missense","Neutral to the CD25 cell surface activation marker expression in CD4⁺ T cell","CD25 cell surface activation marker expression","4","Functionally normal","Uncertain significance","1.23911e-06","ov:0.2% (1/585):0.270","CRISPR-Based Genome Editing","Base editing","38093011"
"NM_002524.5(NRAS):c.259A>G (p.Ser87Gly)","chr1","114713831","T/C","NRAS","-0.207","dataset1190","Missense","The diminished CD25 cell surface activation marker expression in CD4⁺ T cell","CD25 cell surface activation marker expression","4","Loss-of-function","","","NA","CRISPR-Based Genome Editing","Base editing","38093011"
"NM_002524.5(NRAS):c.257A>G (p.Asn86Ser)","chr1","114713833","T/C","NRAS","-0.207","dataset1190","Missense","The diminished CD25 cell surface activation marker expression in CD4⁺ T cell","CD25 cell surface activation marker expression","4","Loss-of-function","","","NA","CRISPR-Based Genome Editing","Base editing","38093011"
"NM_002524.5(NRAS):c.256A>G (p.Asn86Asp)","chr1","114713834","T/C","NRAS","-0.207","dataset1190","Missense","The diminished CD25 cell surface activation marker expression in CD4⁺ T cell","CD25 cell surface activation marker expression","4","Loss-of-function","","","NA","CRISPR-Based Genome Editing","Base editing","38093011"
"NM_002524.5(NRAS):c.254A>G (p.Asn85Ser)","chr1","114713836","T/C","NRAS","-0.207","dataset1190","Missense","The diminished CD25 cell surface activation marker expression in CD4⁺ T cell","CD25 cell surface activation marker expression","4","Loss-of-function","Uncertain significance","3.71717e-06","lihc:0.3% (1/372):0.280","CRISPR-Based Genome Editing","Base editing","38093011"
"NM_002524.5(NRAS):c.252C>T (p.Ile84=)","chr1","114713838","G/A","NRAS","-0.046","dataset1190","Synonymous","Neutral to the CD25 cell surface activation marker expression in CD4⁺ T cell","CD25 cell surface activation marker expression","4","Functionally normal","Likely benign","","NA","CRISPR-Based Genome Editing","Base editing","38093011"
"NM_002524.5(NRAS):c.251T>C (p.Ile84Thr)","chr1","114713839","A/G","NRAS","-0.023","dataset1190","Missense","Neutral to the CD25 cell surface activation marker expression in CD4⁺ T cell","CD25 cell surface activation marker expression","4","Functionally normal","","","NA","CRISPR-Based Genome Editing","Base editing","38093011"
"NM_002524.5(NRAS):c.247G>A (p.Ala83Thr)","chr1","114713843","C/T","NRAS","-0.014","dataset1190","Missense","Neutral to the CD25 cell surface activation marker expression in CD4⁺ T cell","CD25 cell surface activation marker expression","4","Functionally normal","","","NA","CRISPR-Based Genome Editing","Base editing","38093011"
"NM_002524.5(NRAS):c.229G>A (p.Gly77Ser)","chr1","114713861","C/T","NRAS","0.078","dataset1190","Missense","Neutral to the CD25 cell surface activation marker expression in CD4⁺ T cell","CD25 cell surface activation marker expression","4","Functionally normal","","","NA","CRISPR-Based Genome Editing","Base editing","38093011"
"NM_002524.5(NRAS):c.226G>A (p.Glu76Lys)","chr1","114713864","C/T","NRAS","0.078","dataset1190","Missense","Neutral to the CD25 cell surface activation marker expression in CD4⁺ T cell","CD25 cell surface activation marker expression","4","Functionally normal","","4.33757e-06","coad:0.2% (1/439):0.320","CRISPR-Based Genome Editing","Base editing","38093011"
"NM_002524.5(NRAS):c.224G>A (p.Gly75Asp)","chr1","114713866","C/T","NRAS","0.078","dataset1190","Missense","Neutral to the CD25 cell surface activation marker expression in CD4⁺ T cell","CD25 cell surface activation marker expression","4","Functionally normal","","","NA","CRISPR-Based Genome Editing","Base editing","38093011"
"NM_002524.5(NRAS):c.223G>A (p.Gly75Ser)","chr1","114713867","C/T","NRAS","0.078","dataset1190","Missense","Neutral to the CD25 cell surface activation marker expression in CD4⁺ T cell","CD25 cell surface activation marker expression","4","Functionally normal","","","NA","CRISPR-Based Genome Editing","Base editing","38093011"
"NM_002524.5(NRAS):c.219G>A (p.Arg73=)","chr1","114713871","C/T","NRAS","0.07","dataset1190","Synonymous","Neutral to the CD25 cell surface activation marker expression in CD4⁺ T cell","CD25 cell surface activation marker expression","4","Functionally normal","","","NA","CRISPR-Based Genome Editing","Base editing","38093011"
"NM_002524.5(NRAS):c.218G>A (p.Arg73Lys)","chr1","114713872","C/T","NRAS","0.07","dataset1190","Missense","Neutral to the CD25 cell surface activation marker expression in CD4⁺ T cell","CD25 cell surface activation marker expression","4","Functionally normal","","","NA","CRISPR-Based Genome Editing","Base editing","38093011"
"NM_002524.5(NRAS):c.215T>C (p.Met72Thr)","chr1","114713875","A/G","NRAS","-0.173","dataset1190","Missense","Neutral to the CD25 cell surface activation marker expression in CD4⁺ T cell","CD25 cell surface activation marker expression","4","Functionally normal","","","NA","CRISPR-Based Genome Editing","Base editing","38093011"
"NM_002524.5(NRAS):c.214A>G (p.Met72Val)","chr1","114713876","T/C","NRAS","-0.093","dataset1190","Missense","Neutral to the CD25 cell surface activation marker expression in CD4⁺ T cell","CD25 cell surface activation marker expression","4","Functionally normal","","","NA","CRISPR-Based Genome Editing","Base editing","38093011"
"NM_002524.5(NRAS):c.213C>T (p.Tyr71=)","chr1","114713877","G/A","NRAS","-0.092","dataset1190","Synonymous","Neutral to the CD25 cell surface activation marker expression in CD4⁺ T cell","CD25 cell surface activation marker expression","4","Functionally normal","","","NA","CRISPR-Based Genome Editing","Base editing","38093011"
"NM_002524.5(NRAS):c.212A>G (p.Tyr71Cys)","chr1","114713878","T/C","NRAS","-0.093","dataset1190","Missense","Neutral to the CD25 cell surface activation marker expression in CD4⁺ T cell","CD25 cell surface activation marker expression","4","Functionally normal","","","NA","CRISPR-Based Genome Editing","Base editing","38093011"
"NM_002524.5(NRAS):c.210A>G (p.Gln70=)","chr1","114713880","T/C","NRAS","-0.093","dataset1190","Synonymous","Neutral to the CD25 cell surface activation marker expression in CD4⁺ T cell","CD25 cell surface activation marker expression","4","Functionally normal","","","NA","CRISPR-Based Genome Editing","Base editing","38093011"
"NM_002524.5(NRAS):c.209A>G (p.Gln70Arg)","chr1","114713881","T/C","NRAS","0.101","dataset1190","Missense","Neutral to the CD25 cell surface activation marker expression in CD4⁺ T cell","CD25 cell surface activation marker expression","4","Functionally normal","","","NA","CRISPR-Based Genome Editing","Base editing","38093011"
"NM_002524.5(NRAS):c.208C>T (p.Gln70Ter)","chr1","114713882","G/A","NRAS","0.18","dataset1190","Nonsense","Neutral to the CD25 cell surface activation marker expression in CD4⁺ T cell","CD25 cell surface activation marker expression","4","Functionally normal","","","NA","CRISPR-Based Genome Editing","Base editing","38093011"
"NM_002524.5(NRAS):c.207C>T (p.Asp69=)","chr1","114713883","G/A","NRAS","-0.122","dataset1190","Synonymous","Neutral to the CD25 cell surface activation marker expression in CD4⁺ T cell","CD25 cell surface activation marker expression","4","Functionally normal","","","NA","CRISPR-Based Genome Editing","Base editing","38093011"
"NM_002524.5(NRAS):c.206A>G (p.Asp69Gly)","chr1","114713884","T/C","NRAS","0.101","dataset1190","Missense","Neutral to the CD25 cell surface activation marker expression in CD4⁺ T cell","CD25 cell surface activation marker expression","4","Functionally normal","","","NA","CRISPR-Based Genome Editing","Base editing","38093011"
"NM_002524.5(NRAS):c.204A>G (p.Arg68=)","chr1","114713886","T/C","NRAS","-0.14","dataset1190","Synonymous","Neutral to the CD25 cell surface activation marker expression in CD4⁺ T cell","CD25 cell surface activation marker expression","4","Functionally normal","","","NA","CRISPR-Based Genome Editing","Base editing","38093011"
"NM_002524.5(NRAS):c.169G>A (p.Asp57Asn)","chr1","114713921","C/T","NRAS","0.078","dataset1190","Missense","Neutral to the CD25 cell surface activation marker expression in CD4⁺ T cell","CD25 cell surface activation marker expression","4","Functionally normal","","6.20898e-07","NA","CRISPR-Based Genome Editing","Base editing","38093011"
"NM_002524.5(NRAS):c.168G>A (p.Leu56=)","chr1","114713922","C/T","NRAS","0.078","dataset1190","Synonymous","Neutral to the CD25 cell surface activation marker expression in CD4⁺ T cell","CD25 cell surface activation marker expression","4","Functionally normal","","","NA","CRISPR-Based Genome Editing","Base editing","38093011"
"NM_002524.5(NRAS):c.167T>C (p.Leu56Pro)","chr1","114713923","A/G","NRAS","0.018","dataset1190","Missense","Neutral to the CD25 cell surface activation marker expression in CD4⁺ T cell","CD25 cell surface activation marker expression","4","Functionally normal","","","NA","CRISPR-Based Genome Editing","Base editing","38093011"
"NM_002524.5(NRAS):c.166C>T (p.Leu56=)","chr1","114713924","G/A","NRAS","0.019","dataset1190","Synonymous","Neutral to the CD25 cell surface activation marker expression in CD4⁺ T cell","CD25 cell surface activation marker expression","4","Functionally normal","Likely benign","1.91199e-06","NA","CRISPR-Based Genome Editing","Base editing","38093011"
"NM_002524.5(NRAS):c.164T>C (p.Ile55Thr)","chr1","114713926","A/G","NRAS","0.018","dataset1190","Missense","Neutral to the CD25 cell surface activation marker expression in CD4⁺ T cell","CD25 cell surface activation marker expression","4","Functionally normal","Uncertain significance","","NA","CRISPR-Based Genome Editing","Base editing","38093011"
"NM_002524.5(NRAS):c.163A>G (p.Ile55Val)","chr1","114713927","T/C","NRAS","0.008","dataset1190","Missense","Neutral to the CD25 cell surface activation marker expression in CD4⁺ T cell","CD25 cell surface activation marker expression","4","Functionally normal","","","NA","CRISPR-Based Genome Editing","Base editing","38093011"
"NM_002524.5(NRAS):c.162C>T (p.Asp54=)","chr1","114713928","G/A","NRAS","0.019","dataset1190","Synonymous","Neutral to the CD25 cell surface activation marker expression in CD4⁺ T cell","CD25 cell surface activation marker expression","4","Functionally normal","","6.22752e-07","NA","CRISPR-Based Genome Editing","Base editing","38093011"
"NM_002524.5(NRAS):c.161A>G (p.Asp54Gly)","chr1","114713929","T/C","NRAS","0.008","dataset1190","Missense","Neutral to the CD25 cell surface activation marker expression in CD4⁺ T cell","CD25 cell surface activation marker expression","4","Functionally normal","","","NA","CRISPR-Based Genome Editing","Base editing","38093011"
"NM_002524.5(NRAS):c.160G>A (p.Asp54Asn)","chr1","114713930","C/T","NRAS","0.078","dataset1190","Missense","Neutral to the CD25 cell surface activation marker expression in CD4⁺ T cell","CD25 cell surface activation marker expression","4","Functionally normal","","","NA","CRISPR-Based Genome Editing","Base editing","38093011"
"NM_002524.5(NRAS):c.159G>A (p.Leu53=)","chr1","114713931","C/T","NRAS","0.078","dataset1190","Synonymous","Neutral to the CD25 cell surface activation marker expression in CD4⁺ T cell","CD25 cell surface activation marker expression","4","Functionally normal","Benign","1.77303e-05","NA","CRISPR-Based Genome Editing","Base editing","38093011"
"NM_002524.5(NRAS):c.150C>T (p.Thr50=)","chr1","114713940","G/A","NRAS","0.068","dataset1190","Synonymous","Neutral to the CD25 cell surface activation marker expression in CD4⁺ T cell","CD25 cell surface activation marker expression","4","Functionally normal","","","NA","CRISPR-Based Genome Editing","Base editing","38093011"
"NM_002524.5(NRAS):c.149C>T (p.Thr50Ile)","chr1","114713941","G/A","NRAS","0.068","dataset1190","Missense","Neutral to the CD25 cell surface activation marker expression in CD4⁺ T cell","CD25 cell surface activation marker expression","4","Functionally normal","Pathogenic","6.6116e-07","NA","CRISPR-Based Genome Editing","Base editing","38093011"
"NM_002524.5(NRAS):c.140A>G (p.Asp47Gly)","chr1","114713950","T/C","NRAS","0.087","dataset1190","Missense","Neutral to the CD25 cell surface activation marker expression in CD4⁺ T cell","CD25 cell surface activation marker expression","4","Functionally normal","Uncertain significance","","NA","CRISPR-Based Genome Editing","Base editing","38093011"
"NM_002524.5(NRAS):c.130G>A (p.Val44Met)","chr1","114713960","C/T","NRAS","-0.065","dataset1190","Missense","Neutral to the CD25 cell surface activation marker expression in CD4⁺ T cell","CD25 cell surface activation marker expression","4","Functionally normal","","3.21835e-06","NA","CRISPR-Based Genome Editing","Base editing","38093011"
"NM_002524.5(NRAS):c.128A>G (p.Gln43Arg)","chr1","114713962","T/C","NRAS","0.049","dataset1190","Missense","Neutral to the CD25 cell surface activation marker expression in CD4⁺ T cell","CD25 cell surface activation marker expression","4","Functionally normal","","","NA","CRISPR-Based Genome Editing","Base editing","38093011"
"NM_002524.5(NRAS):c.127C>T (p.Gln43Ter)","chr1","114713963","G/A","NRAS","-0.061","dataset1190","Nonsense","Neutral to the CD25 cell surface activation marker expression in CD4⁺ T cell","CD25 cell surface activation marker expression","4","Functionally normal","","","NA","CRISPR-Based Genome Editing","Base editing","38093011"
"NM_002524.5(NRAS):c.126A>G (p.Lys42=)","chr1","114713964","T/C","NRAS","0.049","dataset1190","Synonymous","Neutral to the CD25 cell surface activation marker expression in CD4⁺ T cell","CD25 cell surface activation marker expression","4","Functionally normal","","6.25023e-07","NA","CRISPR-Based Genome Editing","Base editing","38093011"
"NM_002524.5(NRAS):c.125A>G (p.Lys42Arg)","chr1","114713965","T/C","NRAS","0.049","dataset1190","Missense","Neutral to the CD25 cell surface activation marker expression in CD4⁺ T cell","CD25 cell surface activation marker expression","4","Functionally normal","","","NA","CRISPR-Based Genome Editing","Base editing","38093011"
"NM_002524.5(NRAS):c.124A>G (p.Lys42Glu)","chr1","114713966","T/C","NRAS","0.049","dataset1190","Missense","Neutral to the CD25 cell surface activation marker expression in CD4⁺ T cell","CD25 cell surface activation marker expression","4","Functionally normal","","","NA","CRISPR-Based Genome Editing","Base editing","38093011"
"NM_002524.5(NRAS):c.123A>G (p.Arg41=)","chr1","114713967","T/C","NRAS","0.049","dataset1190","Synonymous","Neutral to the CD25 cell surface activation marker expression in CD4⁺ T cell","CD25 cell surface activation marker expression","4","Functionally normal","","","NA","CRISPR-Based Genome Editing","Base editing","38093011"
"NM_002524.5(NRAS):c.122G>A (p.Arg41Lys)","chr1","114713968","C/T","NRAS","0.082","dataset1190","Missense","Neutral to the CD25 cell surface activation marker expression in CD4⁺ T cell","CD25 cell surface activation marker expression","4","Functionally normal","","5.1667e-06","NA","CRISPR-Based Genome Editing","Base editing","38093011"
"NM_002524.5(NRAS):c.120C>T (p.Tyr40=)","chr1","114713970","G/A","NRAS","0.116","dataset1190","Synonymous","Neutral to the CD25 cell surface activation marker expression in CD4⁺ T cell","CD25 cell surface activation marker expression","4","Functionally normal","","0","NA","CRISPR-Based Genome Editing","Base editing","38093011"
"NM_002524.5(NRAS):c.118T>C (p.Tyr40His)","chr1","114713972","A/G","NRAS","-0.077","dataset1190","Missense","Neutral to the CD25 cell surface activation marker expression in CD4⁺ T cell","CD25 cell surface activation marker expression","4","Functionally normal","","","NA","CRISPR-Based Genome Editing","Base editing","38093011"
"NM_002524.5(NRAS):c.117T>C (p.Ser39=)","chr1","114713973","A/G","NRAS","-0.048","dataset1190","Synonymous","Neutral to the CD25 cell surface activation marker expression in CD4⁺ T cell","CD25 cell surface activation marker expression","4","Functionally normal","","","NA","CRISPR-Based Genome Editing","Base editing","38093011"
"NM_002524.5(NRAS):c.116C>T (p.Ser39Phe)","chr1","114713974","G/A","NRAS","0.116","dataset1190","Missense","Neutral to the CD25 cell surface activation marker expression in CD4⁺ T cell","CD25 cell surface activation marker expression","4","Functionally normal","","8.63788e-07","NA","CRISPR-Based Genome Editing","Base editing","38093011"
"NM_002524.5(NRAS):c.115T>C (p.Ser39Pro)","chr1","114713975","A/G","NRAS","0.039","dataset1190","Missense","Neutral to the CD25 cell surface activation marker expression in CD4⁺ T cell","CD25 cell surface activation marker expression","4","Functionally normal","","","NA","CRISPR-Based Genome Editing","Base editing","38093011"
"NM_002524.5(NRAS):c.113A>G (p.Asp38Gly)","chr1","114713977","T/C","NRAS","-0.099","dataset1190","Missense","Neutral to the CD25 cell surface activation marker expression in CD4⁺ T cell","CD25 cell surface activation marker expression","4","Functionally normal","","0","NA","CRISPR-Based Genome Editing","Base editing","38093011"
"NM_002524.5(NRAS):c.112G>A (p.Asp38Asn)","chr1","114713978","C/T","NRAS","0.001","dataset1190","Missense","Neutral to the CD25 cell surface activation marker expression in CD4⁺ T cell","CD25 cell surface activation marker expression","4","Functionally normal","","0","NA","CRISPR-Based Genome Editing","Base editing","38093011"
"NM_002524.5(NRAS):c.111G>A (p.Glu37=)","chr1","114716050","C/T","NRAS","0.017","dataset1190","Splice site","Neutral to the CD25 cell surface activation marker expression in CD4⁺ T cell","CD25 cell surface activation marker expression","4","Functionally normal","","","NA","CRISPR-Based Genome Editing","Base editing","38093011"
"NM_002524.5(NRAS):c.110A>G (p.Glu37Gly)","chr1","114716051","T/C","NRAS","-0.037","dataset1190","Missense","Neutral to the CD25 cell surface activation marker expression in CD4⁺ T cell","CD25 cell surface activation marker expression","4","Functionally normal","","","NA","CRISPR-Based Genome Editing","Base editing","38093011"
"NM_002524.5(NRAS):c.108A>G (p.Ile36Met)","chr1","114716053","T/C","NRAS","-0.037","dataset1190","Missense","Neutral to the CD25 cell surface activation marker expression in CD4⁺ T cell","CD25 cell surface activation marker expression","4","Functionally normal","Likely pathogenic","","NA","CRISPR-Based Genome Editing","Base editing","38093011"
"NM_002524.5(NRAS):c.106A>G (p.Ile36Val)","chr1","114716055","T/C","NRAS","-0.037","dataset1190","Missense","Neutral to the CD25 cell surface activation marker expression in CD4⁺ T cell","CD25 cell surface activation marker expression","4","Functionally normal","","","NA","CRISPR-Based Genome Editing","Base editing","38093011"
"NM_002524.5(NRAS):c.105C>T (p.Thr35=)","chr1","114716056","G/A","NRAS","-0.04","dataset1190","Synonymous","Neutral to the CD25 cell surface activation marker expression in CD4⁺ T cell","CD25 cell surface activation marker expression","4","Functionally normal","","","NA","CRISPR-Based Genome Editing","Base editing","38093011"
"NM_002524.5(NRAS):c.104C>T (p.Thr35Ile)","chr1","114716057","G/A","NRAS","-0.04","dataset1190","Missense","Neutral to the CD25 cell surface activation marker expression in CD4⁺ T cell","CD25 cell surface activation marker expression","4","Functionally normal","","6.23141e-07","NA","CRISPR-Based Genome Editing","Base editing","38093011"
"NM_002524.5(NRAS):c.102C>T (p.Pro34=)","chr1","114716059","G/A","NRAS","0.094","dataset1190","Synonymous","Neutral to the CD25 cell surface activation marker expression in CD4⁺ T cell","CD25 cell surface activation marker expression","4","Functionally normal","","","NA","CRISPR-Based Genome Editing","Base editing","38093011"
"NM_002524.5(NRAS):c.101C>T (p.Pro34Leu)","chr1","114716060","G/A","NRAS","0.094","dataset1190","Missense","Neutral to the CD25 cell surface activation marker expression in CD4⁺ T cell","CD25 cell surface activation marker expression","4","Functionally normal","Pathogenic","","skcm:0.2% (1/448):0.960","CRISPR-Based Genome Editing","Base editing","38093011"
"NM_002524.5(NRAS):c.100C>T (p.Pro34Ser)","chr1","114716061","G/A","NRAS","0.094","dataset1190","Missense","Neutral to the CD25 cell surface activation marker expression in CD4⁺ T cell","CD25 cell surface activation marker expression","4","Functionally normal","","","NA","CRISPR-Based Genome Editing","Base editing","38093011"
"NM_002524.5(NRAS):c.98A>G (p.Asp33Gly)","chr1","114716063","T/C","NRAS","-0.225","dataset1190","Missense","The diminished CD25 cell surface activation marker expression in CD4⁺ T cell","CD25 cell surface activation marker expression","4","Loss-of-function","","","NA","CRISPR-Based Genome Editing","Base editing","38093011"
"NM_002524.5(NRAS):c.97G>A (p.Asp33Asn)","chr1","114716064","C/T","NRAS","0.066","dataset1190","Missense","Neutral to the CD25 cell surface activation marker expression in CD4⁺ T cell","CD25 cell surface activation marker expression","4","Functionally normal","","","NA","CRISPR-Based Genome Editing","Base editing","38093011"
"NM_002524.5(NRAS):c.96T>C (p.Tyr32=)","chr1","114716065","A/G","NRAS","-0.066","dataset1190","Synonymous","Neutral to the CD25 cell surface activation marker expression in CD4⁺ T cell","CD25 cell surface activation marker expression","4","Functionally normal","","1.24195e-06","NA","CRISPR-Based Genome Editing","Base editing","38093011"
"NM_002524.5(NRAS):c.95A>G (p.Tyr32Cys)","chr1","114716066","T/C","NRAS","-0.271","dataset1190","Missense","The diminished CD25 cell surface activation marker expression in CD4⁺ T cell","CD25 cell surface activation marker expression","4","Loss-of-function","","","NA","CRISPR-Based Genome Editing","Base editing","38093011"
"NM_002524.5(NRAS):c.94T>C (p.Tyr32His)","chr1","114716067","A/G","NRAS","-0.066","dataset1190","Missense","Neutral to the CD25 cell surface activation marker expression in CD4⁺ T cell","CD25 cell surface activation marker expression","4","Functionally normal","","","NA","CRISPR-Based Genome Editing","Base editing","38093011"
"NM_002524.5(NRAS):c.93A>G (p.Glu31=)","chr1","114716068","T/C","NRAS","-0.271","dataset1190","Synonymous","The diminished CD25 cell surface activation marker expression in CD4⁺ T cell","CD25 cell surface activation marker expression","4","Loss-of-function","","6.2055e-07","NA","CRISPR-Based Genome Editing","Base editing","38093011"
"NM_002524.5(NRAS):c.92A>G (p.Glu31Gly)","chr1","114716069","T/C","NRAS","-0.271","dataset1190","Missense","The diminished CD25 cell surface activation marker expression in CD4⁺ T cell","CD25 cell surface activation marker expression","4","Loss-of-function","","","NA","CRISPR-Based Genome Editing","Base editing","38093011"
"NM_002524.5(NRAS):c.91G>A (p.Glu31Lys)","chr1","114716070","C/T","NRAS","0.063","dataset1190","Missense","Neutral to the CD25 cell surface activation marker expression in CD4⁺ T cell","CD25 cell surface activation marker expression","4","Functionally normal","","","NA","CRISPR-Based Genome Editing","Base editing","38093011"
"NM_002524.5(NRAS):c.90T>C (p.Asp30=)","chr1","114716071","A/G","NRAS","0.083","dataset1190","Synonymous","Neutral to the CD25 cell surface activation marker expression in CD4⁺ T cell","CD25 cell surface activation marker expression","4","Functionally normal","","","NA","CRISPR-Based Genome Editing","Base editing","38093011"
"NM_002524.5(NRAS):c.88G>A (p.Asp30Asn)","chr1","114716073","C/T","NRAS","0.063","dataset1190","Missense","Neutral to the CD25 cell surface activation marker expression in CD4⁺ T cell","CD25 cell surface activation marker expression","4","Functionally normal","Uncertain significance","","NA","CRISPR-Based Genome Editing","Base editing","38093011"
"NM_002524.5(NRAS):c.85G>A (p.Val29Ile)","chr1","114716076","C/T","NRAS","-0.039","dataset1190","Missense","Neutral to the CD25 cell surface activation marker expression in CD4⁺ T cell","CD25 cell surface activation marker expression","4","Functionally normal","Uncertain significance","1.85949e-06","NA","CRISPR-Based Genome Editing","Base editing","38093011"
"NM_002524.5(NRAS):c.83T>C (p.Phe28Ser)","chr1","114716078","A/G","NRAS","-0.045","dataset1190","Missense","Neutral to the CD25 cell surface activation marker expression in CD4⁺ T cell","CD25 cell surface activation marker expression","4","Functionally normal","","","NA","CRISPR-Based Genome Editing","Base editing","38093011"
"NM_002524.5(NRAS):c.82T>C (p.Phe28Leu)","chr1","114716079","A/G","NRAS","-0.045","dataset1190","Missense","Neutral to the CD25 cell surface activation marker expression in CD4⁺ T cell","CD25 cell surface activation marker expression","4","Functionally normal","","","NA","CRISPR-Based Genome Editing","Base editing","38093011"
"NM_002524.5(NRAS):c.32C>T (p.Ala11Val)","chr1","114716129","G/A","NRAS","0.007","dataset1190","Missense","Neutral to the CD25 cell surface activation marker expression in CD4⁺ T cell","CD25 cell surface activation marker expression","4","Functionally normal","","","NA","CRISPR-Based Genome Editing","Base editing","38093011"
"NM_002524.5(NRAS):c.30A>G (p.Gly10=)","chr1","114716131","T/C","NRAS","-0.045","dataset1190","Synonymous","Neutral to the CD25 cell surface activation marker expression in CD4⁺ T cell","CD25 cell surface activation marker expression","3","Functionally normal","","","NA","CRISPR-Based Genome Editing","Base editing","38093011"
"NM_002524.5(NRAS):c.16C>T (p.Leu6=)","chr1","114716145","G/A","NRAS","0.062","dataset1190","Synonymous","Neutral to the CD25 cell surface activation marker expression in CD4⁺ T cell","CD25 cell surface activation marker expression","4","Functionally normal","","","NA","CRISPR-Based Genome Editing","Base editing","38093011"
"NM_002524.5(NRAS):c.15A>G (p.Lys5=)","chr1","114716146","T/C","NRAS","0.053","dataset1190","Synonymous","Neutral to the CD25 cell surface activation marker expression in CD4⁺ T cell","CD25 cell surface activation marker expression","4","Functionally normal","","","NA","CRISPR-Based Genome Editing","Base editing","38093011"
"NM_002524.5(NRAS):c.14A>G (p.Lys5Arg)","chr1","114716147","T/C","NRAS","0.126","dataset1190","Missense","Neutral to the CD25 cell surface activation marker expression in CD4⁺ T cell","CD25 cell surface activation marker expression","4","Functionally normal","","","NA","CRISPR-Based Genome Editing","Base editing","38093011"
"NM_002524.5(NRAS):c.13A>G (p.Lys5Glu)","chr1","114716148","T/C","NRAS","0.126","dataset1190","Missense","Neutral to the CD25 cell surface activation marker expression in CD4⁺ T cell","CD25 cell surface activation marker expression","4","Functionally normal","","","NA","CRISPR-Based Genome Editing","Base editing","38093011"
"NM_002524.5(NRAS):c.12C>T (p.Tyr4=)","chr1","114716149","G/A","NRAS","0.027","dataset1190","Synonymous","Neutral to the CD25 cell surface activation marker expression in CD4⁺ T cell","CD25 cell surface activation marker expression","4","Functionally normal","","","NA","CRISPR-Based Genome Editing","Base editing","38093011"
"NM_002524.5(NRAS):c.11A>G (p.Tyr4Cys)","chr1","114716150","T/C","NRAS","0.126","dataset1190","Missense","Neutral to the CD25 cell surface activation marker expression in CD4⁺ T cell","CD25 cell surface activation marker expression","4","Functionally normal","","","NA","CRISPR-Based Genome Editing","Base editing","38093011"
"NM_002524.5(NRAS):c.8A>G (p.Glu3Gly)","chr1","114716153","T/C","NRAS","0.039","dataset1190","Missense","Neutral to the CD25 cell surface activation marker expression in CD4⁺ T cell","CD25 cell surface activation marker expression","4","Functionally normal","","","NA","CRISPR-Based Genome Editing","Base editing","38093011"
"NM_002524.5(NRAS):c.5C>T (p.Thr2Ile)","chr1","114716156","G/A","NRAS","0.104","dataset1190","Missense","Neutral to the CD25 cell surface activation marker expression in CD4⁺ T cell","CD25 cell surface activation marker expression","4","Functionally normal","Uncertain significance","","NA","CRISPR-Based Genome Editing","Base editing","38093011"
"NM_002524.5(NRAS):c.4A>G (p.Thr2Ala)","chr1","114716157","T/C","NRAS","0.014","dataset1190","Missense","Neutral to the CD25 cell surface activation marker expression in CD4⁺ T cell","CD25 cell surface activation marker expression","4","Functionally normal","Uncertain significance","","NA","CRISPR-Based Genome Editing","Base editing","38093011"
"NM_002524.5(NRAS):c.1A>G (p.Met1?)","chr1","114716160","T/C","NRAS","-0.073","dataset1190","Start_lost","Neutral to the CD25 cell surface activation marker expression in CD4⁺ T cell","CD25 cell surface activation marker expression","4","Functionally normal","","6.22117e-07","NA","CRISPR-Based Genome Editing","Base editing","38093011"
"NM_002524.5(NRAS):c.567G>A (p.Met189Ile)","chr1","114708538","C/T","NRAS","0.119","dataset1191","Missense","Neutral to the IFNG cytokine expression in CD4⁺ T cell","IFNG cytokine expression","4","Functionally normal","","3.71753e-06","NA","CRISPR-Based Genome Editing","Base editing","38093011"
"NM_002524.5(NRAS):c.564G>A (p.Val188=)","chr1","114708541","C/T","NRAS","0.119","dataset1191","Synonymous","Neutral to the IFNG cytokine expression in CD4⁺ T cell","IFNG cytokine expression","4","Functionally normal","","6.19605e-07","NA","CRISPR-Based Genome Editing","Base editing","38093011"
"NM_002524.5(NRAS):c.555A>G (p.Pro185=)","chr1","114708550","T/C","NRAS","-0.131","dataset1191","Synonymous","Neutral to the IFNG cytokine expression in CD4⁺ T cell","IFNG cytokine expression","4","Functionally normal","Likely benign","1.85883e-06","NA","CRISPR-Based Genome Editing","Base editing","38093011"
"NM_002524.5(NRAS):c.554C>T (p.Pro185Leu)","chr1","114708551","G/A","NRAS","0.205","dataset1191","Missense","Neutral to the IFNG cytokine expression in CD4⁺ T cell","IFNG cytokine expression","4","Functionally normal","Uncertain significance","9.2953e-06","NA","CRISPR-Based Genome Editing","Base editing","38093011"
"NM_002524.5(NRAS):c.553C>T (p.Pro185Ser)","chr1","114708552","G/A","NRAS","0.205","dataset1191","Missense","Neutral to the IFNG cytokine expression in CD4⁺ T cell","IFNG cytokine expression","4","Functionally normal","Uncertain significance","7.87087e-05","NA","CRISPR-Based Genome Editing","Base editing","38093011"
"NM_002524.5(NRAS):c.544A>G (p.Met182Val)","chr1","114708561","T/C","NRAS","-0.042","dataset1191","Missense","Neutral to the IFNG cytokine expression in CD4⁺ T cell","IFNG cytokine expression","4","Functionally normal","","1.23933e-06","NA","CRISPR-Based Genome Editing","Base editing","38093011"
"NM_002524.5(NRAS):c.535C>T (p.Gln179Ter)","chr1","114708570","G/A","NRAS","0.036","dataset1191","Nonsense","Neutral to the IFNG cytokine expression in CD4⁺ T cell","IFNG cytokine expression","4","Functionally normal","","","NA","CRISPR-Based Genome Editing","Base editing","38093011"
"NM_002524.5(NRAS):c.533C>T (p.Thr178Ile)","chr1","114708572","G/A","NRAS","0.036","dataset1191","Missense","Neutral to the IFNG cytokine expression in CD4⁺ T cell","IFNG cytokine expression","4","Functionally normal","","","NA","CRISPR-Based Genome Editing","Base editing","38093011"
"NM_002524.5(NRAS):c.532A>G (p.Thr178Ala)","chr1","114708573","T/C","NRAS","-0.085","dataset1191","Missense","Neutral to the IFNG cytokine expression in CD4⁺ T cell","IFNG cytokine expression","4","Functionally normal","","","ucec:0.2% (1/529):0.380","CRISPR-Based Genome Editing","Base editing","38093011"
"NM_002524.5(NRAS):c.527A>G (p.Asp176Gly)","chr1","114708578","T/C","NRAS","0.242","dataset1191","Missense","Neutral to the IFNG cytokine expression in CD4⁺ T cell","IFNG cytokine expression","4","Functionally normal","","","NA","CRISPR-Based Genome Editing","Base editing","38093011"
"NM_002524.5(NRAS):c.524A>G (p.Asp175Gly)","chr1","114708581","T/C","NRAS","0.028","dataset1191","Missense","Neutral to the IFNG cytokine expression in CD4⁺ T cell","IFNG cytokine expression","4","Functionally normal","","","NA","CRISPR-Based Genome Editing","Base editing","38093011"
"NM_002524.5(NRAS):c.520A>G (p.Ser174Gly)","chr1","114708585","T/C","NRAS","-0.04","dataset1191","Missense","Neutral to the IFNG cytokine expression in CD4⁺ T cell","IFNG cytokine expression","4","Functionally normal","","6.19887e-07","NA","CRISPR-Based Genome Editing","Base editing","38093011"
"NM_002524.5(NRAS):c.519C>T (p.Ser173=)","chr1","114708586","G/A","NRAS","-0.003","dataset1191","Synonymous","Neutral to the IFNG cytokine expression in CD4⁺ T cell","IFNG cytokine expression","4","Functionally normal","Likely benign","6.2005e-07","NA","CRISPR-Based Genome Editing","Base editing","38093011"
"NM_002524.5(NRAS):c.518G>A (p.Ser173Asn)","chr1","114708587","C/T","NRAS","-0.013","dataset1191","Missense","Neutral to the IFNG cytokine expression in CD4⁺ T cell","IFNG cytokine expression","4","Functionally normal","","6.20078e-07","NA","CRISPR-Based Genome Editing","Base editing","38093011"
"NM_002524.5(NRAS):c.516C>T (p.Asn172=)","chr1","114708589","G/A","NRAS","0.052","dataset1191","Synonymous","Neutral to the IFNG cytokine expression in CD4⁺ T cell","IFNG cytokine expression","4","Functionally normal","","","NA","CRISPR-Based Genome Editing","Base editing","38093011"
"NM_002524.5(NRAS):c.515A>G (p.Asn172Ser)","chr1","114708590","T/C","NRAS","-0.049","dataset1191","Missense","Neutral to the IFNG cytokine expression in CD4⁺ T cell","IFNG cytokine expression","4","Functionally normal","","","NA","CRISPR-Based Genome Editing","Base editing","38093011"
"NM_002524.5(NRAS):c.514A>G (p.Asn172Asp)","chr1","114708591","T/C","NRAS","-0.049","dataset1191","Missense","Neutral to the IFNG cytokine expression in CD4⁺ T cell","IFNG cytokine expression","4","Functionally normal","","6.19787e-07","NA","CRISPR-Based Genome Editing","Base editing","38093011"
"NM_002524.5(NRAS):c.513C>T (p.Leu171=)","chr1","114708592","G/A","NRAS","-0.03","dataset1191","Synonymous","Neutral to the IFNG cytokine expression in CD4⁺ T cell","IFNG cytokine expression","4","Functionally normal","","","NA","CRISPR-Based Genome Editing","Base editing","38093011"
"NM_002524.5(NRAS):c.512T>C (p.Leu171Pro)","chr1","114708593","A/G","NRAS","0.021","dataset1191","Missense","Neutral to the IFNG cytokine expression in CD4⁺ T cell","IFNG cytokine expression","4","Functionally normal","","","NA","CRISPR-Based Genome Editing","Base editing","38093011"
"NM_002524.5(NRAS):c.511C>T (p.Leu171Phe)","chr1","114708594","G/A","NRAS","-0.03","dataset1191","Missense","Neutral to the IFNG cytokine expression in CD4⁺ T cell","IFNG cytokine expression","4","Functionally normal","Uncertain significance","6.19983e-07","NA","CRISPR-Based Genome Editing","Base editing","38093011"
"NM_002524.5(NRAS):c.510A>G (p.Lys170=)","chr1","114708595","T/C","NRAS","-0.114","dataset1191","Synonymous","Neutral to the IFNG cytokine expression in CD4⁺ T cell","IFNG cytokine expression","4","Functionally normal","","6.19862e-07","NA","CRISPR-Based Genome Editing","Base editing","38093011"
"NM_002524.5(NRAS):c.504G>A (p.Met168Ile)","chr1","114708601","C/T","NRAS","0.073","dataset1191","Missense","Neutral to the IFNG cytokine expression in CD4⁺ T cell","IFNG cytokine expression","4","Functionally normal","Uncertain significance","1.23976e-06","NA","CRISPR-Based Genome Editing","Base editing","38093011"
"NM_002524.5(NRAS):c.464C>T (p.Ala155Val)","chr1","114708641","G/A","NRAS","0.047","dataset1191","Missense","Neutral to the IFNG cytokine expression in CD4⁺ T cell","IFNG cytokine expression","4","Functionally normal","Uncertain significance","1.23966e-06","NA","CRISPR-Based Genome Editing","Base editing","38093011"
"NM_002524.5(NRAS):c.463G>A (p.Ala155Thr)","chr1","114708642","C/T","NRAS","0.066","dataset1191","Missense","Neutral to the IFNG cytokine expression in CD4⁺ T cell","IFNG cytokine expression","4","Functionally normal","Uncertain significance","3.71836e-06","NA","CRISPR-Based Genome Editing","Base editing","38093011"
"NM_002524.5(NRAS):c.461A>G (p.Asp154Gly)","chr1","114708644","T/C","NRAS","-0.118","dataset1191","Missense","Neutral to the IFNG cytokine expression in CD4⁺ T cell","IFNG cytokine expression","4","Functionally normal","Uncertain significance","1.23932e-06","NA","CRISPR-Based Genome Editing","Base editing","38093011"
"NM_002524.5(NRAS):c.460G>A (p.Asp154Asn)","chr1","114708645","C/T","NRAS","0.066","dataset1191","Missense","Neutral to the IFNG cytokine expression in CD4⁺ T cell","IFNG cytokine expression","4","Functionally normal","","","NA","CRISPR-Based Genome Editing","Base editing","38093011"
"NM_002524.5(NRAS):c.459A>G (p.Glu153=)","chr1","114708646","T/C","NRAS","-0.118","dataset1191","Synonymous","Neutral to the IFNG cytokine expression in CD4⁺ T cell","IFNG cytokine expression","4","Functionally normal","","2.4785e-06","NA","CRISPR-Based Genome Editing","Base editing","38093011"
"NM_002524.5(NRAS):c.458A>G (p.Glu153Gly)","chr1","114708647","T/C","NRAS","-0.118","dataset1191","Missense","Neutral to the IFNG cytokine expression in CD4⁺ T cell","IFNG cytokine expression","4","Functionally normal","","","NA","CRISPR-Based Genome Editing","Base editing","38093011"
"NM_002524.5(NRAS):c.457G>A (p.Glu153Lys)","chr1","114708648","C/T","NRAS","0.066","dataset1191","Missense","Neutral to the IFNG cytokine expression in CD4⁺ T cell","IFNG cytokine expression","4","Functionally normal","Uncertain significance","","NA","CRISPR-Based Genome Editing","Base editing","38093011"
"NM_002524.5(NRAS):c.456T>C (p.Val152=)","chr1","114708649","A/G","NRAS","0.089","dataset1191","Synonymous","Neutral to the IFNG cytokine expression in CD4⁺ T cell","IFNG cytokine expression","4","Functionally normal","","","NA","CRISPR-Based Genome Editing","Base editing","38093011"
"NM_002524.5(NRAS):c.454G>A (p.Val152Ile)","chr1","114708651","C/T","NRAS","0.066","dataset1191","Missense","Neutral to the IFNG cytokine expression in CD4⁺ T cell","IFNG cytokine expression","4","Functionally normal","Uncertain significance","","NA","CRISPR-Based Genome Editing","Base editing","38093011"
"NM_002524.5(NRAS):c.452G>A (p.Gly151Asp)","chr1","114708653","C/T","NRAS","0.066","dataset1191","Missense","Neutral to the IFNG cytokine expression in CD4⁺ T cell","IFNG cytokine expression","4","Functionally normal","","","NA","CRISPR-Based Genome Editing","Base editing","38093011"
"NM_002524.5(NRAS):c.451G>A (p.Gly151Ser)","chr1","114708654","C/T","NRAS","0.066","dataset1191","Missense","Neutral to the IFNG cytokine expression in CD4⁺ T cell","IFNG cytokine expression","4","Functionally normal","","","NA","CRISPR-Based Genome Editing","Base editing","38093011"
"NM_002524.5(NRAS):c.450G>A (p.Gln150=)","chr1","114709569","C/T","NRAS","0.038","dataset1191","Splice site","Neutral to the IFNG cytokine expression in CD4⁺ T cell","IFNG cytokine expression","4","Functionally normal","","","NA","CRISPR-Based Genome Editing","Base editing","38093011"
"NM_002524.5(NRAS):c.444C>T (p.Thr148=)","chr1","114709575","G/A","NRAS","0.104","dataset1191","Synonymous","Neutral to the IFNG cytokine expression in CD4⁺ T cell","IFNG cytokine expression","4","Functionally normal","Likely benign","6.19613e-07","NA","CRISPR-Based Genome Editing","Base editing","38093011"
"NM_002524.5(NRAS):c.443C>T (p.Thr148Ile)","chr1","114709576","G/A","NRAS","0.104","dataset1191","Missense","Neutral to the IFNG cytokine expression in CD4⁺ T cell","IFNG cytokine expression","4","Functionally normal","Likely benign","","NA","CRISPR-Based Genome Editing","Base editing","38093011"
"NM_002524.5(NRAS):c.440A>G (p.Lys147Arg)","chr1","114709579","T/C","NRAS","-0.104","dataset1191","Missense","Neutral to the IFNG cytokine expression in CD4⁺ T cell","IFNG cytokine expression","4","Functionally normal","","","NA","CRISPR-Based Genome Editing","Base editing","38093011"
"NM_002524.5(NRAS):c.439A>G (p.Lys147Glu)","chr1","114709580","T/C","NRAS","-0.104","dataset1191","Missense","Neutral to the IFNG cytokine expression in CD4⁺ T cell","IFNG cytokine expression","4","Functionally normal","","","NA","CRISPR-Based Genome Editing","Base editing","38093011"
"NM_002524.5(NRAS):c.438C>T (p.Ala146=)","chr1","114709581","G/A","NRAS","-0.028","dataset1191","Synonymous","Neutral to the IFNG cytokine expression in CD4⁺ T cell","IFNG cytokine expression","4","Functionally normal","","","NA","CRISPR-Based Genome Editing","Base editing","38093011"
"NM_002524.5(NRAS):c.437C>T (p.Ala146Val)","chr1","114709582","G/A","NRAS","-0.028","dataset1191","Missense","Neutral to the IFNG cytokine expression in CD4⁺ T cell","IFNG cytokine expression","4","Functionally normal","","","NA","CRISPR-Based Genome Editing","Base editing","38093011"
"NM_002524.5(NRAS):c.436G>A (p.Ala146Thr)","chr1","114709583","C/T","NRAS","0.137","dataset1191","Missense","Neutral to the IFNG cytokine expression in CD4⁺ T cell","IFNG cytokine expression","4","Functionally normal","Uncertain significance","0","NA","CRISPR-Based Genome Editing","Base editing","38093011"
"NM_002524.5(NRAS):c.435A>G (p.Ser145=)","chr1","114709584","T/C","NRAS","-0.005","dataset1191","Synonymous","Neutral to the IFNG cytokine expression in CD4⁺ T cell","IFNG cytokine expression","4","Functionally normal","","6.1953e-07","NA","CRISPR-Based Genome Editing","Base editing","38093011"
"NM_002524.5(NRAS):c.434C>T (p.Ser145Leu)","chr1","114709585","G/A","NRAS","-0.028","dataset1191","Missense","Neutral to the IFNG cytokine expression in CD4⁺ T cell","IFNG cytokine expression","4","Functionally normal","Uncertain significance","1.23917e-06","NA","CRISPR-Based Genome Editing","Base editing","38093011"
"NM_002524.5(NRAS):c.433T>C (p.Ser145Pro)","chr1","114709586","A/G","NRAS","0.073","dataset1191","Missense","Neutral to the IFNG cytokine expression in CD4⁺ T cell","IFNG cytokine expression","4","Functionally normal","","","NA","CRISPR-Based Genome Editing","Base editing","38093011"
"NM_002524.5(NRAS):c.421T>C (p.Phe141Leu)","chr1","114709598","A/G","NRAS","-0.017","dataset1191","Missense","Neutral to the IFNG cytokine expression in CD4⁺ T cell","IFNG cytokine expression","4","Functionally normal","Uncertain significance","6.19528e-07","NA","CRISPR-Based Genome Editing","Base editing","38093011"
"NM_002524.5(NRAS):c.417T>C (p.Ile139=)","chr1","114709602","A/G","NRAS","-0.017","dataset1191","Synonymous","Neutral to the IFNG cytokine expression in CD4⁺ T cell","IFNG cytokine expression","4","Functionally normal","","6.19533e-07","NA","CRISPR-Based Genome Editing","Base editing","38093011"
"NM_002524.5(NRAS):c.416T>C (p.Ile139Thr)","chr1","114709603","A/G","NRAS","-0.017","dataset1191","Missense","Neutral to the IFNG cytokine expression in CD4⁺ T cell","IFNG cytokine expression","4","Functionally normal","","","esca:0.5% (1/182):0.050","CRISPR-Based Genome Editing","Base editing","38093011"
"NM_002524.5(NRAS):c.414G>A (p.Gly138=)","chr1","114709605","C/T","NRAS","0.238","dataset1191","Synonymous","Neutral to the IFNG cytokine expression in CD4⁺ T cell","IFNG cytokine expression","4","Functionally normal","","","NA","CRISPR-Based Genome Editing","Base editing","38093011"
"NM_002524.5(NRAS):c.413G>A (p.Gly138Glu)","chr1","114709606","C/T","NRAS","0.238","dataset1191","Missense","Neutral to the IFNG cytokine expression in CD4⁺ T cell","IFNG cytokine expression","4","Functionally normal","","","NA","CRISPR-Based Genome Editing","Base editing","38093011"
"NM_002524.5(NRAS):c.412G>A (p.Gly138Arg)","chr1","114709607","C/T","NRAS","-0.292","dataset1191","Missense","Neutral to the IFNG cytokine expression in CD4⁺ T cell","IFNG cytokine expression","4","Functionally normal","Uncertain significance","2.47824e-06","NA","CRISPR-Based Genome Editing","Base editing","38093011"
"NM_002524.5(NRAS):c.409T>C (p.Tyr137His)","chr1","114709610","A/G","NRAS","-0.135","dataset1191","Missense","Neutral to the IFNG cytokine expression in CD4⁺ T cell","IFNG cytokine expression","4","Functionally normal","","","NA","CRISPR-Based Genome Editing","Base editing","38093011"
"NM_002524.5(NRAS):c.408T>C (p.Ser136=)","chr1","114709611","A/G","NRAS","-0.135","dataset1191","Synonymous","Neutral to the IFNG cytokine expression in CD4⁺ T cell","IFNG cytokine expression","4","Functionally normal","","","NA","CRISPR-Based Genome Editing","Base editing","38093011"
"NM_002524.5(NRAS):c.407G>A (p.Ser136Asn)","chr1","114709612","C/T","NRAS","0.147","dataset1191","Missense","Neutral to the IFNG cytokine expression in CD4⁺ T cell","IFNG cytokine expression","4","Functionally normal","","","NA","CRISPR-Based Genome Editing","Base editing","38093011"
"NM_002524.5(NRAS):c.405G>A (p.Lys135=)","chr1","114709614","C/T","NRAS","0.147","dataset1191","Synonymous","Neutral to the IFNG cytokine expression in CD4⁺ T cell","IFNG cytokine expression","4","Functionally normal","","","NA","CRISPR-Based Genome Editing","Base editing","38093011"
"NM_002524.5(NRAS):c.402C>T (p.Ala134=)","chr1","114709617","G/A","NRAS","-0.059","dataset1191","Synonymous","Neutral to the IFNG cytokine expression in CD4⁺ T cell","IFNG cytokine expression","4","Functionally normal","","","NA","CRISPR-Based Genome Editing","Base editing","38093011"
"NM_002524.5(NRAS):c.401C>T (p.Ala134Val)","chr1","114709618","G/A","NRAS","-0.059","dataset1191","Missense","Neutral to the IFNG cytokine expression in CD4⁺ T cell","IFNG cytokine expression","4","Functionally normal","","","NA","CRISPR-Based Genome Editing","Base editing","38093011"
"NM_002524.5(NRAS):c.400G>A (p.Ala134Thr)","chr1","114709619","C/T","NRAS","0.147","dataset1191","Missense","Neutral to the IFNG cytokine expression in CD4⁺ T cell","IFNG cytokine expression","4","Functionally normal","","","NA","CRISPR-Based Genome Editing","Base editing","38093011"
"NM_002524.5(NRAS):c.397C>T (p.Leu133=)","chr1","114709622","G/A","NRAS","-0.059","dataset1191","Synonymous","Neutral to the IFNG cytokine expression in CD4⁺ T cell","IFNG cytokine expression","4","Functionally normal","","","NA","CRISPR-Based Genome Editing","Base editing","38093011"
"NM_002524.5(NRAS):c.396A>G (p.Glu132=)","chr1","114709623","T/C","NRAS","-0.133","dataset1191","Synonymous","Neutral to the IFNG cytokine expression in CD4⁺ T cell","IFNG cytokine expression","4","Functionally normal","","3.09769e-06","NA","CRISPR-Based Genome Editing","Base editing","38093011"
"NM_002524.5(NRAS):c.395A>G (p.Glu132Gly)","chr1","114709624","T/C","NRAS","-0.133","dataset1191","Missense","Neutral to the IFNG cytokine expression in CD4⁺ T cell","IFNG cytokine expression","4","Functionally normal","","","NA","CRISPR-Based Genome Editing","Base editing","38093011"
"NM_002524.5(NRAS):c.393C>T (p.His131=)","chr1","114709626","G/A","NRAS","-0.059","dataset1191","Synonymous","Neutral to the IFNG cytokine expression in CD4⁺ T cell","IFNG cytokine expression","4","Functionally normal","Likely benign","8.67455e-06","NA","CRISPR-Based Genome Editing","Base editing","38093011"
"NM_002524.5(NRAS):c.391C>T (p.His131Tyr)","chr1","114709628","G/A","NRAS","0.036","dataset1191","Missense","Neutral to the IFNG cytokine expression in CD4⁺ T cell","IFNG cytokine expression","4","Functionally normal","","","NA","CRISPR-Based Genome Editing","Base editing","38093011"
"NM_002524.5(NRAS):c.390C>T (p.Ala130=)","chr1","114709629","G/A","NRAS","-0.024","dataset1191","Synonymous","Neutral to the IFNG cytokine expression in CD4⁺ T cell","IFNG cytokine expression","4","Functionally normal","","1.85885e-06","NA","CRISPR-Based Genome Editing","Base editing","38093011"
"NM_002524.5(NRAS):c.389C>T (p.Ala130Val)","chr1","114709630","G/A","NRAS","-0.024","dataset1191","Missense","Neutral to the IFNG cytokine expression in CD4⁺ T cell","IFNG cytokine expression","4","Functionally normal","","","NA","CRISPR-Based Genome Editing","Base editing","38093011"
"NM_002524.5(NRAS):c.385C>T (p.Gln129Ter)","chr1","114709634","G/A","NRAS","-0.024","dataset1191","Nonsense","Neutral to the IFNG cytokine expression in CD4⁺ T cell","IFNG cytokine expression","4","Functionally normal","","","NA","CRISPR-Based Genome Editing","Base editing","38093011"
"NM_002524.5(NRAS):c.384A>G (p.Lys128=)","chr1","114709635","T/C","NRAS","-0.084","dataset1191","Synonymous","Neutral to the IFNG cytokine expression in CD4⁺ T cell","IFNG cytokine expression","4","Functionally normal","Likely benign","9.91355e-06","NA","CRISPR-Based Genome Editing","Base editing","38093011"
"NM_002524.5(NRAS):c.383A>G (p.Lys128Arg)","chr1","114709636","T/C","NRAS","-0.084","dataset1191","Missense","Neutral to the IFNG cytokine expression in CD4⁺ T cell","IFNG cytokine expression","4","Functionally normal","","","NA","CRISPR-Based Genome Editing","Base editing","38093011"
"NM_002524.5(NRAS):c.382A>G (p.Lys128Glu)","chr1","114709637","T/C","NRAS","-0.084","dataset1191","Missense","Neutral to the IFNG cytokine expression in CD4⁺ T cell","IFNG cytokine expression","4","Functionally normal","","","NA","CRISPR-Based Genome Editing","Base editing","38093011"
"NM_002524.5(NRAS):c.381A>G (p.Thr127=)","chr1","114709638","T/C","NRAS","-0.084","dataset1191","Synonymous","Neutral to the IFNG cytokine expression in CD4⁺ T cell","IFNG cytokine expression","4","Functionally normal","","","NA","CRISPR-Based Genome Editing","Base editing","38093011"
"NM_002524.5(NRAS):c.380C>T (p.Thr127Ile)","chr1","114709639","G/A","NRAS","-0.024","dataset1191","Missense","Neutral to the IFNG cytokine expression in CD4⁺ T cell","IFNG cytokine expression","4","Functionally normal","Uncertain significance","","NA","CRISPR-Based Genome Editing","Base editing","38093011"
"NM_002524.5(NRAS):c.378T>C (p.Asp126=)","chr1","114709641","A/G","NRAS","-0.108","dataset1191","Synonymous","Neutral to the IFNG cytokine expression in CD4⁺ T cell","IFNG cytokine expression","4","Functionally normal","","1.85881e-06","NA","CRISPR-Based Genome Editing","Base editing","38093011"
"NM_002524.5(NRAS):c.376G>A (p.Asp126Asn)","chr1","114709643","C/T","NRAS","0.064","dataset1191","Missense","Neutral to the IFNG cytokine expression in CD4⁺ T cell","IFNG cytokine expression","4","Functionally normal","","","NA","CRISPR-Based Genome Editing","Base editing","38093011"
"NM_002524.5(NRAS):c.373G>A (p.Val125Ile)","chr1","114709646","C/T","NRAS","0.064","dataset1191","Missense","Neutral to the IFNG cytokine expression in CD4⁺ T cell","IFNG cytokine expression","4","Functionally normal","","1.11539e-05","NA","CRISPR-Based Genome Editing","Base editing","38093011"
"NM_002524.5(NRAS):c.350A>G (p.Lys117Arg)","chr1","114709669","T/C","NRAS","0.068","dataset1191","Missense","Neutral to the IFNG cytokine expression in CD4⁺ T cell","IFNG cytokine expression","4","Functionally normal","","","NA","CRISPR-Based Genome Editing","Base editing","38093011"
"NM_002524.5(NRAS):c.349A>G (p.Lys117Glu)","chr1","114709670","T/C","NRAS","0.068","dataset1191","Missense","Neutral to the IFNG cytokine expression in CD4⁺ T cell","IFNG cytokine expression","4","Functionally normal","","","NA","CRISPR-Based Genome Editing","Base editing","38093011"
"NM_002524.5(NRAS):c.348C>T (p.Asn116=)","chr1","114709671","G/A","NRAS","0.07","dataset1191","Synonymous","Neutral to the IFNG cytokine expression in CD4⁺ T cell","IFNG cytokine expression","4","Functionally normal","","","NA","CRISPR-Based Genome Editing","Base editing","38093011"
"NM_002524.5(NRAS):c.344G>A (p.Gly115Glu)","chr1","114709675","C/T","NRAS","0.243","dataset1191","Missense","Neutral to the IFNG cytokine expression in CD4⁺ T cell","IFNG cytokine expression","4","Functionally normal","","6.19858e-07","NA","CRISPR-Based Genome Editing","Base editing","38093011"
"NM_002524.5(NRAS):c.343G>A (p.Gly115Arg)","chr1","114709676","C/T","NRAS","0.243","dataset1191","Missense","Neutral to the IFNG cytokine expression in CD4⁺ T cell","IFNG cytokine expression","4","Functionally normal","","","NA","CRISPR-Based Genome Editing","Base editing","38093011"
"NM_002524.5(NRAS):c.342G>A (p.Val114=)","chr1","114709677","C/T","NRAS","0.243","dataset1191","Synonymous","Neutral to the IFNG cytokine expression in CD4⁺ T cell","IFNG cytokine expression","4","Functionally normal","","6.19706e-07","NA","CRISPR-Based Genome Editing","Base editing","38093011"
"NM_002524.5(NRAS):c.340G>A (p.Val114Met)","chr1","114709679","C/T","NRAS","0.243","dataset1191","Missense","Neutral to the IFNG cytokine expression in CD4⁺ T cell","IFNG cytokine expression","4","Functionally normal","","","NA","CRISPR-Based Genome Editing","Base editing","38093011"
"NM_002524.5(NRAS):c.329C>T (p.Pro110Leu)","chr1","114709690","G/A","NRAS","0.047","dataset1191","Missense","Neutral to the IFNG cytokine expression in CD4⁺ T cell","IFNG cytokine expression","4","Functionally normal","","3.09885e-06","NA","CRISPR-Based Genome Editing","Base editing","38093011"
"NM_002524.5(NRAS):c.328C>T (p.Pro110Ser)","chr1","114709691","G/A","NRAS","0.047","dataset1191","Missense","Neutral to the IFNG cytokine expression in CD4⁺ T cell","IFNG cytokine expression","4","Functionally normal","","","NA","CRISPR-Based Genome Editing","Base editing","38093011"
"NM_002524.5(NRAS):c.327A>G (p.Val109=)","chr1","114709692","T/C","NRAS","0.206","dataset1191","Synonymous","Neutral to the IFNG cytokine expression in CD4⁺ T cell","IFNG cytokine expression","4","Functionally normal","","","NA","CRISPR-Based Genome Editing","Base editing","38093011"
"NM_002524.5(NRAS):c.323A>G (p.Asp108Gly)","chr1","114709696","T/C","NRAS","-0.187","dataset1191","Missense","Neutral to the IFNG cytokine expression in CD4⁺ T cell","IFNG cytokine expression","4","Functionally normal","","","NA","CRISPR-Based Genome Editing","Base editing","38093011"
"NM_002524.5(NRAS):c.317C>T (p.Ser106Leu)","chr1","114709702","G/A","NRAS","0.202","dataset1191","Missense","Neutral to the IFNG cytokine expression in CD4⁺ T cell","IFNG cytokine expression","4","Functionally normal","Uncertain significance","6.19791e-07","ucec:0.2% (1/529):0.380","CRISPR-Based Genome Editing","Base editing","38093011"
"NM_002524.5(NRAS):c.315C>T (p.Asp105=)","chr1","114709704","G/A","NRAS","0.202","dataset1191","Synonymous","Neutral to the IFNG cytokine expression in CD4⁺ T cell","IFNG cytokine expression","4","Functionally normal","Likely benign","1.92142e-05","NA","CRISPR-Based Genome Editing","Base editing","38093011"
"NM_002524.5(NRAS):c.314A>G (p.Asp105Gly)","chr1","114709705","T/C","NRAS","0.097","dataset1191","Missense","Neutral to the IFNG cytokine expression in CD4⁺ T cell","IFNG cytokine expression","4","Functionally normal","","","NA","CRISPR-Based Genome Editing","Base editing","38093011"
"NM_002524.5(NRAS):c.304C>T (p.Arg102Ter)","chr1","114709715","G/A","NRAS","0.017","dataset1191","Nonsense","Neutral to the IFNG cytokine expression in CD4⁺ T cell","IFNG cytokine expression","4","Functionally normal","Uncertain significance","3.10052e-06","blca:0.2% (1/411):0.110","CRISPR-Based Genome Editing","Base editing","38093011"
"NM_002524.5(NRAS):c.303G>A (p.Lys101=)","chr1","114709716","C/T","NRAS","0.156","dataset1191","Synonymous","Neutral to the IFNG cytokine expression in CD4⁺ T cell","IFNG cytokine expression","4","Functionally normal","","","NA","CRISPR-Based Genome Editing","Base editing","38093011"
"NM_002524.5(NRAS):c.302A>G (p.Lys101Arg)","chr1","114709717","T/C","NRAS","0.053","dataset1191","Missense","Neutral to the IFNG cytokine expression in CD4⁺ T cell","IFNG cytokine expression","4","Functionally normal","","","NA","CRISPR-Based Genome Editing","Base editing","38093011"
"NM_002524.5(NRAS):c.301A>G (p.Lys101Glu)","chr1","114709718","T/C","NRAS","0.053","dataset1191","Missense","Neutral to the IFNG cytokine expression in CD4⁺ T cell","IFNG cytokine expression","4","Functionally normal","","","NA","CRISPR-Based Genome Editing","Base editing","38093011"
"NM_002524.5(NRAS):c.300T>C (p.Ile100=)","chr1","114709719","A/G","NRAS","0.043","dataset1191","Synonymous","Neutral to the IFNG cytokine expression in CD4⁺ T cell","IFNG cytokine expression","4","Functionally normal","","","NA","CRISPR-Based Genome Editing","Base editing","38093011"
"NM_002524.5(NRAS):c.299T>C (p.Ile100Thr)","chr1","114709720","A/G","NRAS","0.043","dataset1191","Missense","Neutral to the IFNG cytokine expression in CD4⁺ T cell","IFNG cytokine expression","4","Functionally normal","Uncertain significance","4.96027e-06","NA","CRISPR-Based Genome Editing","Base editing","38093011"
"NM_002524.5(NRAS):c.297G>A (p.Gln99=)","chr1","114709722","C/T","NRAS","-0.109","dataset1191","Synonymous","Neutral to the IFNG cytokine expression in CD4⁺ T cell","IFNG cytokine expression","4","Functionally normal","","","NA","CRISPR-Based Genome Editing","Base editing","38093011"
"NM_002524.5(NRAS):c.294G>A (p.Glu98=)","chr1","114709725","C/T","NRAS","-0.109","dataset1191","Synonymous","Neutral to the IFNG cytokine expression in CD4⁺ T cell","IFNG cytokine expression","4","Functionally normal","","","NA","CRISPR-Based Genome Editing","Base editing","38093011"
"NM_002524.5(NRAS):c.292G>A (p.Glu98Lys)","chr1","114709727","C/T","NRAS","-0.109","dataset1191","Missense","Neutral to the IFNG cytokine expression in CD4⁺ T cell","IFNG cytokine expression","4","Functionally normal","","","NA","CRISPR-Based Genome Editing","Base editing","38093011"
"NM_002524.5(NRAS):c.291G>A (p.Arg97=)","chr1","114709728","C/T","NRAS","-0.109","dataset1191","Splice site","Neutral to the IFNG cytokine expression in CD4⁺ T cell","IFNG cytokine expression","4","Functionally normal","","","NA","CRISPR-Based Genome Editing","Base editing","38093011"
"NM_002524.5(NRAS):c.288C>T (p.Tyr96=)","chr1","114713802","G/A","NRAS","-0.183","dataset1191","Splice site","Neutral to the IFNG cytokine expression in CD4⁺ T cell","IFNG cytokine expression","4","Functionally normal","","","NA","CRISPR-Based Genome Editing","Base editing","38093011"
"NM_002524.5(NRAS):c.285C>T (p.Leu95=)","chr1","114713805","G/A","NRAS","-0.183","dataset1191","Synonymous","Neutral to the IFNG cytokine expression in CD4⁺ T cell","IFNG cytokine expression","4","Functionally normal","","6.19967e-07","NA","CRISPR-Based Genome Editing","Base editing","38093011"
"NM_002524.5(NRAS):c.283C>T (p.Leu95Phe)","chr1","114713807","G/A","NRAS","-0.183","dataset1191","Missense","Neutral to the IFNG cytokine expression in CD4⁺ T cell","IFNG cytokine expression","4","Functionally normal","Uncertain significance","2.47946e-06","NA","CRISPR-Based Genome Editing","Base editing","38093011"
"NM_002524.5(NRAS):c.282C>T (p.Asn94=)","chr1","114713808","G/A","NRAS","-0.183","dataset1191","Synonymous","Neutral to the IFNG cytokine expression in CD4⁺ T cell","IFNG cytokine expression","4","Functionally normal","","","NA","CRISPR-Based Genome Editing","Base editing","38093011"
"NM_002524.5(NRAS):c.281A>G (p.Asn94Ser)","chr1","114713809","T/C","NRAS","-0.222","dataset1191","Missense","Neutral to the IFNG cytokine expression in CD4⁺ T cell","IFNG cytokine expression","4","Functionally normal","","","NA","CRISPR-Based Genome Editing","Base editing","38093011"
"NM_002524.5(NRAS):c.280A>G (p.Asn94Asp)","chr1","114713810","T/C","NRAS","-0.222","dataset1191","Missense","Neutral to the IFNG cytokine expression in CD4⁺ T cell","IFNG cytokine expression","4","Functionally normal","","","NA","CRISPR-Based Genome Editing","Base editing","38093011"
"NM_002524.5(NRAS):c.275A>G (p.Asp92Gly)","chr1","114713815","T/C","NRAS","-0.178","dataset1191","Missense","Neutral to the IFNG cytokine expression in CD4⁺ T cell","IFNG cytokine expression","4","Functionally normal","","","NA","CRISPR-Based Genome Editing","Base editing","38093011"
"NM_002524.5(NRAS):c.272C>T (p.Ala91Val)","chr1","114713818","G/A","NRAS","-0.025","dataset1191","Missense","Neutral to the IFNG cytokine expression in CD4⁺ T cell","IFNG cytokine expression","4","Functionally normal","Uncertain significance","1.3014e-05","NA","CRISPR-Based Genome Editing","Base editing","38093011"
"NM_002524.5(NRAS):c.268T>C (p.Phe90Leu)","chr1","114713822","A/G","NRAS","-0.233","dataset1191","Missense","Neutral to the IFNG cytokine expression in CD4⁺ T cell","IFNG cytokine expression","4","Functionally normal","Conflicting classifications of pathogenicity","","NA","CRISPR-Based Genome Editing","Base editing","38093011"
"NM_002524.5(NRAS):c.265T>C (p.Ser89Pro)","chr1","114713825","A/G","NRAS","-0.233","dataset1191","Missense","Neutral to the IFNG cytokine expression in CD4⁺ T cell","IFNG cytokine expression","4","Functionally normal","","","NA","CRISPR-Based Genome Editing","Base editing","38093011"
"NM_002524.5(NRAS):c.264G>A (p.Lys88=)","chr1","114713826","C/T","NRAS","0.043","dataset1191","Synonymous","Neutral to the IFNG cytokine expression in CD4⁺ T cell","IFNG cytokine expression","4","Functionally normal","Likely benign","","NA","CRISPR-Based Genome Editing","Base editing","38093011"
"NM_002524.5(NRAS):c.261C>T (p.Ser87=)","chr1","114713829","G/A","NRAS","-0.063","dataset1191","Synonymous","Neutral to the IFNG cytokine expression in CD4⁺ T cell","IFNG cytokine expression","4","Functionally normal","","","NA","CRISPR-Based Genome Editing","Base editing","38093011"
"NM_002524.5(NRAS):c.260G>A (p.Ser87Asn)","chr1","114713830","C/T","NRAS","0.043","dataset1191","Missense","Neutral to the IFNG cytokine expression in CD4⁺ T cell","IFNG cytokine expression","4","Functionally normal","Uncertain significance","1.23911e-06","ov:0.2% (1/585):0.270","CRISPR-Based Genome Editing","Base editing","38093011"
"NM_002524.5(NRAS):c.259A>G (p.Ser87Gly)","chr1","114713831","T/C","NRAS","-0.131","dataset1191","Missense","Neutral to the IFNG cytokine expression in CD4⁺ T cell","IFNG cytokine expression","4","Functionally normal","","","NA","CRISPR-Based Genome Editing","Base editing","38093011"
"NM_002524.5(NRAS):c.257A>G (p.Asn86Ser)","chr1","114713833","T/C","NRAS","-0.131","dataset1191","Missense","Neutral to the IFNG cytokine expression in CD4⁺ T cell","IFNG cytokine expression","4","Functionally normal","","","NA","CRISPR-Based Genome Editing","Base editing","38093011"
"NM_002524.5(NRAS):c.256A>G (p.Asn86Asp)","chr1","114713834","T/C","NRAS","-0.131","dataset1191","Missense","Neutral to the IFNG cytokine expression in CD4⁺ T cell","IFNG cytokine expression","4","Functionally normal","","","NA","CRISPR-Based Genome Editing","Base editing","38093011"
"NM_002524.5(NRAS):c.254A>G (p.Asn85Ser)","chr1","114713836","T/C","NRAS","-0.131","dataset1191","Missense","Neutral to the IFNG cytokine expression in CD4⁺ T cell","IFNG cytokine expression","4","Functionally normal","Uncertain significance","3.71717e-06","lihc:0.3% (1/372):0.280","CRISPR-Based Genome Editing","Base editing","38093011"
"NM_002524.5(NRAS):c.252C>T (p.Ile84=)","chr1","114713838","G/A","NRAS","-0.063","dataset1191","Synonymous","Neutral to the IFNG cytokine expression in CD4⁺ T cell","IFNG cytokine expression","4","Functionally normal","Likely benign","","NA","CRISPR-Based Genome Editing","Base editing","38093011"
"NM_002524.5(NRAS):c.251T>C (p.Ile84Thr)","chr1","114713839","A/G","NRAS","0.0","dataset1191","Missense","Neutral to the IFNG cytokine expression in CD4⁺ T cell","IFNG cytokine expression","4","Functionally normal","","","NA","CRISPR-Based Genome Editing","Base editing","38093011"
"NM_002524.5(NRAS):c.247G>A (p.Ala83Thr)","chr1","114713843","C/T","NRAS","0.026","dataset1191","Missense","Neutral to the IFNG cytokine expression in CD4⁺ T cell","IFNG cytokine expression","4","Functionally normal","","","NA","CRISPR-Based Genome Editing","Base editing","38093011"
"NM_002524.5(NRAS):c.229G>A (p.Gly77Ser)","chr1","114713861","C/T","NRAS","0.21","dataset1191","Missense","Neutral to the IFNG cytokine expression in CD4⁺ T cell","IFNG cytokine expression","4","Functionally normal","","","NA","CRISPR-Based Genome Editing","Base editing","38093011"
"NM_002524.5(NRAS):c.226G>A (p.Glu76Lys)","chr1","114713864","C/T","NRAS","0.21","dataset1191","Missense","Neutral to the IFNG cytokine expression in CD4⁺ T cell","IFNG cytokine expression","4","Functionally normal","","4.33757e-06","coad:0.2% (1/439):0.320","CRISPR-Based Genome Editing","Base editing","38093011"
"NM_002524.5(NRAS):c.224G>A (p.Gly75Asp)","chr1","114713866","C/T","NRAS","0.21","dataset1191","Missense","Neutral to the IFNG cytokine expression in CD4⁺ T cell","IFNG cytokine expression","4","Functionally normal","","","NA","CRISPR-Based Genome Editing","Base editing","38093011"
"NM_002524.5(NRAS):c.223G>A (p.Gly75Ser)","chr1","114713867","C/T","NRAS","0.21","dataset1191","Missense","Neutral to the IFNG cytokine expression in CD4⁺ T cell","IFNG cytokine expression","4","Functionally normal","","","NA","CRISPR-Based Genome Editing","Base editing","38093011"
"NM_002524.5(NRAS):c.219G>A (p.Arg73=)","chr1","114713871","C/T","NRAS","-0.114","dataset1191","Synonymous","Neutral to the IFNG cytokine expression in CD4⁺ T cell","IFNG cytokine expression","4","Functionally normal","","","NA","CRISPR-Based Genome Editing","Base editing","38093011"
"NM_002524.5(NRAS):c.218G>A (p.Arg73Lys)","chr1","114713872","C/T","NRAS","-0.114","dataset1191","Missense","Neutral to the IFNG cytokine expression in CD4⁺ T cell","IFNG cytokine expression","4","Functionally normal","","","NA","CRISPR-Based Genome Editing","Base editing","38093011"
"NM_002524.5(NRAS):c.215T>C (p.Met72Thr)","chr1","114713875","A/G","NRAS","-0.218","dataset1191","Missense","Neutral to the IFNG cytokine expression in CD4⁺ T cell","IFNG cytokine expression","4","Functionally normal","","","NA","CRISPR-Based Genome Editing","Base editing","38093011"
"NM_002524.5(NRAS):c.214A>G (p.Met72Val)","chr1","114713876","T/C","NRAS","-0.302","dataset1191","Missense","Neutral to the IFNG cytokine expression in CD4⁺ T cell","IFNG cytokine expression","4","Functionally normal","","","NA","CRISPR-Based Genome Editing","Base editing","38093011"
"NM_002524.5(NRAS):c.213C>T (p.Tyr71=)","chr1","114713877","G/A","NRAS","-0.069","dataset1191","Synonymous","Neutral to the IFNG cytokine expression in CD4⁺ T cell","IFNG cytokine expression","4","Functionally normal","","","NA","CRISPR-Based Genome Editing","Base editing","38093011"
"NM_002524.5(NRAS):c.212A>G (p.Tyr71Cys)","chr1","114713878","T/C","NRAS","-0.302","dataset1191","Missense","Neutral to the IFNG cytokine expression in CD4⁺ T cell","IFNG cytokine expression","4","Functionally normal","","","NA","CRISPR-Based Genome Editing","Base editing","38093011"
"NM_002524.5(NRAS):c.210A>G (p.Gln70=)","chr1","114713880","T/C","NRAS","-0.302","dataset1191","Synonymous","Neutral to the IFNG cytokine expression in CD4⁺ T cell","IFNG cytokine expression","4","Functionally normal","","","NA","CRISPR-Based Genome Editing","Base editing","38093011"
"NM_002524.5(NRAS):c.209A>G (p.Gln70Arg)","chr1","114713881","T/C","NRAS","-0.181","dataset1191","Missense","Neutral to the IFNG cytokine expression in CD4⁺ T cell","IFNG cytokine expression","4","Functionally normal","","","NA","CRISPR-Based Genome Editing","Base editing","38093011"
"NM_002524.5(NRAS):c.208C>T (p.Gln70Ter)","chr1","114713882","G/A","NRAS","0.129","dataset1191","Nonsense","Neutral to the IFNG cytokine expression in CD4⁺ T cell","IFNG cytokine expression","4","Functionally normal","","","NA","CRISPR-Based Genome Editing","Base editing","38093011"
"NM_002524.5(NRAS):c.207C>T (p.Asp69=)","chr1","114713883","G/A","NRAS","-0.028","dataset1191","Synonymous","Neutral to the IFNG cytokine expression in CD4⁺ T cell","IFNG cytokine expression","4","Functionally normal","","","NA","CRISPR-Based Genome Editing","Base editing","38093011"
"NM_002524.5(NRAS):c.206A>G (p.Asp69Gly)","chr1","114713884","T/C","NRAS","-0.181","dataset1191","Missense","Neutral to the IFNG cytokine expression in CD4⁺ T cell","IFNG cytokine expression","4","Functionally normal","","","NA","CRISPR-Based Genome Editing","Base editing","38093011"
"NM_002524.5(NRAS):c.204A>G (p.Arg68=)","chr1","114713886","T/C","NRAS","-0.167","dataset1191","Synonymous","Neutral to the IFNG cytokine expression in CD4⁺ T cell","IFNG cytokine expression","4","Functionally normal","","","NA","CRISPR-Based Genome Editing","Base editing","38093011"
"NM_002524.5(NRAS):c.169G>A (p.Asp57Asn)","chr1","114713921","C/T","NRAS","0.033","dataset1191","Missense","Neutral to the IFNG cytokine expression in CD4⁺ T cell","IFNG cytokine expression","4","Functionally normal","","6.20898e-07","NA","CRISPR-Based Genome Editing","Base editing","38093011"
"NM_002524.5(NRAS):c.168G>A (p.Leu56=)","chr1","114713922","C/T","NRAS","0.033","dataset1191","Synonymous","Neutral to the IFNG cytokine expression in CD4⁺ T cell","IFNG cytokine expression","4","Functionally normal","","","NA","CRISPR-Based Genome Editing","Base editing","38093011"
"NM_002524.5(NRAS):c.167T>C (p.Leu56Pro)","chr1","114713923","A/G","NRAS","0.038","dataset1191","Missense","Neutral to the IFNG cytokine expression in CD4⁺ T cell","IFNG cytokine expression","4","Functionally normal","","","NA","CRISPR-Based Genome Editing","Base editing","38093011"
"NM_002524.5(NRAS):c.166C>T (p.Leu56=)","chr1","114713924","G/A","NRAS","-0.01","dataset1191","Synonymous","Neutral to the IFNG cytokine expression in CD4⁺ T cell","IFNG cytokine expression","4","Functionally normal","Likely benign","1.91199e-06","NA","CRISPR-Based Genome Editing","Base editing","38093011"
"NM_002524.5(NRAS):c.164T>C (p.Ile55Thr)","chr1","114713926","A/G","NRAS","0.038","dataset1191","Missense","Neutral to the IFNG cytokine expression in CD4⁺ T cell","IFNG cytokine expression","4","Functionally normal","Uncertain significance","","NA","CRISPR-Based Genome Editing","Base editing","38093011"
"NM_002524.5(NRAS):c.163A>G (p.Ile55Val)","chr1","114713927","T/C","NRAS","0.009","dataset1191","Missense","Neutral to the IFNG cytokine expression in CD4⁺ T cell","IFNG cytokine expression","4","Functionally normal","","","NA","CRISPR-Based Genome Editing","Base editing","38093011"
"NM_002524.5(NRAS):c.162C>T (p.Asp54=)","chr1","114713928","G/A","NRAS","-0.01","dataset1191","Synonymous","Neutral to the IFNG cytokine expression in CD4⁺ T cell","IFNG cytokine expression","4","Functionally normal","","6.22752e-07","NA","CRISPR-Based Genome Editing","Base editing","38093011"
"NM_002524.5(NRAS):c.161A>G (p.Asp54Gly)","chr1","114713929","T/C","NRAS","0.009","dataset1191","Missense","Neutral to the IFNG cytokine expression in CD4⁺ T cell","IFNG cytokine expression","4","Functionally normal","","","NA","CRISPR-Based Genome Editing","Base editing","38093011"
"NM_002524.5(NRAS):c.160G>A (p.Asp54Asn)","chr1","114713930","C/T","NRAS","0.033","dataset1191","Missense","Neutral to the IFNG cytokine expression in CD4⁺ T cell","IFNG cytokine expression","4","Functionally normal","","","NA","CRISPR-Based Genome Editing","Base editing","38093011"
"NM_002524.5(NRAS):c.159G>A (p.Leu53=)","chr1","114713931","C/T","NRAS","0.033","dataset1191","Synonymous","Neutral to the IFNG cytokine expression in CD4⁺ T cell","IFNG cytokine expression","4","Functionally normal","Benign","1.77303e-05","NA","CRISPR-Based Genome Editing","Base editing","38093011"
"NM_002524.5(NRAS):c.150C>T (p.Thr50=)","chr1","114713940","G/A","NRAS","0.099","dataset1191","Synonymous","Neutral to the IFNG cytokine expression in CD4⁺ T cell","IFNG cytokine expression","4","Functionally normal","","","NA","CRISPR-Based Genome Editing","Base editing","38093011"
"NM_002524.5(NRAS):c.149C>T (p.Thr50Ile)","chr1","114713941","G/A","NRAS","0.099","dataset1191","Missense","Neutral to the IFNG cytokine expression in CD4⁺ T cell","IFNG cytokine expression","4","Functionally normal","Pathogenic","6.6116e-07","NA","CRISPR-Based Genome Editing","Base editing","38093011"
"NM_002524.5(NRAS):c.140A>G (p.Asp47Gly)","chr1","114713950","T/C","NRAS","-0.116","dataset1191","Missense","Neutral to the IFNG cytokine expression in CD4⁺ T cell","IFNG cytokine expression","4","Functionally normal","Uncertain significance","","NA","CRISPR-Based Genome Editing","Base editing","38093011"
"NM_002524.5(NRAS):c.130G>A (p.Val44Met)","chr1","114713960","C/T","NRAS","-0.097","dataset1191","Missense","Neutral to the IFNG cytokine expression in CD4⁺ T cell","IFNG cytokine expression","4","Functionally normal","","3.21835e-06","NA","CRISPR-Based Genome Editing","Base editing","38093011"
"NM_002524.5(NRAS):c.128A>G (p.Gln43Arg)","chr1","114713962","T/C","NRAS","-0.002","dataset1191","Missense","Neutral to the IFNG cytokine expression in CD4⁺ T cell","IFNG cytokine expression","4","Functionally normal","","","NA","CRISPR-Based Genome Editing","Base editing","38093011"
"NM_002524.5(NRAS):c.127C>T (p.Gln43Ter)","chr1","114713963","G/A","NRAS","0.076","dataset1191","Nonsense","Neutral to the IFNG cytokine expression in CD4⁺ T cell","IFNG cytokine expression","4","Functionally normal","","","NA","CRISPR-Based Genome Editing","Base editing","38093011"
"NM_002524.5(NRAS):c.126A>G (p.Lys42=)","chr1","114713964","T/C","NRAS","-0.002","dataset1191","Synonymous","Neutral to the IFNG cytokine expression in CD4⁺ T cell","IFNG cytokine expression","4","Functionally normal","","6.25023e-07","NA","CRISPR-Based Genome Editing","Base editing","38093011"
"NM_002524.5(NRAS):c.125A>G (p.Lys42Arg)","chr1","114713965","T/C","NRAS","-0.002","dataset1191","Missense","Neutral to the IFNG cytokine expression in CD4⁺ T cell","IFNG cytokine expression","4","Functionally normal","","","NA","CRISPR-Based Genome Editing","Base editing","38093011"
"NM_002524.5(NRAS):c.124A>G (p.Lys42Glu)","chr1","114713966","T/C","NRAS","-0.002","dataset1191","Missense","Neutral to the IFNG cytokine expression in CD4⁺ T cell","IFNG cytokine expression","4","Functionally normal","","","NA","CRISPR-Based Genome Editing","Base editing","38093011"
"NM_002524.5(NRAS):c.123A>G (p.Arg41=)","chr1","114713967","T/C","NRAS","-0.002","dataset1191","Synonymous","Neutral to the IFNG cytokine expression in CD4⁺ T cell","IFNG cytokine expression","4","Functionally normal","","","NA","CRISPR-Based Genome Editing","Base editing","38093011"
"NM_002524.5(NRAS):c.122G>A (p.Arg41Lys)","chr1","114713968","C/T","NRAS","0.142","dataset1191","Missense","Neutral to the IFNG cytokine expression in CD4⁺ T cell","IFNG cytokine expression","4","Functionally normal","","5.1667e-06","NA","CRISPR-Based Genome Editing","Base editing","38093011"
"NM_002524.5(NRAS):c.120C>T (p.Tyr40=)","chr1","114713970","G/A","NRAS","0.028","dataset1191","Synonymous","Neutral to the IFNG cytokine expression in CD4⁺ T cell","IFNG cytokine expression","4","Functionally normal","","0","NA","CRISPR-Based Genome Editing","Base editing","38093011"
"NM_002524.5(NRAS):c.118T>C (p.Tyr40His)","chr1","114713972","A/G","NRAS","0.195","dataset1191","Missense","Neutral to the IFNG cytokine expression in CD4⁺ T cell","IFNG cytokine expression","4","Functionally normal","","","NA","CRISPR-Based Genome Editing","Base editing","38093011"
"NM_002524.5(NRAS):c.117T>C (p.Ser39=)","chr1","114713973","A/G","NRAS","-0.342","dataset1191","Synonymous","The diminished IFNG cytokine expression in CD4⁺ T cell","IFNG cytokine expression","4","Loss-of-function","","","NA","CRISPR-Based Genome Editing","Base editing","38093011"
"NM_002524.5(NRAS):c.116C>T (p.Ser39Phe)","chr1","114713974","G/A","NRAS","0.028","dataset1191","Missense","Neutral to the IFNG cytokine expression in CD4⁺ T cell","IFNG cytokine expression","4","Functionally normal","","8.63788e-07","NA","CRISPR-Based Genome Editing","Base editing","38093011"
"NM_002524.5(NRAS):c.115T>C (p.Ser39Pro)","chr1","114713975","A/G","NRAS","0.049","dataset1191","Missense","Neutral to the IFNG cytokine expression in CD4⁺ T cell","IFNG cytokine expression","4","Functionally normal","","","NA","CRISPR-Based Genome Editing","Base editing","38093011"
"NM_002524.5(NRAS):c.113A>G (p.Asp38Gly)","chr1","114713977","T/C","NRAS","-0.364","dataset1191","Missense","The diminished IFNG cytokine expression in CD4⁺ T cell","IFNG cytokine expression","4","Loss-of-function","","0","NA","CRISPR-Based Genome Editing","Base editing","38093011"
"NM_002524.5(NRAS):c.112G>A (p.Asp38Asn)","chr1","114713978","C/T","NRAS","-0.043","dataset1191","Missense","Neutral to the IFNG cytokine expression in CD4⁺ T cell","IFNG cytokine expression","4","Functionally normal","","0","NA","CRISPR-Based Genome Editing","Base editing","38093011"
"NM_002524.5(NRAS):c.111G>A (p.Glu37=)","chr1","114716050","C/T","NRAS","0.039","dataset1191","Splice site","Neutral to the IFNG cytokine expression in CD4⁺ T cell","IFNG cytokine expression","4","Functionally normal","","","NA","CRISPR-Based Genome Editing","Base editing","38093011"
"NM_002524.5(NRAS):c.110A>G (p.Glu37Gly)","chr1","114716051","T/C","NRAS","-0.105","dataset1191","Missense","Neutral to the IFNG cytokine expression in CD4⁺ T cell","IFNG cytokine expression","4","Functionally normal","","","NA","CRISPR-Based Genome Editing","Base editing","38093011"
"NM_002524.5(NRAS):c.108A>G (p.Ile36Met)","chr1","114716053","T/C","NRAS","-0.105","dataset1191","Missense","Neutral to the IFNG cytokine expression in CD4⁺ T cell","IFNG cytokine expression","4","Functionally normal","Likely pathogenic","","NA","CRISPR-Based Genome Editing","Base editing","38093011"
"NM_002524.5(NRAS):c.106A>G (p.Ile36Val)","chr1","114716055","T/C","NRAS","-0.105","dataset1191","Missense","Neutral to the IFNG cytokine expression in CD4⁺ T cell","IFNG cytokine expression","4","Functionally normal","","","NA","CRISPR-Based Genome Editing","Base editing","38093011"
"NM_002524.5(NRAS):c.105C>T (p.Thr35=)","chr1","114716056","G/A","NRAS","-0.115","dataset1191","Synonymous","Neutral to the IFNG cytokine expression in CD4⁺ T cell","IFNG cytokine expression","4","Functionally normal","","","NA","CRISPR-Based Genome Editing","Base editing","38093011"
"NM_002524.5(NRAS):c.104C>T (p.Thr35Ile)","chr1","114716057","G/A","NRAS","-0.115","dataset1191","Missense","Neutral to the IFNG cytokine expression in CD4⁺ T cell","IFNG cytokine expression","4","Functionally normal","","6.23141e-07","NA","CRISPR-Based Genome Editing","Base editing","38093011"
"NM_002524.5(NRAS):c.102C>T (p.Pro34=)","chr1","114716059","G/A","NRAS","0.168","dataset1191","Synonymous","Neutral to the IFNG cytokine expression in CD4⁺ T cell","IFNG cytokine expression","4","Functionally normal","","","NA","CRISPR-Based Genome Editing","Base editing","38093011"
"NM_002524.5(NRAS):c.101C>T (p.Pro34Leu)","chr1","114716060","G/A","NRAS","0.168","dataset1191","Missense","Neutral to the IFNG cytokine expression in CD4⁺ T cell","IFNG cytokine expression","4","Functionally normal","Pathogenic","","skcm:0.2% (1/448):0.960","CRISPR-Based Genome Editing","Base editing","38093011"
"NM_002524.5(NRAS):c.100C>T (p.Pro34Ser)","chr1","114716061","G/A","NRAS","0.168","dataset1191","Missense","Neutral to the IFNG cytokine expression in CD4⁺ T cell","IFNG cytokine expression","4","Functionally normal","","","NA","CRISPR-Based Genome Editing","Base editing","38093011"
"NM_002524.5(NRAS):c.98A>G (p.Asp33Gly)","chr1","114716063","T/C","NRAS","-0.201","dataset1191","Missense","Neutral to the IFNG cytokine expression in CD4⁺ T cell","IFNG cytokine expression","4","Functionally normal","","","NA","CRISPR-Based Genome Editing","Base editing","38093011"
"NM_002524.5(NRAS):c.97G>A (p.Asp33Asn)","chr1","114716064","C/T","NRAS","-0.122","dataset1191","Missense","Neutral to the IFNG cytokine expression in CD4⁺ T cell","IFNG cytokine expression","4","Functionally normal","","","NA","CRISPR-Based Genome Editing","Base editing","38093011"
"NM_002524.5(NRAS):c.96T>C (p.Tyr32=)","chr1","114716065","A/G","NRAS","0.099","dataset1191","Synonymous","Neutral to the IFNG cytokine expression in CD4⁺ T cell","IFNG cytokine expression","4","Functionally normal","","1.24195e-06","NA","CRISPR-Based Genome Editing","Base editing","38093011"
"NM_002524.5(NRAS):c.95A>G (p.Tyr32Cys)","chr1","114716066","T/C","NRAS","-0.058","dataset1191","Missense","Neutral to the IFNG cytokine expression in CD4⁺ T cell","IFNG cytokine expression","4","Functionally normal","","","NA","CRISPR-Based Genome Editing","Base editing","38093011"
"NM_002524.5(NRAS):c.94T>C (p.Tyr32His)","chr1","114716067","A/G","NRAS","0.099","dataset1191","Missense","Neutral to the IFNG cytokine expression in CD4⁺ T cell","IFNG cytokine expression","4","Functionally normal","","","NA","CRISPR-Based Genome Editing","Base editing","38093011"
"NM_002524.5(NRAS):c.93A>G (p.Glu31=)","chr1","114716068","T/C","NRAS","-0.058","dataset1191","Synonymous","Neutral to the IFNG cytokine expression in CD4⁺ T cell","IFNG cytokine expression","4","Functionally normal","","6.2055e-07","NA","CRISPR-Based Genome Editing","Base editing","38093011"
"NM_002524.5(NRAS):c.92A>G (p.Glu31Gly)","chr1","114716069","T/C","NRAS","-0.058","dataset1191","Missense","Neutral to the IFNG cytokine expression in CD4⁺ T cell","IFNG cytokine expression","4","Functionally normal","","","NA","CRISPR-Based Genome Editing","Base editing","38093011"
"NM_002524.5(NRAS):c.91G>A (p.Glu31Lys)","chr1","114716070","C/T","NRAS","0.241","dataset1191","Missense","Neutral to the IFNG cytokine expression in CD4⁺ T cell","IFNG cytokine expression","4","Functionally normal","","","NA","CRISPR-Based Genome Editing","Base editing","38093011"
"NM_002524.5(NRAS):c.90T>C (p.Asp30=)","chr1","114716071","A/G","NRAS","0.11","dataset1191","Synonymous","Neutral to the IFNG cytokine expression in CD4⁺ T cell","IFNG cytokine expression","4","Functionally normal","","","NA","CRISPR-Based Genome Editing","Base editing","38093011"
"NM_002524.5(NRAS):c.88G>A (p.Asp30Asn)","chr1","114716073","C/T","NRAS","0.241","dataset1191","Missense","Neutral to the IFNG cytokine expression in CD4⁺ T cell","IFNG cytokine expression","4","Functionally normal","Uncertain significance","","NA","CRISPR-Based Genome Editing","Base editing","38093011"
"NM_002524.5(NRAS):c.85G>A (p.Val29Ile)","chr1","114716076","C/T","NRAS","-0.091","dataset1191","Missense","Neutral to the IFNG cytokine expression in CD4⁺ T cell","IFNG cytokine expression","4","Functionally normal","Uncertain significance","1.85949e-06","NA","CRISPR-Based Genome Editing","Base editing","38093011"
"NM_002524.5(NRAS):c.83T>C (p.Phe28Ser)","chr1","114716078","A/G","NRAS","-0.169","dataset1191","Missense","Neutral to the IFNG cytokine expression in CD4⁺ T cell","IFNG cytokine expression","4","Functionally normal","","","NA","CRISPR-Based Genome Editing","Base editing","38093011"
"NM_002524.5(NRAS):c.82T>C (p.Phe28Leu)","chr1","114716079","A/G","NRAS","-0.169","dataset1191","Missense","Neutral to the IFNG cytokine expression in CD4⁺ T cell","IFNG cytokine expression","4","Functionally normal","","","NA","CRISPR-Based Genome Editing","Base editing","38093011"
"NM_002524.5(NRAS):c.32C>T (p.Ala11Val)","chr1","114716129","G/A","NRAS","0.132","dataset1191","Missense","Neutral to the IFNG cytokine expression in CD4⁺ T cell","IFNG cytokine expression","4","Functionally normal","","","NA","CRISPR-Based Genome Editing","Base editing","38093011"
"NM_002524.5(NRAS):c.30A>G (p.Gly10=)","chr1","114716131","T/C","NRAS","0.033","dataset1191","Synonymous","Neutral to the IFNG cytokine expression in CD4⁺ T cell","IFNG cytokine expression","3","Functionally normal","","","NA","CRISPR-Based Genome Editing","Base editing","38093011"
"NM_002524.5(NRAS):c.16C>T (p.Leu6=)","chr1","114716145","G/A","NRAS","0.093","dataset1191","Synonymous","Neutral to the IFNG cytokine expression in CD4⁺ T cell","IFNG cytokine expression","4","Functionally normal","","","NA","CRISPR-Based Genome Editing","Base editing","38093011"
"NM_002524.5(NRAS):c.15A>G (p.Lys5=)","chr1","114716146","T/C","NRAS","-0.106","dataset1191","Synonymous","Neutral to the IFNG cytokine expression in CD4⁺ T cell","IFNG cytokine expression","4","Functionally normal","","","NA","CRISPR-Based Genome Editing","Base editing","38093011"
"NM_002524.5(NRAS):c.14A>G (p.Lys5Arg)","chr1","114716147","T/C","NRAS","0.114","dataset1191","Missense","Neutral to the IFNG cytokine expression in CD4⁺ T cell","IFNG cytokine expression","4","Functionally normal","","","NA","CRISPR-Based Genome Editing","Base editing","38093011"
"NM_002524.5(NRAS):c.13A>G (p.Lys5Glu)","chr1","114716148","T/C","NRAS","0.114","dataset1191","Missense","Neutral to the IFNG cytokine expression in CD4⁺ T cell","IFNG cytokine expression","4","Functionally normal","","","NA","CRISPR-Based Genome Editing","Base editing","38093011"
"NM_002524.5(NRAS):c.12C>T (p.Tyr4=)","chr1","114716149","G/A","NRAS","-0.085","dataset1191","Synonymous","Neutral to the IFNG cytokine expression in CD4⁺ T cell","IFNG cytokine expression","4","Functionally normal","","","NA","CRISPR-Based Genome Editing","Base editing","38093011"
"NM_002524.5(NRAS):c.11A>G (p.Tyr4Cys)","chr1","114716150","T/C","NRAS","0.114","dataset1191","Missense","Neutral to the IFNG cytokine expression in CD4⁺ T cell","IFNG cytokine expression","4","Functionally normal","","","NA","CRISPR-Based Genome Editing","Base editing","38093011"
"NM_002524.5(NRAS):c.8A>G (p.Glu3Gly)","chr1","114716153","T/C","NRAS","0.199","dataset1191","Missense","Neutral to the IFNG cytokine expression in CD4⁺ T cell","IFNG cytokine expression","4","Functionally normal","","","NA","CRISPR-Based Genome Editing","Base editing","38093011"
"NM_002524.5(NRAS):c.5C>T (p.Thr2Ile)","chr1","114716156","G/A","NRAS","0.146","dataset1191","Missense","Neutral to the IFNG cytokine expression in CD4⁺ T cell","IFNG cytokine expression","4","Functionally normal","Uncertain significance","","NA","CRISPR-Based Genome Editing","Base editing","38093011"
"NM_002524.5(NRAS):c.4A>G (p.Thr2Ala)","chr1","114716157","T/C","NRAS","-0.005","dataset1191","Missense","Neutral to the IFNG cytokine expression in CD4⁺ T cell","IFNG cytokine expression","4","Functionally normal","Uncertain significance","","NA","CRISPR-Based Genome Editing","Base editing","38093011"
"NM_002524.5(NRAS):c.1A>G (p.Met1?)","chr1","114716160","T/C","NRAS","-0.116","dataset1191","Start_lost","Neutral to the IFNG cytokine expression in CD4⁺ T cell","IFNG cytokine expression","4","Functionally normal","","6.22117e-07","NA","CRISPR-Based Genome Editing","Base editing","38093011"
