"Identifier","Chrom","Position","Ref/Alt","Gene name","Score","Dataset ID","Molecular consequence","Functional description","Phenotype","Cross-assay hits","Functional classification","ClinVar information","Population frequency","TCGA summary","MAVE technique","Mutagenesis strategy","Publication"
"NM_001145306.2(CDK6):c.*46G>A","chr7","92615094","C/T","CDK6","-0.222","dataset0319","UTR","Neutral to the sensitivity to drug Talazoparib in HAP1","sensitivity to drug Talazoparib","6","Functionally normal","","6.21728e-07","NA","CRISPR-Based Genome Editing","Base editing","33606977"
"NM_001145306.2(CDK6):c.*45G>A","chr7","92615095","C/T","CDK6","-0.222","dataset0319","UTR","Neutral to the sensitivity to drug Talazoparib in HAP1","sensitivity to drug Talazoparib","6","Functionally normal","","1.86487e-06","NA","CRISPR-Based Genome Editing","Base editing","33606977"
"NM_001145306.2(CDK6):c.*33G>A","chr7","92615107","C/T","CDK6","-0.755","dataset0319","UTR","Neutral to the sensitivity to drug Talazoparib in HAP1","sensitivity to drug Talazoparib","6","Functionally normal","","","NA","CRISPR-Based Genome Editing","Base editing","33606977"
"NM_001145306.2(CDK6):c.*32G>A","chr7","92615108","C/T","CDK6","-0.755","dataset0319","UTR","Neutral to the sensitivity to drug Talazoparib in HAP1","sensitivity to drug Talazoparib","6","Functionally normal","Benign","0.219431","NA","CRISPR-Based Genome Editing","Base editing","33606977"
"NM_001145306.2(CDK6):c.*28C>T","chr7","92615112","G/A","CDK6","-0.665","dataset0319","UTR","Neutral to the sensitivity to drug Talazoparib in HAP1","sensitivity to drug Talazoparib","6","Functionally normal","","","NA","CRISPR-Based Genome Editing","Base editing","33606977"
"NM_001145306.2(CDK6):c.*27C>T","chr7","92615113","G/A","CDK6","-0.665","dataset0319","UTR","Neutral to the sensitivity to drug Talazoparib in HAP1","sensitivity to drug Talazoparib","6","Functionally normal","","6.20218e-06","NA","CRISPR-Based Genome Editing","Base editing","33606977"
"NM_001145306.2(CDK6):c.*16C>T","chr7","92615124","G/A","CDK6","-1.004","dataset0319","UTR","Neutral to the sensitivity to drug Talazoparib in HAP1","sensitivity to drug Talazoparib","6","Functionally normal","","","NA","CRISPR-Based Genome Editing","Base editing","33606977"
"NM_001145306.2(CDK6):c.969G>A (p.Leu323=)","chr7","92615152","C/T","CDK6","0.567","dataset0319","Synonymous","Neutral to the sensitivity to drug Talazoparib in HAP1","sensitivity to drug Talazoparib","10","Functionally normal","","8.67526e-06","NA","CRISPR-Based Genome Editing","Base editing","33606977"
"NM_001145306.2(CDK6):c.964G>A (p.Glu322Lys)","chr7","92615157","C/T","CDK6","0.4725","dataset0319","Missense","Neutral to the sensitivity to drug Talazoparib in HAP1","sensitivity to drug Talazoparib","10","Functionally normal","","","NA","CRISPR-Based Genome Editing","Base editing","33606977"
"NM_001145306.2(CDK6):c.963G>A (p.Ser321=)","chr7","92615158","C/T","CDK6","0.4725","dataset0319","Synonymous","Neutral to the sensitivity to drug Talazoparib in HAP1","sensitivity to drug Talazoparib","10","Functionally normal","","2.41677e-05","NA","CRISPR-Based Genome Editing","Base editing","33606977"
"NM_001145306.2(CDK6):c.954G>A (p.Gln318=)","chr7","92615167","C/T","CDK6","-0.65","dataset0319","Synonymous","Neutral to the sensitivity to drug Talazoparib in HAP1","sensitivity to drug Talazoparib","10","Functionally normal","","","NA","CRISPR-Based Genome Editing","Base editing","33606977"
"NM_001145306.2(CDK6):c.947_948delinsTT (p.Pro316Leu)","chr7","92615173","GG/AA","CDK6","-2.834","dataset0319","Missense","The reduced sensitivity to drug Talazoparib in HAP1","sensitivity to drug Talazoparib","6","Loss-of-function","","","NA","CRISPR-Based Genome Editing","Base editing","33606977"
"NM_001145306.2(CDK6):c.915G>A (p.Arg305=)","chr7","92615206","C/T","CDK6","-1.906","dataset0319","Synonymous","Neutral to the sensitivity to drug Talazoparib in HAP1","sensitivity to drug Talazoparib","10","Functionally normal","","","NA","CRISPR-Based Genome Editing","Base editing","33606977"
"NM_001145306.2(CDK6):c.910G>A (p.Glu304Lys)","chr7","92615211","C/T","CDK6","0.413","dataset0319","Missense","Neutral to the sensitivity to drug Talazoparib in HAP1","sensitivity to drug Talazoparib","10","Functionally normal","","0","NA","CRISPR-Based Genome Editing","Base editing","33606977"
"NM_001145306.2(CDK6):c.909G>A (p.Leu303=)","chr7","92615212","C/T","CDK6","0.413","dataset0319","Synonymous","Neutral to the sensitivity to drug Talazoparib in HAP1","sensitivity to drug Talazoparib","6","Functionally normal","","","NA","CRISPR-Based Genome Editing","Base editing","33606977"
"NM_001145306.2(CDK6):c.900C>T (p.Phe300=)","chr7","92615221","G/A","CDK6","-1.858","dataset0319","Synonymous","Neutral to the sensitivity to drug Talazoparib in HAP1","sensitivity to drug Talazoparib","10","Functionally normal","","","NA","CRISPR-Based Genome Editing","Base editing","33606977"
"NM_001145306.2(CDK6):c.897C>T (p.Tyr299=)","chr7","92615224","G/A","CDK6","-1.858","dataset0319","Synonymous","Neutral to the sensitivity to drug Talazoparib in HAP1","sensitivity to drug Talazoparib","10","Functionally normal","","","NA","CRISPR-Based Genome Editing","Base editing","33606977"
"NM_001145306.2(CDK6):c.892_893delinsTT (p.Pro298Leu)","chr7","92615228","GG/AA","CDK6","-1.068","dataset0319","Missense","Neutral to the sensitivity to drug Talazoparib in HAP1","sensitivity to drug Talazoparib","6","Functionally normal","","","NA","CRISPR-Based Genome Editing","Base editing","33606977"
"NM_001145306.2(CDK6):c.891C>T (p.His297=)","chr7","92615230","G/A","CDK6","-1.068","dataset0319","Synonymous","Neutral to the sensitivity to drug Talazoparib in HAP1","sensitivity to drug Talazoparib","6","Functionally normal","","","NA","CRISPR-Based Genome Editing","Base editing","33606977"
"NM_001145306.2(CDK6):c.889C>T (p.His297Tyr)","chr7","92615232","G/A","CDK6","-1.637","dataset0319","Missense","Neutral to the sensitivity to drug Talazoparib in HAP1","sensitivity to drug Talazoparib","6","Functionally normal","","","NA","CRISPR-Based Genome Editing","Base editing","33606977"
"NM_001145306.2(CDK6):c.887C>T (p.Ser296Phe)","chr7","92615234","G/A","CDK6","-1.637","dataset0319","Missense","Neutral to the sensitivity to drug Talazoparib in HAP1","sensitivity to drug Talazoparib","6","Functionally normal","","","NA","CRISPR-Based Genome Editing","Base editing","33606977"
"NM_001145306.2(CDK6):c.800C>T (p.Thr267Ile)","chr7","92618106","G/A","CDK6","-1.326","dataset0319","Missense","Neutral to the sensitivity to drug Talazoparib in HAP1","sensitivity to drug Talazoparib","10","Functionally normal","","","NA","CRISPR-Based Genome Editing","Base editing","33606977"
"NM_001145306.2(CDK6):c.796G>A (p.Val266Ile)","chr7","92618110","C/T","CDK6","0.486","dataset0319","Missense","Neutral to the sensitivity to drug Talazoparib in HAP1","sensitivity to drug Talazoparib","10","Functionally normal","","","NA","CRISPR-Based Genome Editing","Base editing","33606977"
"NM_001145306.2(CDK6):c.792G>A (p.Lys264=)","chr7","92618114","C/T","CDK6","0.181","dataset0319","Synonymous","Neutral to the sensitivity to drug Talazoparib in HAP1","sensitivity to drug Talazoparib","10","Functionally normal","","6.19516e-07","NA","CRISPR-Based Genome Editing","Base editing","33606977"
"NM_001145306.2(CDK6):c.728G>A (p.Trp243Ter)","chr7","92618178","C/T","CDK6","1.2215","dataset0319","Nonsense","Neutral to the sensitivity to drug Talazoparib in HAP1","sensitivity to drug Talazoparib","10","Functionally normal","","","NA","CRISPR-Based Genome Editing","Base editing","33606977"
"NM_001145306.2(CDK6):c.712_713delinsTT (p.Pro238Leu)","chr7","92618193","GG/AA","CDK6","-0.732","dataset0319","Missense","Neutral to the sensitivity to drug Talazoparib in HAP1","sensitivity to drug Talazoparib","6","Functionally normal","","","NA","CRISPR-Based Genome Editing","Base editing","33606977"
"NM_001145306.2(CDK6):c.711C>T (p.Leu237=)","chr7","92618195","G/A","CDK6","-0.732","dataset0319","Synonymous","Neutral to the sensitivity to drug Talazoparib in HAP1","sensitivity to drug Talazoparib","10","Functionally normal","","","NA","CRISPR-Based Genome Editing","Base editing","33606977"
"NM_001145306.2(CDK6):c.699-4G>A","chr7","92618211","C/T","CDK6","-0.374","dataset0319","Splice site","Neutral to the sensitivity to drug Talazoparib in HAP1","sensitivity to drug Talazoparib","6","Functionally normal","","","NA","CRISPR-Based Genome Editing","Base editing","33606977"
"NM_001145306.2(CDK6):c.682C>T (p.Leu228=)","chr7","92623052","G/A","CDK6","-0.217","dataset0319","Synonymous","Neutral to the sensitivity to drug Talazoparib in HAP1","sensitivity to drug Talazoparib","10","Functionally normal","","","NA","CRISPR-Based Genome Editing","Base editing","33606977"
"NM_001145306.2(CDK6):c.679C>T (p.Gln227Ter)","chr7","92623055","G/A","CDK6","-0.217","dataset0319","Nonsense","Neutral to the sensitivity to drug Talazoparib in HAP1","sensitivity to drug Talazoparib","10","Functionally normal","","","NA","CRISPR-Based Genome Editing","Base editing","33606977"
"NM_001145306.2(CDK6):c.668C>T (p.Ser223Leu)","chr7","92623066","G/A","CDK6","-2.563","dataset0319","Missense","The reduced sensitivity to drug Talazoparib in HAP1","sensitivity to drug Talazoparib","10","Loss-of-function","","0","NA","CRISPR-Based Genome Editing","Base editing","33606977"
"NM_001145306.2(CDK6):c.665G>A (p.Ser222Asn)","chr7","92623069","C/T","CDK6","0.339","dataset0319","Missense","Neutral to the sensitivity to drug Talazoparib in HAP1","sensitivity to drug Talazoparib","10","Functionally normal","","0","NA","CRISPR-Based Genome Editing","Base editing","33606977"
"NM_001145306.2(CDK6):c.647+33C>T","chr7","92671393","G/A","CDK6","-1.685","dataset0319","Intron","Neutral to the sensitivity to drug Talazoparib in HAP1","sensitivity to drug Talazoparib","6","Functionally normal","","0","NA","CRISPR-Based Genome Editing","Base editing","33606977"
"NM_001145306.2(CDK6):c.647+32C>T","chr7","92671394","G/A","CDK6","-1.685","dataset0319","Intron","Neutral to the sensitivity to drug Talazoparib in HAP1","sensitivity to drug Talazoparib","6","Functionally normal","","7.35176e-07","NA","CRISPR-Based Genome Editing","Base editing","33606977"
"NM_001145306.2(CDK6):c.613G>A (p.Val205Ile)","chr7","92671460","C/T","CDK6","0.645333","dataset0319","Missense","Neutral to the sensitivity to drug Talazoparib in HAP1","sensitivity to drug Talazoparib","10","Functionally normal","","1.9621e-05","NA","CRISPR-Based Genome Editing","Base editing","33606977"
"NM_001145306.2(CDK6):c.611G>A (p.Ser204Asn)","chr7","92671462","C/T","CDK6","0.90125","dataset0319","Missense","Neutral to the sensitivity to drug Talazoparib in HAP1","sensitivity to drug Talazoparib","10","Functionally normal","","","NA","CRISPR-Based Genome Editing","Base editing","33606977"
"NM_001145306.2(CDK6):c.608_609delinsAA (p.Trp203Ter)","chr7","92671464","CC/TT","CDK6","1.788","dataset0319","Nonsense","Neutral to the sensitivity to drug Talazoparib in HAP1","sensitivity to drug Talazoparib","6","Functionally normal","","","NA","CRISPR-Based Genome Editing","Base editing","33606977"
"NM_001145306.2(CDK6):c.609G>A (p.Trp203Ter)","chr7","92671464","C/T","CDK6","2.255","dataset0319","Nonsense","The enhanced sensitivity to drug Talazoparib in HAP1","sensitivity to drug Talazoparib","10","Gain-of-function","","","NA","CRISPR-Based Genome Editing","Base editing","33606977"
"NM_001145306.2(CDK6):c.593_594delinsTT (p.Thr198Ile)","chr7","92671479","GG/AA","CDK6","-1.48","dataset0319","Missense","Neutral to the sensitivity to drug Talazoparib in HAP1","sensitivity to drug Talazoparib","6","Functionally normal","","","NA","CRISPR-Based Genome Editing","Base editing","33606977"
"NM_001145306.2(CDK6):c.591C>T (p.Ala197=)","chr7","92671482","G/A","CDK6","-1.48","dataset0319","Synonymous","Neutral to the sensitivity to drug Talazoparib in HAP1","sensitivity to drug Talazoparib","10","Functionally normal","","","NA","CRISPR-Based Genome Editing","Base editing","33606977"
"NM_001145306.2(CDK6):c.582C>T (p.Ser194=)","chr7","92671491","G/A","CDK6","-0.502","dataset0319","Synonymous","Neutral to the sensitivity to drug Talazoparib in HAP1","sensitivity to drug Talazoparib","6","Functionally normal","","0","NA","CRISPR-Based Genome Editing","Base editing","33606977"
"NM_001145306.2(CDK6):c.579G>A (p.Gln193=)","chr7","92671494","C/T","CDK6","-0.205","dataset0319","Synonymous","Neutral to the sensitivity to drug Talazoparib in HAP1","sensitivity to drug Talazoparib","10","Functionally normal","","1.263e-06","NA","CRISPR-Based Genome Editing","Base editing","33606977"
"NM_001145306.2(CDK6):c.541G>A (p.Val181Ile)","chr7","92671532","C/T","CDK6","0.772","dataset0319","Missense","Neutral to the sensitivity to drug Talazoparib in HAP1","sensitivity to drug Talazoparib","10","Functionally normal","","5.16005e-06","NA","CRISPR-Based Genome Editing","Base editing","33606977"
"NM_001145306.2(CDK6):c.538G>A (p.Val180Ile)","chr7","92671535","C/T","CDK6","0.772","dataset0319","Missense","Neutral to the sensitivity to drug Talazoparib in HAP1","sensitivity to drug Talazoparib","6","Functionally normal","","0","NA","CRISPR-Based Genome Editing","Base editing","33606977"
"NM_001145306.2(CDK6):c.538-1G>A","chr7","92671536","C/T","CDK6","0.772","dataset0319","Splice site","Neutral to the sensitivity to drug Talazoparib in HAP1","sensitivity to drug Talazoparib","6","Functionally normal","","","NA","CRISPR-Based Genome Editing","Base editing","33606977"
"NM_001145306.2(CDK6):c.538-15C>T","chr7","92671550","G/A","CDK6","-0.833","dataset0319","Splice site","Neutral to the sensitivity to drug Talazoparib in HAP1","sensitivity to drug Talazoparib","6","Functionally normal","","2.07719e-05","NA","CRISPR-Based Genome Editing","Base editing","33606977"
"NM_001145306.2(CDK6):c.538-16C>T","chr7","92671551","G/A","CDK6","-0.833","dataset0319","Splice site","Neutral to the sensitivity to drug Talazoparib in HAP1","sensitivity to drug Talazoparib","6","Functionally normal","","0","NA","CRISPR-Based Genome Editing","Base editing","33606977"
"NM_001145306.2(CDK6):c.537+11G>A","chr7","92725615","C/T","CDK6","0.311","dataset0319","Intron","Neutral to the sensitivity to drug Talazoparib in HAP1","sensitivity to drug Talazoparib","6","Functionally normal","","","NA","CRISPR-Based Genome Editing","Base editing","33606977"
"NM_001145306.2(CDK6):c.537+9G>A","chr7","92725617","C/T","CDK6","0.311","dataset0319","Intron","Neutral to the sensitivity to drug Talazoparib in HAP1","sensitivity to drug Talazoparib","6","Functionally normal","","","NA","CRISPR-Based Genome Editing","Base editing","33606977"
"NM_001145306.2(CDK6):c.535G>A (p.Val179Met)","chr7","92725628","C/T","CDK6","1.58","dataset0319","Missense","Neutral to the sensitivity to drug Talazoparib in HAP1","sensitivity to drug Talazoparib","10","Functionally normal","","","NA","CRISPR-Based Genome Editing","Base editing","33606977"
"NM_001145306.2(CDK6):c.519G>A (p.Gln173=)","chr7","92725644","C/T","CDK6","-0.758","dataset0319","Synonymous","Neutral to the sensitivity to drug Talazoparib in HAP1","sensitivity to drug Talazoparib","10","Functionally normal","","","NA","CRISPR-Based Genome Editing","Base editing","33606977"
"NM_001145306.2(CDK6):c.512G>A (p.Ser171Asn)","chr7","92725651","C/T","CDK6","1.072","dataset0319","Missense","Neutral to the sensitivity to drug Talazoparib in HAP1","sensitivity to drug Talazoparib","10","Functionally normal","","","NA","CRISPR-Based Genome Editing","Base editing","33606977"
"NM_001145306.2(CDK6):c.507C>T (p.Ile169=)","chr7","92725656","G/A","CDK6","0.568","dataset0319","Synonymous","Neutral to the sensitivity to drug Talazoparib in HAP1","sensitivity to drug Talazoparib","10","Functionally normal","","6.19546e-07","NA","CRISPR-Based Genome Editing","Base editing","33606977"
"NM_001145306.2(CDK6):c.454C>T (p.Leu152=)","chr7","92725709","G/A","CDK6","0.468","dataset0319","Synonymous","Neutral to the sensitivity to drug Talazoparib in HAP1","sensitivity to drug Talazoparib","10","Functionally normal","","","NA","CRISPR-Based Genome Editing","Base editing","33606977"
"NM_001145306.2(CDK6):c.442C>T (p.Pro148Ser)","chr7","92725721","G/A","CDK6","-0.574","dataset0319","Missense","Neutral to the sensitivity to drug Talazoparib in HAP1","sensitivity to drug Talazoparib","10","Functionally normal","","","NA","CRISPR-Based Genome Editing","Base editing","33606977"
"NM_001145306.2(CDK6):c.433G>A (p.Asp145Asn)","chr7","92725730","C/T","CDK6","-0.425","dataset0319","Missense","Neutral to the sensitivity to drug Talazoparib in HAP1","sensitivity to drug Talazoparib","10","Functionally normal","","","NA","CRISPR-Based Genome Editing","Base editing","33606977"
"NM_001145306.2(CDK6):c.382C>T (p.Gln128Ter)","chr7","92725781","G/A","CDK6","0.003","dataset0319","Nonsense","Neutral to the sensitivity to drug Talazoparib in HAP1","sensitivity to drug Talazoparib","10","Functionally normal","","","hnsc:0.2% (1/523):0.030","CRISPR-Based Genome Editing","Base editing","33606977"
"NM_001145306.2(CDK6):c.369+15C>T","chr7","92774681","G/A","CDK6","-1.186","dataset0319","Intron","Neutral to the sensitivity to drug Talazoparib in HAP1","sensitivity to drug Talazoparib","6","Functionally normal","","","NA","CRISPR-Based Genome Editing","Base editing","33606977"
"NM_001145306.2(CDK6):c.369+12C>T","chr7","92774684","G/A","CDK6","-1.186","dataset0319","Intron","Neutral to the sensitivity to drug Talazoparib in HAP1","sensitivity to drug Talazoparib","6","Functionally normal","","","NA","CRISPR-Based Genome Editing","Base editing","33606977"
"NM_001145306.2(CDK6):c.369+8G>A","chr7","92774688","C/T","CDK6","-0.926","dataset0319","Splice site","Neutral to the sensitivity to drug Talazoparib in HAP1","sensitivity to drug Talazoparib","6","Functionally normal","","","NA","CRISPR-Based Genome Editing","Base editing","33606977"
"NM_001145306.2(CDK6):c.369+1G>A","chr7","92774695","C/T","CDK6","0.9905","dataset0319","Splice site","Neutral to the sensitivity to drug Talazoparib in HAP1","sensitivity to drug Talazoparib","6","Functionally normal","","","NA","CRISPR-Based Genome Editing","Base editing","33606977"
"NM_001145306.2(CDK6):c.369G>A (p.Lys123=)","chr7","92774696","C/T","CDK6","0.9905","dataset0319","Splice site","Neutral to the sensitivity to drug Talazoparib in HAP1","sensitivity to drug Talazoparib","10","Functionally normal","","","NA","CRISPR-Based Genome Editing","Base editing","33606977"
"NM_001145306.2(CDK6):c.358G>A (p.Glu120Lys)","chr7","92774707","C/T","CDK6","-0.855","dataset0319","Missense","Neutral to the sensitivity to drug Talazoparib in HAP1","sensitivity to drug Talazoparib","10","Functionally normal","","","NA","CRISPR-Based Genome Editing","Base editing","33606977"
"NM_001145306.2(CDK6):c.353_354delinsTT (p.Pro118Leu)","chr7","92774711","GG/AA","CDK6","2.56","dataset0319","Missense","The enhanced sensitivity to drug Talazoparib in HAP1","sensitivity to drug Talazoparib","6","Gain-of-function","","","NA","CRISPR-Based Genome Editing","Base editing","33606977"
"NM_001145306.2(CDK6):c.334G>A (p.Val112Ile)","chr7","92774731","C/T","CDK6","-0.333","dataset0319","Missense","Neutral to the sensitivity to drug Talazoparib in HAP1","sensitivity to drug Talazoparib","10","Functionally normal","","4.96923e-06","NA","CRISPR-Based Genome Editing","Base editing","33606977"
"NM_001145306.2(CDK6):c.312C>T (p.Asp104=)","chr7","92774753","G/A","CDK6","-0.506","dataset0319","Synonymous","Neutral to the sensitivity to drug Talazoparib in HAP1","sensitivity to drug Talazoparib","10","Functionally normal","","6.19962e-07","NA","CRISPR-Based Genome Editing","Base editing","33606977"
"NM_001145306.2(CDK6):c.234-14G>A","chr7","92774845","C/T","CDK6","-4.366","dataset0319","Splice site","The reduced sensitivity to drug Talazoparib in HAP1","sensitivity to drug Talazoparib","6","Loss-of-function","","","NA","CRISPR-Based Genome Editing","Base editing","33606977"
"NM_001145306.2(CDK6):c.233+29C>T","chr7","92833062","G/A","CDK6","0.281","dataset0319","Intron","Neutral to the sensitivity to drug Talazoparib in HAP1","sensitivity to drug Talazoparib","6","Functionally normal","","2.68468e-06","NA","CRISPR-Based Genome Editing","Base editing","33606977"
"NM_001145306.2(CDK6):c.233+3G>A","chr7","92833088","C/T","CDK6","0.390667","dataset0319","Splice site","Neutral to the sensitivity to drug Talazoparib in HAP1","sensitivity to drug Talazoparib","6","Functionally normal","","0","NA","CRISPR-Based Genome Editing","Base editing","33606977"
"NM_001145306.2(CDK6):c.233+1G>A","chr7","92833090","C/T","CDK6","-0.102","dataset0319","Splice site","Neutral to the sensitivity to drug Talazoparib in HAP1","sensitivity to drug Talazoparib","6","Functionally normal","","0","NA","CRISPR-Based Genome Editing","Base editing","33606977"
"NM_001145306.2(CDK6):c.225C>T (p.Asn75=)","chr7","92833099","G/A","CDK6","-0.819","dataset0319","Synonymous","Neutral to the sensitivity to drug Talazoparib in HAP1","sensitivity to drug Talazoparib","10","Functionally normal","","1.88581e-06","NA","CRISPR-Based Genome Editing","Base editing","33606977"
"NM_001145306.2(CDK6):c.219C>T (p.His73=)","chr7","92833105","G/A","CDK6","-1.553","dataset0319","Synonymous","Neutral to the sensitivity to drug Talazoparib in HAP1","sensitivity to drug Talazoparib","10","Functionally normal","","0","NA","CRISPR-Based Genome Editing","Base editing","33606977"
"NM_001145306.2(CDK6):c.213C>T (p.Phe71=)","chr7","92833111","G/A","CDK6","1.096","dataset0319","Synonymous","Neutral to the sensitivity to drug Talazoparib in HAP1","sensitivity to drug Talazoparib","10","Functionally normal","","","NA","CRISPR-Based Genome Editing","Base editing","33606977"
"NM_001145306.2(CDK6):c.210C>T (p.Thr70=)","chr7","92833114","G/A","CDK6","1.096","dataset0319","Synonymous","Neutral to the sensitivity to drug Talazoparib in HAP1","sensitivity to drug Talazoparib","6","Functionally normal","","","NA","CRISPR-Based Genome Editing","Base editing","33606977"
"NM_001145306.2(CDK6):c.195G>A (p.Leu65=)","chr7","92833129","C/T","CDK6","0.157","dataset0319","Synonymous","Neutral to the sensitivity to drug Talazoparib in HAP1","sensitivity to drug Talazoparib","10","Functionally normal","","","NA","CRISPR-Based Genome Editing","Base editing","33606977"
"NM_001145306.2(CDK6):c.190G>A (p.Val64Met)","chr7","92833134","C/T","CDK6","0.927","dataset0319","Missense","Neutral to the sensitivity to drug Talazoparib in HAP1","sensitivity to drug Talazoparib","10","Functionally normal","","","NA","CRISPR-Based Genome Editing","Base editing","33606977"
"NM_001145306.2(CDK6):c.189G>A (p.Ala63=)","chr7","92833135","C/T","CDK6","0.335","dataset0319","Synonymous","Neutral to the sensitivity to drug Talazoparib in HAP1","sensitivity to drug Talazoparib","10","Functionally normal","","","NA","CRISPR-Based Genome Editing","Base editing","33606977"
"NM_001145306.2(CDK6):c.186G>A (p.Val62=)","chr7","92833138","C/T","CDK6","-0.257","dataset0319","Synonymous","Neutral to the sensitivity to drug Talazoparib in HAP1","sensitivity to drug Talazoparib","6","Functionally normal","","","NA","CRISPR-Based Genome Editing","Base editing","33606977"
"NM_001145306.2(CDK6):c.181G>A (p.Glu61Lys)","chr7","92833143","C/T","CDK6","0.936","dataset0319","Missense","Neutral to the sensitivity to drug Talazoparib in HAP1","sensitivity to drug Talazoparib","6","Functionally normal","","","NA","CRISPR-Based Genome Editing","Base editing","33606977"
"NM_001145306.2(CDK6):c.173_174delinsTT (p.Thr58Ile)","chr7","92833150","GG/AA","CDK6","-0.066","dataset0319","Missense","Neutral to the sensitivity to drug Talazoparib in HAP1","sensitivity to drug Talazoparib","6","Functionally normal","","","NA","CRISPR-Based Genome Editing","Base editing","33606977"
"NM_001145306.2(CDK6):c.170_171delinsTT (p.Ser57Phe)","chr7","92833153","GG/AA","CDK6","-0.894","dataset0319","Missense","Neutral to the sensitivity to drug Talazoparib in HAP1","sensitivity to drug Talazoparib","6","Functionally normal","","","NA","CRISPR-Based Genome Editing","Base editing","33606977"
"NM_001145306.2(CDK6):c.171C>T (p.Ser57=)","chr7","92833153","G/A","CDK6","-0.066","dataset0319","Synonymous","Neutral to the sensitivity to drug Talazoparib in HAP1","sensitivity to drug Talazoparib","10","Functionally normal","","1.11842e-05","NA","CRISPR-Based Genome Editing","Base editing","33606977"
"NM_001145306.2(CDK6):c.168C>T (p.Leu56=)","chr7","92833156","G/A","CDK6","-0.967","dataset0319","Synonymous","Neutral to the sensitivity to drug Talazoparib in HAP1","sensitivity to drug Talazoparib","10","Functionally normal","","6.21339e-06","NA","CRISPR-Based Genome Editing","Base editing","33606977"
"NM_001145306.2(CDK6):c.126G>A (p.Leu42=)","chr7","92833198","C/T","CDK6","0.162","dataset0319","Synonymous","Neutral to the sensitivity to drug Talazoparib in HAP1","sensitivity to drug Talazoparib","10","Functionally normal","","","NA","CRISPR-Based Genome Editing","Base editing","33606977"
"NM_001145306.2(CDK6):c.109G>A (p.Gly37Ser)","chr7","92833215","C/T","CDK6","-1.049","dataset0319","Missense","Neutral to the sensitivity to drug Talazoparib in HAP1","sensitivity to drug Talazoparib","10","Functionally normal","","","NA","CRISPR-Based Genome Editing","Base editing","33606977"
"NM_001145306.2(CDK6):c.106_107delinsAA (p.Gly36Lys)","chr7","92833217","CC/TT","CDK6","-1.542","dataset0319","Missense","Neutral to the sensitivity to drug Talazoparib in HAP1","sensitivity to drug Talazoparib","6","Functionally normal","","","NA","CRISPR-Based Genome Editing","Base editing","33606977"
"NM_001145306.2(CDK6):c.105C>T (p.Asn35=)","chr7","92833219","G/A","CDK6","0.416","dataset0319","Synonymous","Neutral to the sensitivity to drug Talazoparib in HAP1","sensitivity to drug Talazoparib","10","Functionally normal","","1.24187e-06","NA","CRISPR-Based Genome Editing","Base editing","33606977"
"NM_001145306.2(CDK6):c.91C>T (p.Arg31Cys)","chr7","92833233","G/A","CDK6","0.203","dataset0319","Missense","Neutral to the sensitivity to drug Talazoparib in HAP1","sensitivity to drug Talazoparib","10","Functionally normal","","","NA","CRISPR-Based Genome Editing","Base editing","33606977"
"NM_001145306.2(CDK6):c.90C>T (p.Ala30=)","chr7","92833234","G/A","CDK6","0.595","dataset0319","Synonymous","Neutral to the sensitivity to drug Talazoparib in HAP1","sensitivity to drug Talazoparib","10","Functionally normal","","","NA","CRISPR-Based Genome Editing","Base editing","33606977"
"NM_001145306.2(CDK6):c.87G>A (p.Lys29=)","chr7","92833237","C/T","CDK6","-0.715","dataset0319","Synonymous","Neutral to the sensitivity to drug Talazoparib in HAP1","sensitivity to drug Talazoparib","10","Functionally normal","","","NA","CRISPR-Based Genome Editing","Base editing","33606977"
"NM_001145306.2(CDK6):c.69C>T (p.Ala23=)","chr7","92833255","G/A","CDK6","-2.039","dataset0319","Synonymous","The reduced sensitivity to drug Talazoparib in HAP1","sensitivity to drug Talazoparib","10","Loss-of-function","","1.24188e-06","NA","CRISPR-Based Genome Editing","Base editing","33606977"
"NM_001145306.2(CDK6):c.57C>T (p.Ile19=)","chr7","92833267","G/A","CDK6","-0.083","dataset0319","Synonymous","Neutral to the sensitivity to drug Talazoparib in HAP1","sensitivity to drug Talazoparib","10","Functionally normal","","","NA","CRISPR-Based Genome Editing","Base editing","33606977"
"NM_001145306.2(CDK6):c.40G>A (p.Glu14Lys)","chr7","92833284","C/T","CDK6","-0.246","dataset0319","Missense","Neutral to the sensitivity to drug Talazoparib in HAP1","sensitivity to drug Talazoparib","10","Functionally normal","","2.48674e-06","NA","CRISPR-Based Genome Editing","Base editing","33606977"
"NM_001145306.2(CDK6):c.36G>A (p.Gln12=)","chr7","92833288","C/T","CDK6","-0.246","dataset0319","Synonymous","Neutral to the sensitivity to drug Talazoparib in HAP1","sensitivity to drug Talazoparib","10","Functionally normal","","","NA","CRISPR-Based Genome Editing","Base editing","33606977"
"NM_001145306.2(CDK6):c.31C>T (p.Gln11Ter)","chr7","92833293","G/A","CDK6","1.527","dataset0319","Nonsense","Neutral to the sensitivity to drug Talazoparib in HAP1","sensitivity to drug Talazoparib","10","Functionally normal","","6.22781e-07","NA","CRISPR-Based Genome Editing","Base editing","33606977"
"NM_001145306.2(CDK6):c.30C>T (p.Asp10=)","chr7","92833294","G/A","CDK6","1.527","dataset0319","Synonymous","Neutral to the sensitivity to drug Talazoparib in HAP1","sensitivity to drug Talazoparib","10","Functionally normal","","","NA","CRISPR-Based Genome Editing","Base editing","33606977"
"NM_001145306.2(CDK6):c.10G>A (p.Asp4Asn)","chr7","92833314","C/T","CDK6","-2.819","dataset0319","Missense","The reduced sensitivity to drug Talazoparib in HAP1","sensitivity to drug Talazoparib","10","Loss-of-function","","","NA","CRISPR-Based Genome Editing","Base editing","33606977"
"NM_001145306.2(CDK6):c.9G>A (p.Lys3=)","chr7","92833315","C/T","CDK6","-2.819","dataset0319","Synonymous","The reduced sensitivity to drug Talazoparib in HAP1","sensitivity to drug Talazoparib","10","Loss-of-function","","6.2959e-07","NA","CRISPR-Based Genome Editing","Base editing","33606977"
"NM_001145306.2(CDK6):c.-6G>A","chr7","92833329","C/T","CDK6","1.487","dataset0319","UTR","Neutral to the sensitivity to drug Talazoparib in HAP1","sensitivity to drug Talazoparib","6","Functionally normal","","","NA","CRISPR-Based Genome Editing","Base editing","33606977"
"NM_001145306.2(CDK6):c.-8C>T","chr7","92833331","G/A","CDK6","-0.083","dataset0319","UTR","Neutral to the sensitivity to drug Talazoparib in HAP1","sensitivity to drug Talazoparib","6","Functionally normal","","1.28371e-06","NA","CRISPR-Based Genome Editing","Base editing","33606977"
"NM_001145306.2(CDK6):c.-9C>T","chr7","92833332","G/A","CDK6","-0.083","dataset0319","UTR","Neutral to the sensitivity to drug Talazoparib in HAP1","sensitivity to drug Talazoparib","6","Functionally normal","","0","NA","CRISPR-Based Genome Editing","Base editing","33606977"
"NM_001145306.2(CDK6):c.-24C>T","chr7","92833347","G/A","CDK6","-0.912","dataset0319","UTR","Neutral to the sensitivity to drug Talazoparib in HAP1","sensitivity to drug Talazoparib","6","Functionally normal","","0","NA","CRISPR-Based Genome Editing","Base editing","33606977"
"NM_001145306.2(CDK6):c.*46G>A","chr7","92615094","C/T","CDK6","0.27","dataset0320","UTR","Neutral to the sensitivity to drug Niraparib in HAP1","sensitivity to drug Niraparib","6","Functionally normal","","6.21728e-07","NA","CRISPR-Based Genome Editing","Base editing","33606977"
"NM_001145306.2(CDK6):c.*45G>A","chr7","92615095","C/T","CDK6","0.27","dataset0320","UTR","Neutral to the sensitivity to drug Niraparib in HAP1","sensitivity to drug Niraparib","6","Functionally normal","","1.86487e-06","NA","CRISPR-Based Genome Editing","Base editing","33606977"
"NM_001145306.2(CDK6):c.*33G>A","chr7","92615107","C/T","CDK6","0.57","dataset0320","UTR","Neutral to the sensitivity to drug Niraparib in HAP1","sensitivity to drug Niraparib","6","Functionally normal","","","NA","CRISPR-Based Genome Editing","Base editing","33606977"
"NM_001145306.2(CDK6):c.*32G>A","chr7","92615108","C/T","CDK6","0.57","dataset0320","UTR","Neutral to the sensitivity to drug Niraparib in HAP1","sensitivity to drug Niraparib","6","Functionally normal","Benign","0.219431","NA","CRISPR-Based Genome Editing","Base editing","33606977"
"NM_001145306.2(CDK6):c.*28C>T","chr7","92615112","G/A","CDK6","0.631","dataset0320","UTR","Neutral to the sensitivity to drug Niraparib in HAP1","sensitivity to drug Niraparib","6","Functionally normal","","","NA","CRISPR-Based Genome Editing","Base editing","33606977"
"NM_001145306.2(CDK6):c.*27C>T","chr7","92615113","G/A","CDK6","0.631","dataset0320","UTR","Neutral to the sensitivity to drug Niraparib in HAP1","sensitivity to drug Niraparib","6","Functionally normal","","6.20218e-06","NA","CRISPR-Based Genome Editing","Base editing","33606977"
"NM_001145306.2(CDK6):c.*16C>T","chr7","92615124","G/A","CDK6","0.009","dataset0320","UTR","Neutral to the sensitivity to drug Niraparib in HAP1","sensitivity to drug Niraparib","6","Functionally normal","","","NA","CRISPR-Based Genome Editing","Base editing","33606977"
"NM_001145306.2(CDK6):c.969G>A (p.Leu323=)","chr7","92615152","C/T","CDK6","-0.201","dataset0320","Synonymous","Neutral to the sensitivity to drug Niraparib in HAP1","sensitivity to drug Niraparib","10","Functionally normal","","8.67526e-06","NA","CRISPR-Based Genome Editing","Base editing","33606977"
"NM_001145306.2(CDK6):c.964G>A (p.Glu322Lys)","chr7","92615157","C/T","CDK6","-0.59","dataset0320","Missense","Neutral to the sensitivity to drug Niraparib in HAP1","sensitivity to drug Niraparib","10","Functionally normal","","","NA","CRISPR-Based Genome Editing","Base editing","33606977"
"NM_001145306.2(CDK6):c.963G>A (p.Ser321=)","chr7","92615158","C/T","CDK6","-0.59","dataset0320","Synonymous","Neutral to the sensitivity to drug Niraparib in HAP1","sensitivity to drug Niraparib","10","Functionally normal","","2.41677e-05","NA","CRISPR-Based Genome Editing","Base editing","33606977"
"NM_001145306.2(CDK6):c.954G>A (p.Gln318=)","chr7","92615167","C/T","CDK6","-0.355","dataset0320","Synonymous","Neutral to the sensitivity to drug Niraparib in HAP1","sensitivity to drug Niraparib","10","Functionally normal","","","NA","CRISPR-Based Genome Editing","Base editing","33606977"
"NM_001145306.2(CDK6):c.947_948delinsTT (p.Pro316Leu)","chr7","92615173","GG/AA","CDK6","-0.94","dataset0320","Missense","Neutral to the sensitivity to drug Niraparib in HAP1","sensitivity to drug Niraparib","6","Functionally normal","","","NA","CRISPR-Based Genome Editing","Base editing","33606977"
"NM_001145306.2(CDK6):c.915G>A (p.Arg305=)","chr7","92615206","C/T","CDK6","0.262","dataset0320","Synonymous","Neutral to the sensitivity to drug Niraparib in HAP1","sensitivity to drug Niraparib","10","Functionally normal","","","NA","CRISPR-Based Genome Editing","Base editing","33606977"
"NM_001145306.2(CDK6):c.910G>A (p.Glu304Lys)","chr7","92615211","C/T","CDK6","0.2825","dataset0320","Missense","Neutral to the sensitivity to drug Niraparib in HAP1","sensitivity to drug Niraparib","10","Functionally normal","","0","NA","CRISPR-Based Genome Editing","Base editing","33606977"
"NM_001145306.2(CDK6):c.909G>A (p.Leu303=)","chr7","92615212","C/T","CDK6","0.2825","dataset0320","Synonymous","Neutral to the sensitivity to drug Niraparib in HAP1","sensitivity to drug Niraparib","6","Functionally normal","","","NA","CRISPR-Based Genome Editing","Base editing","33606977"
"NM_001145306.2(CDK6):c.900C>T (p.Phe300=)","chr7","92615221","G/A","CDK6","0.674","dataset0320","Synonymous","Neutral to the sensitivity to drug Niraparib in HAP1","sensitivity to drug Niraparib","10","Functionally normal","","","NA","CRISPR-Based Genome Editing","Base editing","33606977"
"NM_001145306.2(CDK6):c.897C>T (p.Tyr299=)","chr7","92615224","G/A","CDK6","0.674","dataset0320","Synonymous","Neutral to the sensitivity to drug Niraparib in HAP1","sensitivity to drug Niraparib","10","Functionally normal","","","NA","CRISPR-Based Genome Editing","Base editing","33606977"
"NM_001145306.2(CDK6):c.892_893delinsTT (p.Pro298Leu)","chr7","92615228","GG/AA","CDK6","-0.335","dataset0320","Missense","Neutral to the sensitivity to drug Niraparib in HAP1","sensitivity to drug Niraparib","6","Functionally normal","","","NA","CRISPR-Based Genome Editing","Base editing","33606977"
"NM_001145306.2(CDK6):c.891C>T (p.His297=)","chr7","92615230","G/A","CDK6","-0.335","dataset0320","Synonymous","Neutral to the sensitivity to drug Niraparib in HAP1","sensitivity to drug Niraparib","6","Functionally normal","","","NA","CRISPR-Based Genome Editing","Base editing","33606977"
"NM_001145306.2(CDK6):c.889C>T (p.His297Tyr)","chr7","92615232","G/A","CDK6","-0.335","dataset0320","Missense","Neutral to the sensitivity to drug Niraparib in HAP1","sensitivity to drug Niraparib","6","Functionally normal","","","NA","CRISPR-Based Genome Editing","Base editing","33606977"
"NM_001145306.2(CDK6):c.887C>T (p.Ser296Phe)","chr7","92615234","G/A","CDK6","-0.335","dataset0320","Missense","Neutral to the sensitivity to drug Niraparib in HAP1","sensitivity to drug Niraparib","6","Functionally normal","","","NA","CRISPR-Based Genome Editing","Base editing","33606977"
"NM_001145306.2(CDK6):c.800C>T (p.Thr267Ile)","chr7","92618106","G/A","CDK6","-0.195","dataset0320","Missense","Neutral to the sensitivity to drug Niraparib in HAP1","sensitivity to drug Niraparib","10","Functionally normal","","","NA","CRISPR-Based Genome Editing","Base editing","33606977"
"NM_001145306.2(CDK6):c.796G>A (p.Val266Ile)","chr7","92618110","C/T","CDK6","0.768","dataset0320","Missense","Neutral to the sensitivity to drug Niraparib in HAP1","sensitivity to drug Niraparib","10","Functionally normal","","","NA","CRISPR-Based Genome Editing","Base editing","33606977"
"NM_001145306.2(CDK6):c.792G>A (p.Lys264=)","chr7","92618114","C/T","CDK6","-0.713","dataset0320","Synonymous","Neutral to the sensitivity to drug Niraparib in HAP1","sensitivity to drug Niraparib","10","Functionally normal","","6.19516e-07","NA","CRISPR-Based Genome Editing","Base editing","33606977"
"NM_001145306.2(CDK6):c.728G>A (p.Trp243Ter)","chr7","92618178","C/T","CDK6","1.7045","dataset0320","Nonsense","Neutral to the sensitivity to drug Niraparib in HAP1","sensitivity to drug Niraparib","10","Functionally normal","","","NA","CRISPR-Based Genome Editing","Base editing","33606977"
"NM_001145306.2(CDK6):c.712_713delinsTT (p.Pro238Leu)","chr7","92618193","GG/AA","CDK6","0.569","dataset0320","Missense","Neutral to the sensitivity to drug Niraparib in HAP1","sensitivity to drug Niraparib","6","Functionally normal","","","NA","CRISPR-Based Genome Editing","Base editing","33606977"
"NM_001145306.2(CDK6):c.711C>T (p.Leu237=)","chr7","92618195","G/A","CDK6","0.569","dataset0320","Synonymous","Neutral to the sensitivity to drug Niraparib in HAP1","sensitivity to drug Niraparib","10","Functionally normal","","","NA","CRISPR-Based Genome Editing","Base editing","33606977"
"NM_001145306.2(CDK6):c.699-4G>A","chr7","92618211","C/T","CDK6","-2.093","dataset0320","Splice site","The reduced sensitivity to drug Niraparib in HAP1","sensitivity to drug Niraparib","6","Loss-of-function","","","NA","CRISPR-Based Genome Editing","Base editing","33606977"
"NM_001145306.2(CDK6):c.682C>T (p.Leu228=)","chr7","92623052","G/A","CDK6","4.47","dataset0320","Synonymous","The enhanced sensitivity to drug Niraparib in HAP1","sensitivity to drug Niraparib","10","Gain-of-function","","","NA","CRISPR-Based Genome Editing","Base editing","33606977"
"NM_001145306.2(CDK6):c.679C>T (p.Gln227Ter)","chr7","92623055","G/A","CDK6","4.47","dataset0320","Nonsense","The enhanced sensitivity to drug Niraparib in HAP1","sensitivity to drug Niraparib","10","Gain-of-function","","","NA","CRISPR-Based Genome Editing","Base editing","33606977"
"NM_001145306.2(CDK6):c.668C>T (p.Ser223Leu)","chr7","92623066","G/A","CDK6","-0.49","dataset0320","Missense","Neutral to the sensitivity to drug Niraparib in HAP1","sensitivity to drug Niraparib","10","Functionally normal","","0","NA","CRISPR-Based Genome Editing","Base editing","33606977"
"NM_001145306.2(CDK6):c.665G>A (p.Ser222Asn)","chr7","92623069","C/T","CDK6","0.748","dataset0320","Missense","Neutral to the sensitivity to drug Niraparib in HAP1","sensitivity to drug Niraparib","10","Functionally normal","","0","NA","CRISPR-Based Genome Editing","Base editing","33606977"
"NM_001145306.2(CDK6):c.647+33C>T","chr7","92671393","G/A","CDK6","0.57","dataset0320","Intron","Neutral to the sensitivity to drug Niraparib in HAP1","sensitivity to drug Niraparib","6","Functionally normal","","0","NA","CRISPR-Based Genome Editing","Base editing","33606977"
"NM_001145306.2(CDK6):c.647+32C>T","chr7","92671394","G/A","CDK6","0.57","dataset0320","Intron","Neutral to the sensitivity to drug Niraparib in HAP1","sensitivity to drug Niraparib","6","Functionally normal","","7.35176e-07","NA","CRISPR-Based Genome Editing","Base editing","33606977"
"NM_001145306.2(CDK6):c.613G>A (p.Val205Ile)","chr7","92671460","C/T","CDK6","2.29867","dataset0320","Missense","The enhanced sensitivity to drug Niraparib in HAP1","sensitivity to drug Niraparib","10","Gain-of-function","","1.9621e-05","NA","CRISPR-Based Genome Editing","Base editing","33606977"
"NM_001145306.2(CDK6):c.611G>A (p.Ser204Asn)","chr7","92671462","C/T","CDK6","2.239","dataset0320","Missense","The enhanced sensitivity to drug Niraparib in HAP1","sensitivity to drug Niraparib","10","Gain-of-function","","","NA","CRISPR-Based Genome Editing","Base editing","33606977"
"NM_001145306.2(CDK6):c.608_609delinsAA (p.Trp203Ter)","chr7","92671464","CC/TT","CDK6","1.9835","dataset0320","Nonsense","Neutral to the sensitivity to drug Niraparib in HAP1","sensitivity to drug Niraparib","6","Functionally normal","","","NA","CRISPR-Based Genome Editing","Base editing","33606977"
"NM_001145306.2(CDK6):c.609G>A (p.Trp203Ter)","chr7","92671464","C/T","CDK6","6.337","dataset0320","Nonsense","The enhanced sensitivity to drug Niraparib in HAP1","sensitivity to drug Niraparib","10","Gain-of-function","","","NA","CRISPR-Based Genome Editing","Base editing","33606977"
"NM_001145306.2(CDK6):c.593_594delinsTT (p.Thr198Ile)","chr7","92671479","GG/AA","CDK6","-0.631","dataset0320","Missense","Neutral to the sensitivity to drug Niraparib in HAP1","sensitivity to drug Niraparib","6","Functionally normal","","","NA","CRISPR-Based Genome Editing","Base editing","33606977"
"NM_001145306.2(CDK6):c.591C>T (p.Ala197=)","chr7","92671482","G/A","CDK6","-0.631","dataset0320","Synonymous","Neutral to the sensitivity to drug Niraparib in HAP1","sensitivity to drug Niraparib","10","Functionally normal","","","NA","CRISPR-Based Genome Editing","Base editing","33606977"
"NM_001145306.2(CDK6):c.582C>T (p.Ser194=)","chr7","92671491","G/A","CDK6","0.591","dataset0320","Synonymous","Neutral to the sensitivity to drug Niraparib in HAP1","sensitivity to drug Niraparib","6","Functionally normal","","0","NA","CRISPR-Based Genome Editing","Base editing","33606977"
"NM_001145306.2(CDK6):c.579G>A (p.Gln193=)","chr7","92671494","C/T","CDK6","0.618","dataset0320","Synonymous","Neutral to the sensitivity to drug Niraparib in HAP1","sensitivity to drug Niraparib","10","Functionally normal","","1.263e-06","NA","CRISPR-Based Genome Editing","Base editing","33606977"
"NM_001145306.2(CDK6):c.541G>A (p.Val181Ile)","chr7","92671532","C/T","CDK6","1.873","dataset0320","Missense","Neutral to the sensitivity to drug Niraparib in HAP1","sensitivity to drug Niraparib","10","Functionally normal","","5.16005e-06","NA","CRISPR-Based Genome Editing","Base editing","33606977"
"NM_001145306.2(CDK6):c.538G>A (p.Val180Ile)","chr7","92671535","C/T","CDK6","1.873","dataset0320","Missense","Neutral to the sensitivity to drug Niraparib in HAP1","sensitivity to drug Niraparib","6","Functionally normal","","0","NA","CRISPR-Based Genome Editing","Base editing","33606977"
"NM_001145306.2(CDK6):c.538-1G>A","chr7","92671536","C/T","CDK6","1.873","dataset0320","Splice site","Neutral to the sensitivity to drug Niraparib in HAP1","sensitivity to drug Niraparib","6","Functionally normal","","","NA","CRISPR-Based Genome Editing","Base editing","33606977"
"NM_001145306.2(CDK6):c.538-15C>T","chr7","92671550","G/A","CDK6","1.646","dataset0320","Splice site","Neutral to the sensitivity to drug Niraparib in HAP1","sensitivity to drug Niraparib","6","Functionally normal","","2.07719e-05","NA","CRISPR-Based Genome Editing","Base editing","33606977"
"NM_001145306.2(CDK6):c.538-16C>T","chr7","92671551","G/A","CDK6","1.646","dataset0320","Splice site","Neutral to the sensitivity to drug Niraparib in HAP1","sensitivity to drug Niraparib","6","Functionally normal","","0","NA","CRISPR-Based Genome Editing","Base editing","33606977"
"NM_001145306.2(CDK6):c.537+11G>A","chr7","92725615","C/T","CDK6","-0.335","dataset0320","Intron","Neutral to the sensitivity to drug Niraparib in HAP1","sensitivity to drug Niraparib","6","Functionally normal","","","NA","CRISPR-Based Genome Editing","Base editing","33606977"
"NM_001145306.2(CDK6):c.537+9G>A","chr7","92725617","C/T","CDK6","-0.335","dataset0320","Intron","Neutral to the sensitivity to drug Niraparib in HAP1","sensitivity to drug Niraparib","6","Functionally normal","","","NA","CRISPR-Based Genome Editing","Base editing","33606977"
"NM_001145306.2(CDK6):c.535G>A (p.Val179Met)","chr7","92725628","C/T","CDK6","1.049","dataset0320","Missense","Neutral to the sensitivity to drug Niraparib in HAP1","sensitivity to drug Niraparib","10","Functionally normal","","","NA","CRISPR-Based Genome Editing","Base editing","33606977"
"NM_001145306.2(CDK6):c.519G>A (p.Gln173=)","chr7","92725644","C/T","CDK6","-2.4795","dataset0320","Synonymous","The reduced sensitivity to drug Niraparib in HAP1","sensitivity to drug Niraparib","10","Loss-of-function","","","NA","CRISPR-Based Genome Editing","Base editing","33606977"
"NM_001145306.2(CDK6):c.512G>A (p.Ser171Asn)","chr7","92725651","C/T","CDK6","0.032","dataset0320","Missense","Neutral to the sensitivity to drug Niraparib in HAP1","sensitivity to drug Niraparib","10","Functionally normal","","","NA","CRISPR-Based Genome Editing","Base editing","33606977"
"NM_001145306.2(CDK6):c.507C>T (p.Ile169=)","chr7","92725656","G/A","CDK6","2.288","dataset0320","Synonymous","The enhanced sensitivity to drug Niraparib in HAP1","sensitivity to drug Niraparib","10","Gain-of-function","","6.19546e-07","NA","CRISPR-Based Genome Editing","Base editing","33606977"
"NM_001145306.2(CDK6):c.454C>T (p.Leu152=)","chr7","92725709","G/A","CDK6","0.991","dataset0320","Synonymous","Neutral to the sensitivity to drug Niraparib in HAP1","sensitivity to drug Niraparib","10","Functionally normal","","","NA","CRISPR-Based Genome Editing","Base editing","33606977"
"NM_001145306.2(CDK6):c.442C>T (p.Pro148Ser)","chr7","92725721","G/A","CDK6","-0.206","dataset0320","Missense","Neutral to the sensitivity to drug Niraparib in HAP1","sensitivity to drug Niraparib","10","Functionally normal","","","NA","CRISPR-Based Genome Editing","Base editing","33606977"
"NM_001145306.2(CDK6):c.433G>A (p.Asp145Asn)","chr7","92725730","C/T","CDK6","-1.119","dataset0320","Missense","Neutral to the sensitivity to drug Niraparib in HAP1","sensitivity to drug Niraparib","10","Functionally normal","","","NA","CRISPR-Based Genome Editing","Base editing","33606977"
"NM_001145306.2(CDK6):c.382C>T (p.Gln128Ter)","chr7","92725781","G/A","CDK6","0.311","dataset0320","Nonsense","Neutral to the sensitivity to drug Niraparib in HAP1","sensitivity to drug Niraparib","10","Functionally normal","","","hnsc:0.2% (1/523):0.030","CRISPR-Based Genome Editing","Base editing","33606977"
"NM_001145306.2(CDK6):c.369+15C>T","chr7","92774681","G/A","CDK6","0.912","dataset0320","Intron","Neutral to the sensitivity to drug Niraparib in HAP1","sensitivity to drug Niraparib","6","Functionally normal","","","NA","CRISPR-Based Genome Editing","Base editing","33606977"
"NM_001145306.2(CDK6):c.369+12C>T","chr7","92774684","G/A","CDK6","0.912","dataset0320","Intron","Neutral to the sensitivity to drug Niraparib in HAP1","sensitivity to drug Niraparib","6","Functionally normal","","","NA","CRISPR-Based Genome Editing","Base editing","33606977"
"NM_001145306.2(CDK6):c.369+8G>A","chr7","92774688","C/T","CDK6","-0.019","dataset0320","Splice site","Neutral to the sensitivity to drug Niraparib in HAP1","sensitivity to drug Niraparib","6","Functionally normal","","","NA","CRISPR-Based Genome Editing","Base editing","33606977"
"NM_001145306.2(CDK6):c.369+1G>A","chr7","92774695","C/T","CDK6","2.04","dataset0320","Splice site","The enhanced sensitivity to drug Niraparib in HAP1","sensitivity to drug Niraparib","6","Gain-of-function","","","NA","CRISPR-Based Genome Editing","Base editing","33606977"
"NM_001145306.2(CDK6):c.369G>A (p.Lys123=)","chr7","92774696","C/T","CDK6","2.04","dataset0320","Splice site","The enhanced sensitivity to drug Niraparib in HAP1","sensitivity to drug Niraparib","10","Gain-of-function","","","NA","CRISPR-Based Genome Editing","Base editing","33606977"
"NM_001145306.2(CDK6):c.358G>A (p.Glu120Lys)","chr7","92774707","C/T","CDK6","-0.989","dataset0320","Missense","Neutral to the sensitivity to drug Niraparib in HAP1","sensitivity to drug Niraparib","10","Functionally normal","","","NA","CRISPR-Based Genome Editing","Base editing","33606977"
"NM_001145306.2(CDK6):c.353_354delinsTT (p.Pro118Leu)","chr7","92774711","GG/AA","CDK6","2.105","dataset0320","Missense","The enhanced sensitivity to drug Niraparib in HAP1","sensitivity to drug Niraparib","6","Gain-of-function","","","NA","CRISPR-Based Genome Editing","Base editing","33606977"
"NM_001145306.2(CDK6):c.334G>A (p.Val112Ile)","chr7","92774731","C/T","CDK6","-1.329","dataset0320","Missense","Neutral to the sensitivity to drug Niraparib in HAP1","sensitivity to drug Niraparib","10","Functionally normal","","4.96923e-06","NA","CRISPR-Based Genome Editing","Base editing","33606977"
"NM_001145306.2(CDK6):c.312C>T (p.Asp104=)","chr7","92774753","G/A","CDK6","-0.153","dataset0320","Synonymous","Neutral to the sensitivity to drug Niraparib in HAP1","sensitivity to drug Niraparib","10","Functionally normal","","6.19962e-07","NA","CRISPR-Based Genome Editing","Base editing","33606977"
"NM_001145306.2(CDK6):c.234-14G>A","chr7","92774845","C/T","CDK6","-2.13","dataset0320","Splice site","The reduced sensitivity to drug Niraparib in HAP1","sensitivity to drug Niraparib","6","Loss-of-function","","","NA","CRISPR-Based Genome Editing","Base editing","33606977"
"NM_001145306.2(CDK6):c.233+29C>T","chr7","92833062","G/A","CDK6","0.101","dataset0320","Intron","Neutral to the sensitivity to drug Niraparib in HAP1","sensitivity to drug Niraparib","6","Functionally normal","","2.68468e-06","NA","CRISPR-Based Genome Editing","Base editing","33606977"
"NM_001145306.2(CDK6):c.233+3G>A","chr7","92833088","C/T","CDK6","1.109","dataset0320","Splice site","Neutral to the sensitivity to drug Niraparib in HAP1","sensitivity to drug Niraparib","6","Functionally normal","","0","NA","CRISPR-Based Genome Editing","Base editing","33606977"
"NM_001145306.2(CDK6):c.233+1G>A","chr7","92833090","C/T","CDK6","1.915","dataset0320","Splice site","Neutral to the sensitivity to drug Niraparib in HAP1","sensitivity to drug Niraparib","6","Functionally normal","","0","NA","CRISPR-Based Genome Editing","Base editing","33606977"
"NM_001145306.2(CDK6):c.225C>T (p.Asn75=)","chr7","92833099","G/A","CDK6","-0.7075","dataset0320","Synonymous","Neutral to the sensitivity to drug Niraparib in HAP1","sensitivity to drug Niraparib","10","Functionally normal","","1.88581e-06","NA","CRISPR-Based Genome Editing","Base editing","33606977"
"NM_001145306.2(CDK6):c.219C>T (p.His73=)","chr7","92833105","G/A","CDK6","-0.222","dataset0320","Synonymous","Neutral to the sensitivity to drug Niraparib in HAP1","sensitivity to drug Niraparib","10","Functionally normal","","0","NA","CRISPR-Based Genome Editing","Base editing","33606977"
"NM_001145306.2(CDK6):c.213C>T (p.Phe71=)","chr7","92833111","G/A","CDK6","0.629","dataset0320","Synonymous","Neutral to the sensitivity to drug Niraparib in HAP1","sensitivity to drug Niraparib","10","Functionally normal","","","NA","CRISPR-Based Genome Editing","Base editing","33606977"
"NM_001145306.2(CDK6):c.210C>T (p.Thr70=)","chr7","92833114","G/A","CDK6","0.629","dataset0320","Synonymous","Neutral to the sensitivity to drug Niraparib in HAP1","sensitivity to drug Niraparib","6","Functionally normal","","","NA","CRISPR-Based Genome Editing","Base editing","33606977"
"NM_001145306.2(CDK6):c.195G>A (p.Leu65=)","chr7","92833129","C/T","CDK6","-0.41","dataset0320","Synonymous","Neutral to the sensitivity to drug Niraparib in HAP1","sensitivity to drug Niraparib","10","Functionally normal","","","NA","CRISPR-Based Genome Editing","Base editing","33606977"
"NM_001145306.2(CDK6):c.190G>A (p.Val64Met)","chr7","92833134","C/T","CDK6","1.716","dataset0320","Missense","Neutral to the sensitivity to drug Niraparib in HAP1","sensitivity to drug Niraparib","10","Functionally normal","","","NA","CRISPR-Based Genome Editing","Base editing","33606977"
"NM_001145306.2(CDK6):c.189G>A (p.Ala63=)","chr7","92833135","C/T","CDK6","0.9515","dataset0320","Synonymous","Neutral to the sensitivity to drug Niraparib in HAP1","sensitivity to drug Niraparib","10","Functionally normal","","","NA","CRISPR-Based Genome Editing","Base editing","33606977"
"NM_001145306.2(CDK6):c.186G>A (p.Val62=)","chr7","92833138","C/T","CDK6","0.187","dataset0320","Synonymous","Neutral to the sensitivity to drug Niraparib in HAP1","sensitivity to drug Niraparib","6","Functionally normal","","","NA","CRISPR-Based Genome Editing","Base editing","33606977"
"NM_001145306.2(CDK6):c.181G>A (p.Glu61Lys)","chr7","92833143","C/T","CDK6","1.783","dataset0320","Missense","Neutral to the sensitivity to drug Niraparib in HAP1","sensitivity to drug Niraparib","6","Functionally normal","","","NA","CRISPR-Based Genome Editing","Base editing","33606977"
"NM_001145306.2(CDK6):c.173_174delinsTT (p.Thr58Ile)","chr7","92833150","GG/AA","CDK6","0.128","dataset0320","Missense","Neutral to the sensitivity to drug Niraparib in HAP1","sensitivity to drug Niraparib","6","Functionally normal","","","NA","CRISPR-Based Genome Editing","Base editing","33606977"
"NM_001145306.2(CDK6):c.170_171delinsTT (p.Ser57Phe)","chr7","92833153","GG/AA","CDK6","-0.719","dataset0320","Missense","Neutral to the sensitivity to drug Niraparib in HAP1","sensitivity to drug Niraparib","6","Functionally normal","","","NA","CRISPR-Based Genome Editing","Base editing","33606977"
"NM_001145306.2(CDK6):c.171C>T (p.Ser57=)","chr7","92833153","G/A","CDK6","0.128","dataset0320","Synonymous","Neutral to the sensitivity to drug Niraparib in HAP1","sensitivity to drug Niraparib","10","Functionally normal","","1.11842e-05","NA","CRISPR-Based Genome Editing","Base editing","33606977"
"NM_001145306.2(CDK6):c.168C>T (p.Leu56=)","chr7","92833156","G/A","CDK6","-0.45","dataset0320","Synonymous","Neutral to the sensitivity to drug Niraparib in HAP1","sensitivity to drug Niraparib","10","Functionally normal","","6.21339e-06","NA","CRISPR-Based Genome Editing","Base editing","33606977"
"NM_001145306.2(CDK6):c.126G>A (p.Leu42=)","chr7","92833198","C/T","CDK6","0.13","dataset0320","Synonymous","Neutral to the sensitivity to drug Niraparib in HAP1","sensitivity to drug Niraparib","10","Functionally normal","","","NA","CRISPR-Based Genome Editing","Base editing","33606977"
"NM_001145306.2(CDK6):c.109G>A (p.Gly37Ser)","chr7","92833215","C/T","CDK6","-0.589","dataset0320","Missense","Neutral to the sensitivity to drug Niraparib in HAP1","sensitivity to drug Niraparib","10","Functionally normal","","","NA","CRISPR-Based Genome Editing","Base editing","33606977"
"NM_001145306.2(CDK6):c.106_107delinsAA (p.Gly36Lys)","chr7","92833217","CC/TT","CDK6","-0.7995","dataset0320","Missense","Neutral to the sensitivity to drug Niraparib in HAP1","sensitivity to drug Niraparib","6","Functionally normal","","","NA","CRISPR-Based Genome Editing","Base editing","33606977"
"NM_001145306.2(CDK6):c.105C>T (p.Asn35=)","chr7","92833219","G/A","CDK6","0.94","dataset0320","Synonymous","Neutral to the sensitivity to drug Niraparib in HAP1","sensitivity to drug Niraparib","10","Functionally normal","","1.24187e-06","NA","CRISPR-Based Genome Editing","Base editing","33606977"
"NM_001145306.2(CDK6):c.91C>T (p.Arg31Cys)","chr7","92833233","G/A","CDK6","1.228","dataset0320","Missense","Neutral to the sensitivity to drug Niraparib in HAP1","sensitivity to drug Niraparib","10","Functionally normal","","","NA","CRISPR-Based Genome Editing","Base editing","33606977"
"NM_001145306.2(CDK6):c.90C>T (p.Ala30=)","chr7","92833234","G/A","CDK6","1.009","dataset0320","Synonymous","Neutral to the sensitivity to drug Niraparib in HAP1","sensitivity to drug Niraparib","10","Functionally normal","","","NA","CRISPR-Based Genome Editing","Base editing","33606977"
"NM_001145306.2(CDK6):c.87G>A (p.Lys29=)","chr7","92833237","C/T","CDK6","1.516","dataset0320","Synonymous","Neutral to the sensitivity to drug Niraparib in HAP1","sensitivity to drug Niraparib","10","Functionally normal","","","NA","CRISPR-Based Genome Editing","Base editing","33606977"
"NM_001145306.2(CDK6):c.69C>T (p.Ala23=)","chr7","92833255","G/A","CDK6","-0.452","dataset0320","Synonymous","Neutral to the sensitivity to drug Niraparib in HAP1","sensitivity to drug Niraparib","10","Functionally normal","","1.24188e-06","NA","CRISPR-Based Genome Editing","Base editing","33606977"
"NM_001145306.2(CDK6):c.57C>T (p.Ile19=)","chr7","92833267","G/A","CDK6","0.555","dataset0320","Synonymous","Neutral to the sensitivity to drug Niraparib in HAP1","sensitivity to drug Niraparib","10","Functionally normal","","","NA","CRISPR-Based Genome Editing","Base editing","33606977"
"NM_001145306.2(CDK6):c.40G>A (p.Glu14Lys)","chr7","92833284","C/T","CDK6","0.427","dataset0320","Missense","Neutral to the sensitivity to drug Niraparib in HAP1","sensitivity to drug Niraparib","10","Functionally normal","","2.48674e-06","NA","CRISPR-Based Genome Editing","Base editing","33606977"
"NM_001145306.2(CDK6):c.36G>A (p.Gln12=)","chr7","92833288","C/T","CDK6","0.427","dataset0320","Synonymous","Neutral to the sensitivity to drug Niraparib in HAP1","sensitivity to drug Niraparib","10","Functionally normal","","","NA","CRISPR-Based Genome Editing","Base editing","33606977"
"NM_001145306.2(CDK6):c.31C>T (p.Gln11Ter)","chr7","92833293","G/A","CDK6","2.151","dataset0320","Nonsense","The enhanced sensitivity to drug Niraparib in HAP1","sensitivity to drug Niraparib","10","Gain-of-function","","6.22781e-07","NA","CRISPR-Based Genome Editing","Base editing","33606977"
"NM_001145306.2(CDK6):c.30C>T (p.Asp10=)","chr7","92833294","G/A","CDK6","2.151","dataset0320","Synonymous","The enhanced sensitivity to drug Niraparib in HAP1","sensitivity to drug Niraparib","10","Gain-of-function","","","NA","CRISPR-Based Genome Editing","Base editing","33606977"
"NM_001145306.2(CDK6):c.10G>A (p.Asp4Asn)","chr7","92833314","C/T","CDK6","-1.483","dataset0320","Missense","Neutral to the sensitivity to drug Niraparib in HAP1","sensitivity to drug Niraparib","10","Functionally normal","","","NA","CRISPR-Based Genome Editing","Base editing","33606977"
"NM_001145306.2(CDK6):c.9G>A (p.Lys3=)","chr7","92833315","C/T","CDK6","-1.483","dataset0320","Synonymous","Neutral to the sensitivity to drug Niraparib in HAP1","sensitivity to drug Niraparib","10","Functionally normal","","6.2959e-07","NA","CRISPR-Based Genome Editing","Base editing","33606977"
"NM_001145306.2(CDK6):c.-6G>A","chr7","92833329","C/T","CDK6","1.014","dataset0320","UTR","Neutral to the sensitivity to drug Niraparib in HAP1","sensitivity to drug Niraparib","6","Functionally normal","","","NA","CRISPR-Based Genome Editing","Base editing","33606977"
"NM_001145306.2(CDK6):c.-8C>T","chr7","92833331","G/A","CDK6","0.629","dataset0320","UTR","Neutral to the sensitivity to drug Niraparib in HAP1","sensitivity to drug Niraparib","6","Functionally normal","","1.28371e-06","NA","CRISPR-Based Genome Editing","Base editing","33606977"
"NM_001145306.2(CDK6):c.-9C>T","chr7","92833332","G/A","CDK6","0.629","dataset0320","UTR","Neutral to the sensitivity to drug Niraparib in HAP1","sensitivity to drug Niraparib","6","Functionally normal","","0","NA","CRISPR-Based Genome Editing","Base editing","33606977"
"NM_001145306.2(CDK6):c.-24C>T","chr7","92833347","G/A","CDK6","0.197","dataset0320","UTR","Neutral to the sensitivity to drug Niraparib in HAP1","sensitivity to drug Niraparib","6","Functionally normal","","0","NA","CRISPR-Based Genome Editing","Base editing","33606977"
"NM_001145306.2(CDK6):c.*46G>A","chr7","92615094","C/T","CDK6","0.33","dataset0321","UTR","Neutral to the sensitivity to drug Rucaparib in HAP1","sensitivity to drug Rucaparib","6","Functionally normal","","6.21728e-07","NA","CRISPR-Based Genome Editing","Base editing","33606977"
"NM_001145306.2(CDK6):c.*45G>A","chr7","92615095","C/T","CDK6","0.33","dataset0321","UTR","Neutral to the sensitivity to drug Rucaparib in HAP1","sensitivity to drug Rucaparib","6","Functionally normal","","1.86487e-06","NA","CRISPR-Based Genome Editing","Base editing","33606977"
"NM_001145306.2(CDK6):c.*33G>A","chr7","92615107","C/T","CDK6","-0.045","dataset0321","UTR","Neutral to the sensitivity to drug Rucaparib in HAP1","sensitivity to drug Rucaparib","6","Functionally normal","","","NA","CRISPR-Based Genome Editing","Base editing","33606977"
"NM_001145306.2(CDK6):c.*32G>A","chr7","92615108","C/T","CDK6","-0.045","dataset0321","UTR","Neutral to the sensitivity to drug Rucaparib in HAP1","sensitivity to drug Rucaparib","6","Functionally normal","Benign","0.219431","NA","CRISPR-Based Genome Editing","Base editing","33606977"
"NM_001145306.2(CDK6):c.*28C>T","chr7","92615112","G/A","CDK6","-0.711","dataset0321","UTR","Neutral to the sensitivity to drug Rucaparib in HAP1","sensitivity to drug Rucaparib","6","Functionally normal","","","NA","CRISPR-Based Genome Editing","Base editing","33606977"
"NM_001145306.2(CDK6):c.*27C>T","chr7","92615113","G/A","CDK6","-0.711","dataset0321","UTR","Neutral to the sensitivity to drug Rucaparib in HAP1","sensitivity to drug Rucaparib","6","Functionally normal","","6.20218e-06","NA","CRISPR-Based Genome Editing","Base editing","33606977"
"NM_001145306.2(CDK6):c.*16C>T","chr7","92615124","G/A","CDK6","-0.227","dataset0321","UTR","Neutral to the sensitivity to drug Rucaparib in HAP1","sensitivity to drug Rucaparib","6","Functionally normal","","","NA","CRISPR-Based Genome Editing","Base editing","33606977"
"NM_001145306.2(CDK6):c.969G>A (p.Leu323=)","chr7","92615152","C/T","CDK6","-0.366","dataset0321","Synonymous","Neutral to the sensitivity to drug Rucaparib in HAP1","sensitivity to drug Rucaparib","10","Functionally normal","","8.67526e-06","NA","CRISPR-Based Genome Editing","Base editing","33606977"
"NM_001145306.2(CDK6):c.964G>A (p.Glu322Lys)","chr7","92615157","C/T","CDK6","-0.3225","dataset0321","Missense","Neutral to the sensitivity to drug Rucaparib in HAP1","sensitivity to drug Rucaparib","10","Functionally normal","","","NA","CRISPR-Based Genome Editing","Base editing","33606977"
"NM_001145306.2(CDK6):c.963G>A (p.Ser321=)","chr7","92615158","C/T","CDK6","-0.3225","dataset0321","Synonymous","Neutral to the sensitivity to drug Rucaparib in HAP1","sensitivity to drug Rucaparib","10","Functionally normal","","2.41677e-05","NA","CRISPR-Based Genome Editing","Base editing","33606977"
"NM_001145306.2(CDK6):c.954G>A (p.Gln318=)","chr7","92615167","C/T","CDK6","0.198333","dataset0321","Synonymous","Neutral to the sensitivity to drug Rucaparib in HAP1","sensitivity to drug Rucaparib","10","Functionally normal","","","NA","CRISPR-Based Genome Editing","Base editing","33606977"
"NM_001145306.2(CDK6):c.947_948delinsTT (p.Pro316Leu)","chr7","92615173","GG/AA","CDK6","-0.928","dataset0321","Missense","Neutral to the sensitivity to drug Rucaparib in HAP1","sensitivity to drug Rucaparib","6","Functionally normal","","","NA","CRISPR-Based Genome Editing","Base editing","33606977"
"NM_001145306.2(CDK6):c.915G>A (p.Arg305=)","chr7","92615206","C/T","CDK6","-0.665","dataset0321","Synonymous","Neutral to the sensitivity to drug Rucaparib in HAP1","sensitivity to drug Rucaparib","10","Functionally normal","","","NA","CRISPR-Based Genome Editing","Base editing","33606977"
"NM_001145306.2(CDK6):c.910G>A (p.Glu304Lys)","chr7","92615211","C/T","CDK6","-0.0075","dataset0321","Missense","Neutral to the sensitivity to drug Rucaparib in HAP1","sensitivity to drug Rucaparib","10","Functionally normal","","0","NA","CRISPR-Based Genome Editing","Base editing","33606977"
"NM_001145306.2(CDK6):c.909G>A (p.Leu303=)","chr7","92615212","C/T","CDK6","-0.0075","dataset0321","Synonymous","Neutral to the sensitivity to drug Rucaparib in HAP1","sensitivity to drug Rucaparib","6","Functionally normal","","","NA","CRISPR-Based Genome Editing","Base editing","33606977"
"NM_001145306.2(CDK6):c.900C>T (p.Phe300=)","chr7","92615221","G/A","CDK6","0.998","dataset0321","Synonymous","Neutral to the sensitivity to drug Rucaparib in HAP1","sensitivity to drug Rucaparib","10","Functionally normal","","","NA","CRISPR-Based Genome Editing","Base editing","33606977"
"NM_001145306.2(CDK6):c.897C>T (p.Tyr299=)","chr7","92615224","G/A","CDK6","0.998","dataset0321","Synonymous","Neutral to the sensitivity to drug Rucaparib in HAP1","sensitivity to drug Rucaparib","10","Functionally normal","","","NA","CRISPR-Based Genome Editing","Base editing","33606977"
"NM_001145306.2(CDK6):c.892_893delinsTT (p.Pro298Leu)","chr7","92615228","GG/AA","CDK6","0.049","dataset0321","Missense","Neutral to the sensitivity to drug Rucaparib in HAP1","sensitivity to drug Rucaparib","6","Functionally normal","","","NA","CRISPR-Based Genome Editing","Base editing","33606977"
"NM_001145306.2(CDK6):c.891C>T (p.His297=)","chr7","92615230","G/A","CDK6","0.049","dataset0321","Synonymous","Neutral to the sensitivity to drug Rucaparib in HAP1","sensitivity to drug Rucaparib","6","Functionally normal","","","NA","CRISPR-Based Genome Editing","Base editing","33606977"
"NM_001145306.2(CDK6):c.889C>T (p.His297Tyr)","chr7","92615232","G/A","CDK6","1.209","dataset0321","Missense","Neutral to the sensitivity to drug Rucaparib in HAP1","sensitivity to drug Rucaparib","6","Functionally normal","","","NA","CRISPR-Based Genome Editing","Base editing","33606977"
"NM_001145306.2(CDK6):c.887C>T (p.Ser296Phe)","chr7","92615234","G/A","CDK6","1.209","dataset0321","Missense","Neutral to the sensitivity to drug Rucaparib in HAP1","sensitivity to drug Rucaparib","6","Functionally normal","","","NA","CRISPR-Based Genome Editing","Base editing","33606977"
"NM_001145306.2(CDK6):c.800C>T (p.Thr267Ile)","chr7","92618106","G/A","CDK6","-1.308","dataset0321","Missense","Neutral to the sensitivity to drug Rucaparib in HAP1","sensitivity to drug Rucaparib","10","Functionally normal","","","NA","CRISPR-Based Genome Editing","Base editing","33606977"
"NM_001145306.2(CDK6):c.796G>A (p.Val266Ile)","chr7","92618110","C/T","CDK6","1.4305","dataset0321","Missense","Neutral to the sensitivity to drug Rucaparib in HAP1","sensitivity to drug Rucaparib","10","Functionally normal","","","NA","CRISPR-Based Genome Editing","Base editing","33606977"
"NM_001145306.2(CDK6):c.792G>A (p.Lys264=)","chr7","92618114","C/T","CDK6","1.5125","dataset0321","Synonymous","Neutral to the sensitivity to drug Rucaparib in HAP1","sensitivity to drug Rucaparib","10","Functionally normal","","6.19516e-07","NA","CRISPR-Based Genome Editing","Base editing","33606977"
"NM_001145306.2(CDK6):c.728G>A (p.Trp243Ter)","chr7","92618178","C/T","CDK6","1.2315","dataset0321","Nonsense","Neutral to the sensitivity to drug Rucaparib in HAP1","sensitivity to drug Rucaparib","10","Functionally normal","","","NA","CRISPR-Based Genome Editing","Base editing","33606977"
"NM_001145306.2(CDK6):c.712_713delinsTT (p.Pro238Leu)","chr7","92618193","GG/AA","CDK6","-0.885","dataset0321","Missense","Neutral to the sensitivity to drug Rucaparib in HAP1","sensitivity to drug Rucaparib","6","Functionally normal","","","NA","CRISPR-Based Genome Editing","Base editing","33606977"
"NM_001145306.2(CDK6):c.711C>T (p.Leu237=)","chr7","92618195","G/A","CDK6","-0.885","dataset0321","Synonymous","Neutral to the sensitivity to drug Rucaparib in HAP1","sensitivity to drug Rucaparib","10","Functionally normal","","","NA","CRISPR-Based Genome Editing","Base editing","33606977"
"NM_001145306.2(CDK6):c.699-4G>A","chr7","92618211","C/T","CDK6","-1.654","dataset0321","Splice site","Neutral to the sensitivity to drug Rucaparib in HAP1","sensitivity to drug Rucaparib","6","Functionally normal","","","NA","CRISPR-Based Genome Editing","Base editing","33606977"
"NM_001145306.2(CDK6):c.682C>T (p.Leu228=)","chr7","92623052","G/A","CDK6","1.256","dataset0321","Synonymous","Neutral to the sensitivity to drug Rucaparib in HAP1","sensitivity to drug Rucaparib","10","Functionally normal","","","NA","CRISPR-Based Genome Editing","Base editing","33606977"
"NM_001145306.2(CDK6):c.679C>T (p.Gln227Ter)","chr7","92623055","G/A","CDK6","1.256","dataset0321","Nonsense","Neutral to the sensitivity to drug Rucaparib in HAP1","sensitivity to drug Rucaparib","10","Functionally normal","","","NA","CRISPR-Based Genome Editing","Base editing","33606977"
"NM_001145306.2(CDK6):c.668C>T (p.Ser223Leu)","chr7","92623066","G/A","CDK6","-0.422","dataset0321","Missense","Neutral to the sensitivity to drug Rucaparib in HAP1","sensitivity to drug Rucaparib","10","Functionally normal","","0","NA","CRISPR-Based Genome Editing","Base editing","33606977"
"NM_001145306.2(CDK6):c.665G>A (p.Ser222Asn)","chr7","92623069","C/T","CDK6","1.103","dataset0321","Missense","Neutral to the sensitivity to drug Rucaparib in HAP1","sensitivity to drug Rucaparib","10","Functionally normal","","0","NA","CRISPR-Based Genome Editing","Base editing","33606977"
"NM_001145306.2(CDK6):c.647+33C>T","chr7","92671393","G/A","CDK6","-0.645","dataset0321","Intron","Neutral to the sensitivity to drug Rucaparib in HAP1","sensitivity to drug Rucaparib","6","Functionally normal","","0","NA","CRISPR-Based Genome Editing","Base editing","33606977"
"NM_001145306.2(CDK6):c.647+32C>T","chr7","92671394","G/A","CDK6","-0.645","dataset0321","Intron","Neutral to the sensitivity to drug Rucaparib in HAP1","sensitivity to drug Rucaparib","6","Functionally normal","","7.35176e-07","NA","CRISPR-Based Genome Editing","Base editing","33606977"
"NM_001145306.2(CDK6):c.613G>A (p.Val205Ile)","chr7","92671460","C/T","CDK6","2.01767","dataset0321","Missense","The enhanced sensitivity to drug Rucaparib in HAP1","sensitivity to drug Rucaparib","10","Gain-of-function","","1.9621e-05","NA","CRISPR-Based Genome Editing","Base editing","33606977"
"NM_001145306.2(CDK6):c.611G>A (p.Ser204Asn)","chr7","92671462","C/T","CDK6","2.076","dataset0321","Missense","The enhanced sensitivity to drug Rucaparib in HAP1","sensitivity to drug Rucaparib","10","Gain-of-function","","","NA","CRISPR-Based Genome Editing","Base editing","33606977"
"NM_001145306.2(CDK6):c.608_609delinsAA (p.Trp203Ter)","chr7","92671464","CC/TT","CDK6","2.825","dataset0321","Nonsense","The enhanced sensitivity to drug Rucaparib in HAP1","sensitivity to drug Rucaparib","6","Gain-of-function","","","NA","CRISPR-Based Genome Editing","Base editing","33606977"
"NM_001145306.2(CDK6):c.609G>A (p.Trp203Ter)","chr7","92671464","C/T","CDK6","4.877","dataset0321","Nonsense","The enhanced sensitivity to drug Rucaparib in HAP1","sensitivity to drug Rucaparib","10","Gain-of-function","","","NA","CRISPR-Based Genome Editing","Base editing","33606977"
"NM_001145306.2(CDK6):c.593_594delinsTT (p.Thr198Ile)","chr7","92671479","GG/AA","CDK6","-1.818","dataset0321","Missense","Neutral to the sensitivity to drug Rucaparib in HAP1","sensitivity to drug Rucaparib","6","Functionally normal","","","NA","CRISPR-Based Genome Editing","Base editing","33606977"
"NM_001145306.2(CDK6):c.591C>T (p.Ala197=)","chr7","92671482","G/A","CDK6","-1.818","dataset0321","Synonymous","Neutral to the sensitivity to drug Rucaparib in HAP1","sensitivity to drug Rucaparib","10","Functionally normal","","","NA","CRISPR-Based Genome Editing","Base editing","33606977"
"NM_001145306.2(CDK6):c.582C>T (p.Ser194=)","chr7","92671491","G/A","CDK6","0.209","dataset0321","Synonymous","Neutral to the sensitivity to drug Rucaparib in HAP1","sensitivity to drug Rucaparib","6","Functionally normal","","0","NA","CRISPR-Based Genome Editing","Base editing","33606977"
"NM_001145306.2(CDK6):c.579G>A (p.Gln193=)","chr7","92671494","C/T","CDK6","-0.065","dataset0321","Synonymous","Neutral to the sensitivity to drug Rucaparib in HAP1","sensitivity to drug Rucaparib","10","Functionally normal","","1.263e-06","NA","CRISPR-Based Genome Editing","Base editing","33606977"
"NM_001145306.2(CDK6):c.541G>A (p.Val181Ile)","chr7","92671532","C/T","CDK6","0.578","dataset0321","Missense","Neutral to the sensitivity to drug Rucaparib in HAP1","sensitivity to drug Rucaparib","10","Functionally normal","","5.16005e-06","NA","CRISPR-Based Genome Editing","Base editing","33606977"
"NM_001145306.2(CDK6):c.538G>A (p.Val180Ile)","chr7","92671535","C/T","CDK6","0.578","dataset0321","Missense","Neutral to the sensitivity to drug Rucaparib in HAP1","sensitivity to drug Rucaparib","6","Functionally normal","","0","NA","CRISPR-Based Genome Editing","Base editing","33606977"
"NM_001145306.2(CDK6):c.538-1G>A","chr7","92671536","C/T","CDK6","0.578","dataset0321","Splice site","Neutral to the sensitivity to drug Rucaparib in HAP1","sensitivity to drug Rucaparib","6","Functionally normal","","","NA","CRISPR-Based Genome Editing","Base editing","33606977"
"NM_001145306.2(CDK6):c.538-15C>T","chr7","92671550","G/A","CDK6","-0.382","dataset0321","Splice site","Neutral to the sensitivity to drug Rucaparib in HAP1","sensitivity to drug Rucaparib","6","Functionally normal","","2.07719e-05","NA","CRISPR-Based Genome Editing","Base editing","33606977"
"NM_001145306.2(CDK6):c.538-16C>T","chr7","92671551","G/A","CDK6","-0.382","dataset0321","Splice site","Neutral to the sensitivity to drug Rucaparib in HAP1","sensitivity to drug Rucaparib","6","Functionally normal","","0","NA","CRISPR-Based Genome Editing","Base editing","33606977"
"NM_001145306.2(CDK6):c.537+11G>A","chr7","92725615","C/T","CDK6","0.473","dataset0321","Intron","Neutral to the sensitivity to drug Rucaparib in HAP1","sensitivity to drug Rucaparib","6","Functionally normal","","","NA","CRISPR-Based Genome Editing","Base editing","33606977"
"NM_001145306.2(CDK6):c.537+9G>A","chr7","92725617","C/T","CDK6","0.473","dataset0321","Intron","Neutral to the sensitivity to drug Rucaparib in HAP1","sensitivity to drug Rucaparib","6","Functionally normal","","","NA","CRISPR-Based Genome Editing","Base editing","33606977"
"NM_001145306.2(CDK6):c.535G>A (p.Val179Met)","chr7","92725628","C/T","CDK6","1.606","dataset0321","Missense","Neutral to the sensitivity to drug Rucaparib in HAP1","sensitivity to drug Rucaparib","10","Functionally normal","","","NA","CRISPR-Based Genome Editing","Base editing","33606977"
"NM_001145306.2(CDK6):c.519G>A (p.Gln173=)","chr7","92725644","C/T","CDK6","-1.038","dataset0321","Synonymous","Neutral to the sensitivity to drug Rucaparib in HAP1","sensitivity to drug Rucaparib","10","Functionally normal","","","NA","CRISPR-Based Genome Editing","Base editing","33606977"
"NM_001145306.2(CDK6):c.512G>A (p.Ser171Asn)","chr7","92725651","C/T","CDK6","0.738","dataset0321","Missense","Neutral to the sensitivity to drug Rucaparib in HAP1","sensitivity to drug Rucaparib","10","Functionally normal","","","NA","CRISPR-Based Genome Editing","Base editing","33606977"
"NM_001145306.2(CDK6):c.507C>T (p.Ile169=)","chr7","92725656","G/A","CDK6","0.425","dataset0321","Synonymous","Neutral to the sensitivity to drug Rucaparib in HAP1","sensitivity to drug Rucaparib","10","Functionally normal","","6.19546e-07","NA","CRISPR-Based Genome Editing","Base editing","33606977"
"NM_001145306.2(CDK6):c.454C>T (p.Leu152=)","chr7","92725709","G/A","CDK6","-0.328","dataset0321","Synonymous","Neutral to the sensitivity to drug Rucaparib in HAP1","sensitivity to drug Rucaparib","10","Functionally normal","","","NA","CRISPR-Based Genome Editing","Base editing","33606977"
"NM_001145306.2(CDK6):c.442C>T (p.Pro148Ser)","chr7","92725721","G/A","CDK6","-1.08","dataset0321","Missense","Neutral to the sensitivity to drug Rucaparib in HAP1","sensitivity to drug Rucaparib","10","Functionally normal","","","NA","CRISPR-Based Genome Editing","Base editing","33606977"
"NM_001145306.2(CDK6):c.433G>A (p.Asp145Asn)","chr7","92725730","C/T","CDK6","-0.257","dataset0321","Missense","Neutral to the sensitivity to drug Rucaparib in HAP1","sensitivity to drug Rucaparib","10","Functionally normal","","","NA","CRISPR-Based Genome Editing","Base editing","33606977"
"NM_001145306.2(CDK6):c.382C>T (p.Gln128Ter)","chr7","92725781","G/A","CDK6","0.135","dataset0321","Nonsense","Neutral to the sensitivity to drug Rucaparib in HAP1","sensitivity to drug Rucaparib","10","Functionally normal","","","hnsc:0.2% (1/523):0.030","CRISPR-Based Genome Editing","Base editing","33606977"
"NM_001145306.2(CDK6):c.369+15C>T","chr7","92774681","G/A","CDK6","-0.451","dataset0321","Intron","Neutral to the sensitivity to drug Rucaparib in HAP1","sensitivity to drug Rucaparib","6","Functionally normal","","","NA","CRISPR-Based Genome Editing","Base editing","33606977"
"NM_001145306.2(CDK6):c.369+12C>T","chr7","92774684","G/A","CDK6","-0.451","dataset0321","Intron","Neutral to the sensitivity to drug Rucaparib in HAP1","sensitivity to drug Rucaparib","6","Functionally normal","","","NA","CRISPR-Based Genome Editing","Base editing","33606977"
"NM_001145306.2(CDK6):c.369+8G>A","chr7","92774688","C/T","CDK6","-0.961","dataset0321","Splice site","Neutral to the sensitivity to drug Rucaparib in HAP1","sensitivity to drug Rucaparib","6","Functionally normal","","","NA","CRISPR-Based Genome Editing","Base editing","33606977"
"NM_001145306.2(CDK6):c.369+1G>A","chr7","92774695","C/T","CDK6","2.129","dataset0321","Splice site","The enhanced sensitivity to drug Rucaparib in HAP1","sensitivity to drug Rucaparib","6","Gain-of-function","","","NA","CRISPR-Based Genome Editing","Base editing","33606977"
"NM_001145306.2(CDK6):c.369G>A (p.Lys123=)","chr7","92774696","C/T","CDK6","2.129","dataset0321","Splice site","The enhanced sensitivity to drug Rucaparib in HAP1","sensitivity to drug Rucaparib","10","Gain-of-function","","","NA","CRISPR-Based Genome Editing","Base editing","33606977"
"NM_001145306.2(CDK6):c.358G>A (p.Glu120Lys)","chr7","92774707","C/T","CDK6","-0.163","dataset0321","Missense","Neutral to the sensitivity to drug Rucaparib in HAP1","sensitivity to drug Rucaparib","10","Functionally normal","","","NA","CRISPR-Based Genome Editing","Base editing","33606977"
"NM_001145306.2(CDK6):c.353_354delinsTT (p.Pro118Leu)","chr7","92774711","GG/AA","CDK6","0.448","dataset0321","Missense","Neutral to the sensitivity to drug Rucaparib in HAP1","sensitivity to drug Rucaparib","6","Functionally normal","","","NA","CRISPR-Based Genome Editing","Base editing","33606977"
"NM_001145306.2(CDK6):c.334G>A (p.Val112Ile)","chr7","92774731","C/T","CDK6","-1.407","dataset0321","Missense","Neutral to the sensitivity to drug Rucaparib in HAP1","sensitivity to drug Rucaparib","10","Functionally normal","","4.96923e-06","NA","CRISPR-Based Genome Editing","Base editing","33606977"
"NM_001145306.2(CDK6):c.312C>T (p.Asp104=)","chr7","92774753","G/A","CDK6","0.95","dataset0321","Synonymous","Neutral to the sensitivity to drug Rucaparib in HAP1","sensitivity to drug Rucaparib","10","Functionally normal","","6.19962e-07","NA","CRISPR-Based Genome Editing","Base editing","33606977"
"NM_001145306.2(CDK6):c.234-14G>A","chr7","92774845","C/T","CDK6","-2.881","dataset0321","Splice site","The reduced sensitivity to drug Rucaparib in HAP1","sensitivity to drug Rucaparib","6","Loss-of-function","","","NA","CRISPR-Based Genome Editing","Base editing","33606977"
"NM_001145306.2(CDK6):c.233+29C>T","chr7","92833062","G/A","CDK6","-0.196","dataset0321","Intron","Neutral to the sensitivity to drug Rucaparib in HAP1","sensitivity to drug Rucaparib","6","Functionally normal","","2.68468e-06","NA","CRISPR-Based Genome Editing","Base editing","33606977"
"NM_001145306.2(CDK6):c.233+3G>A","chr7","92833088","C/T","CDK6","1.76433","dataset0321","Splice site","Neutral to the sensitivity to drug Rucaparib in HAP1","sensitivity to drug Rucaparib","6","Functionally normal","","0","NA","CRISPR-Based Genome Editing","Base editing","33606977"
"NM_001145306.2(CDK6):c.233+1G>A","chr7","92833090","C/T","CDK6","2.288","dataset0321","Splice site","The enhanced sensitivity to drug Rucaparib in HAP1","sensitivity to drug Rucaparib","6","Gain-of-function","","0","NA","CRISPR-Based Genome Editing","Base editing","33606977"
"NM_001145306.2(CDK6):c.225C>T (p.Asn75=)","chr7","92833099","G/A","CDK6","-1.45","dataset0321","Synonymous","Neutral to the sensitivity to drug Rucaparib in HAP1","sensitivity to drug Rucaparib","10","Functionally normal","","1.88581e-06","NA","CRISPR-Based Genome Editing","Base editing","33606977"
"NM_001145306.2(CDK6):c.219C>T (p.His73=)","chr7","92833105","G/A","CDK6","3.409","dataset0321","Synonymous","The enhanced sensitivity to drug Rucaparib in HAP1","sensitivity to drug Rucaparib","10","Gain-of-function","","0","NA","CRISPR-Based Genome Editing","Base editing","33606977"
"NM_001145306.2(CDK6):c.213C>T (p.Phe71=)","chr7","92833111","G/A","CDK6","0.771","dataset0321","Synonymous","Neutral to the sensitivity to drug Rucaparib in HAP1","sensitivity to drug Rucaparib","10","Functionally normal","","","NA","CRISPR-Based Genome Editing","Base editing","33606977"
"NM_001145306.2(CDK6):c.210C>T (p.Thr70=)","chr7","92833114","G/A","CDK6","0.771","dataset0321","Synonymous","Neutral to the sensitivity to drug Rucaparib in HAP1","sensitivity to drug Rucaparib","6","Functionally normal","","","NA","CRISPR-Based Genome Editing","Base editing","33606977"
"NM_001145306.2(CDK6):c.195G>A (p.Leu65=)","chr7","92833129","C/T","CDK6","-0.113","dataset0321","Synonymous","Neutral to the sensitivity to drug Rucaparib in HAP1","sensitivity to drug Rucaparib","10","Functionally normal","","","NA","CRISPR-Based Genome Editing","Base editing","33606977"
"NM_001145306.2(CDK6):c.190G>A (p.Val64Met)","chr7","92833134","C/T","CDK6","1.405","dataset0321","Missense","Neutral to the sensitivity to drug Rucaparib in HAP1","sensitivity to drug Rucaparib","10","Functionally normal","","","NA","CRISPR-Based Genome Editing","Base editing","33606977"
"NM_001145306.2(CDK6):c.189G>A (p.Ala63=)","chr7","92833135","C/T","CDK6","1.0465","dataset0321","Synonymous","Neutral to the sensitivity to drug Rucaparib in HAP1","sensitivity to drug Rucaparib","10","Functionally normal","","","NA","CRISPR-Based Genome Editing","Base editing","33606977"
"NM_001145306.2(CDK6):c.186G>A (p.Val62=)","chr7","92833138","C/T","CDK6","0.688","dataset0321","Synonymous","Neutral to the sensitivity to drug Rucaparib in HAP1","sensitivity to drug Rucaparib","6","Functionally normal","","","NA","CRISPR-Based Genome Editing","Base editing","33606977"
"NM_001145306.2(CDK6):c.181G>A (p.Glu61Lys)","chr7","92833143","C/T","CDK6","3.582","dataset0321","Missense","The enhanced sensitivity to drug Rucaparib in HAP1","sensitivity to drug Rucaparib","6","Gain-of-function","","","NA","CRISPR-Based Genome Editing","Base editing","33606977"
"NM_001145306.2(CDK6):c.173_174delinsTT (p.Thr58Ile)","chr7","92833150","GG/AA","CDK6","0.81","dataset0321","Missense","Neutral to the sensitivity to drug Rucaparib in HAP1","sensitivity to drug Rucaparib","6","Functionally normal","","","NA","CRISPR-Based Genome Editing","Base editing","33606977"
"NM_001145306.2(CDK6):c.170_171delinsTT (p.Ser57Phe)","chr7","92833153","GG/AA","CDK6","0.505","dataset0321","Missense","Neutral to the sensitivity to drug Rucaparib in HAP1","sensitivity to drug Rucaparib","6","Functionally normal","","","NA","CRISPR-Based Genome Editing","Base editing","33606977"
"NM_001145306.2(CDK6):c.171C>T (p.Ser57=)","chr7","92833153","G/A","CDK6","0.81","dataset0321","Synonymous","Neutral to the sensitivity to drug Rucaparib in HAP1","sensitivity to drug Rucaparib","10","Functionally normal","","1.11842e-05","NA","CRISPR-Based Genome Editing","Base editing","33606977"
"NM_001145306.2(CDK6):c.168C>T (p.Leu56=)","chr7","92833156","G/A","CDK6","-0.0125","dataset0321","Synonymous","Neutral to the sensitivity to drug Rucaparib in HAP1","sensitivity to drug Rucaparib","10","Functionally normal","","6.21339e-06","NA","CRISPR-Based Genome Editing","Base editing","33606977"
"NM_001145306.2(CDK6):c.126G>A (p.Leu42=)","chr7","92833198","C/T","CDK6","-0.55","dataset0321","Synonymous","Neutral to the sensitivity to drug Rucaparib in HAP1","sensitivity to drug Rucaparib","10","Functionally normal","","","NA","CRISPR-Based Genome Editing","Base editing","33606977"
"NM_001145306.2(CDK6):c.109G>A (p.Gly37Ser)","chr7","92833215","C/T","CDK6","-0.66","dataset0321","Missense","Neutral to the sensitivity to drug Rucaparib in HAP1","sensitivity to drug Rucaparib","10","Functionally normal","","","NA","CRISPR-Based Genome Editing","Base editing","33606977"
"NM_001145306.2(CDK6):c.106_107delinsAA (p.Gly36Lys)","chr7","92833217","CC/TT","CDK6","-0.107","dataset0321","Missense","Neutral to the sensitivity to drug Rucaparib in HAP1","sensitivity to drug Rucaparib","6","Functionally normal","","","NA","CRISPR-Based Genome Editing","Base editing","33606977"
"NM_001145306.2(CDK6):c.105C>T (p.Asn35=)","chr7","92833219","G/A","CDK6","0.571","dataset0321","Synonymous","Neutral to the sensitivity to drug Rucaparib in HAP1","sensitivity to drug Rucaparib","10","Functionally normal","","1.24187e-06","NA","CRISPR-Based Genome Editing","Base editing","33606977"
"NM_001145306.2(CDK6):c.91C>T (p.Arg31Cys)","chr7","92833233","G/A","CDK6","1.457","dataset0321","Missense","Neutral to the sensitivity to drug Rucaparib in HAP1","sensitivity to drug Rucaparib","10","Functionally normal","","","NA","CRISPR-Based Genome Editing","Base editing","33606977"
"NM_001145306.2(CDK6):c.90C>T (p.Ala30=)","chr7","92833234","G/A","CDK6","2.572","dataset0321","Synonymous","The enhanced sensitivity to drug Rucaparib in HAP1","sensitivity to drug Rucaparib","10","Gain-of-function","","","NA","CRISPR-Based Genome Editing","Base editing","33606977"
"NM_001145306.2(CDK6):c.87G>A (p.Lys29=)","chr7","92833237","C/T","CDK6","0.366","dataset0321","Synonymous","Neutral to the sensitivity to drug Rucaparib in HAP1","sensitivity to drug Rucaparib","10","Functionally normal","","","NA","CRISPR-Based Genome Editing","Base editing","33606977"
"NM_001145306.2(CDK6):c.69C>T (p.Ala23=)","chr7","92833255","G/A","CDK6","-0.592","dataset0321","Synonymous","Neutral to the sensitivity to drug Rucaparib in HAP1","sensitivity to drug Rucaparib","10","Functionally normal","","1.24188e-06","NA","CRISPR-Based Genome Editing","Base editing","33606977"
"NM_001145306.2(CDK6):c.57C>T (p.Ile19=)","chr7","92833267","G/A","CDK6","-0.3145","dataset0321","Synonymous","Neutral to the sensitivity to drug Rucaparib in HAP1","sensitivity to drug Rucaparib","10","Functionally normal","","","NA","CRISPR-Based Genome Editing","Base editing","33606977"
"NM_001145306.2(CDK6):c.40G>A (p.Glu14Lys)","chr7","92833284","C/T","CDK6","-0.711","dataset0321","Missense","Neutral to the sensitivity to drug Rucaparib in HAP1","sensitivity to drug Rucaparib","10","Functionally normal","","2.48674e-06","NA","CRISPR-Based Genome Editing","Base editing","33606977"
"NM_001145306.2(CDK6):c.36G>A (p.Gln12=)","chr7","92833288","C/T","CDK6","-0.711","dataset0321","Synonymous","Neutral to the sensitivity to drug Rucaparib in HAP1","sensitivity to drug Rucaparib","10","Functionally normal","","","NA","CRISPR-Based Genome Editing","Base editing","33606977"
"NM_001145306.2(CDK6):c.31C>T (p.Gln11Ter)","chr7","92833293","G/A","CDK6","3.359","dataset0321","Nonsense","The enhanced sensitivity to drug Rucaparib in HAP1","sensitivity to drug Rucaparib","10","Gain-of-function","","6.22781e-07","NA","CRISPR-Based Genome Editing","Base editing","33606977"
"NM_001145306.2(CDK6):c.30C>T (p.Asp10=)","chr7","92833294","G/A","CDK6","3.359","dataset0321","Synonymous","The enhanced sensitivity to drug Rucaparib in HAP1","sensitivity to drug Rucaparib","10","Gain-of-function","","","NA","CRISPR-Based Genome Editing","Base editing","33606977"
"NM_001145306.2(CDK6):c.10G>A (p.Asp4Asn)","chr7","92833314","C/T","CDK6","-0.601","dataset0321","Missense","Neutral to the sensitivity to drug Rucaparib in HAP1","sensitivity to drug Rucaparib","10","Functionally normal","","","NA","CRISPR-Based Genome Editing","Base editing","33606977"
"NM_001145306.2(CDK6):c.9G>A (p.Lys3=)","chr7","92833315","C/T","CDK6","-0.601","dataset0321","Synonymous","Neutral to the sensitivity to drug Rucaparib in HAP1","sensitivity to drug Rucaparib","10","Functionally normal","","6.2959e-07","NA","CRISPR-Based Genome Editing","Base editing","33606977"
"NM_001145306.2(CDK6):c.-6G>A","chr7","92833329","C/T","CDK6","1.903","dataset0321","UTR","Neutral to the sensitivity to drug Rucaparib in HAP1","sensitivity to drug Rucaparib","6","Functionally normal","","","NA","CRISPR-Based Genome Editing","Base editing","33606977"
"NM_001145306.2(CDK6):c.-8C>T","chr7","92833331","G/A","CDK6","0.892","dataset0321","UTR","Neutral to the sensitivity to drug Rucaparib in HAP1","sensitivity to drug Rucaparib","6","Functionally normal","","1.28371e-06","NA","CRISPR-Based Genome Editing","Base editing","33606977"
"NM_001145306.2(CDK6):c.-9C>T","chr7","92833332","G/A","CDK6","0.892","dataset0321","UTR","Neutral to the sensitivity to drug Rucaparib in HAP1","sensitivity to drug Rucaparib","6","Functionally normal","","0","NA","CRISPR-Based Genome Editing","Base editing","33606977"
"NM_001145306.2(CDK6):c.-24C>T","chr7","92833347","G/A","CDK6","-0.166","dataset0321","UTR","Neutral to the sensitivity to drug Rucaparib in HAP1","sensitivity to drug Rucaparib","6","Functionally normal","","0","NA","CRISPR-Based Genome Editing","Base editing","33606977"
"NM_001145306.2(CDK6):c.*46G>A","chr7","92615094","C/T","CDK6","-1.26","dataset0322","UTR","Neutral to the sensitivity to drug Olaparib in HAP1","sensitivity to drug Olaparib","6","Functionally normal","","6.21728e-07","NA","CRISPR-Based Genome Editing","Base editing","33606977"
"NM_001145306.2(CDK6):c.*45G>A","chr7","92615095","C/T","CDK6","-1.26","dataset0322","UTR","Neutral to the sensitivity to drug Olaparib in HAP1","sensitivity to drug Olaparib","6","Functionally normal","","1.86487e-06","NA","CRISPR-Based Genome Editing","Base editing","33606977"
"NM_001145306.2(CDK6):c.*33G>A","chr7","92615107","C/T","CDK6","0.324","dataset0322","UTR","Neutral to the sensitivity to drug Olaparib in HAP1","sensitivity to drug Olaparib","6","Functionally normal","","","NA","CRISPR-Based Genome Editing","Base editing","33606977"
"NM_001145306.2(CDK6):c.*32G>A","chr7","92615108","C/T","CDK6","0.324","dataset0322","UTR","Neutral to the sensitivity to drug Olaparib in HAP1","sensitivity to drug Olaparib","6","Functionally normal","Benign","0.219431","NA","CRISPR-Based Genome Editing","Base editing","33606977"
"NM_001145306.2(CDK6):c.*28C>T","chr7","92615112","G/A","CDK6","-0.444","dataset0322","UTR","Neutral to the sensitivity to drug Olaparib in HAP1","sensitivity to drug Olaparib","6","Functionally normal","","","NA","CRISPR-Based Genome Editing","Base editing","33606977"
"NM_001145306.2(CDK6):c.*27C>T","chr7","92615113","G/A","CDK6","-0.444","dataset0322","UTR","Neutral to the sensitivity to drug Olaparib in HAP1","sensitivity to drug Olaparib","6","Functionally normal","","6.20218e-06","NA","CRISPR-Based Genome Editing","Base editing","33606977"
"NM_001145306.2(CDK6):c.*16C>T","chr7","92615124","G/A","CDK6","-0.486","dataset0322","UTR","Neutral to the sensitivity to drug Olaparib in HAP1","sensitivity to drug Olaparib","6","Functionally normal","","","NA","CRISPR-Based Genome Editing","Base editing","33606977"
"NM_001145306.2(CDK6):c.969G>A (p.Leu323=)","chr7","92615152","C/T","CDK6","0.013","dataset0322","Synonymous","Neutral to the sensitivity to drug Olaparib in HAP1","sensitivity to drug Olaparib","10","Functionally normal","","8.67526e-06","NA","CRISPR-Based Genome Editing","Base editing","33606977"
"NM_001145306.2(CDK6):c.964G>A (p.Glu322Lys)","chr7","92615157","C/T","CDK6","-0.5415","dataset0322","Missense","Neutral to the sensitivity to drug Olaparib in HAP1","sensitivity to drug Olaparib","10","Functionally normal","","","NA","CRISPR-Based Genome Editing","Base editing","33606977"
"NM_001145306.2(CDK6):c.963G>A (p.Ser321=)","chr7","92615158","C/T","CDK6","-0.5415","dataset0322","Synonymous","Neutral to the sensitivity to drug Olaparib in HAP1","sensitivity to drug Olaparib","10","Functionally normal","","2.41677e-05","NA","CRISPR-Based Genome Editing","Base editing","33606977"
"NM_001145306.2(CDK6):c.954G>A (p.Gln318=)","chr7","92615167","C/T","CDK6","0.279","dataset0322","Synonymous","Neutral to the sensitivity to drug Olaparib in HAP1","sensitivity to drug Olaparib","10","Functionally normal","","","NA","CRISPR-Based Genome Editing","Base editing","33606977"
"NM_001145306.2(CDK6):c.947_948delinsTT (p.Pro316Leu)","chr7","92615173","GG/AA","CDK6","-0.124","dataset0322","Missense","Neutral to the sensitivity to drug Olaparib in HAP1","sensitivity to drug Olaparib","6","Functionally normal","","","NA","CRISPR-Based Genome Editing","Base editing","33606977"
"NM_001145306.2(CDK6):c.915G>A (p.Arg305=)","chr7","92615206","C/T","CDK6","-0.484","dataset0322","Synonymous","Neutral to the sensitivity to drug Olaparib in HAP1","sensitivity to drug Olaparib","10","Functionally normal","","","NA","CRISPR-Based Genome Editing","Base editing","33606977"
"NM_001145306.2(CDK6):c.910G>A (p.Glu304Lys)","chr7","92615211","C/T","CDK6","0.157","dataset0322","Missense","Neutral to the sensitivity to drug Olaparib in HAP1","sensitivity to drug Olaparib","10","Functionally normal","","0","NA","CRISPR-Based Genome Editing","Base editing","33606977"
"NM_001145306.2(CDK6):c.909G>A (p.Leu303=)","chr7","92615212","C/T","CDK6","0.157","dataset0322","Synonymous","Neutral to the sensitivity to drug Olaparib in HAP1","sensitivity to drug Olaparib","6","Functionally normal","","","NA","CRISPR-Based Genome Editing","Base editing","33606977"
"NM_001145306.2(CDK6):c.900C>T (p.Phe300=)","chr7","92615221","G/A","CDK6","-1.168","dataset0322","Synonymous","Neutral to the sensitivity to drug Olaparib in HAP1","sensitivity to drug Olaparib","10","Functionally normal","","","NA","CRISPR-Based Genome Editing","Base editing","33606977"
"NM_001145306.2(CDK6):c.897C>T (p.Tyr299=)","chr7","92615224","G/A","CDK6","-1.168","dataset0322","Synonymous","Neutral to the sensitivity to drug Olaparib in HAP1","sensitivity to drug Olaparib","10","Functionally normal","","","NA","CRISPR-Based Genome Editing","Base editing","33606977"
"NM_001145306.2(CDK6):c.892_893delinsTT (p.Pro298Leu)","chr7","92615228","GG/AA","CDK6","-0.289","dataset0322","Missense","Neutral to the sensitivity to drug Olaparib in HAP1","sensitivity to drug Olaparib","6","Functionally normal","","","NA","CRISPR-Based Genome Editing","Base editing","33606977"
"NM_001145306.2(CDK6):c.891C>T (p.His297=)","chr7","92615230","G/A","CDK6","-0.289","dataset0322","Synonymous","Neutral to the sensitivity to drug Olaparib in HAP1","sensitivity to drug Olaparib","6","Functionally normal","","","NA","CRISPR-Based Genome Editing","Base editing","33606977"
"NM_001145306.2(CDK6):c.889C>T (p.His297Tyr)","chr7","92615232","G/A","CDK6","-0.932","dataset0322","Missense","Neutral to the sensitivity to drug Olaparib in HAP1","sensitivity to drug Olaparib","6","Functionally normal","","","NA","CRISPR-Based Genome Editing","Base editing","33606977"
"NM_001145306.2(CDK6):c.887C>T (p.Ser296Phe)","chr7","92615234","G/A","CDK6","-0.932","dataset0322","Missense","Neutral to the sensitivity to drug Olaparib in HAP1","sensitivity to drug Olaparib","6","Functionally normal","","","NA","CRISPR-Based Genome Editing","Base editing","33606977"
"NM_001145306.2(CDK6):c.800C>T (p.Thr267Ile)","chr7","92618106","G/A","CDK6","-1.561","dataset0322","Missense","Neutral to the sensitivity to drug Olaparib in HAP1","sensitivity to drug Olaparib","10","Functionally normal","","","NA","CRISPR-Based Genome Editing","Base editing","33606977"
"NM_001145306.2(CDK6):c.796G>A (p.Val266Ile)","chr7","92618110","C/T","CDK6","0.9815","dataset0322","Missense","Neutral to the sensitivity to drug Olaparib in HAP1","sensitivity to drug Olaparib","10","Functionally normal","","","NA","CRISPR-Based Genome Editing","Base editing","33606977"
"NM_001145306.2(CDK6):c.792G>A (p.Lys264=)","chr7","92618114","C/T","CDK6","0.195","dataset0322","Synonymous","Neutral to the sensitivity to drug Olaparib in HAP1","sensitivity to drug Olaparib","10","Functionally normal","","6.19516e-07","NA","CRISPR-Based Genome Editing","Base editing","33606977"
"NM_001145306.2(CDK6):c.728G>A (p.Trp243Ter)","chr7","92618178","C/T","CDK6","0.0135","dataset0322","Nonsense","Neutral to the sensitivity to drug Olaparib in HAP1","sensitivity to drug Olaparib","10","Functionally normal","","","NA","CRISPR-Based Genome Editing","Base editing","33606977"
"NM_001145306.2(CDK6):c.712_713delinsTT (p.Pro238Leu)","chr7","92618193","GG/AA","CDK6","-3.557","dataset0322","Missense","The reduced sensitivity to drug Olaparib in HAP1","sensitivity to drug Olaparib","6","Loss-of-function","","","NA","CRISPR-Based Genome Editing","Base editing","33606977"
"NM_001145306.2(CDK6):c.711C>T (p.Leu237=)","chr7","92618195","G/A","CDK6","-3.557","dataset0322","Synonymous","The reduced sensitivity to drug Olaparib in HAP1","sensitivity to drug Olaparib","10","Loss-of-function","","","NA","CRISPR-Based Genome Editing","Base editing","33606977"
"NM_001145306.2(CDK6):c.699-4G>A","chr7","92618211","C/T","CDK6","-1.087","dataset0322","Splice site","Neutral to the sensitivity to drug Olaparib in HAP1","sensitivity to drug Olaparib","6","Functionally normal","","","NA","CRISPR-Based Genome Editing","Base editing","33606977"
"NM_001145306.2(CDK6):c.682C>T (p.Leu228=)","chr7","92623052","G/A","CDK6","-1.033","dataset0322","Synonymous","Neutral to the sensitivity to drug Olaparib in HAP1","sensitivity to drug Olaparib","10","Functionally normal","","","NA","CRISPR-Based Genome Editing","Base editing","33606977"
"NM_001145306.2(CDK6):c.679C>T (p.Gln227Ter)","chr7","92623055","G/A","CDK6","-1.033","dataset0322","Nonsense","Neutral to the sensitivity to drug Olaparib in HAP1","sensitivity to drug Olaparib","10","Functionally normal","","","NA","CRISPR-Based Genome Editing","Base editing","33606977"
"NM_001145306.2(CDK6):c.668C>T (p.Ser223Leu)","chr7","92623066","G/A","CDK6","-0.731","dataset0322","Missense","Neutral to the sensitivity to drug Olaparib in HAP1","sensitivity to drug Olaparib","10","Functionally normal","","0","NA","CRISPR-Based Genome Editing","Base editing","33606977"
"NM_001145306.2(CDK6):c.665G>A (p.Ser222Asn)","chr7","92623069","C/T","CDK6","-1.475","dataset0322","Missense","Neutral to the sensitivity to drug Olaparib in HAP1","sensitivity to drug Olaparib","10","Functionally normal","","0","NA","CRISPR-Based Genome Editing","Base editing","33606977"
"NM_001145306.2(CDK6):c.647+33C>T","chr7","92671393","G/A","CDK6","0.035","dataset0322","Intron","Neutral to the sensitivity to drug Olaparib in HAP1","sensitivity to drug Olaparib","6","Functionally normal","","0","NA","CRISPR-Based Genome Editing","Base editing","33606977"
"NM_001145306.2(CDK6):c.647+32C>T","chr7","92671394","G/A","CDK6","0.035","dataset0322","Intron","Neutral to the sensitivity to drug Olaparib in HAP1","sensitivity to drug Olaparib","6","Functionally normal","","7.35176e-07","NA","CRISPR-Based Genome Editing","Base editing","33606977"
"NM_001145306.2(CDK6):c.613G>A (p.Val205Ile)","chr7","92671460","C/T","CDK6","1.23067","dataset0322","Missense","Neutral to the sensitivity to drug Olaparib in HAP1","sensitivity to drug Olaparib","10","Functionally normal","","1.9621e-05","NA","CRISPR-Based Genome Editing","Base editing","33606977"
"NM_001145306.2(CDK6):c.611G>A (p.Ser204Asn)","chr7","92671462","C/T","CDK6","0.85025","dataset0322","Missense","Neutral to the sensitivity to drug Olaparib in HAP1","sensitivity to drug Olaparib","10","Functionally normal","","","NA","CRISPR-Based Genome Editing","Base editing","33606977"
"NM_001145306.2(CDK6):c.608_609delinsAA (p.Trp203Ter)","chr7","92671464","CC/TT","CDK6","0.457","dataset0322","Nonsense","Neutral to the sensitivity to drug Olaparib in HAP1","sensitivity to drug Olaparib","6","Functionally normal","","","NA","CRISPR-Based Genome Editing","Base editing","33606977"
"NM_001145306.2(CDK6):c.609G>A (p.Trp203Ter)","chr7","92671464","C/T","CDK6","2.301","dataset0322","Nonsense","The enhanced sensitivity to drug Olaparib in HAP1","sensitivity to drug Olaparib","10","Gain-of-function","","","NA","CRISPR-Based Genome Editing","Base editing","33606977"
"NM_001145306.2(CDK6):c.593_594delinsTT (p.Thr198Ile)","chr7","92671479","GG/AA","CDK6","-1.788","dataset0322","Missense","Neutral to the sensitivity to drug Olaparib in HAP1","sensitivity to drug Olaparib","6","Functionally normal","","","NA","CRISPR-Based Genome Editing","Base editing","33606977"
"NM_001145306.2(CDK6):c.591C>T (p.Ala197=)","chr7","92671482","G/A","CDK6","-1.788","dataset0322","Synonymous","Neutral to the sensitivity to drug Olaparib in HAP1","sensitivity to drug Olaparib","10","Functionally normal","","","NA","CRISPR-Based Genome Editing","Base editing","33606977"
"NM_001145306.2(CDK6):c.582C>T (p.Ser194=)","chr7","92671491","G/A","CDK6","0.345","dataset0322","Synonymous","Neutral to the sensitivity to drug Olaparib in HAP1","sensitivity to drug Olaparib","6","Functionally normal","","0","NA","CRISPR-Based Genome Editing","Base editing","33606977"
"NM_001145306.2(CDK6):c.579G>A (p.Gln193=)","chr7","92671494","C/T","CDK6","0.7595","dataset0322","Synonymous","Neutral to the sensitivity to drug Olaparib in HAP1","sensitivity to drug Olaparib","10","Functionally normal","","1.263e-06","NA","CRISPR-Based Genome Editing","Base editing","33606977"
"NM_001145306.2(CDK6):c.541G>A (p.Val181Ile)","chr7","92671532","C/T","CDK6","0.106","dataset0322","Missense","Neutral to the sensitivity to drug Olaparib in HAP1","sensitivity to drug Olaparib","10","Functionally normal","","5.16005e-06","NA","CRISPR-Based Genome Editing","Base editing","33606977"
"NM_001145306.2(CDK6):c.538G>A (p.Val180Ile)","chr7","92671535","C/T","CDK6","0.106","dataset0322","Missense","Neutral to the sensitivity to drug Olaparib in HAP1","sensitivity to drug Olaparib","6","Functionally normal","","0","NA","CRISPR-Based Genome Editing","Base editing","33606977"
"NM_001145306.2(CDK6):c.538-1G>A","chr7","92671536","C/T","CDK6","0.106","dataset0322","Splice site","Neutral to the sensitivity to drug Olaparib in HAP1","sensitivity to drug Olaparib","6","Functionally normal","","","NA","CRISPR-Based Genome Editing","Base editing","33606977"
"NM_001145306.2(CDK6):c.538-15C>T","chr7","92671550","G/A","CDK6","0.132","dataset0322","Splice site","Neutral to the sensitivity to drug Olaparib in HAP1","sensitivity to drug Olaparib","6","Functionally normal","","2.07719e-05","NA","CRISPR-Based Genome Editing","Base editing","33606977"
"NM_001145306.2(CDK6):c.538-16C>T","chr7","92671551","G/A","CDK6","0.132","dataset0322","Splice site","Neutral to the sensitivity to drug Olaparib in HAP1","sensitivity to drug Olaparib","6","Functionally normal","","0","NA","CRISPR-Based Genome Editing","Base editing","33606977"
"NM_001145306.2(CDK6):c.537+11G>A","chr7","92725615","C/T","CDK6","0.326","dataset0322","Intron","Neutral to the sensitivity to drug Olaparib in HAP1","sensitivity to drug Olaparib","6","Functionally normal","","","NA","CRISPR-Based Genome Editing","Base editing","33606977"
"NM_001145306.2(CDK6):c.537+9G>A","chr7","92725617","C/T","CDK6","0.326","dataset0322","Intron","Neutral to the sensitivity to drug Olaparib in HAP1","sensitivity to drug Olaparib","6","Functionally normal","","","NA","CRISPR-Based Genome Editing","Base editing","33606977"
"NM_001145306.2(CDK6):c.535G>A (p.Val179Met)","chr7","92725628","C/T","CDK6","0.772","dataset0322","Missense","Neutral to the sensitivity to drug Olaparib in HAP1","sensitivity to drug Olaparib","10","Functionally normal","","","NA","CRISPR-Based Genome Editing","Base editing","33606977"
"NM_001145306.2(CDK6):c.519G>A (p.Gln173=)","chr7","92725644","C/T","CDK6","0.1395","dataset0322","Synonymous","Neutral to the sensitivity to drug Olaparib in HAP1","sensitivity to drug Olaparib","10","Functionally normal","","","NA","CRISPR-Based Genome Editing","Base editing","33606977"
"NM_001145306.2(CDK6):c.512G>A (p.Ser171Asn)","chr7","92725651","C/T","CDK6","-0.806","dataset0322","Missense","Neutral to the sensitivity to drug Olaparib in HAP1","sensitivity to drug Olaparib","10","Functionally normal","","","NA","CRISPR-Based Genome Editing","Base editing","33606977"
"NM_001145306.2(CDK6):c.507C>T (p.Ile169=)","chr7","92725656","G/A","CDK6","-1.269","dataset0322","Synonymous","Neutral to the sensitivity to drug Olaparib in HAP1","sensitivity to drug Olaparib","10","Functionally normal","","6.19546e-07","NA","CRISPR-Based Genome Editing","Base editing","33606977"
"NM_001145306.2(CDK6):c.454C>T (p.Leu152=)","chr7","92725709","G/A","CDK6","-0.572","dataset0322","Synonymous","Neutral to the sensitivity to drug Olaparib in HAP1","sensitivity to drug Olaparib","10","Functionally normal","","","NA","CRISPR-Based Genome Editing","Base editing","33606977"
"NM_001145306.2(CDK6):c.442C>T (p.Pro148Ser)","chr7","92725721","G/A","CDK6","-3.57","dataset0322","Missense","The reduced sensitivity to drug Olaparib in HAP1","sensitivity to drug Olaparib","10","Loss-of-function","","","NA","CRISPR-Based Genome Editing","Base editing","33606977"
"NM_001145306.2(CDK6):c.433G>A (p.Asp145Asn)","chr7","92725730","C/T","CDK6","-0.959","dataset0322","Missense","Neutral to the sensitivity to drug Olaparib in HAP1","sensitivity to drug Olaparib","10","Functionally normal","","","NA","CRISPR-Based Genome Editing","Base editing","33606977"
"NM_001145306.2(CDK6):c.382C>T (p.Gln128Ter)","chr7","92725781","G/A","CDK6","0.01","dataset0322","Nonsense","Neutral to the sensitivity to drug Olaparib in HAP1","sensitivity to drug Olaparib","10","Functionally normal","","","hnsc:0.2% (1/523):0.030","CRISPR-Based Genome Editing","Base editing","33606977"
"NM_001145306.2(CDK6):c.369+15C>T","chr7","92774681","G/A","CDK6","0.728","dataset0322","Intron","Neutral to the sensitivity to drug Olaparib in HAP1","sensitivity to drug Olaparib","6","Functionally normal","","","NA","CRISPR-Based Genome Editing","Base editing","33606977"
"NM_001145306.2(CDK6):c.369+12C>T","chr7","92774684","G/A","CDK6","0.728","dataset0322","Intron","Neutral to the sensitivity to drug Olaparib in HAP1","sensitivity to drug Olaparib","6","Functionally normal","","","NA","CRISPR-Based Genome Editing","Base editing","33606977"
"NM_001145306.2(CDK6):c.369+8G>A","chr7","92774688","C/T","CDK6","-0.169","dataset0322","Splice site","Neutral to the sensitivity to drug Olaparib in HAP1","sensitivity to drug Olaparib","6","Functionally normal","","","NA","CRISPR-Based Genome Editing","Base editing","33606977"
"NM_001145306.2(CDK6):c.369+1G>A","chr7","92774695","C/T","CDK6","-0.5295","dataset0322","Splice site","Neutral to the sensitivity to drug Olaparib in HAP1","sensitivity to drug Olaparib","6","Functionally normal","","","NA","CRISPR-Based Genome Editing","Base editing","33606977"
"NM_001145306.2(CDK6):c.369G>A (p.Lys123=)","chr7","92774696","C/T","CDK6","-0.5295","dataset0322","Splice site","Neutral to the sensitivity to drug Olaparib in HAP1","sensitivity to drug Olaparib","10","Functionally normal","","","NA","CRISPR-Based Genome Editing","Base editing","33606977"
"NM_001145306.2(CDK6):c.358G>A (p.Glu120Lys)","chr7","92774707","C/T","CDK6","-1.889","dataset0322","Missense","Neutral to the sensitivity to drug Olaparib in HAP1","sensitivity to drug Olaparib","10","Functionally normal","","","NA","CRISPR-Based Genome Editing","Base editing","33606977"
"NM_001145306.2(CDK6):c.353_354delinsTT (p.Pro118Leu)","chr7","92774711","GG/AA","CDK6","0.32","dataset0322","Missense","Neutral to the sensitivity to drug Olaparib in HAP1","sensitivity to drug Olaparib","6","Functionally normal","","","NA","CRISPR-Based Genome Editing","Base editing","33606977"
"NM_001145306.2(CDK6):c.334G>A (p.Val112Ile)","chr7","92774731","C/T","CDK6","-0.542","dataset0322","Missense","Neutral to the sensitivity to drug Olaparib in HAP1","sensitivity to drug Olaparib","10","Functionally normal","","4.96923e-06","NA","CRISPR-Based Genome Editing","Base editing","33606977"
"NM_001145306.2(CDK6):c.312C>T (p.Asp104=)","chr7","92774753","G/A","CDK6","-0.985","dataset0322","Synonymous","Neutral to the sensitivity to drug Olaparib in HAP1","sensitivity to drug Olaparib","10","Functionally normal","","6.19962e-07","NA","CRISPR-Based Genome Editing","Base editing","33606977"
"NM_001145306.2(CDK6):c.234-14G>A","chr7","92774845","C/T","CDK6","-2.609","dataset0322","Splice site","The reduced sensitivity to drug Olaparib in HAP1","sensitivity to drug Olaparib","6","Loss-of-function","","","NA","CRISPR-Based Genome Editing","Base editing","33606977"
"NM_001145306.2(CDK6):c.233+29C>T","chr7","92833062","G/A","CDK6","0.272","dataset0322","Intron","Neutral to the sensitivity to drug Olaparib in HAP1","sensitivity to drug Olaparib","6","Functionally normal","","2.68468e-06","NA","CRISPR-Based Genome Editing","Base editing","33606977"
"NM_001145306.2(CDK6):c.233+3G>A","chr7","92833088","C/T","CDK6","0.200333","dataset0322","Splice site","Neutral to the sensitivity to drug Olaparib in HAP1","sensitivity to drug Olaparib","6","Functionally normal","","0","NA","CRISPR-Based Genome Editing","Base editing","33606977"
"NM_001145306.2(CDK6):c.233+1G>A","chr7","92833090","C/T","CDK6","0.407","dataset0322","Splice site","Neutral to the sensitivity to drug Olaparib in HAP1","sensitivity to drug Olaparib","6","Functionally normal","","0","NA","CRISPR-Based Genome Editing","Base editing","33606977"
"NM_001145306.2(CDK6):c.225C>T (p.Asn75=)","chr7","92833099","G/A","CDK6","-1.404","dataset0322","Synonymous","Neutral to the sensitivity to drug Olaparib in HAP1","sensitivity to drug Olaparib","10","Functionally normal","","1.88581e-06","NA","CRISPR-Based Genome Editing","Base editing","33606977"
"NM_001145306.2(CDK6):c.219C>T (p.His73=)","chr7","92833105","G/A","CDK6","1.076","dataset0322","Synonymous","Neutral to the sensitivity to drug Olaparib in HAP1","sensitivity to drug Olaparib","10","Functionally normal","","0","NA","CRISPR-Based Genome Editing","Base editing","33606977"
"NM_001145306.2(CDK6):c.213C>T (p.Phe71=)","chr7","92833111","G/A","CDK6","1.456","dataset0322","Synonymous","Neutral to the sensitivity to drug Olaparib in HAP1","sensitivity to drug Olaparib","10","Functionally normal","","","NA","CRISPR-Based Genome Editing","Base editing","33606977"
"NM_001145306.2(CDK6):c.210C>T (p.Thr70=)","chr7","92833114","G/A","CDK6","1.456","dataset0322","Synonymous","Neutral to the sensitivity to drug Olaparib in HAP1","sensitivity to drug Olaparib","6","Functionally normal","","","NA","CRISPR-Based Genome Editing","Base editing","33606977"
"NM_001145306.2(CDK6):c.195G>A (p.Leu65=)","chr7","92833129","C/T","CDK6","-1.196","dataset0322","Synonymous","Neutral to the sensitivity to drug Olaparib in HAP1","sensitivity to drug Olaparib","10","Functionally normal","","","NA","CRISPR-Based Genome Editing","Base editing","33606977"
"NM_001145306.2(CDK6):c.190G>A (p.Val64Met)","chr7","92833134","C/T","CDK6","0.013","dataset0322","Missense","Neutral to the sensitivity to drug Olaparib in HAP1","sensitivity to drug Olaparib","10","Functionally normal","","","NA","CRISPR-Based Genome Editing","Base editing","33606977"
"NM_001145306.2(CDK6):c.189G>A (p.Ala63=)","chr7","92833135","C/T","CDK6","-0.1665","dataset0322","Synonymous","Neutral to the sensitivity to drug Olaparib in HAP1","sensitivity to drug Olaparib","10","Functionally normal","","","NA","CRISPR-Based Genome Editing","Base editing","33606977"
"NM_001145306.2(CDK6):c.186G>A (p.Val62=)","chr7","92833138","C/T","CDK6","-0.346","dataset0322","Synonymous","Neutral to the sensitivity to drug Olaparib in HAP1","sensitivity to drug Olaparib","6","Functionally normal","","","NA","CRISPR-Based Genome Editing","Base editing","33606977"
"NM_001145306.2(CDK6):c.181G>A (p.Glu61Lys)","chr7","92833143","C/T","CDK6","0.308","dataset0322","Missense","Neutral to the sensitivity to drug Olaparib in HAP1","sensitivity to drug Olaparib","6","Functionally normal","","","NA","CRISPR-Based Genome Editing","Base editing","33606977"
"NM_001145306.2(CDK6):c.173_174delinsTT (p.Thr58Ile)","chr7","92833150","GG/AA","CDK6","-1.083","dataset0322","Missense","Neutral to the sensitivity to drug Olaparib in HAP1","sensitivity to drug Olaparib","6","Functionally normal","","","NA","CRISPR-Based Genome Editing","Base editing","33606977"
"NM_001145306.2(CDK6):c.170_171delinsTT (p.Ser57Phe)","chr7","92833153","GG/AA","CDK6","-0.169","dataset0322","Missense","Neutral to the sensitivity to drug Olaparib in HAP1","sensitivity to drug Olaparib","6","Functionally normal","","","NA","CRISPR-Based Genome Editing","Base editing","33606977"
"NM_001145306.2(CDK6):c.171C>T (p.Ser57=)","chr7","92833153","G/A","CDK6","-1.083","dataset0322","Synonymous","Neutral to the sensitivity to drug Olaparib in HAP1","sensitivity to drug Olaparib","10","Functionally normal","","1.11842e-05","NA","CRISPR-Based Genome Editing","Base editing","33606977"
"NM_001145306.2(CDK6):c.168C>T (p.Leu56=)","chr7","92833156","G/A","CDK6","-0.405","dataset0322","Synonymous","Neutral to the sensitivity to drug Olaparib in HAP1","sensitivity to drug Olaparib","10","Functionally normal","","6.21339e-06","NA","CRISPR-Based Genome Editing","Base editing","33606977"
"NM_001145306.2(CDK6):c.126G>A (p.Leu42=)","chr7","92833198","C/T","CDK6","1.473","dataset0322","Synonymous","Neutral to the sensitivity to drug Olaparib in HAP1","sensitivity to drug Olaparib","10","Functionally normal","","","NA","CRISPR-Based Genome Editing","Base editing","33606977"
"NM_001145306.2(CDK6):c.109G>A (p.Gly37Ser)","chr7","92833215","C/T","CDK6","-0.308","dataset0322","Missense","Neutral to the sensitivity to drug Olaparib in HAP1","sensitivity to drug Olaparib","10","Functionally normal","","","NA","CRISPR-Based Genome Editing","Base editing","33606977"
"NM_001145306.2(CDK6):c.106_107delinsAA (p.Gly36Lys)","chr7","92833217","CC/TT","CDK6","-0.873","dataset0322","Missense","Neutral to the sensitivity to drug Olaparib in HAP1","sensitivity to drug Olaparib","6","Functionally normal","","","NA","CRISPR-Based Genome Editing","Base editing","33606977"
"NM_001145306.2(CDK6):c.105C>T (p.Asn35=)","chr7","92833219","G/A","CDK6","1.345","dataset0322","Synonymous","Neutral to the sensitivity to drug Olaparib in HAP1","sensitivity to drug Olaparib","10","Functionally normal","","1.24187e-06","NA","CRISPR-Based Genome Editing","Base editing","33606977"
"NM_001145306.2(CDK6):c.91C>T (p.Arg31Cys)","chr7","92833233","G/A","CDK6","0.443","dataset0322","Missense","Neutral to the sensitivity to drug Olaparib in HAP1","sensitivity to drug Olaparib","10","Functionally normal","","","NA","CRISPR-Based Genome Editing","Base editing","33606977"
"NM_001145306.2(CDK6):c.90C>T (p.Ala30=)","chr7","92833234","G/A","CDK6","-0.623","dataset0322","Synonymous","Neutral to the sensitivity to drug Olaparib in HAP1","sensitivity to drug Olaparib","10","Functionally normal","","","NA","CRISPR-Based Genome Editing","Base editing","33606977"
"NM_001145306.2(CDK6):c.87G>A (p.Lys29=)","chr7","92833237","C/T","CDK6","-1.672","dataset0322","Synonymous","Neutral to the sensitivity to drug Olaparib in HAP1","sensitivity to drug Olaparib","10","Functionally normal","","","NA","CRISPR-Based Genome Editing","Base editing","33606977"
"NM_001145306.2(CDK6):c.69C>T (p.Ala23=)","chr7","92833255","G/A","CDK6","0.21","dataset0322","Synonymous","Neutral to the sensitivity to drug Olaparib in HAP1","sensitivity to drug Olaparib","10","Functionally normal","","1.24188e-06","NA","CRISPR-Based Genome Editing","Base editing","33606977"
"NM_001145306.2(CDK6):c.57C>T (p.Ile19=)","chr7","92833267","G/A","CDK6","0.0185","dataset0322","Synonymous","Neutral to the sensitivity to drug Olaparib in HAP1","sensitivity to drug Olaparib","10","Functionally normal","","","NA","CRISPR-Based Genome Editing","Base editing","33606977"
"NM_001145306.2(CDK6):c.40G>A (p.Glu14Lys)","chr7","92833284","C/T","CDK6","-0.805","dataset0322","Missense","Neutral to the sensitivity to drug Olaparib in HAP1","sensitivity to drug Olaparib","10","Functionally normal","","2.48674e-06","NA","CRISPR-Based Genome Editing","Base editing","33606977"
"NM_001145306.2(CDK6):c.36G>A (p.Gln12=)","chr7","92833288","C/T","CDK6","-0.805","dataset0322","Synonymous","Neutral to the sensitivity to drug Olaparib in HAP1","sensitivity to drug Olaparib","10","Functionally normal","","","NA","CRISPR-Based Genome Editing","Base editing","33606977"
"NM_001145306.2(CDK6):c.31C>T (p.Gln11Ter)","chr7","92833293","G/A","CDK6","0.889","dataset0322","Nonsense","Neutral to the sensitivity to drug Olaparib in HAP1","sensitivity to drug Olaparib","10","Functionally normal","","6.22781e-07","NA","CRISPR-Based Genome Editing","Base editing","33606977"
"NM_001145306.2(CDK6):c.30C>T (p.Asp10=)","chr7","92833294","G/A","CDK6","0.889","dataset0322","Synonymous","Neutral to the sensitivity to drug Olaparib in HAP1","sensitivity to drug Olaparib","10","Functionally normal","","","NA","CRISPR-Based Genome Editing","Base editing","33606977"
"NM_001145306.2(CDK6):c.10G>A (p.Asp4Asn)","chr7","92833314","C/T","CDK6","-1.492","dataset0322","Missense","Neutral to the sensitivity to drug Olaparib in HAP1","sensitivity to drug Olaparib","10","Functionally normal","","","NA","CRISPR-Based Genome Editing","Base editing","33606977"
"NM_001145306.2(CDK6):c.9G>A (p.Lys3=)","chr7","92833315","C/T","CDK6","-1.492","dataset0322","Synonymous","Neutral to the sensitivity to drug Olaparib in HAP1","sensitivity to drug Olaparib","10","Functionally normal","","6.2959e-07","NA","CRISPR-Based Genome Editing","Base editing","33606977"
"NM_001145306.2(CDK6):c.-6G>A","chr7","92833329","C/T","CDK6","1.814","dataset0322","UTR","Neutral to the sensitivity to drug Olaparib in HAP1","sensitivity to drug Olaparib","6","Functionally normal","","","NA","CRISPR-Based Genome Editing","Base editing","33606977"
"NM_001145306.2(CDK6):c.-8C>T","chr7","92833331","G/A","CDK6","-0.146","dataset0322","UTR","Neutral to the sensitivity to drug Olaparib in HAP1","sensitivity to drug Olaparib","6","Functionally normal","","1.28371e-06","NA","CRISPR-Based Genome Editing","Base editing","33606977"
"NM_001145306.2(CDK6):c.-9C>T","chr7","92833332","G/A","CDK6","-0.146","dataset0322","UTR","Neutral to the sensitivity to drug Olaparib in HAP1","sensitivity to drug Olaparib","6","Functionally normal","","0","NA","CRISPR-Based Genome Editing","Base editing","33606977"
"NM_001145306.2(CDK6):c.-24C>T","chr7","92833347","G/A","CDK6","-0.009","dataset0322","UTR","Neutral to the sensitivity to drug Olaparib in HAP1","sensitivity to drug Olaparib","6","Functionally normal","","0","NA","CRISPR-Based Genome Editing","Base editing","33606977"
"NM_001145306.2(CDK6):c.*46G>A","chr7","92615094","C/T","CDK6","0.334","dataset0323","UTR","Neutral to the CDK6-mediated cellular proliferation in HAP1","CDK6-mediated cellular proliferation","6","Functionally normal","","6.21728e-07","NA","CRISPR-Based Genome Editing","Base editing","33606977"
"NM_001145306.2(CDK6):c.*45G>A","chr7","92615095","C/T","CDK6","0.334","dataset0323","UTR","Neutral to the CDK6-mediated cellular proliferation in HAP1","CDK6-mediated cellular proliferation","6","Functionally normal","","1.86487e-06","NA","CRISPR-Based Genome Editing","Base editing","33606977"
"NM_001145306.2(CDK6):c.*33G>A","chr7","92615107","C/T","CDK6","1.013","dataset0323","UTR","Neutral to the CDK6-mediated cellular proliferation in HAP1","CDK6-mediated cellular proliferation","6","Functionally normal","","","NA","CRISPR-Based Genome Editing","Base editing","33606977"
"NM_001145306.2(CDK6):c.*32G>A","chr7","92615108","C/T","CDK6","1.013","dataset0323","UTR","Neutral to the CDK6-mediated cellular proliferation in HAP1","CDK6-mediated cellular proliferation","6","Functionally normal","Benign","0.219431","NA","CRISPR-Based Genome Editing","Base editing","33606977"
"NM_001145306.2(CDK6):c.*28C>T","chr7","92615112","G/A","CDK6","0.825","dataset0323","UTR","Neutral to the CDK6-mediated cellular proliferation in HAP1","CDK6-mediated cellular proliferation","6","Functionally normal","","","NA","CRISPR-Based Genome Editing","Base editing","33606977"
"NM_001145306.2(CDK6):c.*27C>T","chr7","92615113","G/A","CDK6","0.825","dataset0323","UTR","Neutral to the CDK6-mediated cellular proliferation in HAP1","CDK6-mediated cellular proliferation","6","Functionally normal","","6.20218e-06","NA","CRISPR-Based Genome Editing","Base editing","33606977"
"NM_001145306.2(CDK6):c.*16C>T","chr7","92615124","G/A","CDK6","-0.182","dataset0323","UTR","Neutral to the CDK6-mediated cellular proliferation in HAP1","CDK6-mediated cellular proliferation","6","Functionally normal","","","NA","CRISPR-Based Genome Editing","Base editing","33606977"
"NM_001145306.2(CDK6):c.969G>A (p.Leu323=)","chr7","92615152","C/T","CDK6","1.417","dataset0323","Synonymous","Neutral to the CDK6-mediated cellular proliferation in HAP1","CDK6-mediated cellular proliferation","10","Functionally normal","","8.67526e-06","NA","CRISPR-Based Genome Editing","Base editing","33606977"
"NM_001145306.2(CDK6):c.964G>A (p.Glu322Lys)","chr7","92615157","C/T","CDK6","-0.405","dataset0323","Missense","Neutral to the CDK6-mediated cellular proliferation in HAP1","CDK6-mediated cellular proliferation","10","Functionally normal","","","NA","CRISPR-Based Genome Editing","Base editing","33606977"
"NM_001145306.2(CDK6):c.963G>A (p.Ser321=)","chr7","92615158","C/T","CDK6","-0.405","dataset0323","Synonymous","Neutral to the CDK6-mediated cellular proliferation in HAP1","CDK6-mediated cellular proliferation","10","Functionally normal","","2.41677e-05","NA","CRISPR-Based Genome Editing","Base editing","33606977"
"NM_001145306.2(CDK6):c.954G>A (p.Gln318=)","chr7","92615167","C/T","CDK6","0.424","dataset0323","Synonymous","Neutral to the CDK6-mediated cellular proliferation in HAP1","CDK6-mediated cellular proliferation","10","Functionally normal","","","NA","CRISPR-Based Genome Editing","Base editing","33606977"
"NM_001145306.2(CDK6):c.947_948delinsTT (p.Pro316Leu)","chr7","92615173","GG/AA","CDK6","-1.266","dataset0323","Missense","Neutral to the CDK6-mediated cellular proliferation in HAP1","CDK6-mediated cellular proliferation","6","Functionally normal","","","NA","CRISPR-Based Genome Editing","Base editing","33606977"
"NM_001145306.2(CDK6):c.915G>A (p.Arg305=)","chr7","92615206","C/T","CDK6","0.421","dataset0323","Synonymous","Neutral to the CDK6-mediated cellular proliferation in HAP1","CDK6-mediated cellular proliferation","10","Functionally normal","","","NA","CRISPR-Based Genome Editing","Base editing","33606977"
"NM_001145306.2(CDK6):c.910G>A (p.Glu304Lys)","chr7","92615211","C/T","CDK6","0.431","dataset0323","Missense","Neutral to the CDK6-mediated cellular proliferation in HAP1","CDK6-mediated cellular proliferation","10","Functionally normal","","0","NA","CRISPR-Based Genome Editing","Base editing","33606977"
"NM_001145306.2(CDK6):c.909G>A (p.Leu303=)","chr7","92615212","C/T","CDK6","0.431","dataset0323","Synonymous","Neutral to the CDK6-mediated cellular proliferation in HAP1","CDK6-mediated cellular proliferation","6","Functionally normal","","","NA","CRISPR-Based Genome Editing","Base editing","33606977"
"NM_001145306.2(CDK6):c.900C>T (p.Phe300=)","chr7","92615221","G/A","CDK6","-0.524","dataset0323","Synonymous","Neutral to the CDK6-mediated cellular proliferation in HAP1","CDK6-mediated cellular proliferation","10","Functionally normal","","","NA","CRISPR-Based Genome Editing","Base editing","33606977"
"NM_001145306.2(CDK6):c.897C>T (p.Tyr299=)","chr7","92615224","G/A","CDK6","-0.524","dataset0323","Synonymous","Neutral to the CDK6-mediated cellular proliferation in HAP1","CDK6-mediated cellular proliferation","10","Functionally normal","","","NA","CRISPR-Based Genome Editing","Base editing","33606977"
"NM_001145306.2(CDK6):c.892_893delinsTT (p.Pro298Leu)","chr7","92615228","GG/AA","CDK6","-1.259","dataset0323","Missense","Neutral to the CDK6-mediated cellular proliferation in HAP1","CDK6-mediated cellular proliferation","6","Functionally normal","","","NA","CRISPR-Based Genome Editing","Base editing","33606977"
"NM_001145306.2(CDK6):c.891C>T (p.His297=)","chr7","92615230","G/A","CDK6","-1.259","dataset0323","Synonymous","Neutral to the CDK6-mediated cellular proliferation in HAP1","CDK6-mediated cellular proliferation","6","Functionally normal","","","NA","CRISPR-Based Genome Editing","Base editing","33606977"
"NM_001145306.2(CDK6):c.889C>T (p.His297Tyr)","chr7","92615232","G/A","CDK6","-1.343","dataset0323","Missense","Neutral to the CDK6-mediated cellular proliferation in HAP1","CDK6-mediated cellular proliferation","6","Functionally normal","","","NA","CRISPR-Based Genome Editing","Base editing","33606977"
"NM_001145306.2(CDK6):c.887C>T (p.Ser296Phe)","chr7","92615234","G/A","CDK6","-1.343","dataset0323","Missense","Neutral to the CDK6-mediated cellular proliferation in HAP1","CDK6-mediated cellular proliferation","6","Functionally normal","","","NA","CRISPR-Based Genome Editing","Base editing","33606977"
"NM_001145306.2(CDK6):c.800C>T (p.Thr267Ile)","chr7","92618106","G/A","CDK6","-0.458","dataset0323","Missense","Neutral to the CDK6-mediated cellular proliferation in HAP1","CDK6-mediated cellular proliferation","10","Functionally normal","","","NA","CRISPR-Based Genome Editing","Base editing","33606977"
"NM_001145306.2(CDK6):c.796G>A (p.Val266Ile)","chr7","92618110","C/T","CDK6","-1.98","dataset0323","Missense","Neutral to the CDK6-mediated cellular proliferation in HAP1","CDK6-mediated cellular proliferation","10","Functionally normal","","","NA","CRISPR-Based Genome Editing","Base editing","33606977"
"NM_001145306.2(CDK6):c.792G>A (p.Lys264=)","chr7","92618114","C/T","CDK6","-0.503","dataset0323","Synonymous","Neutral to the CDK6-mediated cellular proliferation in HAP1","CDK6-mediated cellular proliferation","10","Functionally normal","","6.19516e-07","NA","CRISPR-Based Genome Editing","Base editing","33606977"
"NM_001145306.2(CDK6):c.728G>A (p.Trp243Ter)","chr7","92618178","C/T","CDK6","-2.399","dataset0323","Nonsense","The reduced CDK6-mediated cellular proliferation in HAP1","CDK6-mediated cellular proliferation","10","Loss-of-function","","","NA","CRISPR-Based Genome Editing","Base editing","33606977"
"NM_001145306.2(CDK6):c.712_713delinsTT (p.Pro238Leu)","chr7","92618193","GG/AA","CDK6","-1.395","dataset0323","Missense","Neutral to the CDK6-mediated cellular proliferation in HAP1","CDK6-mediated cellular proliferation","6","Functionally normal","","","NA","CRISPR-Based Genome Editing","Base editing","33606977"
"NM_001145306.2(CDK6):c.711C>T (p.Leu237=)","chr7","92618195","G/A","CDK6","-1.395","dataset0323","Synonymous","Neutral to the CDK6-mediated cellular proliferation in HAP1","CDK6-mediated cellular proliferation","10","Functionally normal","","","NA","CRISPR-Based Genome Editing","Base editing","33606977"
"NM_001145306.2(CDK6):c.699-4G>A","chr7","92618211","C/T","CDK6","-3.107","dataset0323","Splice site","The reduced CDK6-mediated cellular proliferation in HAP1","CDK6-mediated cellular proliferation","6","Loss-of-function","","","NA","CRISPR-Based Genome Editing","Base editing","33606977"
"NM_001145306.2(CDK6):c.682C>T (p.Leu228=)","chr7","92623052","G/A","CDK6","-2.967","dataset0323","Synonymous","The reduced CDK6-mediated cellular proliferation in HAP1","CDK6-mediated cellular proliferation","10","Loss-of-function","","","NA","CRISPR-Based Genome Editing","Base editing","33606977"
"NM_001145306.2(CDK6):c.679C>T (p.Gln227Ter)","chr7","92623055","G/A","CDK6","-2.967","dataset0323","Nonsense","The reduced CDK6-mediated cellular proliferation in HAP1","CDK6-mediated cellular proliferation","10","Loss-of-function","","","NA","CRISPR-Based Genome Editing","Base editing","33606977"
"NM_001145306.2(CDK6):c.668C>T (p.Ser223Leu)","chr7","92623066","G/A","CDK6","-0.774","dataset0323","Missense","Neutral to the CDK6-mediated cellular proliferation in HAP1","CDK6-mediated cellular proliferation","10","Functionally normal","","0","NA","CRISPR-Based Genome Editing","Base editing","33606977"
"NM_001145306.2(CDK6):c.665G>A (p.Ser222Asn)","chr7","92623069","C/T","CDK6","-0.8","dataset0323","Missense","Neutral to the CDK6-mediated cellular proliferation in HAP1","CDK6-mediated cellular proliferation","10","Functionally normal","","0","NA","CRISPR-Based Genome Editing","Base editing","33606977"
"NM_001145306.2(CDK6):c.647+33C>T","chr7","92671393","G/A","CDK6","-0.673","dataset0323","Intron","Neutral to the CDK6-mediated cellular proliferation in HAP1","CDK6-mediated cellular proliferation","6","Functionally normal","","0","NA","CRISPR-Based Genome Editing","Base editing","33606977"
"NM_001145306.2(CDK6):c.647+32C>T","chr7","92671394","G/A","CDK6","-0.673","dataset0323","Intron","Neutral to the CDK6-mediated cellular proliferation in HAP1","CDK6-mediated cellular proliferation","6","Functionally normal","","7.35176e-07","NA","CRISPR-Based Genome Editing","Base editing","33606977"
"NM_001145306.2(CDK6):c.613G>A (p.Val205Ile)","chr7","92671460","C/T","CDK6","-4.109","dataset0323","Missense","The reduced CDK6-mediated cellular proliferation in HAP1","CDK6-mediated cellular proliferation","10","Loss-of-function","","1.9621e-05","NA","CRISPR-Based Genome Editing","Base editing","33606977"
"NM_001145306.2(CDK6):c.611G>A (p.Ser204Asn)","chr7","92671462","C/T","CDK6","-4.109","dataset0323","Missense","The reduced CDK6-mediated cellular proliferation in HAP1","CDK6-mediated cellular proliferation","10","Loss-of-function","","","NA","CRISPR-Based Genome Editing","Base editing","33606977"
"NM_001145306.2(CDK6):c.608_609delinsAA (p.Trp203Ter)","chr7","92671464","CC/TT","CDK6","-2.573","dataset0323","Nonsense","The reduced CDK6-mediated cellular proliferation in HAP1","CDK6-mediated cellular proliferation","6","Loss-of-function","","","NA","CRISPR-Based Genome Editing","Base editing","33606977"
"NM_001145306.2(CDK6):c.609G>A (p.Trp203Ter)","chr7","92671464","C/T","CDK6","-2.667","dataset0323","Nonsense","The reduced CDK6-mediated cellular proliferation in HAP1","CDK6-mediated cellular proliferation","10","Loss-of-function","","","NA","CRISPR-Based Genome Editing","Base editing","33606977"
"NM_001145306.2(CDK6):c.593_594delinsTT (p.Thr198Ile)","chr7","92671479","GG/AA","CDK6","0.421","dataset0323","Missense","Neutral to the CDK6-mediated cellular proliferation in HAP1","CDK6-mediated cellular proliferation","6","Functionally normal","","","NA","CRISPR-Based Genome Editing","Base editing","33606977"
"NM_001145306.2(CDK6):c.591C>T (p.Ala197=)","chr7","92671482","G/A","CDK6","0.421","dataset0323","Synonymous","Neutral to the CDK6-mediated cellular proliferation in HAP1","CDK6-mediated cellular proliferation","10","Functionally normal","","","NA","CRISPR-Based Genome Editing","Base editing","33606977"
"NM_001145306.2(CDK6):c.582C>T (p.Ser194=)","chr7","92671491","G/A","CDK6","-0.593","dataset0323","Synonymous","Neutral to the CDK6-mediated cellular proliferation in HAP1","CDK6-mediated cellular proliferation","6","Functionally normal","","0","NA","CRISPR-Based Genome Editing","Base editing","33606977"
"NM_001145306.2(CDK6):c.579G>A (p.Gln193=)","chr7","92671494","C/T","CDK6","0.751","dataset0323","Synonymous","Neutral to the CDK6-mediated cellular proliferation in HAP1","CDK6-mediated cellular proliferation","10","Functionally normal","","1.263e-06","NA","CRISPR-Based Genome Editing","Base editing","33606977"
"NM_001145306.2(CDK6):c.541G>A (p.Val181Ile)","chr7","92671532","C/T","CDK6","-0.532","dataset0323","Missense","Neutral to the CDK6-mediated cellular proliferation in HAP1","CDK6-mediated cellular proliferation","10","Functionally normal","","5.16005e-06","NA","CRISPR-Based Genome Editing","Base editing","33606977"
"NM_001145306.2(CDK6):c.538G>A (p.Val180Ile)","chr7","92671535","C/T","CDK6","-0.532","dataset0323","Missense","Neutral to the CDK6-mediated cellular proliferation in HAP1","CDK6-mediated cellular proliferation","6","Functionally normal","","0","NA","CRISPR-Based Genome Editing","Base editing","33606977"
"NM_001145306.2(CDK6):c.538-1G>A","chr7","92671536","C/T","CDK6","-0.532","dataset0323","Splice site","Neutral to the CDK6-mediated cellular proliferation in HAP1","CDK6-mediated cellular proliferation","6","Functionally normal","","","NA","CRISPR-Based Genome Editing","Base editing","33606977"
"NM_001145306.2(CDK6):c.538-15C>T","chr7","92671550","G/A","CDK6","0.341","dataset0323","Splice site","Neutral to the CDK6-mediated cellular proliferation in HAP1","CDK6-mediated cellular proliferation","6","Functionally normal","","2.07719e-05","NA","CRISPR-Based Genome Editing","Base editing","33606977"
"NM_001145306.2(CDK6):c.538-16C>T","chr7","92671551","G/A","CDK6","0.341","dataset0323","Splice site","Neutral to the CDK6-mediated cellular proliferation in HAP1","CDK6-mediated cellular proliferation","6","Functionally normal","","0","NA","CRISPR-Based Genome Editing","Base editing","33606977"
"NM_001145306.2(CDK6):c.537+11G>A","chr7","92725615","C/T","CDK6","-0.795","dataset0323","Intron","Neutral to the CDK6-mediated cellular proliferation in HAP1","CDK6-mediated cellular proliferation","6","Functionally normal","","","NA","CRISPR-Based Genome Editing","Base editing","33606977"
"NM_001145306.2(CDK6):c.537+9G>A","chr7","92725617","C/T","CDK6","-0.795","dataset0323","Intron","Neutral to the CDK6-mediated cellular proliferation in HAP1","CDK6-mediated cellular proliferation","6","Functionally normal","","","NA","CRISPR-Based Genome Editing","Base editing","33606977"
"NM_001145306.2(CDK6):c.535G>A (p.Val179Met)","chr7","92725628","C/T","CDK6","0.703","dataset0323","Missense","Neutral to the CDK6-mediated cellular proliferation in HAP1","CDK6-mediated cellular proliferation","10","Functionally normal","","","NA","CRISPR-Based Genome Editing","Base editing","33606977"
"NM_001145306.2(CDK6):c.519G>A (p.Gln173=)","chr7","92725644","C/T","CDK6","-0.927","dataset0323","Synonymous","Neutral to the CDK6-mediated cellular proliferation in HAP1","CDK6-mediated cellular proliferation","10","Functionally normal","","","NA","CRISPR-Based Genome Editing","Base editing","33606977"
"NM_001145306.2(CDK6):c.512G>A (p.Ser171Asn)","chr7","92725651","C/T","CDK6","0.478","dataset0323","Missense","Neutral to the CDK6-mediated cellular proliferation in HAP1","CDK6-mediated cellular proliferation","10","Functionally normal","","","NA","CRISPR-Based Genome Editing","Base editing","33606977"
"NM_001145306.2(CDK6):c.507C>T (p.Ile169=)","chr7","92725656","G/A","CDK6","-2.835","dataset0323","Synonymous","The reduced CDK6-mediated cellular proliferation in HAP1","CDK6-mediated cellular proliferation","10","Loss-of-function","","6.19546e-07","NA","CRISPR-Based Genome Editing","Base editing","33606977"
"NM_001145306.2(CDK6):c.454C>T (p.Leu152=)","chr7","92725709","G/A","CDK6","0.937","dataset0323","Synonymous","Neutral to the CDK6-mediated cellular proliferation in HAP1","CDK6-mediated cellular proliferation","10","Functionally normal","","","NA","CRISPR-Based Genome Editing","Base editing","33606977"
"NM_001145306.2(CDK6):c.442C>T (p.Pro148Ser)","chr7","92725721","G/A","CDK6","-2.393","dataset0323","Missense","The reduced CDK6-mediated cellular proliferation in HAP1","CDK6-mediated cellular proliferation","10","Loss-of-function","","","NA","CRISPR-Based Genome Editing","Base editing","33606977"
"NM_001145306.2(CDK6):c.433G>A (p.Asp145Asn)","chr7","92725730","C/T","CDK6","-0.956","dataset0323","Missense","Neutral to the CDK6-mediated cellular proliferation in HAP1","CDK6-mediated cellular proliferation","10","Functionally normal","","","NA","CRISPR-Based Genome Editing","Base editing","33606977"
"NM_001145306.2(CDK6):c.382C>T (p.Gln128Ter)","chr7","92725781","G/A","CDK6","-0.954","dataset0323","Nonsense","Neutral to the CDK6-mediated cellular proliferation in HAP1","CDK6-mediated cellular proliferation","10","Functionally normal","","","hnsc:0.2% (1/523):0.030","CRISPR-Based Genome Editing","Base editing","33606977"
"NM_001145306.2(CDK6):c.369+15C>T","chr7","92774681","G/A","CDK6","-3.028","dataset0323","Intron","The reduced CDK6-mediated cellular proliferation in HAP1","CDK6-mediated cellular proliferation","6","Loss-of-function","","","NA","CRISPR-Based Genome Editing","Base editing","33606977"
"NM_001145306.2(CDK6):c.369+12C>T","chr7","92774684","G/A","CDK6","-3.028","dataset0323","Intron","The reduced CDK6-mediated cellular proliferation in HAP1","CDK6-mediated cellular proliferation","6","Loss-of-function","","","NA","CRISPR-Based Genome Editing","Base editing","33606977"
"NM_001145306.2(CDK6):c.369+8G>A","chr7","92774688","C/T","CDK6","0.407","dataset0323","Splice site","Neutral to the CDK6-mediated cellular proliferation in HAP1","CDK6-mediated cellular proliferation","6","Functionally normal","","","NA","CRISPR-Based Genome Editing","Base editing","33606977"
"NM_001145306.2(CDK6):c.369+1G>A","chr7","92774695","C/T","CDK6","-2.558","dataset0323","Splice site","The reduced CDK6-mediated cellular proliferation in HAP1","CDK6-mediated cellular proliferation","6","Loss-of-function","","","NA","CRISPR-Based Genome Editing","Base editing","33606977"
"NM_001145306.2(CDK6):c.369G>A (p.Lys123=)","chr7","92774696","C/T","CDK6","-2.558","dataset0323","Splice site","The reduced CDK6-mediated cellular proliferation in HAP1","CDK6-mediated cellular proliferation","10","Loss-of-function","","","NA","CRISPR-Based Genome Editing","Base editing","33606977"
"NM_001145306.2(CDK6):c.358G>A (p.Glu120Lys)","chr7","92774707","C/T","CDK6","0.124","dataset0323","Missense","Neutral to the CDK6-mediated cellular proliferation in HAP1","CDK6-mediated cellular proliferation","10","Functionally normal","","","NA","CRISPR-Based Genome Editing","Base editing","33606977"
"NM_001145306.2(CDK6):c.353_354delinsTT (p.Pro118Leu)","chr7","92774711","GG/AA","CDK6","-1.64","dataset0323","Missense","Neutral to the CDK6-mediated cellular proliferation in HAP1","CDK6-mediated cellular proliferation","6","Functionally normal","","","NA","CRISPR-Based Genome Editing","Base editing","33606977"
"NM_001145306.2(CDK6):c.334G>A (p.Val112Ile)","chr7","92774731","C/T","CDK6","0.286","dataset0323","Missense","Neutral to the CDK6-mediated cellular proliferation in HAP1","CDK6-mediated cellular proliferation","10","Functionally normal","","4.96923e-06","NA","CRISPR-Based Genome Editing","Base editing","33606977"
"NM_001145306.2(CDK6):c.312C>T (p.Asp104=)","chr7","92774753","G/A","CDK6","0.589","dataset0323","Synonymous","Neutral to the CDK6-mediated cellular proliferation in HAP1","CDK6-mediated cellular proliferation","10","Functionally normal","","6.19962e-07","NA","CRISPR-Based Genome Editing","Base editing","33606977"
"NM_001145306.2(CDK6):c.234-14G>A","chr7","92774845","C/T","CDK6","-1.281","dataset0323","Splice site","Neutral to the CDK6-mediated cellular proliferation in HAP1","CDK6-mediated cellular proliferation","6","Functionally normal","","","NA","CRISPR-Based Genome Editing","Base editing","33606977"
"NM_001145306.2(CDK6):c.233+29C>T","chr7","92833062","G/A","CDK6","1.178","dataset0323","Intron","Neutral to the CDK6-mediated cellular proliferation in HAP1","CDK6-mediated cellular proliferation","6","Functionally normal","","2.68468e-06","NA","CRISPR-Based Genome Editing","Base editing","33606977"
"NM_001145306.2(CDK6):c.233+3G>A","chr7","92833088","C/T","CDK6","-3.223","dataset0323","Splice site","The reduced CDK6-mediated cellular proliferation in HAP1","CDK6-mediated cellular proliferation","6","Loss-of-function","","0","NA","CRISPR-Based Genome Editing","Base editing","33606977"
"NM_001145306.2(CDK6):c.233+1G>A","chr7","92833090","C/T","CDK6","-3.223","dataset0323","Splice site","The reduced CDK6-mediated cellular proliferation in HAP1","CDK6-mediated cellular proliferation","6","Loss-of-function","","0","NA","CRISPR-Based Genome Editing","Base editing","33606977"
"NM_001145306.2(CDK6):c.225C>T (p.Asn75=)","chr7","92833099","G/A","CDK6","-0.831","dataset0323","Synonymous","Neutral to the CDK6-mediated cellular proliferation in HAP1","CDK6-mediated cellular proliferation","10","Functionally normal","","1.88581e-06","NA","CRISPR-Based Genome Editing","Base editing","33606977"
"NM_001145306.2(CDK6):c.219C>T (p.His73=)","chr7","92833105","G/A","CDK6","-0.53","dataset0323","Synonymous","Neutral to the CDK6-mediated cellular proliferation in HAP1","CDK6-mediated cellular proliferation","10","Functionally normal","","0","NA","CRISPR-Based Genome Editing","Base editing","33606977"
"NM_001145306.2(CDK6):c.213C>T (p.Phe71=)","chr7","92833111","G/A","CDK6","0.208","dataset0323","Synonymous","Neutral to the CDK6-mediated cellular proliferation in HAP1","CDK6-mediated cellular proliferation","10","Functionally normal","","","NA","CRISPR-Based Genome Editing","Base editing","33606977"
"NM_001145306.2(CDK6):c.210C>T (p.Thr70=)","chr7","92833114","G/A","CDK6","0.208","dataset0323","Synonymous","Neutral to the CDK6-mediated cellular proliferation in HAP1","CDK6-mediated cellular proliferation","6","Functionally normal","","","NA","CRISPR-Based Genome Editing","Base editing","33606977"
"NM_001145306.2(CDK6):c.195G>A (p.Leu65=)","chr7","92833129","C/T","CDK6","-0.077","dataset0323","Synonymous","Neutral to the CDK6-mediated cellular proliferation in HAP1","CDK6-mediated cellular proliferation","10","Functionally normal","","","NA","CRISPR-Based Genome Editing","Base editing","33606977"
"NM_001145306.2(CDK6):c.190G>A (p.Val64Met)","chr7","92833134","C/T","CDK6","-1.16","dataset0323","Missense","Neutral to the CDK6-mediated cellular proliferation in HAP1","CDK6-mediated cellular proliferation","10","Functionally normal","","","NA","CRISPR-Based Genome Editing","Base editing","33606977"
"NM_001145306.2(CDK6):c.189G>A (p.Ala63=)","chr7","92833135","C/T","CDK6","-1.16","dataset0323","Synonymous","Neutral to the CDK6-mediated cellular proliferation in HAP1","CDK6-mediated cellular proliferation","10","Functionally normal","","","NA","CRISPR-Based Genome Editing","Base editing","33606977"
"NM_001145306.2(CDK6):c.186G>A (p.Val62=)","chr7","92833138","C/T","CDK6","-0.593","dataset0323","Synonymous","Neutral to the CDK6-mediated cellular proliferation in HAP1","CDK6-mediated cellular proliferation","6","Functionally normal","","","NA","CRISPR-Based Genome Editing","Base editing","33606977"
"NM_001145306.2(CDK6):c.181G>A (p.Glu61Lys)","chr7","92833143","C/T","CDK6","-1.744","dataset0323","Missense","Neutral to the CDK6-mediated cellular proliferation in HAP1","CDK6-mediated cellular proliferation","6","Functionally normal","","","NA","CRISPR-Based Genome Editing","Base editing","33606977"
"NM_001145306.2(CDK6):c.173_174delinsTT (p.Thr58Ile)","chr7","92833150","GG/AA","CDK6","0.585","dataset0323","Missense","Neutral to the CDK6-mediated cellular proliferation in HAP1","CDK6-mediated cellular proliferation","6","Functionally normal","","","NA","CRISPR-Based Genome Editing","Base editing","33606977"
"NM_001145306.2(CDK6):c.170_171delinsTT (p.Ser57Phe)","chr7","92833153","GG/AA","CDK6","-0.842","dataset0323","Missense","Neutral to the CDK6-mediated cellular proliferation in HAP1","CDK6-mediated cellular proliferation","6","Functionally normal","","","NA","CRISPR-Based Genome Editing","Base editing","33606977"
"NM_001145306.2(CDK6):c.171C>T (p.Ser57=)","chr7","92833153","G/A","CDK6","0.585","dataset0323","Synonymous","Neutral to the CDK6-mediated cellular proliferation in HAP1","CDK6-mediated cellular proliferation","10","Functionally normal","","1.11842e-05","NA","CRISPR-Based Genome Editing","Base editing","33606977"
"NM_001145306.2(CDK6):c.168C>T (p.Leu56=)","chr7","92833156","G/A","CDK6","-0.842","dataset0323","Synonymous","Neutral to the CDK6-mediated cellular proliferation in HAP1","CDK6-mediated cellular proliferation","10","Functionally normal","","6.21339e-06","NA","CRISPR-Based Genome Editing","Base editing","33606977"
"NM_001145306.2(CDK6):c.126G>A (p.Leu42=)","chr7","92833198","C/T","CDK6","-1.858","dataset0323","Synonymous","Neutral to the CDK6-mediated cellular proliferation in HAP1","CDK6-mediated cellular proliferation","10","Functionally normal","","","NA","CRISPR-Based Genome Editing","Base editing","33606977"
"NM_001145306.2(CDK6):c.109G>A (p.Gly37Ser)","chr7","92833215","C/T","CDK6","0.355","dataset0323","Missense","Neutral to the CDK6-mediated cellular proliferation in HAP1","CDK6-mediated cellular proliferation","10","Functionally normal","","","NA","CRISPR-Based Genome Editing","Base editing","33606977"
"NM_001145306.2(CDK6):c.106_107delinsAA (p.Gly36Lys)","chr7","92833217","CC/TT","CDK6","0.223","dataset0323","Missense","Neutral to the CDK6-mediated cellular proliferation in HAP1","CDK6-mediated cellular proliferation","6","Functionally normal","","","NA","CRISPR-Based Genome Editing","Base editing","33606977"
"NM_001145306.2(CDK6):c.105C>T (p.Asn35=)","chr7","92833219","G/A","CDK6","1.2","dataset0323","Synonymous","Neutral to the CDK6-mediated cellular proliferation in HAP1","CDK6-mediated cellular proliferation","10","Functionally normal","","1.24187e-06","NA","CRISPR-Based Genome Editing","Base editing","33606977"
"NM_001145306.2(CDK6):c.91C>T (p.Arg31Cys)","chr7","92833233","G/A","CDK6","-0.435","dataset0323","Missense","Neutral to the CDK6-mediated cellular proliferation in HAP1","CDK6-mediated cellular proliferation","10","Functionally normal","","","NA","CRISPR-Based Genome Editing","Base editing","33606977"
"NM_001145306.2(CDK6):c.90C>T (p.Ala30=)","chr7","92833234","G/A","CDK6","-0.435","dataset0323","Synonymous","Neutral to the CDK6-mediated cellular proliferation in HAP1","CDK6-mediated cellular proliferation","10","Functionally normal","","","NA","CRISPR-Based Genome Editing","Base editing","33606977"
"NM_001145306.2(CDK6):c.87G>A (p.Lys29=)","chr7","92833237","C/T","CDK6","-2.662","dataset0323","Synonymous","The reduced CDK6-mediated cellular proliferation in HAP1","CDK6-mediated cellular proliferation","10","Loss-of-function","","","NA","CRISPR-Based Genome Editing","Base editing","33606977"
"NM_001145306.2(CDK6):c.69C>T (p.Ala23=)","chr7","92833255","G/A","CDK6","0.818","dataset0323","Synonymous","Neutral to the CDK6-mediated cellular proliferation in HAP1","CDK6-mediated cellular proliferation","10","Functionally normal","","1.24188e-06","NA","CRISPR-Based Genome Editing","Base editing","33606977"
"NM_001145306.2(CDK6):c.57C>T (p.Ile19=)","chr7","92833267","G/A","CDK6","0.575","dataset0323","Synonymous","Neutral to the CDK6-mediated cellular proliferation in HAP1","CDK6-mediated cellular proliferation","10","Functionally normal","","","NA","CRISPR-Based Genome Editing","Base editing","33606977"
"NM_001145306.2(CDK6):c.40G>A (p.Glu14Lys)","chr7","92833284","C/T","CDK6","0.205","dataset0323","Missense","Neutral to the CDK6-mediated cellular proliferation in HAP1","CDK6-mediated cellular proliferation","10","Functionally normal","","2.48674e-06","NA","CRISPR-Based Genome Editing","Base editing","33606977"
"NM_001145306.2(CDK6):c.36G>A (p.Gln12=)","chr7","92833288","C/T","CDK6","0.205","dataset0323","Synonymous","Neutral to the CDK6-mediated cellular proliferation in HAP1","CDK6-mediated cellular proliferation","10","Functionally normal","","","NA","CRISPR-Based Genome Editing","Base editing","33606977"
"NM_001145306.2(CDK6):c.31C>T (p.Gln11Ter)","chr7","92833293","G/A","CDK6","-0.961","dataset0323","Nonsense","Neutral to the CDK6-mediated cellular proliferation in HAP1","CDK6-mediated cellular proliferation","10","Functionally normal","","6.22781e-07","NA","CRISPR-Based Genome Editing","Base editing","33606977"
"NM_001145306.2(CDK6):c.30C>T (p.Asp10=)","chr7","92833294","G/A","CDK6","-0.961","dataset0323","Synonymous","Neutral to the CDK6-mediated cellular proliferation in HAP1","CDK6-mediated cellular proliferation","10","Functionally normal","","","NA","CRISPR-Based Genome Editing","Base editing","33606977"
"NM_001145306.2(CDK6):c.10G>A (p.Asp4Asn)","chr7","92833314","C/T","CDK6","-1.272","dataset0323","Missense","Neutral to the CDK6-mediated cellular proliferation in HAP1","CDK6-mediated cellular proliferation","10","Functionally normal","","","NA","CRISPR-Based Genome Editing","Base editing","33606977"
"NM_001145306.2(CDK6):c.9G>A (p.Lys3=)","chr7","92833315","C/T","CDK6","-1.272","dataset0323","Synonymous","Neutral to the CDK6-mediated cellular proliferation in HAP1","CDK6-mediated cellular proliferation","10","Functionally normal","","6.2959e-07","NA","CRISPR-Based Genome Editing","Base editing","33606977"
"NM_001145306.2(CDK6):c.-6G>A","chr7","92833329","C/T","CDK6","0.747","dataset0323","UTR","Neutral to the CDK6-mediated cellular proliferation in HAP1","CDK6-mediated cellular proliferation","6","Functionally normal","","","NA","CRISPR-Based Genome Editing","Base editing","33606977"
"NM_001145306.2(CDK6):c.-8C>T","chr7","92833331","G/A","CDK6","-0.071","dataset0323","UTR","Neutral to the CDK6-mediated cellular proliferation in HAP1","CDK6-mediated cellular proliferation","6","Functionally normal","","1.28371e-06","NA","CRISPR-Based Genome Editing","Base editing","33606977"
"NM_001145306.2(CDK6):c.-9C>T","chr7","92833332","G/A","CDK6","-0.071","dataset0323","UTR","Neutral to the CDK6-mediated cellular proliferation in HAP1","CDK6-mediated cellular proliferation","6","Functionally normal","","0","NA","CRISPR-Based Genome Editing","Base editing","33606977"
"NM_001145306.2(CDK6):c.-24C>T","chr7","92833347","G/A","CDK6","-0.154","dataset0323","UTR","Neutral to the CDK6-mediated cellular proliferation in HAP1","CDK6-mediated cellular proliferation","6","Functionally normal","","0","NA","CRISPR-Based Genome Editing","Base editing","33606977"
"NM_001145306.2(CDK6):c.*46G>A","chr7","92615094","C/T","CDK6","-0.67","dataset0324","UTR","Neutral to the sensitivity to drug Veliparib in HAP1","sensitivity to drug Veliparib","6","Functionally normal","","6.21728e-07","NA","CRISPR-Based Genome Editing","Base editing","33606977"
"NM_001145306.2(CDK6):c.*45G>A","chr7","92615095","C/T","CDK6","-0.67","dataset0324","UTR","Neutral to the sensitivity to drug Veliparib in HAP1","sensitivity to drug Veliparib","6","Functionally normal","","1.86487e-06","NA","CRISPR-Based Genome Editing","Base editing","33606977"
"NM_001145306.2(CDK6):c.*33G>A","chr7","92615107","C/T","CDK6","-0.63","dataset0324","UTR","Neutral to the sensitivity to drug Veliparib in HAP1","sensitivity to drug Veliparib","6","Functionally normal","","","NA","CRISPR-Based Genome Editing","Base editing","33606977"
"NM_001145306.2(CDK6):c.*32G>A","chr7","92615108","C/T","CDK6","-0.63","dataset0324","UTR","Neutral to the sensitivity to drug Veliparib in HAP1","sensitivity to drug Veliparib","6","Functionally normal","Benign","0.219431","NA","CRISPR-Based Genome Editing","Base editing","33606977"
"NM_001145306.2(CDK6):c.*28C>T","chr7","92615112","G/A","CDK6","-0.116","dataset0324","UTR","Neutral to the sensitivity to drug Veliparib in HAP1","sensitivity to drug Veliparib","6","Functionally normal","","","NA","CRISPR-Based Genome Editing","Base editing","33606977"
"NM_001145306.2(CDK6):c.*27C>T","chr7","92615113","G/A","CDK6","-0.116","dataset0324","UTR","Neutral to the sensitivity to drug Veliparib in HAP1","sensitivity to drug Veliparib","6","Functionally normal","","6.20218e-06","NA","CRISPR-Based Genome Editing","Base editing","33606977"
"NM_001145306.2(CDK6):c.*16C>T","chr7","92615124","G/A","CDK6","-1.097","dataset0324","UTR","Neutral to the sensitivity to drug Veliparib in HAP1","sensitivity to drug Veliparib","6","Functionally normal","","","NA","CRISPR-Based Genome Editing","Base editing","33606977"
"NM_001145306.2(CDK6):c.969G>A (p.Leu323=)","chr7","92615152","C/T","CDK6","-0.073","dataset0324","Synonymous","Neutral to the sensitivity to drug Veliparib in HAP1","sensitivity to drug Veliparib","10","Functionally normal","","8.67526e-06","NA","CRISPR-Based Genome Editing","Base editing","33606977"
"NM_001145306.2(CDK6):c.964G>A (p.Glu322Lys)","chr7","92615157","C/T","CDK6","0.435","dataset0324","Missense","Neutral to the sensitivity to drug Veliparib in HAP1","sensitivity to drug Veliparib","10","Functionally normal","","","NA","CRISPR-Based Genome Editing","Base editing","33606977"
"NM_001145306.2(CDK6):c.963G>A (p.Ser321=)","chr7","92615158","C/T","CDK6","0.435","dataset0324","Synonymous","Neutral to the sensitivity to drug Veliparib in HAP1","sensitivity to drug Veliparib","10","Functionally normal","","2.41677e-05","NA","CRISPR-Based Genome Editing","Base editing","33606977"
"NM_001145306.2(CDK6):c.954G>A (p.Gln318=)","chr7","92615167","C/T","CDK6","-0.207667","dataset0324","Synonymous","Neutral to the sensitivity to drug Veliparib in HAP1","sensitivity to drug Veliparib","10","Functionally normal","","","NA","CRISPR-Based Genome Editing","Base editing","33606977"
"NM_001145306.2(CDK6):c.947_948delinsTT (p.Pro316Leu)","chr7","92615173","GG/AA","CDK6","0.091","dataset0324","Missense","Neutral to the sensitivity to drug Veliparib in HAP1","sensitivity to drug Veliparib","6","Functionally normal","","","NA","CRISPR-Based Genome Editing","Base editing","33606977"
"NM_001145306.2(CDK6):c.915G>A (p.Arg305=)","chr7","92615206","C/T","CDK6","-0.835","dataset0324","Synonymous","Neutral to the sensitivity to drug Veliparib in HAP1","sensitivity to drug Veliparib","10","Functionally normal","","","NA","CRISPR-Based Genome Editing","Base editing","33606977"
"NM_001145306.2(CDK6):c.910G>A (p.Glu304Lys)","chr7","92615211","C/T","CDK6","-0.497","dataset0324","Missense","Neutral to the sensitivity to drug Veliparib in HAP1","sensitivity to drug Veliparib","10","Functionally normal","","0","NA","CRISPR-Based Genome Editing","Base editing","33606977"
"NM_001145306.2(CDK6):c.909G>A (p.Leu303=)","chr7","92615212","C/T","CDK6","-0.497","dataset0324","Synonymous","Neutral to the sensitivity to drug Veliparib in HAP1","sensitivity to drug Veliparib","6","Functionally normal","","","NA","CRISPR-Based Genome Editing","Base editing","33606977"
"NM_001145306.2(CDK6):c.900C>T (p.Phe300=)","chr7","92615221","G/A","CDK6","1.239","dataset0324","Synonymous","Neutral to the sensitivity to drug Veliparib in HAP1","sensitivity to drug Veliparib","10","Functionally normal","","","NA","CRISPR-Based Genome Editing","Base editing","33606977"
"NM_001145306.2(CDK6):c.897C>T (p.Tyr299=)","chr7","92615224","G/A","CDK6","1.239","dataset0324","Synonymous","Neutral to the sensitivity to drug Veliparib in HAP1","sensitivity to drug Veliparib","10","Functionally normal","","","NA","CRISPR-Based Genome Editing","Base editing","33606977"
"NM_001145306.2(CDK6):c.892_893delinsTT (p.Pro298Leu)","chr7","92615228","GG/AA","CDK6","-1.022","dataset0324","Missense","Neutral to the sensitivity to drug Veliparib in HAP1","sensitivity to drug Veliparib","6","Functionally normal","","","NA","CRISPR-Based Genome Editing","Base editing","33606977"
"NM_001145306.2(CDK6):c.891C>T (p.His297=)","chr7","92615230","G/A","CDK6","-1.022","dataset0324","Synonymous","Neutral to the sensitivity to drug Veliparib in HAP1","sensitivity to drug Veliparib","6","Functionally normal","","","NA","CRISPR-Based Genome Editing","Base editing","33606977"
"NM_001145306.2(CDK6):c.889C>T (p.His297Tyr)","chr7","92615232","G/A","CDK6","-0.315","dataset0324","Missense","Neutral to the sensitivity to drug Veliparib in HAP1","sensitivity to drug Veliparib","6","Functionally normal","","","NA","CRISPR-Based Genome Editing","Base editing","33606977"
"NM_001145306.2(CDK6):c.887C>T (p.Ser296Phe)","chr7","92615234","G/A","CDK6","-0.315","dataset0324","Missense","Neutral to the sensitivity to drug Veliparib in HAP1","sensitivity to drug Veliparib","6","Functionally normal","","","NA","CRISPR-Based Genome Editing","Base editing","33606977"
"NM_001145306.2(CDK6):c.800C>T (p.Thr267Ile)","chr7","92618106","G/A","CDK6","0.264","dataset0324","Missense","Neutral to the sensitivity to drug Veliparib in HAP1","sensitivity to drug Veliparib","10","Functionally normal","","","NA","CRISPR-Based Genome Editing","Base editing","33606977"
"NM_001145306.2(CDK6):c.796G>A (p.Val266Ile)","chr7","92618110","C/T","CDK6","1.6195","dataset0324","Missense","Neutral to the sensitivity to drug Veliparib in HAP1","sensitivity to drug Veliparib","10","Functionally normal","","","NA","CRISPR-Based Genome Editing","Base editing","33606977"
"NM_001145306.2(CDK6):c.792G>A (p.Lys264=)","chr7","92618114","C/T","CDK6","1.38","dataset0324","Synonymous","Neutral to the sensitivity to drug Veliparib in HAP1","sensitivity to drug Veliparib","10","Functionally normal","","6.19516e-07","NA","CRISPR-Based Genome Editing","Base editing","33606977"
"NM_001145306.2(CDK6):c.728G>A (p.Trp243Ter)","chr7","92618178","C/T","CDK6","1.101","dataset0324","Nonsense","Neutral to the sensitivity to drug Veliparib in HAP1","sensitivity to drug Veliparib","10","Functionally normal","","","NA","CRISPR-Based Genome Editing","Base editing","33606977"
"NM_001145306.2(CDK6):c.712_713delinsTT (p.Pro238Leu)","chr7","92618193","GG/AA","CDK6","0.418","dataset0324","Missense","Neutral to the sensitivity to drug Veliparib in HAP1","sensitivity to drug Veliparib","6","Functionally normal","","","NA","CRISPR-Based Genome Editing","Base editing","33606977"
"NM_001145306.2(CDK6):c.711C>T (p.Leu237=)","chr7","92618195","G/A","CDK6","0.418","dataset0324","Synonymous","Neutral to the sensitivity to drug Veliparib in HAP1","sensitivity to drug Veliparib","10","Functionally normal","","","NA","CRISPR-Based Genome Editing","Base editing","33606977"
"NM_001145306.2(CDK6):c.699-4G>A","chr7","92618211","C/T","CDK6","-1.817","dataset0324","Splice site","Neutral to the sensitivity to drug Veliparib in HAP1","sensitivity to drug Veliparib","6","Functionally normal","","","NA","CRISPR-Based Genome Editing","Base editing","33606977"
"NM_001145306.2(CDK6):c.682C>T (p.Leu228=)","chr7","92623052","G/A","CDK6","-0.807","dataset0324","Synonymous","Neutral to the sensitivity to drug Veliparib in HAP1","sensitivity to drug Veliparib","10","Functionally normal","","","NA","CRISPR-Based Genome Editing","Base editing","33606977"
"NM_001145306.2(CDK6):c.679C>T (p.Gln227Ter)","chr7","92623055","G/A","CDK6","-0.807","dataset0324","Nonsense","Neutral to the sensitivity to drug Veliparib in HAP1","sensitivity to drug Veliparib","10","Functionally normal","","","NA","CRISPR-Based Genome Editing","Base editing","33606977"
"NM_001145306.2(CDK6):c.668C>T (p.Ser223Leu)","chr7","92623066","G/A","CDK6","-0.413","dataset0324","Missense","Neutral to the sensitivity to drug Veliparib in HAP1","sensitivity to drug Veliparib","10","Functionally normal","","0","NA","CRISPR-Based Genome Editing","Base editing","33606977"
"NM_001145306.2(CDK6):c.665G>A (p.Ser222Asn)","chr7","92623069","C/T","CDK6","1.046","dataset0324","Missense","Neutral to the sensitivity to drug Veliparib in HAP1","sensitivity to drug Veliparib","10","Functionally normal","","0","NA","CRISPR-Based Genome Editing","Base editing","33606977"
"NM_001145306.2(CDK6):c.647+33C>T","chr7","92671393","G/A","CDK6","-1.014","dataset0324","Intron","Neutral to the sensitivity to drug Veliparib in HAP1","sensitivity to drug Veliparib","6","Functionally normal","","0","NA","CRISPR-Based Genome Editing","Base editing","33606977"
"NM_001145306.2(CDK6):c.647+32C>T","chr7","92671394","G/A","CDK6","-1.014","dataset0324","Intron","Neutral to the sensitivity to drug Veliparib in HAP1","sensitivity to drug Veliparib","6","Functionally normal","","7.35176e-07","NA","CRISPR-Based Genome Editing","Base editing","33606977"
"NM_001145306.2(CDK6):c.613G>A (p.Val205Ile)","chr7","92671460","C/T","CDK6","2.09533","dataset0324","Missense","The enhanced sensitivity to drug Veliparib in HAP1","sensitivity to drug Veliparib","10","Gain-of-function","","1.9621e-05","NA","CRISPR-Based Genome Editing","Base editing","33606977"
"NM_001145306.2(CDK6):c.611G>A (p.Ser204Asn)","chr7","92671462","C/T","CDK6","2.42925","dataset0324","Missense","The enhanced sensitivity to drug Veliparib in HAP1","sensitivity to drug Veliparib","10","Gain-of-function","","","NA","CRISPR-Based Genome Editing","Base editing","33606977"
"NM_001145306.2(CDK6):c.608_609delinsAA (p.Trp203Ter)","chr7","92671464","CC/TT","CDK6","3.435","dataset0324","Nonsense","The enhanced sensitivity to drug Veliparib in HAP1","sensitivity to drug Veliparib","6","Gain-of-function","","","NA","CRISPR-Based Genome Editing","Base editing","33606977"
"NM_001145306.2(CDK6):c.609G>A (p.Trp203Ter)","chr7","92671464","C/T","CDK6","3.515","dataset0324","Nonsense","The enhanced sensitivity to drug Veliparib in HAP1","sensitivity to drug Veliparib","10","Gain-of-function","","","NA","CRISPR-Based Genome Editing","Base editing","33606977"
"NM_001145306.2(CDK6):c.593_594delinsTT (p.Thr198Ile)","chr7","92671479","GG/AA","CDK6","-1.416","dataset0324","Missense","Neutral to the sensitivity to drug Veliparib in HAP1","sensitivity to drug Veliparib","6","Functionally normal","","","NA","CRISPR-Based Genome Editing","Base editing","33606977"
"NM_001145306.2(CDK6):c.591C>T (p.Ala197=)","chr7","92671482","G/A","CDK6","-1.416","dataset0324","Synonymous","Neutral to the sensitivity to drug Veliparib in HAP1","sensitivity to drug Veliparib","10","Functionally normal","","","NA","CRISPR-Based Genome Editing","Base editing","33606977"
"NM_001145306.2(CDK6):c.582C>T (p.Ser194=)","chr7","92671491","G/A","CDK6","0.405","dataset0324","Synonymous","Neutral to the sensitivity to drug Veliparib in HAP1","sensitivity to drug Veliparib","6","Functionally normal","","0","NA","CRISPR-Based Genome Editing","Base editing","33606977"
"NM_001145306.2(CDK6):c.579G>A (p.Gln193=)","chr7","92671494","C/T","CDK6","0.0405","dataset0324","Synonymous","Neutral to the sensitivity to drug Veliparib in HAP1","sensitivity to drug Veliparib","10","Functionally normal","","1.263e-06","NA","CRISPR-Based Genome Editing","Base editing","33606977"
"NM_001145306.2(CDK6):c.541G>A (p.Val181Ile)","chr7","92671532","C/T","CDK6","1.018","dataset0324","Missense","Neutral to the sensitivity to drug Veliparib in HAP1","sensitivity to drug Veliparib","10","Functionally normal","","5.16005e-06","NA","CRISPR-Based Genome Editing","Base editing","33606977"
"NM_001145306.2(CDK6):c.538G>A (p.Val180Ile)","chr7","92671535","C/T","CDK6","1.018","dataset0324","Missense","Neutral to the sensitivity to drug Veliparib in HAP1","sensitivity to drug Veliparib","6","Functionally normal","","0","NA","CRISPR-Based Genome Editing","Base editing","33606977"
"NM_001145306.2(CDK6):c.538-1G>A","chr7","92671536","C/T","CDK6","1.018","dataset0324","Splice site","Neutral to the sensitivity to drug Veliparib in HAP1","sensitivity to drug Veliparib","6","Functionally normal","","","NA","CRISPR-Based Genome Editing","Base editing","33606977"
"NM_001145306.2(CDK6):c.538-15C>T","chr7","92671550","G/A","CDK6","0.751","dataset0324","Splice site","Neutral to the sensitivity to drug Veliparib in HAP1","sensitivity to drug Veliparib","6","Functionally normal","","2.07719e-05","NA","CRISPR-Based Genome Editing","Base editing","33606977"
"NM_001145306.2(CDK6):c.538-16C>T","chr7","92671551","G/A","CDK6","0.751","dataset0324","Splice site","Neutral to the sensitivity to drug Veliparib in HAP1","sensitivity to drug Veliparib","6","Functionally normal","","0","NA","CRISPR-Based Genome Editing","Base editing","33606977"
"NM_001145306.2(CDK6):c.537+11G>A","chr7","92725615","C/T","CDK6","-0.726","dataset0324","Intron","Neutral to the sensitivity to drug Veliparib in HAP1","sensitivity to drug Veliparib","6","Functionally normal","","","NA","CRISPR-Based Genome Editing","Base editing","33606977"
"NM_001145306.2(CDK6):c.537+9G>A","chr7","92725617","C/T","CDK6","-0.726","dataset0324","Intron","Neutral to the sensitivity to drug Veliparib in HAP1","sensitivity to drug Veliparib","6","Functionally normal","","","NA","CRISPR-Based Genome Editing","Base editing","33606977"
"NM_001145306.2(CDK6):c.535G>A (p.Val179Met)","chr7","92725628","C/T","CDK6","1.016","dataset0324","Missense","Neutral to the sensitivity to drug Veliparib in HAP1","sensitivity to drug Veliparib","10","Functionally normal","","","NA","CRISPR-Based Genome Editing","Base editing","33606977"
"NM_001145306.2(CDK6):c.519G>A (p.Gln173=)","chr7","92725644","C/T","CDK6","-0.887","dataset0324","Synonymous","Neutral to the sensitivity to drug Veliparib in HAP1","sensitivity to drug Veliparib","10","Functionally normal","","","NA","CRISPR-Based Genome Editing","Base editing","33606977"
"NM_001145306.2(CDK6):c.512G>A (p.Ser171Asn)","chr7","92725651","C/T","CDK6","-0.887","dataset0324","Missense","Neutral to the sensitivity to drug Veliparib in HAP1","sensitivity to drug Veliparib","10","Functionally normal","","","NA","CRISPR-Based Genome Editing","Base editing","33606977"
"NM_001145306.2(CDK6):c.507C>T (p.Ile169=)","chr7","92725656","G/A","CDK6","0.142","dataset0324","Synonymous","Neutral to the sensitivity to drug Veliparib in HAP1","sensitivity to drug Veliparib","10","Functionally normal","","6.19546e-07","NA","CRISPR-Based Genome Editing","Base editing","33606977"
"NM_001145306.2(CDK6):c.454C>T (p.Leu152=)","chr7","92725709","G/A","CDK6","-0.226","dataset0324","Synonymous","Neutral to the sensitivity to drug Veliparib in HAP1","sensitivity to drug Veliparib","10","Functionally normal","","","NA","CRISPR-Based Genome Editing","Base editing","33606977"
"NM_001145306.2(CDK6):c.442C>T (p.Pro148Ser)","chr7","92725721","G/A","CDK6","-1.709","dataset0324","Missense","Neutral to the sensitivity to drug Veliparib in HAP1","sensitivity to drug Veliparib","10","Functionally normal","","","NA","CRISPR-Based Genome Editing","Base editing","33606977"
"NM_001145306.2(CDK6):c.433G>A (p.Asp145Asn)","chr7","92725730","C/T","CDK6","-0.756","dataset0324","Missense","Neutral to the sensitivity to drug Veliparib in HAP1","sensitivity to drug Veliparib","10","Functionally normal","","","NA","CRISPR-Based Genome Editing","Base editing","33606977"
"NM_001145306.2(CDK6):c.382C>T (p.Gln128Ter)","chr7","92725781","G/A","CDK6","0.269","dataset0324","Nonsense","Neutral to the sensitivity to drug Veliparib in HAP1","sensitivity to drug Veliparib","10","Functionally normal","","","hnsc:0.2% (1/523):0.030","CRISPR-Based Genome Editing","Base editing","33606977"
"NM_001145306.2(CDK6):c.369+15C>T","chr7","92774681","G/A","CDK6","-1.88","dataset0324","Intron","Neutral to the sensitivity to drug Veliparib in HAP1","sensitivity to drug Veliparib","6","Functionally normal","","","NA","CRISPR-Based Genome Editing","Base editing","33606977"
"NM_001145306.2(CDK6):c.369+12C>T","chr7","92774684","G/A","CDK6","-1.88","dataset0324","Intron","Neutral to the sensitivity to drug Veliparib in HAP1","sensitivity to drug Veliparib","6","Functionally normal","","","NA","CRISPR-Based Genome Editing","Base editing","33606977"
"NM_001145306.2(CDK6):c.369+8G>A","chr7","92774688","C/T","CDK6","-1.069","dataset0324","Splice site","Neutral to the sensitivity to drug Veliparib in HAP1","sensitivity to drug Veliparib","6","Functionally normal","","","NA","CRISPR-Based Genome Editing","Base editing","33606977"
"NM_001145306.2(CDK6):c.369+1G>A","chr7","92774695","C/T","CDK6","1.1465","dataset0324","Splice site","Neutral to the sensitivity to drug Veliparib in HAP1","sensitivity to drug Veliparib","6","Functionally normal","","","NA","CRISPR-Based Genome Editing","Base editing","33606977"
"NM_001145306.2(CDK6):c.369G>A (p.Lys123=)","chr7","92774696","C/T","CDK6","1.1465","dataset0324","Splice site","Neutral to the sensitivity to drug Veliparib in HAP1","sensitivity to drug Veliparib","10","Functionally normal","","","NA","CRISPR-Based Genome Editing","Base editing","33606977"
"NM_001145306.2(CDK6):c.358G>A (p.Glu120Lys)","chr7","92774707","C/T","CDK6","-0.729","dataset0324","Missense","Neutral to the sensitivity to drug Veliparib in HAP1","sensitivity to drug Veliparib","10","Functionally normal","","","NA","CRISPR-Based Genome Editing","Base editing","33606977"
"NM_001145306.2(CDK6):c.353_354delinsTT (p.Pro118Leu)","chr7","92774711","GG/AA","CDK6","-1.821","dataset0324","Missense","Neutral to the sensitivity to drug Veliparib in HAP1","sensitivity to drug Veliparib","6","Functionally normal","","","NA","CRISPR-Based Genome Editing","Base editing","33606977"
"NM_001145306.2(CDK6):c.334G>A (p.Val112Ile)","chr7","92774731","C/T","CDK6","2.413","dataset0324","Missense","The enhanced sensitivity to drug Veliparib in HAP1","sensitivity to drug Veliparib","10","Gain-of-function","","4.96923e-06","NA","CRISPR-Based Genome Editing","Base editing","33606977"
"NM_001145306.2(CDK6):c.312C>T (p.Asp104=)","chr7","92774753","G/A","CDK6","-0.256","dataset0324","Synonymous","Neutral to the sensitivity to drug Veliparib in HAP1","sensitivity to drug Veliparib","10","Functionally normal","","6.19962e-07","NA","CRISPR-Based Genome Editing","Base editing","33606977"
"NM_001145306.2(CDK6):c.234-14G>A","chr7","92774845","C/T","CDK6","-3.563","dataset0324","Splice site","The reduced sensitivity to drug Veliparib in HAP1","sensitivity to drug Veliparib","6","Loss-of-function","","","NA","CRISPR-Based Genome Editing","Base editing","33606977"
"NM_001145306.2(CDK6):c.233+29C>T","chr7","92833062","G/A","CDK6","-0.153","dataset0324","Intron","Neutral to the sensitivity to drug Veliparib in HAP1","sensitivity to drug Veliparib","6","Functionally normal","","2.68468e-06","NA","CRISPR-Based Genome Editing","Base editing","33606977"
"NM_001145306.2(CDK6):c.233+3G>A","chr7","92833088","C/T","CDK6","0.993333","dataset0324","Splice site","Neutral to the sensitivity to drug Veliparib in HAP1","sensitivity to drug Veliparib","6","Functionally normal","","0","NA","CRISPR-Based Genome Editing","Base editing","33606977"
"NM_001145306.2(CDK6):c.233+1G>A","chr7","92833090","C/T","CDK6","1.575","dataset0324","Splice site","Neutral to the sensitivity to drug Veliparib in HAP1","sensitivity to drug Veliparib","6","Functionally normal","","0","NA","CRISPR-Based Genome Editing","Base editing","33606977"
"NM_001145306.2(CDK6):c.225C>T (p.Asn75=)","chr7","92833099","G/A","CDK6","-0.7555","dataset0324","Synonymous","Neutral to the sensitivity to drug Veliparib in HAP1","sensitivity to drug Veliparib","10","Functionally normal","","1.88581e-06","NA","CRISPR-Based Genome Editing","Base editing","33606977"
"NM_001145306.2(CDK6):c.219C>T (p.His73=)","chr7","92833105","G/A","CDK6","-0.995","dataset0324","Synonymous","Neutral to the sensitivity to drug Veliparib in HAP1","sensitivity to drug Veliparib","10","Functionally normal","","0","NA","CRISPR-Based Genome Editing","Base editing","33606977"
"NM_001145306.2(CDK6):c.213C>T (p.Phe71=)","chr7","92833111","G/A","CDK6","2.03","dataset0324","Synonymous","The enhanced sensitivity to drug Veliparib in HAP1","sensitivity to drug Veliparib","10","Gain-of-function","","","NA","CRISPR-Based Genome Editing","Base editing","33606977"
"NM_001145306.2(CDK6):c.210C>T (p.Thr70=)","chr7","92833114","G/A","CDK6","2.03","dataset0324","Synonymous","The enhanced sensitivity to drug Veliparib in HAP1","sensitivity to drug Veliparib","6","Gain-of-function","","","NA","CRISPR-Based Genome Editing","Base editing","33606977"
"NM_001145306.2(CDK6):c.195G>A (p.Leu65=)","chr7","92833129","C/T","CDK6","0.699","dataset0324","Synonymous","Neutral to the sensitivity to drug Veliparib in HAP1","sensitivity to drug Veliparib","10","Functionally normal","","","NA","CRISPR-Based Genome Editing","Base editing","33606977"
"NM_001145306.2(CDK6):c.190G>A (p.Val64Met)","chr7","92833134","C/T","CDK6","2.201","dataset0324","Missense","The enhanced sensitivity to drug Veliparib in HAP1","sensitivity to drug Veliparib","10","Gain-of-function","","","NA","CRISPR-Based Genome Editing","Base editing","33606977"
"NM_001145306.2(CDK6):c.189G>A (p.Ala63=)","chr7","92833135","C/T","CDK6","1.8965","dataset0324","Synonymous","Neutral to the sensitivity to drug Veliparib in HAP1","sensitivity to drug Veliparib","10","Functionally normal","","","NA","CRISPR-Based Genome Editing","Base editing","33606977"
"NM_001145306.2(CDK6):c.186G>A (p.Val62=)","chr7","92833138","C/T","CDK6","1.592","dataset0324","Synonymous","Neutral to the sensitivity to drug Veliparib in HAP1","sensitivity to drug Veliparib","6","Functionally normal","","","NA","CRISPR-Based Genome Editing","Base editing","33606977"
"NM_001145306.2(CDK6):c.181G>A (p.Glu61Lys)","chr7","92833143","C/T","CDK6","2.723","dataset0324","Missense","The enhanced sensitivity to drug Veliparib in HAP1","sensitivity to drug Veliparib","6","Gain-of-function","","","NA","CRISPR-Based Genome Editing","Base editing","33606977"
"NM_001145306.2(CDK6):c.173_174delinsTT (p.Thr58Ile)","chr7","92833150","GG/AA","CDK6","-0.855","dataset0324","Missense","Neutral to the sensitivity to drug Veliparib in HAP1","sensitivity to drug Veliparib","6","Functionally normal","","","NA","CRISPR-Based Genome Editing","Base editing","33606977"
"NM_001145306.2(CDK6):c.170_171delinsTT (p.Ser57Phe)","chr7","92833153","GG/AA","CDK6","-0.366","dataset0324","Missense","Neutral to the sensitivity to drug Veliparib in HAP1","sensitivity to drug Veliparib","6","Functionally normal","","","NA","CRISPR-Based Genome Editing","Base editing","33606977"
"NM_001145306.2(CDK6):c.171C>T (p.Ser57=)","chr7","92833153","G/A","CDK6","-0.855","dataset0324","Synonymous","Neutral to the sensitivity to drug Veliparib in HAP1","sensitivity to drug Veliparib","10","Functionally normal","","1.11842e-05","NA","CRISPR-Based Genome Editing","Base editing","33606977"
"NM_001145306.2(CDK6):c.168C>T (p.Leu56=)","chr7","92833156","G/A","CDK6","-0.912","dataset0324","Synonymous","Neutral to the sensitivity to drug Veliparib in HAP1","sensitivity to drug Veliparib","10","Functionally normal","","6.21339e-06","NA","CRISPR-Based Genome Editing","Base editing","33606977"
"NM_001145306.2(CDK6):c.126G>A (p.Leu42=)","chr7","92833198","C/T","CDK6","0.713","dataset0324","Synonymous","Neutral to the sensitivity to drug Veliparib in HAP1","sensitivity to drug Veliparib","10","Functionally normal","","","NA","CRISPR-Based Genome Editing","Base editing","33606977"
"NM_001145306.2(CDK6):c.109G>A (p.Gly37Ser)","chr7","92833215","C/T","CDK6","-0.206","dataset0324","Missense","Neutral to the sensitivity to drug Veliparib in HAP1","sensitivity to drug Veliparib","10","Functionally normal","","","NA","CRISPR-Based Genome Editing","Base editing","33606977"
"NM_001145306.2(CDK6):c.106_107delinsAA (p.Gly36Lys)","chr7","92833217","CC/TT","CDK6","0.0535","dataset0324","Missense","Neutral to the sensitivity to drug Veliparib in HAP1","sensitivity to drug Veliparib","6","Functionally normal","","","NA","CRISPR-Based Genome Editing","Base editing","33606977"
"NM_001145306.2(CDK6):c.105C>T (p.Asn35=)","chr7","92833219","G/A","CDK6","1.831","dataset0324","Synonymous","Neutral to the sensitivity to drug Veliparib in HAP1","sensitivity to drug Veliparib","10","Functionally normal","","1.24187e-06","NA","CRISPR-Based Genome Editing","Base editing","33606977"
"NM_001145306.2(CDK6):c.91C>T (p.Arg31Cys)","chr7","92833233","G/A","CDK6","1.954","dataset0324","Missense","Neutral to the sensitivity to drug Veliparib in HAP1","sensitivity to drug Veliparib","10","Functionally normal","","","NA","CRISPR-Based Genome Editing","Base editing","33606977"
"NM_001145306.2(CDK6):c.90C>T (p.Ala30=)","chr7","92833234","G/A","CDK6","2.459","dataset0324","Synonymous","The enhanced sensitivity to drug Veliparib in HAP1","sensitivity to drug Veliparib","10","Gain-of-function","","","NA","CRISPR-Based Genome Editing","Base editing","33606977"
"NM_001145306.2(CDK6):c.87G>A (p.Lys29=)","chr7","92833237","C/T","CDK6","-0.425","dataset0324","Synonymous","Neutral to the sensitivity to drug Veliparib in HAP1","sensitivity to drug Veliparib","10","Functionally normal","","","NA","CRISPR-Based Genome Editing","Base editing","33606977"
"NM_001145306.2(CDK6):c.69C>T (p.Ala23=)","chr7","92833255","G/A","CDK6","-1.255","dataset0324","Synonymous","Neutral to the sensitivity to drug Veliparib in HAP1","sensitivity to drug Veliparib","10","Functionally normal","","1.24188e-06","NA","CRISPR-Based Genome Editing","Base editing","33606977"
"NM_001145306.2(CDK6):c.57C>T (p.Ile19=)","chr7","92833267","G/A","CDK6","0.572","dataset0324","Synonymous","Neutral to the sensitivity to drug Veliparib in HAP1","sensitivity to drug Veliparib","10","Functionally normal","","","NA","CRISPR-Based Genome Editing","Base editing","33606977"
"NM_001145306.2(CDK6):c.40G>A (p.Glu14Lys)","chr7","92833284","C/T","CDK6","0.152","dataset0324","Missense","Neutral to the sensitivity to drug Veliparib in HAP1","sensitivity to drug Veliparib","10","Functionally normal","","2.48674e-06","NA","CRISPR-Based Genome Editing","Base editing","33606977"
"NM_001145306.2(CDK6):c.36G>A (p.Gln12=)","chr7","92833288","C/T","CDK6","0.152","dataset0324","Synonymous","Neutral to the sensitivity to drug Veliparib in HAP1","sensitivity to drug Veliparib","10","Functionally normal","","","NA","CRISPR-Based Genome Editing","Base editing","33606977"
"NM_001145306.2(CDK6):c.31C>T (p.Gln11Ter)","chr7","92833293","G/A","CDK6","3.239","dataset0324","Nonsense","The enhanced sensitivity to drug Veliparib in HAP1","sensitivity to drug Veliparib","10","Gain-of-function","","6.22781e-07","NA","CRISPR-Based Genome Editing","Base editing","33606977"
"NM_001145306.2(CDK6):c.30C>T (p.Asp10=)","chr7","92833294","G/A","CDK6","3.239","dataset0324","Synonymous","The enhanced sensitivity to drug Veliparib in HAP1","sensitivity to drug Veliparib","10","Gain-of-function","","","NA","CRISPR-Based Genome Editing","Base editing","33606977"
"NM_001145306.2(CDK6):c.10G>A (p.Asp4Asn)","chr7","92833314","C/T","CDK6","-0.983","dataset0324","Missense","Neutral to the sensitivity to drug Veliparib in HAP1","sensitivity to drug Veliparib","10","Functionally normal","","","NA","CRISPR-Based Genome Editing","Base editing","33606977"
"NM_001145306.2(CDK6):c.9G>A (p.Lys3=)","chr7","92833315","C/T","CDK6","-0.983","dataset0324","Synonymous","Neutral to the sensitivity to drug Veliparib in HAP1","sensitivity to drug Veliparib","10","Functionally normal","","6.2959e-07","NA","CRISPR-Based Genome Editing","Base editing","33606977"
"NM_001145306.2(CDK6):c.-6G>A","chr7","92833329","C/T","CDK6","1.725","dataset0324","UTR","Neutral to the sensitivity to drug Veliparib in HAP1","sensitivity to drug Veliparib","6","Functionally normal","","","NA","CRISPR-Based Genome Editing","Base editing","33606977"
"NM_001145306.2(CDK6):c.-8C>T","chr7","92833331","G/A","CDK6","-0.383","dataset0324","UTR","Neutral to the sensitivity to drug Veliparib in HAP1","sensitivity to drug Veliparib","6","Functionally normal","","1.28371e-06","NA","CRISPR-Based Genome Editing","Base editing","33606977"
"NM_001145306.2(CDK6):c.-9C>T","chr7","92833332","G/A","CDK6","-0.383","dataset0324","UTR","Neutral to the sensitivity to drug Veliparib in HAP1","sensitivity to drug Veliparib","6","Functionally normal","","0","NA","CRISPR-Based Genome Editing","Base editing","33606977"
"NM_001145306.2(CDK6):c.-24C>T","chr7","92833347","G/A","CDK6","-1.361","dataset0324","UTR","Neutral to the sensitivity to drug Veliparib in HAP1","sensitivity to drug Veliparib","6","Functionally normal","","0","NA","CRISPR-Based Genome Editing","Base editing","33606977"
"NM_001145306.2(CDK6):c.976G>A (p.Ala326Thr)","chr7","92615145","C/T","CDK6","0.109","dataset0325","Missense","Neutral to the PD1 cell surface activation marker expression in CD4⁺ T cell","PD1 cell surface activation marker expression","4","Functionally normal","","","NA","CRISPR-Based Genome Editing","Base editing","38093011"
"NM_001145306.2(CDK6):c.969G>A (p.Leu323=)","chr7","92615152","C/T","CDK6","-0.091","dataset0325","Synonymous","Neutral to the PD1 cell surface activation marker expression in CD4⁺ T cell","PD1 cell surface activation marker expression","10","Functionally normal","","8.67526e-06","NA","CRISPR-Based Genome Editing","Base editing","38093011"
"NM_001145306.2(CDK6):c.968T>C (p.Leu323Pro)","chr7","92615153","A/G","CDK6","-0.047","dataset0325","Missense","Neutral to the PD1 cell surface activation marker expression in CD4⁺ T cell","PD1 cell surface activation marker expression","4","Functionally normal","","","NA","CRISPR-Based Genome Editing","Base editing","38093011"
"NM_001145306.2(CDK6):c.967C>T (p.Leu323=)","chr7","92615154","G/A","CDK6","0.147","dataset0325","Synonymous","Neutral to the PD1 cell surface activation marker expression in CD4⁺ T cell","PD1 cell surface activation marker expression","4","Functionally normal","","","NA","CRISPR-Based Genome Editing","Base editing","38093011"
"NM_001145306.2(CDK6):c.966G>A (p.Glu322=)","chr7","92615155","C/T","CDK6","-0.168","dataset0325","Synonymous","The diminished PD1 cell surface activation marker expression in CD4⁺ T cell","PD1 cell surface activation marker expression","4","Loss-of-function","","6.19655e-07","NA","CRISPR-Based Genome Editing","Base editing","38093011"
"NM_001145306.2(CDK6):c.965A>G (p.Glu322Gly)","chr7","92615156","T/C","CDK6","0.021","dataset0325","Missense","Neutral to the PD1 cell surface activation marker expression in CD4⁺ T cell","PD1 cell surface activation marker expression","4","Functionally normal","","1.54923e-05","NA","CRISPR-Based Genome Editing","Base editing","38093011"
"NM_001145306.2(CDK6):c.964G>A (p.Glu322Lys)","chr7","92615157","C/T","CDK6","0.193","dataset0325","Missense","Neutral to the PD1 cell surface activation marker expression in CD4⁺ T cell","PD1 cell surface activation marker expression","10","Functionally normal","","","NA","CRISPR-Based Genome Editing","Base editing","38093011"
"NM_001145306.2(CDK6):c.963G>A (p.Ser321=)","chr7","92615158","C/T","CDK6","0.193","dataset0325","Synonymous","Neutral to the PD1 cell surface activation marker expression in CD4⁺ T cell","PD1 cell surface activation marker expression","10","Functionally normal","","2.41677e-05","NA","CRISPR-Based Genome Editing","Base editing","38093011"
"NM_001145306.2(CDK6):c.962C>T (p.Ser321Leu)","chr7","92615159","G/A","CDK6","0.147","dataset0325","Missense","Neutral to the PD1 cell surface activation marker expression in CD4⁺ T cell","PD1 cell surface activation marker expression","4","Functionally normal","","4.95725e-06","NA","CRISPR-Based Genome Editing","Base editing","38093011"
"NM_001145306.2(CDK6):c.961T>C (p.Ser321Pro)","chr7","92615160","A/G","CDK6","-0.101","dataset0325","Missense","Neutral to the PD1 cell surface activation marker expression in CD4⁺ T cell","PD1 cell surface activation marker expression","4","Functionally normal","","","NA","CRISPR-Based Genome Editing","Base editing","38093011"
"NM_001145306.2(CDK6):c.954G>A (p.Gln318=)","chr7","92615167","C/T","CDK6","-0.047","dataset0325","Synonymous","Neutral to the PD1 cell surface activation marker expression in CD4⁺ T cell","PD1 cell surface activation marker expression","10","Functionally normal","","","NA","CRISPR-Based Genome Editing","Base editing","38093011"
"NM_001145306.2(CDK6):c.952C>T (p.Gln318Ter)","chr7","92615169","G/A","CDK6","-0.005","dataset0325","Nonsense","Neutral to the PD1 cell surface activation marker expression in CD4⁺ T cell","PD1 cell surface activation marker expression","4","Functionally normal","","","NA","CRISPR-Based Genome Editing","Base editing","38093011"
"NM_001145306.2(CDK6):c.951C>T (p.Ser317=)","chr7","92615170","G/A","CDK6","-0.005","dataset0325","Synonymous","Neutral to the PD1 cell surface activation marker expression in CD4⁺ T cell","PD1 cell surface activation marker expression","4","Functionally normal","","6.19564e-07","NA","CRISPR-Based Genome Editing","Base editing","38093011"
"NM_001145306.2(CDK6):c.949A>G (p.Ser317Gly)","chr7","92615172","T/C","CDK6","-0.015","dataset0325","Missense","Neutral to the PD1 cell surface activation marker expression in CD4⁺ T cell","PD1 cell surface activation marker expression","4","Functionally normal","","","NA","CRISPR-Based Genome Editing","Base editing","38093011"
"NM_001145306.2(CDK6):c.948C>T (p.Pro316=)","chr7","92615173","G/A","CDK6","-0.005","dataset0325","Synonymous","Neutral to the PD1 cell surface activation marker expression in CD4⁺ T cell","PD1 cell surface activation marker expression","4","Functionally normal","","6.19564e-06","NA","CRISPR-Based Genome Editing","Base editing","38093011"
"NM_001145306.2(CDK6):c.947C>T (p.Pro316Leu)","chr7","92615174","G/A","CDK6","-0.005","dataset0325","Missense","Neutral to the PD1 cell surface activation marker expression in CD4⁺ T cell","PD1 cell surface activation marker expression","4","Functionally normal","","","NA","CRISPR-Based Genome Editing","Base editing","38093011"
"NM_001145306.2(CDK6):c.946C>T (p.Pro316Ser)","chr7","92615175","G/A","CDK6","-0.005","dataset0325","Missense","Neutral to the PD1 cell surface activation marker expression in CD4⁺ T cell","PD1 cell surface activation marker expression","4","Functionally normal","","","NA","CRISPR-Based Genome Editing","Base editing","38093011"
"NM_001145306.2(CDK6):c.945G>A (p.Pro315=)","chr7","92615176","C/T","CDK6","0.081","dataset0325","Synonymous","Neutral to the PD1 cell surface activation marker expression in CD4⁺ T cell","PD1 cell surface activation marker expression","4","Functionally normal","Likely benign","3.47007e-05","NA","CRISPR-Based Genome Editing","Base editing","38093011"
"NM_001145306.2(CDK6):c.944C>T (p.Pro315Leu)","chr7","92615177","G/A","CDK6","-0.005","dataset0325","Missense","Neutral to the PD1 cell surface activation marker expression in CD4⁺ T cell","PD1 cell surface activation marker expression","4","Functionally normal","","4.33693e-06","NA","CRISPR-Based Genome Editing","Base editing","38093011"
"NM_001145306.2(CDK6):c.943C>T (p.Pro315Ser)","chr7","92615178","G/A","CDK6","-0.005","dataset0325","Missense","Neutral to the PD1 cell surface activation marker expression in CD4⁺ T cell","PD1 cell surface activation marker expression","4","Functionally normal","","1.2392e-06","NA","CRISPR-Based Genome Editing","Base editing","38093011"
"NM_001145306.2(CDK6):c.942G>A (p.Leu314=)","chr7","92615179","C/T","CDK6","-0.169","dataset0325","Synonymous","The diminished PD1 cell surface activation marker expression in CD4⁺ T cell","PD1 cell surface activation marker expression","4","Loss-of-function","","","NA","CRISPR-Based Genome Editing","Base editing","38093011"
"NM_001145306.2(CDK6):c.922G>A (p.Glu308Lys)","chr7","92615199","C/T","CDK6","-0.025","dataset0325","Missense","Neutral to the PD1 cell surface activation marker expression in CD4⁺ T cell","PD1 cell surface activation marker expression","4","Functionally normal","","6.19516e-07","NA","CRISPR-Based Genome Editing","Base editing","38093011"
"NM_001145306.2(CDK6):c.918C>T (p.Cys306=)","chr7","92615203","G/A","CDK6","0.07","dataset0325","Synonymous","Neutral to the PD1 cell surface activation marker expression in CD4⁺ T cell","PD1 cell surface activation marker expression","4","Functionally normal","","","NA","CRISPR-Based Genome Editing","Base editing","38093011"
"NM_001145306.2(CDK6):c.917G>A (p.Cys306Tyr)","chr7","92615204","C/T","CDK6","-0.025","dataset0325","Missense","Neutral to the PD1 cell surface activation marker expression in CD4⁺ T cell","PD1 cell surface activation marker expression","4","Functionally normal","","","NA","CRISPR-Based Genome Editing","Base editing","38093011"
"NM_001145306.2(CDK6):c.916T>C (p.Cys306Arg)","chr7","92615205","A/G","CDK6","-0.077","dataset0325","Missense","Neutral to the PD1 cell surface activation marker expression in CD4⁺ T cell","PD1 cell surface activation marker expression","4","Functionally normal","","","NA","CRISPR-Based Genome Editing","Base editing","38093011"
"NM_001145306.2(CDK6):c.915G>A (p.Arg305=)","chr7","92615206","C/T","CDK6","0.009","dataset0325","Synonymous","Neutral to the PD1 cell surface activation marker expression in CD4⁺ T cell","PD1 cell surface activation marker expression","10","Functionally normal","","","NA","CRISPR-Based Genome Editing","Base editing","38093011"
"NM_001145306.2(CDK6):c.914G>A (p.Arg305Lys)","chr7","92615207","C/T","CDK6","-0.132","dataset0325","Missense","Neutral to the PD1 cell surface activation marker expression in CD4⁺ T cell","PD1 cell surface activation marker expression","4","Functionally normal","","","NA","CRISPR-Based Genome Editing","Base editing","38093011"
"NM_001145306.2(CDK6):c.913A>G (p.Arg305Gly)","chr7","92615208","T/C","CDK6","-0.025","dataset0325","Missense","Neutral to the PD1 cell surface activation marker expression in CD4⁺ T cell","PD1 cell surface activation marker expression","4","Functionally normal","","","NA","CRISPR-Based Genome Editing","Base editing","38093011"
"NM_001145306.2(CDK6):c.912A>G (p.Glu304=)","chr7","92615209","T/C","CDK6","-0.025","dataset0325","Synonymous","Neutral to the PD1 cell surface activation marker expression in CD4⁺ T cell","PD1 cell surface activation marker expression","4","Functionally normal","","","NA","CRISPR-Based Genome Editing","Base editing","38093011"
"NM_001145306.2(CDK6):c.911A>G (p.Glu304Gly)","chr7","92615210","T/C","CDK6","-0.025","dataset0325","Missense","Neutral to the PD1 cell surface activation marker expression in CD4⁺ T cell","PD1 cell surface activation marker expression","4","Functionally normal","","","NA","CRISPR-Based Genome Editing","Base editing","38093011"
"NM_001145306.2(CDK6):c.910G>A (p.Glu304Lys)","chr7","92615211","C/T","CDK6","0.183","dataset0325","Missense","Neutral to the PD1 cell surface activation marker expression in CD4⁺ T cell","PD1 cell surface activation marker expression","10","Functionally normal","","0","NA","CRISPR-Based Genome Editing","Base editing","38093011"
"NM_001145306.2(CDK6):c.908T>C (p.Leu303Pro)","chr7","92615213","A/G","CDK6","-0.027","dataset0325","Missense","Neutral to the PD1 cell surface activation marker expression in CD4⁺ T cell","PD1 cell surface activation marker expression","4","Functionally normal","","","NA","CRISPR-Based Genome Editing","Base editing","38093011"
"NM_001145306.2(CDK6):c.903G>A (p.Gln301=)","chr7","92615218","C/T","CDK6","-0.11","dataset0325","Synonymous","Neutral to the PD1 cell surface activation marker expression in CD4⁺ T cell","PD1 cell surface activation marker expression","4","Functionally normal","","","NA","CRISPR-Based Genome Editing","Base editing","38093011"
"NM_001145306.2(CDK6):c.901C>T (p.Gln301Ter)","chr7","92615220","G/A","CDK6","-0.219","dataset0325","Nonsense","The diminished PD1 cell surface activation marker expression in CD4⁺ T cell","PD1 cell surface activation marker expression","4","Loss-of-function","","6.19516e-07","NA","CRISPR-Based Genome Editing","Base editing","38093011"
"NM_001145306.2(CDK6):c.900C>T (p.Phe300=)","chr7","92615221","G/A","CDK6","0.049","dataset0325","Synonymous","Neutral to the PD1 cell surface activation marker expression in CD4⁺ T cell","PD1 cell surface activation marker expression","10","Functionally normal","","","NA","CRISPR-Based Genome Editing","Base editing","38093011"
"NM_001145306.2(CDK6):c.899T>C (p.Phe300Ser)","chr7","92615222","A/G","CDK6","-0.017","dataset0325","Missense","Neutral to the PD1 cell surface activation marker expression in CD4⁺ T cell","PD1 cell surface activation marker expression","4","Functionally normal","","","NA","CRISPR-Based Genome Editing","Base editing","38093011"
"NM_001145306.2(CDK6):c.898T>C (p.Phe300Leu)","chr7","92615223","A/G","CDK6","-0.017","dataset0325","Missense","Neutral to the PD1 cell surface activation marker expression in CD4⁺ T cell","PD1 cell surface activation marker expression","4","Functionally normal","","","NA","CRISPR-Based Genome Editing","Base editing","38093011"
"NM_001145306.2(CDK6):c.897C>T (p.Tyr299=)","chr7","92615224","G/A","CDK6","0.049","dataset0325","Synonymous","Neutral to the PD1 cell surface activation marker expression in CD4⁺ T cell","PD1 cell surface activation marker expression","10","Functionally normal","","","NA","CRISPR-Based Genome Editing","Base editing","38093011"
"NM_001145306.2(CDK6):c.896A>G (p.Tyr299Cys)","chr7","92615225","T/C","CDK6","-0.075","dataset0325","Missense","Neutral to the PD1 cell surface activation marker expression in CD4⁺ T cell","PD1 cell surface activation marker expression","4","Functionally normal","","","NA","CRISPR-Based Genome Editing","Base editing","38093011"
"NM_001145306.2(CDK6):c.894A>G (p.Pro298=)","chr7","92615227","T/C","CDK6","-0.014","dataset0325","Synonymous","Neutral to the PD1 cell surface activation marker expression in CD4⁺ T cell","PD1 cell surface activation marker expression","4","Functionally normal","Likely benign","7.18629e-05","NA","CRISPR-Based Genome Editing","Base editing","38093011"
"NM_001145306.2(CDK6):c.893C>T (p.Pro298Leu)","chr7","92615228","G/A","CDK6","0.177","dataset0325","Missense","Neutral to the PD1 cell surface activation marker expression in CD4⁺ T cell","PD1 cell surface activation marker expression","4","Functionally normal","","","NA","CRISPR-Based Genome Editing","Base editing","38093011"
"NM_001145306.2(CDK6):c.890A>G (p.His297Arg)","chr7","92615231","T/C","CDK6","-0.014","dataset0325","Missense","Neutral to the PD1 cell surface activation marker expression in CD4⁺ T cell","PD1 cell surface activation marker expression","4","Functionally normal","","","NA","CRISPR-Based Genome Editing","Base editing","38093011"
"NM_001145306.2(CDK6):c.888T>C (p.Ser296=)","chr7","92615233","A/G","CDK6","-0.024","dataset0325","Synonymous","Neutral to the PD1 cell surface activation marker expression in CD4⁺ T cell","PD1 cell surface activation marker expression","4","Functionally normal","","1.85852e-06","NA","CRISPR-Based Genome Editing","Base editing","38093011"
"NM_001145306.2(CDK6):c.885G>A (p.Leu295=)","chr7","92615236","C/T","CDK6","0.136","dataset0325","Synonymous","Neutral to the PD1 cell surface activation marker expression in CD4⁺ T cell","PD1 cell surface activation marker expression","4","Functionally normal","","","NA","CRISPR-Based Genome Editing","Base editing","38093011"
"NM_001145306.2(CDK6):c.878G>A (p.Ser293Asn)","chr7","92615243","C/T","CDK6","0.036","dataset0325","Missense","Neutral to the PD1 cell surface activation marker expression in CD4⁺ T cell","PD1 cell surface activation marker expression","4","Functionally normal","","6.19546e-07","NA","CRISPR-Based Genome Editing","Base editing","38093011"
"NM_001145306.2(CDK6):c.874T>C (p.Tyr292His)","chr7","92615247","A/G","CDK6","-0.047","dataset0325","Missense","Neutral to the PD1 cell surface activation marker expression in CD4⁺ T cell","PD1 cell surface activation marker expression","4","Functionally normal","","","NA","CRISPR-Based Genome Editing","Base editing","38093011"
"NM_001145306.2(CDK6):c.871G>A (p.Ala291Thr)","chr7","92615250","C/T","CDK6","0.017","dataset0325","Missense","Neutral to the PD1 cell surface activation marker expression in CD4⁺ T cell","PD1 cell surface activation marker expression","4","Functionally normal","","","ucec:0.2% (1/529):0.500","CRISPR-Based Genome Editing","Base editing","38093011"
"NM_001145306.2(CDK6):c.870T>C (p.Ser290=)","chr7","92615251","A/G","CDK6","-0.051","dataset0325","Synonymous","Neutral to the PD1 cell surface activation marker expression in CD4⁺ T cell","PD1 cell surface activation marker expression","4","Functionally normal","","","NA","CRISPR-Based Genome Editing","Base editing","38093011"
"NM_001145306.2(CDK6):c.868T>C (p.Ser290Pro)","chr7","92615253","A/G","CDK6","-0.051","dataset0325","Missense","Neutral to the PD1 cell surface activation marker expression in CD4⁺ T cell","PD1 cell surface activation marker expression","4","Functionally normal","","6.19528e-07","NA","CRISPR-Based Genome Editing","Base editing","38093011"
"NM_001145306.2(CDK6):c.825C>T (p.Asp275=)","chr7","92618081","G/A","CDK6","0.065","dataset0325","Synonymous","Neutral to the PD1 cell surface activation marker expression in CD4⁺ T cell","PD1 cell surface activation marker expression","4","Functionally normal","","","NA","CRISPR-Based Genome Editing","Base editing","38093011"
"NM_001145306.2(CDK6):c.820A>G (p.Lys274Glu)","chr7","92618086","T/C","CDK6","-0.087","dataset0325","Missense","Neutral to the PD1 cell surface activation marker expression in CD4⁺ T cell","PD1 cell surface activation marker expression","4","Functionally normal","","6.19537e-07","NA","CRISPR-Based Genome Editing","Base editing","38093011"
"NM_001145306.2(CDK6):c.819C>T (p.Gly273=)","chr7","92618087","G/A","CDK6","0.065","dataset0325","Synonymous","Neutral to the PD1 cell surface activation marker expression in CD4⁺ T cell","PD1 cell surface activation marker expression","4","Functionally normal","","","NA","CRISPR-Based Genome Editing","Base editing","38093011"
"NM_001145306.2(CDK6):c.816A>G (p.Leu272=)","chr7","92618090","T/C","CDK6","-0.087","dataset0325","Synonymous","Neutral to the PD1 cell surface activation marker expression in CD4⁺ T cell","PD1 cell surface activation marker expression","4","Functionally normal","","1.23915e-06","NA","CRISPR-Based Genome Editing","Base editing","38093011"
"NM_001145306.2(CDK6):c.814C>T (p.Leu272=)","chr7","92618092","G/A","CDK6","0.065","dataset0325","Synonymous","Neutral to the PD1 cell surface activation marker expression in CD4⁺ T cell","PD1 cell surface activation marker expression","4","Functionally normal","","","NA","CRISPR-Based Genome Editing","Base editing","38093011"
"NM_001145306.2(CDK6):c.807C>T (p.Ile269=)","chr7","92618099","G/A","CDK6","0.105","dataset0325","Synonymous","Neutral to the PD1 cell surface activation marker expression in CD4⁺ T cell","PD1 cell surface activation marker expression","4","Functionally normal","","2.47822e-06","NA","CRISPR-Based Genome Editing","Base editing","38093011"
"NM_001145306.2(CDK6):c.803A>G (p.Asp268Gly)","chr7","92618103","T/C","CDK6","0.029","dataset0325","Missense","Neutral to the PD1 cell surface activation marker expression in CD4⁺ T cell","PD1 cell surface activation marker expression","4","Functionally normal","","6.19517e-07","NA","CRISPR-Based Genome Editing","Base editing","38093011"
"NM_001145306.2(CDK6):c.802G>A (p.Asp268Asn)","chr7","92618104","C/T","CDK6","-0.104","dataset0325","Missense","Neutral to the PD1 cell surface activation marker expression in CD4⁺ T cell","PD1 cell surface activation marker expression","4","Functionally normal","","","NA","CRISPR-Based Genome Editing","Base editing","38093011"
"NM_001145306.2(CDK6):c.801A>G (p.Thr267=)","chr7","92618105","T/C","CDK6","0.029","dataset0325","Synonymous","Neutral to the PD1 cell surface activation marker expression in CD4⁺ T cell","PD1 cell surface activation marker expression","4","Functionally normal","","","NA","CRISPR-Based Genome Editing","Base editing","38093011"
"NM_001145306.2(CDK6):c.800C>T (p.Thr267Ile)","chr7","92618106","G/A","CDK6","0.105","dataset0325","Missense","Neutral to the PD1 cell surface activation marker expression in CD4⁺ T cell","PD1 cell surface activation marker expression","10","Functionally normal","","","NA","CRISPR-Based Genome Editing","Base editing","38093011"
"NM_001145306.2(CDK6):c.799A>G (p.Thr267Ala)","chr7","92618107","T/C","CDK6","0.029","dataset0325","Missense","Neutral to the PD1 cell surface activation marker expression in CD4⁺ T cell","PD1 cell surface activation marker expression","4","Functionally normal","","","NA","CRISPR-Based Genome Editing","Base editing","38093011"
"NM_001145306.2(CDK6):c.798A>G (p.Val266=)","chr7","92618108","T/C","CDK6","0.029","dataset0325","Synonymous","Neutral to the PD1 cell surface activation marker expression in CD4⁺ T cell","PD1 cell surface activation marker expression","4","Functionally normal","","","NA","CRISPR-Based Genome Editing","Base editing","38093011"
"NM_001145306.2(CDK6):c.797T>C (p.Val266Ala)","chr7","92618109","A/G","CDK6","0.065","dataset0325","Missense","Neutral to the PD1 cell surface activation marker expression in CD4⁺ T cell","PD1 cell surface activation marker expression","4","Functionally normal","","","NA","CRISPR-Based Genome Editing","Base editing","38093011"
"NM_001145306.2(CDK6):c.796G>A (p.Val266Ile)","chr7","92618110","C/T","CDK6","0.066","dataset0325","Missense","Neutral to the PD1 cell surface activation marker expression in CD4⁺ T cell","PD1 cell surface activation marker expression","10","Functionally normal","","","NA","CRISPR-Based Genome Editing","Base editing","38093011"
"NM_001145306.2(CDK6):c.795T>C (p.Phe265=)","chr7","92618111","A/G","CDK6","-0.152","dataset0325","Synonymous","Neutral to the PD1 cell surface activation marker expression in CD4⁺ T cell","PD1 cell surface activation marker expression","4","Functionally normal","","","NA","CRISPR-Based Genome Editing","Base editing","38093011"
"NM_001145306.2(CDK6):c.794T>C (p.Phe265Ser)","chr7","92618112","A/G","CDK6","-0.152","dataset0325","Missense","Neutral to the PD1 cell surface activation marker expression in CD4⁺ T cell","PD1 cell surface activation marker expression","4","Functionally normal","","","NA","CRISPR-Based Genome Editing","Base editing","38093011"
"NM_001145306.2(CDK6):c.793T>C (p.Phe265Leu)","chr7","92618113","A/G","CDK6","-0.152","dataset0325","Missense","Neutral to the PD1 cell surface activation marker expression in CD4⁺ T cell","PD1 cell surface activation marker expression","4","Functionally normal","","","NA","CRISPR-Based Genome Editing","Base editing","38093011"
"NM_001145306.2(CDK6):c.792G>A (p.Lys264=)","chr7","92618114","C/T","CDK6","0.066","dataset0325","Synonymous","Neutral to the PD1 cell surface activation marker expression in CD4⁺ T cell","PD1 cell surface activation marker expression","10","Functionally normal","","6.19516e-07","NA","CRISPR-Based Genome Editing","Base editing","38093011"
"NM_001145306.2(CDK6):c.766T>C (p.Ser256Pro)","chr7","92618140","A/G","CDK6","-0.049","dataset0325","Missense","Neutral to the PD1 cell surface activation marker expression in CD4⁺ T cell","PD1 cell surface activation marker expression","4","Functionally normal","","","NA","CRISPR-Based Genome Editing","Base editing","38093011"
"NM_001145306.2(CDK6):c.765T>C (p.His255=)","chr7","92618141","A/G","CDK6","-0.049","dataset0325","Synonymous","Neutral to the PD1 cell surface activation marker expression in CD4⁺ T cell","PD1 cell surface activation marker expression","4","Functionally normal","","1.85852e-06","NA","CRISPR-Based Genome Editing","Base editing","38093011"
"NM_001145306.2(CDK6):c.762T>C (p.Phe254=)","chr7","92618144","A/G","CDK6","0.027","dataset0325","Synonymous","Neutral to the PD1 cell surface activation marker expression in CD4⁺ T cell","PD1 cell surface activation marker expression","4","Functionally normal","","","NA","CRISPR-Based Genome Editing","Base editing","38093011"
"NM_001145306.2(CDK6):c.761T>C (p.Phe254Ser)","chr7","92618145","A/G","CDK6","0.027","dataset0325","Missense","Neutral to the PD1 cell surface activation marker expression in CD4⁺ T cell","PD1 cell surface activation marker expression","4","Functionally normal","","","NA","CRISPR-Based Genome Editing","Base editing","38093011"
"NM_001145306.2(CDK6):c.760T>C (p.Phe254Leu)","chr7","92618146","A/G","CDK6","0.027","dataset0325","Missense","Neutral to the PD1 cell surface activation marker expression in CD4⁺ T cell","PD1 cell surface activation marker expression","4","Functionally normal","","","NA","CRISPR-Based Genome Editing","Base editing","38093011"
"NM_001145306.2(CDK6):c.759T>C (p.Ala253=)","chr7","92618147","A/G","CDK6","0.027","dataset0325","Synonymous","Neutral to the PD1 cell surface activation marker expression in CD4⁺ T cell","PD1 cell surface activation marker expression","4","Functionally normal","","1.23911e-06","NA","CRISPR-Based Genome Editing","Base editing","38093011"
"NM_001145306.2(CDK6):c.757G>A (p.Ala253Thr)","chr7","92618149","C/T","CDK6","-0.004","dataset0325","Missense","Neutral to the PD1 cell surface activation marker expression in CD4⁺ T cell","PD1 cell surface activation marker expression","4","Functionally normal","","6.1955e-07","NA","CRISPR-Based Genome Editing","Base editing","38093011"
"NM_001145306.2(CDK6):c.756G>A (p.Gln252=)","chr7","92618150","C/T","CDK6","-0.004","dataset0325","Synonymous","Neutral to the PD1 cell surface activation marker expression in CD4⁺ T cell","PD1 cell surface activation marker expression","4","Functionally normal","","6.1951e-07","NA","CRISPR-Based Genome Editing","Base editing","38093011"
"NM_001145306.2(CDK6):c.753G>A (p.Arg251=)","chr7","92618153","C/T","CDK6","-0.078","dataset0325","Synonymous","Neutral to the PD1 cell surface activation marker expression in CD4⁺ T cell","PD1 cell surface activation marker expression","4","Functionally normal","","6.19578e-07","NA","CRISPR-Based Genome Editing","Base editing","38093011"
"NM_001145306.2(CDK6):c.752G>A (p.Arg251Lys)","chr7","92618154","C/T","CDK6","0.198","dataset0325","Missense","Neutral to the PD1 cell surface activation marker expression in CD4⁺ T cell","PD1 cell surface activation marker expression","4","Functionally normal","","6.19516e-07","NA","CRISPR-Based Genome Editing","Base editing","38093011"
"NM_001145306.2(CDK6):c.747T>C (p.Leu249=)","chr7","92618159","A/G","CDK6","-0.062","dataset0325","Synonymous","Neutral to the PD1 cell surface activation marker expression in CD4⁺ T cell","PD1 cell surface activation marker expression","4","Functionally normal","","","NA","CRISPR-Based Genome Editing","Base editing","38093011"
"NM_001145306.2(CDK6):c.746T>C (p.Leu249Pro)","chr7","92618160","A/G","CDK6","-0.062","dataset0325","Missense","Neutral to the PD1 cell surface activation marker expression in CD4⁺ T cell","PD1 cell surface activation marker expression","4","Functionally normal","","","NA","CRISPR-Based Genome Editing","Base editing","38093011"
"NM_001145306.2(CDK6):c.745C>T (p.Leu249Phe)","chr7","92618161","G/A","CDK6","0.105","dataset0325","Missense","Neutral to the PD1 cell surface activation marker expression in CD4⁺ T cell","PD1 cell surface activation marker expression","4","Functionally normal","","","NA","CRISPR-Based Genome Editing","Base editing","38093011"
"NM_001145306.2(CDK6):c.744C>T (p.Ala248=)","chr7","92618162","G/A","CDK6","0.105","dataset0325","Synonymous","Neutral to the PD1 cell surface activation marker expression in CD4⁺ T cell","PD1 cell surface activation marker expression","4","Functionally normal","","","NA","CRISPR-Based Genome Editing","Base editing","38093011"
"NM_001145306.2(CDK6):c.743C>T (p.Ala248Val)","chr7","92618163","G/A","CDK6","-0.046","dataset0325","Missense","Neutral to the PD1 cell surface activation marker expression in CD4⁺ T cell","PD1 cell surface activation marker expression","4","Functionally normal","","","NA","CRISPR-Based Genome Editing","Base editing","38093011"
"NM_001145306.2(CDK6):c.742G>A (p.Ala248Thr)","chr7","92618164","C/T","CDK6","0.198","dataset0325","Missense","Neutral to the PD1 cell surface activation marker expression in CD4⁺ T cell","PD1 cell surface activation marker expression","4","Functionally normal","","","NA","CRISPR-Based Genome Editing","Base editing","38093011"
"NM_001145306.2(CDK6):c.737A>G (p.Asp246Gly)","chr7","92618169","T/C","CDK6","-0.166","dataset0325","Missense","Neutral to the PD1 cell surface activation marker expression in CD4⁺ T cell","PD1 cell surface activation marker expression","4","Functionally normal","","","NA","CRISPR-Based Genome Editing","Base editing","38093011"
"NM_001145306.2(CDK6):c.735A>G (p.Arg245=)","chr7","92618171","T/C","CDK6","0.205","dataset0325","Synonymous","Neutral to the PD1 cell surface activation marker expression in CD4⁺ T cell","PD1 cell surface activation marker expression","4","Functionally normal","","","NA","CRISPR-Based Genome Editing","Base editing","38093011"
"NM_001145306.2(CDK6):c.734G>A (p.Arg245Lys)","chr7","92618172","C/T","CDK6","-0.014","dataset0325","Missense","Neutral to the PD1 cell surface activation marker expression in CD4⁺ T cell","PD1 cell surface activation marker expression","4","Functionally normal","","","NA","CRISPR-Based Genome Editing","Base editing","38093011"
"NM_001145306.2(CDK6):c.733A>G (p.Arg245Gly)","chr7","92618173","T/C","CDK6","0.205","dataset0325","Missense","Neutral to the PD1 cell surface activation marker expression in CD4⁺ T cell","PD1 cell surface activation marker expression","4","Functionally normal","","6.19543e-07","NA","CRISPR-Based Genome Editing","Base editing","38093011"
"NM_001145306.2(CDK6):c.732T>C (p.Pro244=)","chr7","92618174","A/G","CDK6","-0.082","dataset0325","Synonymous","Neutral to the PD1 cell surface activation marker expression in CD4⁺ T cell","PD1 cell surface activation marker expression","4","Functionally normal","","","NA","CRISPR-Based Genome Editing","Base editing","38093011"
"NM_001145306.2(CDK6):c.729G>A (p.Trp243Ter)","chr7","92618177","C/T","CDK6","0.103","dataset0325","Nonsense","Neutral to the PD1 cell surface activation marker expression in CD4⁺ T cell","PD1 cell surface activation marker expression","4","Functionally normal","","","NA","CRISPR-Based Genome Editing","Base editing","38093011"
"NM_001145306.2(CDK6):c.728G>A (p.Trp243Ter)","chr7","92618178","C/T","CDK6","0.103","dataset0325","Nonsense","Neutral to the PD1 cell surface activation marker expression in CD4⁺ T cell","PD1 cell surface activation marker expression","10","Functionally normal","","","NA","CRISPR-Based Genome Editing","Base editing","38093011"
"NM_001145306.2(CDK6):c.727T>C (p.Trp243Arg)","chr7","92618179","A/G","CDK6","0.112","dataset0325","Missense","Neutral to the PD1 cell surface activation marker expression in CD4⁺ T cell","PD1 cell surface activation marker expression","4","Functionally normal","","6.1951e-07","NA","CRISPR-Based Genome Editing","Base editing","38093011"
"NM_001145306.2(CDK6):c.724G>A (p.Asp242Asn)","chr7","92618182","C/T","CDK6","0.103","dataset0325","Missense","Neutral to the PD1 cell surface activation marker expression in CD4⁺ T cell","PD1 cell surface activation marker expression","4","Functionally normal","","","NA","CRISPR-Based Genome Editing","Base editing","38093011"
"NM_001145306.2(CDK6):c.714A>G (p.Pro238=)","chr7","92618192","T/C","CDK6","-0.096","dataset0325","Synonymous","Neutral to the PD1 cell surface activation marker expression in CD4⁺ T cell","PD1 cell surface activation marker expression","4","Functionally normal","","","NA","CRISPR-Based Genome Editing","Base editing","38093011"
"NM_001145306.2(CDK6):c.713C>T (p.Pro238Leu)","chr7","92618193","G/A","CDK6","0.001","dataset0325","Missense","Neutral to the PD1 cell surface activation marker expression in CD4⁺ T cell","PD1 cell surface activation marker expression","4","Functionally normal","","","NA","CRISPR-Based Genome Editing","Base editing","38093011"
"NM_001145306.2(CDK6):c.712C>T (p.Pro238Ser)","chr7","92618194","G/A","CDK6","0.001","dataset0325","Missense","Neutral to the PD1 cell surface activation marker expression in CD4⁺ T cell","PD1 cell surface activation marker expression","4","Functionally normal","","","NA","CRISPR-Based Genome Editing","Base editing","38093011"
"NM_001145306.2(CDK6):c.711C>T (p.Leu237=)","chr7","92618195","G/A","CDK6","0.001","dataset0325","Synonymous","Neutral to the PD1 cell surface activation marker expression in CD4⁺ T cell","PD1 cell surface activation marker expression","10","Functionally normal","","","NA","CRISPR-Based Genome Editing","Base editing","38093011"
"NM_001145306.2(CDK6):c.709C>T (p.Leu237Phe)","chr7","92618197","G/A","CDK6","0.001","dataset0325","Missense","Neutral to the PD1 cell surface activation marker expression in CD4⁺ T cell","PD1 cell surface activation marker expression","4","Functionally normal","","","NA","CRISPR-Based Genome Editing","Base editing","38093011"
"NM_001145306.2(CDK6):c.700G>A (p.Val234Met)","chr7","92618206","C/T","CDK6","0.128","dataset0325","Missense","Neutral to the PD1 cell surface activation marker expression in CD4⁺ T cell","PD1 cell surface activation marker expression","4","Functionally normal","Uncertain significance","8.05587e-06","blca:0.2% (1/411):0.250;stad:0.2% (1/440):0.110","CRISPR-Based Genome Editing","Base editing","38093011"
"NM_001145306.2(CDK6):c.699C>T (p.Asp233=)","chr7","92618207","G/A","CDK6","0.034","dataset0325","Splice site","Neutral to the PD1 cell surface activation marker expression in CD4⁺ T cell","PD1 cell surface activation marker expression","4","Functionally normal","","1.05349e-05","NA","CRISPR-Based Genome Editing","Base editing","38093011"
"NM_001145306.2(CDK6):c.682C>T (p.Leu228=)","chr7","92623052","G/A","CDK6","0.2","dataset0325","Synonymous","Neutral to the PD1 cell surface activation marker expression in CD4⁺ T cell","PD1 cell surface activation marker expression","10","Functionally normal","","","NA","CRISPR-Based Genome Editing","Base editing","38093011"
"NM_001145306.2(CDK6):c.681A>G (p.Gln227=)","chr7","92623053","T/C","CDK6","0.011","dataset0325","Synonymous","Neutral to the PD1 cell surface activation marker expression in CD4⁺ T cell","PD1 cell surface activation marker expression","4","Functionally normal","","1.26064e-06","NA","CRISPR-Based Genome Editing","Base editing","38093011"
"NM_001145306.2(CDK6):c.680A>G (p.Gln227Arg)","chr7","92623054","T/C","CDK6","0.011","dataset0325","Missense","Neutral to the PD1 cell surface activation marker expression in CD4⁺ T cell","PD1 cell surface activation marker expression","4","Functionally normal","","6.30165e-07","NA","CRISPR-Based Genome Editing","Base editing","38093011"
"NM_001145306.2(CDK6):c.679C>T (p.Gln227Ter)","chr7","92623055","G/A","CDK6","0.2","dataset0325","Nonsense","Neutral to the PD1 cell surface activation marker expression in CD4⁺ T cell","PD1 cell surface activation marker expression","10","Functionally normal","","","NA","CRISPR-Based Genome Editing","Base editing","38093011"
"NM_001145306.2(CDK6):c.677A>G (p.Asp226Gly)","chr7","92623057","T/C","CDK6","0.011","dataset0325","Missense","Neutral to the PD1 cell surface activation marker expression in CD4⁺ T cell","PD1 cell surface activation marker expression","4","Functionally normal","","6.30119e-07","NA","CRISPR-Based Genome Editing","Base editing","38093011"
"NM_001145306.2(CDK6):c.671A>G (p.Asp224Gly)","chr7","92623063","T/C","CDK6","-0.101","dataset0325","Missense","Neutral to the PD1 cell surface activation marker expression in CD4⁺ T cell","PD1 cell surface activation marker expression","4","Functionally normal","","","NA","CRISPR-Based Genome Editing","Base editing","38093011"
"NM_001145306.2(CDK6):c.670G>A (p.Asp224Asn)","chr7","92623064","C/T","CDK6","0.168","dataset0325","Missense","Neutral to the PD1 cell surface activation marker expression in CD4⁺ T cell","PD1 cell surface activation marker expression","4","Functionally normal","","","NA","CRISPR-Based Genome Editing","Base editing","38093011"
"NM_001145306.2(CDK6):c.669A>G (p.Ser223=)","chr7","92623065","T/C","CDK6","-0.101","dataset0325","Synonymous","Neutral to the PD1 cell surface activation marker expression in CD4⁺ T cell","PD1 cell surface activation marker expression","4","Functionally normal","","6.30107e-07","NA","CRISPR-Based Genome Editing","Base editing","38093011"
"NM_001145306.2(CDK6):c.668C>T (p.Ser223Leu)","chr7","92623066","G/A","CDK6","0.069","dataset0325","Missense","Neutral to the PD1 cell surface activation marker expression in CD4⁺ T cell","PD1 cell surface activation marker expression","10","Functionally normal","","0","NA","CRISPR-Based Genome Editing","Base editing","38093011"
"NM_001145306.2(CDK6):c.667T>C (p.Ser223Pro)","chr7","92623067","A/G","CDK6","-0.109","dataset0325","Missense","Neutral to the PD1 cell surface activation marker expression in CD4⁺ T cell","PD1 cell surface activation marker expression","4","Functionally normal","","","NA","CRISPR-Based Genome Editing","Base editing","38093011"
"NM_001145306.2(CDK6):c.666T>C (p.Ser222=)","chr7","92623068","A/G","CDK6","-0.109","dataset0325","Synonymous","Neutral to the PD1 cell surface activation marker expression in CD4⁺ T cell","PD1 cell surface activation marker expression","4","Functionally normal","","","NA","CRISPR-Based Genome Editing","Base editing","38093011"
"NM_001145306.2(CDK6):c.665G>A (p.Ser222Asn)","chr7","92623069","C/T","CDK6","0.168","dataset0325","Missense","Neutral to the PD1 cell surface activation marker expression in CD4⁺ T cell","PD1 cell surface activation marker expression","10","Functionally normal","","0","NA","CRISPR-Based Genome Editing","Base editing","38093011"
"NM_001145306.2(CDK6):c.662G>A (p.Gly221Glu)","chr7","92623072","C/T","CDK6","0.168","dataset0325","Missense","Neutral to the PD1 cell surface activation marker expression in CD4⁺ T cell","PD1 cell surface activation marker expression","4","Functionally normal","","","NA","CRISPR-Based Genome Editing","Base editing","38093011"
"NM_001145306.2(CDK6):c.661G>A (p.Gly221Arg)","chr7","92623073","C/T","CDK6","0.168","dataset0325","Missense","Neutral to the PD1 cell surface activation marker expression in CD4⁺ T cell","PD1 cell surface activation marker expression","4","Functionally normal","","","NA","CRISPR-Based Genome Editing","Base editing","38093011"
"NM_001145306.2(CDK6):c.659G>A (p.Arg220His)","chr7","92623075","C/T","CDK6","0.168","dataset0325","Missense","Neutral to the PD1 cell surface activation marker expression in CD4⁺ T cell","PD1 cell surface activation marker expression","4","Functionally normal","Uncertain significance","2.59197e-05","NA","CRISPR-Based Genome Editing","Base editing","38093011"
"NM_001145306.2(CDK6):c.652C>T (p.Leu218Phe)","chr7","92623082","G/A","CDK6","0.147","dataset0325","Missense","Neutral to the PD1 cell surface activation marker expression in CD4⁺ T cell","PD1 cell surface activation marker expression","4","Functionally normal","","0","NA","CRISPR-Based Genome Editing","Base editing","38093011"
"NM_001145306.2(CDK6):c.650C>T (p.Pro217Leu)","chr7","92623084","G/A","CDK6","0.147","dataset0325","Missense","Neutral to the PD1 cell surface activation marker expression in CD4⁺ T cell","PD1 cell surface activation marker expression","4","Functionally normal","","0","NA","CRISPR-Based Genome Editing","Base editing","38093011"
"NM_001145306.2(CDK6):c.649C>T (p.Pro217Ser)","chr7","92623085","G/A","CDK6","0.147","dataset0325","Missense","Neutral to the PD1 cell surface activation marker expression in CD4⁺ T cell","PD1 cell surface activation marker expression","4","Functionally normal","","0","NA","CRISPR-Based Genome Editing","Base editing","38093011"
"NM_001145306.2(CDK6):c.617G>A (p.Gly206Asp)","chr7","92671456","C/T","CDK6","0.083","dataset0325","Missense","Neutral to the PD1 cell surface activation marker expression in CD4⁺ T cell","PD1 cell surface activation marker expression","4","Functionally normal","","0","NA","CRISPR-Based Genome Editing","Base editing","38093011"
"NM_001145306.2(CDK6):c.616G>A (p.Gly206Ser)","chr7","92671457","C/T","CDK6","-0.238","dataset0325","Missense","The diminished PD1 cell surface activation marker expression in CD4⁺ T cell","PD1 cell surface activation marker expression","4","Loss-of-function","","","NA","CRISPR-Based Genome Editing","Base editing","38093011"
"NM_001145306.2(CDK6):c.615T>C (p.Val205=)","chr7","92671458","A/G","CDK6","-0.334","dataset0325","Synonymous","The diminished PD1 cell surface activation marker expression in CD4⁺ T cell","PD1 cell surface activation marker expression","4","Loss-of-function","","","NA","CRISPR-Based Genome Editing","Base editing","38093011"
"NM_001145306.2(CDK6):c.614T>C (p.Val205Ala)","chr7","92671459","A/G","CDK6","0.239","dataset0325","Missense","The enhanced PD1 cell surface activation marker expression in CD4⁺ T cell","PD1 cell surface activation marker expression","4","Gain-of-function","","","NA","CRISPR-Based Genome Editing","Base editing","38093011"
"NM_001145306.2(CDK6):c.613G>A (p.Val205Ile)","chr7","92671460","C/T","CDK6","0.123","dataset0325","Missense","Neutral to the PD1 cell surface activation marker expression in CD4⁺ T cell","PD1 cell surface activation marker expression","10","Functionally normal","","1.9621e-05","NA","CRISPR-Based Genome Editing","Base editing","38093011"
"NM_001145306.2(CDK6):c.612T>C (p.Ser204=)","chr7","92671461","A/G","CDK6","-0.041","dataset0325","Synonymous","Neutral to the PD1 cell surface activation marker expression in CD4⁺ T cell","PD1 cell surface activation marker expression","4","Functionally normal","","","NA","CRISPR-Based Genome Editing","Base editing","38093011"
"NM_001145306.2(CDK6):c.611G>A (p.Ser204Asn)","chr7","92671462","C/T","CDK6","0.113","dataset0325","Missense","Neutral to the PD1 cell surface activation marker expression in CD4⁺ T cell","PD1 cell surface activation marker expression","10","Functionally normal","","","NA","CRISPR-Based Genome Editing","Base editing","38093011"
"NM_001145306.2(CDK6):c.609G>A (p.Trp203Ter)","chr7","92671464","C/T","CDK6","0.113","dataset0325","Nonsense","Neutral to the PD1 cell surface activation marker expression in CD4⁺ T cell","PD1 cell surface activation marker expression","10","Functionally normal","","","NA","CRISPR-Based Genome Editing","Base editing","38093011"
"NM_001145306.2(CDK6):c.608G>A (p.Trp203Ter)","chr7","92671465","C/T","CDK6","0.113","dataset0325","Nonsense","Neutral to the PD1 cell surface activation marker expression in CD4⁺ T cell","PD1 cell surface activation marker expression","4","Functionally normal","","","NA","CRISPR-Based Genome Editing","Base editing","38093011"
"NM_001145306.2(CDK6):c.607T>C (p.Trp203Arg)","chr7","92671466","A/G","CDK6","0.085","dataset0325","Missense","Neutral to the PD1 cell surface activation marker expression in CD4⁺ T cell","PD1 cell surface activation marker expression","4","Functionally normal","","","NA","CRISPR-Based Genome Editing","Base editing","38093011"
"NM_001145306.2(CDK6):c.606C>T (p.Leu202=)","chr7","92671467","G/A","CDK6","0.266","dataset0325","Synonymous","The enhanced PD1 cell surface activation marker expression in CD4⁺ T cell","PD1 cell surface activation marker expression","4","Gain-of-function","","2.52685e-06","NA","CRISPR-Based Genome Editing","Base editing","38093011"
"NM_001145306.2(CDK6):c.605T>C (p.Leu202Pro)","chr7","92671468","A/G","CDK6","0.085","dataset0325","Missense","Neutral to the PD1 cell surface activation marker expression in CD4⁺ T cell","PD1 cell surface activation marker expression","4","Functionally normal","","","NA","CRISPR-Based Genome Editing","Base editing","38093011"
"NM_001145306.2(CDK6):c.604C>T (p.Leu202Phe)","chr7","92671469","G/A","CDK6","0.266","dataset0325","Missense","The enhanced PD1 cell surface activation marker expression in CD4⁺ T cell","PD1 cell surface activation marker expression","4","Gain-of-function","","","NA","CRISPR-Based Genome Editing","Base editing","38093011"
"NM_001145306.2(CDK6):c.602A>G (p.Asp201Gly)","chr7","92671471","T/C","CDK6","-0.121","dataset0325","Missense","Neutral to the PD1 cell surface activation marker expression in CD4⁺ T cell","PD1 cell surface activation marker expression","4","Functionally normal","","","NA","CRISPR-Based Genome Editing","Base editing","38093011"
"NM_001145306.2(CDK6):c.601G>A (p.Asp201Asn)","chr7","92671472","C/T","CDK6","0.023","dataset0325","Missense","Neutral to the PD1 cell surface activation marker expression in CD4⁺ T cell","PD1 cell surface activation marker expression","4","Functionally normal","","","NA","CRISPR-Based Genome Editing","Base editing","38093011"
"NM_001145306.2(CDK6):c.600G>A (p.Val200=)","chr7","92671473","C/T","CDK6","0.023","dataset0325","Synonymous","Neutral to the PD1 cell surface activation marker expression in CD4⁺ T cell","PD1 cell surface activation marker expression","4","Functionally normal","","","NA","CRISPR-Based Genome Editing","Base editing","38093011"
"NM_001145306.2(CDK6):c.599T>C (p.Val200Ala)","chr7","92671474","A/G","CDK6","-0.071","dataset0325","Missense","Neutral to the PD1 cell surface activation marker expression in CD4⁺ T cell","PD1 cell surface activation marker expression","4","Functionally normal","","","NA","CRISPR-Based Genome Editing","Base editing","38093011"
"NM_001145306.2(CDK6):c.598G>A (p.Val200Met)","chr7","92671475","C/T","CDK6","0.17","dataset0325","Missense","Neutral to the PD1 cell surface activation marker expression in CD4⁺ T cell","PD1 cell surface activation marker expression","4","Functionally normal","","1.89708e-06","NA","CRISPR-Based Genome Editing","Base editing","38093011"
"NM_001145306.2(CDK6):c.597C>T (p.Pro199=)","chr7","92671476","G/A","CDK6","-0.102","dataset0325","Synonymous","Neutral to the PD1 cell surface activation marker expression in CD4⁺ T cell","PD1 cell surface activation marker expression","4","Functionally normal","Likely benign","3.22647e-05","NA","CRISPR-Based Genome Editing","Base editing","38093011"
"NM_001145306.2(CDK6):c.596C>T (p.Pro199Leu)","chr7","92671477","G/A","CDK6","-0.102","dataset0325","Missense","Neutral to the PD1 cell surface activation marker expression in CD4⁺ T cell","PD1 cell surface activation marker expression","4","Functionally normal","","","skcm:0.2% (1/448):0.200","CRISPR-Based Genome Editing","Base editing","38093011"
"NM_001145306.2(CDK6):c.595C>T (p.Pro199Ser)","chr7","92671478","G/A","CDK6","-0.102","dataset0325","Missense","Neutral to the PD1 cell surface activation marker expression in CD4⁺ T cell","PD1 cell surface activation marker expression","4","Functionally normal","","0","NA","CRISPR-Based Genome Editing","Base editing","38093011"
"NM_001145306.2(CDK6):c.592A>G (p.Thr198Ala)","chr7","92671481","T/C","CDK6","-0.026","dataset0325","Missense","Neutral to the PD1 cell surface activation marker expression in CD4⁺ T cell","PD1 cell surface activation marker expression","4","Functionally normal","","","NA","CRISPR-Based Genome Editing","Base editing","38093011"
"NM_001145306.2(CDK6):c.591C>T (p.Ala197=)","chr7","92671482","G/A","CDK6","0.114","dataset0325","Synonymous","Neutral to the PD1 cell surface activation marker expression in CD4⁺ T cell","PD1 cell surface activation marker expression","10","Functionally normal","","","NA","CRISPR-Based Genome Editing","Base editing","38093011"
"NM_001145306.2(CDK6):c.590C>T (p.Ala197Val)","chr7","92671483","G/A","CDK6","0.114","dataset0325","Missense","Neutral to the PD1 cell surface activation marker expression in CD4⁺ T cell","PD1 cell surface activation marker expression","4","Functionally normal","","0","NA","CRISPR-Based Genome Editing","Base editing","38093011"
"NM_001145306.2(CDK6):c.588C>T (p.Tyr196=)","chr7","92671485","G/A","CDK6","0.114","dataset0325","Synonymous","Neutral to the PD1 cell surface activation marker expression in CD4⁺ T cell","PD1 cell surface activation marker expression","4","Functionally normal","Likely benign","0.000139046","NA","CRISPR-Based Genome Editing","Base editing","38093011"
"NM_001145306.2(CDK6):c.584G>A (p.Ser195Asn)","chr7","92671489","C/T","CDK6","0.023","dataset0325","Missense","Neutral to the PD1 cell surface activation marker expression in CD4⁺ T cell","PD1 cell surface activation marker expression","4","Functionally normal","","","NA","CRISPR-Based Genome Editing","Base editing","38093011"
"NM_001145306.2(CDK6):c.583A>G (p.Ser195Gly)","chr7","92671490","T/C","CDK6","0.073","dataset0325","Missense","Neutral to the PD1 cell surface activation marker expression in CD4⁺ T cell","PD1 cell surface activation marker expression","4","Functionally normal","","","NA","CRISPR-Based Genome Editing","Base editing","38093011"
"NM_001145306.2(CDK6):c.580T>C (p.Ser194Pro)","chr7","92671493","A/G","CDK6","0.036","dataset0325","Missense","Neutral to the PD1 cell surface activation marker expression in CD4⁺ T cell","PD1 cell surface activation marker expression","4","Functionally normal","","0","NA","CRISPR-Based Genome Editing","Base editing","38093011"
"NM_001145306.2(CDK6):c.579G>A (p.Gln193=)","chr7","92671494","C/T","CDK6","0.023","dataset0325","Synonymous","Neutral to the PD1 cell surface activation marker expression in CD4⁺ T cell","PD1 cell surface activation marker expression","10","Functionally normal","","1.263e-06","NA","CRISPR-Based Genome Editing","Base editing","38093011"
"NM_001145306.2(CDK6):c.573G>A (p.Leu191=)","chr7","92671500","C/T","CDK6","0.023","dataset0325","Synonymous","Neutral to the PD1 cell surface activation marker expression in CD4⁺ T cell","PD1 cell surface activation marker expression","4","Functionally normal","","0","NA","CRISPR-Based Genome Editing","Base editing","38093011"
"NM_001145306.2(CDK6):c.551G>A (p.Trp184Ter)","chr7","92671522","C/T","CDK6","0.064","dataset0325","Nonsense","Neutral to the PD1 cell surface activation marker expression in CD4⁺ T cell","PD1 cell surface activation marker expression","4","Functionally normal","","","NA","CRISPR-Based Genome Editing","Base editing","38093011"
"NM_001145306.2(CDK6):c.549G>A (p.Leu183=)","chr7","92671524","C/T","CDK6","0.064","dataset0325","Synonymous","Neutral to the PD1 cell surface activation marker expression in CD4⁺ T cell","PD1 cell surface activation marker expression","4","Functionally normal","","1.08547e-05","NA","CRISPR-Based Genome Editing","Base editing","38093011"
"NM_001145306.2(CDK6):c.548T>C (p.Leu183Pro)","chr7","92671525","A/G","CDK6","0.074","dataset0325","Missense","Neutral to the PD1 cell surface activation marker expression in CD4⁺ T cell","PD1 cell surface activation marker expression","4","Functionally normal","","0","NA","CRISPR-Based Genome Editing","Base editing","38093011"
"NM_001145306.2(CDK6):c.546G>A (p.Thr182=)","chr7","92671527","C/T","CDK6","0.064","dataset0325","Synonymous","Neutral to the PD1 cell surface activation marker expression in CD4⁺ T cell","PD1 cell surface activation marker expression","4","Functionally normal","Likely benign","0.00120526","NA","CRISPR-Based Genome Editing","Base editing","38093011"
"NM_001145306.2(CDK6):c.542T>C (p.Val181Ala)","chr7","92671531","A/G","CDK6","-0.064","dataset0325","Missense","Neutral to the PD1 cell surface activation marker expression in CD4⁺ T cell","PD1 cell surface activation marker expression","4","Functionally normal","","0","NA","CRISPR-Based Genome Editing","Base editing","38093011"
"NM_001145306.2(CDK6):c.541G>A (p.Val181Ile)","chr7","92671532","C/T","CDK6","0.132","dataset0325","Missense","Neutral to the PD1 cell surface activation marker expression in CD4⁺ T cell","PD1 cell surface activation marker expression","10","Functionally normal","","5.16005e-06","NA","CRISPR-Based Genome Editing","Base editing","38093011"
"NM_001145306.2(CDK6):c.540C>T (p.Val180=)","chr7","92671533","G/A","CDK6","0.038","dataset0325","Splice site","Neutral to the PD1 cell surface activation marker expression in CD4⁺ T cell","PD1 cell surface activation marker expression","4","Functionally normal","","6.45185e-06","NA","CRISPR-Based Genome Editing","Base editing","38093011"
"NM_001145306.2(CDK6):c.539T>C (p.Val180Ala)","chr7","92671534","A/G","CDK6","-0.064","dataset0325","Missense","Neutral to the PD1 cell surface activation marker expression in CD4⁺ T cell","PD1 cell surface activation marker expression","4","Functionally normal","","0","NA","CRISPR-Based Genome Editing","Base editing","38093011"
"NM_001145306.2(CDK6):c.537G>A (p.Val179=)","chr7","92725626","C/T","CDK6","0.112","dataset0325","Splice site","Neutral to the PD1 cell surface activation marker expression in CD4⁺ T cell","PD1 cell surface activation marker expression","4","Functionally normal","","","NA","CRISPR-Based Genome Editing","Base editing","38093011"
"NM_001145306.2(CDK6):c.536T>C (p.Val179Ala)","chr7","92725627","A/G","CDK6","-0.033","dataset0325","Missense","Neutral to the PD1 cell surface activation marker expression in CD4⁺ T cell","PD1 cell surface activation marker expression","4","Functionally normal","","","NA","CRISPR-Based Genome Editing","Base editing","38093011"
"NM_001145306.2(CDK6):c.535G>A (p.Val179Met)","chr7","92725628","C/T","CDK6","0.112","dataset0325","Missense","Neutral to the PD1 cell surface activation marker expression in CD4⁺ T cell","PD1 cell surface activation marker expression","10","Functionally normal","","","NA","CRISPR-Based Genome Editing","Base editing","38093011"
"NM_001145306.2(CDK6):c.532T>C (p.Ser178Pro)","chr7","92725631","A/G","CDK6","-0.033","dataset0325","Missense","Neutral to the PD1 cell surface activation marker expression in CD4⁺ T cell","PD1 cell surface activation marker expression","4","Functionally normal","","","NA","CRISPR-Based Genome Editing","Base editing","38093011"
"NM_001145306.2(CDK6):c.526C>T (p.Leu176=)","chr7","92725637","G/A","CDK6","0.136","dataset0325","Synonymous","Neutral to the PD1 cell surface activation marker expression in CD4⁺ T cell","PD1 cell surface activation marker expression","4","Functionally normal","","6.19664e-07","NA","CRISPR-Based Genome Editing","Base editing","38093011"
"NM_001145306.2(CDK6):c.524C>T (p.Ala175Val)","chr7","92725639","G/A","CDK6","0.136","dataset0325","Missense","Neutral to the PD1 cell surface activation marker expression in CD4⁺ T cell","PD1 cell surface activation marker expression","4","Functionally normal","","","NA","CRISPR-Based Genome Editing","Base editing","38093011"
"NM_001145306.2(CDK6):c.523G>A (p.Ala175Thr)","chr7","92725640","C/T","CDK6","0.009","dataset0325","Missense","Neutral to the PD1 cell surface activation marker expression in CD4⁺ T cell","PD1 cell surface activation marker expression","4","Functionally normal","","","NA","CRISPR-Based Genome Editing","Base editing","38093011"
"NM_001145306.2(CDK6):c.522G>A (p.Met174Ile)","chr7","92725641","C/T","CDK6","-0.011","dataset0325","Missense","Neutral to the PD1 cell surface activation marker expression in CD4⁺ T cell","PD1 cell surface activation marker expression","4","Functionally normal","","","NA","CRISPR-Based Genome Editing","Base editing","38093011"
"NM_001145306.2(CDK6):c.521T>C (p.Met174Thr)","chr7","92725642","A/G","CDK6","0.013","dataset0325","Missense","Neutral to the PD1 cell surface activation marker expression in CD4⁺ T cell","PD1 cell surface activation marker expression","4","Functionally normal","","","NA","CRISPR-Based Genome Editing","Base editing","38093011"
"NM_001145306.2(CDK6):c.520A>G (p.Met174Val)","chr7","92725643","T/C","CDK6","0.147","dataset0325","Missense","Neutral to the PD1 cell surface activation marker expression in CD4⁺ T cell","PD1 cell surface activation marker expression","4","Functionally normal","","","NA","CRISPR-Based Genome Editing","Base editing","38093011"
"NM_001145306.2(CDK6):c.519G>A (p.Gln173=)","chr7","92725644","C/T","CDK6","-0.011","dataset0325","Synonymous","Neutral to the PD1 cell surface activation marker expression in CD4⁺ T cell","PD1 cell surface activation marker expression","10","Functionally normal","","","NA","CRISPR-Based Genome Editing","Base editing","38093011"
"NM_001145306.2(CDK6):c.518A>G (p.Gln173Arg)","chr7","92725645","T/C","CDK6","0.147","dataset0325","Missense","Neutral to the PD1 cell surface activation marker expression in CD4⁺ T cell","PD1 cell surface activation marker expression","4","Functionally normal","","","NA","CRISPR-Based Genome Editing","Base editing","38093011"
"NM_001145306.2(CDK6):c.517C>T (p.Gln173Ter)","chr7","92725646","G/A","CDK6","0.136","dataset0325","Nonsense","Neutral to the PD1 cell surface activation marker expression in CD4⁺ T cell","PD1 cell surface activation marker expression","4","Functionally normal","","","NA","CRISPR-Based Genome Editing","Base editing","38093011"
"NM_001145306.2(CDK6):c.516C>T (p.Phe172=)","chr7","92725647","G/A","CDK6","0.136","dataset0325","Synonymous","Neutral to the PD1 cell surface activation marker expression in CD4⁺ T cell","PD1 cell surface activation marker expression","4","Functionally normal","","","NA","CRISPR-Based Genome Editing","Base editing","38093011"
"NM_001145306.2(CDK6):c.515T>C (p.Phe172Ser)","chr7","92725648","A/G","CDK6","0.099","dataset0325","Missense","Neutral to the PD1 cell surface activation marker expression in CD4⁺ T cell","PD1 cell surface activation marker expression","4","Functionally normal","","","NA","CRISPR-Based Genome Editing","Base editing","38093011"
"NM_001145306.2(CDK6):c.514T>C (p.Phe172Leu)","chr7","92725649","A/G","CDK6","-0.204","dataset0325","Missense","The diminished PD1 cell surface activation marker expression in CD4⁺ T cell","PD1 cell surface activation marker expression","4","Loss-of-function","","","NA","CRISPR-Based Genome Editing","Base editing","38093011"
"NM_001145306.2(CDK6):c.513T>C (p.Ser171=)","chr7","92725650","A/G","CDK6","-0.204","dataset0325","Synonymous","The diminished PD1 cell surface activation marker expression in CD4⁺ T cell","PD1 cell surface activation marker expression","4","Loss-of-function","","","NA","CRISPR-Based Genome Editing","Base editing","38093011"
"NM_001145306.2(CDK6):c.512G>A (p.Ser171Asn)","chr7","92725651","C/T","CDK6","-0.037","dataset0325","Missense","Neutral to the PD1 cell surface activation marker expression in CD4⁺ T cell","PD1 cell surface activation marker expression","10","Functionally normal","","","NA","CRISPR-Based Genome Editing","Base editing","38093011"
"NM_001145306.2(CDK6):c.510T>C (p.Tyr170=)","chr7","92725653","A/G","CDK6","-0.204","dataset0325","Synonymous","The diminished PD1 cell surface activation marker expression in CD4⁺ T cell","PD1 cell surface activation marker expression","4","Loss-of-function","","","NA","CRISPR-Based Genome Editing","Base editing","38093011"
"NM_001145306.2(CDK6):c.507C>T (p.Ile169=)","chr7","92725656","G/A","CDK6","0.095","dataset0325","Synonymous","Neutral to the PD1 cell surface activation marker expression in CD4⁺ T cell","PD1 cell surface activation marker expression","10","Functionally normal","","6.19546e-07","NA","CRISPR-Based Genome Editing","Base editing","38093011"
"NM_001145306.2(CDK6):c.505A>G (p.Ile169Val)","chr7","92725658","T/C","CDK6","-0.069","dataset0325","Missense","Neutral to the PD1 cell surface activation marker expression in CD4⁺ T cell","PD1 cell surface activation marker expression","4","Functionally normal","","1.30114e-05","NA","CRISPR-Based Genome Editing","Base editing","38093011"
"NM_001145306.2(CDK6):c.504C>T (p.Arg168=)","chr7","92725659","G/A","CDK6","0.095","dataset0325","Synonymous","Neutral to the PD1 cell surface activation marker expression in CD4⁺ T cell","PD1 cell surface activation marker expression","4","Functionally normal","","6.1955e-07","NA","CRISPR-Based Genome Editing","Base editing","38093011"
"NM_001145306.2(CDK6):c.502C>T (p.Arg168Cys)","chr7","92725661","G/A","CDK6","0.095","dataset0325","Missense","Neutral to the PD1 cell surface activation marker expression in CD4⁺ T cell","PD1 cell surface activation marker expression","4","Functionally normal","","2.47823e-06","NA","CRISPR-Based Genome Editing","Base editing","38093011"
"NM_001145306.2(CDK6):c.501C>T (p.Ala167=)","chr7","92725662","G/A","CDK6","0.095","dataset0325","Synonymous","Neutral to the PD1 cell surface activation marker expression in CD4⁺ T cell","PD1 cell surface activation marker expression","4","Functionally normal","","","NA","CRISPR-Based Genome Editing","Base editing","38093011"
"NM_001145306.2(CDK6):c.483C>T (p.Leu161=)","chr7","92725680","G/A","CDK6","0.078","dataset0325","Synonymous","Neutral to the PD1 cell surface activation marker expression in CD4⁺ T cell","PD1 cell surface activation marker expression","4","Functionally normal","","1.30113e-05","NA","CRISPR-Based Genome Editing","Base editing","38093011"
"NM_001145306.2(CDK6):c.481C>T (p.Leu161Phe)","chr7","92725682","G/A","CDK6","0.078","dataset0325","Missense","Neutral to the PD1 cell surface activation marker expression in CD4⁺ T cell","PD1 cell surface activation marker expression","4","Functionally normal","","","NA","CRISPR-Based Genome Editing","Base editing","38093011"
"NM_001145306.2(CDK6):c.479A>G (p.Lys160Arg)","chr7","92725684","T/C","CDK6","-0.016","dataset0325","Missense","Neutral to the PD1 cell surface activation marker expression in CD4⁺ T cell","PD1 cell surface activation marker expression","4","Functionally normal","","","NA","CRISPR-Based Genome Editing","Base editing","38093011"
"NM_001145306.2(CDK6):c.478A>G (p.Lys160Glu)","chr7","92725685","T/C","CDK6","-0.016","dataset0325","Missense","Neutral to the PD1 cell surface activation marker expression in CD4⁺ T cell","PD1 cell surface activation marker expression","4","Functionally normal","","","NA","CRISPR-Based Genome Editing","Base editing","38093011"
"NM_001145306.2(CDK6):c.477A>G (p.Ile159Met)","chr7","92725686","T/C","CDK6","-0.016","dataset0325","Missense","Neutral to the PD1 cell surface activation marker expression in CD4⁺ T cell","PD1 cell surface activation marker expression","4","Functionally normal","","6.19526e-07","NA","CRISPR-Based Genome Editing","Base editing","38093011"
"NM_001145306.2(CDK6):c.476T>C (p.Ile159Thr)","chr7","92725687","A/G","CDK6","-0.075","dataset0325","Missense","Neutral to the PD1 cell surface activation marker expression in CD4⁺ T cell","PD1 cell surface activation marker expression","4","Functionally normal","","","NA","CRISPR-Based Genome Editing","Base editing","38093011"
"NM_001145306.2(CDK6):c.475A>G (p.Ile159Val)","chr7","92725688","T/C","CDK6","-0.016","dataset0325","Missense","Neutral to the PD1 cell surface activation marker expression in CD4⁺ T cell","PD1 cell surface activation marker expression","4","Functionally normal","","","NA","CRISPR-Based Genome Editing","Base editing","38093011"
"NM_001145306.2(CDK6):c.474A>G (p.Gln158=)","chr7","92725689","T/C","CDK6","-0.016","dataset0325","Synonymous","Neutral to the PD1 cell surface activation marker expression in CD4⁺ T cell","PD1 cell surface activation marker expression","4","Functionally normal","","6.19535e-07","NA","CRISPR-Based Genome Editing","Base editing","38093011"
"NM_001145306.2(CDK6):c.472C>T (p.Gln158Ter)","chr7","92725691","G/A","CDK6","0.078","dataset0325","Nonsense","Neutral to the PD1 cell surface activation marker expression in CD4⁺ T cell","PD1 cell surface activation marker expression","4","Functionally normal","","","NA","CRISPR-Based Genome Editing","Base editing","38093011"
"NM_001145306.2(CDK6):c.464G>A (p.Ser155Asn)","chr7","92725699","C/T","CDK6","-0.136","dataset0325","Missense","Neutral to the PD1 cell surface activation marker expression in CD4⁺ T cell","PD1 cell surface activation marker expression","4","Functionally normal","","","NA","CRISPR-Based Genome Editing","Base editing","38093011"
"NM_001145306.2(CDK6):c.459G>A (p.Val153=)","chr7","92725704","C/T","CDK6","-0.136","dataset0325","Synonymous","Neutral to the PD1 cell surface activation marker expression in CD4⁺ T cell","PD1 cell surface activation marker expression","4","Functionally normal","","6.19543e-07","NA","CRISPR-Based Genome Editing","Base editing","38093011"
"NM_001145306.2(CDK6):c.458T>C (p.Val153Ala)","chr7","92725705","A/G","CDK6","-0.09","dataset0325","Missense","Neutral to the PD1 cell surface activation marker expression in CD4⁺ T cell","PD1 cell surface activation marker expression","4","Functionally normal","","","NA","CRISPR-Based Genome Editing","Base editing","38093011"
"NM_001145306.2(CDK6):c.457G>A (p.Val153Met)","chr7","92725706","C/T","CDK6","-0.136","dataset0325","Missense","Neutral to the PD1 cell surface activation marker expression in CD4⁺ T cell","PD1 cell surface activation marker expression","4","Functionally normal","","","NA","CRISPR-Based Genome Editing","Base editing","38093011"
"NM_001145306.2(CDK6):c.456G>A (p.Leu152=)","chr7","92725707","C/T","CDK6","-0.136","dataset0325","Synonymous","Neutral to the PD1 cell surface activation marker expression in CD4⁺ T cell","PD1 cell surface activation marker expression","4","Functionally normal","","6.1955e-07","NA","CRISPR-Based Genome Editing","Base editing","38093011"
"NM_001145306.2(CDK6):c.454C>T (p.Leu152=)","chr7","92725709","G/A","CDK6","0.047","dataset0325","Synonymous","Neutral to the PD1 cell surface activation marker expression in CD4⁺ T cell","PD1 cell surface activation marker expression","10","Functionally normal","","","NA","CRISPR-Based Genome Editing","Base editing","38093011"
"NM_001145306.2(CDK6):c.451A>G (p.Ile151Val)","chr7","92725712","T/C","CDK6","-0.049","dataset0325","Missense","Neutral to the PD1 cell surface activation marker expression in CD4⁺ T cell","PD1 cell surface activation marker expression","4","Functionally normal","","1.23907e-06","NA","CRISPR-Based Genome Editing","Base editing","38093011"
"NM_001145306.2(CDK6):c.450C>T (p.Asn150=)","chr7","92725713","G/A","CDK6","0.047","dataset0325","Synonymous","Neutral to the PD1 cell surface activation marker expression in CD4⁺ T cell","PD1 cell surface activation marker expression","4","Functionally normal","","6.19533e-07","NA","CRISPR-Based Genome Editing","Base editing","38093011"
"NM_001145306.2(CDK6):c.445C>T (p.Gln149Ter)","chr7","92725718","G/A","CDK6","0.045","dataset0325","Nonsense","Neutral to the PD1 cell surface activation marker expression in CD4⁺ T cell","PD1 cell surface activation marker expression","4","Functionally normal","","","NA","CRISPR-Based Genome Editing","Base editing","38093011"
"NM_001145306.2(CDK6):c.443C>T (p.Pro148Leu)","chr7","92725720","G/A","CDK6","0.045","dataset0325","Missense","Neutral to the PD1 cell surface activation marker expression in CD4⁺ T cell","PD1 cell surface activation marker expression","4","Functionally normal","","","NA","CRISPR-Based Genome Editing","Base editing","38093011"
"NM_001145306.2(CDK6):c.442C>T (p.Pro148Ser)","chr7","92725721","G/A","CDK6","0.045","dataset0325","Missense","Neutral to the PD1 cell surface activation marker expression in CD4⁺ T cell","PD1 cell surface activation marker expression","10","Functionally normal","","","NA","CRISPR-Based Genome Editing","Base editing","38093011"
"NM_001145306.2(CDK6):c.441A>G (p.Lys147=)","chr7","92725722","T/C","CDK6","0.127","dataset0325","Synonymous","Neutral to the PD1 cell surface activation marker expression in CD4⁺ T cell","PD1 cell surface activation marker expression","4","Functionally normal","","1.23912e-06","NA","CRISPR-Based Genome Editing","Base editing","38093011"
"NM_001145306.2(CDK6):c.440A>G (p.Lys147Arg)","chr7","92725723","T/C","CDK6","0.127","dataset0325","Missense","Neutral to the PD1 cell surface activation marker expression in CD4⁺ T cell","PD1 cell surface activation marker expression","4","Functionally normal","","","NA","CRISPR-Based Genome Editing","Base editing","38093011"
"NM_001145306.2(CDK6):c.439A>G (p.Lys147Glu)","chr7","92725724","T/C","CDK6","0.127","dataset0325","Missense","Neutral to the PD1 cell surface activation marker expression in CD4⁺ T cell","PD1 cell surface activation marker expression","4","Functionally normal","","","NA","CRISPR-Based Genome Editing","Base editing","38093011"
"NM_001145306.2(CDK6):c.438A>G (p.Leu146=)","chr7","92725725","T/C","CDK6","0.127","dataset0325","Synonymous","Neutral to the PD1 cell surface activation marker expression in CD4⁺ T cell","PD1 cell surface activation marker expression","4","Functionally normal","","6.1953e-07","NA","CRISPR-Based Genome Editing","Base editing","38093011"
"NM_001145306.2(CDK6):c.437T>C (p.Leu146Pro)","chr7","92725726","A/G","CDK6","-0.037","dataset0325","Missense","Neutral to the PD1 cell surface activation marker expression in CD4⁺ T cell","PD1 cell surface activation marker expression","4","Functionally normal","","","NA","CRISPR-Based Genome Editing","Base editing","38093011"
"NM_001145306.2(CDK6):c.436C>T (p.Leu146=)","chr7","92725727","G/A","CDK6","0.045","dataset0325","Synonymous","Neutral to the PD1 cell surface activation marker expression in CD4⁺ T cell","PD1 cell surface activation marker expression","4","Functionally normal","","","NA","CRISPR-Based Genome Editing","Base editing","38093011"
"NM_001145306.2(CDK6):c.435T>C (p.Asp145=)","chr7","92725728","A/G","CDK6","-0.037","dataset0325","Synonymous","Neutral to the PD1 cell surface activation marker expression in CD4⁺ T cell","PD1 cell surface activation marker expression","4","Functionally normal","","","NA","CRISPR-Based Genome Editing","Base editing","38093011"
"NM_001145306.2(CDK6):c.433G>A (p.Asp145Asn)","chr7","92725730","C/T","CDK6","0.107","dataset0325","Missense","Neutral to the PD1 cell surface activation marker expression in CD4⁺ T cell","PD1 cell surface activation marker expression","10","Functionally normal","","","NA","CRISPR-Based Genome Editing","Base editing","38093011"
"NM_001145306.2(CDK6):c.431G>A (p.Arg144His)","chr7","92725732","C/T","CDK6","0.107","dataset0325","Missense","Neutral to the PD1 cell surface activation marker expression in CD4⁺ T cell","PD1 cell surface activation marker expression","4","Functionally normal","","6.19596e-07","ucec:0.2% (1/529):0.190","CRISPR-Based Genome Editing","Base editing","38093011"
"NM_001145306.2(CDK6):c.408T>C (p.Leu136=)","chr7","92725755","A/G","CDK6","0.127","dataset0325","Synonymous","Neutral to the PD1 cell surface activation marker expression in CD4⁺ T cell","PD1 cell surface activation marker expression","4","Functionally normal","","","NA","CRISPR-Based Genome Editing","Base editing","38093011"
"NM_001145306.2(CDK6):c.407T>C (p.Leu136Pro)","chr7","92725756","A/G","CDK6","0.127","dataset0325","Missense","Neutral to the PD1 cell surface activation marker expression in CD4⁺ T cell","PD1 cell surface activation marker expression","4","Functionally normal","","","NA","CRISPR-Based Genome Editing","Base editing","38093011"
"NM_001145306.2(CDK6):c.405T>C (p.Phe135=)","chr7","92725758","A/G","CDK6","0.127","dataset0325","Synonymous","Neutral to the PD1 cell surface activation marker expression in CD4⁺ T cell","PD1 cell surface activation marker expression","4","Functionally normal","","1.79678e-05","NA","CRISPR-Based Genome Editing","Base editing","38093011"
"NM_001145306.2(CDK6):c.400G>A (p.Asp134Asn)","chr7","92725763","C/T","CDK6","-0.037","dataset0325","Missense","Neutral to the PD1 cell surface activation marker expression in CD4⁺ T cell","PD1 cell surface activation marker expression","4","Functionally normal","","","NA","CRISPR-Based Genome Editing","Base editing","38093011"
"NM_001145306.2(CDK6):c.390C>T (p.Leu130=)","chr7","92725773","G/A","CDK6","0.116","dataset0325","Synonymous","Neutral to the PD1 cell surface activation marker expression in CD4⁺ T cell","PD1 cell surface activation marker expression","4","Functionally normal","","6.19831e-07","NA","CRISPR-Based Genome Editing","Base editing","38093011"
"NM_001145306.2(CDK6):c.388C>T (p.Leu130Phe)","chr7","92725775","G/A","CDK6","0.116","dataset0325","Missense","Neutral to the PD1 cell surface activation marker expression in CD4⁺ T cell","PD1 cell surface activation marker expression","4","Functionally normal","","","NA","CRISPR-Based Genome Editing","Base editing","38093011"
"NM_001145306.2(CDK6):c.385C>T (p.Leu129Phe)","chr7","92725778","G/A","CDK6","0.124","dataset0325","Missense","Neutral to the PD1 cell surface activation marker expression in CD4⁺ T cell","PD1 cell surface activation marker expression","4","Functionally normal","","4.95971e-06","NA","CRISPR-Based Genome Editing","Base editing","38093011"
"NM_001145306.2(CDK6):c.383A>G (p.Gln128Arg)","chr7","92725780","T/C","CDK6","-0.109","dataset0325","Missense","Neutral to the PD1 cell surface activation marker expression in CD4⁺ T cell","PD1 cell surface activation marker expression","4","Functionally normal","","","NA","CRISPR-Based Genome Editing","Base editing","38093011"
"NM_001145306.2(CDK6):c.382C>T (p.Gln128Ter)","chr7","92725781","G/A","CDK6","0.124","dataset0325","Nonsense","Neutral to the PD1 cell surface activation marker expression in CD4⁺ T cell","PD1 cell surface activation marker expression","10","Functionally normal","","","hnsc:0.2% (1/523):0.030","CRISPR-Based Genome Editing","Base editing","38093011"
"NM_001145306.2(CDK6):c.376A>G (p.Met126Val)","chr7","92725787","T/C","CDK6","0.003","dataset0325","Missense","Neutral to the PD1 cell surface activation marker expression in CD4⁺ T cell","PD1 cell surface activation marker expression","4","Functionally normal","","6.22038e-07","NA","CRISPR-Based Genome Editing","Base editing","38093011"
"NM_001145306.2(CDK6):c.369G>A (p.Lys123=)","chr7","92774696","C/T","CDK6","0.237","dataset0325","Splice site","The enhanced PD1 cell surface activation marker expression in CD4⁺ T cell","PD1 cell surface activation marker expression","10","Gain-of-function","","","NA","CRISPR-Based Genome Editing","Base editing","38093011"
"NM_001145306.2(CDK6):c.358G>A (p.Glu120Lys)","chr7","92774707","C/T","CDK6","0.128","dataset0325","Missense","Neutral to the PD1 cell surface activation marker expression in CD4⁺ T cell","PD1 cell surface activation marker expression","10","Functionally normal","","","NA","CRISPR-Based Genome Editing","Base editing","38093011"
"NM_001145306.2(CDK6):c.357T>C (p.Thr119=)","chr7","92774708","A/G","CDK6","0.059","dataset0325","Synonymous","Neutral to the PD1 cell surface activation marker expression in CD4⁺ T cell","PD1 cell surface activation marker expression","4","Functionally normal","","6.2255e-07","NA","CRISPR-Based Genome Editing","Base editing","38093011"
"NM_001145306.2(CDK6):c.356C>T (p.Thr119Ile)","chr7","92774709","G/A","CDK6","0.088","dataset0325","Missense","Neutral to the PD1 cell surface activation marker expression in CD4⁺ T cell","PD1 cell surface activation marker expression","4","Functionally normal","","","NA","CRISPR-Based Genome Editing","Base editing","38093011"
"NM_001145306.2(CDK6):c.355A>G (p.Thr119Ala)","chr7","92774710","T/C","CDK6","-0.057","dataset0325","Missense","Neutral to the PD1 cell surface activation marker expression in CD4⁺ T cell","PD1 cell surface activation marker expression","4","Functionally normal","","","NA","CRISPR-Based Genome Editing","Base editing","38093011"
"NM_001145306.2(CDK6):c.354C>T (p.Pro118=)","chr7","92774711","G/A","CDK6","0.088","dataset0325","Synonymous","Neutral to the PD1 cell surface activation marker expression in CD4⁺ T cell","PD1 cell surface activation marker expression","4","Functionally normal","","6.22694e-07","NA","CRISPR-Based Genome Editing","Base editing","38093011"
"NM_001145306.2(CDK6):c.353C>T (p.Pro118Leu)","chr7","92774712","G/A","CDK6","0.088","dataset0325","Missense","Neutral to the PD1 cell surface activation marker expression in CD4⁺ T cell","PD1 cell surface activation marker expression","4","Functionally normal","","","NA","CRISPR-Based Genome Editing","Base editing","38093011"
"NM_001145306.2(CDK6):c.352C>T (p.Pro118Ser)","chr7","92774713","G/A","CDK6","0.088","dataset0325","Missense","Neutral to the PD1 cell surface activation marker expression in CD4⁺ T cell","PD1 cell surface activation marker expression","4","Functionally normal","","3.73573e-06","brca:0.1% (1/1084):0.310","CRISPR-Based Genome Editing","Base editing","38093011"
"NM_001145306.2(CDK6):c.351G>A (p.Val117=)","chr7","92774714","C/T","CDK6","-0.029","dataset0325","Synonymous","Neutral to the PD1 cell surface activation marker expression in CD4⁺ T cell","PD1 cell surface activation marker expression","4","Functionally normal","","","NA","CRISPR-Based Genome Editing","Base editing","38093011"
"NM_001145306.2(CDK6):c.349G>A (p.Val117Met)","chr7","92774716","C/T","CDK6","-0.029","dataset0325","Missense","Neutral to the PD1 cell surface activation marker expression in CD4⁺ T cell","PD1 cell surface activation marker expression","4","Functionally normal","","","NA","CRISPR-Based Genome Editing","Base editing","38093011"
"NM_001145306.2(CDK6):c.347G>A (p.Gly116Glu)","chr7","92774718","C/T","CDK6","-0.029","dataset0325","Missense","Neutral to the PD1 cell surface activation marker expression in CD4⁺ T cell","PD1 cell surface activation marker expression","4","Functionally normal","","","NA","CRISPR-Based Genome Editing","Base editing","38093011"
"NM_001145306.2(CDK6):c.337C>T (p.Pro113Ser)","chr7","92774728","G/A","CDK6","0.011","dataset0325","Missense","Neutral to the PD1 cell surface activation marker expression in CD4⁺ T cell","PD1 cell surface activation marker expression","4","Functionally normal","","6.21113e-07","NA","CRISPR-Based Genome Editing","Base editing","38093011"
"NM_001145306.2(CDK6):c.336T>C (p.Val112=)","chr7","92774729","A/G","CDK6","-0.073","dataset0325","Synonymous","Neutral to the PD1 cell surface activation marker expression in CD4⁺ T cell","PD1 cell surface activation marker expression","4","Functionally normal","","","NA","CRISPR-Based Genome Editing","Base editing","38093011"
"NM_001145306.2(CDK6):c.335T>C (p.Val112Ala)","chr7","92774730","A/G","CDK6","-0.073","dataset0325","Missense","Neutral to the PD1 cell surface activation marker expression in CD4⁺ T cell","PD1 cell surface activation marker expression","4","Functionally normal","","1.24197e-06","NA","CRISPR-Based Genome Editing","Base editing","38093011"
"NM_001145306.2(CDK6):c.334G>A (p.Val112Ile)","chr7","92774731","C/T","CDK6","-0.051","dataset0325","Missense","Neutral to the PD1 cell surface activation marker expression in CD4⁺ T cell","PD1 cell surface activation marker expression","10","Functionally normal","","4.96923e-06","NA","CRISPR-Based Genome Editing","Base editing","38093011"
"NM_001145306.2(CDK6):c.332A>G (p.Lys111Arg)","chr7","92774733","T/C","CDK6","-0.167","dataset0325","Missense","Neutral to the PD1 cell surface activation marker expression in CD4⁺ T cell","PD1 cell surface activation marker expression","4","Functionally normal","","","NA","CRISPR-Based Genome Editing","Base editing","38093011"
"NM_001145306.2(CDK6):c.331A>G (p.Lys111Glu)","chr7","92774734","T/C","CDK6","-0.167","dataset0325","Missense","Neutral to the PD1 cell surface activation marker expression in CD4⁺ T cell","PD1 cell surface activation marker expression","4","Functionally normal","","1.24159e-06","NA","CRISPR-Based Genome Editing","Base editing","38093011"
"NM_001145306.2(CDK6):c.329A>G (p.Asp110Gly)","chr7","92774736","T/C","CDK6","-0.167","dataset0325","Missense","Neutral to the PD1 cell surface activation marker expression in CD4⁺ T cell","PD1 cell surface activation marker expression","4","Functionally normal","","6.20735e-07","NA","CRISPR-Based Genome Editing","Base editing","38093011"
"NM_001145306.2(CDK6):c.328G>A (p.Asp110Asn)","chr7","92774737","C/T","CDK6","-0.051","dataset0325","Missense","Neutral to the PD1 cell surface activation marker expression in CD4⁺ T cell","PD1 cell surface activation marker expression","4","Functionally normal","Conflicting classifications of pathogenicity","0.00257062","NA","CRISPR-Based Genome Editing","Base editing","38093011"
"NM_001145306.2(CDK6):c.327G>A (p.Leu109=)","chr7","92774738","C/T","CDK6","-0.051","dataset0325","Synonymous","Neutral to the PD1 cell surface activation marker expression in CD4⁺ T cell","PD1 cell surface activation marker expression","4","Functionally normal","","6.21033e-07","NA","CRISPR-Based Genome Editing","Base editing","38093011"
"NM_001145306.2(CDK6):c.318C>T (p.Thr106=)","chr7","92774747","G/A","CDK6","0.008","dataset0325","Synonymous","Neutral to the PD1 cell surface activation marker expression in CD4⁺ T cell","PD1 cell surface activation marker expression","4","Functionally normal","","","NA","CRISPR-Based Genome Editing","Base editing","38093011"
"NM_001145306.2(CDK6):c.317C>T (p.Thr106Ile)","chr7","92774748","G/A","CDK6","0.008","dataset0325","Missense","Neutral to the PD1 cell surface activation marker expression in CD4⁺ T cell","PD1 cell surface activation marker expression","4","Functionally normal","","","NA","CRISPR-Based Genome Editing","Base editing","38093011"
"NM_001145306.2(CDK6):c.312C>T (p.Asp104=)","chr7","92774753","G/A","CDK6","0.008","dataset0325","Synonymous","Neutral to the PD1 cell surface activation marker expression in CD4⁺ T cell","PD1 cell surface activation marker expression","10","Functionally normal","","6.19962e-07","NA","CRISPR-Based Genome Editing","Base editing","38093011"
"NM_001145306.2(CDK6):c.311A>G (p.Asp104Gly)","chr7","92774754","T/C","CDK6","-0.08","dataset0325","Missense","Neutral to the PD1 cell surface activation marker expression in CD4⁺ T cell","PD1 cell surface activation marker expression","4","Functionally normal","","","NA","CRISPR-Based Genome Editing","Base editing","38093011"
"NM_001145306.2(CDK6):c.309A>G (p.Gln103=)","chr7","92774756","T/C","CDK6","-0.08","dataset0325","Synonymous","Neutral to the PD1 cell surface activation marker expression in CD4⁺ T cell","PD1 cell surface activation marker expression","4","Functionally normal","","","NA","CRISPR-Based Genome Editing","Base editing","38093011"
"NM_001145306.2(CDK6):c.308A>G (p.Gln103Arg)","chr7","92774757","T/C","CDK6","-0.08","dataset0325","Missense","Neutral to the PD1 cell surface activation marker expression in CD4⁺ T cell","PD1 cell surface activation marker expression","4","Functionally normal","","","NA","CRISPR-Based Genome Editing","Base editing","38093011"
"NM_001145306.2(CDK6):c.307C>T (p.Gln103Ter)","chr7","92774758","G/A","CDK6","0.008","dataset0325","Nonsense","Neutral to the PD1 cell surface activation marker expression in CD4⁺ T cell","PD1 cell surface activation marker expression","4","Functionally normal","","","NA","CRISPR-Based Genome Editing","Base editing","38093011"
"NM_001145306.2(CDK6):c.295G>A (p.Glu99Lys)","chr7","92774770","C/T","CDK6","0.152","dataset0325","Missense","Neutral to the PD1 cell surface activation marker expression in CD4⁺ T cell","PD1 cell surface activation marker expression","4","Functionally normal","","","NA","CRISPR-Based Genome Editing","Base editing","38093011"
"NM_001145306.2(CDK6):c.294T>C (p.Phe98=)","chr7","92774771","A/G","CDK6","-0.097","dataset0325","Synonymous","Neutral to the PD1 cell surface activation marker expression in CD4⁺ T cell","PD1 cell surface activation marker expression","4","Functionally normal","Likely benign","8.49151e-05","NA","CRISPR-Based Genome Editing","Base editing","38093011"
"NM_001145306.2(CDK6):c.293T>C (p.Phe98Ser)","chr7","92774772","A/G","CDK6","-0.097","dataset0325","Missense","Neutral to the PD1 cell surface activation marker expression in CD4⁺ T cell","PD1 cell surface activation marker expression","4","Functionally normal","","","NA","CRISPR-Based Genome Editing","Base editing","38093011"
"NM_001145306.2(CDK6):c.292T>C (p.Phe98Leu)","chr7","92774773","A/G","CDK6","-0.097","dataset0325","Missense","Neutral to the PD1 cell surface activation marker expression in CD4⁺ T cell","PD1 cell surface activation marker expression","4","Functionally normal","","","NA","CRISPR-Based Genome Editing","Base editing","38093011"
"NM_001145306.2(CDK6):c.291G>A (p.Val97=)","chr7","92774774","C/T","CDK6","0.152","dataset0325","Synonymous","Neutral to the PD1 cell surface activation marker expression in CD4⁺ T cell","PD1 cell surface activation marker expression","4","Functionally normal","","","NA","CRISPR-Based Genome Editing","Base editing","38093011"
"NM_001145306.2(CDK6):c.290T>C (p.Val97Ala)","chr7","92774775","A/G","CDK6","-0.097","dataset0325","Missense","Neutral to the PD1 cell surface activation marker expression in CD4⁺ T cell","PD1 cell surface activation marker expression","4","Functionally normal","","","NA","CRISPR-Based Genome Editing","Base editing","38093011"
"NM_001145306.2(CDK6):c.289G>A (p.Val97Met)","chr7","92774776","C/T","CDK6","0.152","dataset0325","Missense","Neutral to the PD1 cell surface activation marker expression in CD4⁺ T cell","PD1 cell surface activation marker expression","4","Functionally normal","","","NA","CRISPR-Based Genome Editing","Base editing","38093011"
"NM_001145306.2(CDK6):c.234G>A (p.Arg78=)","chr7","92774831","C/T","CDK6","0.115","dataset0325","Splice site","Neutral to the PD1 cell surface activation marker expression in CD4⁺ T cell","PD1 cell surface activation marker expression","4","Functionally normal","","","NA","CRISPR-Based Genome Editing","Base editing","38093011"
"NM_001145306.2(CDK6):c.233G>A (p.Arg78Lys)","chr7","92833091","C/T","CDK6","0.15","dataset0325","Missense","Neutral to the PD1 cell surface activation marker expression in CD4⁺ T cell","PD1 cell surface activation marker expression","4","Functionally normal","","0","NA","CRISPR-Based Genome Editing","Base editing","38093011"
"NM_001145306.2(CDK6):c.231C>T (p.Val77=)","chr7","92833093","G/A","CDK6","-0.002","dataset0325","Splice site","Neutral to the PD1 cell surface activation marker expression in CD4⁺ T cell","PD1 cell surface activation marker expression","4","Functionally normal","","0","NA","CRISPR-Based Genome Editing","Base editing","38093011"
"NM_001145306.2(CDK6):c.229G>A (p.Val77Ile)","chr7","92833095","C/T","CDK6","-0.02","dataset0325","Missense","Neutral to the PD1 cell surface activation marker expression in CD4⁺ T cell","PD1 cell surface activation marker expression","4","Functionally normal","","6.31076e-07","NA","CRISPR-Based Genome Editing","Base editing","38093011"
"NM_001145306.2(CDK6):c.227T>C (p.Val76Ala)","chr7","92833097","A/G","CDK6","-0.04","dataset0325","Missense","Neutral to the PD1 cell surface activation marker expression in CD4⁺ T cell","PD1 cell surface activation marker expression","4","Functionally normal","","","NA","CRISPR-Based Genome Editing","Base editing","38093011"
"NM_001145306.2(CDK6):c.225C>T (p.Asn75=)","chr7","92833099","G/A","CDK6","-0.002","dataset0325","Synonymous","Neutral to the PD1 cell surface activation marker expression in CD4⁺ T cell","PD1 cell surface activation marker expression","10","Functionally normal","","1.88581e-06","NA","CRISPR-Based Genome Editing","Base editing","38093011"
"NM_001145306.2(CDK6):c.224A>G (p.Asn75Ser)","chr7","92833100","T/C","CDK6","-0.001","dataset0325","Missense","Neutral to the PD1 cell surface activation marker expression in CD4⁺ T cell","PD1 cell surface activation marker expression","4","Functionally normal","","","NA","CRISPR-Based Genome Editing","Base editing","38093011"
"NM_001145306.2(CDK6):c.223A>G (p.Asn75Asp)","chr7","92833101","T/C","CDK6","-0.181","dataset0325","Missense","The diminished PD1 cell surface activation marker expression in CD4⁺ T cell","PD1 cell surface activation marker expression","4","Loss-of-function","","","NA","CRISPR-Based Genome Editing","Base editing","38093011"
"NM_001145306.2(CDK6):c.222C>T (p.Pro74=)","chr7","92833102","G/A","CDK6","0.122","dataset0325","Synonymous","Neutral to the PD1 cell surface activation marker expression in CD4⁺ T cell","PD1 cell surface activation marker expression","4","Functionally normal","","","NA","CRISPR-Based Genome Editing","Base editing","38093011"
"NM_001145306.2(CDK6):c.221C>T (p.Pro74Leu)","chr7","92833103","G/A","CDK6","-0.072","dataset0325","Missense","Neutral to the PD1 cell surface activation marker expression in CD4⁺ T cell","PD1 cell surface activation marker expression","4","Functionally normal","","6.27084e-07","NA","CRISPR-Based Genome Editing","Base editing","38093011"
"NM_001145306.2(CDK6):c.219C>T (p.His73=)","chr7","92833105","G/A","CDK6","-0.094","dataset0325","Synonymous","Neutral to the PD1 cell surface activation marker expression in CD4⁺ T cell","PD1 cell surface activation marker expression","10","Functionally normal","","0","NA","CRISPR-Based Genome Editing","Base editing","38093011"
"NM_001145306.2(CDK6):c.218A>G (p.His73Arg)","chr7","92833106","T/C","CDK6","0.029","dataset0325","Missense","Neutral to the PD1 cell surface activation marker expression in CD4⁺ T cell","PD1 cell surface activation marker expression","4","Functionally normal","","","NA","CRISPR-Based Genome Editing","Base editing","38093011"
"NM_001145306.2(CDK6):c.217C>T (p.His73Tyr)","chr7","92833107","G/A","CDK6","-0.094","dataset0325","Missense","Neutral to the PD1 cell surface activation marker expression in CD4⁺ T cell","PD1 cell surface activation marker expression","4","Functionally normal","","0","NA","CRISPR-Based Genome Editing","Base editing","38093011"
"NM_001145306.2(CDK6):c.216G>A (p.Glu72=)","chr7","92833108","C/T","CDK6","-0.134","dataset0325","Synonymous","Neutral to the PD1 cell surface activation marker expression in CD4⁺ T cell","PD1 cell surface activation marker expression","4","Functionally normal","","","NA","CRISPR-Based Genome Editing","Base editing","38093011"
"NM_001145306.2(CDK6):c.215A>G (p.Glu72Gly)","chr7","92833109","T/C","CDK6","0.029","dataset0325","Missense","Neutral to the PD1 cell surface activation marker expression in CD4⁺ T cell","PD1 cell surface activation marker expression","4","Functionally normal","","","NA","CRISPR-Based Genome Editing","Base editing","38093011"
"NM_001145306.2(CDK6):c.214G>A (p.Glu72Lys)","chr7","92833110","C/T","CDK6","-0.134","dataset0325","Missense","Neutral to the PD1 cell surface activation marker expression in CD4⁺ T cell","PD1 cell surface activation marker expression","4","Functionally normal","","0","NA","CRISPR-Based Genome Editing","Base editing","38093011"
"NM_001145306.2(CDK6):c.213C>T (p.Phe71=)","chr7","92833111","G/A","CDK6","-0.094","dataset0325","Synonymous","Neutral to the PD1 cell surface activation marker expression in CD4⁺ T cell","PD1 cell surface activation marker expression","10","Functionally normal","","","NA","CRISPR-Based Genome Editing","Base editing","38093011"
"NM_001145306.2(CDK6):c.198G>A (p.Arg66=)","chr7","92833126","C/T","CDK6","-0.445","dataset0325","Synonymous","The diminished PD1 cell surface activation marker expression in CD4⁺ T cell","PD1 cell surface activation marker expression","4","Loss-of-function","","0","NA","CRISPR-Based Genome Editing","Base editing","38093011"
"NM_001145306.2(CDK6):c.197G>A (p.Arg66Lys)","chr7","92833127","C/T","CDK6","-0.445","dataset0325","Missense","The diminished PD1 cell surface activation marker expression in CD4⁺ T cell","PD1 cell surface activation marker expression","4","Loss-of-function","","6.22331e-07","NA","CRISPR-Based Genome Editing","Base editing","38093011"
"NM_001145306.2(CDK6):c.195G>A (p.Leu65=)","chr7","92833129","C/T","CDK6","0.109","dataset0325","Synonymous","Neutral to the PD1 cell surface activation marker expression in CD4⁺ T cell","PD1 cell surface activation marker expression","10","Functionally normal","","","NA","CRISPR-Based Genome Editing","Base editing","38093011"
"NM_001145306.2(CDK6):c.194T>C (p.Leu65Pro)","chr7","92833130","A/G","CDK6","0.091","dataset0325","Missense","Neutral to the PD1 cell surface activation marker expression in CD4⁺ T cell","PD1 cell surface activation marker expression","4","Functionally normal","","","NA","CRISPR-Based Genome Editing","Base editing","38093011"
"NM_001145306.2(CDK6):c.193C>T (p.Leu65=)","chr7","92833131","G/A","CDK6","0.113","dataset0325","Synonymous","Neutral to the PD1 cell surface activation marker expression in CD4⁺ T cell","PD1 cell surface activation marker expression","4","Functionally normal","","","NA","CRISPR-Based Genome Editing","Base editing","38093011"
"NM_001145306.2(CDK6):c.192G>A (p.Val64=)","chr7","92833132","C/T","CDK6","0.172","dataset0325","Synonymous","Neutral to the PD1 cell surface activation marker expression in CD4⁺ T cell","PD1 cell surface activation marker expression","4","Functionally normal","","0","NA","CRISPR-Based Genome Editing","Base editing","38093011"
"NM_001145306.2(CDK6):c.191T>C (p.Val64Ala)","chr7","92833133","A/G","CDK6","-0.195","dataset0325","Missense","The diminished PD1 cell surface activation marker expression in CD4⁺ T cell","PD1 cell surface activation marker expression","4","Loss-of-function","","","NA","CRISPR-Based Genome Editing","Base editing","38093011"
"NM_001145306.2(CDK6):c.190G>A (p.Val64Met)","chr7","92833134","C/T","CDK6","0.172","dataset0325","Missense","Neutral to the PD1 cell surface activation marker expression in CD4⁺ T cell","PD1 cell surface activation marker expression","10","Functionally normal","","","NA","CRISPR-Based Genome Editing","Base editing","38093011"
"NM_001145306.2(CDK6):c.189G>A (p.Ala63=)","chr7","92833135","C/T","CDK6","0.172","dataset0325","Synonymous","Neutral to the PD1 cell surface activation marker expression in CD4⁺ T cell","PD1 cell surface activation marker expression","10","Functionally normal","","","NA","CRISPR-Based Genome Editing","Base editing","38093011"
"NM_001145306.2(CDK6):c.188C>T (p.Ala63Val)","chr7","92833136","G/A","CDK6","-0.071","dataset0325","Missense","Neutral to the PD1 cell surface activation marker expression in CD4⁺ T cell","PD1 cell surface activation marker expression","4","Functionally normal","","0","NA","CRISPR-Based Genome Editing","Base editing","38093011"
"NM_001145306.2(CDK6):c.187G>A (p.Ala63Thr)","chr7","92833137","C/T","CDK6","0.172","dataset0325","Missense","Neutral to the PD1 cell surface activation marker expression in CD4⁺ T cell","PD1 cell surface activation marker expression","4","Functionally normal","","","NA","CRISPR-Based Genome Editing","Base editing","38093011"
"NM_001145306.2(CDK6):c.185T>C (p.Val62Ala)","chr7","92833139","A/G","CDK6","-0.016","dataset0325","Missense","Neutral to the PD1 cell surface activation marker expression in CD4⁺ T cell","PD1 cell surface activation marker expression","4","Functionally normal","","","NA","CRISPR-Based Genome Editing","Base editing","38093011"
"NM_001145306.2(CDK6):c.184G>A (p.Val62Met)","chr7","92833140","C/T","CDK6","-0.131","dataset0325","Missense","Neutral to the PD1 cell surface activation marker expression in CD4⁺ T cell","PD1 cell surface activation marker expression","3","Functionally normal","","","NA","CRISPR-Based Genome Editing","Base editing","38093011"
"NM_001145306.2(CDK6):c.183G>A (p.Glu61=)","chr7","92833141","C/T","CDK6","-0.131","dataset0325","Synonymous","Neutral to the PD1 cell surface activation marker expression in CD4⁺ T cell","PD1 cell surface activation marker expression","3","Functionally normal","","","NA","CRISPR-Based Genome Editing","Base editing","38093011"
"NM_001145306.2(CDK6):c.182A>G (p.Glu61Gly)","chr7","92833142","T/C","CDK6","-0.113","dataset0325","Missense","Neutral to the PD1 cell surface activation marker expression in CD4⁺ T cell","PD1 cell surface activation marker expression","4","Functionally normal","","","NA","CRISPR-Based Genome Editing","Base editing","38093011"
"NM_001145306.2(CDK6):c.180C>T (p.Arg60=)","chr7","92833144","G/A","CDK6","0.083","dataset0325","Synonymous","Neutral to the PD1 cell surface activation marker expression in CD4⁺ T cell","PD1 cell surface activation marker expression","4","Functionally normal","","","NA","CRISPR-Based Genome Editing","Base editing","38093011"
"NM_001145306.2(CDK6):c.178C>T (p.Arg60Cys)","chr7","92833146","G/A","CDK6","0.083","dataset0325","Missense","Neutral to the PD1 cell surface activation marker expression in CD4⁺ T cell","PD1 cell surface activation marker expression","4","Functionally normal","","6.21429e-07","NA","CRISPR-Based Genome Editing","Base editing","38093011"
"NM_001145306.2(CDK6):c.177C>T (p.Ile59=)","chr7","92833147","G/A","CDK6","-0.032","dataset0325","Synonymous","Neutral to the PD1 cell surface activation marker expression in CD4⁺ T cell","PD1 cell surface activation marker expression","4","Functionally normal","","","NA","CRISPR-Based Genome Editing","Base editing","38093011"
"NM_001145306.2(CDK6):c.175A>G (p.Ile59Val)","chr7","92833149","T/C","CDK6","0.097","dataset0325","Missense","Neutral to the PD1 cell surface activation marker expression in CD4⁺ T cell","PD1 cell surface activation marker expression","4","Functionally normal","","6.21307e-07","NA","CRISPR-Based Genome Editing","Base editing","38093011"
"NM_001145306.2(CDK6):c.174C>T (p.Thr58=)","chr7","92833150","G/A","CDK6","-0.069","dataset0325","Synonymous","Neutral to the PD1 cell surface activation marker expression in CD4⁺ T cell","PD1 cell surface activation marker expression","4","Functionally normal","","5.59281e-06","NA","CRISPR-Based Genome Editing","Base editing","38093011"
"NM_001145306.2(CDK6):c.173C>T (p.Thr58Ile)","chr7","92833151","G/A","CDK6","-0.069","dataset0325","Missense","Neutral to the PD1 cell surface activation marker expression in CD4⁺ T cell","PD1 cell surface activation marker expression","4","Functionally normal","","","NA","CRISPR-Based Genome Editing","Base editing","38093011"
"NM_001145306.2(CDK6):c.172A>G (p.Thr58Ala)","chr7","92833152","T/C","CDK6","-0.128","dataset0325","Missense","Neutral to the PD1 cell surface activation marker expression in CD4⁺ T cell","PD1 cell surface activation marker expression","4","Functionally normal","","","NA","CRISPR-Based Genome Editing","Base editing","38093011"
"NM_001145306.2(CDK6):c.171C>T (p.Ser57=)","chr7","92833153","G/A","CDK6","-0.069","dataset0325","Synonymous","Neutral to the PD1 cell surface activation marker expression in CD4⁺ T cell","PD1 cell surface activation marker expression","10","Functionally normal","","1.11842e-05","NA","CRISPR-Based Genome Editing","Base editing","38093011"
"NM_001145306.2(CDK6):c.170C>T (p.Ser57Phe)","chr7","92833154","G/A","CDK6","-0.069","dataset0325","Missense","Neutral to the PD1 cell surface activation marker expression in CD4⁺ T cell","PD1 cell surface activation marker expression","4","Functionally normal","","","NA","CRISPR-Based Genome Editing","Base editing","38093011"
"NM_001145306.2(CDK6):c.168C>T (p.Leu56=)","chr7","92833156","G/A","CDK6","-0.069","dataset0325","Synonymous","Neutral to the PD1 cell surface activation marker expression in CD4⁺ T cell","PD1 cell surface activation marker expression","10","Functionally normal","","6.21339e-06","NA","CRISPR-Based Genome Editing","Base editing","38093011"
"NM_001145306.2(CDK6):c.165G>A (p.Pro55=)","chr7","92833159","C/T","CDK6","0.004","dataset0325","Synonymous","Neutral to the PD1 cell surface activation marker expression in CD4⁺ T cell","PD1 cell surface activation marker expression","4","Functionally normal","","","NA","CRISPR-Based Genome Editing","Base editing","38093011"
"NM_001145306.2(CDK6):c.162G>A (p.Met54Ile)","chr7","92833162","C/T","CDK6","0.004","dataset0325","Missense","Neutral to the PD1 cell surface activation marker expression in CD4⁺ T cell","PD1 cell surface activation marker expression","4","Functionally normal","","6.21371e-07","NA","CRISPR-Based Genome Editing","Base editing","38093011"
"NM_001145306.2(CDK6):c.161T>C (p.Met54Thr)","chr7","92833163","A/G","CDK6","-0.035","dataset0325","Missense","Neutral to the PD1 cell surface activation marker expression in CD4⁺ T cell","PD1 cell surface activation marker expression","4","Functionally normal","","","NA","CRISPR-Based Genome Editing","Base editing","38093011"
"NM_001145306.2(CDK6):c.158G>A (p.Gly53Asp)","chr7","92833166","C/T","CDK6","0.004","dataset0325","Missense","Neutral to the PD1 cell surface activation marker expression in CD4⁺ T cell","PD1 cell surface activation marker expression","4","Functionally normal","","0","NA","CRISPR-Based Genome Editing","Base editing","38093011"
"NM_001145306.2(CDK6):c.157G>A (p.Gly53Ser)","chr7","92833167","C/T","CDK6","0.004","dataset0325","Missense","Neutral to the PD1 cell surface activation marker expression in CD4⁺ T cell","PD1 cell surface activation marker expression","4","Functionally normal","","","NA","CRISPR-Based Genome Editing","Base editing","38093011"
"NM_001145306.2(CDK6):c.156G>A (p.Glu52=)","chr7","92833168","C/T","CDK6","0.004","dataset0325","Synonymous","Neutral to the PD1 cell surface activation marker expression in CD4⁺ T cell","PD1 cell surface activation marker expression","4","Functionally normal","","","NA","CRISPR-Based Genome Editing","Base editing","38093011"
"NM_001145306.2(CDK6):c.147C>T (p.Thr49=)","chr7","92833177","G/A","CDK6","0.115","dataset0325","Synonymous","Neutral to the PD1 cell surface activation marker expression in CD4⁺ T cell","PD1 cell surface activation marker expression","4","Functionally normal","","3.72876e-06","NA","CRISPR-Based Genome Editing","Base editing","38093011"
"NM_001145306.2(CDK6):c.146C>T (p.Thr49Ile)","chr7","92833178","G/A","CDK6","0.115","dataset0325","Missense","Neutral to the PD1 cell surface activation marker expression in CD4⁺ T cell","PD1 cell surface activation marker expression","4","Functionally normal","","","NA","CRISPR-Based Genome Editing","Base editing","38093011"
"NM_001145306.2(CDK6):c.143A>G (p.Gln48Arg)","chr7","92833181","T/C","CDK6","-0.099","dataset0325","Missense","Neutral to the PD1 cell surface activation marker expression in CD4⁺ T cell","PD1 cell surface activation marker expression","4","Functionally normal","","1.24265e-06","NA","CRISPR-Based Genome Editing","Base editing","38093011"
"NM_001145306.2(CDK6):c.142C>T (p.Gln48Ter)","chr7","92833182","G/A","CDK6","-0.007","dataset0325","Nonsense","Neutral to the PD1 cell surface activation marker expression in CD4⁺ T cell","PD1 cell surface activation marker expression","4","Functionally normal","","0","NA","CRISPR-Based Genome Editing","Base editing","38093011"
"NM_001145306.2(CDK6):c.136C>T (p.Arg46Trp)","chr7","92833188","G/A","CDK6","0.044","dataset0325","Missense","Neutral to the PD1 cell surface activation marker expression in CD4⁺ T cell","PD1 cell surface activation marker expression","4","Functionally normal","","1.24298e-06","NA","CRISPR-Based Genome Editing","Base editing","38093011"
"NM_001145306.2(CDK6):c.133G>A (p.Val45Met)","chr7","92833191","C/T","CDK6","-0.145","dataset0325","Missense","Neutral to the PD1 cell surface activation marker expression in CD4⁺ T cell","PD1 cell surface activation marker expression","4","Functionally normal","","1.86392e-06","ucs:1.8% (1/57):0.320","CRISPR-Based Genome Editing","Base editing","38093011"
"NM_001145306.2(CDK6):c.131G>A (p.Arg44His)","chr7","92833193","C/T","CDK6","-0.145","dataset0325","Missense","Neutral to the PD1 cell surface activation marker expression in CD4⁺ T cell","PD1 cell surface activation marker expression","4","Functionally normal","","","NA","CRISPR-Based Genome Editing","Base editing","38093011"
"NM_001145306.2(CDK6):c.129G>A (p.Lys43=)","chr7","92833195","C/T","CDK6","-0.145","dataset0325","Synonymous","Neutral to the PD1 cell surface activation marker expression in CD4⁺ T cell","PD1 cell surface activation marker expression","4","Functionally normal","","6.21131e-07","NA","CRISPR-Based Genome Editing","Base editing","38093011"
"NM_001145306.2(CDK6):c.126G>A (p.Leu42=)","chr7","92833198","C/T","CDK6","-0.145","dataset0325","Synonymous","Neutral to the PD1 cell surface activation marker expression in CD4⁺ T cell","PD1 cell surface activation marker expression","10","Functionally normal","","","NA","CRISPR-Based Genome Editing","Base editing","38093011"
"NM_001145306.2(CDK6):c.123G>A (p.Ala41=)","chr7","92833201","C/T","CDK6","-0.145","dataset0325","Synonymous","Neutral to the PD1 cell surface activation marker expression in CD4⁺ T cell","PD1 cell surface activation marker expression","4","Functionally normal","","0","NA","CRISPR-Based Genome Editing","Base editing","38093011"
"NM_001145306.2(CDK6):c.122C>T (p.Ala41Val)","chr7","92833202","G/A","CDK6","-0.035","dataset0325","Missense","Neutral to the PD1 cell surface activation marker expression in CD4⁺ T cell","PD1 cell surface activation marker expression","4","Functionally normal","","6.21116e-07","NA","CRISPR-Based Genome Editing","Base editing","38093011"
"NM_001145306.2(CDK6):c.121G>A (p.Ala41Thr)","chr7","92833203","C/T","CDK6","-0.145","dataset0325","Missense","Neutral to the PD1 cell surface activation marker expression in CD4⁺ T cell","PD1 cell surface activation marker expression","4","Functionally normal","","","NA","CRISPR-Based Genome Editing","Base editing","38093011"
"NM_001145306.2(CDK6):c.117C>T (p.Phe39=)","chr7","92833207","G/A","CDK6","-0.035","dataset0325","Synonymous","Neutral to the PD1 cell surface activation marker expression in CD4⁺ T cell","PD1 cell surface activation marker expression","4","Functionally normal","","1.24211e-06","NA","CRISPR-Based Genome Editing","Base editing","38093011"
"NM_001145306.2(CDK6):c.111C>T (p.Gly37=)","chr7","92833213","G/A","CDK6","0.059","dataset0325","Synonymous","Neutral to the PD1 cell surface activation marker expression in CD4⁺ T cell","PD1 cell surface activation marker expression","4","Functionally normal","","","NA","CRISPR-Based Genome Editing","Base editing","38093011"
"NM_001145306.2(CDK6):c.110G>A (p.Gly37Asp)","chr7","92833214","C/T","CDK6","-0.073","dataset0325","Missense","Neutral to the PD1 cell surface activation marker expression in CD4⁺ T cell","PD1 cell surface activation marker expression","4","Functionally normal","","6.20961e-07","NA","CRISPR-Based Genome Editing","Base editing","38093011"
"NM_001145306.2(CDK6):c.109G>A (p.Gly37Ser)","chr7","92833215","C/T","CDK6","-0.073","dataset0325","Missense","Neutral to the PD1 cell surface activation marker expression in CD4⁺ T cell","PD1 cell surface activation marker expression","10","Functionally normal","","","NA","CRISPR-Based Genome Editing","Base editing","38093011"
"NM_001145306.2(CDK6):c.107G>A (p.Gly36Glu)","chr7","92833217","C/T","CDK6","-0.073","dataset0325","Missense","Neutral to the PD1 cell surface activation marker expression in CD4⁺ T cell","PD1 cell surface activation marker expression","4","Functionally normal","","6.20915e-07","NA","CRISPR-Based Genome Editing","Base editing","38093011"
"NM_001145306.2(CDK6):c.106G>A (p.Gly36Arg)","chr7","92833218","C/T","CDK6","-0.073","dataset0325","Missense","Neutral to the PD1 cell surface activation marker expression in CD4⁺ T cell","PD1 cell surface activation marker expression","4","Functionally normal","","0","NA","CRISPR-Based Genome Editing","Base editing","38093011"
"NM_001145306.2(CDK6):c.105C>T (p.Asn35=)","chr7","92833219","G/A","CDK6","0.059","dataset0325","Synonymous","Neutral to the PD1 cell surface activation marker expression in CD4⁺ T cell","PD1 cell surface activation marker expression","10","Functionally normal","","1.24187e-06","NA","CRISPR-Based Genome Editing","Base editing","38093011"
"NM_001145306.2(CDK6):c.104A>G (p.Asn35Ser)","chr7","92833220","T/C","CDK6","0.043","dataset0325","Missense","Neutral to the PD1 cell surface activation marker expression in CD4⁺ T cell","PD1 cell surface activation marker expression","4","Functionally normal","","","NA","CRISPR-Based Genome Editing","Base editing","38093011"
"NM_001145306.2(CDK6):c.103A>G (p.Asn35Asp)","chr7","92833221","T/C","CDK6","0.043","dataset0325","Missense","Neutral to the PD1 cell surface activation marker expression in CD4⁺ T cell","PD1 cell surface activation marker expression","4","Functionally normal","","","NA","CRISPR-Based Genome Editing","Base editing","38093011"
"NM_001145306.2(CDK6):c.102G>A (p.Lys34=)","chr7","92833222","C/T","CDK6","-0.073","dataset0325","Synonymous","Neutral to the PD1 cell surface activation marker expression in CD4⁺ T cell","PD1 cell surface activation marker expression","4","Functionally normal","","2.48338e-06","NA","CRISPR-Based Genome Editing","Base editing","38093011"
"NM_001145306.2(CDK6):c.101A>G (p.Lys34Arg)","chr7","92833223","T/C","CDK6","0.043","dataset0325","Missense","Neutral to the PD1 cell surface activation marker expression in CD4⁺ T cell","PD1 cell surface activation marker expression","4","Functionally normal","","6.20796e-07","NA","CRISPR-Based Genome Editing","Base editing","38093011"
"NM_001145306.2(CDK6):c.99G>A (p.Leu33=)","chr7","92833225","C/T","CDK6","0.165","dataset0325","Synonymous","Neutral to the PD1 cell surface activation marker expression in CD4⁺ T cell","PD1 cell surface activation marker expression","3","Functionally normal","","","NA","CRISPR-Based Genome Editing","Base editing","38093011"
"NM_001145306.2(CDK6):c.96C>T (p.Asp32=)","chr7","92833228","G/A","CDK6","0.002","dataset0325","Synonymous","Neutral to the PD1 cell surface activation marker expression in CD4⁺ T cell","PD1 cell surface activation marker expression","4","Functionally normal","","6.20753e-07","NA","CRISPR-Based Genome Editing","Base editing","38093011"
"NM_001145306.2(CDK6):c.95A>G (p.Asp32Gly)","chr7","92833229","T/C","CDK6","-0.039","dataset0325","Missense","Neutral to the PD1 cell surface activation marker expression in CD4⁺ T cell","PD1 cell surface activation marker expression","4","Functionally normal","","","NA","CRISPR-Based Genome Editing","Base editing","38093011"
"NM_001145306.2(CDK6):c.93C>T (p.Arg31=)","chr7","92833231","G/A","CDK6","0.002","dataset0325","Synonymous","Neutral to the PD1 cell surface activation marker expression in CD4⁺ T cell","PD1 cell surface activation marker expression","4","Functionally normal","","1.24166e-06","NA","CRISPR-Based Genome Editing","Base editing","38093011"
"NM_001145306.2(CDK6):c.91C>T (p.Arg31Cys)","chr7","92833233","G/A","CDK6","0.002","dataset0325","Missense","Neutral to the PD1 cell surface activation marker expression in CD4⁺ T cell","PD1 cell surface activation marker expression","10","Functionally normal","","","NA","CRISPR-Based Genome Editing","Base editing","38093011"
"NM_001145306.2(CDK6):c.90C>T (p.Ala30=)","chr7","92833234","G/A","CDK6","0.002","dataset0325","Synonymous","Neutral to the PD1 cell surface activation marker expression in CD4⁺ T cell","PD1 cell surface activation marker expression","10","Functionally normal","","","NA","CRISPR-Based Genome Editing","Base editing","38093011"
"NM_001145306.2(CDK6):c.89C>T (p.Ala30Val)","chr7","92833235","G/A","CDK6","0.002","dataset0325","Missense","Neutral to the PD1 cell surface activation marker expression in CD4⁺ T cell","PD1 cell surface activation marker expression","4","Functionally normal","","","NA","CRISPR-Based Genome Editing","Base editing","38093011"
"NM_001145306.2(CDK6):c.88G>A (p.Ala30Thr)","chr7","92833236","C/T","CDK6","0.085","dataset0325","Missense","Neutral to the PD1 cell surface activation marker expression in CD4⁺ T cell","PD1 cell surface activation marker expression","4","Functionally normal","","","NA","CRISPR-Based Genome Editing","Base editing","38093011"
"NM_001145306.2(CDK6):c.87G>A (p.Lys29=)","chr7","92833237","C/T","CDK6","0.085","dataset0325","Synonymous","Neutral to the PD1 cell surface activation marker expression in CD4⁺ T cell","PD1 cell surface activation marker expression","10","Functionally normal","","","NA","CRISPR-Based Genome Editing","Base editing","38093011"
"NM_001145306.2(CDK6):c.83T>C (p.Phe28Ser)","chr7","92833241","A/G","CDK6","0.1","dataset0325","Missense","Neutral to the PD1 cell surface activation marker expression in CD4⁺ T cell","PD1 cell surface activation marker expression","4","Functionally normal","","","NA","CRISPR-Based Genome Editing","Base editing","38093011"
"NM_001145306.2(CDK6):c.81G>A (p.Val27=)","chr7","92833243","C/T","CDK6","0.085","dataset0325","Synonymous","Neutral to the PD1 cell surface activation marker expression in CD4⁺ T cell","PD1 cell surface activation marker expression","4","Functionally normal","","2.48305e-06","NA","CRISPR-Based Genome Editing","Base editing","38093011"
"NM_001145306.2(CDK6):c.79G>A (p.Val27Met)","chr7","92833245","C/T","CDK6","0.085","dataset0325","Missense","Neutral to the PD1 cell surface activation marker expression in CD4⁺ T cell","PD1 cell surface activation marker expression","4","Functionally normal","","6.20776e-07","NA","CRISPR-Based Genome Editing","Base editing","38093011"
"NM_001145306.2(CDK6):c.78G>A (p.Lys26=)","chr7","92833246","C/T","CDK6","0.085","dataset0325","Synonymous","Neutral to the PD1 cell surface activation marker expression in CD4⁺ T cell","PD1 cell surface activation marker expression","4","Functionally normal","","1.86232e-06","NA","CRISPR-Based Genome Editing","Base editing","38093011"
"NM_001145306.2(CDK6):c.71A>G (p.Tyr24Cys)","chr7","92833253","T/C","CDK6","-0.233","dataset0325","Missense","The diminished PD1 cell surface activation marker expression in CD4⁺ T cell","PD1 cell surface activation marker expression","4","Loss-of-function","","4.34678e-06","NA","CRISPR-Based Genome Editing","Base editing","38093011"
"NM_001145306.2(CDK6):c.69C>T (p.Ala23=)","chr7","92833255","G/A","CDK6","0.055","dataset0325","Synonymous","Neutral to the PD1 cell surface activation marker expression in CD4⁺ T cell","PD1 cell surface activation marker expression","10","Functionally normal","","1.24188e-06","NA","CRISPR-Based Genome Editing","Base editing","38093011"
"NM_001145306.2(CDK6):c.68C>T (p.Ala23Val)","chr7","92833256","G/A","CDK6","0.055","dataset0325","Missense","Neutral to the PD1 cell surface activation marker expression in CD4⁺ T cell","PD1 cell surface activation marker expression","4","Functionally normal","","0","NA","CRISPR-Based Genome Editing","Base editing","38093011"
"NM_001145306.2(CDK6):c.66C>T (p.Gly22=)","chr7","92833258","G/A","CDK6","0.055","dataset0325","Synonymous","Neutral to the PD1 cell surface activation marker expression in CD4⁺ T cell","PD1 cell surface activation marker expression","4","Functionally normal","Likely benign","7.76262e-05","NA","CRISPR-Based Genome Editing","Base editing","38093011"
"NM_001145306.2(CDK6):c.62A>G (p.Glu21Gly)","chr7","92833262","T/C","CDK6","-0.134","dataset0325","Missense","Neutral to the PD1 cell surface activation marker expression in CD4⁺ T cell","PD1 cell surface activation marker expression","4","Functionally normal","","0","NA","CRISPR-Based Genome Editing","Base editing","38093011"
"NM_001145306.2(CDK6):c.57C>T (p.Ile19=)","chr7","92833267","G/A","CDK6","0.012","dataset0325","Synonymous","Neutral to the PD1 cell surface activation marker expression in CD4⁺ T cell","PD1 cell surface activation marker expression","10","Functionally normal","","","NA","CRISPR-Based Genome Editing","Base editing","38093011"
"NM_001145306.2(CDK6):c.55A>G (p.Ile19Val)","chr7","92833269","T/C","CDK6","-0.058","dataset0325","Missense","Neutral to the PD1 cell surface activation marker expression in CD4⁺ T cell","PD1 cell surface activation marker expression","4","Functionally normal","","","NA","CRISPR-Based Genome Editing","Base editing","38093011"
"NM_001145306.2(CDK6):c.52G>A (p.Glu18Lys)","chr7","92833272","C/T","CDK6","0.07","dataset0325","Missense","Neutral to the PD1 cell surface activation marker expression in CD4⁺ T cell","PD1 cell surface activation marker expression","4","Functionally normal","","0","blca:0.2% (1/411):0.550","CRISPR-Based Genome Editing","Base editing","38093011"
"NM_001145306.2(CDK6):c.51G>A (p.Ala17=)","chr7","92833273","C/T","CDK6","0.07","dataset0325","Synonymous","Neutral to the PD1 cell surface activation marker expression in CD4⁺ T cell","PD1 cell surface activation marker expression","4","Functionally normal","","","NA","CRISPR-Based Genome Editing","Base editing","38093011"
"NM_001145306.2(CDK6):c.50C>T (p.Ala17Val)","chr7","92833274","G/A","CDK6","0.047","dataset0325","Missense","Neutral to the PD1 cell surface activation marker expression in CD4⁺ T cell","PD1 cell surface activation marker expression","4","Functionally normal","","","NA","CRISPR-Based Genome Editing","Base editing","38093011"
"NM_001145306.2(CDK6):c.49G>A (p.Ala17Thr)","chr7","92833275","C/T","CDK6","0.07","dataset0325","Missense","Neutral to the PD1 cell surface activation marker expression in CD4⁺ T cell","PD1 cell surface activation marker expression","4","Functionally normal","","","NA","CRISPR-Based Genome Editing","Base editing","38093011"
"NM_001145306.2(CDK6):c.48G>A (p.Val16=)","chr7","92833276","C/T","CDK6","0.07","dataset0325","Synonymous","Neutral to the PD1 cell surface activation marker expression in CD4⁺ T cell","PD1 cell surface activation marker expression","4","Functionally normal","","","NA","CRISPR-Based Genome Editing","Base editing","38093011"
"NM_001145306.2(CDK6):c.47T>C (p.Val16Ala)","chr7","92833277","A/G","CDK6","-0.065","dataset0325","Missense","Neutral to the PD1 cell surface activation marker expression in CD4⁺ T cell","PD1 cell surface activation marker expression","4","Functionally normal","","","NA","CRISPR-Based Genome Editing","Base editing","38093011"
"NM_001145306.2(CDK6):c.46G>A (p.Val16Met)","chr7","92833278","C/T","CDK6","0.07","dataset0325","Missense","Neutral to the PD1 cell surface activation marker expression in CD4⁺ T cell","PD1 cell surface activation marker expression","4","Functionally normal","","6.21456e-07","NA","CRISPR-Based Genome Editing","Base editing","38093011"
"NM_001145306.2(CDK6):c.45C>T (p.Cys15=)","chr7","92833279","G/A","CDK6","-0.031","dataset0325","Synonymous","Neutral to the PD1 cell surface activation marker expression in CD4⁺ T cell","PD1 cell surface activation marker expression","4","Functionally normal","","1.24305e-06","NA","CRISPR-Based Genome Editing","Base editing","38093011"
"NM_001145306.2(CDK6):c.44G>A (p.Cys15Tyr)","chr7","92833280","C/T","CDK6","0.07","dataset0325","Missense","Neutral to the PD1 cell surface activation marker expression in CD4⁺ T cell","PD1 cell surface activation marker expression","4","Functionally normal","","","NA","CRISPR-Based Genome Editing","Base editing","38093011"
"NM_001145306.2(CDK6):c.42A>G (p.Glu14=)","chr7","92833282","T/C","CDK6","-0.097","dataset0325","Synonymous","Neutral to the PD1 cell surface activation marker expression in CD4⁺ T cell","PD1 cell surface activation marker expression","4","Functionally normal","","6.21616e-07","NA","CRISPR-Based Genome Editing","Base editing","38093011"
"NM_001145306.2(CDK6):c.41A>G (p.Glu14Gly)","chr7","92833283","T/C","CDK6","-0.097","dataset0325","Missense","Neutral to the PD1 cell surface activation marker expression in CD4⁺ T cell","PD1 cell surface activation marker expression","4","Functionally normal","","","NA","CRISPR-Based Genome Editing","Base editing","38093011"
"NM_001145306.2(CDK6):c.40G>A (p.Glu14Lys)","chr7","92833284","C/T","CDK6","-0.061","dataset0325","Missense","Neutral to the PD1 cell surface activation marker expression in CD4⁺ T cell","PD1 cell surface activation marker expression","10","Functionally normal","","2.48674e-06","NA","CRISPR-Based Genome Editing","Base editing","38093011"
"NM_001145306.2(CDK6):c.39C>T (p.Tyr13=)","chr7","92833285","G/A","CDK6","-0.009","dataset0325","Synonymous","Neutral to the PD1 cell surface activation marker expression in CD4⁺ T cell","PD1 cell surface activation marker expression","4","Functionally normal","","0.000308457","NA","CRISPR-Based Genome Editing","Base editing","38093011"
"NM_001145306.2(CDK6):c.37T>C (p.Tyr13His)","chr7","92833287","A/G","CDK6","-0.084","dataset0325","Missense","Neutral to the PD1 cell surface activation marker expression in CD4⁺ T cell","PD1 cell surface activation marker expression","4","Functionally normal","","","NA","CRISPR-Based Genome Editing","Base editing","38093011"
"NM_001145306.2(CDK6):c.36G>A (p.Gln12=)","chr7","92833288","C/T","CDK6","-0.001","dataset0325","Synonymous","Neutral to the PD1 cell surface activation marker expression in CD4⁺ T cell","PD1 cell surface activation marker expression","10","Functionally normal","","","NA","CRISPR-Based Genome Editing","Base editing","38093011"
"NM_001145306.2(CDK6):c.35A>G (p.Gln12Arg)","chr7","92833289","T/C","CDK6","0.148","dataset0325","Missense","Neutral to the PD1 cell surface activation marker expression in CD4⁺ T cell","PD1 cell surface activation marker expression","4","Functionally normal","","","NA","CRISPR-Based Genome Editing","Base editing","38093011"
"NM_001145306.2(CDK6):c.34C>T (p.Gln12Ter)","chr7","92833290","G/A","CDK6","0.153","dataset0325","Nonsense","Neutral to the PD1 cell surface activation marker expression in CD4⁺ T cell","PD1 cell surface activation marker expression","4","Functionally normal","","","ucec:0.2% (1/529):0.410","CRISPR-Based Genome Editing","Base editing","38093011"
"NM_001145306.2(CDK6):c.33G>A (p.Gln11=)","chr7","92833291","C/T","CDK6","-0.001","dataset0325","Synonymous","Neutral to the PD1 cell surface activation marker expression in CD4⁺ T cell","PD1 cell surface activation marker expression","4","Functionally normal","","","NA","CRISPR-Based Genome Editing","Base editing","38093011"
"NM_001145306.2(CDK6):c.32A>G (p.Gln11Arg)","chr7","92833292","T/C","CDK6","-0.092","dataset0325","Missense","Neutral to the PD1 cell surface activation marker expression in CD4⁺ T cell","PD1 cell surface activation marker expression","4","Functionally normal","","1.24494e-06","NA","CRISPR-Based Genome Editing","Base editing","38093011"
"NM_001145306.2(CDK6):c.31C>T (p.Gln11Ter)","chr7","92833293","G/A","CDK6","0.153","dataset0325","Nonsense","Neutral to the PD1 cell surface activation marker expression in CD4⁺ T cell","PD1 cell surface activation marker expression","10","Functionally normal","","6.22781e-07","NA","CRISPR-Based Genome Editing","Base editing","38093011"
"NM_001145306.2(CDK6):c.30C>T (p.Asp10=)","chr7","92833294","G/A","CDK6","0.153","dataset0325","Synonymous","Neutral to the PD1 cell surface activation marker expression in CD4⁺ T cell","PD1 cell surface activation marker expression","10","Functionally normal","","","NA","CRISPR-Based Genome Editing","Base editing","38093011"
"NM_001145306.2(CDK6):c.14G>A (p.Gly5Asp)","chr7","92833310","C/T","CDK6","-0.076","dataset0325","Missense","Neutral to the PD1 cell surface activation marker expression in CD4⁺ T cell","PD1 cell surface activation marker expression","4","Functionally normal","","6.27627e-07","NA","CRISPR-Based Genome Editing","Base editing","38093011"
"NM_001145306.2(CDK6):c.13G>A (p.Gly5Ser)","chr7","92833311","C/T","CDK6","-0.076","dataset0325","Missense","Neutral to the PD1 cell surface activation marker expression in CD4⁺ T cell","PD1 cell surface activation marker expression","4","Functionally normal","","3.7657e-06","NA","CRISPR-Based Genome Editing","Base editing","38093011"
"NM_001145306.2(CDK6):c.10G>A (p.Asp4Asn)","chr7","92833314","C/T","CDK6","-0.076","dataset0325","Missense","Neutral to the PD1 cell surface activation marker expression in CD4⁺ T cell","PD1 cell surface activation marker expression","10","Functionally normal","","","NA","CRISPR-Based Genome Editing","Base editing","38093011"
"NM_001145306.2(CDK6):c.9G>A (p.Lys3=)","chr7","92833315","C/T","CDK6","-0.076","dataset0325","Synonymous","Neutral to the PD1 cell surface activation marker expression in CD4⁺ T cell","PD1 cell surface activation marker expression","10","Functionally normal","","6.2959e-07","NA","CRISPR-Based Genome Editing","Base editing","38093011"
"NM_001145306.2(CDK6):c.6G>A (p.Glu2=)","chr7","92833318","C/T","CDK6","-0.076","dataset0325","Synonymous","Neutral to the PD1 cell surface activation marker expression in CD4⁺ T cell","PD1 cell surface activation marker expression","4","Functionally normal","","6.31157e-07","NA","CRISPR-Based Genome Editing","Base editing","38093011"
"NM_001145306.2(CDK6):c.4G>A (p.Glu2Lys)","chr7","92833320","C/T","CDK6","-0.076","dataset0325","Missense","Neutral to the PD1 cell surface activation marker expression in CD4⁺ T cell","PD1 cell surface activation marker expression","4","Functionally normal","","","NA","CRISPR-Based Genome Editing","Base editing","38093011"
"NM_001145306.2(CDK6):c.3G>A (p.Met1?)","chr7","92833321","C/T","CDK6","-0.076","dataset0325","Start_lost","Neutral to the PD1 cell surface activation marker expression in CD4⁺ T cell","PD1 cell surface activation marker expression","4","Functionally normal","","","NA","CRISPR-Based Genome Editing","Base editing","38093011"
"NM_001145306.2(CDK6):c.976G>A (p.Ala326Thr)","chr7","92615145","C/T","CDK6","0.033","dataset0326","Missense","Neutral to the TNFa cytokine expression in CD4⁺ T cell","TNFa cytokine expression","4","Functionally normal","","","NA","CRISPR-Based Genome Editing","Base editing","38093011"
"NM_001145306.2(CDK6):c.969G>A (p.Leu323=)","chr7","92615152","C/T","CDK6","0.009","dataset0326","Synonymous","Neutral to the TNFa cytokine expression in CD4⁺ T cell","TNFa cytokine expression","10","Functionally normal","","8.67526e-06","NA","CRISPR-Based Genome Editing","Base editing","38093011"
"NM_001145306.2(CDK6):c.968T>C (p.Leu323Pro)","chr7","92615153","A/G","CDK6","-0.106","dataset0326","Missense","Neutral to the TNFa cytokine expression in CD4⁺ T cell","TNFa cytokine expression","4","Functionally normal","","","NA","CRISPR-Based Genome Editing","Base editing","38093011"
"NM_001145306.2(CDK6):c.967C>T (p.Leu323=)","chr7","92615154","G/A","CDK6","0.074","dataset0326","Synonymous","Neutral to the TNFa cytokine expression in CD4⁺ T cell","TNFa cytokine expression","4","Functionally normal","","","NA","CRISPR-Based Genome Editing","Base editing","38093011"
"NM_001145306.2(CDK6):c.966G>A (p.Glu322=)","chr7","92615155","C/T","CDK6","-0.007","dataset0326","Synonymous","Neutral to the TNFa cytokine expression in CD4⁺ T cell","TNFa cytokine expression","4","Functionally normal","","6.19655e-07","NA","CRISPR-Based Genome Editing","Base editing","38093011"
"NM_001145306.2(CDK6):c.965A>G (p.Glu322Gly)","chr7","92615156","T/C","CDK6","-0.082","dataset0326","Missense","Neutral to the TNFa cytokine expression in CD4⁺ T cell","TNFa cytokine expression","4","Functionally normal","","1.54923e-05","NA","CRISPR-Based Genome Editing","Base editing","38093011"
"NM_001145306.2(CDK6):c.964G>A (p.Glu322Lys)","chr7","92615157","C/T","CDK6","0.02","dataset0326","Missense","Neutral to the TNFa cytokine expression in CD4⁺ T cell","TNFa cytokine expression","10","Functionally normal","","","NA","CRISPR-Based Genome Editing","Base editing","38093011"
"NM_001145306.2(CDK6):c.963G>A (p.Ser321=)","chr7","92615158","C/T","CDK6","0.02","dataset0326","Synonymous","Neutral to the TNFa cytokine expression in CD4⁺ T cell","TNFa cytokine expression","10","Functionally normal","","2.41677e-05","NA","CRISPR-Based Genome Editing","Base editing","38093011"
"NM_001145306.2(CDK6):c.962C>T (p.Ser321Leu)","chr7","92615159","G/A","CDK6","0.074","dataset0326","Missense","Neutral to the TNFa cytokine expression in CD4⁺ T cell","TNFa cytokine expression","4","Functionally normal","","4.95725e-06","NA","CRISPR-Based Genome Editing","Base editing","38093011"
"NM_001145306.2(CDK6):c.961T>C (p.Ser321Pro)","chr7","92615160","A/G","CDK6","-0.026","dataset0326","Missense","Neutral to the TNFa cytokine expression in CD4⁺ T cell","TNFa cytokine expression","4","Functionally normal","","","NA","CRISPR-Based Genome Editing","Base editing","38093011"
"NM_001145306.2(CDK6):c.954G>A (p.Gln318=)","chr7","92615167","C/T","CDK6","0.022","dataset0326","Synonymous","Neutral to the TNFa cytokine expression in CD4⁺ T cell","TNFa cytokine expression","10","Functionally normal","","","NA","CRISPR-Based Genome Editing","Base editing","38093011"
"NM_001145306.2(CDK6):c.952C>T (p.Gln318Ter)","chr7","92615169","G/A","CDK6","0.088","dataset0326","Nonsense","Neutral to the TNFa cytokine expression in CD4⁺ T cell","TNFa cytokine expression","4","Functionally normal","","","NA","CRISPR-Based Genome Editing","Base editing","38093011"
"NM_001145306.2(CDK6):c.951C>T (p.Ser317=)","chr7","92615170","G/A","CDK6","0.088","dataset0326","Synonymous","Neutral to the TNFa cytokine expression in CD4⁺ T cell","TNFa cytokine expression","4","Functionally normal","","6.19564e-07","NA","CRISPR-Based Genome Editing","Base editing","38093011"
"NM_001145306.2(CDK6):c.949A>G (p.Ser317Gly)","chr7","92615172","T/C","CDK6","-0.11","dataset0326","Missense","Neutral to the TNFa cytokine expression in CD4⁺ T cell","TNFa cytokine expression","4","Functionally normal","","","NA","CRISPR-Based Genome Editing","Base editing","38093011"
"NM_001145306.2(CDK6):c.948C>T (p.Pro316=)","chr7","92615173","G/A","CDK6","0.088","dataset0326","Synonymous","Neutral to the TNFa cytokine expression in CD4⁺ T cell","TNFa cytokine expression","4","Functionally normal","","6.19564e-06","NA","CRISPR-Based Genome Editing","Base editing","38093011"
"NM_001145306.2(CDK6):c.947C>T (p.Pro316Leu)","chr7","92615174","G/A","CDK6","0.088","dataset0326","Missense","Neutral to the TNFa cytokine expression in CD4⁺ T cell","TNFa cytokine expression","4","Functionally normal","","","NA","CRISPR-Based Genome Editing","Base editing","38093011"
"NM_001145306.2(CDK6):c.946C>T (p.Pro316Ser)","chr7","92615175","G/A","CDK6","0.088","dataset0326","Missense","Neutral to the TNFa cytokine expression in CD4⁺ T cell","TNFa cytokine expression","4","Functionally normal","","","NA","CRISPR-Based Genome Editing","Base editing","38093011"
"NM_001145306.2(CDK6):c.945G>A (p.Pro315=)","chr7","92615176","C/T","CDK6","0.047","dataset0326","Synonymous","Neutral to the TNFa cytokine expression in CD4⁺ T cell","TNFa cytokine expression","4","Functionally normal","Likely benign","3.47007e-05","NA","CRISPR-Based Genome Editing","Base editing","38093011"
"NM_001145306.2(CDK6):c.944C>T (p.Pro315Leu)","chr7","92615177","G/A","CDK6","0.088","dataset0326","Missense","Neutral to the TNFa cytokine expression in CD4⁺ T cell","TNFa cytokine expression","4","Functionally normal","","4.33693e-06","NA","CRISPR-Based Genome Editing","Base editing","38093011"
"NM_001145306.2(CDK6):c.943C>T (p.Pro315Ser)","chr7","92615178","G/A","CDK6","0.088","dataset0326","Missense","Neutral to the TNFa cytokine expression in CD4⁺ T cell","TNFa cytokine expression","4","Functionally normal","","1.2392e-06","NA","CRISPR-Based Genome Editing","Base editing","38093011"
"NM_001145306.2(CDK6):c.942G>A (p.Leu314=)","chr7","92615179","C/T","CDK6","-0.073","dataset0326","Synonymous","Neutral to the TNFa cytokine expression in CD4⁺ T cell","TNFa cytokine expression","4","Functionally normal","","","NA","CRISPR-Based Genome Editing","Base editing","38093011"
"NM_001145306.2(CDK6):c.922G>A (p.Glu308Lys)","chr7","92615199","C/T","CDK6","0.013","dataset0326","Missense","Neutral to the TNFa cytokine expression in CD4⁺ T cell","TNFa cytokine expression","4","Functionally normal","","6.19516e-07","NA","CRISPR-Based Genome Editing","Base editing","38093011"
"NM_001145306.2(CDK6):c.918C>T (p.Cys306=)","chr7","92615203","G/A","CDK6","-0.037","dataset0326","Synonymous","Neutral to the TNFa cytokine expression in CD4⁺ T cell","TNFa cytokine expression","4","Functionally normal","","","NA","CRISPR-Based Genome Editing","Base editing","38093011"
"NM_001145306.2(CDK6):c.917G>A (p.Cys306Tyr)","chr7","92615204","C/T","CDK6","0.013","dataset0326","Missense","Neutral to the TNFa cytokine expression in CD4⁺ T cell","TNFa cytokine expression","4","Functionally normal","","","NA","CRISPR-Based Genome Editing","Base editing","38093011"
"NM_001145306.2(CDK6):c.916T>C (p.Cys306Arg)","chr7","92615205","A/G","CDK6","-0.005","dataset0326","Missense","Neutral to the TNFa cytokine expression in CD4⁺ T cell","TNFa cytokine expression","4","Functionally normal","","","NA","CRISPR-Based Genome Editing","Base editing","38093011"
"NM_001145306.2(CDK6):c.915G>A (p.Arg305=)","chr7","92615206","C/T","CDK6","0.096","dataset0326","Synonymous","Neutral to the TNFa cytokine expression in CD4⁺ T cell","TNFa cytokine expression","10","Functionally normal","","","NA","CRISPR-Based Genome Editing","Base editing","38093011"
"NM_001145306.2(CDK6):c.914G>A (p.Arg305Lys)","chr7","92615207","C/T","CDK6","-0.184","dataset0326","Missense","Neutral to the TNFa cytokine expression in CD4⁺ T cell","TNFa cytokine expression","4","Functionally normal","","","NA","CRISPR-Based Genome Editing","Base editing","38093011"
"NM_001145306.2(CDK6):c.913A>G (p.Arg305Gly)","chr7","92615208","T/C","CDK6","-0.135","dataset0326","Missense","Neutral to the TNFa cytokine expression in CD4⁺ T cell","TNFa cytokine expression","4","Functionally normal","","","NA","CRISPR-Based Genome Editing","Base editing","38093011"
"NM_001145306.2(CDK6):c.912A>G (p.Glu304=)","chr7","92615209","T/C","CDK6","-0.135","dataset0326","Synonymous","Neutral to the TNFa cytokine expression in CD4⁺ T cell","TNFa cytokine expression","4","Functionally normal","","","NA","CRISPR-Based Genome Editing","Base editing","38093011"
"NM_001145306.2(CDK6):c.911A>G (p.Glu304Gly)","chr7","92615210","T/C","CDK6","-0.135","dataset0326","Missense","Neutral to the TNFa cytokine expression in CD4⁺ T cell","TNFa cytokine expression","4","Functionally normal","","","NA","CRISPR-Based Genome Editing","Base editing","38093011"
"NM_001145306.2(CDK6):c.910G>A (p.Glu304Lys)","chr7","92615211","C/T","CDK6","0.026","dataset0326","Missense","Neutral to the TNFa cytokine expression in CD4⁺ T cell","TNFa cytokine expression","10","Functionally normal","","0","NA","CRISPR-Based Genome Editing","Base editing","38093011"
"NM_001145306.2(CDK6):c.908T>C (p.Leu303Pro)","chr7","92615213","A/G","CDK6","-0.052","dataset0326","Missense","Neutral to the TNFa cytokine expression in CD4⁺ T cell","TNFa cytokine expression","4","Functionally normal","","","NA","CRISPR-Based Genome Editing","Base editing","38093011"
"NM_001145306.2(CDK6):c.903G>A (p.Gln301=)","chr7","92615218","C/T","CDK6","0.112","dataset0326","Synonymous","Neutral to the TNFa cytokine expression in CD4⁺ T cell","TNFa cytokine expression","4","Functionally normal","","","NA","CRISPR-Based Genome Editing","Base editing","38093011"
"NM_001145306.2(CDK6):c.901C>T (p.Gln301Ter)","chr7","92615220","G/A","CDK6","-0.237","dataset0326","Nonsense","The diminished TNFa cytokine expression in CD4⁺ T cell","TNFa cytokine expression","4","Loss-of-function","","6.19516e-07","NA","CRISPR-Based Genome Editing","Base editing","38093011"
"NM_001145306.2(CDK6):c.900C>T (p.Phe300=)","chr7","92615221","G/A","CDK6","0.112","dataset0326","Synonymous","Neutral to the TNFa cytokine expression in CD4⁺ T cell","TNFa cytokine expression","10","Functionally normal","","","NA","CRISPR-Based Genome Editing","Base editing","38093011"
"NM_001145306.2(CDK6):c.899T>C (p.Phe300Ser)","chr7","92615222","A/G","CDK6","0.664","dataset0326","Missense","The enhanced TNFa cytokine expression in CD4⁺ T cell","TNFa cytokine expression","4","Gain-of-function","","","NA","CRISPR-Based Genome Editing","Base editing","38093011"
"NM_001145306.2(CDK6):c.898T>C (p.Phe300Leu)","chr7","92615223","A/G","CDK6","0.664","dataset0326","Missense","The enhanced TNFa cytokine expression in CD4⁺ T cell","TNFa cytokine expression","4","Gain-of-function","","","NA","CRISPR-Based Genome Editing","Base editing","38093011"
"NM_001145306.2(CDK6):c.897C>T (p.Tyr299=)","chr7","92615224","G/A","CDK6","0.112","dataset0326","Synonymous","Neutral to the TNFa cytokine expression in CD4⁺ T cell","TNFa cytokine expression","10","Functionally normal","","","NA","CRISPR-Based Genome Editing","Base editing","38093011"
"NM_001145306.2(CDK6):c.896A>G (p.Tyr299Cys)","chr7","92615225","T/C","CDK6","0.032","dataset0326","Missense","Neutral to the TNFa cytokine expression in CD4⁺ T cell","TNFa cytokine expression","4","Functionally normal","","","NA","CRISPR-Based Genome Editing","Base editing","38093011"
"NM_001145306.2(CDK6):c.894A>G (p.Pro298=)","chr7","92615227","T/C","CDK6","-0.075","dataset0326","Synonymous","Neutral to the TNFa cytokine expression in CD4⁺ T cell","TNFa cytokine expression","4","Functionally normal","Likely benign","7.18629e-05","NA","CRISPR-Based Genome Editing","Base editing","38093011"
"NM_001145306.2(CDK6):c.893C>T (p.Pro298Leu)","chr7","92615228","G/A","CDK6","0.101","dataset0326","Missense","Neutral to the TNFa cytokine expression in CD4⁺ T cell","TNFa cytokine expression","4","Functionally normal","","","NA","CRISPR-Based Genome Editing","Base editing","38093011"
"NM_001145306.2(CDK6):c.890A>G (p.His297Arg)","chr7","92615231","T/C","CDK6","-0.075","dataset0326","Missense","Neutral to the TNFa cytokine expression in CD4⁺ T cell","TNFa cytokine expression","4","Functionally normal","","","NA","CRISPR-Based Genome Editing","Base editing","38093011"
"NM_001145306.2(CDK6):c.888T>C (p.Ser296=)","chr7","92615233","A/G","CDK6","0.125","dataset0326","Synonymous","Neutral to the TNFa cytokine expression in CD4⁺ T cell","TNFa cytokine expression","4","Functionally normal","","1.85852e-06","NA","CRISPR-Based Genome Editing","Base editing","38093011"
"NM_001145306.2(CDK6):c.885G>A (p.Leu295=)","chr7","92615236","C/T","CDK6","0.063","dataset0326","Synonymous","Neutral to the TNFa cytokine expression in CD4⁺ T cell","TNFa cytokine expression","4","Functionally normal","","","NA","CRISPR-Based Genome Editing","Base editing","38093011"
"NM_001145306.2(CDK6):c.878G>A (p.Ser293Asn)","chr7","92615243","C/T","CDK6","-0.183","dataset0326","Missense","Neutral to the TNFa cytokine expression in CD4⁺ T cell","TNFa cytokine expression","4","Functionally normal","","6.19546e-07","NA","CRISPR-Based Genome Editing","Base editing","38093011"
"NM_001145306.2(CDK6):c.874T>C (p.Tyr292His)","chr7","92615247","A/G","CDK6","-0.17","dataset0326","Missense","Neutral to the TNFa cytokine expression in CD4⁺ T cell","TNFa cytokine expression","4","Functionally normal","","","NA","CRISPR-Based Genome Editing","Base editing","38093011"
"NM_001145306.2(CDK6):c.871G>A (p.Ala291Thr)","chr7","92615250","C/T","CDK6","0.096","dataset0326","Missense","Neutral to the TNFa cytokine expression in CD4⁺ T cell","TNFa cytokine expression","4","Functionally normal","","","ucec:0.2% (1/529):0.500","CRISPR-Based Genome Editing","Base editing","38093011"
"NM_001145306.2(CDK6):c.870T>C (p.Ser290=)","chr7","92615251","A/G","CDK6","-0.036","dataset0326","Synonymous","Neutral to the TNFa cytokine expression in CD4⁺ T cell","TNFa cytokine expression","4","Functionally normal","","","NA","CRISPR-Based Genome Editing","Base editing","38093011"
"NM_001145306.2(CDK6):c.868T>C (p.Ser290Pro)","chr7","92615253","A/G","CDK6","-0.036","dataset0326","Missense","Neutral to the TNFa cytokine expression in CD4⁺ T cell","TNFa cytokine expression","4","Functionally normal","","6.19528e-07","NA","CRISPR-Based Genome Editing","Base editing","38093011"
"NM_001145306.2(CDK6):c.825C>T (p.Asp275=)","chr7","92618081","G/A","CDK6","0.017","dataset0326","Synonymous","Neutral to the TNFa cytokine expression in CD4⁺ T cell","TNFa cytokine expression","4","Functionally normal","","","NA","CRISPR-Based Genome Editing","Base editing","38093011"
"NM_001145306.2(CDK6):c.820A>G (p.Lys274Glu)","chr7","92618086","T/C","CDK6","0.026","dataset0326","Missense","Neutral to the TNFa cytokine expression in CD4⁺ T cell","TNFa cytokine expression","4","Functionally normal","","6.19537e-07","NA","CRISPR-Based Genome Editing","Base editing","38093011"
"NM_001145306.2(CDK6):c.819C>T (p.Gly273=)","chr7","92618087","G/A","CDK6","0.017","dataset0326","Synonymous","Neutral to the TNFa cytokine expression in CD4⁺ T cell","TNFa cytokine expression","4","Functionally normal","","","NA","CRISPR-Based Genome Editing","Base editing","38093011"
"NM_001145306.2(CDK6):c.816A>G (p.Leu272=)","chr7","92618090","T/C","CDK6","0.026","dataset0326","Synonymous","Neutral to the TNFa cytokine expression in CD4⁺ T cell","TNFa cytokine expression","4","Functionally normal","","1.23915e-06","NA","CRISPR-Based Genome Editing","Base editing","38093011"
"NM_001145306.2(CDK6):c.814C>T (p.Leu272=)","chr7","92618092","G/A","CDK6","0.017","dataset0326","Synonymous","Neutral to the TNFa cytokine expression in CD4⁺ T cell","TNFa cytokine expression","4","Functionally normal","","","NA","CRISPR-Based Genome Editing","Base editing","38093011"
"NM_001145306.2(CDK6):c.807C>T (p.Ile269=)","chr7","92618099","G/A","CDK6","0.103","dataset0326","Synonymous","Neutral to the TNFa cytokine expression in CD4⁺ T cell","TNFa cytokine expression","4","Functionally normal","","2.47822e-06","NA","CRISPR-Based Genome Editing","Base editing","38093011"
"NM_001145306.2(CDK6):c.803A>G (p.Asp268Gly)","chr7","92618103","T/C","CDK6","-0.038","dataset0326","Missense","Neutral to the TNFa cytokine expression in CD4⁺ T cell","TNFa cytokine expression","4","Functionally normal","","6.19517e-07","NA","CRISPR-Based Genome Editing","Base editing","38093011"
"NM_001145306.2(CDK6):c.802G>A (p.Asp268Asn)","chr7","92618104","C/T","CDK6","0.088","dataset0326","Missense","Neutral to the TNFa cytokine expression in CD4⁺ T cell","TNFa cytokine expression","4","Functionally normal","","","NA","CRISPR-Based Genome Editing","Base editing","38093011"
"NM_001145306.2(CDK6):c.801A>G (p.Thr267=)","chr7","92618105","T/C","CDK6","-0.038","dataset0326","Synonymous","Neutral to the TNFa cytokine expression in CD4⁺ T cell","TNFa cytokine expression","4","Functionally normal","","","NA","CRISPR-Based Genome Editing","Base editing","38093011"
"NM_001145306.2(CDK6):c.800C>T (p.Thr267Ile)","chr7","92618106","G/A","CDK6","0.103","dataset0326","Missense","Neutral to the TNFa cytokine expression in CD4⁺ T cell","TNFa cytokine expression","10","Functionally normal","","","NA","CRISPR-Based Genome Editing","Base editing","38093011"
"NM_001145306.2(CDK6):c.799A>G (p.Thr267Ala)","chr7","92618107","T/C","CDK6","-0.038","dataset0326","Missense","Neutral to the TNFa cytokine expression in CD4⁺ T cell","TNFa cytokine expression","4","Functionally normal","","","NA","CRISPR-Based Genome Editing","Base editing","38093011"
"NM_001145306.2(CDK6):c.798A>G (p.Val266=)","chr7","92618108","T/C","CDK6","-0.038","dataset0326","Synonymous","Neutral to the TNFa cytokine expression in CD4⁺ T cell","TNFa cytokine expression","4","Functionally normal","","","NA","CRISPR-Based Genome Editing","Base editing","38093011"
"NM_001145306.2(CDK6):c.797T>C (p.Val266Ala)","chr7","92618109","A/G","CDK6","-0.093","dataset0326","Missense","Neutral to the TNFa cytokine expression in CD4⁺ T cell","TNFa cytokine expression","4","Functionally normal","","","NA","CRISPR-Based Genome Editing","Base editing","38093011"
"NM_001145306.2(CDK6):c.796G>A (p.Val266Ile)","chr7","92618110","C/T","CDK6","0.007","dataset0326","Missense","Neutral to the TNFa cytokine expression in CD4⁺ T cell","TNFa cytokine expression","10","Functionally normal","","","NA","CRISPR-Based Genome Editing","Base editing","38093011"
"NM_001145306.2(CDK6):c.795T>C (p.Phe265=)","chr7","92618111","A/G","CDK6","0.015","dataset0326","Synonymous","Neutral to the TNFa cytokine expression in CD4⁺ T cell","TNFa cytokine expression","4","Functionally normal","","","NA","CRISPR-Based Genome Editing","Base editing","38093011"
"NM_001145306.2(CDK6):c.794T>C (p.Phe265Ser)","chr7","92618112","A/G","CDK6","0.015","dataset0326","Missense","Neutral to the TNFa cytokine expression in CD4⁺ T cell","TNFa cytokine expression","4","Functionally normal","","","NA","CRISPR-Based Genome Editing","Base editing","38093011"
"NM_001145306.2(CDK6):c.793T>C (p.Phe265Leu)","chr7","92618113","A/G","CDK6","0.015","dataset0326","Missense","Neutral to the TNFa cytokine expression in CD4⁺ T cell","TNFa cytokine expression","4","Functionally normal","","","NA","CRISPR-Based Genome Editing","Base editing","38093011"
"NM_001145306.2(CDK6):c.792G>A (p.Lys264=)","chr7","92618114","C/T","CDK6","0.007","dataset0326","Synonymous","Neutral to the TNFa cytokine expression in CD4⁺ T cell","TNFa cytokine expression","10","Functionally normal","","6.19516e-07","NA","CRISPR-Based Genome Editing","Base editing","38093011"
"NM_001145306.2(CDK6):c.766T>C (p.Ser256Pro)","chr7","92618140","A/G","CDK6","-0.047","dataset0326","Missense","Neutral to the TNFa cytokine expression in CD4⁺ T cell","TNFa cytokine expression","4","Functionally normal","","","NA","CRISPR-Based Genome Editing","Base editing","38093011"
"NM_001145306.2(CDK6):c.765T>C (p.His255=)","chr7","92618141","A/G","CDK6","-0.047","dataset0326","Synonymous","Neutral to the TNFa cytokine expression in CD4⁺ T cell","TNFa cytokine expression","4","Functionally normal","","1.85852e-06","NA","CRISPR-Based Genome Editing","Base editing","38093011"
"NM_001145306.2(CDK6):c.762T>C (p.Phe254=)","chr7","92618144","A/G","CDK6","0.09","dataset0326","Synonymous","Neutral to the TNFa cytokine expression in CD4⁺ T cell","TNFa cytokine expression","4","Functionally normal","","","NA","CRISPR-Based Genome Editing","Base editing","38093011"
"NM_001145306.2(CDK6):c.761T>C (p.Phe254Ser)","chr7","92618145","A/G","CDK6","0.09","dataset0326","Missense","Neutral to the TNFa cytokine expression in CD4⁺ T cell","TNFa cytokine expression","4","Functionally normal","","","NA","CRISPR-Based Genome Editing","Base editing","38093011"
"NM_001145306.2(CDK6):c.760T>C (p.Phe254Leu)","chr7","92618146","A/G","CDK6","0.09","dataset0326","Missense","Neutral to the TNFa cytokine expression in CD4⁺ T cell","TNFa cytokine expression","4","Functionally normal","","","NA","CRISPR-Based Genome Editing","Base editing","38093011"
"NM_001145306.2(CDK6):c.759T>C (p.Ala253=)","chr7","92618147","A/G","CDK6","0.09","dataset0326","Synonymous","Neutral to the TNFa cytokine expression in CD4⁺ T cell","TNFa cytokine expression","4","Functionally normal","","1.23911e-06","NA","CRISPR-Based Genome Editing","Base editing","38093011"
"NM_001145306.2(CDK6):c.757G>A (p.Ala253Thr)","chr7","92618149","C/T","CDK6","0.157","dataset0326","Missense","Neutral to the TNFa cytokine expression in CD4⁺ T cell","TNFa cytokine expression","4","Functionally normal","","6.1955e-07","NA","CRISPR-Based Genome Editing","Base editing","38093011"
"NM_001145306.2(CDK6):c.756G>A (p.Gln252=)","chr7","92618150","C/T","CDK6","0.157","dataset0326","Synonymous","Neutral to the TNFa cytokine expression in CD4⁺ T cell","TNFa cytokine expression","4","Functionally normal","","6.1951e-07","NA","CRISPR-Based Genome Editing","Base editing","38093011"
"NM_001145306.2(CDK6):c.753G>A (p.Arg251=)","chr7","92618153","C/T","CDK6","-0.13","dataset0326","Synonymous","Neutral to the TNFa cytokine expression in CD4⁺ T cell","TNFa cytokine expression","4","Functionally normal","","6.19578e-07","NA","CRISPR-Based Genome Editing","Base editing","38093011"
"NM_001145306.2(CDK6):c.752G>A (p.Arg251Lys)","chr7","92618154","C/T","CDK6","0.074","dataset0326","Missense","Neutral to the TNFa cytokine expression in CD4⁺ T cell","TNFa cytokine expression","4","Functionally normal","","6.19516e-07","NA","CRISPR-Based Genome Editing","Base editing","38093011"
"NM_001145306.2(CDK6):c.747T>C (p.Leu249=)","chr7","92618159","A/G","CDK6","0.24","dataset0326","Synonymous","The enhanced TNFa cytokine expression in CD4⁺ T cell","TNFa cytokine expression","4","Gain-of-function","","","NA","CRISPR-Based Genome Editing","Base editing","38093011"
"NM_001145306.2(CDK6):c.746T>C (p.Leu249Pro)","chr7","92618160","A/G","CDK6","0.24","dataset0326","Missense","The enhanced TNFa cytokine expression in CD4⁺ T cell","TNFa cytokine expression","4","Gain-of-function","","","NA","CRISPR-Based Genome Editing","Base editing","38093011"
"NM_001145306.2(CDK6):c.745C>T (p.Leu249Phe)","chr7","92618161","G/A","CDK6","0.066","dataset0326","Missense","Neutral to the TNFa cytokine expression in CD4⁺ T cell","TNFa cytokine expression","4","Functionally normal","","","NA","CRISPR-Based Genome Editing","Base editing","38093011"
"NM_001145306.2(CDK6):c.744C>T (p.Ala248=)","chr7","92618162","G/A","CDK6","0.066","dataset0326","Synonymous","Neutral to the TNFa cytokine expression in CD4⁺ T cell","TNFa cytokine expression","4","Functionally normal","","","NA","CRISPR-Based Genome Editing","Base editing","38093011"
"NM_001145306.2(CDK6):c.743C>T (p.Ala248Val)","chr7","92618163","G/A","CDK6","-0.008","dataset0326","Missense","Neutral to the TNFa cytokine expression in CD4⁺ T cell","TNFa cytokine expression","4","Functionally normal","","","NA","CRISPR-Based Genome Editing","Base editing","38093011"
"NM_001145306.2(CDK6):c.742G>A (p.Ala248Thr)","chr7","92618164","C/T","CDK6","0.074","dataset0326","Missense","Neutral to the TNFa cytokine expression in CD4⁺ T cell","TNFa cytokine expression","4","Functionally normal","","","NA","CRISPR-Based Genome Editing","Base editing","38093011"
"NM_001145306.2(CDK6):c.737A>G (p.Asp246Gly)","chr7","92618169","T/C","CDK6","-0.1","dataset0326","Missense","Neutral to the TNFa cytokine expression in CD4⁺ T cell","TNFa cytokine expression","4","Functionally normal","","","NA","CRISPR-Based Genome Editing","Base editing","38093011"
"NM_001145306.2(CDK6):c.735A>G (p.Arg245=)","chr7","92618171","T/C","CDK6","0.16","dataset0326","Synonymous","Neutral to the TNFa cytokine expression in CD4⁺ T cell","TNFa cytokine expression","4","Functionally normal","","","NA","CRISPR-Based Genome Editing","Base editing","38093011"
"NM_001145306.2(CDK6):c.734G>A (p.Arg245Lys)","chr7","92618172","C/T","CDK6","-0.037","dataset0326","Missense","Neutral to the TNFa cytokine expression in CD4⁺ T cell","TNFa cytokine expression","4","Functionally normal","","","NA","CRISPR-Based Genome Editing","Base editing","38093011"
"NM_001145306.2(CDK6):c.733A>G (p.Arg245Gly)","chr7","92618173","T/C","CDK6","0.16","dataset0326","Missense","Neutral to the TNFa cytokine expression in CD4⁺ T cell","TNFa cytokine expression","4","Functionally normal","","6.19543e-07","NA","CRISPR-Based Genome Editing","Base editing","38093011"
"NM_001145306.2(CDK6):c.732T>C (p.Pro244=)","chr7","92618174","A/G","CDK6","-0.072","dataset0326","Synonymous","Neutral to the TNFa cytokine expression in CD4⁺ T cell","TNFa cytokine expression","4","Functionally normal","","","NA","CRISPR-Based Genome Editing","Base editing","38093011"
"NM_001145306.2(CDK6):c.729G>A (p.Trp243Ter)","chr7","92618177","C/T","CDK6","0.478","dataset0326","Nonsense","The enhanced TNFa cytokine expression in CD4⁺ T cell","TNFa cytokine expression","4","Gain-of-function","","","NA","CRISPR-Based Genome Editing","Base editing","38093011"
"NM_001145306.2(CDK6):c.728G>A (p.Trp243Ter)","chr7","92618178","C/T","CDK6","0.478","dataset0326","Nonsense","The enhanced TNFa cytokine expression in CD4⁺ T cell","TNFa cytokine expression","10","Gain-of-function","","","NA","CRISPR-Based Genome Editing","Base editing","38093011"
"NM_001145306.2(CDK6):c.727T>C (p.Trp243Arg)","chr7","92618179","A/G","CDK6","0.54","dataset0326","Missense","The enhanced TNFa cytokine expression in CD4⁺ T cell","TNFa cytokine expression","4","Gain-of-function","","6.1951e-07","NA","CRISPR-Based Genome Editing","Base editing","38093011"
"NM_001145306.2(CDK6):c.724G>A (p.Asp242Asn)","chr7","92618182","C/T","CDK6","0.478","dataset0326","Missense","The enhanced TNFa cytokine expression in CD4⁺ T cell","TNFa cytokine expression","4","Gain-of-function","","","NA","CRISPR-Based Genome Editing","Base editing","38093011"
"NM_001145306.2(CDK6):c.714A>G (p.Pro238=)","chr7","92618192","T/C","CDK6","-0.12","dataset0326","Synonymous","Neutral to the TNFa cytokine expression in CD4⁺ T cell","TNFa cytokine expression","4","Functionally normal","","","NA","CRISPR-Based Genome Editing","Base editing","38093011"
"NM_001145306.2(CDK6):c.713C>T (p.Pro238Leu)","chr7","92618193","G/A","CDK6","-0.053","dataset0326","Missense","Neutral to the TNFa cytokine expression in CD4⁺ T cell","TNFa cytokine expression","4","Functionally normal","","","NA","CRISPR-Based Genome Editing","Base editing","38093011"
"NM_001145306.2(CDK6):c.712C>T (p.Pro238Ser)","chr7","92618194","G/A","CDK6","-0.053","dataset0326","Missense","Neutral to the TNFa cytokine expression in CD4⁺ T cell","TNFa cytokine expression","4","Functionally normal","","","NA","CRISPR-Based Genome Editing","Base editing","38093011"
"NM_001145306.2(CDK6):c.711C>T (p.Leu237=)","chr7","92618195","G/A","CDK6","-0.053","dataset0326","Synonymous","Neutral to the TNFa cytokine expression in CD4⁺ T cell","TNFa cytokine expression","10","Functionally normal","","","NA","CRISPR-Based Genome Editing","Base editing","38093011"
"NM_001145306.2(CDK6):c.709C>T (p.Leu237Phe)","chr7","92618197","G/A","CDK6","-0.053","dataset0326","Missense","Neutral to the TNFa cytokine expression in CD4⁺ T cell","TNFa cytokine expression","4","Functionally normal","","","NA","CRISPR-Based Genome Editing","Base editing","38093011"
"NM_001145306.2(CDK6):c.700G>A (p.Val234Met)","chr7","92618206","C/T","CDK6","0.353","dataset0326","Missense","The enhanced TNFa cytokine expression in CD4⁺ T cell","TNFa cytokine expression","4","Gain-of-function","Uncertain significance","8.05587e-06","blca:0.2% (1/411):0.250;stad:0.2% (1/440):0.110","CRISPR-Based Genome Editing","Base editing","38093011"
"NM_001145306.2(CDK6):c.699C>T (p.Asp233=)","chr7","92618207","G/A","CDK6","0.027","dataset0326","Splice site","Neutral to the TNFa cytokine expression in CD4⁺ T cell","TNFa cytokine expression","4","Functionally normal","","1.05349e-05","NA","CRISPR-Based Genome Editing","Base editing","38093011"
"NM_001145306.2(CDK6):c.682C>T (p.Leu228=)","chr7","92623052","G/A","CDK6","-0.038","dataset0326","Synonymous","Neutral to the TNFa cytokine expression in CD4⁺ T cell","TNFa cytokine expression","10","Functionally normal","","","NA","CRISPR-Based Genome Editing","Base editing","38093011"
"NM_001145306.2(CDK6):c.681A>G (p.Gln227=)","chr7","92623053","T/C","CDK6","0.198","dataset0326","Synonymous","Neutral to the TNFa cytokine expression in CD4⁺ T cell","TNFa cytokine expression","4","Functionally normal","","1.26064e-06","NA","CRISPR-Based Genome Editing","Base editing","38093011"
"NM_001145306.2(CDK6):c.680A>G (p.Gln227Arg)","chr7","92623054","T/C","CDK6","0.198","dataset0326","Missense","Neutral to the TNFa cytokine expression in CD4⁺ T cell","TNFa cytokine expression","4","Functionally normal","","6.30165e-07","NA","CRISPR-Based Genome Editing","Base editing","38093011"
"NM_001145306.2(CDK6):c.679C>T (p.Gln227Ter)","chr7","92623055","G/A","CDK6","-0.038","dataset0326","Nonsense","Neutral to the TNFa cytokine expression in CD4⁺ T cell","TNFa cytokine expression","10","Functionally normal","","","NA","CRISPR-Based Genome Editing","Base editing","38093011"
"NM_001145306.2(CDK6):c.677A>G (p.Asp226Gly)","chr7","92623057","T/C","CDK6","0.198","dataset0326","Missense","Neutral to the TNFa cytokine expression in CD4⁺ T cell","TNFa cytokine expression","4","Functionally normal","","6.30119e-07","NA","CRISPR-Based Genome Editing","Base editing","38093011"
"NM_001145306.2(CDK6):c.671A>G (p.Asp224Gly)","chr7","92623063","T/C","CDK6","0.201","dataset0326","Missense","Neutral to the TNFa cytokine expression in CD4⁺ T cell","TNFa cytokine expression","4","Functionally normal","","","NA","CRISPR-Based Genome Editing","Base editing","38093011"
"NM_001145306.2(CDK6):c.670G>A (p.Asp224Asn)","chr7","92623064","C/T","CDK6","0.222","dataset0326","Missense","The enhanced TNFa cytokine expression in CD4⁺ T cell","TNFa cytokine expression","4","Gain-of-function","","","NA","CRISPR-Based Genome Editing","Base editing","38093011"
"NM_001145306.2(CDK6):c.669A>G (p.Ser223=)","chr7","92623065","T/C","CDK6","0.201","dataset0326","Synonymous","Neutral to the TNFa cytokine expression in CD4⁺ T cell","TNFa cytokine expression","4","Functionally normal","","6.30107e-07","NA","CRISPR-Based Genome Editing","Base editing","38093011"
"NM_001145306.2(CDK6):c.668C>T (p.Ser223Leu)","chr7","92623066","G/A","CDK6","0.08","dataset0326","Missense","Neutral to the TNFa cytokine expression in CD4⁺ T cell","TNFa cytokine expression","10","Functionally normal","","0","NA","CRISPR-Based Genome Editing","Base editing","38093011"
"NM_001145306.2(CDK6):c.667T>C (p.Ser223Pro)","chr7","92623067","A/G","CDK6","-0.128","dataset0326","Missense","Neutral to the TNFa cytokine expression in CD4⁺ T cell","TNFa cytokine expression","4","Functionally normal","","","NA","CRISPR-Based Genome Editing","Base editing","38093011"
"NM_001145306.2(CDK6):c.666T>C (p.Ser222=)","chr7","92623068","A/G","CDK6","-0.128","dataset0326","Synonymous","Neutral to the TNFa cytokine expression in CD4⁺ T cell","TNFa cytokine expression","4","Functionally normal","","","NA","CRISPR-Based Genome Editing","Base editing","38093011"
"NM_001145306.2(CDK6):c.665G>A (p.Ser222Asn)","chr7","92623069","C/T","CDK6","0.222","dataset0326","Missense","The enhanced TNFa cytokine expression in CD4⁺ T cell","TNFa cytokine expression","10","Gain-of-function","","0","NA","CRISPR-Based Genome Editing","Base editing","38093011"
"NM_001145306.2(CDK6):c.662G>A (p.Gly221Glu)","chr7","92623072","C/T","CDK6","0.222","dataset0326","Missense","The enhanced TNFa cytokine expression in CD4⁺ T cell","TNFa cytokine expression","4","Gain-of-function","","","NA","CRISPR-Based Genome Editing","Base editing","38093011"
"NM_001145306.2(CDK6):c.661G>A (p.Gly221Arg)","chr7","92623073","C/T","CDK6","0.222","dataset0326","Missense","The enhanced TNFa cytokine expression in CD4⁺ T cell","TNFa cytokine expression","4","Gain-of-function","","","NA","CRISPR-Based Genome Editing","Base editing","38093011"
"NM_001145306.2(CDK6):c.659G>A (p.Arg220His)","chr7","92623075","C/T","CDK6","0.222","dataset0326","Missense","The enhanced TNFa cytokine expression in CD4⁺ T cell","TNFa cytokine expression","4","Gain-of-function","Uncertain significance","2.59197e-05","NA","CRISPR-Based Genome Editing","Base editing","38093011"
"NM_001145306.2(CDK6):c.652C>T (p.Leu218Phe)","chr7","92623082","G/A","CDK6","-0.088","dataset0326","Missense","Neutral to the TNFa cytokine expression in CD4⁺ T cell","TNFa cytokine expression","4","Functionally normal","","0","NA","CRISPR-Based Genome Editing","Base editing","38093011"
"NM_001145306.2(CDK6):c.650C>T (p.Pro217Leu)","chr7","92623084","G/A","CDK6","-0.088","dataset0326","Missense","Neutral to the TNFa cytokine expression in CD4⁺ T cell","TNFa cytokine expression","4","Functionally normal","","0","NA","CRISPR-Based Genome Editing","Base editing","38093011"
"NM_001145306.2(CDK6):c.649C>T (p.Pro217Ser)","chr7","92623085","G/A","CDK6","-0.088","dataset0326","Missense","Neutral to the TNFa cytokine expression in CD4⁺ T cell","TNFa cytokine expression","4","Functionally normal","","0","NA","CRISPR-Based Genome Editing","Base editing","38093011"
"NM_001145306.2(CDK6):c.617G>A (p.Gly206Asp)","chr7","92671456","C/T","CDK6","-0.059","dataset0326","Missense","Neutral to the TNFa cytokine expression in CD4⁺ T cell","TNFa cytokine expression","4","Functionally normal","","0","NA","CRISPR-Based Genome Editing","Base editing","38093011"
"NM_001145306.2(CDK6):c.616G>A (p.Gly206Ser)","chr7","92671457","C/T","CDK6","-0.098","dataset0326","Missense","Neutral to the TNFa cytokine expression in CD4⁺ T cell","TNFa cytokine expression","4","Functionally normal","","","NA","CRISPR-Based Genome Editing","Base editing","38093011"
"NM_001145306.2(CDK6):c.615T>C (p.Val205=)","chr7","92671458","A/G","CDK6","-0.148","dataset0326","Synonymous","Neutral to the TNFa cytokine expression in CD4⁺ T cell","TNFa cytokine expression","4","Functionally normal","","","NA","CRISPR-Based Genome Editing","Base editing","38093011"
"NM_001145306.2(CDK6):c.614T>C (p.Val205Ala)","chr7","92671459","A/G","CDK6","0.119","dataset0326","Missense","Neutral to the TNFa cytokine expression in CD4⁺ T cell","TNFa cytokine expression","4","Functionally normal","","","NA","CRISPR-Based Genome Editing","Base editing","38093011"
"NM_001145306.2(CDK6):c.613G>A (p.Val205Ile)","chr7","92671460","C/T","CDK6","-0.106","dataset0326","Missense","Neutral to the TNFa cytokine expression in CD4⁺ T cell","TNFa cytokine expression","10","Functionally normal","","1.9621e-05","NA","CRISPR-Based Genome Editing","Base editing","38093011"
"NM_001145306.2(CDK6):c.612T>C (p.Ser204=)","chr7","92671461","A/G","CDK6","0.012","dataset0326","Synonymous","Neutral to the TNFa cytokine expression in CD4⁺ T cell","TNFa cytokine expression","4","Functionally normal","","","NA","CRISPR-Based Genome Editing","Base editing","38093011"
"NM_001145306.2(CDK6):c.611G>A (p.Ser204Asn)","chr7","92671462","C/T","CDK6","0.526","dataset0326","Missense","The enhanced TNFa cytokine expression in CD4⁺ T cell","TNFa cytokine expression","10","Gain-of-function","","","NA","CRISPR-Based Genome Editing","Base editing","38093011"
"NM_001145306.2(CDK6):c.609G>A (p.Trp203Ter)","chr7","92671464","C/T","CDK6","0.526","dataset0326","Nonsense","The enhanced TNFa cytokine expression in CD4⁺ T cell","TNFa cytokine expression","10","Gain-of-function","","","NA","CRISPR-Based Genome Editing","Base editing","38093011"
"NM_001145306.2(CDK6):c.608G>A (p.Trp203Ter)","chr7","92671465","C/T","CDK6","0.526","dataset0326","Nonsense","The enhanced TNFa cytokine expression in CD4⁺ T cell","TNFa cytokine expression","4","Gain-of-function","","","NA","CRISPR-Based Genome Editing","Base editing","38093011"
"NM_001145306.2(CDK6):c.607T>C (p.Trp203Arg)","chr7","92671466","A/G","CDK6","0.612","dataset0326","Missense","The enhanced TNFa cytokine expression in CD4⁺ T cell","TNFa cytokine expression","4","Gain-of-function","","","NA","CRISPR-Based Genome Editing","Base editing","38093011"
"NM_001145306.2(CDK6):c.606C>T (p.Leu202=)","chr7","92671467","G/A","CDK6","0.209","dataset0326","Synonymous","The enhanced TNFa cytokine expression in CD4⁺ T cell","TNFa cytokine expression","4","Gain-of-function","","2.52685e-06","NA","CRISPR-Based Genome Editing","Base editing","38093011"
"NM_001145306.2(CDK6):c.605T>C (p.Leu202Pro)","chr7","92671468","A/G","CDK6","0.612","dataset0326","Missense","The enhanced TNFa cytokine expression in CD4⁺ T cell","TNFa cytokine expression","4","Gain-of-function","","","NA","CRISPR-Based Genome Editing","Base editing","38093011"
"NM_001145306.2(CDK6):c.604C>T (p.Leu202Phe)","chr7","92671469","G/A","CDK6","0.209","dataset0326","Missense","The enhanced TNFa cytokine expression in CD4⁺ T cell","TNFa cytokine expression","4","Gain-of-function","","","NA","CRISPR-Based Genome Editing","Base editing","38093011"
"NM_001145306.2(CDK6):c.602A>G (p.Asp201Gly)","chr7","92671471","T/C","CDK6","0.735","dataset0326","Missense","The enhanced TNFa cytokine expression in CD4⁺ T cell","TNFa cytokine expression","4","Gain-of-function","","","NA","CRISPR-Based Genome Editing","Base editing","38093011"
"NM_001145306.2(CDK6):c.601G>A (p.Asp201Asn)","chr7","92671472","C/T","CDK6","-0.247","dataset0326","Missense","The diminished TNFa cytokine expression in CD4⁺ T cell","TNFa cytokine expression","4","Loss-of-function","","","NA","CRISPR-Based Genome Editing","Base editing","38093011"
"NM_001145306.2(CDK6):c.600G>A (p.Val200=)","chr7","92671473","C/T","CDK6","-0.247","dataset0326","Synonymous","The diminished TNFa cytokine expression in CD4⁺ T cell","TNFa cytokine expression","4","Loss-of-function","","","NA","CRISPR-Based Genome Editing","Base editing","38093011"
"NM_001145306.2(CDK6):c.599T>C (p.Val200Ala)","chr7","92671474","A/G","CDK6","-0.016","dataset0326","Missense","Neutral to the TNFa cytokine expression in CD4⁺ T cell","TNFa cytokine expression","4","Functionally normal","","","NA","CRISPR-Based Genome Editing","Base editing","38093011"
"NM_001145306.2(CDK6):c.598G>A (p.Val200Met)","chr7","92671475","C/T","CDK6","0.26","dataset0326","Missense","The enhanced TNFa cytokine expression in CD4⁺ T cell","TNFa cytokine expression","4","Gain-of-function","","1.89708e-06","NA","CRISPR-Based Genome Editing","Base editing","38093011"
"NM_001145306.2(CDK6):c.597C>T (p.Pro199=)","chr7","92671476","G/A","CDK6","0.081","dataset0326","Synonymous","Neutral to the TNFa cytokine expression in CD4⁺ T cell","TNFa cytokine expression","4","Functionally normal","Likely benign","3.22647e-05","NA","CRISPR-Based Genome Editing","Base editing","38093011"
"NM_001145306.2(CDK6):c.596C>T (p.Pro199Leu)","chr7","92671477","G/A","CDK6","0.081","dataset0326","Missense","Neutral to the TNFa cytokine expression in CD4⁺ T cell","TNFa cytokine expression","4","Functionally normal","","","skcm:0.2% (1/448):0.200","CRISPR-Based Genome Editing","Base editing","38093011"
"NM_001145306.2(CDK6):c.595C>T (p.Pro199Ser)","chr7","92671478","G/A","CDK6","0.081","dataset0326","Missense","Neutral to the TNFa cytokine expression in CD4⁺ T cell","TNFa cytokine expression","4","Functionally normal","","0","NA","CRISPR-Based Genome Editing","Base editing","38093011"
"NM_001145306.2(CDK6):c.592A>G (p.Thr198Ala)","chr7","92671481","T/C","CDK6","0.128","dataset0326","Missense","Neutral to the TNFa cytokine expression in CD4⁺ T cell","TNFa cytokine expression","4","Functionally normal","","","NA","CRISPR-Based Genome Editing","Base editing","38093011"
"NM_001145306.2(CDK6):c.591C>T (p.Ala197=)","chr7","92671482","G/A","CDK6","0.094","dataset0326","Synonymous","Neutral to the TNFa cytokine expression in CD4⁺ T cell","TNFa cytokine expression","10","Functionally normal","","","NA","CRISPR-Based Genome Editing","Base editing","38093011"
"NM_001145306.2(CDK6):c.590C>T (p.Ala197Val)","chr7","92671483","G/A","CDK6","0.094","dataset0326","Missense","Neutral to the TNFa cytokine expression in CD4⁺ T cell","TNFa cytokine expression","4","Functionally normal","","0","NA","CRISPR-Based Genome Editing","Base editing","38093011"
"NM_001145306.2(CDK6):c.588C>T (p.Tyr196=)","chr7","92671485","G/A","CDK6","0.094","dataset0326","Synonymous","Neutral to the TNFa cytokine expression in CD4⁺ T cell","TNFa cytokine expression","4","Functionally normal","Likely benign","0.000139046","NA","CRISPR-Based Genome Editing","Base editing","38093011"
"NM_001145306.2(CDK6):c.584G>A (p.Ser195Asn)","chr7","92671489","C/T","CDK6","0.078","dataset0326","Missense","Neutral to the TNFa cytokine expression in CD4⁺ T cell","TNFa cytokine expression","4","Functionally normal","","","NA","CRISPR-Based Genome Editing","Base editing","38093011"
"NM_001145306.2(CDK6):c.583A>G (p.Ser195Gly)","chr7","92671490","T/C","CDK6","0.499","dataset0326","Missense","The enhanced TNFa cytokine expression in CD4⁺ T cell","TNFa cytokine expression","4","Gain-of-function","","","NA","CRISPR-Based Genome Editing","Base editing","38093011"
"NM_001145306.2(CDK6):c.580T>C (p.Ser194Pro)","chr7","92671493","A/G","CDK6","0.423","dataset0326","Missense","The enhanced TNFa cytokine expression in CD4⁺ T cell","TNFa cytokine expression","4","Gain-of-function","","0","NA","CRISPR-Based Genome Editing","Base editing","38093011"
"NM_001145306.2(CDK6):c.579G>A (p.Gln193=)","chr7","92671494","C/T","CDK6","0.078","dataset0326","Synonymous","Neutral to the TNFa cytokine expression in CD4⁺ T cell","TNFa cytokine expression","10","Functionally normal","","1.263e-06","NA","CRISPR-Based Genome Editing","Base editing","38093011"
"NM_001145306.2(CDK6):c.573G>A (p.Leu191=)","chr7","92671500","C/T","CDK6","0.078","dataset0326","Synonymous","Neutral to the TNFa cytokine expression in CD4⁺ T cell","TNFa cytokine expression","4","Functionally normal","","0","NA","CRISPR-Based Genome Editing","Base editing","38093011"
"NM_001145306.2(CDK6):c.551G>A (p.Trp184Ter)","chr7","92671522","C/T","CDK6","0.017","dataset0326","Nonsense","Neutral to the TNFa cytokine expression in CD4⁺ T cell","TNFa cytokine expression","4","Functionally normal","","","NA","CRISPR-Based Genome Editing","Base editing","38093011"
"NM_001145306.2(CDK6):c.549G>A (p.Leu183=)","chr7","92671524","C/T","CDK6","0.017","dataset0326","Synonymous","Neutral to the TNFa cytokine expression in CD4⁺ T cell","TNFa cytokine expression","4","Functionally normal","","1.08547e-05","NA","CRISPR-Based Genome Editing","Base editing","38093011"
"NM_001145306.2(CDK6):c.548T>C (p.Leu183Pro)","chr7","92671525","A/G","CDK6","0.348","dataset0326","Missense","The enhanced TNFa cytokine expression in CD4⁺ T cell","TNFa cytokine expression","4","Gain-of-function","","0","NA","CRISPR-Based Genome Editing","Base editing","38093011"
"NM_001145306.2(CDK6):c.546G>A (p.Thr182=)","chr7","92671527","C/T","CDK6","0.017","dataset0326","Synonymous","Neutral to the TNFa cytokine expression in CD4⁺ T cell","TNFa cytokine expression","4","Functionally normal","Likely benign","0.00120526","NA","CRISPR-Based Genome Editing","Base editing","38093011"
"NM_001145306.2(CDK6):c.542T>C (p.Val181Ala)","chr7","92671531","A/G","CDK6","0.314","dataset0326","Missense","The enhanced TNFa cytokine expression in CD4⁺ T cell","TNFa cytokine expression","4","Gain-of-function","","0","NA","CRISPR-Based Genome Editing","Base editing","38093011"
"NM_001145306.2(CDK6):c.541G>A (p.Val181Ile)","chr7","92671532","C/T","CDK6","0.342","dataset0326","Missense","The enhanced TNFa cytokine expression in CD4⁺ T cell","TNFa cytokine expression","10","Gain-of-function","","5.16005e-06","NA","CRISPR-Based Genome Editing","Base editing","38093011"
"NM_001145306.2(CDK6):c.540C>T (p.Val180=)","chr7","92671533","G/A","CDK6","0.154","dataset0326","Splice site","Neutral to the TNFa cytokine expression in CD4⁺ T cell","TNFa cytokine expression","4","Functionally normal","","6.45185e-06","NA","CRISPR-Based Genome Editing","Base editing","38093011"
"NM_001145306.2(CDK6):c.539T>C (p.Val180Ala)","chr7","92671534","A/G","CDK6","0.314","dataset0326","Missense","The enhanced TNFa cytokine expression in CD4⁺ T cell","TNFa cytokine expression","4","Gain-of-function","","0","NA","CRISPR-Based Genome Editing","Base editing","38093011"
"NM_001145306.2(CDK6):c.537G>A (p.Val179=)","chr7","92725626","C/T","CDK6","0.016","dataset0326","Splice site","Neutral to the TNFa cytokine expression in CD4⁺ T cell","TNFa cytokine expression","4","Functionally normal","","","NA","CRISPR-Based Genome Editing","Base editing","38093011"
"NM_001145306.2(CDK6):c.536T>C (p.Val179Ala)","chr7","92725627","A/G","CDK6","-0.055","dataset0326","Missense","Neutral to the TNFa cytokine expression in CD4⁺ T cell","TNFa cytokine expression","4","Functionally normal","","","NA","CRISPR-Based Genome Editing","Base editing","38093011"
"NM_001145306.2(CDK6):c.535G>A (p.Val179Met)","chr7","92725628","C/T","CDK6","0.016","dataset0326","Missense","Neutral to the TNFa cytokine expression in CD4⁺ T cell","TNFa cytokine expression","10","Functionally normal","","","NA","CRISPR-Based Genome Editing","Base editing","38093011"
"NM_001145306.2(CDK6):c.532T>C (p.Ser178Pro)","chr7","92725631","A/G","CDK6","-0.055","dataset0326","Missense","Neutral to the TNFa cytokine expression in CD4⁺ T cell","TNFa cytokine expression","4","Functionally normal","","","NA","CRISPR-Based Genome Editing","Base editing","38093011"
"NM_001145306.2(CDK6):c.526C>T (p.Leu176=)","chr7","92725637","G/A","CDK6","0.229","dataset0326","Synonymous","The enhanced TNFa cytokine expression in CD4⁺ T cell","TNFa cytokine expression","4","Gain-of-function","","6.19664e-07","NA","CRISPR-Based Genome Editing","Base editing","38093011"
"NM_001145306.2(CDK6):c.524C>T (p.Ala175Val)","chr7","92725639","G/A","CDK6","0.229","dataset0326","Missense","The enhanced TNFa cytokine expression in CD4⁺ T cell","TNFa cytokine expression","4","Gain-of-function","","","NA","CRISPR-Based Genome Editing","Base editing","38093011"
"NM_001145306.2(CDK6):c.523G>A (p.Ala175Thr)","chr7","92725640","C/T","CDK6","-0.05","dataset0326","Missense","Neutral to the TNFa cytokine expression in CD4⁺ T cell","TNFa cytokine expression","4","Functionally normal","","","NA","CRISPR-Based Genome Editing","Base editing","38093011"
"NM_001145306.2(CDK6):c.522G>A (p.Met174Ile)","chr7","92725641","C/T","CDK6","-0.05","dataset0326","Missense","Neutral to the TNFa cytokine expression in CD4⁺ T cell","TNFa cytokine expression","4","Functionally normal","","","NA","CRISPR-Based Genome Editing","Base editing","38093011"
"NM_001145306.2(CDK6):c.521T>C (p.Met174Thr)","chr7","92725642","A/G","CDK6","-0.009","dataset0326","Missense","Neutral to the TNFa cytokine expression in CD4⁺ T cell","TNFa cytokine expression","4","Functionally normal","","","NA","CRISPR-Based Genome Editing","Base editing","38093011"
"NM_001145306.2(CDK6):c.520A>G (p.Met174Val)","chr7","92725643","T/C","CDK6","0.023","dataset0326","Missense","Neutral to the TNFa cytokine expression in CD4⁺ T cell","TNFa cytokine expression","4","Functionally normal","","","NA","CRISPR-Based Genome Editing","Base editing","38093011"
"NM_001145306.2(CDK6):c.519G>A (p.Gln173=)","chr7","92725644","C/T","CDK6","-0.05","dataset0326","Synonymous","Neutral to the TNFa cytokine expression in CD4⁺ T cell","TNFa cytokine expression","10","Functionally normal","","","NA","CRISPR-Based Genome Editing","Base editing","38093011"
"NM_001145306.2(CDK6):c.518A>G (p.Gln173Arg)","chr7","92725645","T/C","CDK6","0.023","dataset0326","Missense","Neutral to the TNFa cytokine expression in CD4⁺ T cell","TNFa cytokine expression","4","Functionally normal","","","NA","CRISPR-Based Genome Editing","Base editing","38093011"
"NM_001145306.2(CDK6):c.517C>T (p.Gln173Ter)","chr7","92725646","G/A","CDK6","0.229","dataset0326","Nonsense","The enhanced TNFa cytokine expression in CD4⁺ T cell","TNFa cytokine expression","4","Gain-of-function","","","NA","CRISPR-Based Genome Editing","Base editing","38093011"
"NM_001145306.2(CDK6):c.516C>T (p.Phe172=)","chr7","92725647","G/A","CDK6","0.229","dataset0326","Synonymous","The enhanced TNFa cytokine expression in CD4⁺ T cell","TNFa cytokine expression","4","Gain-of-function","","","NA","CRISPR-Based Genome Editing","Base editing","38093011"
"NM_001145306.2(CDK6):c.515T>C (p.Phe172Ser)","chr7","92725648","A/G","CDK6","0.018","dataset0326","Missense","Neutral to the TNFa cytokine expression in CD4⁺ T cell","TNFa cytokine expression","4","Functionally normal","","","NA","CRISPR-Based Genome Editing","Base editing","38093011"
"NM_001145306.2(CDK6):c.514T>C (p.Phe172Leu)","chr7","92725649","A/G","CDK6","0.018","dataset0326","Missense","Neutral to the TNFa cytokine expression in CD4⁺ T cell","TNFa cytokine expression","4","Functionally normal","","","NA","CRISPR-Based Genome Editing","Base editing","38093011"
"NM_001145306.2(CDK6):c.513T>C (p.Ser171=)","chr7","92725650","A/G","CDK6","0.018","dataset0326","Synonymous","Neutral to the TNFa cytokine expression in CD4⁺ T cell","TNFa cytokine expression","4","Functionally normal","","","NA","CRISPR-Based Genome Editing","Base editing","38093011"
"NM_001145306.2(CDK6):c.512G>A (p.Ser171Asn)","chr7","92725651","C/T","CDK6","0.05","dataset0326","Missense","Neutral to the TNFa cytokine expression in CD4⁺ T cell","TNFa cytokine expression","10","Functionally normal","","","NA","CRISPR-Based Genome Editing","Base editing","38093011"
"NM_001145306.2(CDK6):c.510T>C (p.Tyr170=)","chr7","92725653","A/G","CDK6","0.018","dataset0326","Synonymous","Neutral to the TNFa cytokine expression in CD4⁺ T cell","TNFa cytokine expression","4","Functionally normal","","","NA","CRISPR-Based Genome Editing","Base editing","38093011"
"NM_001145306.2(CDK6):c.507C>T (p.Ile169=)","chr7","92725656","G/A","CDK6","0.034","dataset0326","Synonymous","Neutral to the TNFa cytokine expression in CD4⁺ T cell","TNFa cytokine expression","10","Functionally normal","","6.19546e-07","NA","CRISPR-Based Genome Editing","Base editing","38093011"
"NM_001145306.2(CDK6):c.505A>G (p.Ile169Val)","chr7","92725658","T/C","CDK6","-0.033","dataset0326","Missense","Neutral to the TNFa cytokine expression in CD4⁺ T cell","TNFa cytokine expression","4","Functionally normal","","1.30114e-05","NA","CRISPR-Based Genome Editing","Base editing","38093011"
"NM_001145306.2(CDK6):c.504C>T (p.Arg168=)","chr7","92725659","G/A","CDK6","0.034","dataset0326","Synonymous","Neutral to the TNFa cytokine expression in CD4⁺ T cell","TNFa cytokine expression","4","Functionally normal","","6.1955e-07","NA","CRISPR-Based Genome Editing","Base editing","38093011"
"NM_001145306.2(CDK6):c.502C>T (p.Arg168Cys)","chr7","92725661","G/A","CDK6","0.034","dataset0326","Missense","Neutral to the TNFa cytokine expression in CD4⁺ T cell","TNFa cytokine expression","4","Functionally normal","","2.47823e-06","NA","CRISPR-Based Genome Editing","Base editing","38093011"
"NM_001145306.2(CDK6):c.501C>T (p.Ala167=)","chr7","92725662","G/A","CDK6","0.034","dataset0326","Synonymous","Neutral to the TNFa cytokine expression in CD4⁺ T cell","TNFa cytokine expression","4","Functionally normal","","","NA","CRISPR-Based Genome Editing","Base editing","38093011"
"NM_001145306.2(CDK6):c.483C>T (p.Leu161=)","chr7","92725680","G/A","CDK6","-0.007","dataset0326","Synonymous","Neutral to the TNFa cytokine expression in CD4⁺ T cell","TNFa cytokine expression","4","Functionally normal","","1.30113e-05","NA","CRISPR-Based Genome Editing","Base editing","38093011"
"NM_001145306.2(CDK6):c.481C>T (p.Leu161Phe)","chr7","92725682","G/A","CDK6","-0.007","dataset0326","Missense","Neutral to the TNFa cytokine expression in CD4⁺ T cell","TNFa cytokine expression","4","Functionally normal","","","NA","CRISPR-Based Genome Editing","Base editing","38093011"
"NM_001145306.2(CDK6):c.479A>G (p.Lys160Arg)","chr7","92725684","T/C","CDK6","-0.084","dataset0326","Missense","Neutral to the TNFa cytokine expression in CD4⁺ T cell","TNFa cytokine expression","4","Functionally normal","","","NA","CRISPR-Based Genome Editing","Base editing","38093011"
"NM_001145306.2(CDK6):c.478A>G (p.Lys160Glu)","chr7","92725685","T/C","CDK6","-0.084","dataset0326","Missense","Neutral to the TNFa cytokine expression in CD4⁺ T cell","TNFa cytokine expression","4","Functionally normal","","","NA","CRISPR-Based Genome Editing","Base editing","38093011"
"NM_001145306.2(CDK6):c.477A>G (p.Ile159Met)","chr7","92725686","T/C","CDK6","-0.084","dataset0326","Missense","Neutral to the TNFa cytokine expression in CD4⁺ T cell","TNFa cytokine expression","4","Functionally normal","","6.19526e-07","NA","CRISPR-Based Genome Editing","Base editing","38093011"
"NM_001145306.2(CDK6):c.476T>C (p.Ile159Thr)","chr7","92725687","A/G","CDK6","-0.146","dataset0326","Missense","Neutral to the TNFa cytokine expression in CD4⁺ T cell","TNFa cytokine expression","4","Functionally normal","","","NA","CRISPR-Based Genome Editing","Base editing","38093011"
"NM_001145306.2(CDK6):c.475A>G (p.Ile159Val)","chr7","92725688","T/C","CDK6","-0.084","dataset0326","Missense","Neutral to the TNFa cytokine expression in CD4⁺ T cell","TNFa cytokine expression","4","Functionally normal","","","NA","CRISPR-Based Genome Editing","Base editing","38093011"
"NM_001145306.2(CDK6):c.474A>G (p.Gln158=)","chr7","92725689","T/C","CDK6","-0.084","dataset0326","Synonymous","Neutral to the TNFa cytokine expression in CD4⁺ T cell","TNFa cytokine expression","4","Functionally normal","","6.19535e-07","NA","CRISPR-Based Genome Editing","Base editing","38093011"
"NM_001145306.2(CDK6):c.472C>T (p.Gln158Ter)","chr7","92725691","G/A","CDK6","-0.007","dataset0326","Nonsense","Neutral to the TNFa cytokine expression in CD4⁺ T cell","TNFa cytokine expression","4","Functionally normal","","","NA","CRISPR-Based Genome Editing","Base editing","38093011"
"NM_001145306.2(CDK6):c.464G>A (p.Ser155Asn)","chr7","92725699","C/T","CDK6","0.064","dataset0326","Missense","Neutral to the TNFa cytokine expression in CD4⁺ T cell","TNFa cytokine expression","4","Functionally normal","","","NA","CRISPR-Based Genome Editing","Base editing","38093011"
"NM_001145306.2(CDK6):c.459G>A (p.Val153=)","chr7","92725704","C/T","CDK6","0.064","dataset0326","Synonymous","Neutral to the TNFa cytokine expression in CD4⁺ T cell","TNFa cytokine expression","4","Functionally normal","","6.19543e-07","NA","CRISPR-Based Genome Editing","Base editing","38093011"
"NM_001145306.2(CDK6):c.458T>C (p.Val153Ala)","chr7","92725705","A/G","CDK6","0.324","dataset0326","Missense","The enhanced TNFa cytokine expression in CD4⁺ T cell","TNFa cytokine expression","4","Gain-of-function","","","NA","CRISPR-Based Genome Editing","Base editing","38093011"
"NM_001145306.2(CDK6):c.457G>A (p.Val153Met)","chr7","92725706","C/T","CDK6","0.064","dataset0326","Missense","Neutral to the TNFa cytokine expression in CD4⁺ T cell","TNFa cytokine expression","4","Functionally normal","","","NA","CRISPR-Based Genome Editing","Base editing","38093011"
"NM_001145306.2(CDK6):c.456G>A (p.Leu152=)","chr7","92725707","C/T","CDK6","0.064","dataset0326","Synonymous","Neutral to the TNFa cytokine expression in CD4⁺ T cell","TNFa cytokine expression","4","Functionally normal","","6.1955e-07","NA","CRISPR-Based Genome Editing","Base editing","38093011"
"NM_001145306.2(CDK6):c.454C>T (p.Leu152=)","chr7","92725709","G/A","CDK6","0.111","dataset0326","Synonymous","Neutral to the TNFa cytokine expression in CD4⁺ T cell","TNFa cytokine expression","10","Functionally normal","","","NA","CRISPR-Based Genome Editing","Base editing","38093011"
"NM_001145306.2(CDK6):c.451A>G (p.Ile151Val)","chr7","92725712","T/C","CDK6","0.014","dataset0326","Missense","Neutral to the TNFa cytokine expression in CD4⁺ T cell","TNFa cytokine expression","4","Functionally normal","","1.23907e-06","NA","CRISPR-Based Genome Editing","Base editing","38093011"
"NM_001145306.2(CDK6):c.450C>T (p.Asn150=)","chr7","92725713","G/A","CDK6","0.111","dataset0326","Synonymous","Neutral to the TNFa cytokine expression in CD4⁺ T cell","TNFa cytokine expression","4","Functionally normal","","6.19533e-07","NA","CRISPR-Based Genome Editing","Base editing","38093011"
"NM_001145306.2(CDK6):c.445C>T (p.Gln149Ter)","chr7","92725718","G/A","CDK6","0.08","dataset0326","Nonsense","Neutral to the TNFa cytokine expression in CD4⁺ T cell","TNFa cytokine expression","4","Functionally normal","","","NA","CRISPR-Based Genome Editing","Base editing","38093011"
"NM_001145306.2(CDK6):c.443C>T (p.Pro148Leu)","chr7","92725720","G/A","CDK6","0.08","dataset0326","Missense","Neutral to the TNFa cytokine expression in CD4⁺ T cell","TNFa cytokine expression","4","Functionally normal","","","NA","CRISPR-Based Genome Editing","Base editing","38093011"
"NM_001145306.2(CDK6):c.442C>T (p.Pro148Ser)","chr7","92725721","G/A","CDK6","0.08","dataset0326","Missense","Neutral to the TNFa cytokine expression in CD4⁺ T cell","TNFa cytokine expression","10","Functionally normal","","","NA","CRISPR-Based Genome Editing","Base editing","38093011"
"NM_001145306.2(CDK6):c.441A>G (p.Lys147=)","chr7","92725722","T/C","CDK6","-0.033","dataset0326","Synonymous","Neutral to the TNFa cytokine expression in CD4⁺ T cell","TNFa cytokine expression","4","Functionally normal","","1.23912e-06","NA","CRISPR-Based Genome Editing","Base editing","38093011"
"NM_001145306.2(CDK6):c.440A>G (p.Lys147Arg)","chr7","92725723","T/C","CDK6","-0.033","dataset0326","Missense","Neutral to the TNFa cytokine expression in CD4⁺ T cell","TNFa cytokine expression","4","Functionally normal","","","NA","CRISPR-Based Genome Editing","Base editing","38093011"
"NM_001145306.2(CDK6):c.439A>G (p.Lys147Glu)","chr7","92725724","T/C","CDK6","-0.033","dataset0326","Missense","Neutral to the TNFa cytokine expression in CD4⁺ T cell","TNFa cytokine expression","4","Functionally normal","","","NA","CRISPR-Based Genome Editing","Base editing","38093011"
"NM_001145306.2(CDK6):c.438A>G (p.Leu146=)","chr7","92725725","T/C","CDK6","-0.033","dataset0326","Synonymous","Neutral to the TNFa cytokine expression in CD4⁺ T cell","TNFa cytokine expression","4","Functionally normal","","6.1953e-07","NA","CRISPR-Based Genome Editing","Base editing","38093011"
"NM_001145306.2(CDK6):c.437T>C (p.Leu146Pro)","chr7","92725726","A/G","CDK6","-0.001","dataset0326","Missense","Neutral to the TNFa cytokine expression in CD4⁺ T cell","TNFa cytokine expression","4","Functionally normal","","","NA","CRISPR-Based Genome Editing","Base editing","38093011"
"NM_001145306.2(CDK6):c.436C>T (p.Leu146=)","chr7","92725727","G/A","CDK6","0.08","dataset0326","Synonymous","Neutral to the TNFa cytokine expression in CD4⁺ T cell","TNFa cytokine expression","4","Functionally normal","","","NA","CRISPR-Based Genome Editing","Base editing","38093011"
"NM_001145306.2(CDK6):c.435T>C (p.Asp145=)","chr7","92725728","A/G","CDK6","-0.001","dataset0326","Synonymous","Neutral to the TNFa cytokine expression in CD4⁺ T cell","TNFa cytokine expression","4","Functionally normal","","","NA","CRISPR-Based Genome Editing","Base editing","38093011"
"NM_001145306.2(CDK6):c.433G>A (p.Asp145Asn)","chr7","92725730","C/T","CDK6","-0.097","dataset0326","Missense","Neutral to the TNFa cytokine expression in CD4⁺ T cell","TNFa cytokine expression","10","Functionally normal","","","NA","CRISPR-Based Genome Editing","Base editing","38093011"
"NM_001145306.2(CDK6):c.431G>A (p.Arg144His)","chr7","92725732","C/T","CDK6","-0.097","dataset0326","Missense","Neutral to the TNFa cytokine expression in CD4⁺ T cell","TNFa cytokine expression","4","Functionally normal","","6.19596e-07","ucec:0.2% (1/529):0.190","CRISPR-Based Genome Editing","Base editing","38093011"
"NM_001145306.2(CDK6):c.408T>C (p.Leu136=)","chr7","92725755","A/G","CDK6","0.464","dataset0326","Synonymous","The enhanced TNFa cytokine expression in CD4⁺ T cell","TNFa cytokine expression","4","Gain-of-function","","","NA","CRISPR-Based Genome Editing","Base editing","38093011"
"NM_001145306.2(CDK6):c.407T>C (p.Leu136Pro)","chr7","92725756","A/G","CDK6","0.464","dataset0326","Missense","The enhanced TNFa cytokine expression in CD4⁺ T cell","TNFa cytokine expression","4","Gain-of-function","","","NA","CRISPR-Based Genome Editing","Base editing","38093011"
"NM_001145306.2(CDK6):c.405T>C (p.Phe135=)","chr7","92725758","A/G","CDK6","0.464","dataset0326","Synonymous","The enhanced TNFa cytokine expression in CD4⁺ T cell","TNFa cytokine expression","4","Gain-of-function","","1.79678e-05","NA","CRISPR-Based Genome Editing","Base editing","38093011"
"NM_001145306.2(CDK6):c.400G>A (p.Asp134Asn)","chr7","92725763","C/T","CDK6","0.003","dataset0326","Missense","Neutral to the TNFa cytokine expression in CD4⁺ T cell","TNFa cytokine expression","4","Functionally normal","","","NA","CRISPR-Based Genome Editing","Base editing","38093011"
"NM_001145306.2(CDK6):c.390C>T (p.Leu130=)","chr7","92725773","G/A","CDK6","-0.029","dataset0326","Synonymous","Neutral to the TNFa cytokine expression in CD4⁺ T cell","TNFa cytokine expression","4","Functionally normal","","6.19831e-07","NA","CRISPR-Based Genome Editing","Base editing","38093011"
"NM_001145306.2(CDK6):c.388C>T (p.Leu130Phe)","chr7","92725775","G/A","CDK6","-0.029","dataset0326","Missense","Neutral to the TNFa cytokine expression in CD4⁺ T cell","TNFa cytokine expression","4","Functionally normal","","","NA","CRISPR-Based Genome Editing","Base editing","38093011"
"NM_001145306.2(CDK6):c.385C>T (p.Leu129Phe)","chr7","92725778","G/A","CDK6","0.127","dataset0326","Missense","Neutral to the TNFa cytokine expression in CD4⁺ T cell","TNFa cytokine expression","4","Functionally normal","","4.95971e-06","NA","CRISPR-Based Genome Editing","Base editing","38093011"
"NM_001145306.2(CDK6):c.383A>G (p.Gln128Arg)","chr7","92725780","T/C","CDK6","0.035","dataset0326","Missense","Neutral to the TNFa cytokine expression in CD4⁺ T cell","TNFa cytokine expression","4","Functionally normal","","","NA","CRISPR-Based Genome Editing","Base editing","38093011"
"NM_001145306.2(CDK6):c.382C>T (p.Gln128Ter)","chr7","92725781","G/A","CDK6","0.127","dataset0326","Nonsense","Neutral to the TNFa cytokine expression in CD4⁺ T cell","TNFa cytokine expression","10","Functionally normal","","","hnsc:0.2% (1/523):0.030","CRISPR-Based Genome Editing","Base editing","38093011"
"NM_001145306.2(CDK6):c.376A>G (p.Met126Val)","chr7","92725787","T/C","CDK6","-0.013","dataset0326","Missense","Neutral to the TNFa cytokine expression in CD4⁺ T cell","TNFa cytokine expression","4","Functionally normal","","6.22038e-07","NA","CRISPR-Based Genome Editing","Base editing","38093011"
"NM_001145306.2(CDK6):c.369G>A (p.Lys123=)","chr7","92774696","C/T","CDK6","0.385","dataset0326","Splice site","The enhanced TNFa cytokine expression in CD4⁺ T cell","TNFa cytokine expression","10","Gain-of-function","","","NA","CRISPR-Based Genome Editing","Base editing","38093011"
"NM_001145306.2(CDK6):c.358G>A (p.Glu120Lys)","chr7","92774707","C/T","CDK6","0.022","dataset0326","Missense","Neutral to the TNFa cytokine expression in CD4⁺ T cell","TNFa cytokine expression","10","Functionally normal","","","NA","CRISPR-Based Genome Editing","Base editing","38093011"
"NM_001145306.2(CDK6):c.357T>C (p.Thr119=)","chr7","92774708","A/G","CDK6","0.017","dataset0326","Synonymous","Neutral to the TNFa cytokine expression in CD4⁺ T cell","TNFa cytokine expression","4","Functionally normal","","6.2255e-07","NA","CRISPR-Based Genome Editing","Base editing","38093011"
"NM_001145306.2(CDK6):c.356C>T (p.Thr119Ile)","chr7","92774709","G/A","CDK6","0.144","dataset0326","Missense","Neutral to the TNFa cytokine expression in CD4⁺ T cell","TNFa cytokine expression","4","Functionally normal","","","NA","CRISPR-Based Genome Editing","Base editing","38093011"
"NM_001145306.2(CDK6):c.355A>G (p.Thr119Ala)","chr7","92774710","T/C","CDK6","-0.196","dataset0326","Missense","Neutral to the TNFa cytokine expression in CD4⁺ T cell","TNFa cytokine expression","4","Functionally normal","","","NA","CRISPR-Based Genome Editing","Base editing","38093011"
"NM_001145306.2(CDK6):c.354C>T (p.Pro118=)","chr7","92774711","G/A","CDK6","0.144","dataset0326","Synonymous","Neutral to the TNFa cytokine expression in CD4⁺ T cell","TNFa cytokine expression","4","Functionally normal","","6.22694e-07","NA","CRISPR-Based Genome Editing","Base editing","38093011"
"NM_001145306.2(CDK6):c.353C>T (p.Pro118Leu)","chr7","92774712","G/A","CDK6","0.144","dataset0326","Missense","Neutral to the TNFa cytokine expression in CD4⁺ T cell","TNFa cytokine expression","4","Functionally normal","","","NA","CRISPR-Based Genome Editing","Base editing","38093011"
"NM_001145306.2(CDK6):c.352C>T (p.Pro118Ser)","chr7","92774713","G/A","CDK6","0.144","dataset0326","Missense","Neutral to the TNFa cytokine expression in CD4⁺ T cell","TNFa cytokine expression","4","Functionally normal","","3.73573e-06","brca:0.1% (1/1084):0.310","CRISPR-Based Genome Editing","Base editing","38093011"
"NM_001145306.2(CDK6):c.351G>A (p.Val117=)","chr7","92774714","C/T","CDK6","0.198","dataset0326","Synonymous","Neutral to the TNFa cytokine expression in CD4⁺ T cell","TNFa cytokine expression","4","Functionally normal","","","NA","CRISPR-Based Genome Editing","Base editing","38093011"
"NM_001145306.2(CDK6):c.349G>A (p.Val117Met)","chr7","92774716","C/T","CDK6","0.198","dataset0326","Missense","Neutral to the TNFa cytokine expression in CD4⁺ T cell","TNFa cytokine expression","4","Functionally normal","","","NA","CRISPR-Based Genome Editing","Base editing","38093011"
"NM_001145306.2(CDK6):c.347G>A (p.Gly116Glu)","chr7","92774718","C/T","CDK6","0.198","dataset0326","Missense","Neutral to the TNFa cytokine expression in CD4⁺ T cell","TNFa cytokine expression","4","Functionally normal","","","NA","CRISPR-Based Genome Editing","Base editing","38093011"
"NM_001145306.2(CDK6):c.337C>T (p.Pro113Ser)","chr7","92774728","G/A","CDK6","0.021","dataset0326","Missense","Neutral to the TNFa cytokine expression in CD4⁺ T cell","TNFa cytokine expression","4","Functionally normal","","6.21113e-07","NA","CRISPR-Based Genome Editing","Base editing","38093011"
"NM_001145306.2(CDK6):c.336T>C (p.Val112=)","chr7","92774729","A/G","CDK6","-0.191","dataset0326","Synonymous","Neutral to the TNFa cytokine expression in CD4⁺ T cell","TNFa cytokine expression","4","Functionally normal","","","NA","CRISPR-Based Genome Editing","Base editing","38093011"
"NM_001145306.2(CDK6):c.335T>C (p.Val112Ala)","chr7","92774730","A/G","CDK6","-0.191","dataset0326","Missense","Neutral to the TNFa cytokine expression in CD4⁺ T cell","TNFa cytokine expression","4","Functionally normal","","1.24197e-06","NA","CRISPR-Based Genome Editing","Base editing","38093011"
"NM_001145306.2(CDK6):c.334G>A (p.Val112Ile)","chr7","92774731","C/T","CDK6","0.0","dataset0326","Missense","Neutral to the TNFa cytokine expression in CD4⁺ T cell","TNFa cytokine expression","10","Functionally normal","","4.96923e-06","NA","CRISPR-Based Genome Editing","Base editing","38093011"
"NM_001145306.2(CDK6):c.332A>G (p.Lys111Arg)","chr7","92774733","T/C","CDK6","0.004","dataset0326","Missense","Neutral to the TNFa cytokine expression in CD4⁺ T cell","TNFa cytokine expression","4","Functionally normal","","","NA","CRISPR-Based Genome Editing","Base editing","38093011"
"NM_001145306.2(CDK6):c.331A>G (p.Lys111Glu)","chr7","92774734","T/C","CDK6","0.004","dataset0326","Missense","Neutral to the TNFa cytokine expression in CD4⁺ T cell","TNFa cytokine expression","4","Functionally normal","","1.24159e-06","NA","CRISPR-Based Genome Editing","Base editing","38093011"
"NM_001145306.2(CDK6):c.329A>G (p.Asp110Gly)","chr7","92774736","T/C","CDK6","0.004","dataset0326","Missense","Neutral to the TNFa cytokine expression in CD4⁺ T cell","TNFa cytokine expression","4","Functionally normal","","6.20735e-07","NA","CRISPR-Based Genome Editing","Base editing","38093011"
"NM_001145306.2(CDK6):c.328G>A (p.Asp110Asn)","chr7","92774737","C/T","CDK6","0.0","dataset0326","Missense","Neutral to the TNFa cytokine expression in CD4⁺ T cell","TNFa cytokine expression","4","Functionally normal","Conflicting classifications of pathogenicity","0.00257062","NA","CRISPR-Based Genome Editing","Base editing","38093011"
"NM_001145306.2(CDK6):c.327G>A (p.Leu109=)","chr7","92774738","C/T","CDK6","0.0","dataset0326","Synonymous","Neutral to the TNFa cytokine expression in CD4⁺ T cell","TNFa cytokine expression","4","Functionally normal","","6.21033e-07","NA","CRISPR-Based Genome Editing","Base editing","38093011"
"NM_001145306.2(CDK6):c.318C>T (p.Thr106=)","chr7","92774747","G/A","CDK6","0.1","dataset0326","Synonymous","Neutral to the TNFa cytokine expression in CD4⁺ T cell","TNFa cytokine expression","4","Functionally normal","","","NA","CRISPR-Based Genome Editing","Base editing","38093011"
"NM_001145306.2(CDK6):c.317C>T (p.Thr106Ile)","chr7","92774748","G/A","CDK6","0.1","dataset0326","Missense","Neutral to the TNFa cytokine expression in CD4⁺ T cell","TNFa cytokine expression","4","Functionally normal","","","NA","CRISPR-Based Genome Editing","Base editing","38093011"
"NM_001145306.2(CDK6):c.312C>T (p.Asp104=)","chr7","92774753","G/A","CDK6","0.1","dataset0326","Synonymous","Neutral to the TNFa cytokine expression in CD4⁺ T cell","TNFa cytokine expression","10","Functionally normal","","6.19962e-07","NA","CRISPR-Based Genome Editing","Base editing","38093011"
"NM_001145306.2(CDK6):c.311A>G (p.Asp104Gly)","chr7","92774754","T/C","CDK6","0.01","dataset0326","Missense","Neutral to the TNFa cytokine expression in CD4⁺ T cell","TNFa cytokine expression","4","Functionally normal","","","NA","CRISPR-Based Genome Editing","Base editing","38093011"
"NM_001145306.2(CDK6):c.309A>G (p.Gln103=)","chr7","92774756","T/C","CDK6","0.01","dataset0326","Synonymous","Neutral to the TNFa cytokine expression in CD4⁺ T cell","TNFa cytokine expression","4","Functionally normal","","","NA","CRISPR-Based Genome Editing","Base editing","38093011"
"NM_001145306.2(CDK6):c.308A>G (p.Gln103Arg)","chr7","92774757","T/C","CDK6","0.01","dataset0326","Missense","Neutral to the TNFa cytokine expression in CD4⁺ T cell","TNFa cytokine expression","4","Functionally normal","","","NA","CRISPR-Based Genome Editing","Base editing","38093011"
"NM_001145306.2(CDK6):c.307C>T (p.Gln103Ter)","chr7","92774758","G/A","CDK6","0.1","dataset0326","Nonsense","Neutral to the TNFa cytokine expression in CD4⁺ T cell","TNFa cytokine expression","4","Functionally normal","","","NA","CRISPR-Based Genome Editing","Base editing","38093011"
"NM_001145306.2(CDK6):c.295G>A (p.Glu99Lys)","chr7","92774770","C/T","CDK6","0.084","dataset0326","Missense","Neutral to the TNFa cytokine expression in CD4⁺ T cell","TNFa cytokine expression","4","Functionally normal","","","NA","CRISPR-Based Genome Editing","Base editing","38093011"
"NM_001145306.2(CDK6):c.294T>C (p.Phe98=)","chr7","92774771","A/G","CDK6","-0.092","dataset0326","Synonymous","Neutral to the TNFa cytokine expression in CD4⁺ T cell","TNFa cytokine expression","4","Functionally normal","Likely benign","8.49151e-05","NA","CRISPR-Based Genome Editing","Base editing","38093011"
"NM_001145306.2(CDK6):c.293T>C (p.Phe98Ser)","chr7","92774772","A/G","CDK6","-0.092","dataset0326","Missense","Neutral to the TNFa cytokine expression in CD4⁺ T cell","TNFa cytokine expression","4","Functionally normal","","","NA","CRISPR-Based Genome Editing","Base editing","38093011"
"NM_001145306.2(CDK6):c.292T>C (p.Phe98Leu)","chr7","92774773","A/G","CDK6","-0.092","dataset0326","Missense","Neutral to the TNFa cytokine expression in CD4⁺ T cell","TNFa cytokine expression","4","Functionally normal","","","NA","CRISPR-Based Genome Editing","Base editing","38093011"
"NM_001145306.2(CDK6):c.291G>A (p.Val97=)","chr7","92774774","C/T","CDK6","0.084","dataset0326","Synonymous","Neutral to the TNFa cytokine expression in CD4⁺ T cell","TNFa cytokine expression","4","Functionally normal","","","NA","CRISPR-Based Genome Editing","Base editing","38093011"
"NM_001145306.2(CDK6):c.290T>C (p.Val97Ala)","chr7","92774775","A/G","CDK6","-0.092","dataset0326","Missense","Neutral to the TNFa cytokine expression in CD4⁺ T cell","TNFa cytokine expression","4","Functionally normal","","","NA","CRISPR-Based Genome Editing","Base editing","38093011"
"NM_001145306.2(CDK6):c.289G>A (p.Val97Met)","chr7","92774776","C/T","CDK6","0.084","dataset0326","Missense","Neutral to the TNFa cytokine expression in CD4⁺ T cell","TNFa cytokine expression","4","Functionally normal","","","NA","CRISPR-Based Genome Editing","Base editing","38093011"
"NM_001145306.2(CDK6):c.234G>A (p.Arg78=)","chr7","92774831","C/T","CDK6","0.333","dataset0326","Splice site","The enhanced TNFa cytokine expression in CD4⁺ T cell","TNFa cytokine expression","4","Gain-of-function","","","NA","CRISPR-Based Genome Editing","Base editing","38093011"
"NM_001145306.2(CDK6):c.233G>A (p.Arg78Lys)","chr7","92833091","C/T","CDK6","0.24","dataset0326","Missense","The enhanced TNFa cytokine expression in CD4⁺ T cell","TNFa cytokine expression","4","Gain-of-function","","0","NA","CRISPR-Based Genome Editing","Base editing","38093011"
"NM_001145306.2(CDK6):c.231C>T (p.Val77=)","chr7","92833093","G/A","CDK6","-0.034","dataset0326","Splice site","Neutral to the TNFa cytokine expression in CD4⁺ T cell","TNFa cytokine expression","4","Functionally normal","","0","NA","CRISPR-Based Genome Editing","Base editing","38093011"
"NM_001145306.2(CDK6):c.229G>A (p.Val77Ile)","chr7","92833095","C/T","CDK6","0.166","dataset0326","Missense","Neutral to the TNFa cytokine expression in CD4⁺ T cell","TNFa cytokine expression","4","Functionally normal","","6.31076e-07","NA","CRISPR-Based Genome Editing","Base editing","38093011"
"NM_001145306.2(CDK6):c.227T>C (p.Val76Ala)","chr7","92833097","A/G","CDK6","0.308","dataset0326","Missense","The enhanced TNFa cytokine expression in CD4⁺ T cell","TNFa cytokine expression","4","Gain-of-function","","","NA","CRISPR-Based Genome Editing","Base editing","38093011"
"NM_001145306.2(CDK6):c.225C>T (p.Asn75=)","chr7","92833099","G/A","CDK6","-0.034","dataset0326","Synonymous","Neutral to the TNFa cytokine expression in CD4⁺ T cell","TNFa cytokine expression","10","Functionally normal","","1.88581e-06","NA","CRISPR-Based Genome Editing","Base editing","38093011"
"NM_001145306.2(CDK6):c.224A>G (p.Asn75Ser)","chr7","92833100","T/C","CDK6","0.203","dataset0326","Missense","The enhanced TNFa cytokine expression in CD4⁺ T cell","TNFa cytokine expression","4","Gain-of-function","","","NA","CRISPR-Based Genome Editing","Base editing","38093011"
"NM_001145306.2(CDK6):c.223A>G (p.Asn75Asp)","chr7","92833101","T/C","CDK6","-0.149","dataset0326","Missense","Neutral to the TNFa cytokine expression in CD4⁺ T cell","TNFa cytokine expression","4","Functionally normal","","","NA","CRISPR-Based Genome Editing","Base editing","38093011"
"NM_001145306.2(CDK6):c.222C>T (p.Pro74=)","chr7","92833102","G/A","CDK6","0.197","dataset0326","Synonymous","Neutral to the TNFa cytokine expression in CD4⁺ T cell","TNFa cytokine expression","4","Functionally normal","","","NA","CRISPR-Based Genome Editing","Base editing","38093011"
"NM_001145306.2(CDK6):c.221C>T (p.Pro74Leu)","chr7","92833103","G/A","CDK6","-0.073","dataset0326","Missense","Neutral to the TNFa cytokine expression in CD4⁺ T cell","TNFa cytokine expression","4","Functionally normal","","6.27084e-07","NA","CRISPR-Based Genome Editing","Base editing","38093011"
"NM_001145306.2(CDK6):c.219C>T (p.His73=)","chr7","92833105","G/A","CDK6","0.216","dataset0326","Synonymous","The enhanced TNFa cytokine expression in CD4⁺ T cell","TNFa cytokine expression","10","Gain-of-function","","0","NA","CRISPR-Based Genome Editing","Base editing","38093011"
"NM_001145306.2(CDK6):c.218A>G (p.His73Arg)","chr7","92833106","T/C","CDK6","0.479","dataset0326","Missense","The enhanced TNFa cytokine expression in CD4⁺ T cell","TNFa cytokine expression","4","Gain-of-function","","","NA","CRISPR-Based Genome Editing","Base editing","38093011"
"NM_001145306.2(CDK6):c.217C>T (p.His73Tyr)","chr7","92833107","G/A","CDK6","0.216","dataset0326","Missense","The enhanced TNFa cytokine expression in CD4⁺ T cell","TNFa cytokine expression","4","Gain-of-function","","0","NA","CRISPR-Based Genome Editing","Base editing","38093011"
"NM_001145306.2(CDK6):c.216G>A (p.Glu72=)","chr7","92833108","C/T","CDK6","-0.057","dataset0326","Synonymous","Neutral to the TNFa cytokine expression in CD4⁺ T cell","TNFa cytokine expression","4","Functionally normal","","","NA","CRISPR-Based Genome Editing","Base editing","38093011"
"NM_001145306.2(CDK6):c.215A>G (p.Glu72Gly)","chr7","92833109","T/C","CDK6","0.479","dataset0326","Missense","The enhanced TNFa cytokine expression in CD4⁺ T cell","TNFa cytokine expression","4","Gain-of-function","","","NA","CRISPR-Based Genome Editing","Base editing","38093011"
"NM_001145306.2(CDK6):c.214G>A (p.Glu72Lys)","chr7","92833110","C/T","CDK6","-0.057","dataset0326","Missense","Neutral to the TNFa cytokine expression in CD4⁺ T cell","TNFa cytokine expression","4","Functionally normal","","0","NA","CRISPR-Based Genome Editing","Base editing","38093011"
"NM_001145306.2(CDK6):c.213C>T (p.Phe71=)","chr7","92833111","G/A","CDK6","0.216","dataset0326","Synonymous","The enhanced TNFa cytokine expression in CD4⁺ T cell","TNFa cytokine expression","10","Gain-of-function","","","NA","CRISPR-Based Genome Editing","Base editing","38093011"
"NM_001145306.2(CDK6):c.198G>A (p.Arg66=)","chr7","92833126","C/T","CDK6","-0.062","dataset0326","Synonymous","Neutral to the TNFa cytokine expression in CD4⁺ T cell","TNFa cytokine expression","4","Functionally normal","","0","NA","CRISPR-Based Genome Editing","Base editing","38093011"
"NM_001145306.2(CDK6):c.197G>A (p.Arg66Lys)","chr7","92833127","C/T","CDK6","-0.062","dataset0326","Missense","Neutral to the TNFa cytokine expression in CD4⁺ T cell","TNFa cytokine expression","4","Functionally normal","","6.22331e-07","NA","CRISPR-Based Genome Editing","Base editing","38093011"
"NM_001145306.2(CDK6):c.195G>A (p.Leu65=)","chr7","92833129","C/T","CDK6","-0.176","dataset0326","Synonymous","Neutral to the TNFa cytokine expression in CD4⁺ T cell","TNFa cytokine expression","10","Functionally normal","","","NA","CRISPR-Based Genome Editing","Base editing","38093011"
"NM_001145306.2(CDK6):c.194T>C (p.Leu65Pro)","chr7","92833130","A/G","CDK6","0.85","dataset0326","Missense","The enhanced TNFa cytokine expression in CD4⁺ T cell","TNFa cytokine expression","4","Gain-of-function","","","NA","CRISPR-Based Genome Editing","Base editing","38093011"
"NM_001145306.2(CDK6):c.193C>T (p.Leu65=)","chr7","92833131","G/A","CDK6","-0.27","dataset0326","Synonymous","The diminished TNFa cytokine expression in CD4⁺ T cell","TNFa cytokine expression","4","Loss-of-function","","","NA","CRISPR-Based Genome Editing","Base editing","38093011"
"NM_001145306.2(CDK6):c.192G>A (p.Val64=)","chr7","92833132","C/T","CDK6","0.263","dataset0326","Synonymous","The enhanced TNFa cytokine expression in CD4⁺ T cell","TNFa cytokine expression","4","Gain-of-function","","0","NA","CRISPR-Based Genome Editing","Base editing","38093011"
"NM_001145306.2(CDK6):c.191T>C (p.Val64Ala)","chr7","92833133","A/G","CDK6","0.075","dataset0326","Missense","Neutral to the TNFa cytokine expression in CD4⁺ T cell","TNFa cytokine expression","4","Functionally normal","","","NA","CRISPR-Based Genome Editing","Base editing","38093011"
"NM_001145306.2(CDK6):c.190G>A (p.Val64Met)","chr7","92833134","C/T","CDK6","0.263","dataset0326","Missense","The enhanced TNFa cytokine expression in CD4⁺ T cell","TNFa cytokine expression","10","Gain-of-function","","","NA","CRISPR-Based Genome Editing","Base editing","38093011"
"NM_001145306.2(CDK6):c.189G>A (p.Ala63=)","chr7","92833135","C/T","CDK6","0.263","dataset0326","Synonymous","The enhanced TNFa cytokine expression in CD4⁺ T cell","TNFa cytokine expression","10","Gain-of-function","","","NA","CRISPR-Based Genome Editing","Base editing","38093011"
"NM_001145306.2(CDK6):c.188C>T (p.Ala63Val)","chr7","92833136","G/A","CDK6","0.409","dataset0326","Missense","The enhanced TNFa cytokine expression in CD4⁺ T cell","TNFa cytokine expression","4","Gain-of-function","","0","NA","CRISPR-Based Genome Editing","Base editing","38093011"
"NM_001145306.2(CDK6):c.187G>A (p.Ala63Thr)","chr7","92833137","C/T","CDK6","0.263","dataset0326","Missense","The enhanced TNFa cytokine expression in CD4⁺ T cell","TNFa cytokine expression","4","Gain-of-function","","","NA","CRISPR-Based Genome Editing","Base editing","38093011"
"NM_001145306.2(CDK6):c.185T>C (p.Val62Ala)","chr7","92833139","A/G","CDK6","-0.048","dataset0326","Missense","Neutral to the TNFa cytokine expression in CD4⁺ T cell","TNFa cytokine expression","4","Functionally normal","","","NA","CRISPR-Based Genome Editing","Base editing","38093011"
"NM_001145306.2(CDK6):c.182A>G (p.Glu61Gly)","chr7","92833142","T/C","CDK6","0.609","dataset0326","Missense","The enhanced TNFa cytokine expression in CD4⁺ T cell","TNFa cytokine expression","4","Gain-of-function","","","NA","CRISPR-Based Genome Editing","Base editing","38093011"
"NM_001145306.2(CDK6):c.180C>T (p.Arg60=)","chr7","92833144","G/A","CDK6","0.023","dataset0326","Synonymous","Neutral to the TNFa cytokine expression in CD4⁺ T cell","TNFa cytokine expression","4","Functionally normal","","","NA","CRISPR-Based Genome Editing","Base editing","38093011"
"NM_001145306.2(CDK6):c.178C>T (p.Arg60Cys)","chr7","92833146","G/A","CDK6","0.023","dataset0326","Missense","Neutral to the TNFa cytokine expression in CD4⁺ T cell","TNFa cytokine expression","4","Functionally normal","","6.21429e-07","NA","CRISPR-Based Genome Editing","Base editing","38093011"
"NM_001145306.2(CDK6):c.177C>T (p.Ile59=)","chr7","92833147","G/A","CDK6","-0.05","dataset0326","Synonymous","Neutral to the TNFa cytokine expression in CD4⁺ T cell","TNFa cytokine expression","4","Functionally normal","","","NA","CRISPR-Based Genome Editing","Base editing","38093011"
"NM_001145306.2(CDK6):c.175A>G (p.Ile59Val)","chr7","92833149","T/C","CDK6","0.201","dataset0326","Missense","Neutral to the TNFa cytokine expression in CD4⁺ T cell","TNFa cytokine expression","4","Functionally normal","","6.21307e-07","NA","CRISPR-Based Genome Editing","Base editing","38093011"
"NM_001145306.2(CDK6):c.174C>T (p.Thr58=)","chr7","92833150","G/A","CDK6","0.189","dataset0326","Synonymous","Neutral to the TNFa cytokine expression in CD4⁺ T cell","TNFa cytokine expression","4","Functionally normal","","5.59281e-06","NA","CRISPR-Based Genome Editing","Base editing","38093011"
"NM_001145306.2(CDK6):c.173C>T (p.Thr58Ile)","chr7","92833151","G/A","CDK6","0.189","dataset0326","Missense","Neutral to the TNFa cytokine expression in CD4⁺ T cell","TNFa cytokine expression","4","Functionally normal","","","NA","CRISPR-Based Genome Editing","Base editing","38093011"
"NM_001145306.2(CDK6):c.172A>G (p.Thr58Ala)","chr7","92833152","T/C","CDK6","-0.276","dataset0326","Missense","The diminished TNFa cytokine expression in CD4⁺ T cell","TNFa cytokine expression","4","Loss-of-function","","","NA","CRISPR-Based Genome Editing","Base editing","38093011"
"NM_001145306.2(CDK6):c.171C>T (p.Ser57=)","chr7","92833153","G/A","CDK6","0.189","dataset0326","Synonymous","Neutral to the TNFa cytokine expression in CD4⁺ T cell","TNFa cytokine expression","10","Functionally normal","","1.11842e-05","NA","CRISPR-Based Genome Editing","Base editing","38093011"
"NM_001145306.2(CDK6):c.170C>T (p.Ser57Phe)","chr7","92833154","G/A","CDK6","0.189","dataset0326","Missense","Neutral to the TNFa cytokine expression in CD4⁺ T cell","TNFa cytokine expression","4","Functionally normal","","","NA","CRISPR-Based Genome Editing","Base editing","38093011"
"NM_001145306.2(CDK6):c.168C>T (p.Leu56=)","chr7","92833156","G/A","CDK6","0.189","dataset0326","Synonymous","Neutral to the TNFa cytokine expression in CD4⁺ T cell","TNFa cytokine expression","10","Functionally normal","","6.21339e-06","NA","CRISPR-Based Genome Editing","Base editing","38093011"
"NM_001145306.2(CDK6):c.165G>A (p.Pro55=)","chr7","92833159","C/T","CDK6","0.042","dataset0326","Synonymous","Neutral to the TNFa cytokine expression in CD4⁺ T cell","TNFa cytokine expression","4","Functionally normal","","","NA","CRISPR-Based Genome Editing","Base editing","38093011"
"NM_001145306.2(CDK6):c.162G>A (p.Met54Ile)","chr7","92833162","C/T","CDK6","0.042","dataset0326","Missense","Neutral to the TNFa cytokine expression in CD4⁺ T cell","TNFa cytokine expression","4","Functionally normal","","6.21371e-07","NA","CRISPR-Based Genome Editing","Base editing","38093011"
"NM_001145306.2(CDK6):c.161T>C (p.Met54Thr)","chr7","92833163","A/G","CDK6","-0.152","dataset0326","Missense","Neutral to the TNFa cytokine expression in CD4⁺ T cell","TNFa cytokine expression","4","Functionally normal","","","NA","CRISPR-Based Genome Editing","Base editing","38093011"
"NM_001145306.2(CDK6):c.158G>A (p.Gly53Asp)","chr7","92833166","C/T","CDK6","0.042","dataset0326","Missense","Neutral to the TNFa cytokine expression in CD4⁺ T cell","TNFa cytokine expression","4","Functionally normal","","0","NA","CRISPR-Based Genome Editing","Base editing","38093011"
"NM_001145306.2(CDK6):c.157G>A (p.Gly53Ser)","chr7","92833167","C/T","CDK6","0.042","dataset0326","Missense","Neutral to the TNFa cytokine expression in CD4⁺ T cell","TNFa cytokine expression","4","Functionally normal","","","NA","CRISPR-Based Genome Editing","Base editing","38093011"
"NM_001145306.2(CDK6):c.156G>A (p.Glu52=)","chr7","92833168","C/T","CDK6","0.042","dataset0326","Synonymous","Neutral to the TNFa cytokine expression in CD4⁺ T cell","TNFa cytokine expression","4","Functionally normal","","","NA","CRISPR-Based Genome Editing","Base editing","38093011"
"NM_001145306.2(CDK6):c.147C>T (p.Thr49=)","chr7","92833177","G/A","CDK6","-0.007","dataset0326","Synonymous","Neutral to the TNFa cytokine expression in CD4⁺ T cell","TNFa cytokine expression","4","Functionally normal","","3.72876e-06","NA","CRISPR-Based Genome Editing","Base editing","38093011"
"NM_001145306.2(CDK6):c.146C>T (p.Thr49Ile)","chr7","92833178","G/A","CDK6","-0.007","dataset0326","Missense","Neutral to the TNFa cytokine expression in CD4⁺ T cell","TNFa cytokine expression","4","Functionally normal","","","NA","CRISPR-Based Genome Editing","Base editing","38093011"
"NM_001145306.2(CDK6):c.143A>G (p.Gln48Arg)","chr7","92833181","T/C","CDK6","-0.221","dataset0326","Missense","Neutral to the TNFa cytokine expression in CD4⁺ T cell","TNFa cytokine expression","4","Functionally normal","","1.24265e-06","NA","CRISPR-Based Genome Editing","Base editing","38093011"
"NM_001145306.2(CDK6):c.142C>T (p.Gln48Ter)","chr7","92833182","G/A","CDK6","0.386","dataset0326","Nonsense","The enhanced TNFa cytokine expression in CD4⁺ T cell","TNFa cytokine expression","4","Gain-of-function","","0","NA","CRISPR-Based Genome Editing","Base editing","38093011"
"NM_001145306.2(CDK6):c.136C>T (p.Arg46Trp)","chr7","92833188","G/A","CDK6","0.073","dataset0326","Missense","Neutral to the TNFa cytokine expression in CD4⁺ T cell","TNFa cytokine expression","4","Functionally normal","","1.24298e-06","NA","CRISPR-Based Genome Editing","Base editing","38093011"
"NM_001145306.2(CDK6):c.133G>A (p.Val45Met)","chr7","92833191","C/T","CDK6","0.139","dataset0326","Missense","Neutral to the TNFa cytokine expression in CD4⁺ T cell","TNFa cytokine expression","4","Functionally normal","","1.86392e-06","ucs:1.8% (1/57):0.320","CRISPR-Based Genome Editing","Base editing","38093011"
"NM_001145306.2(CDK6):c.131G>A (p.Arg44His)","chr7","92833193","C/T","CDK6","0.139","dataset0326","Missense","Neutral to the TNFa cytokine expression in CD4⁺ T cell","TNFa cytokine expression","4","Functionally normal","","","NA","CRISPR-Based Genome Editing","Base editing","38093011"
"NM_001145306.2(CDK6):c.129G>A (p.Lys43=)","chr7","92833195","C/T","CDK6","0.139","dataset0326","Synonymous","Neutral to the TNFa cytokine expression in CD4⁺ T cell","TNFa cytokine expression","4","Functionally normal","","6.21131e-07","NA","CRISPR-Based Genome Editing","Base editing","38093011"
"NM_001145306.2(CDK6):c.126G>A (p.Leu42=)","chr7","92833198","C/T","CDK6","0.139","dataset0326","Synonymous","Neutral to the TNFa cytokine expression in CD4⁺ T cell","TNFa cytokine expression","10","Functionally normal","","","NA","CRISPR-Based Genome Editing","Base editing","38093011"
"NM_001145306.2(CDK6):c.123G>A (p.Ala41=)","chr7","92833201","C/T","CDK6","0.139","dataset0326","Synonymous","Neutral to the TNFa cytokine expression in CD4⁺ T cell","TNFa cytokine expression","4","Functionally normal","","0","NA","CRISPR-Based Genome Editing","Base editing","38093011"
"NM_001145306.2(CDK6):c.122C>T (p.Ala41Val)","chr7","92833202","G/A","CDK6","0.057","dataset0326","Missense","Neutral to the TNFa cytokine expression in CD4⁺ T cell","TNFa cytokine expression","4","Functionally normal","","6.21116e-07","NA","CRISPR-Based Genome Editing","Base editing","38093011"
"NM_001145306.2(CDK6):c.121G>A (p.Ala41Thr)","chr7","92833203","C/T","CDK6","0.139","dataset0326","Missense","Neutral to the TNFa cytokine expression in CD4⁺ T cell","TNFa cytokine expression","4","Functionally normal","","","NA","CRISPR-Based Genome Editing","Base editing","38093011"
"NM_001145306.2(CDK6):c.117C>T (p.Phe39=)","chr7","92833207","G/A","CDK6","0.057","dataset0326","Synonymous","Neutral to the TNFa cytokine expression in CD4⁺ T cell","TNFa cytokine expression","4","Functionally normal","","1.24211e-06","NA","CRISPR-Based Genome Editing","Base editing","38093011"
"NM_001145306.2(CDK6):c.111C>T (p.Gly37=)","chr7","92833213","G/A","CDK6","0.067","dataset0326","Synonymous","Neutral to the TNFa cytokine expression in CD4⁺ T cell","TNFa cytokine expression","4","Functionally normal","","","NA","CRISPR-Based Genome Editing","Base editing","38093011"
"NM_001145306.2(CDK6):c.110G>A (p.Gly37Asp)","chr7","92833214","C/T","CDK6","0.092","dataset0326","Missense","Neutral to the TNFa cytokine expression in CD4⁺ T cell","TNFa cytokine expression","4","Functionally normal","","6.20961e-07","NA","CRISPR-Based Genome Editing","Base editing","38093011"
"NM_001145306.2(CDK6):c.109G>A (p.Gly37Ser)","chr7","92833215","C/T","CDK6","0.092","dataset0326","Missense","Neutral to the TNFa cytokine expression in CD4⁺ T cell","TNFa cytokine expression","10","Functionally normal","","","NA","CRISPR-Based Genome Editing","Base editing","38093011"
"NM_001145306.2(CDK6):c.107G>A (p.Gly36Glu)","chr7","92833217","C/T","CDK6","0.092","dataset0326","Missense","Neutral to the TNFa cytokine expression in CD4⁺ T cell","TNFa cytokine expression","4","Functionally normal","","6.20915e-07","NA","CRISPR-Based Genome Editing","Base editing","38093011"
"NM_001145306.2(CDK6):c.106G>A (p.Gly36Arg)","chr7","92833218","C/T","CDK6","0.092","dataset0326","Missense","Neutral to the TNFa cytokine expression in CD4⁺ T cell","TNFa cytokine expression","4","Functionally normal","","0","NA","CRISPR-Based Genome Editing","Base editing","38093011"
"NM_001145306.2(CDK6):c.105C>T (p.Asn35=)","chr7","92833219","G/A","CDK6","0.067","dataset0326","Synonymous","Neutral to the TNFa cytokine expression in CD4⁺ T cell","TNFa cytokine expression","10","Functionally normal","","1.24187e-06","NA","CRISPR-Based Genome Editing","Base editing","38093011"
"NM_001145306.2(CDK6):c.104A>G (p.Asn35Ser)","chr7","92833220","T/C","CDK6","0.117","dataset0326","Missense","Neutral to the TNFa cytokine expression in CD4⁺ T cell","TNFa cytokine expression","4","Functionally normal","","","NA","CRISPR-Based Genome Editing","Base editing","38093011"
"NM_001145306.2(CDK6):c.103A>G (p.Asn35Asp)","chr7","92833221","T/C","CDK6","0.117","dataset0326","Missense","Neutral to the TNFa cytokine expression in CD4⁺ T cell","TNFa cytokine expression","4","Functionally normal","","","NA","CRISPR-Based Genome Editing","Base editing","38093011"
"NM_001145306.2(CDK6):c.102G>A (p.Lys34=)","chr7","92833222","C/T","CDK6","0.092","dataset0326","Synonymous","Neutral to the TNFa cytokine expression in CD4⁺ T cell","TNFa cytokine expression","4","Functionally normal","","2.48338e-06","NA","CRISPR-Based Genome Editing","Base editing","38093011"
"NM_001145306.2(CDK6):c.101A>G (p.Lys34Arg)","chr7","92833223","T/C","CDK6","0.117","dataset0326","Missense","Neutral to the TNFa cytokine expression in CD4⁺ T cell","TNFa cytokine expression","4","Functionally normal","","6.20796e-07","NA","CRISPR-Based Genome Editing","Base editing","38093011"
"NM_001145306.2(CDK6):c.96C>T (p.Asp32=)","chr7","92833228","G/A","CDK6","0.356","dataset0326","Synonymous","The enhanced TNFa cytokine expression in CD4⁺ T cell","TNFa cytokine expression","4","Gain-of-function","","6.20753e-07","NA","CRISPR-Based Genome Editing","Base editing","38093011"
"NM_001145306.2(CDK6):c.95A>G (p.Asp32Gly)","chr7","92833229","T/C","CDK6","0.217","dataset0326","Missense","The enhanced TNFa cytokine expression in CD4⁺ T cell","TNFa cytokine expression","4","Gain-of-function","","","NA","CRISPR-Based Genome Editing","Base editing","38093011"
"NM_001145306.2(CDK6):c.93C>T (p.Arg31=)","chr7","92833231","G/A","CDK6","0.356","dataset0326","Synonymous","The enhanced TNFa cytokine expression in CD4⁺ T cell","TNFa cytokine expression","4","Gain-of-function","","1.24166e-06","NA","CRISPR-Based Genome Editing","Base editing","38093011"
"NM_001145306.2(CDK6):c.91C>T (p.Arg31Cys)","chr7","92833233","G/A","CDK6","0.356","dataset0326","Missense","The enhanced TNFa cytokine expression in CD4⁺ T cell","TNFa cytokine expression","10","Gain-of-function","","","NA","CRISPR-Based Genome Editing","Base editing","38093011"
"NM_001145306.2(CDK6):c.90C>T (p.Ala30=)","chr7","92833234","G/A","CDK6","0.356","dataset0326","Synonymous","The enhanced TNFa cytokine expression in CD4⁺ T cell","TNFa cytokine expression","10","Gain-of-function","","","NA","CRISPR-Based Genome Editing","Base editing","38093011"
"NM_001145306.2(CDK6):c.89C>T (p.Ala30Val)","chr7","92833235","G/A","CDK6","0.356","dataset0326","Missense","The enhanced TNFa cytokine expression in CD4⁺ T cell","TNFa cytokine expression","4","Gain-of-function","","","NA","CRISPR-Based Genome Editing","Base editing","38093011"
"NM_001145306.2(CDK6):c.88G>A (p.Ala30Thr)","chr7","92833236","C/T","CDK6","0.508","dataset0326","Missense","The enhanced TNFa cytokine expression in CD4⁺ T cell","TNFa cytokine expression","4","Gain-of-function","","","NA","CRISPR-Based Genome Editing","Base editing","38093011"
"NM_001145306.2(CDK6):c.87G>A (p.Lys29=)","chr7","92833237","C/T","CDK6","0.508","dataset0326","Synonymous","The enhanced TNFa cytokine expression in CD4⁺ T cell","TNFa cytokine expression","10","Gain-of-function","","","NA","CRISPR-Based Genome Editing","Base editing","38093011"
"NM_001145306.2(CDK6):c.83T>C (p.Phe28Ser)","chr7","92833241","A/G","CDK6","0.342","dataset0326","Missense","The enhanced TNFa cytokine expression in CD4⁺ T cell","TNFa cytokine expression","4","Gain-of-function","","","NA","CRISPR-Based Genome Editing","Base editing","38093011"
"NM_001145306.2(CDK6):c.81G>A (p.Val27=)","chr7","92833243","C/T","CDK6","0.508","dataset0326","Synonymous","The enhanced TNFa cytokine expression in CD4⁺ T cell","TNFa cytokine expression","4","Gain-of-function","","2.48305e-06","NA","CRISPR-Based Genome Editing","Base editing","38093011"
"NM_001145306.2(CDK6):c.79G>A (p.Val27Met)","chr7","92833245","C/T","CDK6","0.508","dataset0326","Missense","The enhanced TNFa cytokine expression in CD4⁺ T cell","TNFa cytokine expression","4","Gain-of-function","","6.20776e-07","NA","CRISPR-Based Genome Editing","Base editing","38093011"
"NM_001145306.2(CDK6):c.78G>A (p.Lys26=)","chr7","92833246","C/T","CDK6","0.508","dataset0326","Synonymous","The enhanced TNFa cytokine expression in CD4⁺ T cell","TNFa cytokine expression","4","Gain-of-function","","1.86232e-06","NA","CRISPR-Based Genome Editing","Base editing","38093011"
"NM_001145306.2(CDK6):c.71A>G (p.Tyr24Cys)","chr7","92833253","T/C","CDK6","-0.001","dataset0326","Missense","Neutral to the TNFa cytokine expression in CD4⁺ T cell","TNFa cytokine expression","4","Functionally normal","","4.34678e-06","NA","CRISPR-Based Genome Editing","Base editing","38093011"
"NM_001145306.2(CDK6):c.69C>T (p.Ala23=)","chr7","92833255","G/A","CDK6","0.106","dataset0326","Synonymous","Neutral to the TNFa cytokine expression in CD4⁺ T cell","TNFa cytokine expression","10","Functionally normal","","1.24188e-06","NA","CRISPR-Based Genome Editing","Base editing","38093011"
"NM_001145306.2(CDK6):c.68C>T (p.Ala23Val)","chr7","92833256","G/A","CDK6","0.106","dataset0326","Missense","Neutral to the TNFa cytokine expression in CD4⁺ T cell","TNFa cytokine expression","4","Functionally normal","","0","NA","CRISPR-Based Genome Editing","Base editing","38093011"
"NM_001145306.2(CDK6):c.66C>T (p.Gly22=)","chr7","92833258","G/A","CDK6","0.106","dataset0326","Synonymous","Neutral to the TNFa cytokine expression in CD4⁺ T cell","TNFa cytokine expression","4","Functionally normal","Likely benign","7.76262e-05","NA","CRISPR-Based Genome Editing","Base editing","38093011"
"NM_001145306.2(CDK6):c.62A>G (p.Glu21Gly)","chr7","92833262","T/C","CDK6","0.048","dataset0326","Missense","Neutral to the TNFa cytokine expression in CD4⁺ T cell","TNFa cytokine expression","4","Functionally normal","","0","NA","CRISPR-Based Genome Editing","Base editing","38093011"
"NM_001145306.2(CDK6):c.57C>T (p.Ile19=)","chr7","92833267","G/A","CDK6","-0.002","dataset0326","Synonymous","Neutral to the TNFa cytokine expression in CD4⁺ T cell","TNFa cytokine expression","10","Functionally normal","","","NA","CRISPR-Based Genome Editing","Base editing","38093011"
"NM_001145306.2(CDK6):c.55A>G (p.Ile19Val)","chr7","92833269","T/C","CDK6","-0.054","dataset0326","Missense","Neutral to the TNFa cytokine expression in CD4⁺ T cell","TNFa cytokine expression","4","Functionally normal","","","NA","CRISPR-Based Genome Editing","Base editing","38093011"
"NM_001145306.2(CDK6):c.52G>A (p.Glu18Lys)","chr7","92833272","C/T","CDK6","0.105","dataset0326","Missense","Neutral to the TNFa cytokine expression in CD4⁺ T cell","TNFa cytokine expression","4","Functionally normal","","0","blca:0.2% (1/411):0.550","CRISPR-Based Genome Editing","Base editing","38093011"
"NM_001145306.2(CDK6):c.51G>A (p.Ala17=)","chr7","92833273","C/T","CDK6","0.105","dataset0326","Synonymous","Neutral to the TNFa cytokine expression in CD4⁺ T cell","TNFa cytokine expression","4","Functionally normal","","","NA","CRISPR-Based Genome Editing","Base editing","38093011"
"NM_001145306.2(CDK6):c.50C>T (p.Ala17Val)","chr7","92833274","G/A","CDK6","-0.15","dataset0326","Missense","Neutral to the TNFa cytokine expression in CD4⁺ T cell","TNFa cytokine expression","4","Functionally normal","","","NA","CRISPR-Based Genome Editing","Base editing","38093011"
"NM_001145306.2(CDK6):c.49G>A (p.Ala17Thr)","chr7","92833275","C/T","CDK6","0.105","dataset0326","Missense","Neutral to the TNFa cytokine expression in CD4⁺ T cell","TNFa cytokine expression","4","Functionally normal","","","NA","CRISPR-Based Genome Editing","Base editing","38093011"
"NM_001145306.2(CDK6):c.48G>A (p.Val16=)","chr7","92833276","C/T","CDK6","0.105","dataset0326","Synonymous","Neutral to the TNFa cytokine expression in CD4⁺ T cell","TNFa cytokine expression","4","Functionally normal","","","NA","CRISPR-Based Genome Editing","Base editing","38093011"
"NM_001145306.2(CDK6):c.47T>C (p.Val16Ala)","chr7","92833277","A/G","CDK6","0.014","dataset0326","Missense","Neutral to the TNFa cytokine expression in CD4⁺ T cell","TNFa cytokine expression","4","Functionally normal","","","NA","CRISPR-Based Genome Editing","Base editing","38093011"
"NM_001145306.2(CDK6):c.46G>A (p.Val16Met)","chr7","92833278","C/T","CDK6","0.105","dataset0326","Missense","Neutral to the TNFa cytokine expression in CD4⁺ T cell","TNFa cytokine expression","4","Functionally normal","","6.21456e-07","NA","CRISPR-Based Genome Editing","Base editing","38093011"
"NM_001145306.2(CDK6):c.45C>T (p.Cys15=)","chr7","92833279","G/A","CDK6","0.322","dataset0326","Synonymous","The enhanced TNFa cytokine expression in CD4⁺ T cell","TNFa cytokine expression","4","Gain-of-function","","1.24305e-06","NA","CRISPR-Based Genome Editing","Base editing","38093011"
"NM_001145306.2(CDK6):c.44G>A (p.Cys15Tyr)","chr7","92833280","C/T","CDK6","0.105","dataset0326","Missense","Neutral to the TNFa cytokine expression in CD4⁺ T cell","TNFa cytokine expression","4","Functionally normal","","","NA","CRISPR-Based Genome Editing","Base editing","38093011"
"NM_001145306.2(CDK6):c.42A>G (p.Glu14=)","chr7","92833282","T/C","CDK6","0.107","dataset0326","Synonymous","Neutral to the TNFa cytokine expression in CD4⁺ T cell","TNFa cytokine expression","4","Functionally normal","","6.21616e-07","NA","CRISPR-Based Genome Editing","Base editing","38093011"
"NM_001145306.2(CDK6):c.41A>G (p.Glu14Gly)","chr7","92833283","T/C","CDK6","0.107","dataset0326","Missense","Neutral to the TNFa cytokine expression in CD4⁺ T cell","TNFa cytokine expression","4","Functionally normal","","","NA","CRISPR-Based Genome Editing","Base editing","38093011"
"NM_001145306.2(CDK6):c.40G>A (p.Glu14Lys)","chr7","92833284","C/T","CDK6","0.028","dataset0326","Missense","Neutral to the TNFa cytokine expression in CD4⁺ T cell","TNFa cytokine expression","10","Functionally normal","","2.48674e-06","NA","CRISPR-Based Genome Editing","Base editing","38093011"
"NM_001145306.2(CDK6):c.39C>T (p.Tyr13=)","chr7","92833285","G/A","CDK6","-0.073","dataset0326","Synonymous","Neutral to the TNFa cytokine expression in CD4⁺ T cell","TNFa cytokine expression","4","Functionally normal","","0.000308457","NA","CRISPR-Based Genome Editing","Base editing","38093011"
"NM_001145306.2(CDK6):c.37T>C (p.Tyr13His)","chr7","92833287","A/G","CDK6","0.126","dataset0326","Missense","Neutral to the TNFa cytokine expression in CD4⁺ T cell","TNFa cytokine expression","4","Functionally normal","","","NA","CRISPR-Based Genome Editing","Base editing","38093011"
"NM_001145306.2(CDK6):c.36G>A (p.Gln12=)","chr7","92833288","C/T","CDK6","0.136","dataset0326","Synonymous","Neutral to the TNFa cytokine expression in CD4⁺ T cell","TNFa cytokine expression","10","Functionally normal","","","NA","CRISPR-Based Genome Editing","Base editing","38093011"
"NM_001145306.2(CDK6):c.35A>G (p.Gln12Arg)","chr7","92833289","T/C","CDK6","-0.037","dataset0326","Missense","Neutral to the TNFa cytokine expression in CD4⁺ T cell","TNFa cytokine expression","4","Functionally normal","","","NA","CRISPR-Based Genome Editing","Base editing","38093011"
"NM_001145306.2(CDK6):c.34C>T (p.Gln12Ter)","chr7","92833290","G/A","CDK6","0.423","dataset0326","Nonsense","The enhanced TNFa cytokine expression in CD4⁺ T cell","TNFa cytokine expression","4","Gain-of-function","","","ucec:0.2% (1/529):0.410","CRISPR-Based Genome Editing","Base editing","38093011"
"NM_001145306.2(CDK6):c.33G>A (p.Gln11=)","chr7","92833291","C/T","CDK6","0.136","dataset0326","Synonymous","Neutral to the TNFa cytokine expression in CD4⁺ T cell","TNFa cytokine expression","4","Functionally normal","","","NA","CRISPR-Based Genome Editing","Base editing","38093011"
"NM_001145306.2(CDK6):c.32A>G (p.Gln11Arg)","chr7","92833292","T/C","CDK6","0.065","dataset0326","Missense","Neutral to the TNFa cytokine expression in CD4⁺ T cell","TNFa cytokine expression","4","Functionally normal","","1.24494e-06","NA","CRISPR-Based Genome Editing","Base editing","38093011"
"NM_001145306.2(CDK6):c.31C>T (p.Gln11Ter)","chr7","92833293","G/A","CDK6","0.423","dataset0326","Nonsense","The enhanced TNFa cytokine expression in CD4⁺ T cell","TNFa cytokine expression","10","Gain-of-function","","6.22781e-07","NA","CRISPR-Based Genome Editing","Base editing","38093011"
"NM_001145306.2(CDK6):c.30C>T (p.Asp10=)","chr7","92833294","G/A","CDK6","0.423","dataset0326","Synonymous","The enhanced TNFa cytokine expression in CD4⁺ T cell","TNFa cytokine expression","10","Gain-of-function","","","NA","CRISPR-Based Genome Editing","Base editing","38093011"
"NM_001145306.2(CDK6):c.14G>A (p.Gly5Asp)","chr7","92833310","C/T","CDK6","0.212","dataset0326","Missense","The enhanced TNFa cytokine expression in CD4⁺ T cell","TNFa cytokine expression","4","Gain-of-function","","6.27627e-07","NA","CRISPR-Based Genome Editing","Base editing","38093011"
"NM_001145306.2(CDK6):c.13G>A (p.Gly5Ser)","chr7","92833311","C/T","CDK6","0.212","dataset0326","Missense","The enhanced TNFa cytokine expression in CD4⁺ T cell","TNFa cytokine expression","4","Gain-of-function","","3.7657e-06","NA","CRISPR-Based Genome Editing","Base editing","38093011"
"NM_001145306.2(CDK6):c.10G>A (p.Asp4Asn)","chr7","92833314","C/T","CDK6","0.212","dataset0326","Missense","The enhanced TNFa cytokine expression in CD4⁺ T cell","TNFa cytokine expression","10","Gain-of-function","","","NA","CRISPR-Based Genome Editing","Base editing","38093011"
"NM_001145306.2(CDK6):c.9G>A (p.Lys3=)","chr7","92833315","C/T","CDK6","0.212","dataset0326","Synonymous","The enhanced TNFa cytokine expression in CD4⁺ T cell","TNFa cytokine expression","10","Gain-of-function","","6.2959e-07","NA","CRISPR-Based Genome Editing","Base editing","38093011"
"NM_001145306.2(CDK6):c.6G>A (p.Glu2=)","chr7","92833318","C/T","CDK6","0.212","dataset0326","Synonymous","The enhanced TNFa cytokine expression in CD4⁺ T cell","TNFa cytokine expression","4","Gain-of-function","","6.31157e-07","NA","CRISPR-Based Genome Editing","Base editing","38093011"
"NM_001145306.2(CDK6):c.4G>A (p.Glu2Lys)","chr7","92833320","C/T","CDK6","0.212","dataset0326","Missense","The enhanced TNFa cytokine expression in CD4⁺ T cell","TNFa cytokine expression","4","Gain-of-function","","","NA","CRISPR-Based Genome Editing","Base editing","38093011"
"NM_001145306.2(CDK6):c.3G>A (p.Met1?)","chr7","92833321","C/T","CDK6","0.212","dataset0326","Start_lost","The enhanced TNFa cytokine expression in CD4⁺ T cell","TNFa cytokine expression","4","Gain-of-function","","","NA","CRISPR-Based Genome Editing","Base editing","38093011"
"NM_001145306.2(CDK6):c.976G>A (p.Ala326Thr)","chr7","92615145","C/T","CDK6","-0.099","dataset0327","Missense","Neutral to the CD25 cell surface activation marker expression in CD4⁺ T cell","CD25 cell surface activation marker expression","4","Functionally normal","","","NA","CRISPR-Based Genome Editing","Base editing","38093011"
"NM_001145306.2(CDK6):c.969G>A (p.Leu323=)","chr7","92615152","C/T","CDK6","-0.036","dataset0327","Synonymous","Neutral to the CD25 cell surface activation marker expression in CD4⁺ T cell","CD25 cell surface activation marker expression","10","Functionally normal","","8.67526e-06","NA","CRISPR-Based Genome Editing","Base editing","38093011"
"NM_001145306.2(CDK6):c.968T>C (p.Leu323Pro)","chr7","92615153","A/G","CDK6","-0.182","dataset0327","Missense","Neutral to the CD25 cell surface activation marker expression in CD4⁺ T cell","CD25 cell surface activation marker expression","4","Functionally normal","","","NA","CRISPR-Based Genome Editing","Base editing","38093011"
"NM_001145306.2(CDK6):c.967C>T (p.Leu323=)","chr7","92615154","G/A","CDK6","0.081","dataset0327","Synonymous","Neutral to the CD25 cell surface activation marker expression in CD4⁺ T cell","CD25 cell surface activation marker expression","4","Functionally normal","","","NA","CRISPR-Based Genome Editing","Base editing","38093011"
"NM_001145306.2(CDK6):c.966G>A (p.Glu322=)","chr7","92615155","C/T","CDK6","-0.041","dataset0327","Synonymous","Neutral to the CD25 cell surface activation marker expression in CD4⁺ T cell","CD25 cell surface activation marker expression","4","Functionally normal","","6.19655e-07","NA","CRISPR-Based Genome Editing","Base editing","38093011"
"NM_001145306.2(CDK6):c.965A>G (p.Glu322Gly)","chr7","92615156","T/C","CDK6","0.058","dataset0327","Missense","Neutral to the CD25 cell surface activation marker expression in CD4⁺ T cell","CD25 cell surface activation marker expression","4","Functionally normal","","1.54923e-05","NA","CRISPR-Based Genome Editing","Base editing","38093011"
"NM_001145306.2(CDK6):c.964G>A (p.Glu322Lys)","chr7","92615157","C/T","CDK6","0.011","dataset0327","Missense","Neutral to the CD25 cell surface activation marker expression in CD4⁺ T cell","CD25 cell surface activation marker expression","10","Functionally normal","","","NA","CRISPR-Based Genome Editing","Base editing","38093011"
"NM_001145306.2(CDK6):c.963G>A (p.Ser321=)","chr7","92615158","C/T","CDK6","0.011","dataset0327","Synonymous","Neutral to the CD25 cell surface activation marker expression in CD4⁺ T cell","CD25 cell surface activation marker expression","10","Functionally normal","","2.41677e-05","NA","CRISPR-Based Genome Editing","Base editing","38093011"
"NM_001145306.2(CDK6):c.962C>T (p.Ser321Leu)","chr7","92615159","G/A","CDK6","0.081","dataset0327","Missense","Neutral to the CD25 cell surface activation marker expression in CD4⁺ T cell","CD25 cell surface activation marker expression","4","Functionally normal","","4.95725e-06","NA","CRISPR-Based Genome Editing","Base editing","38093011"
"NM_001145306.2(CDK6):c.961T>C (p.Ser321Pro)","chr7","92615160","A/G","CDK6","-0.131","dataset0327","Missense","Neutral to the CD25 cell surface activation marker expression in CD4⁺ T cell","CD25 cell surface activation marker expression","4","Functionally normal","","","NA","CRISPR-Based Genome Editing","Base editing","38093011"
"NM_001145306.2(CDK6):c.954G>A (p.Gln318=)","chr7","92615167","C/T","CDK6","0.01","dataset0327","Synonymous","Neutral to the CD25 cell surface activation marker expression in CD4⁺ T cell","CD25 cell surface activation marker expression","10","Functionally normal","","","NA","CRISPR-Based Genome Editing","Base editing","38093011"
"NM_001145306.2(CDK6):c.952C>T (p.Gln318Ter)","chr7","92615169","G/A","CDK6","-0.061","dataset0327","Nonsense","Neutral to the CD25 cell surface activation marker expression in CD4⁺ T cell","CD25 cell surface activation marker expression","4","Functionally normal","","","NA","CRISPR-Based Genome Editing","Base editing","38093011"
"NM_001145306.2(CDK6):c.951C>T (p.Ser317=)","chr7","92615170","G/A","CDK6","-0.061","dataset0327","Synonymous","Neutral to the CD25 cell surface activation marker expression in CD4⁺ T cell","CD25 cell surface activation marker expression","4","Functionally normal","","6.19564e-07","NA","CRISPR-Based Genome Editing","Base editing","38093011"
"NM_001145306.2(CDK6):c.949A>G (p.Ser317Gly)","chr7","92615172","T/C","CDK6","-0.124","dataset0327","Missense","Neutral to the CD25 cell surface activation marker expression in CD4⁺ T cell","CD25 cell surface activation marker expression","4","Functionally normal","","","NA","CRISPR-Based Genome Editing","Base editing","38093011"
"NM_001145306.2(CDK6):c.948C>T (p.Pro316=)","chr7","92615173","G/A","CDK6","-0.061","dataset0327","Synonymous","Neutral to the CD25 cell surface activation marker expression in CD4⁺ T cell","CD25 cell surface activation marker expression","4","Functionally normal","","6.19564e-06","NA","CRISPR-Based Genome Editing","Base editing","38093011"
"NM_001145306.2(CDK6):c.947C>T (p.Pro316Leu)","chr7","92615174","G/A","CDK6","-0.061","dataset0327","Missense","Neutral to the CD25 cell surface activation marker expression in CD4⁺ T cell","CD25 cell surface activation marker expression","4","Functionally normal","","","NA","CRISPR-Based Genome Editing","Base editing","38093011"
"NM_001145306.2(CDK6):c.946C>T (p.Pro316Ser)","chr7","92615175","G/A","CDK6","-0.061","dataset0327","Missense","Neutral to the CD25 cell surface activation marker expression in CD4⁺ T cell","CD25 cell surface activation marker expression","4","Functionally normal","","","NA","CRISPR-Based Genome Editing","Base editing","38093011"
"NM_001145306.2(CDK6):c.945G>A (p.Pro315=)","chr7","92615176","C/T","CDK6","-0.017","dataset0327","Synonymous","Neutral to the CD25 cell surface activation marker expression in CD4⁺ T cell","CD25 cell surface activation marker expression","4","Functionally normal","Likely benign","3.47007e-05","NA","CRISPR-Based Genome Editing","Base editing","38093011"
"NM_001145306.2(CDK6):c.944C>T (p.Pro315Leu)","chr7","92615177","G/A","CDK6","-0.061","dataset0327","Missense","Neutral to the CD25 cell surface activation marker expression in CD4⁺ T cell","CD25 cell surface activation marker expression","4","Functionally normal","","4.33693e-06","NA","CRISPR-Based Genome Editing","Base editing","38093011"
"NM_001145306.2(CDK6):c.943C>T (p.Pro315Ser)","chr7","92615178","G/A","CDK6","-0.061","dataset0327","Missense","Neutral to the CD25 cell surface activation marker expression in CD4⁺ T cell","CD25 cell surface activation marker expression","4","Functionally normal","","1.2392e-06","NA","CRISPR-Based Genome Editing","Base editing","38093011"
"NM_001145306.2(CDK6):c.942G>A (p.Leu314=)","chr7","92615179","C/T","CDK6","0.088","dataset0327","Synonymous","Neutral to the CD25 cell surface activation marker expression in CD4⁺ T cell","CD25 cell surface activation marker expression","4","Functionally normal","","","NA","CRISPR-Based Genome Editing","Base editing","38093011"
"NM_001145306.2(CDK6):c.922G>A (p.Glu308Lys)","chr7","92615199","C/T","CDK6","-0.202","dataset0327","Missense","Neutral to the CD25 cell surface activation marker expression in CD4⁺ T cell","CD25 cell surface activation marker expression","4","Functionally normal","","6.19516e-07","NA","CRISPR-Based Genome Editing","Base editing","38093011"
"NM_001145306.2(CDK6):c.918C>T (p.Cys306=)","chr7","92615203","G/A","CDK6","-0.071","dataset0327","Synonymous","Neutral to the CD25 cell surface activation marker expression in CD4⁺ T cell","CD25 cell surface activation marker expression","4","Functionally normal","","","NA","CRISPR-Based Genome Editing","Base editing","38093011"
"NM_001145306.2(CDK6):c.917G>A (p.Cys306Tyr)","chr7","92615204","C/T","CDK6","-0.202","dataset0327","Missense","Neutral to the CD25 cell surface activation marker expression in CD4⁺ T cell","CD25 cell surface activation marker expression","4","Functionally normal","","","NA","CRISPR-Based Genome Editing","Base editing","38093011"
"NM_001145306.2(CDK6):c.916T>C (p.Cys306Arg)","chr7","92615205","A/G","CDK6","-0.083","dataset0327","Missense","Neutral to the CD25 cell surface activation marker expression in CD4⁺ T cell","CD25 cell surface activation marker expression","4","Functionally normal","","","NA","CRISPR-Based Genome Editing","Base editing","38093011"
"NM_001145306.2(CDK6):c.915G>A (p.Arg305=)","chr7","92615206","C/T","CDK6","0.545","dataset0327","Synonymous","The enhanced CD25 cell surface activation marker expression in CD4⁺ T cell","CD25 cell surface activation marker expression","10","Gain-of-function","","","NA","CRISPR-Based Genome Editing","Base editing","38093011"
"NM_001145306.2(CDK6):c.914G>A (p.Arg305Lys)","chr7","92615207","C/T","CDK6","-0.074","dataset0327","Missense","Neutral to the CD25 cell surface activation marker expression in CD4⁺ T cell","CD25 cell surface activation marker expression","4","Functionally normal","","","NA","CRISPR-Based Genome Editing","Base editing","38093011"
"NM_001145306.2(CDK6):c.913A>G (p.Arg305Gly)","chr7","92615208","T/C","CDK6","-0.094","dataset0327","Missense","Neutral to the CD25 cell surface activation marker expression in CD4⁺ T cell","CD25 cell surface activation marker expression","4","Functionally normal","","","NA","CRISPR-Based Genome Editing","Base editing","38093011"
"NM_001145306.2(CDK6):c.912A>G (p.Glu304=)","chr7","92615209","T/C","CDK6","-0.094","dataset0327","Synonymous","Neutral to the CD25 cell surface activation marker expression in CD4⁺ T cell","CD25 cell surface activation marker expression","4","Functionally normal","","","NA","CRISPR-Based Genome Editing","Base editing","38093011"
"NM_001145306.2(CDK6):c.911A>G (p.Glu304Gly)","chr7","92615210","T/C","CDK6","-0.094","dataset0327","Missense","Neutral to the CD25 cell surface activation marker expression in CD4⁺ T cell","CD25 cell surface activation marker expression","4","Functionally normal","","","NA","CRISPR-Based Genome Editing","Base editing","38093011"
"NM_001145306.2(CDK6):c.910G>A (p.Glu304Lys)","chr7","92615211","C/T","CDK6","-0.168","dataset0327","Missense","Neutral to the CD25 cell surface activation marker expression in CD4⁺ T cell","CD25 cell surface activation marker expression","10","Functionally normal","","0","NA","CRISPR-Based Genome Editing","Base editing","38093011"
"NM_001145306.2(CDK6):c.908T>C (p.Leu303Pro)","chr7","92615213","A/G","CDK6","-0.07","dataset0327","Missense","Neutral to the CD25 cell surface activation marker expression in CD4⁺ T cell","CD25 cell surface activation marker expression","4","Functionally normal","","","NA","CRISPR-Based Genome Editing","Base editing","38093011"
"NM_001145306.2(CDK6):c.903G>A (p.Gln301=)","chr7","92615218","C/T","CDK6","0.268","dataset0327","Synonymous","Neutral to the CD25 cell surface activation marker expression in CD4⁺ T cell","CD25 cell surface activation marker expression","4","Functionally normal","","","NA","CRISPR-Based Genome Editing","Base editing","38093011"
"NM_001145306.2(CDK6):c.901C>T (p.Gln301Ter)","chr7","92615220","G/A","CDK6","-0.386","dataset0327","Nonsense","The diminished CD25 cell surface activation marker expression in CD4⁺ T cell","CD25 cell surface activation marker expression","4","Loss-of-function","","6.19516e-07","NA","CRISPR-Based Genome Editing","Base editing","38093011"
"NM_001145306.2(CDK6):c.900C>T (p.Phe300=)","chr7","92615221","G/A","CDK6","0.406","dataset0327","Synonymous","The enhanced CD25 cell surface activation marker expression in CD4⁺ T cell","CD25 cell surface activation marker expression","10","Gain-of-function","","","NA","CRISPR-Based Genome Editing","Base editing","38093011"
"NM_001145306.2(CDK6):c.899T>C (p.Phe300Ser)","chr7","92615222","A/G","CDK6","0.864","dataset0327","Missense","The enhanced CD25 cell surface activation marker expression in CD4⁺ T cell","CD25 cell surface activation marker expression","4","Gain-of-function","","","NA","CRISPR-Based Genome Editing","Base editing","38093011"
"NM_001145306.2(CDK6):c.898T>C (p.Phe300Leu)","chr7","92615223","A/G","CDK6","0.864","dataset0327","Missense","The enhanced CD25 cell surface activation marker expression in CD4⁺ T cell","CD25 cell surface activation marker expression","4","Gain-of-function","","","NA","CRISPR-Based Genome Editing","Base editing","38093011"
"NM_001145306.2(CDK6):c.897C>T (p.Tyr299=)","chr7","92615224","G/A","CDK6","0.406","dataset0327","Synonymous","The enhanced CD25 cell surface activation marker expression in CD4⁺ T cell","CD25 cell surface activation marker expression","10","Gain-of-function","","","NA","CRISPR-Based Genome Editing","Base editing","38093011"
"NM_001145306.2(CDK6):c.896A>G (p.Tyr299Cys)","chr7","92615225","T/C","CDK6","-0.05","dataset0327","Missense","Neutral to the CD25 cell surface activation marker expression in CD4⁺ T cell","CD25 cell surface activation marker expression","4","Functionally normal","","","NA","CRISPR-Based Genome Editing","Base editing","38093011"
"NM_001145306.2(CDK6):c.894A>G (p.Pro298=)","chr7","92615227","T/C","CDK6","-0.035","dataset0327","Synonymous","Neutral to the CD25 cell surface activation marker expression in CD4⁺ T cell","CD25 cell surface activation marker expression","4","Functionally normal","Likely benign","7.18629e-05","NA","CRISPR-Based Genome Editing","Base editing","38093011"
"NM_001145306.2(CDK6):c.893C>T (p.Pro298Leu)","chr7","92615228","G/A","CDK6","0.043","dataset0327","Missense","Neutral to the CD25 cell surface activation marker expression in CD4⁺ T cell","CD25 cell surface activation marker expression","4","Functionally normal","","","NA","CRISPR-Based Genome Editing","Base editing","38093011"
"NM_001145306.2(CDK6):c.890A>G (p.His297Arg)","chr7","92615231","T/C","CDK6","-0.035","dataset0327","Missense","Neutral to the CD25 cell surface activation marker expression in CD4⁺ T cell","CD25 cell surface activation marker expression","4","Functionally normal","","","NA","CRISPR-Based Genome Editing","Base editing","38093011"
"NM_001145306.2(CDK6):c.888T>C (p.Ser296=)","chr7","92615233","A/G","CDK6","0.192","dataset0327","Synonymous","Neutral to the CD25 cell surface activation marker expression in CD4⁺ T cell","CD25 cell surface activation marker expression","4","Functionally normal","","1.85852e-06","NA","CRISPR-Based Genome Editing","Base editing","38093011"
"NM_001145306.2(CDK6):c.885G>A (p.Leu295=)","chr7","92615236","C/T","CDK6","0.0","dataset0327","Synonymous","Neutral to the CD25 cell surface activation marker expression in CD4⁺ T cell","CD25 cell surface activation marker expression","4","Functionally normal","","","NA","CRISPR-Based Genome Editing","Base editing","38093011"
"NM_001145306.2(CDK6):c.878G>A (p.Ser293Asn)","chr7","92615243","C/T","CDK6","0.022","dataset0327","Missense","Neutral to the CD25 cell surface activation marker expression in CD4⁺ T cell","CD25 cell surface activation marker expression","4","Functionally normal","","6.19546e-07","NA","CRISPR-Based Genome Editing","Base editing","38093011"
"NM_001145306.2(CDK6):c.874T>C (p.Tyr292His)","chr7","92615247","A/G","CDK6","-0.154","dataset0327","Missense","Neutral to the CD25 cell surface activation marker expression in CD4⁺ T cell","CD25 cell surface activation marker expression","4","Functionally normal","","","NA","CRISPR-Based Genome Editing","Base editing","38093011"
"NM_001145306.2(CDK6):c.871G>A (p.Ala291Thr)","chr7","92615250","C/T","CDK6","-0.059","dataset0327","Missense","Neutral to the CD25 cell surface activation marker expression in CD4⁺ T cell","CD25 cell surface activation marker expression","4","Functionally normal","","","ucec:0.2% (1/529):0.500","CRISPR-Based Genome Editing","Base editing","38093011"
"NM_001145306.2(CDK6):c.870T>C (p.Ser290=)","chr7","92615251","A/G","CDK6","-0.205","dataset0327","Synonymous","Neutral to the CD25 cell surface activation marker expression in CD4⁺ T cell","CD25 cell surface activation marker expression","4","Functionally normal","","","NA","CRISPR-Based Genome Editing","Base editing","38093011"
"NM_001145306.2(CDK6):c.868T>C (p.Ser290Pro)","chr7","92615253","A/G","CDK6","-0.205","dataset0327","Missense","Neutral to the CD25 cell surface activation marker expression in CD4⁺ T cell","CD25 cell surface activation marker expression","4","Functionally normal","","6.19528e-07","NA","CRISPR-Based Genome Editing","Base editing","38093011"
"NM_001145306.2(CDK6):c.825C>T (p.Asp275=)","chr7","92618081","G/A","CDK6","0.137","dataset0327","Synonymous","Neutral to the CD25 cell surface activation marker expression in CD4⁺ T cell","CD25 cell surface activation marker expression","4","Functionally normal","","","NA","CRISPR-Based Genome Editing","Base editing","38093011"
"NM_001145306.2(CDK6):c.820A>G (p.Lys274Glu)","chr7","92618086","T/C","CDK6","-0.064","dataset0327","Missense","Neutral to the CD25 cell surface activation marker expression in CD4⁺ T cell","CD25 cell surface activation marker expression","4","Functionally normal","","6.19537e-07","NA","CRISPR-Based Genome Editing","Base editing","38093011"
"NM_001145306.2(CDK6):c.819C>T (p.Gly273=)","chr7","92618087","G/A","CDK6","0.137","dataset0327","Synonymous","Neutral to the CD25 cell surface activation marker expression in CD4⁺ T cell","CD25 cell surface activation marker expression","4","Functionally normal","","","NA","CRISPR-Based Genome Editing","Base editing","38093011"
"NM_001145306.2(CDK6):c.816A>G (p.Leu272=)","chr7","92618090","T/C","CDK6","-0.064","dataset0327","Synonymous","Neutral to the CD25 cell surface activation marker expression in CD4⁺ T cell","CD25 cell surface activation marker expression","4","Functionally normal","","1.23915e-06","NA","CRISPR-Based Genome Editing","Base editing","38093011"
"NM_001145306.2(CDK6):c.814C>T (p.Leu272=)","chr7","92618092","G/A","CDK6","0.137","dataset0327","Synonymous","Neutral to the CD25 cell surface activation marker expression in CD4⁺ T cell","CD25 cell surface activation marker expression","4","Functionally normal","","","NA","CRISPR-Based Genome Editing","Base editing","38093011"
"NM_001145306.2(CDK6):c.807C>T (p.Ile269=)","chr7","92618099","G/A","CDK6","-0.032","dataset0327","Synonymous","Neutral to the CD25 cell surface activation marker expression in CD4⁺ T cell","CD25 cell surface activation marker expression","4","Functionally normal","","2.47822e-06","NA","CRISPR-Based Genome Editing","Base editing","38093011"
"NM_001145306.2(CDK6):c.803A>G (p.Asp268Gly)","chr7","92618103","T/C","CDK6","-0.117","dataset0327","Missense","Neutral to the CD25 cell surface activation marker expression in CD4⁺ T cell","CD25 cell surface activation marker expression","4","Functionally normal","","6.19517e-07","NA","CRISPR-Based Genome Editing","Base editing","38093011"
"NM_001145306.2(CDK6):c.802G>A (p.Asp268Asn)","chr7","92618104","C/T","CDK6","-0.1","dataset0327","Missense","Neutral to the CD25 cell surface activation marker expression in CD4⁺ T cell","CD25 cell surface activation marker expression","4","Functionally normal","","","NA","CRISPR-Based Genome Editing","Base editing","38093011"
"NM_001145306.2(CDK6):c.801A>G (p.Thr267=)","chr7","92618105","T/C","CDK6","-0.117","dataset0327","Synonymous","Neutral to the CD25 cell surface activation marker expression in CD4⁺ T cell","CD25 cell surface activation marker expression","4","Functionally normal","","","NA","CRISPR-Based Genome Editing","Base editing","38093011"
"NM_001145306.2(CDK6):c.800C>T (p.Thr267Ile)","chr7","92618106","G/A","CDK6","-0.032","dataset0327","Missense","Neutral to the CD25 cell surface activation marker expression in CD4⁺ T cell","CD25 cell surface activation marker expression","10","Functionally normal","","","NA","CRISPR-Based Genome Editing","Base editing","38093011"
"NM_001145306.2(CDK6):c.799A>G (p.Thr267Ala)","chr7","92618107","T/C","CDK6","-0.117","dataset0327","Missense","Neutral to the CD25 cell surface activation marker expression in CD4⁺ T cell","CD25 cell surface activation marker expression","4","Functionally normal","","","NA","CRISPR-Based Genome Editing","Base editing","38093011"
"NM_001145306.2(CDK6):c.798A>G (p.Val266=)","chr7","92618108","T/C","CDK6","-0.117","dataset0327","Synonymous","Neutral to the CD25 cell surface activation marker expression in CD4⁺ T cell","CD25 cell surface activation marker expression","4","Functionally normal","","","NA","CRISPR-Based Genome Editing","Base editing","38093011"
"NM_001145306.2(CDK6):c.797T>C (p.Val266Ala)","chr7","92618109","A/G","CDK6","0.0","dataset0327","Missense","Neutral to the CD25 cell surface activation marker expression in CD4⁺ T cell","CD25 cell surface activation marker expression","4","Functionally normal","","","NA","CRISPR-Based Genome Editing","Base editing","38093011"
"NM_001145306.2(CDK6):c.796G>A (p.Val266Ile)","chr7","92618110","C/T","CDK6","0.08","dataset0327","Missense","Neutral to the CD25 cell surface activation marker expression in CD4⁺ T cell","CD25 cell surface activation marker expression","10","Functionally normal","","","NA","CRISPR-Based Genome Editing","Base editing","38093011"
"NM_001145306.2(CDK6):c.795T>C (p.Phe265=)","chr7","92618111","A/G","CDK6","-0.04","dataset0327","Synonymous","Neutral to the CD25 cell surface activation marker expression in CD4⁺ T cell","CD25 cell surface activation marker expression","4","Functionally normal","","","NA","CRISPR-Based Genome Editing","Base editing","38093011"
"NM_001145306.2(CDK6):c.794T>C (p.Phe265Ser)","chr7","92618112","A/G","CDK6","-0.04","dataset0327","Missense","Neutral to the CD25 cell surface activation marker expression in CD4⁺ T cell","CD25 cell surface activation marker expression","4","Functionally normal","","","NA","CRISPR-Based Genome Editing","Base editing","38093011"
"NM_001145306.2(CDK6):c.793T>C (p.Phe265Leu)","chr7","92618113","A/G","CDK6","-0.04","dataset0327","Missense","Neutral to the CD25 cell surface activation marker expression in CD4⁺ T cell","CD25 cell surface activation marker expression","4","Functionally normal","","","NA","CRISPR-Based Genome Editing","Base editing","38093011"
"NM_001145306.2(CDK6):c.792G>A (p.Lys264=)","chr7","92618114","C/T","CDK6","0.08","dataset0327","Synonymous","Neutral to the CD25 cell surface activation marker expression in CD4⁺ T cell","CD25 cell surface activation marker expression","10","Functionally normal","","6.19516e-07","NA","CRISPR-Based Genome Editing","Base editing","38093011"
"NM_001145306.2(CDK6):c.766T>C (p.Ser256Pro)","chr7","92618140","A/G","CDK6","-0.108","dataset0327","Missense","Neutral to the CD25 cell surface activation marker expression in CD4⁺ T cell","CD25 cell surface activation marker expression","4","Functionally normal","","","NA","CRISPR-Based Genome Editing","Base editing","38093011"
"NM_001145306.2(CDK6):c.765T>C (p.His255=)","chr7","92618141","A/G","CDK6","-0.108","dataset0327","Synonymous","Neutral to the CD25 cell surface activation marker expression in CD4⁺ T cell","CD25 cell surface activation marker expression","4","Functionally normal","","1.85852e-06","NA","CRISPR-Based Genome Editing","Base editing","38093011"
"NM_001145306.2(CDK6):c.762T>C (p.Phe254=)","chr7","92618144","A/G","CDK6","0.212","dataset0327","Synonymous","Neutral to the CD25 cell surface activation marker expression in CD4⁺ T cell","CD25 cell surface activation marker expression","4","Functionally normal","","","NA","CRISPR-Based Genome Editing","Base editing","38093011"
"NM_001145306.2(CDK6):c.761T>C (p.Phe254Ser)","chr7","92618145","A/G","CDK6","0.212","dataset0327","Missense","Neutral to the CD25 cell surface activation marker expression in CD4⁺ T cell","CD25 cell surface activation marker expression","4","Functionally normal","","","NA","CRISPR-Based Genome Editing","Base editing","38093011"
"NM_001145306.2(CDK6):c.760T>C (p.Phe254Leu)","chr7","92618146","A/G","CDK6","0.212","dataset0327","Missense","Neutral to the CD25 cell surface activation marker expression in CD4⁺ T cell","CD25 cell surface activation marker expression","4","Functionally normal","","","NA","CRISPR-Based Genome Editing","Base editing","38093011"
"NM_001145306.2(CDK6):c.759T>C (p.Ala253=)","chr7","92618147","A/G","CDK6","0.212","dataset0327","Synonymous","Neutral to the CD25 cell surface activation marker expression in CD4⁺ T cell","CD25 cell surface activation marker expression","4","Functionally normal","","1.23911e-06","NA","CRISPR-Based Genome Editing","Base editing","38093011"
"NM_001145306.2(CDK6):c.757G>A (p.Ala253Thr)","chr7","92618149","C/T","CDK6","0.04","dataset0327","Missense","Neutral to the CD25 cell surface activation marker expression in CD4⁺ T cell","CD25 cell surface activation marker expression","4","Functionally normal","","6.1955e-07","NA","CRISPR-Based Genome Editing","Base editing","38093011"
"NM_001145306.2(CDK6):c.756G>A (p.Gln252=)","chr7","92618150","C/T","CDK6","0.04","dataset0327","Synonymous","Neutral to the CD25 cell surface activation marker expression in CD4⁺ T cell","CD25 cell surface activation marker expression","4","Functionally normal","","6.1951e-07","NA","CRISPR-Based Genome Editing","Base editing","38093011"
"NM_001145306.2(CDK6):c.753G>A (p.Arg251=)","chr7","92618153","C/T","CDK6","0.187","dataset0327","Synonymous","Neutral to the CD25 cell surface activation marker expression in CD4⁺ T cell","CD25 cell surface activation marker expression","4","Functionally normal","","6.19578e-07","NA","CRISPR-Based Genome Editing","Base editing","38093011"
"NM_001145306.2(CDK6):c.752G>A (p.Arg251Lys)","chr7","92618154","C/T","CDK6","0.239","dataset0327","Missense","Neutral to the CD25 cell surface activation marker expression in CD4⁺ T cell","CD25 cell surface activation marker expression","4","Functionally normal","","6.19516e-07","NA","CRISPR-Based Genome Editing","Base editing","38093011"
"NM_001145306.2(CDK6):c.747T>C (p.Leu249=)","chr7","92618159","A/G","CDK6","0.543","dataset0327","Synonymous","The enhanced CD25 cell surface activation marker expression in CD4⁺ T cell","CD25 cell surface activation marker expression","4","Gain-of-function","","","NA","CRISPR-Based Genome Editing","Base editing","38093011"
"NM_001145306.2(CDK6):c.746T>C (p.Leu249Pro)","chr7","92618160","A/G","CDK6","0.543","dataset0327","Missense","The enhanced CD25 cell surface activation marker expression in CD4⁺ T cell","CD25 cell surface activation marker expression","4","Gain-of-function","","","NA","CRISPR-Based Genome Editing","Base editing","38093011"
"NM_001145306.2(CDK6):c.745C>T (p.Leu249Phe)","chr7","92618161","G/A","CDK6","-0.116","dataset0327","Missense","Neutral to the CD25 cell surface activation marker expression in CD4⁺ T cell","CD25 cell surface activation marker expression","4","Functionally normal","","","NA","CRISPR-Based Genome Editing","Base editing","38093011"
"NM_001145306.2(CDK6):c.744C>T (p.Ala248=)","chr7","92618162","G/A","CDK6","-0.116","dataset0327","Synonymous","Neutral to the CD25 cell surface activation marker expression in CD4⁺ T cell","CD25 cell surface activation marker expression","4","Functionally normal","","","NA","CRISPR-Based Genome Editing","Base editing","38093011"
"NM_001145306.2(CDK6):c.743C>T (p.Ala248Val)","chr7","92618163","G/A","CDK6","0.004","dataset0327","Missense","Neutral to the CD25 cell surface activation marker expression in CD4⁺ T cell","CD25 cell surface activation marker expression","4","Functionally normal","","","NA","CRISPR-Based Genome Editing","Base editing","38093011"
"NM_001145306.2(CDK6):c.742G>A (p.Ala248Thr)","chr7","92618164","C/T","CDK6","0.239","dataset0327","Missense","Neutral to the CD25 cell surface activation marker expression in CD4⁺ T cell","CD25 cell surface activation marker expression","4","Functionally normal","","","NA","CRISPR-Based Genome Editing","Base editing","38093011"
"NM_001145306.2(CDK6):c.737A>G (p.Asp246Gly)","chr7","92618169","T/C","CDK6","-0.023","dataset0327","Missense","Neutral to the CD25 cell surface activation marker expression in CD4⁺ T cell","CD25 cell surface activation marker expression","4","Functionally normal","","","NA","CRISPR-Based Genome Editing","Base editing","38093011"
"NM_001145306.2(CDK6):c.735A>G (p.Arg245=)","chr7","92618171","T/C","CDK6","0.044","dataset0327","Synonymous","Neutral to the CD25 cell surface activation marker expression in CD4⁺ T cell","CD25 cell surface activation marker expression","4","Functionally normal","","","NA","CRISPR-Based Genome Editing","Base editing","38093011"
"NM_001145306.2(CDK6):c.734G>A (p.Arg245Lys)","chr7","92618172","C/T","CDK6","0.121","dataset0327","Missense","Neutral to the CD25 cell surface activation marker expression in CD4⁺ T cell","CD25 cell surface activation marker expression","4","Functionally normal","","","NA","CRISPR-Based Genome Editing","Base editing","38093011"
"NM_001145306.2(CDK6):c.733A>G (p.Arg245Gly)","chr7","92618173","T/C","CDK6","0.044","dataset0327","Missense","Neutral to the CD25 cell surface activation marker expression in CD4⁺ T cell","CD25 cell surface activation marker expression","4","Functionally normal","","6.19543e-07","NA","CRISPR-Based Genome Editing","Base editing","38093011"
"NM_001145306.2(CDK6):c.732T>C (p.Pro244=)","chr7","92618174","A/G","CDK6","-0.322","dataset0327","Synonymous","Neutral to the CD25 cell surface activation marker expression in CD4⁺ T cell","CD25 cell surface activation marker expression","4","Functionally normal","","","NA","CRISPR-Based Genome Editing","Base editing","38093011"
"NM_001145306.2(CDK6):c.729G>A (p.Trp243Ter)","chr7","92618177","C/T","CDK6","0.795","dataset0327","Nonsense","The enhanced CD25 cell surface activation marker expression in CD4⁺ T cell","CD25 cell surface activation marker expression","4","Gain-of-function","","","NA","CRISPR-Based Genome Editing","Base editing","38093011"
"NM_001145306.2(CDK6):c.728G>A (p.Trp243Ter)","chr7","92618178","C/T","CDK6","0.795","dataset0327","Nonsense","The enhanced CD25 cell surface activation marker expression in CD4⁺ T cell","CD25 cell surface activation marker expression","10","Gain-of-function","","","NA","CRISPR-Based Genome Editing","Base editing","38093011"
"NM_001145306.2(CDK6):c.727T>C (p.Trp243Arg)","chr7","92618179","A/G","CDK6","0.947","dataset0327","Missense","The enhanced CD25 cell surface activation marker expression in CD4⁺ T cell","CD25 cell surface activation marker expression","4","Gain-of-function","","6.1951e-07","NA","CRISPR-Based Genome Editing","Base editing","38093011"
"NM_001145306.2(CDK6):c.724G>A (p.Asp242Asn)","chr7","92618182","C/T","CDK6","0.795","dataset0327","Missense","The enhanced CD25 cell surface activation marker expression in CD4⁺ T cell","CD25 cell surface activation marker expression","4","Gain-of-function","","","NA","CRISPR-Based Genome Editing","Base editing","38093011"
"NM_001145306.2(CDK6):c.714A>G (p.Pro238=)","chr7","92618192","T/C","CDK6","-0.269","dataset0327","Synonymous","Neutral to the CD25 cell surface activation marker expression in CD4⁺ T cell","CD25 cell surface activation marker expression","4","Functionally normal","","","NA","CRISPR-Based Genome Editing","Base editing","38093011"
"NM_001145306.2(CDK6):c.713C>T (p.Pro238Leu)","chr7","92618193","G/A","CDK6","-0.06","dataset0327","Missense","Neutral to the CD25 cell surface activation marker expression in CD4⁺ T cell","CD25 cell surface activation marker expression","4","Functionally normal","","","NA","CRISPR-Based Genome Editing","Base editing","38093011"
"NM_001145306.2(CDK6):c.712C>T (p.Pro238Ser)","chr7","92618194","G/A","CDK6","-0.06","dataset0327","Missense","Neutral to the CD25 cell surface activation marker expression in CD4⁺ T cell","CD25 cell surface activation marker expression","4","Functionally normal","","","NA","CRISPR-Based Genome Editing","Base editing","38093011"
"NM_001145306.2(CDK6):c.711C>T (p.Leu237=)","chr7","92618195","G/A","CDK6","-0.06","dataset0327","Synonymous","Neutral to the CD25 cell surface activation marker expression in CD4⁺ T cell","CD25 cell surface activation marker expression","10","Functionally normal","","","NA","CRISPR-Based Genome Editing","Base editing","38093011"
"NM_001145306.2(CDK6):c.709C>T (p.Leu237Phe)","chr7","92618197","G/A","CDK6","-0.06","dataset0327","Missense","Neutral to the CD25 cell surface activation marker expression in CD4⁺ T cell","CD25 cell surface activation marker expression","4","Functionally normal","","","NA","CRISPR-Based Genome Editing","Base editing","38093011"
"NM_001145306.2(CDK6):c.700G>A (p.Val234Met)","chr7","92618206","C/T","CDK6","0.71","dataset0327","Missense","The enhanced CD25 cell surface activation marker expression in CD4⁺ T cell","CD25 cell surface activation marker expression","4","Gain-of-function","Uncertain significance","8.05587e-06","blca:0.2% (1/411):0.250;stad:0.2% (1/440):0.110","CRISPR-Based Genome Editing","Base editing","38093011"
"NM_001145306.2(CDK6):c.699C>T (p.Asp233=)","chr7","92618207","G/A","CDK6","0.021","dataset0327","Splice site","Neutral to the CD25 cell surface activation marker expression in CD4⁺ T cell","CD25 cell surface activation marker expression","4","Functionally normal","","1.05349e-05","NA","CRISPR-Based Genome Editing","Base editing","38093011"
"NM_001145306.2(CDK6):c.682C>T (p.Leu228=)","chr7","92623052","G/A","CDK6","0.237","dataset0327","Synonymous","Neutral to the CD25 cell surface activation marker expression in CD4⁺ T cell","CD25 cell surface activation marker expression","10","Functionally normal","","","NA","CRISPR-Based Genome Editing","Base editing","38093011"
"NM_001145306.2(CDK6):c.681A>G (p.Gln227=)","chr7","92623053","T/C","CDK6","0.385","dataset0327","Synonymous","The enhanced CD25 cell surface activation marker expression in CD4⁺ T cell","CD25 cell surface activation marker expression","4","Gain-of-function","","1.26064e-06","NA","CRISPR-Based Genome Editing","Base editing","38093011"
"NM_001145306.2(CDK6):c.680A>G (p.Gln227Arg)","chr7","92623054","T/C","CDK6","0.385","dataset0327","Missense","The enhanced CD25 cell surface activation marker expression in CD4⁺ T cell","CD25 cell surface activation marker expression","4","Gain-of-function","","6.30165e-07","NA","CRISPR-Based Genome Editing","Base editing","38093011"
"NM_001145306.2(CDK6):c.679C>T (p.Gln227Ter)","chr7","92623055","G/A","CDK6","0.237","dataset0327","Nonsense","Neutral to the CD25 cell surface activation marker expression in CD4⁺ T cell","CD25 cell surface activation marker expression","10","Functionally normal","","","NA","CRISPR-Based Genome Editing","Base editing","38093011"
"NM_001145306.2(CDK6):c.677A>G (p.Asp226Gly)","chr7","92623057","T/C","CDK6","0.385","dataset0327","Missense","The enhanced CD25 cell surface activation marker expression in CD4⁺ T cell","CD25 cell surface activation marker expression","4","Gain-of-function","","6.30119e-07","NA","CRISPR-Based Genome Editing","Base editing","38093011"
"NM_001145306.2(CDK6):c.671A>G (p.Asp224Gly)","chr7","92623063","T/C","CDK6","-0.093","dataset0327","Missense","Neutral to the CD25 cell surface activation marker expression in CD4⁺ T cell","CD25 cell surface activation marker expression","4","Functionally normal","","","NA","CRISPR-Based Genome Editing","Base editing","38093011"
"NM_001145306.2(CDK6):c.670G>A (p.Asp224Asn)","chr7","92623064","C/T","CDK6","0.667","dataset0327","Missense","The enhanced CD25 cell surface activation marker expression in CD4⁺ T cell","CD25 cell surface activation marker expression","4","Gain-of-function","","","NA","CRISPR-Based Genome Editing","Base editing","38093011"
"NM_001145306.2(CDK6):c.669A>G (p.Ser223=)","chr7","92623065","T/C","CDK6","-0.093","dataset0327","Synonymous","Neutral to the CD25 cell surface activation marker expression in CD4⁺ T cell","CD25 cell surface activation marker expression","4","Functionally normal","","6.30107e-07","NA","CRISPR-Based Genome Editing","Base editing","38093011"
"NM_001145306.2(CDK6):c.668C>T (p.Ser223Leu)","chr7","92623066","G/A","CDK6","0.056","dataset0327","Missense","Neutral to the CD25 cell surface activation marker expression in CD4⁺ T cell","CD25 cell surface activation marker expression","10","Functionally normal","","0","NA","CRISPR-Based Genome Editing","Base editing","38093011"
"NM_001145306.2(CDK6):c.667T>C (p.Ser223Pro)","chr7","92623067","A/G","CDK6","0.039","dataset0327","Missense","Neutral to the CD25 cell surface activation marker expression in CD4⁺ T cell","CD25 cell surface activation marker expression","4","Functionally normal","","","NA","CRISPR-Based Genome Editing","Base editing","38093011"
"NM_001145306.2(CDK6):c.666T>C (p.Ser222=)","chr7","92623068","A/G","CDK6","0.039","dataset0327","Synonymous","Neutral to the CD25 cell surface activation marker expression in CD4⁺ T cell","CD25 cell surface activation marker expression","4","Functionally normal","","","NA","CRISPR-Based Genome Editing","Base editing","38093011"
"NM_001145306.2(CDK6):c.665G>A (p.Ser222Asn)","chr7","92623069","C/T","CDK6","0.667","dataset0327","Missense","The enhanced CD25 cell surface activation marker expression in CD4⁺ T cell","CD25 cell surface activation marker expression","10","Gain-of-function","","0","NA","CRISPR-Based Genome Editing","Base editing","38093011"
"NM_001145306.2(CDK6):c.662G>A (p.Gly221Glu)","chr7","92623072","C/T","CDK6","0.667","dataset0327","Missense","The enhanced CD25 cell surface activation marker expression in CD4⁺ T cell","CD25 cell surface activation marker expression","4","Gain-of-function","","","NA","CRISPR-Based Genome Editing","Base editing","38093011"
"NM_001145306.2(CDK6):c.661G>A (p.Gly221Arg)","chr7","92623073","C/T","CDK6","0.667","dataset0327","Missense","The enhanced CD25 cell surface activation marker expression in CD4⁺ T cell","CD25 cell surface activation marker expression","4","Gain-of-function","","","NA","CRISPR-Based Genome Editing","Base editing","38093011"
"NM_001145306.2(CDK6):c.659G>A (p.Arg220His)","chr7","92623075","C/T","CDK6","0.667","dataset0327","Missense","The enhanced CD25 cell surface activation marker expression in CD4⁺ T cell","CD25 cell surface activation marker expression","4","Gain-of-function","Uncertain significance","2.59197e-05","NA","CRISPR-Based Genome Editing","Base editing","38093011"
"NM_001145306.2(CDK6):c.652C>T (p.Leu218Phe)","chr7","92623082","G/A","CDK6","0.06","dataset0327","Missense","Neutral to the CD25 cell surface activation marker expression in CD4⁺ T cell","CD25 cell surface activation marker expression","4","Functionally normal","","0","NA","CRISPR-Based Genome Editing","Base editing","38093011"
"NM_001145306.2(CDK6):c.650C>T (p.Pro217Leu)","chr7","92623084","G/A","CDK6","0.06","dataset0327","Missense","Neutral to the CD25 cell surface activation marker expression in CD4⁺ T cell","CD25 cell surface activation marker expression","4","Functionally normal","","0","NA","CRISPR-Based Genome Editing","Base editing","38093011"
"NM_001145306.2(CDK6):c.649C>T (p.Pro217Ser)","chr7","92623085","G/A","CDK6","0.06","dataset0327","Missense","Neutral to the CD25 cell surface activation marker expression in CD4⁺ T cell","CD25 cell surface activation marker expression","4","Functionally normal","","0","NA","CRISPR-Based Genome Editing","Base editing","38093011"
"NM_001145306.2(CDK6):c.617G>A (p.Gly206Asp)","chr7","92671456","C/T","CDK6","-0.132","dataset0327","Missense","Neutral to the CD25 cell surface activation marker expression in CD4⁺ T cell","CD25 cell surface activation marker expression","4","Functionally normal","","0","NA","CRISPR-Based Genome Editing","Base editing","38093011"
"NM_001145306.2(CDK6):c.616G>A (p.Gly206Ser)","chr7","92671457","C/T","CDK6","-0.061","dataset0327","Missense","Neutral to the CD25 cell surface activation marker expression in CD4⁺ T cell","CD25 cell surface activation marker expression","4","Functionally normal","","","NA","CRISPR-Based Genome Editing","Base editing","38093011"
"NM_001145306.2(CDK6):c.615T>C (p.Val205=)","chr7","92671458","A/G","CDK6","-0.201","dataset0327","Synonymous","Neutral to the CD25 cell surface activation marker expression in CD4⁺ T cell","CD25 cell surface activation marker expression","4","Functionally normal","","","NA","CRISPR-Based Genome Editing","Base editing","38093011"
"NM_001145306.2(CDK6):c.614T>C (p.Val205Ala)","chr7","92671459","A/G","CDK6","0.038","dataset0327","Missense","Neutral to the CD25 cell surface activation marker expression in CD4⁺ T cell","CD25 cell surface activation marker expression","4","Functionally normal","","","NA","CRISPR-Based Genome Editing","Base editing","38093011"
"NM_001145306.2(CDK6):c.613G>A (p.Val205Ile)","chr7","92671460","C/T","CDK6","0.205","dataset0327","Missense","Neutral to the CD25 cell surface activation marker expression in CD4⁺ T cell","CD25 cell surface activation marker expression","10","Functionally normal","","1.9621e-05","NA","CRISPR-Based Genome Editing","Base editing","38093011"
"NM_001145306.2(CDK6):c.612T>C (p.Ser204=)","chr7","92671461","A/G","CDK6","0.243","dataset0327","Synonymous","Neutral to the CD25 cell surface activation marker expression in CD4⁺ T cell","CD25 cell surface activation marker expression","4","Functionally normal","","","NA","CRISPR-Based Genome Editing","Base editing","38093011"
"NM_001145306.2(CDK6):c.611G>A (p.Ser204Asn)","chr7","92671462","C/T","CDK6","0.667","dataset0327","Missense","The enhanced CD25 cell surface activation marker expression in CD4⁺ T cell","CD25 cell surface activation marker expression","10","Gain-of-function","","","NA","CRISPR-Based Genome Editing","Base editing","38093011"
"NM_001145306.2(CDK6):c.609G>A (p.Trp203Ter)","chr7","92671464","C/T","CDK6","0.667","dataset0327","Nonsense","The enhanced CD25 cell surface activation marker expression in CD4⁺ T cell","CD25 cell surface activation marker expression","10","Gain-of-function","","","NA","CRISPR-Based Genome Editing","Base editing","38093011"
"NM_001145306.2(CDK6):c.608G>A (p.Trp203Ter)","chr7","92671465","C/T","CDK6","0.667","dataset0327","Nonsense","The enhanced CD25 cell surface activation marker expression in CD4⁺ T cell","CD25 cell surface activation marker expression","4","Gain-of-function","","","NA","CRISPR-Based Genome Editing","Base editing","38093011"
"NM_001145306.2(CDK6):c.607T>C (p.Trp203Arg)","chr7","92671466","A/G","CDK6","0.874","dataset0327","Missense","The enhanced CD25 cell surface activation marker expression in CD4⁺ T cell","CD25 cell surface activation marker expression","4","Gain-of-function","","","NA","CRISPR-Based Genome Editing","Base editing","38093011"
"NM_001145306.2(CDK6):c.606C>T (p.Leu202=)","chr7","92671467","G/A","CDK6","0.565","dataset0327","Synonymous","The enhanced CD25 cell surface activation marker expression in CD4⁺ T cell","CD25 cell surface activation marker expression","4","Gain-of-function","","2.52685e-06","NA","CRISPR-Based Genome Editing","Base editing","38093011"
"NM_001145306.2(CDK6):c.605T>C (p.Leu202Pro)","chr7","92671468","A/G","CDK6","0.874","dataset0327","Missense","The enhanced CD25 cell surface activation marker expression in CD4⁺ T cell","CD25 cell surface activation marker expression","4","Gain-of-function","","","NA","CRISPR-Based Genome Editing","Base editing","38093011"
"NM_001145306.2(CDK6):c.604C>T (p.Leu202Phe)","chr7","92671469","G/A","CDK6","0.565","dataset0327","Missense","The enhanced CD25 cell surface activation marker expression in CD4⁺ T cell","CD25 cell surface activation marker expression","4","Gain-of-function","","","NA","CRISPR-Based Genome Editing","Base editing","38093011"
"NM_001145306.2(CDK6):c.602A>G (p.Asp201Gly)","chr7","92671471","T/C","CDK6","0.764","dataset0327","Missense","The enhanced CD25 cell surface activation marker expression in CD4⁺ T cell","CD25 cell surface activation marker expression","4","Gain-of-function","","","NA","CRISPR-Based Genome Editing","Base editing","38093011"
"NM_001145306.2(CDK6):c.601G>A (p.Asp201Asn)","chr7","92671472","C/T","CDK6","-0.335","dataset0327","Missense","Neutral to the CD25 cell surface activation marker expression in CD4⁺ T cell","CD25 cell surface activation marker expression","4","Functionally normal","","","NA","CRISPR-Based Genome Editing","Base editing","38093011"
"NM_001145306.2(CDK6):c.600G>A (p.Val200=)","chr7","92671473","C/T","CDK6","-0.335","dataset0327","Synonymous","Neutral to the CD25 cell surface activation marker expression in CD4⁺ T cell","CD25 cell surface activation marker expression","4","Functionally normal","","","NA","CRISPR-Based Genome Editing","Base editing","38093011"
"NM_001145306.2(CDK6):c.599T>C (p.Val200Ala)","chr7","92671474","A/G","CDK6","-0.118","dataset0327","Missense","Neutral to the CD25 cell surface activation marker expression in CD4⁺ T cell","CD25 cell surface activation marker expression","4","Functionally normal","","","NA","CRISPR-Based Genome Editing","Base editing","38093011"
"NM_001145306.2(CDK6):c.598G>A (p.Val200Met)","chr7","92671475","C/T","CDK6","0.376","dataset0327","Missense","The enhanced CD25 cell surface activation marker expression in CD4⁺ T cell","CD25 cell surface activation marker expression","4","Gain-of-function","","1.89708e-06","NA","CRISPR-Based Genome Editing","Base editing","38093011"
"NM_001145306.2(CDK6):c.597C>T (p.Pro199=)","chr7","92671476","G/A","CDK6","0.139","dataset0327","Synonymous","Neutral to the CD25 cell surface activation marker expression in CD4⁺ T cell","CD25 cell surface activation marker expression","4","Functionally normal","Likely benign","3.22647e-05","NA","CRISPR-Based Genome Editing","Base editing","38093011"
"NM_001145306.2(CDK6):c.596C>T (p.Pro199Leu)","chr7","92671477","G/A","CDK6","0.139","dataset0327","Missense","Neutral to the CD25 cell surface activation marker expression in CD4⁺ T cell","CD25 cell surface activation marker expression","4","Functionally normal","","","skcm:0.2% (1/448):0.200","CRISPR-Based Genome Editing","Base editing","38093011"
"NM_001145306.2(CDK6):c.595C>T (p.Pro199Ser)","chr7","92671478","G/A","CDK6","0.139","dataset0327","Missense","Neutral to the CD25 cell surface activation marker expression in CD4⁺ T cell","CD25 cell surface activation marker expression","4","Functionally normal","","0","NA","CRISPR-Based Genome Editing","Base editing","38093011"
"NM_001145306.2(CDK6):c.592A>G (p.Thr198Ala)","chr7","92671481","T/C","CDK6","0.122","dataset0327","Missense","Neutral to the CD25 cell surface activation marker expression in CD4⁺ T cell","CD25 cell surface activation marker expression","4","Functionally normal","","","NA","CRISPR-Based Genome Editing","Base editing","38093011"
"NM_001145306.2(CDK6):c.591C>T (p.Ala197=)","chr7","92671482","G/A","CDK6","0.048","dataset0327","Synonymous","Neutral to the CD25 cell surface activation marker expression in CD4⁺ T cell","CD25 cell surface activation marker expression","10","Functionally normal","","","NA","CRISPR-Based Genome Editing","Base editing","38093011"
"NM_001145306.2(CDK6):c.590C>T (p.Ala197Val)","chr7","92671483","G/A","CDK6","0.048","dataset0327","Missense","Neutral to the CD25 cell surface activation marker expression in CD4⁺ T cell","CD25 cell surface activation marker expression","4","Functionally normal","","0","NA","CRISPR-Based Genome Editing","Base editing","38093011"
"NM_001145306.2(CDK6):c.588C>T (p.Tyr196=)","chr7","92671485","G/A","CDK6","0.048","dataset0327","Synonymous","Neutral to the CD25 cell surface activation marker expression in CD4⁺ T cell","CD25 cell surface activation marker expression","4","Functionally normal","Likely benign","0.000139046","NA","CRISPR-Based Genome Editing","Base editing","38093011"
"NM_001145306.2(CDK6):c.584G>A (p.Ser195Asn)","chr7","92671489","C/T","CDK6","0.164","dataset0327","Missense","Neutral to the CD25 cell surface activation marker expression in CD4⁺ T cell","CD25 cell surface activation marker expression","4","Functionally normal","","","NA","CRISPR-Based Genome Editing","Base editing","38093011"
"NM_001145306.2(CDK6):c.583A>G (p.Ser195Gly)","chr7","92671490","T/C","CDK6","0.606","dataset0327","Missense","The enhanced CD25 cell surface activation marker expression in CD4⁺ T cell","CD25 cell surface activation marker expression","4","Gain-of-function","","","NA","CRISPR-Based Genome Editing","Base editing","38093011"
"NM_001145306.2(CDK6):c.580T>C (p.Ser194Pro)","chr7","92671493","A/G","CDK6","0.697","dataset0327","Missense","The enhanced CD25 cell surface activation marker expression in CD4⁺ T cell","CD25 cell surface activation marker expression","4","Gain-of-function","","0","NA","CRISPR-Based Genome Editing","Base editing","38093011"
"NM_001145306.2(CDK6):c.579G>A (p.Gln193=)","chr7","92671494","C/T","CDK6","0.164","dataset0327","Synonymous","Neutral to the CD25 cell surface activation marker expression in CD4⁺ T cell","CD25 cell surface activation marker expression","10","Functionally normal","","1.263e-06","NA","CRISPR-Based Genome Editing","Base editing","38093011"
"NM_001145306.2(CDK6):c.573G>A (p.Leu191=)","chr7","92671500","C/T","CDK6","0.164","dataset0327","Synonymous","Neutral to the CD25 cell surface activation marker expression in CD4⁺ T cell","CD25 cell surface activation marker expression","4","Functionally normal","","0","NA","CRISPR-Based Genome Editing","Base editing","38093011"
"NM_001145306.2(CDK6):c.551G>A (p.Trp184Ter)","chr7","92671522","C/T","CDK6","-0.013","dataset0327","Nonsense","Neutral to the CD25 cell surface activation marker expression in CD4⁺ T cell","CD25 cell surface activation marker expression","4","Functionally normal","","","NA","CRISPR-Based Genome Editing","Base editing","38093011"
"NM_001145306.2(CDK6):c.549G>A (p.Leu183=)","chr7","92671524","C/T","CDK6","-0.013","dataset0327","Synonymous","Neutral to the CD25 cell surface activation marker expression in CD4⁺ T cell","CD25 cell surface activation marker expression","4","Functionally normal","","1.08547e-05","NA","CRISPR-Based Genome Editing","Base editing","38093011"
"NM_001145306.2(CDK6):c.548T>C (p.Leu183Pro)","chr7","92671525","A/G","CDK6","0.662","dataset0327","Missense","The enhanced CD25 cell surface activation marker expression in CD4⁺ T cell","CD25 cell surface activation marker expression","4","Gain-of-function","","0","NA","CRISPR-Based Genome Editing","Base editing","38093011"
"NM_001145306.2(CDK6):c.546G>A (p.Thr182=)","chr7","92671527","C/T","CDK6","-0.013","dataset0327","Synonymous","Neutral to the CD25 cell surface activation marker expression in CD4⁺ T cell","CD25 cell surface activation marker expression","4","Functionally normal","Likely benign","0.00120526","NA","CRISPR-Based Genome Editing","Base editing","38093011"
"NM_001145306.2(CDK6):c.542T>C (p.Val181Ala)","chr7","92671531","A/G","CDK6","0.51","dataset0327","Missense","The enhanced CD25 cell surface activation marker expression in CD4⁺ T cell","CD25 cell surface activation marker expression","4","Gain-of-function","","0","NA","CRISPR-Based Genome Editing","Base editing","38093011"
"NM_001145306.2(CDK6):c.541G>A (p.Val181Ile)","chr7","92671532","C/T","CDK6","0.785","dataset0327","Missense","The enhanced CD25 cell surface activation marker expression in CD4⁺ T cell","CD25 cell surface activation marker expression","10","Gain-of-function","","5.16005e-06","NA","CRISPR-Based Genome Editing","Base editing","38093011"
"NM_001145306.2(CDK6):c.540C>T (p.Val180=)","chr7","92671533","G/A","CDK6","0.008","dataset0327","Splice site","Neutral to the CD25 cell surface activation marker expression in CD4⁺ T cell","CD25 cell surface activation marker expression","4","Functionally normal","","6.45185e-06","NA","CRISPR-Based Genome Editing","Base editing","38093011"
"NM_001145306.2(CDK6):c.539T>C (p.Val180Ala)","chr7","92671534","A/G","CDK6","0.51","dataset0327","Missense","The enhanced CD25 cell surface activation marker expression in CD4⁺ T cell","CD25 cell surface activation marker expression","4","Gain-of-function","","0","NA","CRISPR-Based Genome Editing","Base editing","38093011"
"NM_001145306.2(CDK6):c.537G>A (p.Val179=)","chr7","92725626","C/T","CDK6","0.206","dataset0327","Splice site","Neutral to the CD25 cell surface activation marker expression in CD4⁺ T cell","CD25 cell surface activation marker expression","4","Functionally normal","","","NA","CRISPR-Based Genome Editing","Base editing","38093011"
"NM_001145306.2(CDK6):c.536T>C (p.Val179Ala)","chr7","92725627","A/G","CDK6","0.158","dataset0327","Missense","Neutral to the CD25 cell surface activation marker expression in CD4⁺ T cell","CD25 cell surface activation marker expression","4","Functionally normal","","","NA","CRISPR-Based Genome Editing","Base editing","38093011"
"NM_001145306.2(CDK6):c.535G>A (p.Val179Met)","chr7","92725628","C/T","CDK6","0.206","dataset0327","Missense","Neutral to the CD25 cell surface activation marker expression in CD4⁺ T cell","CD25 cell surface activation marker expression","10","Functionally normal","","","NA","CRISPR-Based Genome Editing","Base editing","38093011"
"NM_001145306.2(CDK6):c.532T>C (p.Ser178Pro)","chr7","92725631","A/G","CDK6","0.158","dataset0327","Missense","Neutral to the CD25 cell surface activation marker expression in CD4⁺ T cell","CD25 cell surface activation marker expression","4","Functionally normal","","","NA","CRISPR-Based Genome Editing","Base editing","38093011"
"NM_001145306.2(CDK6):c.526C>T (p.Leu176=)","chr7","92725637","G/A","CDK6","0.586","dataset0327","Synonymous","The enhanced CD25 cell surface activation marker expression in CD4⁺ T cell","CD25 cell surface activation marker expression","4","Gain-of-function","","6.19664e-07","NA","CRISPR-Based Genome Editing","Base editing","38093011"
"NM_001145306.2(CDK6):c.524C>T (p.Ala175Val)","chr7","92725639","G/A","CDK6","0.586","dataset0327","Missense","The enhanced CD25 cell surface activation marker expression in CD4⁺ T cell","CD25 cell surface activation marker expression","4","Gain-of-function","","","NA","CRISPR-Based Genome Editing","Base editing","38093011"
"NM_001145306.2(CDK6):c.523G>A (p.Ala175Thr)","chr7","92725640","C/T","CDK6","-0.119","dataset0327","Missense","Neutral to the CD25 cell surface activation marker expression in CD4⁺ T cell","CD25 cell surface activation marker expression","4","Functionally normal","","","NA","CRISPR-Based Genome Editing","Base editing","38093011"
"NM_001145306.2(CDK6):c.522G>A (p.Met174Ile)","chr7","92725641","C/T","CDK6","0.337","dataset0327","Missense","Neutral to the CD25 cell surface activation marker expression in CD4⁺ T cell","CD25 cell surface activation marker expression","4","Functionally normal","","","NA","CRISPR-Based Genome Editing","Base editing","38093011"
"NM_001145306.2(CDK6):c.521T>C (p.Met174Thr)","chr7","92725642","A/G","CDK6","-0.045","dataset0327","Missense","Neutral to the CD25 cell surface activation marker expression in CD4⁺ T cell","CD25 cell surface activation marker expression","4","Functionally normal","","","NA","CRISPR-Based Genome Editing","Base editing","38093011"
"NM_001145306.2(CDK6):c.520A>G (p.Met174Val)","chr7","92725643","T/C","CDK6","0.061","dataset0327","Missense","Neutral to the CD25 cell surface activation marker expression in CD4⁺ T cell","CD25 cell surface activation marker expression","4","Functionally normal","","","NA","CRISPR-Based Genome Editing","Base editing","38093011"
"NM_001145306.2(CDK6):c.519G>A (p.Gln173=)","chr7","92725644","C/T","CDK6","0.337","dataset0327","Synonymous","Neutral to the CD25 cell surface activation marker expression in CD4⁺ T cell","CD25 cell surface activation marker expression","10","Functionally normal","","","NA","CRISPR-Based Genome Editing","Base editing","38093011"
"NM_001145306.2(CDK6):c.518A>G (p.Gln173Arg)","chr7","92725645","T/C","CDK6","0.061","dataset0327","Missense","Neutral to the CD25 cell surface activation marker expression in CD4⁺ T cell","CD25 cell surface activation marker expression","4","Functionally normal","","","NA","CRISPR-Based Genome Editing","Base editing","38093011"
"NM_001145306.2(CDK6):c.517C>T (p.Gln173Ter)","chr7","92725646","G/A","CDK6","0.586","dataset0327","Nonsense","The enhanced CD25 cell surface activation marker expression in CD4⁺ T cell","CD25 cell surface activation marker expression","4","Gain-of-function","","","NA","CRISPR-Based Genome Editing","Base editing","38093011"
"NM_001145306.2(CDK6):c.516C>T (p.Phe172=)","chr7","92725647","G/A","CDK6","0.586","dataset0327","Synonymous","The enhanced CD25 cell surface activation marker expression in CD4⁺ T cell","CD25 cell surface activation marker expression","4","Gain-of-function","","","NA","CRISPR-Based Genome Editing","Base editing","38093011"
"NM_001145306.2(CDK6):c.515T>C (p.Phe172Ser)","chr7","92725648","A/G","CDK6","-0.225","dataset0327","Missense","Neutral to the CD25 cell surface activation marker expression in CD4⁺ T cell","CD25 cell surface activation marker expression","4","Functionally normal","","","NA","CRISPR-Based Genome Editing","Base editing","38093011"
"NM_001145306.2(CDK6):c.514T>C (p.Phe172Leu)","chr7","92725649","A/G","CDK6","0.18","dataset0327","Missense","Neutral to the CD25 cell surface activation marker expression in CD4⁺ T cell","CD25 cell surface activation marker expression","4","Functionally normal","","","NA","CRISPR-Based Genome Editing","Base editing","38093011"
"NM_001145306.2(CDK6):c.513T>C (p.Ser171=)","chr7","92725650","A/G","CDK6","0.18","dataset0327","Synonymous","Neutral to the CD25 cell surface activation marker expression in CD4⁺ T cell","CD25 cell surface activation marker expression","4","Functionally normal","","","NA","CRISPR-Based Genome Editing","Base editing","38093011"
"NM_001145306.2(CDK6):c.512G>A (p.Ser171Asn)","chr7","92725651","C/T","CDK6","0.012","dataset0327","Missense","Neutral to the CD25 cell surface activation marker expression in CD4⁺ T cell","CD25 cell surface activation marker expression","10","Functionally normal","","","NA","CRISPR-Based Genome Editing","Base editing","38093011"
"NM_001145306.2(CDK6):c.510T>C (p.Tyr170=)","chr7","92725653","A/G","CDK6","0.18","dataset0327","Synonymous","Neutral to the CD25 cell surface activation marker expression in CD4⁺ T cell","CD25 cell surface activation marker expression","4","Functionally normal","","","NA","CRISPR-Based Genome Editing","Base editing","38093011"
"NM_001145306.2(CDK6):c.507C>T (p.Ile169=)","chr7","92725656","G/A","CDK6","0.181","dataset0327","Synonymous","Neutral to the CD25 cell surface activation marker expression in CD4⁺ T cell","CD25 cell surface activation marker expression","10","Functionally normal","","6.19546e-07","NA","CRISPR-Based Genome Editing","Base editing","38093011"
"NM_001145306.2(CDK6):c.505A>G (p.Ile169Val)","chr7","92725658","T/C","CDK6","-0.045","dataset0327","Missense","Neutral to the CD25 cell surface activation marker expression in CD4⁺ T cell","CD25 cell surface activation marker expression","4","Functionally normal","","1.30114e-05","NA","CRISPR-Based Genome Editing","Base editing","38093011"
"NM_001145306.2(CDK6):c.504C>T (p.Arg168=)","chr7","92725659","G/A","CDK6","0.181","dataset0327","Synonymous","Neutral to the CD25 cell surface activation marker expression in CD4⁺ T cell","CD25 cell surface activation marker expression","4","Functionally normal","","6.1955e-07","NA","CRISPR-Based Genome Editing","Base editing","38093011"
"NM_001145306.2(CDK6):c.502C>T (p.Arg168Cys)","chr7","92725661","G/A","CDK6","0.181","dataset0327","Missense","Neutral to the CD25 cell surface activation marker expression in CD4⁺ T cell","CD25 cell surface activation marker expression","4","Functionally normal","","2.47823e-06","NA","CRISPR-Based Genome Editing","Base editing","38093011"
"NM_001145306.2(CDK6):c.501C>T (p.Ala167=)","chr7","92725662","G/A","CDK6","0.181","dataset0327","Synonymous","Neutral to the CD25 cell surface activation marker expression in CD4⁺ T cell","CD25 cell surface activation marker expression","4","Functionally normal","","","NA","CRISPR-Based Genome Editing","Base editing","38093011"
"NM_001145306.2(CDK6):c.483C>T (p.Leu161=)","chr7","92725680","G/A","CDK6","0.278","dataset0327","Synonymous","Neutral to the CD25 cell surface activation marker expression in CD4⁺ T cell","CD25 cell surface activation marker expression","4","Functionally normal","","1.30113e-05","NA","CRISPR-Based Genome Editing","Base editing","38093011"
"NM_001145306.2(CDK6):c.481C>T (p.Leu161Phe)","chr7","92725682","G/A","CDK6","0.278","dataset0327","Missense","Neutral to the CD25 cell surface activation marker expression in CD4⁺ T cell","CD25 cell surface activation marker expression","4","Functionally normal","","","NA","CRISPR-Based Genome Editing","Base editing","38093011"
"NM_001145306.2(CDK6):c.479A>G (p.Lys160Arg)","chr7","92725684","T/C","CDK6","-0.192","dataset0327","Missense","Neutral to the CD25 cell surface activation marker expression in CD4⁺ T cell","CD25 cell surface activation marker expression","4","Functionally normal","","","NA","CRISPR-Based Genome Editing","Base editing","38093011"
"NM_001145306.2(CDK6):c.478A>G (p.Lys160Glu)","chr7","92725685","T/C","CDK6","-0.192","dataset0327","Missense","Neutral to the CD25 cell surface activation marker expression in CD4⁺ T cell","CD25 cell surface activation marker expression","4","Functionally normal","","","NA","CRISPR-Based Genome Editing","Base editing","38093011"
"NM_001145306.2(CDK6):c.477A>G (p.Ile159Met)","chr7","92725686","T/C","CDK6","-0.192","dataset0327","Missense","Neutral to the CD25 cell surface activation marker expression in CD4⁺ T cell","CD25 cell surface activation marker expression","4","Functionally normal","","6.19526e-07","NA","CRISPR-Based Genome Editing","Base editing","38093011"
"NM_001145306.2(CDK6):c.476T>C (p.Ile159Thr)","chr7","92725687","A/G","CDK6","0.043","dataset0327","Missense","Neutral to the CD25 cell surface activation marker expression in CD4⁺ T cell","CD25 cell surface activation marker expression","4","Functionally normal","","","NA","CRISPR-Based Genome Editing","Base editing","38093011"
"NM_001145306.2(CDK6):c.475A>G (p.Ile159Val)","chr7","92725688","T/C","CDK6","-0.192","dataset0327","Missense","Neutral to the CD25 cell surface activation marker expression in CD4⁺ T cell","CD25 cell surface activation marker expression","4","Functionally normal","","","NA","CRISPR-Based Genome Editing","Base editing","38093011"
"NM_001145306.2(CDK6):c.474A>G (p.Gln158=)","chr7","92725689","T/C","CDK6","-0.192","dataset0327","Synonymous","Neutral to the CD25 cell surface activation marker expression in CD4⁺ T cell","CD25 cell surface activation marker expression","4","Functionally normal","","6.19535e-07","NA","CRISPR-Based Genome Editing","Base editing","38093011"
"NM_001145306.2(CDK6):c.472C>T (p.Gln158Ter)","chr7","92725691","G/A","CDK6","0.278","dataset0327","Nonsense","Neutral to the CD25 cell surface activation marker expression in CD4⁺ T cell","CD25 cell surface activation marker expression","4","Functionally normal","","","NA","CRISPR-Based Genome Editing","Base editing","38093011"
"NM_001145306.2(CDK6):c.464G>A (p.Ser155Asn)","chr7","92725699","C/T","CDK6","0.12","dataset0327","Missense","Neutral to the CD25 cell surface activation marker expression in CD4⁺ T cell","CD25 cell surface activation marker expression","4","Functionally normal","","","NA","CRISPR-Based Genome Editing","Base editing","38093011"
"NM_001145306.2(CDK6):c.459G>A (p.Val153=)","chr7","92725704","C/T","CDK6","0.12","dataset0327","Synonymous","Neutral to the CD25 cell surface activation marker expression in CD4⁺ T cell","CD25 cell surface activation marker expression","4","Functionally normal","","6.19543e-07","NA","CRISPR-Based Genome Editing","Base editing","38093011"
"NM_001145306.2(CDK6):c.458T>C (p.Val153Ala)","chr7","92725705","A/G","CDK6","0.32","dataset0327","Missense","Neutral to the CD25 cell surface activation marker expression in CD4⁺ T cell","CD25 cell surface activation marker expression","4","Functionally normal","","","NA","CRISPR-Based Genome Editing","Base editing","38093011"
"NM_001145306.2(CDK6):c.457G>A (p.Val153Met)","chr7","92725706","C/T","CDK6","0.12","dataset0327","Missense","Neutral to the CD25 cell surface activation marker expression in CD4⁺ T cell","CD25 cell surface activation marker expression","4","Functionally normal","","","NA","CRISPR-Based Genome Editing","Base editing","38093011"
"NM_001145306.2(CDK6):c.456G>A (p.Leu152=)","chr7","92725707","C/T","CDK6","0.12","dataset0327","Synonymous","Neutral to the CD25 cell surface activation marker expression in CD4⁺ T cell","CD25 cell surface activation marker expression","4","Functionally normal","","6.1955e-07","NA","CRISPR-Based Genome Editing","Base editing","38093011"
"NM_001145306.2(CDK6):c.454C>T (p.Leu152=)","chr7","92725709","G/A","CDK6","-0.005","dataset0327","Synonymous","Neutral to the CD25 cell surface activation marker expression in CD4⁺ T cell","CD25 cell surface activation marker expression","10","Functionally normal","","","NA","CRISPR-Based Genome Editing","Base editing","38093011"
"NM_001145306.2(CDK6):c.451A>G (p.Ile151Val)","chr7","92725712","T/C","CDK6","-0.039","dataset0327","Missense","Neutral to the CD25 cell surface activation marker expression in CD4⁺ T cell","CD25 cell surface activation marker expression","4","Functionally normal","","1.23907e-06","NA","CRISPR-Based Genome Editing","Base editing","38093011"
"NM_001145306.2(CDK6):c.450C>T (p.Asn150=)","chr7","92725713","G/A","CDK6","-0.005","dataset0327","Synonymous","Neutral to the CD25 cell surface activation marker expression in CD4⁺ T cell","CD25 cell surface activation marker expression","4","Functionally normal","","6.19533e-07","NA","CRISPR-Based Genome Editing","Base editing","38093011"
"NM_001145306.2(CDK6):c.445C>T (p.Gln149Ter)","chr7","92725718","G/A","CDK6","0.073","dataset0327","Nonsense","Neutral to the CD25 cell surface activation marker expression in CD4⁺ T cell","CD25 cell surface activation marker expression","4","Functionally normal","","","NA","CRISPR-Based Genome Editing","Base editing","38093011"
"NM_001145306.2(CDK6):c.443C>T (p.Pro148Leu)","chr7","92725720","G/A","CDK6","0.073","dataset0327","Missense","Neutral to the CD25 cell surface activation marker expression in CD4⁺ T cell","CD25 cell surface activation marker expression","4","Functionally normal","","","NA","CRISPR-Based Genome Editing","Base editing","38093011"
"NM_001145306.2(CDK6):c.442C>T (p.Pro148Ser)","chr7","92725721","G/A","CDK6","0.073","dataset0327","Missense","Neutral to the CD25 cell surface activation marker expression in CD4⁺ T cell","CD25 cell surface activation marker expression","10","Functionally normal","","","NA","CRISPR-Based Genome Editing","Base editing","38093011"
"NM_001145306.2(CDK6):c.441A>G (p.Lys147=)","chr7","92725722","T/C","CDK6","0.032","dataset0327","Synonymous","Neutral to the CD25 cell surface activation marker expression in CD4⁺ T cell","CD25 cell surface activation marker expression","4","Functionally normal","","1.23912e-06","NA","CRISPR-Based Genome Editing","Base editing","38093011"
"NM_001145306.2(CDK6):c.440A>G (p.Lys147Arg)","chr7","92725723","T/C","CDK6","0.032","dataset0327","Missense","Neutral to the CD25 cell surface activation marker expression in CD4⁺ T cell","CD25 cell surface activation marker expression","4","Functionally normal","","","NA","CRISPR-Based Genome Editing","Base editing","38093011"
"NM_001145306.2(CDK6):c.439A>G (p.Lys147Glu)","chr7","92725724","T/C","CDK6","0.032","dataset0327","Missense","Neutral to the CD25 cell surface activation marker expression in CD4⁺ T cell","CD25 cell surface activation marker expression","4","Functionally normal","","","NA","CRISPR-Based Genome Editing","Base editing","38093011"
"NM_001145306.2(CDK6):c.438A>G (p.Leu146=)","chr7","92725725","T/C","CDK6","0.032","dataset0327","Synonymous","Neutral to the CD25 cell surface activation marker expression in CD4⁺ T cell","CD25 cell surface activation marker expression","4","Functionally normal","","6.1953e-07","NA","CRISPR-Based Genome Editing","Base editing","38093011"
"NM_001145306.2(CDK6):c.437T>C (p.Leu146Pro)","chr7","92725726","A/G","CDK6","-0.126","dataset0327","Missense","Neutral to the CD25 cell surface activation marker expression in CD4⁺ T cell","CD25 cell surface activation marker expression","4","Functionally normal","","","NA","CRISPR-Based Genome Editing","Base editing","38093011"
"NM_001145306.2(CDK6):c.436C>T (p.Leu146=)","chr7","92725727","G/A","CDK6","0.073","dataset0327","Synonymous","Neutral to the CD25 cell surface activation marker expression in CD4⁺ T cell","CD25 cell surface activation marker expression","4","Functionally normal","","","NA","CRISPR-Based Genome Editing","Base editing","38093011"
"NM_001145306.2(CDK6):c.435T>C (p.Asp145=)","chr7","92725728","A/G","CDK6","-0.126","dataset0327","Synonymous","Neutral to the CD25 cell surface activation marker expression in CD4⁺ T cell","CD25 cell surface activation marker expression","4","Functionally normal","","","NA","CRISPR-Based Genome Editing","Base editing","38093011"
"NM_001145306.2(CDK6):c.433G>A (p.Asp145Asn)","chr7","92725730","C/T","CDK6","0.274","dataset0327","Missense","Neutral to the CD25 cell surface activation marker expression in CD4⁺ T cell","CD25 cell surface activation marker expression","10","Functionally normal","","","NA","CRISPR-Based Genome Editing","Base editing","38093011"
"NM_001145306.2(CDK6):c.431G>A (p.Arg144His)","chr7","92725732","C/T","CDK6","0.274","dataset0327","Missense","Neutral to the CD25 cell surface activation marker expression in CD4⁺ T cell","CD25 cell surface activation marker expression","4","Functionally normal","","6.19596e-07","ucec:0.2% (1/529):0.190","CRISPR-Based Genome Editing","Base editing","38093011"
"NM_001145306.2(CDK6):c.408T>C (p.Leu136=)","chr7","92725755","A/G","CDK6","0.815","dataset0327","Synonymous","The enhanced CD25 cell surface activation marker expression in CD4⁺ T cell","CD25 cell surface activation marker expression","4","Gain-of-function","","","NA","CRISPR-Based Genome Editing","Base editing","38093011"
"NM_001145306.2(CDK6):c.407T>C (p.Leu136Pro)","chr7","92725756","A/G","CDK6","0.815","dataset0327","Missense","The enhanced CD25 cell surface activation marker expression in CD4⁺ T cell","CD25 cell surface activation marker expression","4","Gain-of-function","","","NA","CRISPR-Based Genome Editing","Base editing","38093011"
"NM_001145306.2(CDK6):c.405T>C (p.Phe135=)","chr7","92725758","A/G","CDK6","0.815","dataset0327","Synonymous","The enhanced CD25 cell surface activation marker expression in CD4⁺ T cell","CD25 cell surface activation marker expression","4","Gain-of-function","","1.79678e-05","NA","CRISPR-Based Genome Editing","Base editing","38093011"
"NM_001145306.2(CDK6):c.400G>A (p.Asp134Asn)","chr7","92725763","C/T","CDK6","-0.021","dataset0327","Missense","Neutral to the CD25 cell surface activation marker expression in CD4⁺ T cell","CD25 cell surface activation marker expression","4","Functionally normal","","","NA","CRISPR-Based Genome Editing","Base editing","38093011"
"NM_001145306.2(CDK6):c.390C>T (p.Leu130=)","chr7","92725773","G/A","CDK6","-0.095","dataset0327","Synonymous","Neutral to the CD25 cell surface activation marker expression in CD4⁺ T cell","CD25 cell surface activation marker expression","4","Functionally normal","","6.19831e-07","NA","CRISPR-Based Genome Editing","Base editing","38093011"
"NM_001145306.2(CDK6):c.388C>T (p.Leu130Phe)","chr7","92725775","G/A","CDK6","-0.095","dataset0327","Missense","Neutral to the CD25 cell surface activation marker expression in CD4⁺ T cell","CD25 cell surface activation marker expression","4","Functionally normal","","","NA","CRISPR-Based Genome Editing","Base editing","38093011"
"NM_001145306.2(CDK6):c.385C>T (p.Leu129Phe)","chr7","92725778","G/A","CDK6","0.355","dataset0327","Missense","Neutral to the CD25 cell surface activation marker expression in CD4⁺ T cell","CD25 cell surface activation marker expression","4","Functionally normal","","4.95971e-06","NA","CRISPR-Based Genome Editing","Base editing","38093011"
"NM_001145306.2(CDK6):c.383A>G (p.Gln128Arg)","chr7","92725780","T/C","CDK6","0.068","dataset0327","Missense","Neutral to the CD25 cell surface activation marker expression in CD4⁺ T cell","CD25 cell surface activation marker expression","4","Functionally normal","","","NA","CRISPR-Based Genome Editing","Base editing","38093011"
"NM_001145306.2(CDK6):c.382C>T (p.Gln128Ter)","chr7","92725781","G/A","CDK6","0.355","dataset0327","Nonsense","Neutral to the CD25 cell surface activation marker expression in CD4⁺ T cell","CD25 cell surface activation marker expression","10","Functionally normal","","","hnsc:0.2% (1/523):0.030","CRISPR-Based Genome Editing","Base editing","38093011"
"NM_001145306.2(CDK6):c.376A>G (p.Met126Val)","chr7","92725787","T/C","CDK6","-0.026","dataset0327","Missense","Neutral to the CD25 cell surface activation marker expression in CD4⁺ T cell","CD25 cell surface activation marker expression","4","Functionally normal","","6.22038e-07","NA","CRISPR-Based Genome Editing","Base editing","38093011"
"NM_001145306.2(CDK6):c.369G>A (p.Lys123=)","chr7","92774696","C/T","CDK6","0.493","dataset0327","Splice site","The enhanced CD25 cell surface activation marker expression in CD4⁺ T cell","CD25 cell surface activation marker expression","10","Gain-of-function","","","NA","CRISPR-Based Genome Editing","Base editing","38093011"
"NM_001145306.2(CDK6):c.358G>A (p.Glu120Lys)","chr7","92774707","C/T","CDK6","-0.05","dataset0327","Missense","Neutral to the CD25 cell surface activation marker expression in CD4⁺ T cell","CD25 cell surface activation marker expression","10","Functionally normal","","","NA","CRISPR-Based Genome Editing","Base editing","38093011"
"NM_001145306.2(CDK6):c.357T>C (p.Thr119=)","chr7","92774708","A/G","CDK6","-0.032","dataset0327","Synonymous","Neutral to the CD25 cell surface activation marker expression in CD4⁺ T cell","CD25 cell surface activation marker expression","4","Functionally normal","","6.2255e-07","NA","CRISPR-Based Genome Editing","Base editing","38093011"
"NM_001145306.2(CDK6):c.356C>T (p.Thr119Ile)","chr7","92774709","G/A","CDK6","0.133","dataset0327","Missense","Neutral to the CD25 cell surface activation marker expression in CD4⁺ T cell","CD25 cell surface activation marker expression","4","Functionally normal","","","NA","CRISPR-Based Genome Editing","Base editing","38093011"
"NM_001145306.2(CDK6):c.355A>G (p.Thr119Ala)","chr7","92774710","T/C","CDK6","-0.121","dataset0327","Missense","Neutral to the CD25 cell surface activation marker expression in CD4⁺ T cell","CD25 cell surface activation marker expression","4","Functionally normal","","","NA","CRISPR-Based Genome Editing","Base editing","38093011"
"NM_001145306.2(CDK6):c.354C>T (p.Pro118=)","chr7","92774711","G/A","CDK6","0.133","dataset0327","Synonymous","Neutral to the CD25 cell surface activation marker expression in CD4⁺ T cell","CD25 cell surface activation marker expression","4","Functionally normal","","6.22694e-07","NA","CRISPR-Based Genome Editing","Base editing","38093011"
"NM_001145306.2(CDK6):c.353C>T (p.Pro118Leu)","chr7","92774712","G/A","CDK6","0.133","dataset0327","Missense","Neutral to the CD25 cell surface activation marker expression in CD4⁺ T cell","CD25 cell surface activation marker expression","4","Functionally normal","","","NA","CRISPR-Based Genome Editing","Base editing","38093011"
"NM_001145306.2(CDK6):c.352C>T (p.Pro118Ser)","chr7","92774713","G/A","CDK6","0.133","dataset0327","Missense","Neutral to the CD25 cell surface activation marker expression in CD4⁺ T cell","CD25 cell surface activation marker expression","4","Functionally normal","","3.73573e-06","brca:0.1% (1/1084):0.310","CRISPR-Based Genome Editing","Base editing","38093011"
"NM_001145306.2(CDK6):c.351G>A (p.Val117=)","chr7","92774714","C/T","CDK6","0.236","dataset0327","Synonymous","Neutral to the CD25 cell surface activation marker expression in CD4⁺ T cell","CD25 cell surface activation marker expression","4","Functionally normal","","","NA","CRISPR-Based Genome Editing","Base editing","38093011"
"NM_001145306.2(CDK6):c.349G>A (p.Val117Met)","chr7","92774716","C/T","CDK6","0.236","dataset0327","Missense","Neutral to the CD25 cell surface activation marker expression in CD4⁺ T cell","CD25 cell surface activation marker expression","4","Functionally normal","","","NA","CRISPR-Based Genome Editing","Base editing","38093011"
"NM_001145306.2(CDK6):c.347G>A (p.Gly116Glu)","chr7","92774718","C/T","CDK6","0.236","dataset0327","Missense","Neutral to the CD25 cell surface activation marker expression in CD4⁺ T cell","CD25 cell surface activation marker expression","4","Functionally normal","","","NA","CRISPR-Based Genome Editing","Base editing","38093011"
"NM_001145306.2(CDK6):c.337C>T (p.Pro113Ser)","chr7","92774728","G/A","CDK6","-0.082","dataset0327","Missense","Neutral to the CD25 cell surface activation marker expression in CD4⁺ T cell","CD25 cell surface activation marker expression","4","Functionally normal","","6.21113e-07","NA","CRISPR-Based Genome Editing","Base editing","38093011"
"NM_001145306.2(CDK6):c.336T>C (p.Val112=)","chr7","92774729","A/G","CDK6","-0.165","dataset0327","Synonymous","Neutral to the CD25 cell surface activation marker expression in CD4⁺ T cell","CD25 cell surface activation marker expression","4","Functionally normal","","","NA","CRISPR-Based Genome Editing","Base editing","38093011"
"NM_001145306.2(CDK6):c.335T>C (p.Val112Ala)","chr7","92774730","A/G","CDK6","-0.165","dataset0327","Missense","Neutral to the CD25 cell surface activation marker expression in CD4⁺ T cell","CD25 cell surface activation marker expression","4","Functionally normal","","1.24197e-06","NA","CRISPR-Based Genome Editing","Base editing","38093011"
"NM_001145306.2(CDK6):c.334G>A (p.Val112Ile)","chr7","92774731","C/T","CDK6","-0.048","dataset0327","Missense","Neutral to the CD25 cell surface activation marker expression in CD4⁺ T cell","CD25 cell surface activation marker expression","10","Functionally normal","","4.96923e-06","NA","CRISPR-Based Genome Editing","Base editing","38093011"
"NM_001145306.2(CDK6):c.332A>G (p.Lys111Arg)","chr7","92774733","T/C","CDK6","-0.151","dataset0327","Missense","Neutral to the CD25 cell surface activation marker expression in CD4⁺ T cell","CD25 cell surface activation marker expression","4","Functionally normal","","","NA","CRISPR-Based Genome Editing","Base editing","38093011"
"NM_001145306.2(CDK6):c.331A>G (p.Lys111Glu)","chr7","92774734","T/C","CDK6","-0.151","dataset0327","Missense","Neutral to the CD25 cell surface activation marker expression in CD4⁺ T cell","CD25 cell surface activation marker expression","4","Functionally normal","","1.24159e-06","NA","CRISPR-Based Genome Editing","Base editing","38093011"
"NM_001145306.2(CDK6):c.329A>G (p.Asp110Gly)","chr7","92774736","T/C","CDK6","-0.151","dataset0327","Missense","Neutral to the CD25 cell surface activation marker expression in CD4⁺ T cell","CD25 cell surface activation marker expression","4","Functionally normal","","6.20735e-07","NA","CRISPR-Based Genome Editing","Base editing","38093011"
"NM_001145306.2(CDK6):c.328G>A (p.Asp110Asn)","chr7","92774737","C/T","CDK6","-0.048","dataset0327","Missense","Neutral to the CD25 cell surface activation marker expression in CD4⁺ T cell","CD25 cell surface activation marker expression","4","Functionally normal","Conflicting classifications of pathogenicity","0.00257062","NA","CRISPR-Based Genome Editing","Base editing","38093011"
"NM_001145306.2(CDK6):c.327G>A (p.Leu109=)","chr7","92774738","C/T","CDK6","-0.048","dataset0327","Synonymous","Neutral to the CD25 cell surface activation marker expression in CD4⁺ T cell","CD25 cell surface activation marker expression","4","Functionally normal","","6.21033e-07","NA","CRISPR-Based Genome Editing","Base editing","38093011"
"NM_001145306.2(CDK6):c.318C>T (p.Thr106=)","chr7","92774747","G/A","CDK6","-0.048","dataset0327","Synonymous","Neutral to the CD25 cell surface activation marker expression in CD4⁺ T cell","CD25 cell surface activation marker expression","4","Functionally normal","","","NA","CRISPR-Based Genome Editing","Base editing","38093011"
"NM_001145306.2(CDK6):c.317C>T (p.Thr106Ile)","chr7","92774748","G/A","CDK6","-0.048","dataset0327","Missense","Neutral to the CD25 cell surface activation marker expression in CD4⁺ T cell","CD25 cell surface activation marker expression","4","Functionally normal","","","NA","CRISPR-Based Genome Editing","Base editing","38093011"
"NM_001145306.2(CDK6):c.312C>T (p.Asp104=)","chr7","92774753","G/A","CDK6","-0.048","dataset0327","Synonymous","Neutral to the CD25 cell surface activation marker expression in CD4⁺ T cell","CD25 cell surface activation marker expression","10","Functionally normal","","6.19962e-07","NA","CRISPR-Based Genome Editing","Base editing","38093011"
"NM_001145306.2(CDK6):c.311A>G (p.Asp104Gly)","chr7","92774754","T/C","CDK6","0.08","dataset0327","Missense","Neutral to the CD25 cell surface activation marker expression in CD4⁺ T cell","CD25 cell surface activation marker expression","4","Functionally normal","","","NA","CRISPR-Based Genome Editing","Base editing","38093011"
"NM_001145306.2(CDK6):c.309A>G (p.Gln103=)","chr7","92774756","T/C","CDK6","0.08","dataset0327","Synonymous","Neutral to the CD25 cell surface activation marker expression in CD4⁺ T cell","CD25 cell surface activation marker expression","4","Functionally normal","","","NA","CRISPR-Based Genome Editing","Base editing","38093011"
"NM_001145306.2(CDK6):c.308A>G (p.Gln103Arg)","chr7","92774757","T/C","CDK6","0.08","dataset0327","Missense","Neutral to the CD25 cell surface activation marker expression in CD4⁺ T cell","CD25 cell surface activation marker expression","4","Functionally normal","","","NA","CRISPR-Based Genome Editing","Base editing","38093011"
"NM_001145306.2(CDK6):c.307C>T (p.Gln103Ter)","chr7","92774758","G/A","CDK6","-0.048","dataset0327","Nonsense","Neutral to the CD25 cell surface activation marker expression in CD4⁺ T cell","CD25 cell surface activation marker expression","4","Functionally normal","","","NA","CRISPR-Based Genome Editing","Base editing","38093011"
"NM_001145306.2(CDK6):c.295G>A (p.Glu99Lys)","chr7","92774770","C/T","CDK6","0.097","dataset0327","Missense","Neutral to the CD25 cell surface activation marker expression in CD4⁺ T cell","CD25 cell surface activation marker expression","4","Functionally normal","","","NA","CRISPR-Based Genome Editing","Base editing","38093011"
"NM_001145306.2(CDK6):c.294T>C (p.Phe98=)","chr7","92774771","A/G","CDK6","-0.038","dataset0327","Synonymous","Neutral to the CD25 cell surface activation marker expression in CD4⁺ T cell","CD25 cell surface activation marker expression","4","Functionally normal","Likely benign","8.49151e-05","NA","CRISPR-Based Genome Editing","Base editing","38093011"
"NM_001145306.2(CDK6):c.293T>C (p.Phe98Ser)","chr7","92774772","A/G","CDK6","-0.038","dataset0327","Missense","Neutral to the CD25 cell surface activation marker expression in CD4⁺ T cell","CD25 cell surface activation marker expression","4","Functionally normal","","","NA","CRISPR-Based Genome Editing","Base editing","38093011"
"NM_001145306.2(CDK6):c.292T>C (p.Phe98Leu)","chr7","92774773","A/G","CDK6","-0.038","dataset0327","Missense","Neutral to the CD25 cell surface activation marker expression in CD4⁺ T cell","CD25 cell surface activation marker expression","4","Functionally normal","","","NA","CRISPR-Based Genome Editing","Base editing","38093011"
"NM_001145306.2(CDK6):c.291G>A (p.Val97=)","chr7","92774774","C/T","CDK6","0.097","dataset0327","Synonymous","Neutral to the CD25 cell surface activation marker expression in CD4⁺ T cell","CD25 cell surface activation marker expression","4","Functionally normal","","","NA","CRISPR-Based Genome Editing","Base editing","38093011"
"NM_001145306.2(CDK6):c.290T>C (p.Val97Ala)","chr7","92774775","A/G","CDK6","-0.038","dataset0327","Missense","Neutral to the CD25 cell surface activation marker expression in CD4⁺ T cell","CD25 cell surface activation marker expression","4","Functionally normal","","","NA","CRISPR-Based Genome Editing","Base editing","38093011"
"NM_001145306.2(CDK6):c.289G>A (p.Val97Met)","chr7","92774776","C/T","CDK6","0.097","dataset0327","Missense","Neutral to the CD25 cell surface activation marker expression in CD4⁺ T cell","CD25 cell surface activation marker expression","4","Functionally normal","","","NA","CRISPR-Based Genome Editing","Base editing","38093011"
"NM_001145306.2(CDK6):c.234G>A (p.Arg78=)","chr7","92774831","C/T","CDK6","0.808","dataset0327","Splice site","The enhanced CD25 cell surface activation marker expression in CD4⁺ T cell","CD25 cell surface activation marker expression","4","Gain-of-function","","","NA","CRISPR-Based Genome Editing","Base editing","38093011"
"NM_001145306.2(CDK6):c.233G>A (p.Arg78Lys)","chr7","92833091","C/T","CDK6","0.582","dataset0327","Missense","The enhanced CD25 cell surface activation marker expression in CD4⁺ T cell","CD25 cell surface activation marker expression","4","Gain-of-function","","0","NA","CRISPR-Based Genome Editing","Base editing","38093011"
"NM_001145306.2(CDK6):c.231C>T (p.Val77=)","chr7","92833093","G/A","CDK6","0.219","dataset0327","Splice site","Neutral to the CD25 cell surface activation marker expression in CD4⁺ T cell","CD25 cell surface activation marker expression","4","Functionally normal","","0","NA","CRISPR-Based Genome Editing","Base editing","38093011"
"NM_001145306.2(CDK6):c.229G>A (p.Val77Ile)","chr7","92833095","C/T","CDK6","0.188","dataset0327","Missense","Neutral to the CD25 cell surface activation marker expression in CD4⁺ T cell","CD25 cell surface activation marker expression","4","Functionally normal","","6.31076e-07","NA","CRISPR-Based Genome Editing","Base editing","38093011"
"NM_001145306.2(CDK6):c.227T>C (p.Val76Ala)","chr7","92833097","A/G","CDK6","0.53","dataset0327","Missense","The enhanced CD25 cell surface activation marker expression in CD4⁺ T cell","CD25 cell surface activation marker expression","4","Gain-of-function","","","NA","CRISPR-Based Genome Editing","Base editing","38093011"
"NM_001145306.2(CDK6):c.225C>T (p.Asn75=)","chr7","92833099","G/A","CDK6","0.219","dataset0327","Synonymous","Neutral to the CD25 cell surface activation marker expression in CD4⁺ T cell","CD25 cell surface activation marker expression","10","Functionally normal","","1.88581e-06","NA","CRISPR-Based Genome Editing","Base editing","38093011"
"NM_001145306.2(CDK6):c.224A>G (p.Asn75Ser)","chr7","92833100","T/C","CDK6","0.195","dataset0327","Missense","Neutral to the CD25 cell surface activation marker expression in CD4⁺ T cell","CD25 cell surface activation marker expression","4","Functionally normal","","","NA","CRISPR-Based Genome Editing","Base editing","38093011"
"NM_001145306.2(CDK6):c.223A>G (p.Asn75Asp)","chr7","92833101","T/C","CDK6","-0.031","dataset0327","Missense","Neutral to the CD25 cell surface activation marker expression in CD4⁺ T cell","CD25 cell surface activation marker expression","4","Functionally normal","","","NA","CRISPR-Based Genome Editing","Base editing","38093011"
"NM_001145306.2(CDK6):c.222C>T (p.Pro74=)","chr7","92833102","G/A","CDK6","0.144","dataset0327","Synonymous","Neutral to the CD25 cell surface activation marker expression in CD4⁺ T cell","CD25 cell surface activation marker expression","4","Functionally normal","","","NA","CRISPR-Based Genome Editing","Base editing","38093011"
"NM_001145306.2(CDK6):c.221C>T (p.Pro74Leu)","chr7","92833103","G/A","CDK6","0.147","dataset0327","Missense","Neutral to the CD25 cell surface activation marker expression in CD4⁺ T cell","CD25 cell surface activation marker expression","4","Functionally normal","","6.27084e-07","NA","CRISPR-Based Genome Editing","Base editing","38093011"
"NM_001145306.2(CDK6):c.219C>T (p.His73=)","chr7","92833105","G/A","CDK6","0.326","dataset0327","Synonymous","Neutral to the CD25 cell surface activation marker expression in CD4⁺ T cell","CD25 cell surface activation marker expression","10","Functionally normal","","0","NA","CRISPR-Based Genome Editing","Base editing","38093011"
"NM_001145306.2(CDK6):c.218A>G (p.His73Arg)","chr7","92833106","T/C","CDK6","0.852","dataset0327","Missense","The enhanced CD25 cell surface activation marker expression in CD4⁺ T cell","CD25 cell surface activation marker expression","4","Gain-of-function","","","NA","CRISPR-Based Genome Editing","Base editing","38093011"
"NM_001145306.2(CDK6):c.217C>T (p.His73Tyr)","chr7","92833107","G/A","CDK6","0.326","dataset0327","Missense","Neutral to the CD25 cell surface activation marker expression in CD4⁺ T cell","CD25 cell surface activation marker expression","4","Functionally normal","","0","NA","CRISPR-Based Genome Editing","Base editing","38093011"
"NM_001145306.2(CDK6):c.216G>A (p.Glu72=)","chr7","92833108","C/T","CDK6","-0.091","dataset0327","Synonymous","Neutral to the CD25 cell surface activation marker expression in CD4⁺ T cell","CD25 cell surface activation marker expression","4","Functionally normal","","","NA","CRISPR-Based Genome Editing","Base editing","38093011"
"NM_001145306.2(CDK6):c.215A>G (p.Glu72Gly)","chr7","92833109","T/C","CDK6","0.852","dataset0327","Missense","The enhanced CD25 cell surface activation marker expression in CD4⁺ T cell","CD25 cell surface activation marker expression","4","Gain-of-function","","","NA","CRISPR-Based Genome Editing","Base editing","38093011"
"NM_001145306.2(CDK6):c.214G>A (p.Glu72Lys)","chr7","92833110","C/T","CDK6","-0.091","dataset0327","Missense","Neutral to the CD25 cell surface activation marker expression in CD4⁺ T cell","CD25 cell surface activation marker expression","4","Functionally normal","","0","NA","CRISPR-Based Genome Editing","Base editing","38093011"
"NM_001145306.2(CDK6):c.213C>T (p.Phe71=)","chr7","92833111","G/A","CDK6","0.326","dataset0327","Synonymous","Neutral to the CD25 cell surface activation marker expression in CD4⁺ T cell","CD25 cell surface activation marker expression","10","Functionally normal","","","NA","CRISPR-Based Genome Editing","Base editing","38093011"
"NM_001145306.2(CDK6):c.198G>A (p.Arg66=)","chr7","92833126","C/T","CDK6","0.127","dataset0327","Synonymous","Neutral to the CD25 cell surface activation marker expression in CD4⁺ T cell","CD25 cell surface activation marker expression","4","Functionally normal","","0","NA","CRISPR-Based Genome Editing","Base editing","38093011"
"NM_001145306.2(CDK6):c.197G>A (p.Arg66Lys)","chr7","92833127","C/T","CDK6","0.127","dataset0327","Missense","Neutral to the CD25 cell surface activation marker expression in CD4⁺ T cell","CD25 cell surface activation marker expression","4","Functionally normal","","6.22331e-07","NA","CRISPR-Based Genome Editing","Base editing","38093011"
"NM_001145306.2(CDK6):c.195G>A (p.Leu65=)","chr7","92833129","C/T","CDK6","-0.066","dataset0327","Synonymous","Neutral to the CD25 cell surface activation marker expression in CD4⁺ T cell","CD25 cell surface activation marker expression","10","Functionally normal","","","NA","CRISPR-Based Genome Editing","Base editing","38093011"
"NM_001145306.2(CDK6):c.194T>C (p.Leu65Pro)","chr7","92833130","A/G","CDK6","1.156","dataset0327","Missense","The enhanced CD25 cell surface activation marker expression in CD4⁺ T cell","CD25 cell surface activation marker expression","4","Gain-of-function","","","NA","CRISPR-Based Genome Editing","Base editing","38093011"
"NM_001145306.2(CDK6):c.193C>T (p.Leu65=)","chr7","92833131","G/A","CDK6","-0.769","dataset0327","Synonymous","The diminished CD25 cell surface activation marker expression in CD4⁺ T cell","CD25 cell surface activation marker expression","4","Loss-of-function","","","NA","CRISPR-Based Genome Editing","Base editing","38093011"
"NM_001145306.2(CDK6):c.192G>A (p.Val64=)","chr7","92833132","C/T","CDK6","-0.064","dataset0327","Synonymous","Neutral to the CD25 cell surface activation marker expression in CD4⁺ T cell","CD25 cell surface activation marker expression","4","Functionally normal","","0","NA","CRISPR-Based Genome Editing","Base editing","38093011"
"NM_001145306.2(CDK6):c.191T>C (p.Val64Ala)","chr7","92833133","A/G","CDK6","0.242","dataset0327","Missense","Neutral to the CD25 cell surface activation marker expression in CD4⁺ T cell","CD25 cell surface activation marker expression","4","Functionally normal","","","NA","CRISPR-Based Genome Editing","Base editing","38093011"
"NM_001145306.2(CDK6):c.190G>A (p.Val64Met)","chr7","92833134","C/T","CDK6","-0.064","dataset0327","Missense","Neutral to the CD25 cell surface activation marker expression in CD4⁺ T cell","CD25 cell surface activation marker expression","10","Functionally normal","","","NA","CRISPR-Based Genome Editing","Base editing","38093011"
"NM_001145306.2(CDK6):c.189G>A (p.Ala63=)","chr7","92833135","C/T","CDK6","-0.064","dataset0327","Synonymous","Neutral to the CD25 cell surface activation marker expression in CD4⁺ T cell","CD25 cell surface activation marker expression","10","Functionally normal","","","NA","CRISPR-Based Genome Editing","Base editing","38093011"
"NM_001145306.2(CDK6):c.188C>T (p.Ala63Val)","chr7","92833136","G/A","CDK6","0.687","dataset0327","Missense","The enhanced CD25 cell surface activation marker expression in CD4⁺ T cell","CD25 cell surface activation marker expression","4","Gain-of-function","","0","NA","CRISPR-Based Genome Editing","Base editing","38093011"
"NM_001145306.2(CDK6):c.187G>A (p.Ala63Thr)","chr7","92833137","C/T","CDK6","-0.064","dataset0327","Missense","Neutral to the CD25 cell surface activation marker expression in CD4⁺ T cell","CD25 cell surface activation marker expression","4","Functionally normal","","","NA","CRISPR-Based Genome Editing","Base editing","38093011"
"NM_001145306.2(CDK6):c.185T>C (p.Val62Ala)","chr7","92833139","A/G","CDK6","0.059","dataset0327","Missense","Neutral to the CD25 cell surface activation marker expression in CD4⁺ T cell","CD25 cell surface activation marker expression","4","Functionally normal","","","NA","CRISPR-Based Genome Editing","Base editing","38093011"
"NM_001145306.2(CDK6):c.184G>A (p.Val62Met)","chr7","92833140","C/T","CDK6","0.313","dataset0327","Missense","Neutral to the CD25 cell surface activation marker expression in CD4⁺ T cell","CD25 cell surface activation marker expression","3","Functionally normal","","","NA","CRISPR-Based Genome Editing","Base editing","38093011"
"NM_001145306.2(CDK6):c.183G>A (p.Glu61=)","chr7","92833141","C/T","CDK6","0.313","dataset0327","Synonymous","Neutral to the CD25 cell surface activation marker expression in CD4⁺ T cell","CD25 cell surface activation marker expression","3","Functionally normal","","","NA","CRISPR-Based Genome Editing","Base editing","38093011"
"NM_001145306.2(CDK6):c.182A>G (p.Glu61Gly)","chr7","92833142","T/C","CDK6","0.727","dataset0327","Missense","The enhanced CD25 cell surface activation marker expression in CD4⁺ T cell","CD25 cell surface activation marker expression","4","Gain-of-function","","","NA","CRISPR-Based Genome Editing","Base editing","38093011"
"NM_001145306.2(CDK6):c.180C>T (p.Arg60=)","chr7","92833144","G/A","CDK6","0.267","dataset0327","Synonymous","Neutral to the CD25 cell surface activation marker expression in CD4⁺ T cell","CD25 cell surface activation marker expression","4","Functionally normal","","","NA","CRISPR-Based Genome Editing","Base editing","38093011"
"NM_001145306.2(CDK6):c.178C>T (p.Arg60Cys)","chr7","92833146","G/A","CDK6","0.267","dataset0327","Missense","Neutral to the CD25 cell surface activation marker expression in CD4⁺ T cell","CD25 cell surface activation marker expression","4","Functionally normal","","6.21429e-07","NA","CRISPR-Based Genome Editing","Base editing","38093011"
"NM_001145306.2(CDK6):c.177C>T (p.Ile59=)","chr7","92833147","G/A","CDK6","-0.406","dataset0327","Synonymous","The diminished CD25 cell surface activation marker expression in CD4⁺ T cell","CD25 cell surface activation marker expression","4","Loss-of-function","","","NA","CRISPR-Based Genome Editing","Base editing","38093011"
"NM_001145306.2(CDK6):c.175A>G (p.Ile59Val)","chr7","92833149","T/C","CDK6","0.165","dataset0327","Missense","Neutral to the CD25 cell surface activation marker expression in CD4⁺ T cell","CD25 cell surface activation marker expression","4","Functionally normal","","6.21307e-07","NA","CRISPR-Based Genome Editing","Base editing","38093011"
"NM_001145306.2(CDK6):c.174C>T (p.Thr58=)","chr7","92833150","G/A","CDK6","0.375","dataset0327","Synonymous","The enhanced CD25 cell surface activation marker expression in CD4⁺ T cell","CD25 cell surface activation marker expression","4","Gain-of-function","","5.59281e-06","NA","CRISPR-Based Genome Editing","Base editing","38093011"
"NM_001145306.2(CDK6):c.173C>T (p.Thr58Ile)","chr7","92833151","G/A","CDK6","0.375","dataset0327","Missense","The enhanced CD25 cell surface activation marker expression in CD4⁺ T cell","CD25 cell surface activation marker expression","4","Gain-of-function","","","NA","CRISPR-Based Genome Editing","Base editing","38093011"
"NM_001145306.2(CDK6):c.172A>G (p.Thr58Ala)","chr7","92833152","T/C","CDK6","-0.335","dataset0327","Missense","Neutral to the CD25 cell surface activation marker expression in CD4⁺ T cell","CD25 cell surface activation marker expression","4","Functionally normal","","","NA","CRISPR-Based Genome Editing","Base editing","38093011"
"NM_001145306.2(CDK6):c.171C>T (p.Ser57=)","chr7","92833153","G/A","CDK6","0.375","dataset0327","Synonymous","The enhanced CD25 cell surface activation marker expression in CD4⁺ T cell","CD25 cell surface activation marker expression","10","Gain-of-function","","1.11842e-05","NA","CRISPR-Based Genome Editing","Base editing","38093011"
"NM_001145306.2(CDK6):c.170C>T (p.Ser57Phe)","chr7","92833154","G/A","CDK6","0.375","dataset0327","Missense","The enhanced CD25 cell surface activation marker expression in CD4⁺ T cell","CD25 cell surface activation marker expression","4","Gain-of-function","","","NA","CRISPR-Based Genome Editing","Base editing","38093011"
"NM_001145306.2(CDK6):c.168C>T (p.Leu56=)","chr7","92833156","G/A","CDK6","0.375","dataset0327","Synonymous","The enhanced CD25 cell surface activation marker expression in CD4⁺ T cell","CD25 cell surface activation marker expression","10","Gain-of-function","","6.21339e-06","NA","CRISPR-Based Genome Editing","Base editing","38093011"
"NM_001145306.2(CDK6):c.165G>A (p.Pro55=)","chr7","92833159","C/T","CDK6","0.035","dataset0327","Synonymous","Neutral to the CD25 cell surface activation marker expression in CD4⁺ T cell","CD25 cell surface activation marker expression","4","Functionally normal","","","NA","CRISPR-Based Genome Editing","Base editing","38093011"
"NM_001145306.2(CDK6):c.162G>A (p.Met54Ile)","chr7","92833162","C/T","CDK6","0.035","dataset0327","Missense","Neutral to the CD25 cell surface activation marker expression in CD4⁺ T cell","CD25 cell surface activation marker expression","4","Functionally normal","","6.21371e-07","NA","CRISPR-Based Genome Editing","Base editing","38093011"
"NM_001145306.2(CDK6):c.161T>C (p.Met54Thr)","chr7","92833163","A/G","CDK6","-0.092","dataset0327","Missense","Neutral to the CD25 cell surface activation marker expression in CD4⁺ T cell","CD25 cell surface activation marker expression","4","Functionally normal","","","NA","CRISPR-Based Genome Editing","Base editing","38093011"
"NM_001145306.2(CDK6):c.158G>A (p.Gly53Asp)","chr7","92833166","C/T","CDK6","0.035","dataset0327","Missense","Neutral to the CD25 cell surface activation marker expression in CD4⁺ T cell","CD25 cell surface activation marker expression","4","Functionally normal","","0","NA","CRISPR-Based Genome Editing","Base editing","38093011"
"NM_001145306.2(CDK6):c.157G>A (p.Gly53Ser)","chr7","92833167","C/T","CDK6","0.035","dataset0327","Missense","Neutral to the CD25 cell surface activation marker expression in CD4⁺ T cell","CD25 cell surface activation marker expression","4","Functionally normal","","","NA","CRISPR-Based Genome Editing","Base editing","38093011"
"NM_001145306.2(CDK6):c.156G>A (p.Glu52=)","chr7","92833168","C/T","CDK6","0.035","dataset0327","Synonymous","Neutral to the CD25 cell surface activation marker expression in CD4⁺ T cell","CD25 cell surface activation marker expression","4","Functionally normal","","","NA","CRISPR-Based Genome Editing","Base editing","38093011"
"NM_001145306.2(CDK6):c.147C>T (p.Thr49=)","chr7","92833177","G/A","CDK6","0.092","dataset0327","Synonymous","Neutral to the CD25 cell surface activation marker expression in CD4⁺ T cell","CD25 cell surface activation marker expression","4","Functionally normal","","3.72876e-06","NA","CRISPR-Based Genome Editing","Base editing","38093011"
"NM_001145306.2(CDK6):c.146C>T (p.Thr49Ile)","chr7","92833178","G/A","CDK6","0.092","dataset0327","Missense","Neutral to the CD25 cell surface activation marker expression in CD4⁺ T cell","CD25 cell surface activation marker expression","4","Functionally normal","","","NA","CRISPR-Based Genome Editing","Base editing","38093011"
"NM_001145306.2(CDK6):c.143A>G (p.Gln48Arg)","chr7","92833181","T/C","CDK6","-0.067","dataset0327","Missense","Neutral to the CD25 cell surface activation marker expression in CD4⁺ T cell","CD25 cell surface activation marker expression","4","Functionally normal","","1.24265e-06","NA","CRISPR-Based Genome Editing","Base editing","38093011"
"NM_001145306.2(CDK6):c.142C>T (p.Gln48Ter)","chr7","92833182","G/A","CDK6","0.571","dataset0327","Nonsense","The enhanced CD25 cell surface activation marker expression in CD4⁺ T cell","CD25 cell surface activation marker expression","4","Gain-of-function","","0","NA","CRISPR-Based Genome Editing","Base editing","38093011"
"NM_001145306.2(CDK6):c.136C>T (p.Arg46Trp)","chr7","92833188","G/A","CDK6","0.268","dataset0327","Missense","Neutral to the CD25 cell surface activation marker expression in CD4⁺ T cell","CD25 cell surface activation marker expression","4","Functionally normal","","1.24298e-06","NA","CRISPR-Based Genome Editing","Base editing","38093011"
"NM_001145306.2(CDK6):c.133G>A (p.Val45Met)","chr7","92833191","C/T","CDK6","-0.005","dataset0327","Missense","Neutral to the CD25 cell surface activation marker expression in CD4⁺ T cell","CD25 cell surface activation marker expression","4","Functionally normal","","1.86392e-06","ucs:1.8% (1/57):0.320","CRISPR-Based Genome Editing","Base editing","38093011"
"NM_001145306.2(CDK6):c.131G>A (p.Arg44His)","chr7","92833193","C/T","CDK6","-0.005","dataset0327","Missense","Neutral to the CD25 cell surface activation marker expression in CD4⁺ T cell","CD25 cell surface activation marker expression","4","Functionally normal","","","NA","CRISPR-Based Genome Editing","Base editing","38093011"
"NM_001145306.2(CDK6):c.129G>A (p.Lys43=)","chr7","92833195","C/T","CDK6","-0.005","dataset0327","Synonymous","Neutral to the CD25 cell surface activation marker expression in CD4⁺ T cell","CD25 cell surface activation marker expression","4","Functionally normal","","6.21131e-07","NA","CRISPR-Based Genome Editing","Base editing","38093011"
"NM_001145306.2(CDK6):c.126G>A (p.Leu42=)","chr7","92833198","C/T","CDK6","-0.005","dataset0327","Synonymous","Neutral to the CD25 cell surface activation marker expression in CD4⁺ T cell","CD25 cell surface activation marker expression","10","Functionally normal","","","NA","CRISPR-Based Genome Editing","Base editing","38093011"
"NM_001145306.2(CDK6):c.123G>A (p.Ala41=)","chr7","92833201","C/T","CDK6","-0.005","dataset0327","Synonymous","Neutral to the CD25 cell surface activation marker expression in CD4⁺ T cell","CD25 cell surface activation marker expression","4","Functionally normal","","0","NA","CRISPR-Based Genome Editing","Base editing","38093011"
"NM_001145306.2(CDK6):c.122C>T (p.Ala41Val)","chr7","92833202","G/A","CDK6","0.263","dataset0327","Missense","Neutral to the CD25 cell surface activation marker expression in CD4⁺ T cell","CD25 cell surface activation marker expression","4","Functionally normal","","6.21116e-07","NA","CRISPR-Based Genome Editing","Base editing","38093011"
"NM_001145306.2(CDK6):c.121G>A (p.Ala41Thr)","chr7","92833203","C/T","CDK6","-0.005","dataset0327","Missense","Neutral to the CD25 cell surface activation marker expression in CD4⁺ T cell","CD25 cell surface activation marker expression","4","Functionally normal","","","NA","CRISPR-Based Genome Editing","Base editing","38093011"
"NM_001145306.2(CDK6):c.117C>T (p.Phe39=)","chr7","92833207","G/A","CDK6","0.263","dataset0327","Synonymous","Neutral to the CD25 cell surface activation marker expression in CD4⁺ T cell","CD25 cell surface activation marker expression","4","Functionally normal","","1.24211e-06","NA","CRISPR-Based Genome Editing","Base editing","38093011"
"NM_001145306.2(CDK6):c.111C>T (p.Gly37=)","chr7","92833213","G/A","CDK6","-0.027","dataset0327","Synonymous","Neutral to the CD25 cell surface activation marker expression in CD4⁺ T cell","CD25 cell surface activation marker expression","4","Functionally normal","","","NA","CRISPR-Based Genome Editing","Base editing","38093011"
"NM_001145306.2(CDK6):c.110G>A (p.Gly37Asp)","chr7","92833214","C/T","CDK6","0.294","dataset0327","Missense","Neutral to the CD25 cell surface activation marker expression in CD4⁺ T cell","CD25 cell surface activation marker expression","4","Functionally normal","","6.20961e-07","NA","CRISPR-Based Genome Editing","Base editing","38093011"
"NM_001145306.2(CDK6):c.109G>A (p.Gly37Ser)","chr7","92833215","C/T","CDK6","0.294","dataset0327","Missense","Neutral to the CD25 cell surface activation marker expression in CD4⁺ T cell","CD25 cell surface activation marker expression","10","Functionally normal","","","NA","CRISPR-Based Genome Editing","Base editing","38093011"
"NM_001145306.2(CDK6):c.107G>A (p.Gly36Glu)","chr7","92833217","C/T","CDK6","0.294","dataset0327","Missense","Neutral to the CD25 cell surface activation marker expression in CD4⁺ T cell","CD25 cell surface activation marker expression","4","Functionally normal","","6.20915e-07","NA","CRISPR-Based Genome Editing","Base editing","38093011"
"NM_001145306.2(CDK6):c.106G>A (p.Gly36Arg)","chr7","92833218","C/T","CDK6","0.294","dataset0327","Missense","Neutral to the CD25 cell surface activation marker expression in CD4⁺ T cell","CD25 cell surface activation marker expression","4","Functionally normal","","0","NA","CRISPR-Based Genome Editing","Base editing","38093011"
"NM_001145306.2(CDK6):c.105C>T (p.Asn35=)","chr7","92833219","G/A","CDK6","-0.027","dataset0327","Synonymous","Neutral to the CD25 cell surface activation marker expression in CD4⁺ T cell","CD25 cell surface activation marker expression","10","Functionally normal","","1.24187e-06","NA","CRISPR-Based Genome Editing","Base editing","38093011"
"NM_001145306.2(CDK6):c.104A>G (p.Asn35Ser)","chr7","92833220","T/C","CDK6","-0.021","dataset0327","Missense","Neutral to the CD25 cell surface activation marker expression in CD4⁺ T cell","CD25 cell surface activation marker expression","4","Functionally normal","","","NA","CRISPR-Based Genome Editing","Base editing","38093011"
"NM_001145306.2(CDK6):c.103A>G (p.Asn35Asp)","chr7","92833221","T/C","CDK6","-0.021","dataset0327","Missense","Neutral to the CD25 cell surface activation marker expression in CD4⁺ T cell","CD25 cell surface activation marker expression","4","Functionally normal","","","NA","CRISPR-Based Genome Editing","Base editing","38093011"
"NM_001145306.2(CDK6):c.102G>A (p.Lys34=)","chr7","92833222","C/T","CDK6","0.294","dataset0327","Synonymous","Neutral to the CD25 cell surface activation marker expression in CD4⁺ T cell","CD25 cell surface activation marker expression","4","Functionally normal","","2.48338e-06","NA","CRISPR-Based Genome Editing","Base editing","38093011"
"NM_001145306.2(CDK6):c.101A>G (p.Lys34Arg)","chr7","92833223","T/C","CDK6","-0.021","dataset0327","Missense","Neutral to the CD25 cell surface activation marker expression in CD4⁺ T cell","CD25 cell surface activation marker expression","4","Functionally normal","","6.20796e-07","NA","CRISPR-Based Genome Editing","Base editing","38093011"
"NM_001145306.2(CDK6):c.99G>A (p.Leu33=)","chr7","92833225","C/T","CDK6","-0.129","dataset0327","Synonymous","Neutral to the CD25 cell surface activation marker expression in CD4⁺ T cell","CD25 cell surface activation marker expression","3","Functionally normal","","","NA","CRISPR-Based Genome Editing","Base editing","38093011"
"NM_001145306.2(CDK6):c.96C>T (p.Asp32=)","chr7","92833228","G/A","CDK6","0.602","dataset0327","Synonymous","The enhanced CD25 cell surface activation marker expression in CD4⁺ T cell","CD25 cell surface activation marker expression","4","Gain-of-function","","6.20753e-07","NA","CRISPR-Based Genome Editing","Base editing","38093011"
"NM_001145306.2(CDK6):c.95A>G (p.Asp32Gly)","chr7","92833229","T/C","CDK6","0.448","dataset0327","Missense","The enhanced CD25 cell surface activation marker expression in CD4⁺ T cell","CD25 cell surface activation marker expression","4","Gain-of-function","","","NA","CRISPR-Based Genome Editing","Base editing","38093011"
"NM_001145306.2(CDK6):c.93C>T (p.Arg31=)","chr7","92833231","G/A","CDK6","0.602","dataset0327","Synonymous","The enhanced CD25 cell surface activation marker expression in CD4⁺ T cell","CD25 cell surface activation marker expression","4","Gain-of-function","","1.24166e-06","NA","CRISPR-Based Genome Editing","Base editing","38093011"
"NM_001145306.2(CDK6):c.91C>T (p.Arg31Cys)","chr7","92833233","G/A","CDK6","0.602","dataset0327","Missense","The enhanced CD25 cell surface activation marker expression in CD4⁺ T cell","CD25 cell surface activation marker expression","10","Gain-of-function","","","NA","CRISPR-Based Genome Editing","Base editing","38093011"
"NM_001145306.2(CDK6):c.90C>T (p.Ala30=)","chr7","92833234","G/A","CDK6","0.602","dataset0327","Synonymous","The enhanced CD25 cell surface activation marker expression in CD4⁺ T cell","CD25 cell surface activation marker expression","10","Gain-of-function","","","NA","CRISPR-Based Genome Editing","Base editing","38093011"
"NM_001145306.2(CDK6):c.89C>T (p.Ala30Val)","chr7","92833235","G/A","CDK6","0.602","dataset0327","Missense","The enhanced CD25 cell surface activation marker expression in CD4⁺ T cell","CD25 cell surface activation marker expression","4","Gain-of-function","","","NA","CRISPR-Based Genome Editing","Base editing","38093011"
"NM_001145306.2(CDK6):c.88G>A (p.Ala30Thr)","chr7","92833236","C/T","CDK6","0.645","dataset0327","Missense","The enhanced CD25 cell surface activation marker expression in CD4⁺ T cell","CD25 cell surface activation marker expression","4","Gain-of-function","","","NA","CRISPR-Based Genome Editing","Base editing","38093011"
"NM_001145306.2(CDK6):c.87G>A (p.Lys29=)","chr7","92833237","C/T","CDK6","0.645","dataset0327","Synonymous","The enhanced CD25 cell surface activation marker expression in CD4⁺ T cell","CD25 cell surface activation marker expression","10","Gain-of-function","","","NA","CRISPR-Based Genome Editing","Base editing","38093011"
"NM_001145306.2(CDK6):c.83T>C (p.Phe28Ser)","chr7","92833241","A/G","CDK6","0.552","dataset0327","Missense","The enhanced CD25 cell surface activation marker expression in CD4⁺ T cell","CD25 cell surface activation marker expression","4","Gain-of-function","","","NA","CRISPR-Based Genome Editing","Base editing","38093011"
"NM_001145306.2(CDK6):c.81G>A (p.Val27=)","chr7","92833243","C/T","CDK6","0.645","dataset0327","Synonymous","The enhanced CD25 cell surface activation marker expression in CD4⁺ T cell","CD25 cell surface activation marker expression","4","Gain-of-function","","2.48305e-06","NA","CRISPR-Based Genome Editing","Base editing","38093011"
"NM_001145306.2(CDK6):c.79G>A (p.Val27Met)","chr7","92833245","C/T","CDK6","0.645","dataset0327","Missense","The enhanced CD25 cell surface activation marker expression in CD4⁺ T cell","CD25 cell surface activation marker expression","4","Gain-of-function","","6.20776e-07","NA","CRISPR-Based Genome Editing","Base editing","38093011"
"NM_001145306.2(CDK6):c.78G>A (p.Lys26=)","chr7","92833246","C/T","CDK6","0.645","dataset0327","Synonymous","The enhanced CD25 cell surface activation marker expression in CD4⁺ T cell","CD25 cell surface activation marker expression","4","Gain-of-function","","1.86232e-06","NA","CRISPR-Based Genome Editing","Base editing","38093011"
"NM_001145306.2(CDK6):c.71A>G (p.Tyr24Cys)","chr7","92833253","T/C","CDK6","0.083","dataset0327","Missense","Neutral to the CD25 cell surface activation marker expression in CD4⁺ T cell","CD25 cell surface activation marker expression","4","Functionally normal","","4.34678e-06","NA","CRISPR-Based Genome Editing","Base editing","38093011"
"NM_001145306.2(CDK6):c.69C>T (p.Ala23=)","chr7","92833255","G/A","CDK6","0.147","dataset0327","Synonymous","Neutral to the CD25 cell surface activation marker expression in CD4⁺ T cell","CD25 cell surface activation marker expression","10","Functionally normal","","1.24188e-06","NA","CRISPR-Based Genome Editing","Base editing","38093011"
"NM_001145306.2(CDK6):c.68C>T (p.Ala23Val)","chr7","92833256","G/A","CDK6","0.147","dataset0327","Missense","Neutral to the CD25 cell surface activation marker expression in CD4⁺ T cell","CD25 cell surface activation marker expression","4","Functionally normal","","0","NA","CRISPR-Based Genome Editing","Base editing","38093011"
"NM_001145306.2(CDK6):c.66C>T (p.Gly22=)","chr7","92833258","G/A","CDK6","0.147","dataset0327","Synonymous","Neutral to the CD25 cell surface activation marker expression in CD4⁺ T cell","CD25 cell surface activation marker expression","4","Functionally normal","Likely benign","7.76262e-05","NA","CRISPR-Based Genome Editing","Base editing","38093011"
"NM_001145306.2(CDK6):c.62A>G (p.Glu21Gly)","chr7","92833262","T/C","CDK6","0.15","dataset0327","Missense","Neutral to the CD25 cell surface activation marker expression in CD4⁺ T cell","CD25 cell surface activation marker expression","4","Functionally normal","","0","NA","CRISPR-Based Genome Editing","Base editing","38093011"
"NM_001145306.2(CDK6):c.57C>T (p.Ile19=)","chr7","92833267","G/A","CDK6","-0.037","dataset0327","Synonymous","Neutral to the CD25 cell surface activation marker expression in CD4⁺ T cell","CD25 cell surface activation marker expression","10","Functionally normal","","","NA","CRISPR-Based Genome Editing","Base editing","38093011"
"NM_001145306.2(CDK6):c.55A>G (p.Ile19Val)","chr7","92833269","T/C","CDK6","-0.064","dataset0327","Missense","Neutral to the CD25 cell surface activation marker expression in CD4⁺ T cell","CD25 cell surface activation marker expression","4","Functionally normal","","","NA","CRISPR-Based Genome Editing","Base editing","38093011"
"NM_001145306.2(CDK6):c.52G>A (p.Glu18Lys)","chr7","92833272","C/T","CDK6","-0.075","dataset0327","Missense","Neutral to the CD25 cell surface activation marker expression in CD4⁺ T cell","CD25 cell surface activation marker expression","4","Functionally normal","","0","blca:0.2% (1/411):0.550","CRISPR-Based Genome Editing","Base editing","38093011"
"NM_001145306.2(CDK6):c.51G>A (p.Ala17=)","chr7","92833273","C/T","CDK6","-0.075","dataset0327","Synonymous","Neutral to the CD25 cell surface activation marker expression in CD4⁺ T cell","CD25 cell surface activation marker expression","4","Functionally normal","","","NA","CRISPR-Based Genome Editing","Base editing","38093011"
"NM_001145306.2(CDK6):c.50C>T (p.Ala17Val)","chr7","92833274","G/A","CDK6","0.047","dataset0327","Missense","Neutral to the CD25 cell surface activation marker expression in CD4⁺ T cell","CD25 cell surface activation marker expression","4","Functionally normal","","","NA","CRISPR-Based Genome Editing","Base editing","38093011"
"NM_001145306.2(CDK6):c.49G>A (p.Ala17Thr)","chr7","92833275","C/T","CDK6","-0.075","dataset0327","Missense","Neutral to the CD25 cell surface activation marker expression in CD4⁺ T cell","CD25 cell surface activation marker expression","4","Functionally normal","","","NA","CRISPR-Based Genome Editing","Base editing","38093011"
"NM_001145306.2(CDK6):c.48G>A (p.Val16=)","chr7","92833276","C/T","CDK6","-0.075","dataset0327","Synonymous","Neutral to the CD25 cell surface activation marker expression in CD4⁺ T cell","CD25 cell surface activation marker expression","4","Functionally normal","","","NA","CRISPR-Based Genome Editing","Base editing","38093011"
"NM_001145306.2(CDK6):c.47T>C (p.Val16Ala)","chr7","92833277","A/G","CDK6","0.283","dataset0327","Missense","Neutral to the CD25 cell surface activation marker expression in CD4⁺ T cell","CD25 cell surface activation marker expression","4","Functionally normal","","","NA","CRISPR-Based Genome Editing","Base editing","38093011"
"NM_001145306.2(CDK6):c.46G>A (p.Val16Met)","chr7","92833278","C/T","CDK6","-0.075","dataset0327","Missense","Neutral to the CD25 cell surface activation marker expression in CD4⁺ T cell","CD25 cell surface activation marker expression","4","Functionally normal","","6.21456e-07","NA","CRISPR-Based Genome Editing","Base editing","38093011"
"NM_001145306.2(CDK6):c.45C>T (p.Cys15=)","chr7","92833279","G/A","CDK6","0.306","dataset0327","Synonymous","Neutral to the CD25 cell surface activation marker expression in CD4⁺ T cell","CD25 cell surface activation marker expression","4","Functionally normal","","1.24305e-06","NA","CRISPR-Based Genome Editing","Base editing","38093011"
"NM_001145306.2(CDK6):c.44G>A (p.Cys15Tyr)","chr7","92833280","C/T","CDK6","-0.075","dataset0327","Missense","Neutral to the CD25 cell surface activation marker expression in CD4⁺ T cell","CD25 cell surface activation marker expression","4","Functionally normal","","","NA","CRISPR-Based Genome Editing","Base editing","38093011"
"NM_001145306.2(CDK6):c.42A>G (p.Glu14=)","chr7","92833282","T/C","CDK6","0.12","dataset0327","Synonymous","Neutral to the CD25 cell surface activation marker expression in CD4⁺ T cell","CD25 cell surface activation marker expression","4","Functionally normal","","6.21616e-07","NA","CRISPR-Based Genome Editing","Base editing","38093011"
"NM_001145306.2(CDK6):c.41A>G (p.Glu14Gly)","chr7","92833283","T/C","CDK6","0.12","dataset0327","Missense","Neutral to the CD25 cell surface activation marker expression in CD4⁺ T cell","CD25 cell surface activation marker expression","4","Functionally normal","","","NA","CRISPR-Based Genome Editing","Base editing","38093011"
"NM_001145306.2(CDK6):c.40G>A (p.Glu14Lys)","chr7","92833284","C/T","CDK6","0.236","dataset0327","Missense","Neutral to the CD25 cell surface activation marker expression in CD4⁺ T cell","CD25 cell surface activation marker expression","10","Functionally normal","","2.48674e-06","NA","CRISPR-Based Genome Editing","Base editing","38093011"
"NM_001145306.2(CDK6):c.39C>T (p.Tyr13=)","chr7","92833285","G/A","CDK6","-0.262","dataset0327","Synonymous","Neutral to the CD25 cell surface activation marker expression in CD4⁺ T cell","CD25 cell surface activation marker expression","4","Functionally normal","","0.000308457","NA","CRISPR-Based Genome Editing","Base editing","38093011"
"NM_001145306.2(CDK6):c.37T>C (p.Tyr13His)","chr7","92833287","A/G","CDK6","0.395","dataset0327","Missense","The enhanced CD25 cell surface activation marker expression in CD4⁺ T cell","CD25 cell surface activation marker expression","4","Gain-of-function","","","NA","CRISPR-Based Genome Editing","Base editing","38093011"
"NM_001145306.2(CDK6):c.36G>A (p.Gln12=)","chr7","92833288","C/T","CDK6","-0.035","dataset0327","Synonymous","Neutral to the CD25 cell surface activation marker expression in CD4⁺ T cell","CD25 cell surface activation marker expression","10","Functionally normal","","","NA","CRISPR-Based Genome Editing","Base editing","38093011"
"NM_001145306.2(CDK6):c.35A>G (p.Gln12Arg)","chr7","92833289","T/C","CDK6","0.044","dataset0327","Missense","Neutral to the CD25 cell surface activation marker expression in CD4⁺ T cell","CD25 cell surface activation marker expression","4","Functionally normal","","","NA","CRISPR-Based Genome Editing","Base editing","38093011"
"NM_001145306.2(CDK6):c.34C>T (p.Gln12Ter)","chr7","92833290","G/A","CDK6","1.261","dataset0327","Nonsense","The enhanced CD25 cell surface activation marker expression in CD4⁺ T cell","CD25 cell surface activation marker expression","4","Gain-of-function","","","ucec:0.2% (1/529):0.410","CRISPR-Based Genome Editing","Base editing","38093011"
"NM_001145306.2(CDK6):c.33G>A (p.Gln11=)","chr7","92833291","C/T","CDK6","-0.035","dataset0327","Synonymous","Neutral to the CD25 cell surface activation marker expression in CD4⁺ T cell","CD25 cell surface activation marker expression","4","Functionally normal","","","NA","CRISPR-Based Genome Editing","Base editing","38093011"
"NM_001145306.2(CDK6):c.32A>G (p.Gln11Arg)","chr7","92833292","T/C","CDK6","0.095","dataset0327","Missense","Neutral to the CD25 cell surface activation marker expression in CD4⁺ T cell","CD25 cell surface activation marker expression","4","Functionally normal","","1.24494e-06","NA","CRISPR-Based Genome Editing","Base editing","38093011"
"NM_001145306.2(CDK6):c.31C>T (p.Gln11Ter)","chr7","92833293","G/A","CDK6","1.261","dataset0327","Nonsense","The enhanced CD25 cell surface activation marker expression in CD4⁺ T cell","CD25 cell surface activation marker expression","10","Gain-of-function","","6.22781e-07","NA","CRISPR-Based Genome Editing","Base editing","38093011"
"NM_001145306.2(CDK6):c.30C>T (p.Asp10=)","chr7","92833294","G/A","CDK6","1.261","dataset0327","Synonymous","The enhanced CD25 cell surface activation marker expression in CD4⁺ T cell","CD25 cell surface activation marker expression","10","Gain-of-function","","","NA","CRISPR-Based Genome Editing","Base editing","38093011"
"NM_001145306.2(CDK6):c.14G>A (p.Gly5Asp)","chr7","92833310","C/T","CDK6","0.048","dataset0327","Missense","Neutral to the CD25 cell surface activation marker expression in CD4⁺ T cell","CD25 cell surface activation marker expression","4","Functionally normal","","6.27627e-07","NA","CRISPR-Based Genome Editing","Base editing","38093011"
"NM_001145306.2(CDK6):c.13G>A (p.Gly5Ser)","chr7","92833311","C/T","CDK6","0.048","dataset0327","Missense","Neutral to the CD25 cell surface activation marker expression in CD4⁺ T cell","CD25 cell surface activation marker expression","4","Functionally normal","","3.7657e-06","NA","CRISPR-Based Genome Editing","Base editing","38093011"
"NM_001145306.2(CDK6):c.10G>A (p.Asp4Asn)","chr7","92833314","C/T","CDK6","0.048","dataset0327","Missense","Neutral to the CD25 cell surface activation marker expression in CD4⁺ T cell","CD25 cell surface activation marker expression","10","Functionally normal","","","NA","CRISPR-Based Genome Editing","Base editing","38093011"
"NM_001145306.2(CDK6):c.9G>A (p.Lys3=)","chr7","92833315","C/T","CDK6","0.048","dataset0327","Synonymous","Neutral to the CD25 cell surface activation marker expression in CD4⁺ T cell","CD25 cell surface activation marker expression","10","Functionally normal","","6.2959e-07","NA","CRISPR-Based Genome Editing","Base editing","38093011"
"NM_001145306.2(CDK6):c.6G>A (p.Glu2=)","chr7","92833318","C/T","CDK6","0.048","dataset0327","Synonymous","Neutral to the CD25 cell surface activation marker expression in CD4⁺ T cell","CD25 cell surface activation marker expression","4","Functionally normal","","6.31157e-07","NA","CRISPR-Based Genome Editing","Base editing","38093011"
"NM_001145306.2(CDK6):c.4G>A (p.Glu2Lys)","chr7","92833320","C/T","CDK6","0.048","dataset0327","Missense","Neutral to the CD25 cell surface activation marker expression in CD4⁺ T cell","CD25 cell surface activation marker expression","4","Functionally normal","","","NA","CRISPR-Based Genome Editing","Base editing","38093011"
"NM_001145306.2(CDK6):c.3G>A (p.Met1?)","chr7","92833321","C/T","CDK6","0.048","dataset0327","Start_lost","Neutral to the CD25 cell surface activation marker expression in CD4⁺ T cell","CD25 cell surface activation marker expression","4","Functionally normal","","","NA","CRISPR-Based Genome Editing","Base editing","38093011"
"NM_001145306.2(CDK6):c.976G>A (p.Ala326Thr)","chr7","92615145","C/T","CDK6","0.071","dataset0328","Missense","Neutral to the IFNG cytokine expression in CD4⁺ T cell","IFNG cytokine expression","4","Functionally normal","","","NA","CRISPR-Based Genome Editing","Base editing","38093011"
"NM_001145306.2(CDK6):c.969G>A (p.Leu323=)","chr7","92615152","C/T","CDK6","-0.214","dataset0328","Synonymous","Neutral to the IFNG cytokine expression in CD4⁺ T cell","IFNG cytokine expression","10","Functionally normal","","8.67526e-06","NA","CRISPR-Based Genome Editing","Base editing","38093011"
"NM_001145306.2(CDK6):c.968T>C (p.Leu323Pro)","chr7","92615153","A/G","CDK6","-0.083","dataset0328","Missense","Neutral to the IFNG cytokine expression in CD4⁺ T cell","IFNG cytokine expression","4","Functionally normal","","","NA","CRISPR-Based Genome Editing","Base editing","38093011"
"NM_001145306.2(CDK6):c.967C>T (p.Leu323=)","chr7","92615154","G/A","CDK6","-0.074","dataset0328","Synonymous","Neutral to the IFNG cytokine expression in CD4⁺ T cell","IFNG cytokine expression","4","Functionally normal","","","NA","CRISPR-Based Genome Editing","Base editing","38093011"
"NM_001145306.2(CDK6):c.966G>A (p.Glu322=)","chr7","92615155","C/T","CDK6","-0.08","dataset0328","Synonymous","Neutral to the IFNG cytokine expression in CD4⁺ T cell","IFNG cytokine expression","4","Functionally normal","","6.19655e-07","NA","CRISPR-Based Genome Editing","Base editing","38093011"
"NM_001145306.2(CDK6):c.965A>G (p.Glu322Gly)","chr7","92615156","T/C","CDK6","-0.099","dataset0328","Missense","Neutral to the IFNG cytokine expression in CD4⁺ T cell","IFNG cytokine expression","4","Functionally normal","","1.54923e-05","NA","CRISPR-Based Genome Editing","Base editing","38093011"
"NM_001145306.2(CDK6):c.964G>A (p.Glu322Lys)","chr7","92615157","C/T","CDK6","0.182","dataset0328","Missense","Neutral to the IFNG cytokine expression in CD4⁺ T cell","IFNG cytokine expression","10","Functionally normal","","","NA","CRISPR-Based Genome Editing","Base editing","38093011"
"NM_001145306.2(CDK6):c.963G>A (p.Ser321=)","chr7","92615158","C/T","CDK6","0.182","dataset0328","Synonymous","Neutral to the IFNG cytokine expression in CD4⁺ T cell","IFNG cytokine expression","10","Functionally normal","","2.41677e-05","NA","CRISPR-Based Genome Editing","Base editing","38093011"
"NM_001145306.2(CDK6):c.962C>T (p.Ser321Leu)","chr7","92615159","G/A","CDK6","-0.074","dataset0328","Missense","Neutral to the IFNG cytokine expression in CD4⁺ T cell","IFNG cytokine expression","4","Functionally normal","","4.95725e-06","NA","CRISPR-Based Genome Editing","Base editing","38093011"
"NM_001145306.2(CDK6):c.961T>C (p.Ser321Pro)","chr7","92615160","A/G","CDK6","-0.163","dataset0328","Missense","Neutral to the IFNG cytokine expression in CD4⁺ T cell","IFNG cytokine expression","4","Functionally normal","","","NA","CRISPR-Based Genome Editing","Base editing","38093011"
"NM_001145306.2(CDK6):c.954G>A (p.Gln318=)","chr7","92615167","C/T","CDK6","-0.158","dataset0328","Synonymous","Neutral to the IFNG cytokine expression in CD4⁺ T cell","IFNG cytokine expression","10","Functionally normal","","","NA","CRISPR-Based Genome Editing","Base editing","38093011"
"NM_001145306.2(CDK6):c.952C>T (p.Gln318Ter)","chr7","92615169","G/A","CDK6","-0.196","dataset0328","Nonsense","Neutral to the IFNG cytokine expression in CD4⁺ T cell","IFNG cytokine expression","4","Functionally normal","","","NA","CRISPR-Based Genome Editing","Base editing","38093011"
"NM_001145306.2(CDK6):c.951C>T (p.Ser317=)","chr7","92615170","G/A","CDK6","-0.196","dataset0328","Synonymous","Neutral to the IFNG cytokine expression in CD4⁺ T cell","IFNG cytokine expression","4","Functionally normal","","6.19564e-07","NA","CRISPR-Based Genome Editing","Base editing","38093011"
"NM_001145306.2(CDK6):c.949A>G (p.Ser317Gly)","chr7","92615172","T/C","CDK6","-0.186","dataset0328","Missense","Neutral to the IFNG cytokine expression in CD4⁺ T cell","IFNG cytokine expression","4","Functionally normal","","","NA","CRISPR-Based Genome Editing","Base editing","38093011"
"NM_001145306.2(CDK6):c.948C>T (p.Pro316=)","chr7","92615173","G/A","CDK6","-0.196","dataset0328","Synonymous","Neutral to the IFNG cytokine expression in CD4⁺ T cell","IFNG cytokine expression","4","Functionally normal","","6.19564e-06","NA","CRISPR-Based Genome Editing","Base editing","38093011"
"NM_001145306.2(CDK6):c.947C>T (p.Pro316Leu)","chr7","92615174","G/A","CDK6","-0.196","dataset0328","Missense","Neutral to the IFNG cytokine expression in CD4⁺ T cell","IFNG cytokine expression","4","Functionally normal","","","NA","CRISPR-Based Genome Editing","Base editing","38093011"
"NM_001145306.2(CDK6):c.946C>T (p.Pro316Ser)","chr7","92615175","G/A","CDK6","-0.196","dataset0328","Missense","Neutral to the IFNG cytokine expression in CD4⁺ T cell","IFNG cytokine expression","4","Functionally normal","","","NA","CRISPR-Based Genome Editing","Base editing","38093011"
"NM_001145306.2(CDK6):c.945G>A (p.Pro315=)","chr7","92615176","C/T","CDK6","0.092","dataset0328","Synonymous","Neutral to the IFNG cytokine expression in CD4⁺ T cell","IFNG cytokine expression","4","Functionally normal","Likely benign","3.47007e-05","NA","CRISPR-Based Genome Editing","Base editing","38093011"
"NM_001145306.2(CDK6):c.944C>T (p.Pro315Leu)","chr7","92615177","G/A","CDK6","-0.196","dataset0328","Missense","Neutral to the IFNG cytokine expression in CD4⁺ T cell","IFNG cytokine expression","4","Functionally normal","","4.33693e-06","NA","CRISPR-Based Genome Editing","Base editing","38093011"
"NM_001145306.2(CDK6):c.943C>T (p.Pro315Ser)","chr7","92615178","G/A","CDK6","-0.196","dataset0328","Missense","Neutral to the IFNG cytokine expression in CD4⁺ T cell","IFNG cytokine expression","4","Functionally normal","","1.2392e-06","NA","CRISPR-Based Genome Editing","Base editing","38093011"
"NM_001145306.2(CDK6):c.942G>A (p.Leu314=)","chr7","92615179","C/T","CDK6","-0.274","dataset0328","Synonymous","Neutral to the IFNG cytokine expression in CD4⁺ T cell","IFNG cytokine expression","4","Functionally normal","","","NA","CRISPR-Based Genome Editing","Base editing","38093011"
"NM_001145306.2(CDK6):c.922G>A (p.Glu308Lys)","chr7","92615199","C/T","CDK6","0.078","dataset0328","Missense","Neutral to the IFNG cytokine expression in CD4⁺ T cell","IFNG cytokine expression","4","Functionally normal","","6.19516e-07","NA","CRISPR-Based Genome Editing","Base editing","38093011"
"NM_001145306.2(CDK6):c.918C>T (p.Cys306=)","chr7","92615203","G/A","CDK6","-0.065","dataset0328","Synonymous","Neutral to the IFNG cytokine expression in CD4⁺ T cell","IFNG cytokine expression","4","Functionally normal","","","NA","CRISPR-Based Genome Editing","Base editing","38093011"
"NM_001145306.2(CDK6):c.917G>A (p.Cys306Tyr)","chr7","92615204","C/T","CDK6","0.078","dataset0328","Missense","Neutral to the IFNG cytokine expression in CD4⁺ T cell","IFNG cytokine expression","4","Functionally normal","","","NA","CRISPR-Based Genome Editing","Base editing","38093011"
"NM_001145306.2(CDK6):c.916T>C (p.Cys306Arg)","chr7","92615205","A/G","CDK6","0.061","dataset0328","Missense","Neutral to the IFNG cytokine expression in CD4⁺ T cell","IFNG cytokine expression","4","Functionally normal","","","NA","CRISPR-Based Genome Editing","Base editing","38093011"
"NM_001145306.2(CDK6):c.915G>A (p.Arg305=)","chr7","92615206","C/T","CDK6","0.175","dataset0328","Synonymous","Neutral to the IFNG cytokine expression in CD4⁺ T cell","IFNG cytokine expression","10","Functionally normal","","","NA","CRISPR-Based Genome Editing","Base editing","38093011"
"NM_001145306.2(CDK6):c.914G>A (p.Arg305Lys)","chr7","92615207","C/T","CDK6","-0.391","dataset0328","Missense","The diminished IFNG cytokine expression in CD4⁺ T cell","IFNG cytokine expression","4","Loss-of-function","","","NA","CRISPR-Based Genome Editing","Base editing","38093011"
"NM_001145306.2(CDK6):c.913A>G (p.Arg305Gly)","chr7","92615208","T/C","CDK6","-0.04","dataset0328","Missense","Neutral to the IFNG cytokine expression in CD4⁺ T cell","IFNG cytokine expression","4","Functionally normal","","","NA","CRISPR-Based Genome Editing","Base editing","38093011"
"NM_001145306.2(CDK6):c.912A>G (p.Glu304=)","chr7","92615209","T/C","CDK6","-0.04","dataset0328","Synonymous","Neutral to the IFNG cytokine expression in CD4⁺ T cell","IFNG cytokine expression","4","Functionally normal","","","NA","CRISPR-Based Genome Editing","Base editing","38093011"
"NM_001145306.2(CDK6):c.911A>G (p.Glu304Gly)","chr7","92615210","T/C","CDK6","-0.04","dataset0328","Missense","Neutral to the IFNG cytokine expression in CD4⁺ T cell","IFNG cytokine expression","4","Functionally normal","","","NA","CRISPR-Based Genome Editing","Base editing","38093011"
"NM_001145306.2(CDK6):c.910G>A (p.Glu304Lys)","chr7","92615211","C/T","CDK6","-0.02","dataset0328","Missense","Neutral to the IFNG cytokine expression in CD4⁺ T cell","IFNG cytokine expression","10","Functionally normal","","0","NA","CRISPR-Based Genome Editing","Base editing","38093011"
"NM_001145306.2(CDK6):c.908T>C (p.Leu303Pro)","chr7","92615213","A/G","CDK6","-0.026","dataset0328","Missense","Neutral to the IFNG cytokine expression in CD4⁺ T cell","IFNG cytokine expression","4","Functionally normal","","","NA","CRISPR-Based Genome Editing","Base editing","38093011"
"NM_001145306.2(CDK6):c.903G>A (p.Gln301=)","chr7","92615218","C/T","CDK6","0.08","dataset0328","Synonymous","Neutral to the IFNG cytokine expression in CD4⁺ T cell","IFNG cytokine expression","4","Functionally normal","","","NA","CRISPR-Based Genome Editing","Base editing","38093011"
"NM_001145306.2(CDK6):c.901C>T (p.Gln301Ter)","chr7","92615220","G/A","CDK6","0.016","dataset0328","Nonsense","Neutral to the IFNG cytokine expression in CD4⁺ T cell","IFNG cytokine expression","4","Functionally normal","","6.19516e-07","NA","CRISPR-Based Genome Editing","Base editing","38093011"
"NM_001145306.2(CDK6):c.900C>T (p.Phe300=)","chr7","92615221","G/A","CDK6","0.022","dataset0328","Synonymous","Neutral to the IFNG cytokine expression in CD4⁺ T cell","IFNG cytokine expression","10","Functionally normal","","","NA","CRISPR-Based Genome Editing","Base editing","38093011"
"NM_001145306.2(CDK6):c.899T>C (p.Phe300Ser)","chr7","92615222","A/G","CDK6","0.756","dataset0328","Missense","The enhanced IFNG cytokine expression in CD4⁺ T cell","IFNG cytokine expression","4","Gain-of-function","","","NA","CRISPR-Based Genome Editing","Base editing","38093011"
"NM_001145306.2(CDK6):c.898T>C (p.Phe300Leu)","chr7","92615223","A/G","CDK6","0.756","dataset0328","Missense","The enhanced IFNG cytokine expression in CD4⁺ T cell","IFNG cytokine expression","4","Gain-of-function","","","NA","CRISPR-Based Genome Editing","Base editing","38093011"
"NM_001145306.2(CDK6):c.897C>T (p.Tyr299=)","chr7","92615224","G/A","CDK6","0.022","dataset0328","Synonymous","Neutral to the IFNG cytokine expression in CD4⁺ T cell","IFNG cytokine expression","10","Functionally normal","","","NA","CRISPR-Based Genome Editing","Base editing","38093011"
"NM_001145306.2(CDK6):c.896A>G (p.Tyr299Cys)","chr7","92615225","T/C","CDK6","-0.112","dataset0328","Missense","Neutral to the IFNG cytokine expression in CD4⁺ T cell","IFNG cytokine expression","4","Functionally normal","","","NA","CRISPR-Based Genome Editing","Base editing","38093011"
"NM_001145306.2(CDK6):c.894A>G (p.Pro298=)","chr7","92615227","T/C","CDK6","-0.019","dataset0328","Synonymous","Neutral to the IFNG cytokine expression in CD4⁺ T cell","IFNG cytokine expression","4","Functionally normal","Likely benign","7.18629e-05","NA","CRISPR-Based Genome Editing","Base editing","38093011"
"NM_001145306.2(CDK6):c.893C>T (p.Pro298Leu)","chr7","92615228","G/A","CDK6","0.031","dataset0328","Missense","Neutral to the IFNG cytokine expression in CD4⁺ T cell","IFNG cytokine expression","4","Functionally normal","","","NA","CRISPR-Based Genome Editing","Base editing","38093011"
"NM_001145306.2(CDK6):c.890A>G (p.His297Arg)","chr7","92615231","T/C","CDK6","-0.019","dataset0328","Missense","Neutral to the IFNG cytokine expression in CD4⁺ T cell","IFNG cytokine expression","4","Functionally normal","","","NA","CRISPR-Based Genome Editing","Base editing","38093011"
"NM_001145306.2(CDK6):c.888T>C (p.Ser296=)","chr7","92615233","A/G","CDK6","0.262","dataset0328","Synonymous","Neutral to the IFNG cytokine expression in CD4⁺ T cell","IFNG cytokine expression","4","Functionally normal","","1.85852e-06","NA","CRISPR-Based Genome Editing","Base editing","38093011"
"NM_001145306.2(CDK6):c.885G>A (p.Leu295=)","chr7","92615236","C/T","CDK6","-0.209","dataset0328","Synonymous","Neutral to the IFNG cytokine expression in CD4⁺ T cell","IFNG cytokine expression","4","Functionally normal","","","NA","CRISPR-Based Genome Editing","Base editing","38093011"
"NM_001145306.2(CDK6):c.878G>A (p.Ser293Asn)","chr7","92615243","C/T","CDK6","-0.121","dataset0328","Missense","Neutral to the IFNG cytokine expression in CD4⁺ T cell","IFNG cytokine expression","4","Functionally normal","","6.19546e-07","NA","CRISPR-Based Genome Editing","Base editing","38093011"
"NM_001145306.2(CDK6):c.874T>C (p.Tyr292His)","chr7","92615247","A/G","CDK6","-0.188","dataset0328","Missense","Neutral to the IFNG cytokine expression in CD4⁺ T cell","IFNG cytokine expression","4","Functionally normal","","","NA","CRISPR-Based Genome Editing","Base editing","38093011"
"NM_001145306.2(CDK6):c.871G>A (p.Ala291Thr)","chr7","92615250","C/T","CDK6","-0.041","dataset0328","Missense","Neutral to the IFNG cytokine expression in CD4⁺ T cell","IFNG cytokine expression","4","Functionally normal","","","ucec:0.2% (1/529):0.500","CRISPR-Based Genome Editing","Base editing","38093011"
"NM_001145306.2(CDK6):c.870T>C (p.Ser290=)","chr7","92615251","A/G","CDK6","-0.121","dataset0328","Synonymous","Neutral to the IFNG cytokine expression in CD4⁺ T cell","IFNG cytokine expression","4","Functionally normal","","","NA","CRISPR-Based Genome Editing","Base editing","38093011"
"NM_001145306.2(CDK6):c.868T>C (p.Ser290Pro)","chr7","92615253","A/G","CDK6","-0.121","dataset0328","Missense","Neutral to the IFNG cytokine expression in CD4⁺ T cell","IFNG cytokine expression","4","Functionally normal","","6.19528e-07","NA","CRISPR-Based Genome Editing","Base editing","38093011"
"NM_001145306.2(CDK6):c.825C>T (p.Asp275=)","chr7","92618081","G/A","CDK6","-0.049","dataset0328","Synonymous","Neutral to the IFNG cytokine expression in CD4⁺ T cell","IFNG cytokine expression","4","Functionally normal","","","NA","CRISPR-Based Genome Editing","Base editing","38093011"
"NM_001145306.2(CDK6):c.820A>G (p.Lys274Glu)","chr7","92618086","T/C","CDK6","-0.417","dataset0328","Missense","The diminished IFNG cytokine expression in CD4⁺ T cell","IFNG cytokine expression","4","Loss-of-function","","6.19537e-07","NA","CRISPR-Based Genome Editing","Base editing","38093011"
"NM_001145306.2(CDK6):c.819C>T (p.Gly273=)","chr7","92618087","G/A","CDK6","-0.049","dataset0328","Synonymous","Neutral to the IFNG cytokine expression in CD4⁺ T cell","IFNG cytokine expression","4","Functionally normal","","","NA","CRISPR-Based Genome Editing","Base editing","38093011"
"NM_001145306.2(CDK6):c.816A>G (p.Leu272=)","chr7","92618090","T/C","CDK6","-0.417","dataset0328","Synonymous","The diminished IFNG cytokine expression in CD4⁺ T cell","IFNG cytokine expression","4","Loss-of-function","","1.23915e-06","NA","CRISPR-Based Genome Editing","Base editing","38093011"
"NM_001145306.2(CDK6):c.814C>T (p.Leu272=)","chr7","92618092","G/A","CDK6","-0.049","dataset0328","Synonymous","Neutral to the IFNG cytokine expression in CD4⁺ T cell","IFNG cytokine expression","4","Functionally normal","","","NA","CRISPR-Based Genome Editing","Base editing","38093011"
"NM_001145306.2(CDK6):c.807C>T (p.Ile269=)","chr7","92618099","G/A","CDK6","0.063","dataset0328","Synonymous","Neutral to the IFNG cytokine expression in CD4⁺ T cell","IFNG cytokine expression","4","Functionally normal","","2.47822e-06","NA","CRISPR-Based Genome Editing","Base editing","38093011"
"NM_001145306.2(CDK6):c.803A>G (p.Asp268Gly)","chr7","92618103","T/C","CDK6","0.099","dataset0328","Missense","Neutral to the IFNG cytokine expression in CD4⁺ T cell","IFNG cytokine expression","4","Functionally normal","","6.19517e-07","NA","CRISPR-Based Genome Editing","Base editing","38093011"
"NM_001145306.2(CDK6):c.802G>A (p.Asp268Asn)","chr7","92618104","C/T","CDK6","-0.035","dataset0328","Missense","Neutral to the IFNG cytokine expression in CD4⁺ T cell","IFNG cytokine expression","4","Functionally normal","","","NA","CRISPR-Based Genome Editing","Base editing","38093011"
"NM_001145306.2(CDK6):c.801A>G (p.Thr267=)","chr7","92618105","T/C","CDK6","0.099","dataset0328","Synonymous","Neutral to the IFNG cytokine expression in CD4⁺ T cell","IFNG cytokine expression","4","Functionally normal","","","NA","CRISPR-Based Genome Editing","Base editing","38093011"
"NM_001145306.2(CDK6):c.800C>T (p.Thr267Ile)","chr7","92618106","G/A","CDK6","0.063","dataset0328","Missense","Neutral to the IFNG cytokine expression in CD4⁺ T cell","IFNG cytokine expression","10","Functionally normal","","","NA","CRISPR-Based Genome Editing","Base editing","38093011"
"NM_001145306.2(CDK6):c.799A>G (p.Thr267Ala)","chr7","92618107","T/C","CDK6","0.099","dataset0328","Missense","Neutral to the IFNG cytokine expression in CD4⁺ T cell","IFNG cytokine expression","4","Functionally normal","","","NA","CRISPR-Based Genome Editing","Base editing","38093011"
"NM_001145306.2(CDK6):c.798A>G (p.Val266=)","chr7","92618108","T/C","CDK6","0.099","dataset0328","Synonymous","Neutral to the IFNG cytokine expression in CD4⁺ T cell","IFNG cytokine expression","4","Functionally normal","","","NA","CRISPR-Based Genome Editing","Base editing","38093011"
"NM_001145306.2(CDK6):c.797T>C (p.Val266Ala)","chr7","92618109","A/G","CDK6","-0.092","dataset0328","Missense","Neutral to the IFNG cytokine expression in CD4⁺ T cell","IFNG cytokine expression","4","Functionally normal","","","NA","CRISPR-Based Genome Editing","Base editing","38093011"
"NM_001145306.2(CDK6):c.796G>A (p.Val266Ile)","chr7","92618110","C/T","CDK6","-0.006","dataset0328","Missense","Neutral to the IFNG cytokine expression in CD4⁺ T cell","IFNG cytokine expression","10","Functionally normal","","","NA","CRISPR-Based Genome Editing","Base editing","38093011"
"NM_001145306.2(CDK6):c.795T>C (p.Phe265=)","chr7","92618111","A/G","CDK6","-0.176","dataset0328","Synonymous","Neutral to the IFNG cytokine expression in CD4⁺ T cell","IFNG cytokine expression","4","Functionally normal","","","NA","CRISPR-Based Genome Editing","Base editing","38093011"
"NM_001145306.2(CDK6):c.794T>C (p.Phe265Ser)","chr7","92618112","A/G","CDK6","-0.176","dataset0328","Missense","Neutral to the IFNG cytokine expression in CD4⁺ T cell","IFNG cytokine expression","4","Functionally normal","","","NA","CRISPR-Based Genome Editing","Base editing","38093011"
"NM_001145306.2(CDK6):c.793T>C (p.Phe265Leu)","chr7","92618113","A/G","CDK6","-0.176","dataset0328","Missense","Neutral to the IFNG cytokine expression in CD4⁺ T cell","IFNG cytokine expression","4","Functionally normal","","","NA","CRISPR-Based Genome Editing","Base editing","38093011"
"NM_001145306.2(CDK6):c.792G>A (p.Lys264=)","chr7","92618114","C/T","CDK6","-0.006","dataset0328","Synonymous","Neutral to the IFNG cytokine expression in CD4⁺ T cell","IFNG cytokine expression","10","Functionally normal","","6.19516e-07","NA","CRISPR-Based Genome Editing","Base editing","38093011"
"NM_001145306.2(CDK6):c.766T>C (p.Ser256Pro)","chr7","92618140","A/G","CDK6","-0.045","dataset0328","Missense","Neutral to the IFNG cytokine expression in CD4⁺ T cell","IFNG cytokine expression","4","Functionally normal","","","NA","CRISPR-Based Genome Editing","Base editing","38093011"
"NM_001145306.2(CDK6):c.765T>C (p.His255=)","chr7","92618141","A/G","CDK6","-0.045","dataset0328","Synonymous","Neutral to the IFNG cytokine expression in CD4⁺ T cell","IFNG cytokine expression","4","Functionally normal","","1.85852e-06","NA","CRISPR-Based Genome Editing","Base editing","38093011"
"NM_001145306.2(CDK6):c.762T>C (p.Phe254=)","chr7","92618144","A/G","CDK6","0.096","dataset0328","Synonymous","Neutral to the IFNG cytokine expression in CD4⁺ T cell","IFNG cytokine expression","4","Functionally normal","","","NA","CRISPR-Based Genome Editing","Base editing","38093011"
"NM_001145306.2(CDK6):c.761T>C (p.Phe254Ser)","chr7","92618145","A/G","CDK6","0.096","dataset0328","Missense","Neutral to the IFNG cytokine expression in CD4⁺ T cell","IFNG cytokine expression","4","Functionally normal","","","NA","CRISPR-Based Genome Editing","Base editing","38093011"
"NM_001145306.2(CDK6):c.760T>C (p.Phe254Leu)","chr7","92618146","A/G","CDK6","0.096","dataset0328","Missense","Neutral to the IFNG cytokine expression in CD4⁺ T cell","IFNG cytokine expression","4","Functionally normal","","","NA","CRISPR-Based Genome Editing","Base editing","38093011"
"NM_001145306.2(CDK6):c.759T>C (p.Ala253=)","chr7","92618147","A/G","CDK6","0.096","dataset0328","Synonymous","Neutral to the IFNG cytokine expression in CD4⁺ T cell","IFNG cytokine expression","4","Functionally normal","","1.23911e-06","NA","CRISPR-Based Genome Editing","Base editing","38093011"
"NM_001145306.2(CDK6):c.757G>A (p.Ala253Thr)","chr7","92618149","C/T","CDK6","-0.16","dataset0328","Missense","Neutral to the IFNG cytokine expression in CD4⁺ T cell","IFNG cytokine expression","4","Functionally normal","","6.1955e-07","NA","CRISPR-Based Genome Editing","Base editing","38093011"
"NM_001145306.2(CDK6):c.756G>A (p.Gln252=)","chr7","92618150","C/T","CDK6","-0.16","dataset0328","Synonymous","Neutral to the IFNG cytokine expression in CD4⁺ T cell","IFNG cytokine expression","4","Functionally normal","","6.1951e-07","NA","CRISPR-Based Genome Editing","Base editing","38093011"
"NM_001145306.2(CDK6):c.753G>A (p.Arg251=)","chr7","92618153","C/T","CDK6","0.006","dataset0328","Synonymous","Neutral to the IFNG cytokine expression in CD4⁺ T cell","IFNG cytokine expression","4","Functionally normal","","6.19578e-07","NA","CRISPR-Based Genome Editing","Base editing","38093011"
"NM_001145306.2(CDK6):c.752G>A (p.Arg251Lys)","chr7","92618154","C/T","CDK6","-0.115","dataset0328","Missense","Neutral to the IFNG cytokine expression in CD4⁺ T cell","IFNG cytokine expression","4","Functionally normal","","6.19516e-07","NA","CRISPR-Based Genome Editing","Base editing","38093011"
"NM_001145306.2(CDK6):c.747T>C (p.Leu249=)","chr7","92618159","A/G","CDK6","0.26","dataset0328","Synonymous","Neutral to the IFNG cytokine expression in CD4⁺ T cell","IFNG cytokine expression","4","Functionally normal","","","NA","CRISPR-Based Genome Editing","Base editing","38093011"
"NM_001145306.2(CDK6):c.746T>C (p.Leu249Pro)","chr7","92618160","A/G","CDK6","0.26","dataset0328","Missense","Neutral to the IFNG cytokine expression in CD4⁺ T cell","IFNG cytokine expression","4","Functionally normal","","","NA","CRISPR-Based Genome Editing","Base editing","38093011"
"NM_001145306.2(CDK6):c.745C>T (p.Leu249Phe)","chr7","92618161","G/A","CDK6","-0.098","dataset0328","Missense","Neutral to the IFNG cytokine expression in CD4⁺ T cell","IFNG cytokine expression","4","Functionally normal","","","NA","CRISPR-Based Genome Editing","Base editing","38093011"
"NM_001145306.2(CDK6):c.744C>T (p.Ala248=)","chr7","92618162","G/A","CDK6","-0.098","dataset0328","Synonymous","Neutral to the IFNG cytokine expression in CD4⁺ T cell","IFNG cytokine expression","4","Functionally normal","","","NA","CRISPR-Based Genome Editing","Base editing","38093011"
"NM_001145306.2(CDK6):c.743C>T (p.Ala248Val)","chr7","92618163","G/A","CDK6","-0.056","dataset0328","Missense","Neutral to the IFNG cytokine expression in CD4⁺ T cell","IFNG cytokine expression","4","Functionally normal","","","NA","CRISPR-Based Genome Editing","Base editing","38093011"
"NM_001145306.2(CDK6):c.742G>A (p.Ala248Thr)","chr7","92618164","C/T","CDK6","-0.115","dataset0328","Missense","Neutral to the IFNG cytokine expression in CD4⁺ T cell","IFNG cytokine expression","4","Functionally normal","","","NA","CRISPR-Based Genome Editing","Base editing","38093011"
"NM_001145306.2(CDK6):c.737A>G (p.Asp246Gly)","chr7","92618169","T/C","CDK6","-0.305","dataset0328","Missense","The diminished IFNG cytokine expression in CD4⁺ T cell","IFNG cytokine expression","4","Loss-of-function","","","NA","CRISPR-Based Genome Editing","Base editing","38093011"
"NM_001145306.2(CDK6):c.735A>G (p.Arg245=)","chr7","92618171","T/C","CDK6","0.323","dataset0328","Synonymous","Neutral to the IFNG cytokine expression in CD4⁺ T cell","IFNG cytokine expression","4","Functionally normal","","","NA","CRISPR-Based Genome Editing","Base editing","38093011"
"NM_001145306.2(CDK6):c.734G>A (p.Arg245Lys)","chr7","92618172","C/T","CDK6","-0.032","dataset0328","Missense","Neutral to the IFNG cytokine expression in CD4⁺ T cell","IFNG cytokine expression","4","Functionally normal","","","NA","CRISPR-Based Genome Editing","Base editing","38093011"
"NM_001145306.2(CDK6):c.733A>G (p.Arg245Gly)","chr7","92618173","T/C","CDK6","0.323","dataset0328","Missense","Neutral to the IFNG cytokine expression in CD4⁺ T cell","IFNG cytokine expression","4","Functionally normal","","6.19543e-07","NA","CRISPR-Based Genome Editing","Base editing","38093011"
"NM_001145306.2(CDK6):c.732T>C (p.Pro244=)","chr7","92618174","A/G","CDK6","-0.278","dataset0328","Synonymous","Neutral to the IFNG cytokine expression in CD4⁺ T cell","IFNG cytokine expression","4","Functionally normal","","","NA","CRISPR-Based Genome Editing","Base editing","38093011"
"NM_001145306.2(CDK6):c.729G>A (p.Trp243Ter)","chr7","92618177","C/T","CDK6","0.381","dataset0328","Nonsense","The enhanced IFNG cytokine expression in CD4⁺ T cell","IFNG cytokine expression","4","Gain-of-function","","","NA","CRISPR-Based Genome Editing","Base editing","38093011"
"NM_001145306.2(CDK6):c.728G>A (p.Trp243Ter)","chr7","92618178","C/T","CDK6","0.381","dataset0328","Nonsense","The enhanced IFNG cytokine expression in CD4⁺ T cell","IFNG cytokine expression","10","Gain-of-function","","","NA","CRISPR-Based Genome Editing","Base editing","38093011"
"NM_001145306.2(CDK6):c.727T>C (p.Trp243Arg)","chr7","92618179","A/G","CDK6","0.67","dataset0328","Missense","The enhanced IFNG cytokine expression in CD4⁺ T cell","IFNG cytokine expression","4","Gain-of-function","","6.1951e-07","NA","CRISPR-Based Genome Editing","Base editing","38093011"
"NM_001145306.2(CDK6):c.724G>A (p.Asp242Asn)","chr7","92618182","C/T","CDK6","0.381","dataset0328","Missense","The enhanced IFNG cytokine expression in CD4⁺ T cell","IFNG cytokine expression","4","Gain-of-function","","","NA","CRISPR-Based Genome Editing","Base editing","38093011"
"NM_001145306.2(CDK6):c.714A>G (p.Pro238=)","chr7","92618192","T/C","CDK6","-0.048","dataset0328","Synonymous","Neutral to the IFNG cytokine expression in CD4⁺ T cell","IFNG cytokine expression","4","Functionally normal","","","NA","CRISPR-Based Genome Editing","Base editing","38093011"
"NM_001145306.2(CDK6):c.713C>T (p.Pro238Leu)","chr7","92618193","G/A","CDK6","0.003","dataset0328","Missense","Neutral to the IFNG cytokine expression in CD4⁺ T cell","IFNG cytokine expression","4","Functionally normal","","","NA","CRISPR-Based Genome Editing","Base editing","38093011"
"NM_001145306.2(CDK6):c.712C>T (p.Pro238Ser)","chr7","92618194","G/A","CDK6","0.003","dataset0328","Missense","Neutral to the IFNG cytokine expression in CD4⁺ T cell","IFNG cytokine expression","4","Functionally normal","","","NA","CRISPR-Based Genome Editing","Base editing","38093011"
"NM_001145306.2(CDK6):c.711C>T (p.Leu237=)","chr7","92618195","G/A","CDK6","0.003","dataset0328","Synonymous","Neutral to the IFNG cytokine expression in CD4⁺ T cell","IFNG cytokine expression","10","Functionally normal","","","NA","CRISPR-Based Genome Editing","Base editing","38093011"
"NM_001145306.2(CDK6):c.709C>T (p.Leu237Phe)","chr7","92618197","G/A","CDK6","0.003","dataset0328","Missense","Neutral to the IFNG cytokine expression in CD4⁺ T cell","IFNG cytokine expression","4","Functionally normal","","","NA","CRISPR-Based Genome Editing","Base editing","38093011"
"NM_001145306.2(CDK6):c.700G>A (p.Val234Met)","chr7","92618206","C/T","CDK6","0.171","dataset0328","Missense","Neutral to the IFNG cytokine expression in CD4⁺ T cell","IFNG cytokine expression","4","Functionally normal","Uncertain significance","8.05587e-06","blca:0.2% (1/411):0.250;stad:0.2% (1/440):0.110","CRISPR-Based Genome Editing","Base editing","38093011"
"NM_001145306.2(CDK6):c.699C>T (p.Asp233=)","chr7","92618207","G/A","CDK6","-0.14","dataset0328","Splice site","Neutral to the IFNG cytokine expression in CD4⁺ T cell","IFNG cytokine expression","4","Functionally normal","","1.05349e-05","NA","CRISPR-Based Genome Editing","Base editing","38093011"
"NM_001145306.2(CDK6):c.682C>T (p.Leu228=)","chr7","92623052","G/A","CDK6","-0.032","dataset0328","Synonymous","Neutral to the IFNG cytokine expression in CD4⁺ T cell","IFNG cytokine expression","10","Functionally normal","","","NA","CRISPR-Based Genome Editing","Base editing","38093011"
"NM_001145306.2(CDK6):c.681A>G (p.Gln227=)","chr7","92623053","T/C","CDK6","0.157","dataset0328","Synonymous","Neutral to the IFNG cytokine expression in CD4⁺ T cell","IFNG cytokine expression","4","Functionally normal","","1.26064e-06","NA","CRISPR-Based Genome Editing","Base editing","38093011"
"NM_001145306.2(CDK6):c.680A>G (p.Gln227Arg)","chr7","92623054","T/C","CDK6","0.157","dataset0328","Missense","Neutral to the IFNG cytokine expression in CD4⁺ T cell","IFNG cytokine expression","4","Functionally normal","","6.30165e-07","NA","CRISPR-Based Genome Editing","Base editing","38093011"
"NM_001145306.2(CDK6):c.679C>T (p.Gln227Ter)","chr7","92623055","G/A","CDK6","-0.032","dataset0328","Nonsense","Neutral to the IFNG cytokine expression in CD4⁺ T cell","IFNG cytokine expression","10","Functionally normal","","","NA","CRISPR-Based Genome Editing","Base editing","38093011"
"NM_001145306.2(CDK6):c.677A>G (p.Asp226Gly)","chr7","92623057","T/C","CDK6","0.157","dataset0328","Missense","Neutral to the IFNG cytokine expression in CD4⁺ T cell","IFNG cytokine expression","4","Functionally normal","","6.30119e-07","NA","CRISPR-Based Genome Editing","Base editing","38093011"
"NM_001145306.2(CDK6):c.671A>G (p.Asp224Gly)","chr7","92623063","T/C","CDK6","0.17","dataset0328","Missense","Neutral to the IFNG cytokine expression in CD4⁺ T cell","IFNG cytokine expression","4","Functionally normal","","","NA","CRISPR-Based Genome Editing","Base editing","38093011"
"NM_001145306.2(CDK6):c.670G>A (p.Asp224Asn)","chr7","92623064","C/T","CDK6","0.18","dataset0328","Missense","Neutral to the IFNG cytokine expression in CD4⁺ T cell","IFNG cytokine expression","4","Functionally normal","","","NA","CRISPR-Based Genome Editing","Base editing","38093011"
"NM_001145306.2(CDK6):c.669A>G (p.Ser223=)","chr7","92623065","T/C","CDK6","0.17","dataset0328","Synonymous","Neutral to the IFNG cytokine expression in CD4⁺ T cell","IFNG cytokine expression","4","Functionally normal","","6.30107e-07","NA","CRISPR-Based Genome Editing","Base editing","38093011"
"NM_001145306.2(CDK6):c.668C>T (p.Ser223Leu)","chr7","92623066","G/A","CDK6","0.14","dataset0328","Missense","Neutral to the IFNG cytokine expression in CD4⁺ T cell","IFNG cytokine expression","10","Functionally normal","","0","NA","CRISPR-Based Genome Editing","Base editing","38093011"
"NM_001145306.2(CDK6):c.667T>C (p.Ser223Pro)","chr7","92623067","A/G","CDK6","-0.004","dataset0328","Missense","Neutral to the IFNG cytokine expression in CD4⁺ T cell","IFNG cytokine expression","4","Functionally normal","","","NA","CRISPR-Based Genome Editing","Base editing","38093011"
"NM_001145306.2(CDK6):c.666T>C (p.Ser222=)","chr7","92623068","A/G","CDK6","-0.004","dataset0328","Synonymous","Neutral to the IFNG cytokine expression in CD4⁺ T cell","IFNG cytokine expression","4","Functionally normal","","","NA","CRISPR-Based Genome Editing","Base editing","38093011"
"NM_001145306.2(CDK6):c.665G>A (p.Ser222Asn)","chr7","92623069","C/T","CDK6","0.18","dataset0328","Missense","Neutral to the IFNG cytokine expression in CD4⁺ T cell","IFNG cytokine expression","10","Functionally normal","","0","NA","CRISPR-Based Genome Editing","Base editing","38093011"
"NM_001145306.2(CDK6):c.662G>A (p.Gly221Glu)","chr7","92623072","C/T","CDK6","0.18","dataset0328","Missense","Neutral to the IFNG cytokine expression in CD4⁺ T cell","IFNG cytokine expression","4","Functionally normal","","","NA","CRISPR-Based Genome Editing","Base editing","38093011"
"NM_001145306.2(CDK6):c.661G>A (p.Gly221Arg)","chr7","92623073","C/T","CDK6","0.18","dataset0328","Missense","Neutral to the IFNG cytokine expression in CD4⁺ T cell","IFNG cytokine expression","4","Functionally normal","","","NA","CRISPR-Based Genome Editing","Base editing","38093011"
"NM_001145306.2(CDK6):c.659G>A (p.Arg220His)","chr7","92623075","C/T","CDK6","0.18","dataset0328","Missense","Neutral to the IFNG cytokine expression in CD4⁺ T cell","IFNG cytokine expression","4","Functionally normal","Uncertain significance","2.59197e-05","NA","CRISPR-Based Genome Editing","Base editing","38093011"
"NM_001145306.2(CDK6):c.652C>T (p.Leu218Phe)","chr7","92623082","G/A","CDK6","-0.097","dataset0328","Missense","Neutral to the IFNG cytokine expression in CD4⁺ T cell","IFNG cytokine expression","4","Functionally normal","","0","NA","CRISPR-Based Genome Editing","Base editing","38093011"
"NM_001145306.2(CDK6):c.650C>T (p.Pro217Leu)","chr7","92623084","G/A","CDK6","-0.097","dataset0328","Missense","Neutral to the IFNG cytokine expression in CD4⁺ T cell","IFNG cytokine expression","4","Functionally normal","","0","NA","CRISPR-Based Genome Editing","Base editing","38093011"
"NM_001145306.2(CDK6):c.649C>T (p.Pro217Ser)","chr7","92623085","G/A","CDK6","-0.097","dataset0328","Missense","Neutral to the IFNG cytokine expression in CD4⁺ T cell","IFNG cytokine expression","4","Functionally normal","","0","NA","CRISPR-Based Genome Editing","Base editing","38093011"
"NM_001145306.2(CDK6):c.617G>A (p.Gly206Asp)","chr7","92671456","C/T","CDK6","0.025","dataset0328","Missense","Neutral to the IFNG cytokine expression in CD4⁺ T cell","IFNG cytokine expression","4","Functionally normal","","0","NA","CRISPR-Based Genome Editing","Base editing","38093011"
"NM_001145306.2(CDK6):c.616G>A (p.Gly206Ser)","chr7","92671457","C/T","CDK6","-0.025","dataset0328","Missense","Neutral to the IFNG cytokine expression in CD4⁺ T cell","IFNG cytokine expression","4","Functionally normal","","","NA","CRISPR-Based Genome Editing","Base editing","38093011"
"NM_001145306.2(CDK6):c.615T>C (p.Val205=)","chr7","92671458","A/G","CDK6","-0.186","dataset0328","Synonymous","Neutral to the IFNG cytokine expression in CD4⁺ T cell","IFNG cytokine expression","4","Functionally normal","","","NA","CRISPR-Based Genome Editing","Base editing","38093011"
"NM_001145306.2(CDK6):c.614T>C (p.Val205Ala)","chr7","92671459","A/G","CDK6","0.008","dataset0328","Missense","Neutral to the IFNG cytokine expression in CD4⁺ T cell","IFNG cytokine expression","4","Functionally normal","","","NA","CRISPR-Based Genome Editing","Base editing","38093011"
"NM_001145306.2(CDK6):c.613G>A (p.Val205Ile)","chr7","92671460","C/T","CDK6","-0.073","dataset0328","Missense","Neutral to the IFNG cytokine expression in CD4⁺ T cell","IFNG cytokine expression","10","Functionally normal","","1.9621e-05","NA","CRISPR-Based Genome Editing","Base editing","38093011"
"NM_001145306.2(CDK6):c.612T>C (p.Ser204=)","chr7","92671461","A/G","CDK6","0.195","dataset0328","Synonymous","Neutral to the IFNG cytokine expression in CD4⁺ T cell","IFNG cytokine expression","4","Functionally normal","","","NA","CRISPR-Based Genome Editing","Base editing","38093011"
"NM_001145306.2(CDK6):c.611G>A (p.Ser204Asn)","chr7","92671462","C/T","CDK6","0.399","dataset0328","Missense","The enhanced IFNG cytokine expression in CD4⁺ T cell","IFNG cytokine expression","10","Gain-of-function","","","NA","CRISPR-Based Genome Editing","Base editing","38093011"
"NM_001145306.2(CDK6):c.609G>A (p.Trp203Ter)","chr7","92671464","C/T","CDK6","0.399","dataset0328","Nonsense","The enhanced IFNG cytokine expression in CD4⁺ T cell","IFNG cytokine expression","10","Gain-of-function","","","NA","CRISPR-Based Genome Editing","Base editing","38093011"
"NM_001145306.2(CDK6):c.608G>A (p.Trp203Ter)","chr7","92671465","C/T","CDK6","0.399","dataset0328","Nonsense","The enhanced IFNG cytokine expression in CD4⁺ T cell","IFNG cytokine expression","4","Gain-of-function","","","NA","CRISPR-Based Genome Editing","Base editing","38093011"
"NM_001145306.2(CDK6):c.607T>C (p.Trp203Arg)","chr7","92671466","A/G","CDK6","0.952","dataset0328","Missense","The enhanced IFNG cytokine expression in CD4⁺ T cell","IFNG cytokine expression","4","Gain-of-function","","","NA","CRISPR-Based Genome Editing","Base editing","38093011"
"NM_001145306.2(CDK6):c.606C>T (p.Leu202=)","chr7","92671467","G/A","CDK6","0.37","dataset0328","Synonymous","The enhanced IFNG cytokine expression in CD4⁺ T cell","IFNG cytokine expression","4","Gain-of-function","","2.52685e-06","NA","CRISPR-Based Genome Editing","Base editing","38093011"
"NM_001145306.2(CDK6):c.605T>C (p.Leu202Pro)","chr7","92671468","A/G","CDK6","0.952","dataset0328","Missense","The enhanced IFNG cytokine expression in CD4⁺ T cell","IFNG cytokine expression","4","Gain-of-function","","","NA","CRISPR-Based Genome Editing","Base editing","38093011"
"NM_001145306.2(CDK6):c.604C>T (p.Leu202Phe)","chr7","92671469","G/A","CDK6","0.37","dataset0328","Missense","The enhanced IFNG cytokine expression in CD4⁺ T cell","IFNG cytokine expression","4","Gain-of-function","","","NA","CRISPR-Based Genome Editing","Base editing","38093011"
"NM_001145306.2(CDK6):c.602A>G (p.Asp201Gly)","chr7","92671471","T/C","CDK6","0.494","dataset0328","Missense","The enhanced IFNG cytokine expression in CD4⁺ T cell","IFNG cytokine expression","4","Gain-of-function","","","NA","CRISPR-Based Genome Editing","Base editing","38093011"
"NM_001145306.2(CDK6):c.601G>A (p.Asp201Asn)","chr7","92671472","C/T","CDK6","-0.176","dataset0328","Missense","Neutral to the IFNG cytokine expression in CD4⁺ T cell","IFNG cytokine expression","4","Functionally normal","","","NA","CRISPR-Based Genome Editing","Base editing","38093011"
"NM_001145306.2(CDK6):c.600G>A (p.Val200=)","chr7","92671473","C/T","CDK6","-0.176","dataset0328","Synonymous","Neutral to the IFNG cytokine expression in CD4⁺ T cell","IFNG cytokine expression","4","Functionally normal","","","NA","CRISPR-Based Genome Editing","Base editing","38093011"
"NM_001145306.2(CDK6):c.599T>C (p.Val200Ala)","chr7","92671474","A/G","CDK6","-0.085","dataset0328","Missense","Neutral to the IFNG cytokine expression in CD4⁺ T cell","IFNG cytokine expression","4","Functionally normal","","","NA","CRISPR-Based Genome Editing","Base editing","38093011"
"NM_001145306.2(CDK6):c.598G>A (p.Val200Met)","chr7","92671475","C/T","CDK6","-0.012","dataset0328","Missense","Neutral to the IFNG cytokine expression in CD4⁺ T cell","IFNG cytokine expression","4","Functionally normal","","1.89708e-06","NA","CRISPR-Based Genome Editing","Base editing","38093011"
"NM_001145306.2(CDK6):c.597C>T (p.Pro199=)","chr7","92671476","G/A","CDK6","-0.142","dataset0328","Synonymous","Neutral to the IFNG cytokine expression in CD4⁺ T cell","IFNG cytokine expression","4","Functionally normal","Likely benign","3.22647e-05","NA","CRISPR-Based Genome Editing","Base editing","38093011"
"NM_001145306.2(CDK6):c.596C>T (p.Pro199Leu)","chr7","92671477","G/A","CDK6","-0.142","dataset0328","Missense","Neutral to the IFNG cytokine expression in CD4⁺ T cell","IFNG cytokine expression","4","Functionally normal","","","skcm:0.2% (1/448):0.200","CRISPR-Based Genome Editing","Base editing","38093011"
"NM_001145306.2(CDK6):c.595C>T (p.Pro199Ser)","chr7","92671478","G/A","CDK6","-0.142","dataset0328","Missense","Neutral to the IFNG cytokine expression in CD4⁺ T cell","IFNG cytokine expression","4","Functionally normal","","0","NA","CRISPR-Based Genome Editing","Base editing","38093011"
"NM_001145306.2(CDK6):c.592A>G (p.Thr198Ala)","chr7","92671481","T/C","CDK6","0.078","dataset0328","Missense","Neutral to the IFNG cytokine expression in CD4⁺ T cell","IFNG cytokine expression","4","Functionally normal","","","NA","CRISPR-Based Genome Editing","Base editing","38093011"
"NM_001145306.2(CDK6):c.591C>T (p.Ala197=)","chr7","92671482","G/A","CDK6","0.164","dataset0328","Synonymous","Neutral to the IFNG cytokine expression in CD4⁺ T cell","IFNG cytokine expression","10","Functionally normal","","","NA","CRISPR-Based Genome Editing","Base editing","38093011"
"NM_001145306.2(CDK6):c.590C>T (p.Ala197Val)","chr7","92671483","G/A","CDK6","0.164","dataset0328","Missense","Neutral to the IFNG cytokine expression in CD4⁺ T cell","IFNG cytokine expression","4","Functionally normal","","0","NA","CRISPR-Based Genome Editing","Base editing","38093011"
"NM_001145306.2(CDK6):c.588C>T (p.Tyr196=)","chr7","92671485","G/A","CDK6","0.164","dataset0328","Synonymous","Neutral to the IFNG cytokine expression in CD4⁺ T cell","IFNG cytokine expression","4","Functionally normal","Likely benign","0.000139046","NA","CRISPR-Based Genome Editing","Base editing","38093011"
"NM_001145306.2(CDK6):c.584G>A (p.Ser195Asn)","chr7","92671489","C/T","CDK6","-0.026","dataset0328","Missense","Neutral to the IFNG cytokine expression in CD4⁺ T cell","IFNG cytokine expression","4","Functionally normal","","","NA","CRISPR-Based Genome Editing","Base editing","38093011"
"NM_001145306.2(CDK6):c.583A>G (p.Ser195Gly)","chr7","92671490","T/C","CDK6","0.541","dataset0328","Missense","The enhanced IFNG cytokine expression in CD4⁺ T cell","IFNG cytokine expression","4","Gain-of-function","","","NA","CRISPR-Based Genome Editing","Base editing","38093011"
"NM_001145306.2(CDK6):c.580T>C (p.Ser194Pro)","chr7","92671493","A/G","CDK6","0.524","dataset0328","Missense","The enhanced IFNG cytokine expression in CD4⁺ T cell","IFNG cytokine expression","4","Gain-of-function","","0","NA","CRISPR-Based Genome Editing","Base editing","38093011"
"NM_001145306.2(CDK6):c.579G>A (p.Gln193=)","chr7","92671494","C/T","CDK6","-0.026","dataset0328","Synonymous","Neutral to the IFNG cytokine expression in CD4⁺ T cell","IFNG cytokine expression","10","Functionally normal","","1.263e-06","NA","CRISPR-Based Genome Editing","Base editing","38093011"
"NM_001145306.2(CDK6):c.573G>A (p.Leu191=)","chr7","92671500","C/T","CDK6","-0.026","dataset0328","Synonymous","Neutral to the IFNG cytokine expression in CD4⁺ T cell","IFNG cytokine expression","4","Functionally normal","","0","NA","CRISPR-Based Genome Editing","Base editing","38093011"
"NM_001145306.2(CDK6):c.551G>A (p.Trp184Ter)","chr7","92671522","C/T","CDK6","0.164","dataset0328","Nonsense","Neutral to the IFNG cytokine expression in CD4⁺ T cell","IFNG cytokine expression","4","Functionally normal","","","NA","CRISPR-Based Genome Editing","Base editing","38093011"
"NM_001145306.2(CDK6):c.549G>A (p.Leu183=)","chr7","92671524","C/T","CDK6","0.164","dataset0328","Synonymous","Neutral to the IFNG cytokine expression in CD4⁺ T cell","IFNG cytokine expression","4","Functionally normal","","1.08547e-05","NA","CRISPR-Based Genome Editing","Base editing","38093011"
"NM_001145306.2(CDK6):c.548T>C (p.Leu183Pro)","chr7","92671525","A/G","CDK6","0.594","dataset0328","Missense","The enhanced IFNG cytokine expression in CD4⁺ T cell","IFNG cytokine expression","4","Gain-of-function","","0","NA","CRISPR-Based Genome Editing","Base editing","38093011"
"NM_001145306.2(CDK6):c.546G>A (p.Thr182=)","chr7","92671527","C/T","CDK6","0.164","dataset0328","Synonymous","Neutral to the IFNG cytokine expression in CD4⁺ T cell","IFNG cytokine expression","4","Functionally normal","Likely benign","0.00120526","NA","CRISPR-Based Genome Editing","Base editing","38093011"
"NM_001145306.2(CDK6):c.542T>C (p.Val181Ala)","chr7","92671531","A/G","CDK6","0.326","dataset0328","Missense","The enhanced IFNG cytokine expression in CD4⁺ T cell","IFNG cytokine expression","4","Gain-of-function","","0","NA","CRISPR-Based Genome Editing","Base editing","38093011"
"NM_001145306.2(CDK6):c.541G>A (p.Val181Ile)","chr7","92671532","C/T","CDK6","0.249","dataset0328","Missense","Neutral to the IFNG cytokine expression in CD4⁺ T cell","IFNG cytokine expression","10","Functionally normal","","5.16005e-06","NA","CRISPR-Based Genome Editing","Base editing","38093011"
"NM_001145306.2(CDK6):c.540C>T (p.Val180=)","chr7","92671533","G/A","CDK6","-0.154","dataset0328","Splice site","Neutral to the IFNG cytokine expression in CD4⁺ T cell","IFNG cytokine expression","4","Functionally normal","","6.45185e-06","NA","CRISPR-Based Genome Editing","Base editing","38093011"
"NM_001145306.2(CDK6):c.539T>C (p.Val180Ala)","chr7","92671534","A/G","CDK6","0.326","dataset0328","Missense","The enhanced IFNG cytokine expression in CD4⁺ T cell","IFNG cytokine expression","4","Gain-of-function","","0","NA","CRISPR-Based Genome Editing","Base editing","38093011"
"NM_001145306.2(CDK6):c.537G>A (p.Val179=)","chr7","92725626","C/T","CDK6","-0.042","dataset0328","Splice site","Neutral to the IFNG cytokine expression in CD4⁺ T cell","IFNG cytokine expression","4","Functionally normal","","","NA","CRISPR-Based Genome Editing","Base editing","38093011"
"NM_001145306.2(CDK6):c.536T>C (p.Val179Ala)","chr7","92725627","A/G","CDK6","0.182","dataset0328","Missense","Neutral to the IFNG cytokine expression in CD4⁺ T cell","IFNG cytokine expression","4","Functionally normal","","","NA","CRISPR-Based Genome Editing","Base editing","38093011"
"NM_001145306.2(CDK6):c.535G>A (p.Val179Met)","chr7","92725628","C/T","CDK6","-0.042","dataset0328","Missense","Neutral to the IFNG cytokine expression in CD4⁺ T cell","IFNG cytokine expression","10","Functionally normal","","","NA","CRISPR-Based Genome Editing","Base editing","38093011"
"NM_001145306.2(CDK6):c.532T>C (p.Ser178Pro)","chr7","92725631","A/G","CDK6","0.182","dataset0328","Missense","Neutral to the IFNG cytokine expression in CD4⁺ T cell","IFNG cytokine expression","4","Functionally normal","","","NA","CRISPR-Based Genome Editing","Base editing","38093011"
"NM_001145306.2(CDK6):c.526C>T (p.Leu176=)","chr7","92725637","G/A","CDK6","0.214","dataset0328","Synonymous","Neutral to the IFNG cytokine expression in CD4⁺ T cell","IFNG cytokine expression","4","Functionally normal","","6.19664e-07","NA","CRISPR-Based Genome Editing","Base editing","38093011"
"NM_001145306.2(CDK6):c.524C>T (p.Ala175Val)","chr7","92725639","G/A","CDK6","0.214","dataset0328","Missense","Neutral to the IFNG cytokine expression in CD4⁺ T cell","IFNG cytokine expression","4","Functionally normal","","","NA","CRISPR-Based Genome Editing","Base editing","38093011"
"NM_001145306.2(CDK6):c.523G>A (p.Ala175Thr)","chr7","92725640","C/T","CDK6","0.665","dataset0328","Missense","The enhanced IFNG cytokine expression in CD4⁺ T cell","IFNG cytokine expression","4","Gain-of-function","","","NA","CRISPR-Based Genome Editing","Base editing","38093011"
"NM_001145306.2(CDK6):c.522G>A (p.Met174Ile)","chr7","92725641","C/T","CDK6","-0.535","dataset0328","Missense","The diminished IFNG cytokine expression in CD4⁺ T cell","IFNG cytokine expression","4","Loss-of-function","","","NA","CRISPR-Based Genome Editing","Base editing","38093011"
"NM_001145306.2(CDK6):c.521T>C (p.Met174Thr)","chr7","92725642","A/G","CDK6","0.168","dataset0328","Missense","Neutral to the IFNG cytokine expression in CD4⁺ T cell","IFNG cytokine expression","4","Functionally normal","","","NA","CRISPR-Based Genome Editing","Base editing","38093011"
"NM_001145306.2(CDK6):c.520A>G (p.Met174Val)","chr7","92725643","T/C","CDK6","-0.335","dataset0328","Missense","The diminished IFNG cytokine expression in CD4⁺ T cell","IFNG cytokine expression","4","Loss-of-function","","","NA","CRISPR-Based Genome Editing","Base editing","38093011"
"NM_001145306.2(CDK6):c.519G>A (p.Gln173=)","chr7","92725644","C/T","CDK6","-0.535","dataset0328","Synonymous","The diminished IFNG cytokine expression in CD4⁺ T cell","IFNG cytokine expression","10","Loss-of-function","","","NA","CRISPR-Based Genome Editing","Base editing","38093011"
"NM_001145306.2(CDK6):c.518A>G (p.Gln173Arg)","chr7","92725645","T/C","CDK6","-0.335","dataset0328","Missense","The diminished IFNG cytokine expression in CD4⁺ T cell","IFNG cytokine expression","4","Loss-of-function","","","NA","CRISPR-Based Genome Editing","Base editing","38093011"
"NM_001145306.2(CDK6):c.517C>T (p.Gln173Ter)","chr7","92725646","G/A","CDK6","0.214","dataset0328","Nonsense","Neutral to the IFNG cytokine expression in CD4⁺ T cell","IFNG cytokine expression","4","Functionally normal","","","NA","CRISPR-Based Genome Editing","Base editing","38093011"
"NM_001145306.2(CDK6):c.516C>T (p.Phe172=)","chr7","92725647","G/A","CDK6","0.214","dataset0328","Synonymous","Neutral to the IFNG cytokine expression in CD4⁺ T cell","IFNG cytokine expression","4","Functionally normal","","","NA","CRISPR-Based Genome Editing","Base editing","38093011"
"NM_001145306.2(CDK6):c.515T>C (p.Phe172Ser)","chr7","92725648","A/G","CDK6","-0.128","dataset0328","Missense","Neutral to the IFNG cytokine expression in CD4⁺ T cell","IFNG cytokine expression","4","Functionally normal","","","NA","CRISPR-Based Genome Editing","Base editing","38093011"
"NM_001145306.2(CDK6):c.514T>C (p.Phe172Leu)","chr7","92725649","A/G","CDK6","0.131","dataset0328","Missense","Neutral to the IFNG cytokine expression in CD4⁺ T cell","IFNG cytokine expression","4","Functionally normal","","","NA","CRISPR-Based Genome Editing","Base editing","38093011"
"NM_001145306.2(CDK6):c.513T>C (p.Ser171=)","chr7","92725650","A/G","CDK6","0.131","dataset0328","Synonymous","Neutral to the IFNG cytokine expression in CD4⁺ T cell","IFNG cytokine expression","4","Functionally normal","","","NA","CRISPR-Based Genome Editing","Base editing","38093011"
"NM_001145306.2(CDK6):c.512G>A (p.Ser171Asn)","chr7","92725651","C/T","CDK6","-0.071","dataset0328","Missense","Neutral to the IFNG cytokine expression in CD4⁺ T cell","IFNG cytokine expression","10","Functionally normal","","","NA","CRISPR-Based Genome Editing","Base editing","38093011"
"NM_001145306.2(CDK6):c.510T>C (p.Tyr170=)","chr7","92725653","A/G","CDK6","0.131","dataset0328","Synonymous","Neutral to the IFNG cytokine expression in CD4⁺ T cell","IFNG cytokine expression","4","Functionally normal","","","NA","CRISPR-Based Genome Editing","Base editing","38093011"
"NM_001145306.2(CDK6):c.507C>T (p.Ile169=)","chr7","92725656","G/A","CDK6","-0.034","dataset0328","Synonymous","Neutral to the IFNG cytokine expression in CD4⁺ T cell","IFNG cytokine expression","10","Functionally normal","","6.19546e-07","NA","CRISPR-Based Genome Editing","Base editing","38093011"
"NM_001145306.2(CDK6):c.505A>G (p.Ile169Val)","chr7","92725658","T/C","CDK6","-0.02","dataset0328","Missense","Neutral to the IFNG cytokine expression in CD4⁺ T cell","IFNG cytokine expression","4","Functionally normal","","1.30114e-05","NA","CRISPR-Based Genome Editing","Base editing","38093011"
"NM_001145306.2(CDK6):c.504C>T (p.Arg168=)","chr7","92725659","G/A","CDK6","-0.034","dataset0328","Synonymous","Neutral to the IFNG cytokine expression in CD4⁺ T cell","IFNG cytokine expression","4","Functionally normal","","6.1955e-07","NA","CRISPR-Based Genome Editing","Base editing","38093011"
"NM_001145306.2(CDK6):c.502C>T (p.Arg168Cys)","chr7","92725661","G/A","CDK6","-0.034","dataset0328","Missense","Neutral to the IFNG cytokine expression in CD4⁺ T cell","IFNG cytokine expression","4","Functionally normal","","2.47823e-06","NA","CRISPR-Based Genome Editing","Base editing","38093011"
"NM_001145306.2(CDK6):c.501C>T (p.Ala167=)","chr7","92725662","G/A","CDK6","-0.034","dataset0328","Synonymous","Neutral to the IFNG cytokine expression in CD4⁺ T cell","IFNG cytokine expression","4","Functionally normal","","","NA","CRISPR-Based Genome Editing","Base editing","38093011"
"NM_001145306.2(CDK6):c.483C>T (p.Leu161=)","chr7","92725680","G/A","CDK6","0.009","dataset0328","Synonymous","Neutral to the IFNG cytokine expression in CD4⁺ T cell","IFNG cytokine expression","4","Functionally normal","","1.30113e-05","NA","CRISPR-Based Genome Editing","Base editing","38093011"
"NM_001145306.2(CDK6):c.481C>T (p.Leu161Phe)","chr7","92725682","G/A","CDK6","0.009","dataset0328","Missense","Neutral to the IFNG cytokine expression in CD4⁺ T cell","IFNG cytokine expression","4","Functionally normal","","","NA","CRISPR-Based Genome Editing","Base editing","38093011"
"NM_001145306.2(CDK6):c.479A>G (p.Lys160Arg)","chr7","92725684","T/C","CDK6","-0.009","dataset0328","Missense","Neutral to the IFNG cytokine expression in CD4⁺ T cell","IFNG cytokine expression","4","Functionally normal","","","NA","CRISPR-Based Genome Editing","Base editing","38093011"
"NM_001145306.2(CDK6):c.478A>G (p.Lys160Glu)","chr7","92725685","T/C","CDK6","-0.009","dataset0328","Missense","Neutral to the IFNG cytokine expression in CD4⁺ T cell","IFNG cytokine expression","4","Functionally normal","","","NA","CRISPR-Based Genome Editing","Base editing","38093011"
"NM_001145306.2(CDK6):c.477A>G (p.Ile159Met)","chr7","92725686","T/C","CDK6","-0.009","dataset0328","Missense","Neutral to the IFNG cytokine expression in CD4⁺ T cell","IFNG cytokine expression","4","Functionally normal","","6.19526e-07","NA","CRISPR-Based Genome Editing","Base editing","38093011"
"NM_001145306.2(CDK6):c.476T>C (p.Ile159Thr)","chr7","92725687","A/G","CDK6","-0.031","dataset0328","Missense","Neutral to the IFNG cytokine expression in CD4⁺ T cell","IFNG cytokine expression","4","Functionally normal","","","NA","CRISPR-Based Genome Editing","Base editing","38093011"
"NM_001145306.2(CDK6):c.475A>G (p.Ile159Val)","chr7","92725688","T/C","CDK6","-0.009","dataset0328","Missense","Neutral to the IFNG cytokine expression in CD4⁺ T cell","IFNG cytokine expression","4","Functionally normal","","","NA","CRISPR-Based Genome Editing","Base editing","38093011"
"NM_001145306.2(CDK6):c.474A>G (p.Gln158=)","chr7","92725689","T/C","CDK6","-0.009","dataset0328","Synonymous","Neutral to the IFNG cytokine expression in CD4⁺ T cell","IFNG cytokine expression","4","Functionally normal","","6.19535e-07","NA","CRISPR-Based Genome Editing","Base editing","38093011"
"NM_001145306.2(CDK6):c.472C>T (p.Gln158Ter)","chr7","92725691","G/A","CDK6","0.009","dataset0328","Nonsense","Neutral to the IFNG cytokine expression in CD4⁺ T cell","IFNG cytokine expression","4","Functionally normal","","","NA","CRISPR-Based Genome Editing","Base editing","38093011"
"NM_001145306.2(CDK6):c.464G>A (p.Ser155Asn)","chr7","92725699","C/T","CDK6","-0.165","dataset0328","Missense","Neutral to the IFNG cytokine expression in CD4⁺ T cell","IFNG cytokine expression","4","Functionally normal","","","NA","CRISPR-Based Genome Editing","Base editing","38093011"
"NM_001145306.2(CDK6):c.459G>A (p.Val153=)","chr7","92725704","C/T","CDK6","-0.165","dataset0328","Synonymous","Neutral to the IFNG cytokine expression in CD4⁺ T cell","IFNG cytokine expression","4","Functionally normal","","6.19543e-07","NA","CRISPR-Based Genome Editing","Base editing","38093011"
"NM_001145306.2(CDK6):c.458T>C (p.Val153Ala)","chr7","92725705","A/G","CDK6","0.352","dataset0328","Missense","The enhanced IFNG cytokine expression in CD4⁺ T cell","IFNG cytokine expression","4","Gain-of-function","","","NA","CRISPR-Based Genome Editing","Base editing","38093011"
"NM_001145306.2(CDK6):c.457G>A (p.Val153Met)","chr7","92725706","C/T","CDK6","-0.165","dataset0328","Missense","Neutral to the IFNG cytokine expression in CD4⁺ T cell","IFNG cytokine expression","4","Functionally normal","","","NA","CRISPR-Based Genome Editing","Base editing","38093011"
"NM_001145306.2(CDK6):c.456G>A (p.Leu152=)","chr7","92725707","C/T","CDK6","-0.165","dataset0328","Synonymous","Neutral to the IFNG cytokine expression in CD4⁺ T cell","IFNG cytokine expression","4","Functionally normal","","6.1955e-07","NA","CRISPR-Based Genome Editing","Base editing","38093011"
"NM_001145306.2(CDK6):c.454C>T (p.Leu152=)","chr7","92725709","G/A","CDK6","-0.219","dataset0328","Synonymous","Neutral to the IFNG cytokine expression in CD4⁺ T cell","IFNG cytokine expression","10","Functionally normal","","","NA","CRISPR-Based Genome Editing","Base editing","38093011"
"NM_001145306.2(CDK6):c.451A>G (p.Ile151Val)","chr7","92725712","T/C","CDK6","0.129","dataset0328","Missense","Neutral to the IFNG cytokine expression in CD4⁺ T cell","IFNG cytokine expression","4","Functionally normal","","1.23907e-06","NA","CRISPR-Based Genome Editing","Base editing","38093011"
"NM_001145306.2(CDK6):c.450C>T (p.Asn150=)","chr7","92725713","G/A","CDK6","-0.219","dataset0328","Synonymous","Neutral to the IFNG cytokine expression in CD4⁺ T cell","IFNG cytokine expression","4","Functionally normal","","6.19533e-07","NA","CRISPR-Based Genome Editing","Base editing","38093011"
"NM_001145306.2(CDK6):c.445C>T (p.Gln149Ter)","chr7","92725718","G/A","CDK6","0.151","dataset0328","Nonsense","Neutral to the IFNG cytokine expression in CD4⁺ T cell","IFNG cytokine expression","4","Functionally normal","","","NA","CRISPR-Based Genome Editing","Base editing","38093011"
"NM_001145306.2(CDK6):c.443C>T (p.Pro148Leu)","chr7","92725720","G/A","CDK6","0.151","dataset0328","Missense","Neutral to the IFNG cytokine expression in CD4⁺ T cell","IFNG cytokine expression","4","Functionally normal","","","NA","CRISPR-Based Genome Editing","Base editing","38093011"
"NM_001145306.2(CDK6):c.442C>T (p.Pro148Ser)","chr7","92725721","G/A","CDK6","0.151","dataset0328","Missense","Neutral to the IFNG cytokine expression in CD4⁺ T cell","IFNG cytokine expression","10","Functionally normal","","","NA","CRISPR-Based Genome Editing","Base editing","38093011"
"NM_001145306.2(CDK6):c.441A>G (p.Lys147=)","chr7","92725722","T/C","CDK6","-0.131","dataset0328","Synonymous","Neutral to the IFNG cytokine expression in CD4⁺ T cell","IFNG cytokine expression","4","Functionally normal","","1.23912e-06","NA","CRISPR-Based Genome Editing","Base editing","38093011"
"NM_001145306.2(CDK6):c.440A>G (p.Lys147Arg)","chr7","92725723","T/C","CDK6","-0.131","dataset0328","Missense","Neutral to the IFNG cytokine expression in CD4⁺ T cell","IFNG cytokine expression","4","Functionally normal","","","NA","CRISPR-Based Genome Editing","Base editing","38093011"
"NM_001145306.2(CDK6):c.439A>G (p.Lys147Glu)","chr7","92725724","T/C","CDK6","-0.131","dataset0328","Missense","Neutral to the IFNG cytokine expression in CD4⁺ T cell","IFNG cytokine expression","4","Functionally normal","","","NA","CRISPR-Based Genome Editing","Base editing","38093011"
"NM_001145306.2(CDK6):c.438A>G (p.Leu146=)","chr7","92725725","T/C","CDK6","-0.131","dataset0328","Synonymous","Neutral to the IFNG cytokine expression in CD4⁺ T cell","IFNG cytokine expression","4","Functionally normal","","6.1953e-07","NA","CRISPR-Based Genome Editing","Base editing","38093011"
"NM_001145306.2(CDK6):c.437T>C (p.Leu146Pro)","chr7","92725726","A/G","CDK6","0.197","dataset0328","Missense","Neutral to the IFNG cytokine expression in CD4⁺ T cell","IFNG cytokine expression","4","Functionally normal","","","NA","CRISPR-Based Genome Editing","Base editing","38093011"
"NM_001145306.2(CDK6):c.436C>T (p.Leu146=)","chr7","92725727","G/A","CDK6","0.151","dataset0328","Synonymous","Neutral to the IFNG cytokine expression in CD4⁺ T cell","IFNG cytokine expression","4","Functionally normal","","","NA","CRISPR-Based Genome Editing","Base editing","38093011"
"NM_001145306.2(CDK6):c.435T>C (p.Asp145=)","chr7","92725728","A/G","CDK6","0.197","dataset0328","Synonymous","Neutral to the IFNG cytokine expression in CD4⁺ T cell","IFNG cytokine expression","4","Functionally normal","","","NA","CRISPR-Based Genome Editing","Base editing","38093011"
"NM_001145306.2(CDK6):c.433G>A (p.Asp145Asn)","chr7","92725730","C/T","CDK6","-0.031","dataset0328","Missense","Neutral to the IFNG cytokine expression in CD4⁺ T cell","IFNG cytokine expression","10","Functionally normal","","","NA","CRISPR-Based Genome Editing","Base editing","38093011"
"NM_001145306.2(CDK6):c.431G>A (p.Arg144His)","chr7","92725732","C/T","CDK6","-0.031","dataset0328","Missense","Neutral to the IFNG cytokine expression in CD4⁺ T cell","IFNG cytokine expression","4","Functionally normal","","6.19596e-07","ucec:0.2% (1/529):0.190","CRISPR-Based Genome Editing","Base editing","38093011"
"NM_001145306.2(CDK6):c.408T>C (p.Leu136=)","chr7","92725755","A/G","CDK6","0.494","dataset0328","Synonymous","The enhanced IFNG cytokine expression in CD4⁺ T cell","IFNG cytokine expression","4","Gain-of-function","","","NA","CRISPR-Based Genome Editing","Base editing","38093011"
"NM_001145306.2(CDK6):c.407T>C (p.Leu136Pro)","chr7","92725756","A/G","CDK6","0.494","dataset0328","Missense","The enhanced IFNG cytokine expression in CD4⁺ T cell","IFNG cytokine expression","4","Gain-of-function","","","NA","CRISPR-Based Genome Editing","Base editing","38093011"
"NM_001145306.2(CDK6):c.405T>C (p.Phe135=)","chr7","92725758","A/G","CDK6","0.494","dataset0328","Synonymous","The enhanced IFNG cytokine expression in CD4⁺ T cell","IFNG cytokine expression","4","Gain-of-function","","1.79678e-05","NA","CRISPR-Based Genome Editing","Base editing","38093011"
"NM_001145306.2(CDK6):c.400G>A (p.Asp134Asn)","chr7","92725763","C/T","CDK6","-0.114","dataset0328","Missense","Neutral to the IFNG cytokine expression in CD4⁺ T cell","IFNG cytokine expression","4","Functionally normal","","","NA","CRISPR-Based Genome Editing","Base editing","38093011"
"NM_001145306.2(CDK6):c.390C>T (p.Leu130=)","chr7","92725773","G/A","CDK6","0.064","dataset0328","Synonymous","Neutral to the IFNG cytokine expression in CD4⁺ T cell","IFNG cytokine expression","4","Functionally normal","","6.19831e-07","NA","CRISPR-Based Genome Editing","Base editing","38093011"
"NM_001145306.2(CDK6):c.388C>T (p.Leu130Phe)","chr7","92725775","G/A","CDK6","0.064","dataset0328","Missense","Neutral to the IFNG cytokine expression in CD4⁺ T cell","IFNG cytokine expression","4","Functionally normal","","","NA","CRISPR-Based Genome Editing","Base editing","38093011"
"NM_001145306.2(CDK6):c.385C>T (p.Leu129Phe)","chr7","92725778","G/A","CDK6","0.038","dataset0328","Missense","Neutral to the IFNG cytokine expression in CD4⁺ T cell","IFNG cytokine expression","4","Functionally normal","","4.95971e-06","NA","CRISPR-Based Genome Editing","Base editing","38093011"
"NM_001145306.2(CDK6):c.383A>G (p.Gln128Arg)","chr7","92725780","T/C","CDK6","-0.056","dataset0328","Missense","Neutral to the IFNG cytokine expression in CD4⁺ T cell","IFNG cytokine expression","4","Functionally normal","","","NA","CRISPR-Based Genome Editing","Base editing","38093011"
"NM_001145306.2(CDK6):c.382C>T (p.Gln128Ter)","chr7","92725781","G/A","CDK6","0.038","dataset0328","Nonsense","Neutral to the IFNG cytokine expression in CD4⁺ T cell","IFNG cytokine expression","10","Functionally normal","","","hnsc:0.2% (1/523):0.030","CRISPR-Based Genome Editing","Base editing","38093011"
"NM_001145306.2(CDK6):c.376A>G (p.Met126Val)","chr7","92725787","T/C","CDK6","-0.111","dataset0328","Missense","Neutral to the IFNG cytokine expression in CD4⁺ T cell","IFNG cytokine expression","4","Functionally normal","","6.22038e-07","NA","CRISPR-Based Genome Editing","Base editing","38093011"
"NM_001145306.2(CDK6):c.369G>A (p.Lys123=)","chr7","92774696","C/T","CDK6","0.258","dataset0328","Splice site","Neutral to the IFNG cytokine expression in CD4⁺ T cell","IFNG cytokine expression","10","Functionally normal","","","NA","CRISPR-Based Genome Editing","Base editing","38093011"
"NM_001145306.2(CDK6):c.358G>A (p.Glu120Lys)","chr7","92774707","C/T","CDK6","-0.014","dataset0328","Missense","Neutral to the IFNG cytokine expression in CD4⁺ T cell","IFNG cytokine expression","10","Functionally normal","","","NA","CRISPR-Based Genome Editing","Base editing","38093011"
"NM_001145306.2(CDK6):c.357T>C (p.Thr119=)","chr7","92774708","A/G","CDK6","0.143","dataset0328","Synonymous","Neutral to the IFNG cytokine expression in CD4⁺ T cell","IFNG cytokine expression","4","Functionally normal","","6.2255e-07","NA","CRISPR-Based Genome Editing","Base editing","38093011"
"NM_001145306.2(CDK6):c.356C>T (p.Thr119Ile)","chr7","92774709","G/A","CDK6","0.032","dataset0328","Missense","Neutral to the IFNG cytokine expression in CD4⁺ T cell","IFNG cytokine expression","4","Functionally normal","","","NA","CRISPR-Based Genome Editing","Base editing","38093011"
"NM_001145306.2(CDK6):c.355A>G (p.Thr119Ala)","chr7","92774710","T/C","CDK6","-0.118","dataset0328","Missense","Neutral to the IFNG cytokine expression in CD4⁺ T cell","IFNG cytokine expression","4","Functionally normal","","","NA","CRISPR-Based Genome Editing","Base editing","38093011"
"NM_001145306.2(CDK6):c.354C>T (p.Pro118=)","chr7","92774711","G/A","CDK6","0.032","dataset0328","Synonymous","Neutral to the IFNG cytokine expression in CD4⁺ T cell","IFNG cytokine expression","4","Functionally normal","","6.22694e-07","NA","CRISPR-Based Genome Editing","Base editing","38093011"
"NM_001145306.2(CDK6):c.353C>T (p.Pro118Leu)","chr7","92774712","G/A","CDK6","0.032","dataset0328","Missense","Neutral to the IFNG cytokine expression in CD4⁺ T cell","IFNG cytokine expression","4","Functionally normal","","","NA","CRISPR-Based Genome Editing","Base editing","38093011"
"NM_001145306.2(CDK6):c.352C>T (p.Pro118Ser)","chr7","92774713","G/A","CDK6","0.032","dataset0328","Missense","Neutral to the IFNG cytokine expression in CD4⁺ T cell","IFNG cytokine expression","4","Functionally normal","","3.73573e-06","brca:0.1% (1/1084):0.310","CRISPR-Based Genome Editing","Base editing","38093011"
"NM_001145306.2(CDK6):c.351G>A (p.Val117=)","chr7","92774714","C/T","CDK6","-0.047","dataset0328","Synonymous","Neutral to the IFNG cytokine expression in CD4⁺ T cell","IFNG cytokine expression","4","Functionally normal","","","NA","CRISPR-Based Genome Editing","Base editing","38093011"
"NM_001145306.2(CDK6):c.349G>A (p.Val117Met)","chr7","92774716","C/T","CDK6","-0.047","dataset0328","Missense","Neutral to the IFNG cytokine expression in CD4⁺ T cell","IFNG cytokine expression","4","Functionally normal","","","NA","CRISPR-Based Genome Editing","Base editing","38093011"
"NM_001145306.2(CDK6):c.347G>A (p.Gly116Glu)","chr7","92774718","C/T","CDK6","-0.047","dataset0328","Missense","Neutral to the IFNG cytokine expression in CD4⁺ T cell","IFNG cytokine expression","4","Functionally normal","","","NA","CRISPR-Based Genome Editing","Base editing","38093011"
"NM_001145306.2(CDK6):c.337C>T (p.Pro113Ser)","chr7","92774728","G/A","CDK6","-0.082","dataset0328","Missense","Neutral to the IFNG cytokine expression in CD4⁺ T cell","IFNG cytokine expression","4","Functionally normal","","6.21113e-07","NA","CRISPR-Based Genome Editing","Base editing","38093011"
"NM_001145306.2(CDK6):c.336T>C (p.Val112=)","chr7","92774729","A/G","CDK6","0.034","dataset0328","Synonymous","Neutral to the IFNG cytokine expression in CD4⁺ T cell","IFNG cytokine expression","4","Functionally normal","","","NA","CRISPR-Based Genome Editing","Base editing","38093011"
"NM_001145306.2(CDK6):c.335T>C (p.Val112Ala)","chr7","92774730","A/G","CDK6","0.034","dataset0328","Missense","Neutral to the IFNG cytokine expression in CD4⁺ T cell","IFNG cytokine expression","4","Functionally normal","","1.24197e-06","NA","CRISPR-Based Genome Editing","Base editing","38093011"
"NM_001145306.2(CDK6):c.334G>A (p.Val112Ile)","chr7","92774731","C/T","CDK6","-0.124","dataset0328","Missense","Neutral to the IFNG cytokine expression in CD4⁺ T cell","IFNG cytokine expression","10","Functionally normal","","4.96923e-06","NA","CRISPR-Based Genome Editing","Base editing","38093011"
"NM_001145306.2(CDK6):c.332A>G (p.Lys111Arg)","chr7","92774733","T/C","CDK6","-0.279","dataset0328","Missense","Neutral to the IFNG cytokine expression in CD4⁺ T cell","IFNG cytokine expression","4","Functionally normal","","","NA","CRISPR-Based Genome Editing","Base editing","38093011"
"NM_001145306.2(CDK6):c.331A>G (p.Lys111Glu)","chr7","92774734","T/C","CDK6","-0.279","dataset0328","Missense","Neutral to the IFNG cytokine expression in CD4⁺ T cell","IFNG cytokine expression","4","Functionally normal","","1.24159e-06","NA","CRISPR-Based Genome Editing","Base editing","38093011"
"NM_001145306.2(CDK6):c.329A>G (p.Asp110Gly)","chr7","92774736","T/C","CDK6","-0.279","dataset0328","Missense","Neutral to the IFNG cytokine expression in CD4⁺ T cell","IFNG cytokine expression","4","Functionally normal","","6.20735e-07","NA","CRISPR-Based Genome Editing","Base editing","38093011"
"NM_001145306.2(CDK6):c.328G>A (p.Asp110Asn)","chr7","92774737","C/T","CDK6","-0.124","dataset0328","Missense","Neutral to the IFNG cytokine expression in CD4⁺ T cell","IFNG cytokine expression","4","Functionally normal","Conflicting classifications of pathogenicity","0.00257062","NA","CRISPR-Based Genome Editing","Base editing","38093011"
"NM_001145306.2(CDK6):c.327G>A (p.Leu109=)","chr7","92774738","C/T","CDK6","-0.124","dataset0328","Synonymous","Neutral to the IFNG cytokine expression in CD4⁺ T cell","IFNG cytokine expression","4","Functionally normal","","6.21033e-07","NA","CRISPR-Based Genome Editing","Base editing","38093011"
"NM_001145306.2(CDK6):c.318C>T (p.Thr106=)","chr7","92774747","G/A","CDK6","0.0","dataset0328","Synonymous","Neutral to the IFNG cytokine expression in CD4⁺ T cell","IFNG cytokine expression","4","Functionally normal","","","NA","CRISPR-Based Genome Editing","Base editing","38093011"
"NM_001145306.2(CDK6):c.317C>T (p.Thr106Ile)","chr7","92774748","G/A","CDK6","0.0","dataset0328","Missense","Neutral to the IFNG cytokine expression in CD4⁺ T cell","IFNG cytokine expression","4","Functionally normal","","","NA","CRISPR-Based Genome Editing","Base editing","38093011"
"NM_001145306.2(CDK6):c.312C>T (p.Asp104=)","chr7","92774753","G/A","CDK6","0.0","dataset0328","Synonymous","Neutral to the IFNG cytokine expression in CD4⁺ T cell","IFNG cytokine expression","10","Functionally normal","","6.19962e-07","NA","CRISPR-Based Genome Editing","Base editing","38093011"
"NM_001145306.2(CDK6):c.311A>G (p.Asp104Gly)","chr7","92774754","T/C","CDK6","-0.001","dataset0328","Missense","Neutral to the IFNG cytokine expression in CD4⁺ T cell","IFNG cytokine expression","4","Functionally normal","","","NA","CRISPR-Based Genome Editing","Base editing","38093011"
"NM_001145306.2(CDK6):c.309A>G (p.Gln103=)","chr7","92774756","T/C","CDK6","-0.001","dataset0328","Synonymous","Neutral to the IFNG cytokine expression in CD4⁺ T cell","IFNG cytokine expression","4","Functionally normal","","","NA","CRISPR-Based Genome Editing","Base editing","38093011"
"NM_001145306.2(CDK6):c.308A>G (p.Gln103Arg)","chr7","92774757","T/C","CDK6","-0.001","dataset0328","Missense","Neutral to the IFNG cytokine expression in CD4⁺ T cell","IFNG cytokine expression","4","Functionally normal","","","NA","CRISPR-Based Genome Editing","Base editing","38093011"
"NM_001145306.2(CDK6):c.307C>T (p.Gln103Ter)","chr7","92774758","G/A","CDK6","0.0","dataset0328","Nonsense","Neutral to the IFNG cytokine expression in CD4⁺ T cell","IFNG cytokine expression","4","Functionally normal","","","NA","CRISPR-Based Genome Editing","Base editing","38093011"
"NM_001145306.2(CDK6):c.295G>A (p.Glu99Lys)","chr7","92774770","C/T","CDK6","0.021","dataset0328","Missense","Neutral to the IFNG cytokine expression in CD4⁺ T cell","IFNG cytokine expression","4","Functionally normal","","","NA","CRISPR-Based Genome Editing","Base editing","38093011"
"NM_001145306.2(CDK6):c.294T>C (p.Phe98=)","chr7","92774771","A/G","CDK6","-0.024","dataset0328","Synonymous","Neutral to the IFNG cytokine expression in CD4⁺ T cell","IFNG cytokine expression","4","Functionally normal","Likely benign","8.49151e-05","NA","CRISPR-Based Genome Editing","Base editing","38093011"
"NM_001145306.2(CDK6):c.293T>C (p.Phe98Ser)","chr7","92774772","A/G","CDK6","-0.024","dataset0328","Missense","Neutral to the IFNG cytokine expression in CD4⁺ T cell","IFNG cytokine expression","4","Functionally normal","","","NA","CRISPR-Based Genome Editing","Base editing","38093011"
"NM_001145306.2(CDK6):c.292T>C (p.Phe98Leu)","chr7","92774773","A/G","CDK6","-0.024","dataset0328","Missense","Neutral to the IFNG cytokine expression in CD4⁺ T cell","IFNG cytokine expression","4","Functionally normal","","","NA","CRISPR-Based Genome Editing","Base editing","38093011"
"NM_001145306.2(CDK6):c.291G>A (p.Val97=)","chr7","92774774","C/T","CDK6","0.021","dataset0328","Synonymous","Neutral to the IFNG cytokine expression in CD4⁺ T cell","IFNG cytokine expression","4","Functionally normal","","","NA","CRISPR-Based Genome Editing","Base editing","38093011"
"NM_001145306.2(CDK6):c.290T>C (p.Val97Ala)","chr7","92774775","A/G","CDK6","-0.024","dataset0328","Missense","Neutral to the IFNG cytokine expression in CD4⁺ T cell","IFNG cytokine expression","4","Functionally normal","","","NA","CRISPR-Based Genome Editing","Base editing","38093011"
"NM_001145306.2(CDK6):c.289G>A (p.Val97Met)","chr7","92774776","C/T","CDK6","0.021","dataset0328","Missense","Neutral to the IFNG cytokine expression in CD4⁺ T cell","IFNG cytokine expression","4","Functionally normal","","","NA","CRISPR-Based Genome Editing","Base editing","38093011"
"NM_001145306.2(CDK6):c.234G>A (p.Arg78=)","chr7","92774831","C/T","CDK6","0.439","dataset0328","Splice site","The enhanced IFNG cytokine expression in CD4⁺ T cell","IFNG cytokine expression","4","Gain-of-function","","","NA","CRISPR-Based Genome Editing","Base editing","38093011"
"NM_001145306.2(CDK6):c.233G>A (p.Arg78Lys)","chr7","92833091","C/T","CDK6","0.497","dataset0328","Missense","The enhanced IFNG cytokine expression in CD4⁺ T cell","IFNG cytokine expression","4","Gain-of-function","","0","NA","CRISPR-Based Genome Editing","Base editing","38093011"
"NM_001145306.2(CDK6):c.231C>T (p.Val77=)","chr7","92833093","G/A","CDK6","-0.116","dataset0328","Splice site","Neutral to the IFNG cytokine expression in CD4⁺ T cell","IFNG cytokine expression","4","Functionally normal","","0","NA","CRISPR-Based Genome Editing","Base editing","38093011"
"NM_001145306.2(CDK6):c.229G>A (p.Val77Ile)","chr7","92833095","C/T","CDK6","-0.009","dataset0328","Missense","Neutral to the IFNG cytokine expression in CD4⁺ T cell","IFNG cytokine expression","4","Functionally normal","","6.31076e-07","NA","CRISPR-Based Genome Editing","Base editing","38093011"
"NM_001145306.2(CDK6):c.227T>C (p.Val76Ala)","chr7","92833097","A/G","CDK6","0.412","dataset0328","Missense","The enhanced IFNG cytokine expression in CD4⁺ T cell","IFNG cytokine expression","4","Gain-of-function","","","NA","CRISPR-Based Genome Editing","Base editing","38093011"
"NM_001145306.2(CDK6):c.225C>T (p.Asn75=)","chr7","92833099","G/A","CDK6","-0.116","dataset0328","Synonymous","Neutral to the IFNG cytokine expression in CD4⁺ T cell","IFNG cytokine expression","10","Functionally normal","","1.88581e-06","NA","CRISPR-Based Genome Editing","Base editing","38093011"
"NM_001145306.2(CDK6):c.224A>G (p.Asn75Ser)","chr7","92833100","T/C","CDK6","0.366","dataset0328","Missense","The enhanced IFNG cytokine expression in CD4⁺ T cell","IFNG cytokine expression","4","Gain-of-function","","","NA","CRISPR-Based Genome Editing","Base editing","38093011"
"NM_001145306.2(CDK6):c.223A>G (p.Asn75Asp)","chr7","92833101","T/C","CDK6","-0.228","dataset0328","Missense","Neutral to the IFNG cytokine expression in CD4⁺ T cell","IFNG cytokine expression","4","Functionally normal","","","NA","CRISPR-Based Genome Editing","Base editing","38093011"
"NM_001145306.2(CDK6):c.222C>T (p.Pro74=)","chr7","92833102","G/A","CDK6","0.145","dataset0328","Synonymous","Neutral to the IFNG cytokine expression in CD4⁺ T cell","IFNG cytokine expression","4","Functionally normal","","","NA","CRISPR-Based Genome Editing","Base editing","38093011"
"NM_001145306.2(CDK6):c.221C>T (p.Pro74Leu)","chr7","92833103","G/A","CDK6","0.128","dataset0328","Missense","Neutral to the IFNG cytokine expression in CD4⁺ T cell","IFNG cytokine expression","4","Functionally normal","","6.27084e-07","NA","CRISPR-Based Genome Editing","Base editing","38093011"
"NM_001145306.2(CDK6):c.219C>T (p.His73=)","chr7","92833105","G/A","CDK6","0.117","dataset0328","Synonymous","Neutral to the IFNG cytokine expression in CD4⁺ T cell","IFNG cytokine expression","10","Functionally normal","","0","NA","CRISPR-Based Genome Editing","Base editing","38093011"
"NM_001145306.2(CDK6):c.218A>G (p.His73Arg)","chr7","92833106","T/C","CDK6","0.697","dataset0328","Missense","The enhanced IFNG cytokine expression in CD4⁺ T cell","IFNG cytokine expression","4","Gain-of-function","","","NA","CRISPR-Based Genome Editing","Base editing","38093011"
"NM_001145306.2(CDK6):c.217C>T (p.His73Tyr)","chr7","92833107","G/A","CDK6","0.117","dataset0328","Missense","Neutral to the IFNG cytokine expression in CD4⁺ T cell","IFNG cytokine expression","4","Functionally normal","","0","NA","CRISPR-Based Genome Editing","Base editing","38093011"
"NM_001145306.2(CDK6):c.216G>A (p.Glu72=)","chr7","92833108","C/T","CDK6","-0.198","dataset0328","Synonymous","Neutral to the IFNG cytokine expression in CD4⁺ T cell","IFNG cytokine expression","4","Functionally normal","","","NA","CRISPR-Based Genome Editing","Base editing","38093011"
"NM_001145306.2(CDK6):c.215A>G (p.Glu72Gly)","chr7","92833109","T/C","CDK6","0.697","dataset0328","Missense","The enhanced IFNG cytokine expression in CD4⁺ T cell","IFNG cytokine expression","4","Gain-of-function","","","NA","CRISPR-Based Genome Editing","Base editing","38093011"
"NM_001145306.2(CDK6):c.214G>A (p.Glu72Lys)","chr7","92833110","C/T","CDK6","-0.198","dataset0328","Missense","Neutral to the IFNG cytokine expression in CD4⁺ T cell","IFNG cytokine expression","4","Functionally normal","","0","NA","CRISPR-Based Genome Editing","Base editing","38093011"
"NM_001145306.2(CDK6):c.213C>T (p.Phe71=)","chr7","92833111","G/A","CDK6","0.117","dataset0328","Synonymous","Neutral to the IFNG cytokine expression in CD4⁺ T cell","IFNG cytokine expression","10","Functionally normal","","","NA","CRISPR-Based Genome Editing","Base editing","38093011"
"NM_001145306.2(CDK6):c.198G>A (p.Arg66=)","chr7","92833126","C/T","CDK6","0.381","dataset0328","Synonymous","The enhanced IFNG cytokine expression in CD4⁺ T cell","IFNG cytokine expression","4","Gain-of-function","","0","NA","CRISPR-Based Genome Editing","Base editing","38093011"
"NM_001145306.2(CDK6):c.197G>A (p.Arg66Lys)","chr7","92833127","C/T","CDK6","0.381","dataset0328","Missense","The enhanced IFNG cytokine expression in CD4⁺ T cell","IFNG cytokine expression","4","Gain-of-function","","6.22331e-07","NA","CRISPR-Based Genome Editing","Base editing","38093011"
"NM_001145306.2(CDK6):c.195G>A (p.Leu65=)","chr7","92833129","C/T","CDK6","-0.01","dataset0328","Synonymous","Neutral to the IFNG cytokine expression in CD4⁺ T cell","IFNG cytokine expression","10","Functionally normal","","","NA","CRISPR-Based Genome Editing","Base editing","38093011"
"NM_001145306.2(CDK6):c.194T>C (p.Leu65Pro)","chr7","92833130","A/G","CDK6","1.018","dataset0328","Missense","The enhanced IFNG cytokine expression in CD4⁺ T cell","IFNG cytokine expression","4","Gain-of-function","","","NA","CRISPR-Based Genome Editing","Base editing","38093011"
"NM_001145306.2(CDK6):c.193C>T (p.Leu65=)","chr7","92833131","G/A","CDK6","-0.507","dataset0328","Synonymous","The diminished IFNG cytokine expression in CD4⁺ T cell","IFNG cytokine expression","4","Loss-of-function","","","NA","CRISPR-Based Genome Editing","Base editing","38093011"
"NM_001145306.2(CDK6):c.192G>A (p.Val64=)","chr7","92833132","C/T","CDK6","-0.528","dataset0328","Synonymous","The diminished IFNG cytokine expression in CD4⁺ T cell","IFNG cytokine expression","4","Loss-of-function","","0","NA","CRISPR-Based Genome Editing","Base editing","38093011"
"NM_001145306.2(CDK6):c.191T>C (p.Val64Ala)","chr7","92833133","A/G","CDK6","0.211","dataset0328","Missense","Neutral to the IFNG cytokine expression in CD4⁺ T cell","IFNG cytokine expression","4","Functionally normal","","","NA","CRISPR-Based Genome Editing","Base editing","38093011"
"NM_001145306.2(CDK6):c.190G>A (p.Val64Met)","chr7","92833134","C/T","CDK6","-0.528","dataset0328","Missense","The diminished IFNG cytokine expression in CD4⁺ T cell","IFNG cytokine expression","10","Loss-of-function","","","NA","CRISPR-Based Genome Editing","Base editing","38093011"
"NM_001145306.2(CDK6):c.189G>A (p.Ala63=)","chr7","92833135","C/T","CDK6","-0.528","dataset0328","Synonymous","The diminished IFNG cytokine expression in CD4⁺ T cell","IFNG cytokine expression","10","Loss-of-function","","","NA","CRISPR-Based Genome Editing","Base editing","38093011"
"NM_001145306.2(CDK6):c.188C>T (p.Ala63Val)","chr7","92833136","G/A","CDK6","0.472","dataset0328","Missense","The enhanced IFNG cytokine expression in CD4⁺ T cell","IFNG cytokine expression","4","Gain-of-function","","0","NA","CRISPR-Based Genome Editing","Base editing","38093011"
"NM_001145306.2(CDK6):c.187G>A (p.Ala63Thr)","chr7","92833137","C/T","CDK6","-0.528","dataset0328","Missense","The diminished IFNG cytokine expression in CD4⁺ T cell","IFNG cytokine expression","4","Loss-of-function","","","NA","CRISPR-Based Genome Editing","Base editing","38093011"
"NM_001145306.2(CDK6):c.185T>C (p.Val62Ala)","chr7","92833139","A/G","CDK6","0.308","dataset0328","Missense","Neutral to the IFNG cytokine expression in CD4⁺ T cell","IFNG cytokine expression","4","Functionally normal","","","NA","CRISPR-Based Genome Editing","Base editing","38093011"
"NM_001145306.2(CDK6):c.184G>A (p.Val62Met)","chr7","92833140","C/T","CDK6","0.552","dataset0328","Missense","The enhanced IFNG cytokine expression in CD4⁺ T cell","IFNG cytokine expression","3","Gain-of-function","","","NA","CRISPR-Based Genome Editing","Base editing","38093011"
"NM_001145306.2(CDK6):c.183G>A (p.Glu61=)","chr7","92833141","C/T","CDK6","0.552","dataset0328","Synonymous","The enhanced IFNG cytokine expression in CD4⁺ T cell","IFNG cytokine expression","3","Gain-of-function","","","NA","CRISPR-Based Genome Editing","Base editing","38093011"
"NM_001145306.2(CDK6):c.182A>G (p.Glu61Gly)","chr7","92833142","T/C","CDK6","0.601","dataset0328","Missense","The enhanced IFNG cytokine expression in CD4⁺ T cell","IFNG cytokine expression","4","Gain-of-function","","","NA","CRISPR-Based Genome Editing","Base editing","38093011"
"NM_001145306.2(CDK6):c.180C>T (p.Arg60=)","chr7","92833144","G/A","CDK6","0.175","dataset0328","Synonymous","Neutral to the IFNG cytokine expression in CD4⁺ T cell","IFNG cytokine expression","4","Functionally normal","","","NA","CRISPR-Based Genome Editing","Base editing","38093011"
"NM_001145306.2(CDK6):c.178C>T (p.Arg60Cys)","chr7","92833146","G/A","CDK6","0.175","dataset0328","Missense","Neutral to the IFNG cytokine expression in CD4⁺ T cell","IFNG cytokine expression","4","Functionally normal","","6.21429e-07","NA","CRISPR-Based Genome Editing","Base editing","38093011"
"NM_001145306.2(CDK6):c.177C>T (p.Ile59=)","chr7","92833147","G/A","CDK6","-0.381","dataset0328","Synonymous","The diminished IFNG cytokine expression in CD4⁺ T cell","IFNG cytokine expression","4","Loss-of-function","","","NA","CRISPR-Based Genome Editing","Base editing","38093011"
"NM_001145306.2(CDK6):c.175A>G (p.Ile59Val)","chr7","92833149","T/C","CDK6","-0.09","dataset0328","Missense","Neutral to the IFNG cytokine expression in CD4⁺ T cell","IFNG cytokine expression","4","Functionally normal","","6.21307e-07","NA","CRISPR-Based Genome Editing","Base editing","38093011"
"NM_001145306.2(CDK6):c.174C>T (p.Thr58=)","chr7","92833150","G/A","CDK6","0.232","dataset0328","Synonymous","Neutral to the IFNG cytokine expression in CD4⁺ T cell","IFNG cytokine expression","4","Functionally normal","","5.59281e-06","NA","CRISPR-Based Genome Editing","Base editing","38093011"
"NM_001145306.2(CDK6):c.173C>T (p.Thr58Ile)","chr7","92833151","G/A","CDK6","0.232","dataset0328","Missense","Neutral to the IFNG cytokine expression in CD4⁺ T cell","IFNG cytokine expression","4","Functionally normal","","","NA","CRISPR-Based Genome Editing","Base editing","38093011"
"NM_001145306.2(CDK6):c.172A>G (p.Thr58Ala)","chr7","92833152","T/C","CDK6","-0.091","dataset0328","Missense","Neutral to the IFNG cytokine expression in CD4⁺ T cell","IFNG cytokine expression","4","Functionally normal","","","NA","CRISPR-Based Genome Editing","Base editing","38093011"
"NM_001145306.2(CDK6):c.171C>T (p.Ser57=)","chr7","92833153","G/A","CDK6","0.232","dataset0328","Synonymous","Neutral to the IFNG cytokine expression in CD4⁺ T cell","IFNG cytokine expression","10","Functionally normal","","1.11842e-05","NA","CRISPR-Based Genome Editing","Base editing","38093011"
"NM_001145306.2(CDK6):c.170C>T (p.Ser57Phe)","chr7","92833154","G/A","CDK6","0.232","dataset0328","Missense","Neutral to the IFNG cytokine expression in CD4⁺ T cell","IFNG cytokine expression","4","Functionally normal","","","NA","CRISPR-Based Genome Editing","Base editing","38093011"
"NM_001145306.2(CDK6):c.168C>T (p.Leu56=)","chr7","92833156","G/A","CDK6","0.232","dataset0328","Synonymous","Neutral to the IFNG cytokine expression in CD4⁺ T cell","IFNG cytokine expression","10","Functionally normal","","6.21339e-06","NA","CRISPR-Based Genome Editing","Base editing","38093011"
"NM_001145306.2(CDK6):c.165G>A (p.Pro55=)","chr7","92833159","C/T","CDK6","-0.002","dataset0328","Synonymous","Neutral to the IFNG cytokine expression in CD4⁺ T cell","IFNG cytokine expression","4","Functionally normal","","","NA","CRISPR-Based Genome Editing","Base editing","38093011"
"NM_001145306.2(CDK6):c.162G>A (p.Met54Ile)","chr7","92833162","C/T","CDK6","-0.002","dataset0328","Missense","Neutral to the IFNG cytokine expression in CD4⁺ T cell","IFNG cytokine expression","4","Functionally normal","","6.21371e-07","NA","CRISPR-Based Genome Editing","Base editing","38093011"
"NM_001145306.2(CDK6):c.161T>C (p.Met54Thr)","chr7","92833163","A/G","CDK6","-0.046","dataset0328","Missense","Neutral to the IFNG cytokine expression in CD4⁺ T cell","IFNG cytokine expression","4","Functionally normal","","","NA","CRISPR-Based Genome Editing","Base editing","38093011"
"NM_001145306.2(CDK6):c.158G>A (p.Gly53Asp)","chr7","92833166","C/T","CDK6","-0.002","dataset0328","Missense","Neutral to the IFNG cytokine expression in CD4⁺ T cell","IFNG cytokine expression","4","Functionally normal","","0","NA","CRISPR-Based Genome Editing","Base editing","38093011"
"NM_001145306.2(CDK6):c.157G>A (p.Gly53Ser)","chr7","92833167","C/T","CDK6","-0.002","dataset0328","Missense","Neutral to the IFNG cytokine expression in CD4⁺ T cell","IFNG cytokine expression","4","Functionally normal","","","NA","CRISPR-Based Genome Editing","Base editing","38093011"
"NM_001145306.2(CDK6):c.156G>A (p.Glu52=)","chr7","92833168","C/T","CDK6","-0.002","dataset0328","Synonymous","Neutral to the IFNG cytokine expression in CD4⁺ T cell","IFNG cytokine expression","4","Functionally normal","","","NA","CRISPR-Based Genome Editing","Base editing","38093011"
"NM_001145306.2(CDK6):c.147C>T (p.Thr49=)","chr7","92833177","G/A","CDK6","-0.112","dataset0328","Synonymous","Neutral to the IFNG cytokine expression in CD4⁺ T cell","IFNG cytokine expression","4","Functionally normal","","3.72876e-06","NA","CRISPR-Based Genome Editing","Base editing","38093011"
"NM_001145306.2(CDK6):c.146C>T (p.Thr49Ile)","chr7","92833178","G/A","CDK6","-0.112","dataset0328","Missense","Neutral to the IFNG cytokine expression in CD4⁺ T cell","IFNG cytokine expression","4","Functionally normal","","","NA","CRISPR-Based Genome Editing","Base editing","38093011"
"NM_001145306.2(CDK6):c.143A>G (p.Gln48Arg)","chr7","92833181","T/C","CDK6","0.042","dataset0328","Missense","Neutral to the IFNG cytokine expression in CD4⁺ T cell","IFNG cytokine expression","4","Functionally normal","","1.24265e-06","NA","CRISPR-Based Genome Editing","Base editing","38093011"
"NM_001145306.2(CDK6):c.142C>T (p.Gln48Ter)","chr7","92833182","G/A","CDK6","0.456","dataset0328","Nonsense","The enhanced IFNG cytokine expression in CD4⁺ T cell","IFNG cytokine expression","4","Gain-of-function","","0","NA","CRISPR-Based Genome Editing","Base editing","38093011"
"NM_001145306.2(CDK6):c.136C>T (p.Arg46Trp)","chr7","92833188","G/A","CDK6","0.051","dataset0328","Missense","Neutral to the IFNG cytokine expression in CD4⁺ T cell","IFNG cytokine expression","4","Functionally normal","","1.24298e-06","NA","CRISPR-Based Genome Editing","Base editing","38093011"
"NM_001145306.2(CDK6):c.133G>A (p.Val45Met)","chr7","92833191","C/T","CDK6","-0.04","dataset0328","Missense","Neutral to the IFNG cytokine expression in CD4⁺ T cell","IFNG cytokine expression","4","Functionally normal","","1.86392e-06","ucs:1.8% (1/57):0.320","CRISPR-Based Genome Editing","Base editing","38093011"
"NM_001145306.2(CDK6):c.131G>A (p.Arg44His)","chr7","92833193","C/T","CDK6","-0.04","dataset0328","Missense","Neutral to the IFNG cytokine expression in CD4⁺ T cell","IFNG cytokine expression","4","Functionally normal","","","NA","CRISPR-Based Genome Editing","Base editing","38093011"
"NM_001145306.2(CDK6):c.129G>A (p.Lys43=)","chr7","92833195","C/T","CDK6","-0.04","dataset0328","Synonymous","Neutral to the IFNG cytokine expression in CD4⁺ T cell","IFNG cytokine expression","4","Functionally normal","","6.21131e-07","NA","CRISPR-Based Genome Editing","Base editing","38093011"
"NM_001145306.2(CDK6):c.126G>A (p.Leu42=)","chr7","92833198","C/T","CDK6","-0.04","dataset0328","Synonymous","Neutral to the IFNG cytokine expression in CD4⁺ T cell","IFNG cytokine expression","10","Functionally normal","","","NA","CRISPR-Based Genome Editing","Base editing","38093011"
"NM_001145306.2(CDK6):c.123G>A (p.Ala41=)","chr7","92833201","C/T","CDK6","-0.04","dataset0328","Synonymous","Neutral to the IFNG cytokine expression in CD4⁺ T cell","IFNG cytokine expression","4","Functionally normal","","0","NA","CRISPR-Based Genome Editing","Base editing","38093011"
"NM_001145306.2(CDK6):c.122C>T (p.Ala41Val)","chr7","92833202","G/A","CDK6","0.02","dataset0328","Missense","Neutral to the IFNG cytokine expression in CD4⁺ T cell","IFNG cytokine expression","4","Functionally normal","","6.21116e-07","NA","CRISPR-Based Genome Editing","Base editing","38093011"
"NM_001145306.2(CDK6):c.121G>A (p.Ala41Thr)","chr7","92833203","C/T","CDK6","-0.04","dataset0328","Missense","Neutral to the IFNG cytokine expression in CD4⁺ T cell","IFNG cytokine expression","4","Functionally normal","","","NA","CRISPR-Based Genome Editing","Base editing","38093011"
"NM_001145306.2(CDK6):c.117C>T (p.Phe39=)","chr7","92833207","G/A","CDK6","0.02","dataset0328","Synonymous","Neutral to the IFNG cytokine expression in CD4⁺ T cell","IFNG cytokine expression","4","Functionally normal","","1.24211e-06","NA","CRISPR-Based Genome Editing","Base editing","38093011"
"NM_001145306.2(CDK6):c.111C>T (p.Gly37=)","chr7","92833213","G/A","CDK6","-0.109","dataset0328","Synonymous","Neutral to the IFNG cytokine expression in CD4⁺ T cell","IFNG cytokine expression","4","Functionally normal","","","NA","CRISPR-Based Genome Editing","Base editing","38093011"
"NM_001145306.2(CDK6):c.110G>A (p.Gly37Asp)","chr7","92833214","C/T","CDK6","0.149","dataset0328","Missense","Neutral to the IFNG cytokine expression in CD4⁺ T cell","IFNG cytokine expression","4","Functionally normal","","6.20961e-07","NA","CRISPR-Based Genome Editing","Base editing","38093011"
"NM_001145306.2(CDK6):c.109G>A (p.Gly37Ser)","chr7","92833215","C/T","CDK6","0.149","dataset0328","Missense","Neutral to the IFNG cytokine expression in CD4⁺ T cell","IFNG cytokine expression","10","Functionally normal","","","NA","CRISPR-Based Genome Editing","Base editing","38093011"
"NM_001145306.2(CDK6):c.107G>A (p.Gly36Glu)","chr7","92833217","C/T","CDK6","0.149","dataset0328","Missense","Neutral to the IFNG cytokine expression in CD4⁺ T cell","IFNG cytokine expression","4","Functionally normal","","6.20915e-07","NA","CRISPR-Based Genome Editing","Base editing","38093011"
"NM_001145306.2(CDK6):c.106G>A (p.Gly36Arg)","chr7","92833218","C/T","CDK6","0.149","dataset0328","Missense","Neutral to the IFNG cytokine expression in CD4⁺ T cell","IFNG cytokine expression","4","Functionally normal","","0","NA","CRISPR-Based Genome Editing","Base editing","38093011"
"NM_001145306.2(CDK6):c.105C>T (p.Asn35=)","chr7","92833219","G/A","CDK6","-0.109","dataset0328","Synonymous","Neutral to the IFNG cytokine expression in CD4⁺ T cell","IFNG cytokine expression","10","Functionally normal","","1.24187e-06","NA","CRISPR-Based Genome Editing","Base editing","38093011"
"NM_001145306.2(CDK6):c.104A>G (p.Asn35Ser)","chr7","92833220","T/C","CDK6","0.269","dataset0328","Missense","Neutral to the IFNG cytokine expression in CD4⁺ T cell","IFNG cytokine expression","4","Functionally normal","","","NA","CRISPR-Based Genome Editing","Base editing","38093011"
"NM_001145306.2(CDK6):c.103A>G (p.Asn35Asp)","chr7","92833221","T/C","CDK6","0.269","dataset0328","Missense","Neutral to the IFNG cytokine expression in CD4⁺ T cell","IFNG cytokine expression","4","Functionally normal","","","NA","CRISPR-Based Genome Editing","Base editing","38093011"
"NM_001145306.2(CDK6):c.102G>A (p.Lys34=)","chr7","92833222","C/T","CDK6","0.149","dataset0328","Synonymous","Neutral to the IFNG cytokine expression in CD4⁺ T cell","IFNG cytokine expression","4","Functionally normal","","2.48338e-06","NA","CRISPR-Based Genome Editing","Base editing","38093011"
"NM_001145306.2(CDK6):c.101A>G (p.Lys34Arg)","chr7","92833223","T/C","CDK6","0.269","dataset0328","Missense","Neutral to the IFNG cytokine expression in CD4⁺ T cell","IFNG cytokine expression","4","Functionally normal","","6.20796e-07","NA","CRISPR-Based Genome Editing","Base editing","38093011"
"NM_001145306.2(CDK6):c.99G>A (p.Leu33=)","chr7","92833225","C/T","CDK6","-0.1","dataset0328","Synonymous","Neutral to the IFNG cytokine expression in CD4⁺ T cell","IFNG cytokine expression","3","Functionally normal","","","NA","CRISPR-Based Genome Editing","Base editing","38093011"
"NM_001145306.2(CDK6):c.96C>T (p.Asp32=)","chr7","92833228","G/A","CDK6","0.302","dataset0328","Synonymous","Neutral to the IFNG cytokine expression in CD4⁺ T cell","IFNG cytokine expression","4","Functionally normal","","6.20753e-07","NA","CRISPR-Based Genome Editing","Base editing","38093011"
"NM_001145306.2(CDK6):c.95A>G (p.Asp32Gly)","chr7","92833229","T/C","CDK6","0.279","dataset0328","Missense","Neutral to the IFNG cytokine expression in CD4⁺ T cell","IFNG cytokine expression","4","Functionally normal","","","NA","CRISPR-Based Genome Editing","Base editing","38093011"
"NM_001145306.2(CDK6):c.93C>T (p.Arg31=)","chr7","92833231","G/A","CDK6","0.302","dataset0328","Synonymous","Neutral to the IFNG cytokine expression in CD4⁺ T cell","IFNG cytokine expression","4","Functionally normal","","1.24166e-06","NA","CRISPR-Based Genome Editing","Base editing","38093011"
"NM_001145306.2(CDK6):c.91C>T (p.Arg31Cys)","chr7","92833233","G/A","CDK6","0.302","dataset0328","Missense","Neutral to the IFNG cytokine expression in CD4⁺ T cell","IFNG cytokine expression","10","Functionally normal","","","NA","CRISPR-Based Genome Editing","Base editing","38093011"
"NM_001145306.2(CDK6):c.90C>T (p.Ala30=)","chr7","92833234","G/A","CDK6","0.302","dataset0328","Synonymous","Neutral to the IFNG cytokine expression in CD4⁺ T cell","IFNG cytokine expression","10","Functionally normal","","","NA","CRISPR-Based Genome Editing","Base editing","38093011"
"NM_001145306.2(CDK6):c.89C>T (p.Ala30Val)","chr7","92833235","G/A","CDK6","0.302","dataset0328","Missense","Neutral to the IFNG cytokine expression in CD4⁺ T cell","IFNG cytokine expression","4","Functionally normal","","","NA","CRISPR-Based Genome Editing","Base editing","38093011"
"NM_001145306.2(CDK6):c.88G>A (p.Ala30Thr)","chr7","92833236","C/T","CDK6","0.408","dataset0328","Missense","The enhanced IFNG cytokine expression in CD4⁺ T cell","IFNG cytokine expression","4","Gain-of-function","","","NA","CRISPR-Based Genome Editing","Base editing","38093011"
"NM_001145306.2(CDK6):c.87G>A (p.Lys29=)","chr7","92833237","C/T","CDK6","0.408","dataset0328","Synonymous","The enhanced IFNG cytokine expression in CD4⁺ T cell","IFNG cytokine expression","10","Gain-of-function","","","NA","CRISPR-Based Genome Editing","Base editing","38093011"
"NM_001145306.2(CDK6):c.83T>C (p.Phe28Ser)","chr7","92833241","A/G","CDK6","0.538","dataset0328","Missense","The enhanced IFNG cytokine expression in CD4⁺ T cell","IFNG cytokine expression","4","Gain-of-function","","","NA","CRISPR-Based Genome Editing","Base editing","38093011"
"NM_001145306.2(CDK6):c.81G>A (p.Val27=)","chr7","92833243","C/T","CDK6","0.408","dataset0328","Synonymous","The enhanced IFNG cytokine expression in CD4⁺ T cell","IFNG cytokine expression","4","Gain-of-function","","2.48305e-06","NA","CRISPR-Based Genome Editing","Base editing","38093011"
"NM_001145306.2(CDK6):c.79G>A (p.Val27Met)","chr7","92833245","C/T","CDK6","0.408","dataset0328","Missense","The enhanced IFNG cytokine expression in CD4⁺ T cell","IFNG cytokine expression","4","Gain-of-function","","6.20776e-07","NA","CRISPR-Based Genome Editing","Base editing","38093011"
"NM_001145306.2(CDK6):c.78G>A (p.Lys26=)","chr7","92833246","C/T","CDK6","0.408","dataset0328","Synonymous","The enhanced IFNG cytokine expression in CD4⁺ T cell","IFNG cytokine expression","4","Gain-of-function","","1.86232e-06","NA","CRISPR-Based Genome Editing","Base editing","38093011"
"NM_001145306.2(CDK6):c.71A>G (p.Tyr24Cys)","chr7","92833253","T/C","CDK6","0.2","dataset0328","Missense","Neutral to the IFNG cytokine expression in CD4⁺ T cell","IFNG cytokine expression","4","Functionally normal","","4.34678e-06","NA","CRISPR-Based Genome Editing","Base editing","38093011"
"NM_001145306.2(CDK6):c.69C>T (p.Ala23=)","chr7","92833255","G/A","CDK6","0.079","dataset0328","Synonymous","Neutral to the IFNG cytokine expression in CD4⁺ T cell","IFNG cytokine expression","10","Functionally normal","","1.24188e-06","NA","CRISPR-Based Genome Editing","Base editing","38093011"
"NM_001145306.2(CDK6):c.68C>T (p.Ala23Val)","chr7","92833256","G/A","CDK6","0.079","dataset0328","Missense","Neutral to the IFNG cytokine expression in CD4⁺ T cell","IFNG cytokine expression","4","Functionally normal","","0","NA","CRISPR-Based Genome Editing","Base editing","38093011"
"NM_001145306.2(CDK6):c.66C>T (p.Gly22=)","chr7","92833258","G/A","CDK6","0.079","dataset0328","Synonymous","Neutral to the IFNG cytokine expression in CD4⁺ T cell","IFNG cytokine expression","4","Functionally normal","Likely benign","7.76262e-05","NA","CRISPR-Based Genome Editing","Base editing","38093011"
"NM_001145306.2(CDK6):c.62A>G (p.Glu21Gly)","chr7","92833262","T/C","CDK6","0.325","dataset0328","Missense","The enhanced IFNG cytokine expression in CD4⁺ T cell","IFNG cytokine expression","4","Gain-of-function","","0","NA","CRISPR-Based Genome Editing","Base editing","38093011"
"NM_001145306.2(CDK6):c.57C>T (p.Ile19=)","chr7","92833267","G/A","CDK6","-0.042","dataset0328","Synonymous","Neutral to the IFNG cytokine expression in CD4⁺ T cell","IFNG cytokine expression","10","Functionally normal","","","NA","CRISPR-Based Genome Editing","Base editing","38093011"
"NM_001145306.2(CDK6):c.55A>G (p.Ile19Val)","chr7","92833269","T/C","CDK6","0.025","dataset0328","Missense","Neutral to the IFNG cytokine expression in CD4⁺ T cell","IFNG cytokine expression","4","Functionally normal","","","NA","CRISPR-Based Genome Editing","Base editing","38093011"
"NM_001145306.2(CDK6):c.52G>A (p.Glu18Lys)","chr7","92833272","C/T","CDK6","-0.253","dataset0328","Missense","Neutral to the IFNG cytokine expression in CD4⁺ T cell","IFNG cytokine expression","4","Functionally normal","","0","blca:0.2% (1/411):0.550","CRISPR-Based Genome Editing","Base editing","38093011"
"NM_001145306.2(CDK6):c.51G>A (p.Ala17=)","chr7","92833273","C/T","CDK6","-0.253","dataset0328","Synonymous","Neutral to the IFNG cytokine expression in CD4⁺ T cell","IFNG cytokine expression","4","Functionally normal","","","NA","CRISPR-Based Genome Editing","Base editing","38093011"
"NM_001145306.2(CDK6):c.50C>T (p.Ala17Val)","chr7","92833274","G/A","CDK6","-0.157","dataset0328","Missense","Neutral to the IFNG cytokine expression in CD4⁺ T cell","IFNG cytokine expression","4","Functionally normal","","","NA","CRISPR-Based Genome Editing","Base editing","38093011"
"NM_001145306.2(CDK6):c.49G>A (p.Ala17Thr)","chr7","92833275","C/T","CDK6","-0.253","dataset0328","Missense","Neutral to the IFNG cytokine expression in CD4⁺ T cell","IFNG cytokine expression","4","Functionally normal","","","NA","CRISPR-Based Genome Editing","Base editing","38093011"
"NM_001145306.2(CDK6):c.48G>A (p.Val16=)","chr7","92833276","C/T","CDK6","-0.253","dataset0328","Synonymous","Neutral to the IFNG cytokine expression in CD4⁺ T cell","IFNG cytokine expression","4","Functionally normal","","","NA","CRISPR-Based Genome Editing","Base editing","38093011"
"NM_001145306.2(CDK6):c.47T>C (p.Val16Ala)","chr7","92833277","A/G","CDK6","0.222","dataset0328","Missense","Neutral to the IFNG cytokine expression in CD4⁺ T cell","IFNG cytokine expression","4","Functionally normal","","","NA","CRISPR-Based Genome Editing","Base editing","38093011"
"NM_001145306.2(CDK6):c.46G>A (p.Val16Met)","chr7","92833278","C/T","CDK6","-0.253","dataset0328","Missense","Neutral to the IFNG cytokine expression in CD4⁺ T cell","IFNG cytokine expression","4","Functionally normal","","6.21456e-07","NA","CRISPR-Based Genome Editing","Base editing","38093011"
"NM_001145306.2(CDK6):c.45C>T (p.Cys15=)","chr7","92833279","G/A","CDK6","0.246","dataset0328","Synonymous","Neutral to the IFNG cytokine expression in CD4⁺ T cell","IFNG cytokine expression","4","Functionally normal","","1.24305e-06","NA","CRISPR-Based Genome Editing","Base editing","38093011"
"NM_001145306.2(CDK6):c.44G>A (p.Cys15Tyr)","chr7","92833280","C/T","CDK6","-0.253","dataset0328","Missense","Neutral to the IFNG cytokine expression in CD4⁺ T cell","IFNG cytokine expression","4","Functionally normal","","","NA","CRISPR-Based Genome Editing","Base editing","38093011"
"NM_001145306.2(CDK6):c.42A>G (p.Glu14=)","chr7","92833282","T/C","CDK6","0.275","dataset0328","Synonymous","Neutral to the IFNG cytokine expression in CD4⁺ T cell","IFNG cytokine expression","4","Functionally normal","","6.21616e-07","NA","CRISPR-Based Genome Editing","Base editing","38093011"
"NM_001145306.2(CDK6):c.41A>G (p.Glu14Gly)","chr7","92833283","T/C","CDK6","0.275","dataset0328","Missense","Neutral to the IFNG cytokine expression in CD4⁺ T cell","IFNG cytokine expression","4","Functionally normal","","","NA","CRISPR-Based Genome Editing","Base editing","38093011"
"NM_001145306.2(CDK6):c.40G>A (p.Glu14Lys)","chr7","92833284","C/T","CDK6","0.102","dataset0328","Missense","Neutral to the IFNG cytokine expression in CD4⁺ T cell","IFNG cytokine expression","10","Functionally normal","","2.48674e-06","NA","CRISPR-Based Genome Editing","Base editing","38093011"
"NM_001145306.2(CDK6):c.39C>T (p.Tyr13=)","chr7","92833285","G/A","CDK6","-0.277","dataset0328","Synonymous","Neutral to the IFNG cytokine expression in CD4⁺ T cell","IFNG cytokine expression","4","Functionally normal","","0.000308457","NA","CRISPR-Based Genome Editing","Base editing","38093011"
"NM_001145306.2(CDK6):c.37T>C (p.Tyr13His)","chr7","92833287","A/G","CDK6","0.144","dataset0328","Missense","Neutral to the IFNG cytokine expression in CD4⁺ T cell","IFNG cytokine expression","4","Functionally normal","","","NA","CRISPR-Based Genome Editing","Base editing","38093011"
"NM_001145306.2(CDK6):c.36G>A (p.Gln12=)","chr7","92833288","C/T","CDK6","-0.073","dataset0328","Synonymous","Neutral to the IFNG cytokine expression in CD4⁺ T cell","IFNG cytokine expression","10","Functionally normal","","","NA","CRISPR-Based Genome Editing","Base editing","38093011"
"NM_001145306.2(CDK6):c.35A>G (p.Gln12Arg)","chr7","92833289","T/C","CDK6","-0.039","dataset0328","Missense","Neutral to the IFNG cytokine expression in CD4⁺ T cell","IFNG cytokine expression","4","Functionally normal","","","NA","CRISPR-Based Genome Editing","Base editing","38093011"
"NM_001145306.2(CDK6):c.34C>T (p.Gln12Ter)","chr7","92833290","G/A","CDK6","0.721","dataset0328","Nonsense","The enhanced IFNG cytokine expression in CD4⁺ T cell","IFNG cytokine expression","4","Gain-of-function","","","ucec:0.2% (1/529):0.410","CRISPR-Based Genome Editing","Base editing","38093011"
"NM_001145306.2(CDK6):c.33G>A (p.Gln11=)","chr7","92833291","C/T","CDK6","-0.073","dataset0328","Synonymous","Neutral to the IFNG cytokine expression in CD4⁺ T cell","IFNG cytokine expression","4","Functionally normal","","","NA","CRISPR-Based Genome Editing","Base editing","38093011"
"NM_001145306.2(CDK6):c.32A>G (p.Gln11Arg)","chr7","92833292","T/C","CDK6","0.159","dataset0328","Missense","Neutral to the IFNG cytokine expression in CD4⁺ T cell","IFNG cytokine expression","4","Functionally normal","","1.24494e-06","NA","CRISPR-Based Genome Editing","Base editing","38093011"
"NM_001145306.2(CDK6):c.31C>T (p.Gln11Ter)","chr7","92833293","G/A","CDK6","0.721","dataset0328","Nonsense","The enhanced IFNG cytokine expression in CD4⁺ T cell","IFNG cytokine expression","10","Gain-of-function","","6.22781e-07","NA","CRISPR-Based Genome Editing","Base editing","38093011"
"NM_001145306.2(CDK6):c.30C>T (p.Asp10=)","chr7","92833294","G/A","CDK6","0.721","dataset0328","Synonymous","The enhanced IFNG cytokine expression in CD4⁺ T cell","IFNG cytokine expression","10","Gain-of-function","","","NA","CRISPR-Based Genome Editing","Base editing","38093011"
"NM_001145306.2(CDK6):c.14G>A (p.Gly5Asp)","chr7","92833310","C/T","CDK6","-0.018","dataset0328","Missense","Neutral to the IFNG cytokine expression in CD4⁺ T cell","IFNG cytokine expression","4","Functionally normal","","6.27627e-07","NA","CRISPR-Based Genome Editing","Base editing","38093011"
"NM_001145306.2(CDK6):c.13G>A (p.Gly5Ser)","chr7","92833311","C/T","CDK6","-0.018","dataset0328","Missense","Neutral to the IFNG cytokine expression in CD4⁺ T cell","IFNG cytokine expression","4","Functionally normal","","3.7657e-06","NA","CRISPR-Based Genome Editing","Base editing","38093011"
"NM_001145306.2(CDK6):c.10G>A (p.Asp4Asn)","chr7","92833314","C/T","CDK6","-0.018","dataset0328","Missense","Neutral to the IFNG cytokine expression in CD4⁺ T cell","IFNG cytokine expression","10","Functionally normal","","","NA","CRISPR-Based Genome Editing","Base editing","38093011"
"NM_001145306.2(CDK6):c.9G>A (p.Lys3=)","chr7","92833315","C/T","CDK6","-0.018","dataset0328","Synonymous","Neutral to the IFNG cytokine expression in CD4⁺ T cell","IFNG cytokine expression","10","Functionally normal","","6.2959e-07","NA","CRISPR-Based Genome Editing","Base editing","38093011"
"NM_001145306.2(CDK6):c.6G>A (p.Glu2=)","chr7","92833318","C/T","CDK6","-0.018","dataset0328","Synonymous","Neutral to the IFNG cytokine expression in CD4⁺ T cell","IFNG cytokine expression","4","Functionally normal","","6.31157e-07","NA","CRISPR-Based Genome Editing","Base editing","38093011"
"NM_001145306.2(CDK6):c.4G>A (p.Glu2Lys)","chr7","92833320","C/T","CDK6","-0.018","dataset0328","Missense","Neutral to the IFNG cytokine expression in CD4⁺ T cell","IFNG cytokine expression","4","Functionally normal","","","NA","CRISPR-Based Genome Editing","Base editing","38093011"
"NM_001145306.2(CDK6):c.3G>A (p.Met1?)","chr7","92833321","C/T","CDK6","-0.018","dataset0328","Start_lost","Neutral to the IFNG cytokine expression in CD4⁺ T cell","IFNG cytokine expression","4","Functionally normal","","","NA","CRISPR-Based Genome Editing","Base editing","38093011"
