"Identifier","Chrom","Position","Ref/Alt","Gene name","Score","Dataset ID","Molecular consequence","Functional description","Phenotype","Cross-assay hits","Functional classification","ClinVar information","Population frequency","TCGA summary","MAVE technique","Mutagenesis strategy","Publication"
"NM_001002295.2(GATA3):c.1A>G (p.Met1?)","chr10","8055656","A/G","GATA3","-0.412","dataset0634","Start_lost","The diminished CD25 cell surface activation marker expression in CD4⁺ T cell","CD25 cell surface activation marker expression","4","Loss-of-function","","","NA","CRISPR-Based Genome Editing","Base editing","38093011"
"NM_001002295.2(GATA3):c.3G>A (p.Met1?)","chr10","8055658","G/A","GATA3","-0.129","dataset0634","Start_lost","Neutral to the CD25 cell surface activation marker expression in CD4⁺ T cell","CD25 cell surface activation marker expression","4","Functionally normal","","","NA","CRISPR-Based Genome Editing","Base editing","38093011"
"NM_001002295.2(GATA3):c.4G>A (p.Glu2Lys)","chr10","8055659","G/A","GATA3","-0.129","dataset0634","Missense","Neutral to the CD25 cell surface activation marker expression in CD4⁺ T cell","CD25 cell surface activation marker expression","4","Functionally normal","","0","NA","CRISPR-Based Genome Editing","Base editing","38093011"
"NM_001002295.2(GATA3):c.6G>A (p.Glu2=)","chr10","8055661","G/A","GATA3","-0.129","dataset0634","Synonymous","Neutral to the CD25 cell surface activation marker expression in CD4⁺ T cell","CD25 cell surface activation marker expression","4","Functionally normal","","1.28508e-06","NA","CRISPR-Based Genome Editing","Base editing","38093011"
"NM_001002295.2(GATA3):c.7G>A (p.Val3Met)","chr10","8055662","G/A","GATA3","-0.129","dataset0634","Missense","Neutral to the CD25 cell surface activation marker expression in CD4⁺ T cell","CD25 cell surface activation marker expression","4","Functionally normal","","0","NA","CRISPR-Based Genome Editing","Base editing","38093011"
"NM_001002295.2(GATA3):c.8T>C (p.Val3Ala)","chr10","8055663","T/C","GATA3","0.215","dataset0634","Missense","Neutral to the CD25 cell surface activation marker expression in CD4⁺ T cell","CD25 cell surface activation marker expression","4","Functionally normal","Uncertain significance","1.2858e-06","NA","CRISPR-Based Genome Editing","Base editing","38093011"
"NM_001002295.2(GATA3):c.9G>A (p.Val3=)","chr10","8055664","G/A","GATA3","-0.29","dataset0634","Synonymous","The diminished CD25 cell surface activation marker expression in CD4⁺ T cell","CD25 cell surface activation marker expression","4","Loss-of-function","","6.42408e-07","NA","CRISPR-Based Genome Editing","Base editing","38093011"
"NM_001002295.2(GATA3):c.10A>G (p.Thr4Ala)","chr10","8055665","A/G","GATA3","0.068","dataset0634","Missense","Neutral to the CD25 cell surface activation marker expression in CD4⁺ T cell","CD25 cell surface activation marker expression","4","Functionally normal","Uncertain significance","1.92765e-06","NA","CRISPR-Based Genome Editing","Base editing","38093011"
"NM_001002295.2(GATA3):c.11C>T (p.Thr4Met)","chr10","8055666","C/T","GATA3","-0.207","dataset0634","Missense","Neutral to the CD25 cell surface activation marker expression in CD4⁺ T cell","CD25 cell surface activation marker expression","4","Functionally normal","","0","NA","CRISPR-Based Genome Editing","Base editing","38093011"
"NM_001002295.2(GATA3):c.12G>A (p.Thr4=)","chr10","8055667","G/A","GATA3","-0.29","dataset0634","Synonymous","The diminished CD25 cell surface activation marker expression in CD4⁺ T cell","CD25 cell surface activation marker expression","4","Loss-of-function","","2.5695e-06","NA","CRISPR-Based Genome Editing","Base editing","38093011"
"NM_001002295.2(GATA3):c.13G>A (p.Ala5Thr)","chr10","8055668","G/A","GATA3","-0.29","dataset0634","Missense","The diminished CD25 cell surface activation marker expression in CD4⁺ T cell","CD25 cell surface activation marker expression","4","Loss-of-function","","0","NA","CRISPR-Based Genome Editing","Base editing","38093011"
"NM_001002295.2(GATA3):c.14C>T (p.Ala5Val)","chr10","8055669","C/T","GATA3","-0.207","dataset0634","Missense","Neutral to the CD25 cell surface activation marker expression in CD4⁺ T cell","CD25 cell surface activation marker expression","4","Functionally normal","","0","NA","CRISPR-Based Genome Editing","Base editing","38093011"
"NM_001002295.2(GATA3):c.15G>A (p.Ala5=)","chr10","8055670","G/A","GATA3","-0.29","dataset0634","Synonymous","The diminished CD25 cell surface activation marker expression in CD4⁺ T cell","CD25 cell surface activation marker expression","4","Loss-of-function","","6.42212e-07","NA","CRISPR-Based Genome Editing","Base editing","38093011"
"NM_001002295.2(GATA3):c.18C>T (p.Asp6=)","chr10","8055673","C/T","GATA3","-0.207","dataset0634","Synonymous","Neutral to the CD25 cell surface activation marker expression in CD4⁺ T cell","CD25 cell surface activation marker expression","4","Functionally normal","Likely benign","7.70465e-06","NA","CRISPR-Based Genome Editing","Base editing","38093011"
"NM_001002295.2(GATA3):c.19C>T (p.Gln7Ter)","chr10","8055674","C/T","GATA3","-0.207","dataset0634","Nonsense","Neutral to the CD25 cell surface activation marker expression in CD4⁺ T cell","CD25 cell surface activation marker expression","4","Functionally normal","","0","NA","CRISPR-Based Genome Editing","Base editing","38093011"
"NM_001002295.2(GATA3):c.29G>A (p.Trp10Ter)","chr10","8055684","G/A","GATA3","-0.373","dataset0634","Nonsense","The diminished CD25 cell surface activation marker expression in CD4⁺ T cell","CD25 cell surface activation marker expression","4","Loss-of-function","","0","NA","CRISPR-Based Genome Editing","Base editing","38093011"
"NM_001002295.2(GATA3):c.30G>A (p.Trp10Ter)","chr10","8055685","G/A","GATA3","-0.373","dataset0634","Nonsense","The diminished CD25 cell surface activation marker expression in CD4⁺ T cell","CD25 cell surface activation marker expression","4","Loss-of-function","","","NA","CRISPR-Based Genome Editing","Base editing","38093011"
"NM_001002295.2(GATA3):c.31G>A (p.Val11Met)","chr10","8055686","G/A","GATA3","-0.373","dataset0634","Missense","The diminished CD25 cell surface activation marker expression in CD4⁺ T cell","CD25 cell surface activation marker expression","4","Loss-of-function","","","NA","CRISPR-Based Genome Editing","Base editing","38093011"
"NM_001002295.2(GATA3):c.33G>A (p.Val11=)","chr10","8055688","G/A","GATA3","-0.183","dataset0634","Synonymous","Neutral to the CD25 cell surface activation marker expression in CD4⁺ T cell","CD25 cell surface activation marker expression","4","Functionally normal","","5.12955e-06","NA","CRISPR-Based Genome Editing","Base editing","38093011"
"NM_001002295.2(GATA3):c.35G>A (p.Ser12Asn)","chr10","8055690","G/A","GATA3","-0.183","dataset0634","Missense","Neutral to the CD25 cell surface activation marker expression in CD4⁺ T cell","CD25 cell surface activation marker expression","4","Functionally normal","","0","esca:0.5% (1/182):0.310","CRISPR-Based Genome Editing","Base editing","38093011"
"NM_001002295.2(GATA3):c.40C>T (p.His14Tyr)","chr10","8055695","C/T","GATA3","-0.178","dataset0634","Missense","Neutral to the CD25 cell surface activation marker expression in CD4⁺ T cell","CD25 cell surface activation marker expression","4","Functionally normal","","","NA","CRISPR-Based Genome Editing","Base editing","38093011"
"NM_001002295.2(GATA3):c.42C>T (p.His14=)","chr10","8055697","C/T","GATA3","-0.233","dataset0634","Synonymous","Neutral to the CD25 cell surface activation marker expression in CD4⁺ T cell","CD25 cell surface activation marker expression","4","Functionally normal","","","NA","CRISPR-Based Genome Editing","Base editing","38093011"
"NM_001002295.2(GATA3):c.43C>T (p.His15Tyr)","chr10","8055698","C/T","GATA3","-0.233","dataset0634","Missense","Neutral to the CD25 cell surface activation marker expression in CD4⁺ T cell","CD25 cell surface activation marker expression","4","Functionally normal","","6.41e-07","NA","CRISPR-Based Genome Editing","Base editing","38093011"
"NM_001002295.2(GATA3):c.44A>G (p.His15Arg)","chr10","8055699","A/G","GATA3","0.015","dataset0634","Missense","Neutral to the CD25 cell surface activation marker expression in CD4⁺ T cell","CD25 cell surface activation marker expression","4","Functionally normal","","0","NA","CRISPR-Based Genome Editing","Base editing","38093011"
"NM_001002295.2(GATA3):c.45C>T (p.His15=)","chr10","8055700","C/T","GATA3","-0.233","dataset0634","Synonymous","Neutral to the CD25 cell surface activation marker expression in CD4⁺ T cell","CD25 cell surface activation marker expression","4","Functionally normal","Likely benign","1.08888e-05","NA","CRISPR-Based Genome Editing","Base editing","38093011"
"NM_001002295.2(GATA3):c.46C>T (p.Pro16Ser)","chr10","8055701","C/T","GATA3","-0.233","dataset0634","Missense","Neutral to the CD25 cell surface activation marker expression in CD4⁺ T cell","CD25 cell surface activation marker expression","4","Functionally normal","","6.40288e-07","NA","CRISPR-Based Genome Editing","Base editing","38093011"
"NM_001002295.2(GATA3):c.47C>T (p.Pro16Leu)","chr10","8055702","C/T","GATA3","-0.233","dataset0634","Missense","Neutral to the CD25 cell surface activation marker expression in CD4⁺ T cell","CD25 cell surface activation marker expression","4","Functionally normal","","0","NA","CRISPR-Based Genome Editing","Base editing","38093011"
"NM_001002295.2(GATA3):c.48C>T (p.Pro16=)","chr10","8055703","C/T","GATA3","-0.233","dataset0634","Synonymous","Neutral to the CD25 cell surface activation marker expression in CD4⁺ T cell","CD25 cell surface activation marker expression","4","Functionally normal","","1.2802e-06","NA","CRISPR-Based Genome Editing","Base editing","38093011"
"NM_001002295.2(GATA3):c.49G>A (p.Ala17Thr)","chr10","8055704","G/A","GATA3","-0.064","dataset0634","Missense","Neutral to the CD25 cell surface activation marker expression in CD4⁺ T cell","CD25 cell surface activation marker expression","4","Functionally normal","","0","NA","CRISPR-Based Genome Editing","Base editing","38093011"
"NM_001002295.2(GATA3):c.50C>T (p.Ala17Val)","chr10","8055705","C/T","GATA3","-0.233","dataset0634","Missense","Neutral to the CD25 cell surface activation marker expression in CD4⁺ T cell","CD25 cell surface activation marker expression","4","Functionally normal","","","NA","CRISPR-Based Genome Editing","Base editing","38093011"
"NM_001002295.2(GATA3):c.51C>T (p.Ala17=)","chr10","8055706","C/T","GATA3","-0.49","dataset0634","Synonymous","The diminished CD25 cell surface activation marker expression in CD4⁺ T cell","CD25 cell surface activation marker expression","4","Loss-of-function","","6.39599e-07","NA","CRISPR-Based Genome Editing","Base editing","38093011"
"NM_001002295.2(GATA3):c.52G>A (p.Val18Met)","chr10","8055707","G/A","GATA3","-0.095","dataset0634","Missense","Neutral to the CD25 cell surface activation marker expression in CD4⁺ T cell","CD25 cell surface activation marker expression","4","Functionally normal","Uncertain significance","1.27862e-06","ucec:0.2% (1/529):0.560","CRISPR-Based Genome Editing","Base editing","38093011"
"NM_001002295.2(GATA3):c.53T>C (p.Val18Ala)","chr10","8055708","T/C","GATA3","0.058","dataset0634","Missense","Neutral to the CD25 cell surface activation marker expression in CD4⁺ T cell","CD25 cell surface activation marker expression","4","Functionally normal","","2.55652e-06","NA","CRISPR-Based Genome Editing","Base editing","38093011"
"NM_001002295.2(GATA3):c.54G>A (p.Val18=)","chr10","8055709","G/A","GATA3","-0.095","dataset0634","Synonymous","Neutral to the CD25 cell surface activation marker expression in CD4⁺ T cell","CD25 cell surface activation marker expression","4","Functionally normal","","1.27792e-06","NA","CRISPR-Based Genome Editing","Base editing","38093011"
"NM_001002295.2(GATA3):c.56T>C (p.Leu19Pro)","chr10","8055711","T/C","GATA3","0.056","dataset0634","Missense","Neutral to the CD25 cell surface activation marker expression in CD4⁺ T cell","CD25 cell surface activation marker expression","4","Functionally normal","","0","NA","CRISPR-Based Genome Editing","Base editing","38093011"
"NM_001002295.2(GATA3):c.58A>G (p.Asn20Asp)","chr10","8055713","A/G","GATA3","0.181","dataset0634","Missense","Neutral to the CD25 cell surface activation marker expression in CD4⁺ T cell","CD25 cell surface activation marker expression","4","Functionally normal","Uncertain significance","0","NA","CRISPR-Based Genome Editing","Base editing","38093011"
"NM_001002295.2(GATA3):c.61G>A (p.Gly21Arg)","chr10","8055716","G/A","GATA3","-0.135","dataset0634","Missense","Neutral to the CD25 cell surface activation marker expression in CD4⁺ T cell","CD25 cell surface activation marker expression","4","Functionally normal","","0","esca:0.5% (1/182):0.100","CRISPR-Based Genome Editing","Base editing","38093011"
"NM_001002295.2(GATA3):c.62G>A (p.Gly21Glu)","chr10","8055717","G/A","GATA3","-0.365","dataset0634","Missense","The diminished CD25 cell surface activation marker expression in CD4⁺ T cell","CD25 cell surface activation marker expression","3","Loss-of-function","","","NA","CRISPR-Based Genome Editing","Base editing","38093011"
"NM_001002295.2(GATA3):c.63G>A (p.Gly21=)","chr10","8055718","G/A","GATA3","-0.365","dataset0634","Synonymous","The diminished CD25 cell surface activation marker expression in CD4⁺ T cell","CD25 cell surface activation marker expression","3","Loss-of-function","","6.37781e-07","NA","CRISPR-Based Genome Editing","Base editing","38093011"
"NM_001002295.2(GATA3):c.67C>T (p.His23Tyr)","chr10","8055722","C/T","GATA3","-0.44","dataset0634","Missense","The diminished CD25 cell surface activation marker expression in CD4⁺ T cell","CD25 cell surface activation marker expression","4","Loss-of-function","","","NA","CRISPR-Based Genome Editing","Base editing","38093011"
"NM_001002295.2(GATA3):c.68A>G (p.His23Arg)","chr10","8055723","A/G","GATA3","0.083","dataset0634","Missense","Neutral to the CD25 cell surface activation marker expression in CD4⁺ T cell","CD25 cell surface activation marker expression","4","Functionally normal","","","NA","CRISPR-Based Genome Editing","Base editing","38093011"
"NM_001002295.2(GATA3):c.69C>T (p.His23=)","chr10","8055724","C/T","GATA3","-0.44","dataset0634","Synonymous","The diminished CD25 cell surface activation marker expression in CD4⁺ T cell","CD25 cell surface activation marker expression","4","Loss-of-function","Benign","8.46931e-05","NA","CRISPR-Based Genome Editing","Base editing","38093011"
"NM_001002295.2(GATA3):c.70C>T (p.Pro24Ser)","chr10","8055725","C/T","GATA3","-0.44","dataset0634","Missense","The diminished CD25 cell surface activation marker expression in CD4⁺ T cell","CD25 cell surface activation marker expression","4","Loss-of-function","","","NA","CRISPR-Based Genome Editing","Base editing","38093011"
"NM_001002295.2(GATA3):c.71C>T (p.Pro24Leu)","chr10","8055726","C/T","GATA3","-0.44","dataset0634","Missense","The diminished CD25 cell surface activation marker expression in CD4⁺ T cell","CD25 cell surface activation marker expression","4","Loss-of-function","Uncertain significance","1.27304e-06","NA","CRISPR-Based Genome Editing","Base editing","38093011"
"NM_001002295.2(GATA3):c.72G>A (p.Pro24=)","chr10","8055727","G/A","GATA3","0.083","dataset0634","Synonymous","Neutral to the CD25 cell surface activation marker expression in CD4⁺ T cell","CD25 cell surface activation marker expression","4","Functionally normal","Likely benign","0.000140618","NA","CRISPR-Based Genome Editing","Base editing","38093011"
"NM_001002295.2(GATA3):c.74A>G (p.Asp25Gly)","chr10","8055729","A/G","GATA3","-0.083","dataset0634","Missense","Neutral to the CD25 cell surface activation marker expression in CD4⁺ T cell","CD25 cell surface activation marker expression","4","Functionally normal","","6.36079e-07","NA","CRISPR-Based Genome Editing","Base editing","38093011"
"NM_001002295.2(GATA3):c.75C>T (p.Asp25=)","chr10","8055730","C/T","GATA3","-0.44","dataset0634","Synonymous","The diminished CD25 cell surface activation marker expression in CD4⁺ T cell","CD25 cell surface activation marker expression","4","Loss-of-function","","","NA","CRISPR-Based Genome Editing","Base editing","38093011"
"NM_001002295.2(GATA3):c.77C>T (p.Thr26Met)","chr10","8055732","C/T","GATA3","-0.44","dataset0634","Missense","The diminished CD25 cell surface activation marker expression in CD4⁺ T cell","CD25 cell surface activation marker expression","4","Loss-of-function","","","NA","CRISPR-Based Genome Editing","Base editing","38093011"
"NM_001002295.2(GATA3):c.87G>A (p.Pro29=)","chr10","8055742","G/A","GATA3","-0.253","dataset0634","Synonymous","The diminished CD25 cell surface activation marker expression in CD4⁺ T cell","CD25 cell surface activation marker expression","4","Loss-of-function","","1.26785e-06","NA","CRISPR-Based Genome Editing","Base editing","38093011"
"NM_001002295.2(GATA3):c.88G>A (p.Gly30Ser)","chr10","8055743","G/A","GATA3","-0.253","dataset0634","Missense","The diminished CD25 cell surface activation marker expression in CD4⁺ T cell","CD25 cell surface activation marker expression","4","Loss-of-function","","0","NA","CRISPR-Based Genome Editing","Base editing","38093011"
"NM_001002295.2(GATA3):c.89G>A (p.Gly30Asp)","chr10","8055744","G/A","GATA3","-0.253","dataset0634","Missense","The diminished CD25 cell surface activation marker expression in CD4⁺ T cell","CD25 cell surface activation marker expression","4","Loss-of-function","Uncertain significance","0","NA","CRISPR-Based Genome Editing","Base editing","38093011"
"NM_001002295.2(GATA3):c.90C>T (p.Gly30=)","chr10","8055745","C/T","GATA3","0.098","dataset0634","Synonymous","Neutral to the CD25 cell surface activation marker expression in CD4⁺ T cell","CD25 cell surface activation marker expression","4","Functionally normal","","0","NA","CRISPR-Based Genome Editing","Base editing","38093011"
"NM_001002295.2(GATA3):c.91C>T (p.Leu31Phe)","chr10","8055746","C/T","GATA3","0.098","dataset0634","Missense","Neutral to the CD25 cell surface activation marker expression in CD4⁺ T cell","CD25 cell surface activation marker expression","4","Functionally normal","","6.32983e-07","NA","CRISPR-Based Genome Editing","Base editing","38093011"
"NM_001002295.2(GATA3):c.93C>T (p.Leu31=)","chr10","8055748","C/T","GATA3","-0.43","dataset0634","Synonymous","The diminished CD25 cell surface activation marker expression in CD4⁺ T cell","CD25 cell surface activation marker expression","4","Loss-of-function","","","NA","CRISPR-Based Genome Editing","Base editing","38093011"
"NM_001002295.2(GATA3):c.94A>G (p.Ser32Gly)","chr10","8055749","A/G","GATA3","0.136","dataset0634","Missense","Neutral to the CD25 cell surface activation marker expression in CD4⁺ T cell","CD25 cell surface activation marker expression","4","Functionally normal","","0","NA","CRISPR-Based Genome Editing","Base editing","38093011"
"NM_001002295.2(GATA3):c.95G>A (p.Ser32Asn)","chr10","8055750","G/A","GATA3","-0.194","dataset0634","Missense","Neutral to the CD25 cell surface activation marker expression in CD4⁺ T cell","CD25 cell surface activation marker expression","4","Functionally normal","","","NA","CRISPR-Based Genome Editing","Base editing","38093011"
"NM_001002295.2(GATA3):c.96C>T (p.Ser32=)","chr10","8055751","C/T","GATA3","-0.43","dataset0634","Synonymous","The diminished CD25 cell surface activation marker expression in CD4⁺ T cell","CD25 cell surface activation marker expression","4","Loss-of-function","","0","NA","CRISPR-Based Genome Editing","Base editing","38093011"
"NM_001002295.2(GATA3):c.97C>T (p.His33Tyr)","chr10","8055752","C/T","GATA3","-0.43","dataset0634","Missense","The diminished CD25 cell surface activation marker expression in CD4⁺ T cell","CD25 cell surface activation marker expression","4","Loss-of-function","","","NA","CRISPR-Based Genome Editing","Base editing","38093011"
"NM_001002295.2(GATA3):c.98A>G (p.His33Arg)","chr10","8055753","A/G","GATA3","0.13","dataset0634","Missense","Neutral to the CD25 cell surface activation marker expression in CD4⁺ T cell","CD25 cell surface activation marker expression","4","Functionally normal","","","NA","CRISPR-Based Genome Editing","Base editing","38093011"
"NM_001002295.2(GATA3):c.99C>T (p.His33=)","chr10","8055754","C/T","GATA3","-0.43","dataset0634","Synonymous","The diminished CD25 cell surface activation marker expression in CD4⁺ T cell","CD25 cell surface activation marker expression","4","Loss-of-function","","","NA","CRISPR-Based Genome Editing","Base editing","38093011"
"NM_001002295.2(GATA3):c.100T>C (p.Ser34Pro)","chr10","8055755","T/C","GATA3","0.007","dataset0634","Missense","Neutral to the CD25 cell surface activation marker expression in CD4⁺ T cell","CD25 cell surface activation marker expression","4","Functionally normal","","0","NA","CRISPR-Based Genome Editing","Base editing","38093011"
"NM_001002295.2(GATA3):c.103T>C (p.Tyr35His)","chr10","8055758","T/C","GATA3","0.091","dataset0634","Missense","Neutral to the CD25 cell surface activation marker expression in CD4⁺ T cell","CD25 cell surface activation marker expression","4","Functionally normal","","1.26056e-06","NA","CRISPR-Based Genome Editing","Base editing","38093011"
"NM_001002295.2(GATA3):c.107T>C (p.Met36Thr)","chr10","8055762","T/C","GATA3","0.088","dataset0634","Missense","Neutral to the CD25 cell surface activation marker expression in CD4⁺ T cell","CD25 cell surface activation marker expression","4","Functionally normal","","6.29527e-07","NA","CRISPR-Based Genome Editing","Base editing","38093011"
"NM_001002295.2(GATA3):c.108G>A (p.Met36Ile)","chr10","8055763","G/A","GATA3","-0.189","dataset0634","Missense","Neutral to the CD25 cell surface activation marker expression in CD4⁺ T cell","CD25 cell surface activation marker expression","4","Functionally normal","","0","NA","CRISPR-Based Genome Editing","Base editing","38093011"
"NM_001002295.2(GATA3):c.109G>A (p.Asp37Asn)","chr10","8055764","G/A","GATA3","-0.189","dataset0634","Missense","Neutral to the CD25 cell surface activation marker expression in CD4⁺ T cell","CD25 cell surface activation marker expression","4","Functionally normal","","0","NA","CRISPR-Based Genome Editing","Base editing","38093011"
"NM_001002295.2(GATA3):c.111C>T (p.Asp37=)","chr10","8055766","C/T","GATA3","0.181","dataset0634","Synonymous","Neutral to the CD25 cell surface activation marker expression in CD4⁺ T cell","CD25 cell surface activation marker expression","4","Functionally normal","","0","NA","CRISPR-Based Genome Editing","Base editing","38093011"
"NM_001002295.2(GATA3):c.112G>A (p.Ala38Thr)","chr10","8055767","G/A","GATA3","-0.122","dataset0634","Missense","Neutral to the CD25 cell surface activation marker expression in CD4⁺ T cell","CD25 cell surface activation marker expression","4","Functionally normal","","0","NA","CRISPR-Based Genome Editing","Base editing","38093011"
"NM_001002295.2(GATA3):c.113C>T (p.Ala38Val)","chr10","8055768","C/T","GATA3","0.181","dataset0634","Missense","Neutral to the CD25 cell surface activation marker expression in CD4⁺ T cell","CD25 cell surface activation marker expression","4","Functionally normal","","6.28758e-07","NA","CRISPR-Based Genome Editing","Base editing","38093011"
"NM_001002295.2(GATA3):c.114G>A (p.Ala38=)","chr10","8055769","G/A","GATA3","-0.236","dataset0634","Synonymous","Neutral to the CD25 cell surface activation marker expression in CD4⁺ T cell","CD25 cell surface activation marker expression","4","Functionally normal","","2.82859e-05","NA","CRISPR-Based Genome Editing","Base editing","38093011"
"NM_001002295.2(GATA3):c.115G>A (p.Ala39Thr)","chr10","8055770","G/A","GATA3","-0.236","dataset0634","Missense","Neutral to the CD25 cell surface activation marker expression in CD4⁺ T cell","CD25 cell surface activation marker expression","4","Functionally normal","","6.28497e-07","NA","CRISPR-Based Genome Editing","Base editing","38093011"
"NM_001002295.2(GATA3):c.116C>T (p.Ala39Val)","chr10","8055771","C/T","GATA3","-0.048","dataset0634","Missense","Neutral to the CD25 cell surface activation marker expression in CD4⁺ T cell","CD25 cell surface activation marker expression","4","Functionally normal","","0","NA","CRISPR-Based Genome Editing","Base editing","38093011"
"NM_001002295.2(GATA3):c.117G>A (p.Ala39=)","chr10","8055772","G/A","GATA3","-0.236","dataset0634","Synonymous","Neutral to the CD25 cell surface activation marker expression in CD4⁺ T cell","CD25 cell surface activation marker expression","4","Functionally normal","","0","NA","CRISPR-Based Genome Editing","Base editing","38093011"
"NM_001002295.2(GATA3):c.118C>T (p.Gln40Ter)","chr10","8055773","C/T","GATA3","-1.627","dataset0634","Nonsense","The diminished CD25 cell surface activation marker expression in CD4⁺ T cell","CD25 cell surface activation marker expression","4","Loss-of-function","","","NA","CRISPR-Based Genome Editing","Base editing","38093011"
"NM_001002295.2(GATA3):c.119A>G (p.Gln40Arg)","chr10","8055774","A/G","GATA3","-0.004","dataset0634","Missense","Neutral to the CD25 cell surface activation marker expression in CD4⁺ T cell","CD25 cell surface activation marker expression","4","Functionally normal","","","NA","CRISPR-Based Genome Editing","Base editing","38093011"
"NM_001002295.2(GATA3):c.121T>C (p.Tyr41His)","chr10","8055776","T/C","GATA3","0.025","dataset0634","Missense","Neutral to the CD25 cell surface activation marker expression in CD4⁺ T cell","CD25 cell surface activation marker expression","4","Functionally normal","","1.2561e-06","NA","CRISPR-Based Genome Editing","Base editing","38093011"
"NM_001002295.2(GATA3):c.122A>G (p.Tyr41Cys)","chr10","8055777","A/G","GATA3","0.032","dataset0634","Missense","Neutral to the CD25 cell surface activation marker expression in CD4⁺ T cell","CD25 cell surface activation marker expression","4","Functionally normal","","6.28112e-07","coad:0.2% (1/439):0.290","CRISPR-Based Genome Editing","Base editing","38093011"
"NM_001002295.2(GATA3):c.123C>T (p.Tyr41=)","chr10","8055778","C/T","GATA3","-1.627","dataset0634","Synonymous","The diminished CD25 cell surface activation marker expression in CD4⁺ T cell","CD25 cell surface activation marker expression","4","Loss-of-function","","1.256e-06","NA","CRISPR-Based Genome Editing","Base editing","38093011"
"NM_001002295.2(GATA3):c.133G>A (p.Glu45Lys)","chr10","8055788","G/A","GATA3","0.013","dataset0634","Missense","Neutral to the CD25 cell surface activation marker expression in CD4⁺ T cell","CD25 cell surface activation marker expression","4","Functionally normal","","","NA","CRISPR-Based Genome Editing","Base editing","38093011"
"NM_001002295.2(GATA3):c.135G>A (p.Glu45=)","chr10","8055790","G/A","GATA3","-0.19","dataset0634","Synonymous","Neutral to the CD25 cell surface activation marker expression in CD4⁺ T cell","CD25 cell surface activation marker expression","4","Functionally normal","","0","NA","CRISPR-Based Genome Editing","Base editing","38093011"
"NM_001002295.2(GATA3):c.136G>A (p.Glu46Lys)","chr10","8055791","G/A","GATA3","-0.19","dataset0634","Missense","Neutral to the CD25 cell surface activation marker expression in CD4⁺ T cell","CD25 cell surface activation marker expression","4","Functionally normal","","","NA","CRISPR-Based Genome Editing","Base editing","38093011"
"NM_001002295.2(GATA3):c.138G>A (p.Glu46=)","chr10","8055793","G/A","GATA3","-0.19","dataset0634","Synonymous","Neutral to the CD25 cell surface activation marker expression in CD4⁺ T cell","CD25 cell surface activation marker expression","4","Functionally normal","","6.27578e-07","NA","CRISPR-Based Genome Editing","Base editing","38093011"
"NM_001002295.2(GATA3):c.139G>A (p.Val47Met)","chr10","8055794","G/A","GATA3","-0.19","dataset0634","Missense","Neutral to the CD25 cell surface activation marker expression in CD4⁺ T cell","CD25 cell surface activation marker expression","4","Functionally normal","","1.25489e-06","NA","CRISPR-Based Genome Editing","Base editing","38093011"
"NM_001002295.2(GATA3):c.140T>C (p.Val47Ala)","chr10","8055795","T/C","GATA3","0.126","dataset0634","Missense","Neutral to the CD25 cell surface activation marker expression in CD4⁺ T cell","CD25 cell surface activation marker expression","4","Functionally normal","","6.28626e-07","NA","CRISPR-Based Genome Editing","Base editing","38093011"
"NM_001002295.2(GATA3):c.141G>A (p.Val47=)","chr10","8055796","G/A","GATA3","-0.286","dataset0634","Synonymous","The diminished CD25 cell surface activation marker expression in CD4⁺ T cell","CD25 cell surface activation marker expression","4","Loss-of-function","","6.27516e-07","NA","CRISPR-Based Genome Editing","Base editing","38093011"
"NM_001002295.2(GATA3):c.142G>A (p.Asp48Asn)","chr10","8055797","G/A","GATA3","-0.286","dataset0634","Missense","The diminished CD25 cell surface activation marker expression in CD4⁺ T cell","CD25 cell surface activation marker expression","4","Loss-of-function","Uncertain significance","","NA","CRISPR-Based Genome Editing","Base editing","38093011"
"NM_001002295.2(GATA3):c.144T>C (p.Asp48=)","chr10","8055799","T/C","GATA3","0.001","dataset0634","Synonymous","Neutral to the CD25 cell surface activation marker expression in CD4⁺ T cell","CD25 cell surface activation marker expression","4","Functionally normal","","0","NA","CRISPR-Based Genome Editing","Base editing","38093011"
"NM_001002295.2(GATA3):c.145G>A (p.Val49Met)","chr10","8055800","G/A","GATA3","-0.286","dataset0634","Missense","The diminished CD25 cell surface activation marker expression in CD4⁺ T cell","CD25 cell surface activation marker expression","4","Loss-of-function","","6.2746e-07","NA","CRISPR-Based Genome Editing","Base editing","38093011"
"NM_001002295.2(GATA3):c.146T>C (p.Val49Ala)","chr10","8055801","T/C","GATA3","0.102","dataset0634","Missense","Neutral to the CD25 cell surface activation marker expression in CD4⁺ T cell","CD25 cell surface activation marker expression","4","Functionally normal","","","NA","CRISPR-Based Genome Editing","Base editing","38093011"
"NM_001002295.2(GATA3):c.148C>T (p.Leu50Phe)","chr10","8055803","C/T","GATA3","-0.173","dataset0634","Missense","Neutral to the CD25 cell surface activation marker expression in CD4⁺ T cell","CD25 cell surface activation marker expression","4","Functionally normal","Uncertain significance","1.2551e-06","NA","CRISPR-Based Genome Editing","Base editing","38093011"
"NM_001002295.2(GATA3):c.149T>C (p.Leu50Pro)","chr10","8055804","T/C","GATA3","0.102","dataset0634","Missense","Neutral to the CD25 cell surface activation marker expression in CD4⁺ T cell","CD25 cell surface activation marker expression","4","Functionally normal","","1.25515e-06","NA","CRISPR-Based Genome Editing","Base editing","38093011"
"NM_001002295.2(GATA3):c.150T>C (p.Leu50=)","chr10","8055805","T/C","GATA3","0.102","dataset0634","Synonymous","Neutral to the CD25 cell surface activation marker expression in CD4⁺ T cell","CD25 cell surface activation marker expression","4","Functionally normal","","","NA","CRISPR-Based Genome Editing","Base editing","38093011"
"NM_001002295.2(GATA3):c.154A>G (p.Asn52Asp)","chr10","8055809","A/G","GATA3","0.061","dataset0634","Missense","Neutral to the CD25 cell surface activation marker expression in CD4⁺ T cell","CD25 cell surface activation marker expression","4","Functionally normal","","6.27639e-07","NA","CRISPR-Based Genome Editing","Base editing","38093011"
"NM_001002295.2(GATA3):c.155A>G (p.Asn52Ser)","chr10","8055810","A/G","GATA3","0.061","dataset0634","Missense","Neutral to the CD25 cell surface activation marker expression in CD4⁺ T cell","CD25 cell surface activation marker expression","4","Functionally normal","","8.15976e-06","NA","CRISPR-Based Genome Editing","Base editing","38093011"
"NM_001002295.2(GATA3):c.156C>T (p.Asn52=)","chr10","8055811","C/T","GATA3","-0.046","dataset0634","Synonymous","Neutral to the CD25 cell surface activation marker expression in CD4⁺ T cell","CD25 cell surface activation marker expression","4","Functionally normal","","6.27899e-07","NA","CRISPR-Based Genome Editing","Base editing","38093011"
"NM_001002295.2(GATA3):c.159C>T (p.Ile53=)","chr10","8055814","C/T","GATA3","-0.046","dataset0634","Synonymous","Neutral to the CD25 cell surface activation marker expression in CD4⁺ T cell","CD25 cell surface activation marker expression","4","Functionally normal","","","NA","CRISPR-Based Genome Editing","Base editing","38093011"
"NM_001002295.2(GATA3):c.174C>T (p.Asn58=)","chr10","8055829","C/T","GATA3","-0.264","dataset0634","Synonymous","The diminished CD25 cell surface activation marker expression in CD4⁺ T cell","CD25 cell surface activation marker expression","4","Loss-of-function","","0","NA","CRISPR-Based Genome Editing","Base editing","38093011"
"NM_001002295.2(GATA3):c.175C>T (p.His59Tyr)","chr10","8055830","C/T","GATA3","-0.264","dataset0634","Missense","The diminished CD25 cell surface activation marker expression in CD4⁺ T cell","CD25 cell surface activation marker expression","4","Loss-of-function","","6.29834e-06","NA","CRISPR-Based Genome Editing","Base editing","38093011"
"NM_001002295.2(GATA3):c.176A>G (p.His59Arg)","chr10","8055831","A/G","GATA3","0.071","dataset0634","Missense","Neutral to the CD25 cell surface activation marker expression in CD4⁺ T cell","CD25 cell surface activation marker expression","4","Functionally normal","","","NA","CRISPR-Based Genome Editing","Base editing","38093011"
"NM_001002295.2(GATA3):c.177C>T (p.His59=)","chr10","8055832","C/T","GATA3","-0.264","dataset0634","Synonymous","The diminished CD25 cell surface activation marker expression in CD4⁺ T cell","CD25 cell surface activation marker expression","4","Loss-of-function","","0","NA","CRISPR-Based Genome Editing","Base editing","38093011"
"NM_001002295.2(GATA3):c.180C>T (p.Val60=)","chr10","8055835","C/T","GATA3","-0.126","dataset0634","Synonymous","Neutral to the CD25 cell surface activation marker expression in CD4⁺ T cell","CD25 cell surface activation marker expression","4","Functionally normal","","0","NA","CRISPR-Based Genome Editing","Base editing","38093011"
"NM_001002295.2(GATA3):c.181C>T (p.Pro61Ser)","chr10","8055836","C/T","GATA3","-0.126","dataset0634","Missense","Neutral to the CD25 cell surface activation marker expression in CD4⁺ T cell","CD25 cell surface activation marker expression","4","Functionally normal","","0","NA","CRISPR-Based Genome Editing","Base editing","38093011"
"NM_001002295.2(GATA3):c.182C>T (p.Pro61Leu)","chr10","8055837","C/T","GATA3","-0.126","dataset0634","Missense","Neutral to the CD25 cell surface activation marker expression in CD4⁺ T cell","CD25 cell surface activation marker expression","4","Functionally normal","","1.26267e-06","NA","CRISPR-Based Genome Editing","Base editing","38093011"
"NM_001002295.2(GATA3):c.184C>T (p.Pro62Ser)","chr10","8055839","C/T","GATA3","-0.126","dataset0634","Missense","Neutral to the CD25 cell surface activation marker expression in CD4⁺ T cell","CD25 cell surface activation marker expression","4","Functionally normal","","1.89349e-06","NA","CRISPR-Based Genome Editing","Base editing","38093011"
"NM_001002295.2(GATA3):c.185C>T (p.Pro62Leu)","chr10","8055840","C/T","GATA3","-0.037","dataset0634","Missense","Neutral to the CD25 cell surface activation marker expression in CD4⁺ T cell","CD25 cell surface activation marker expression","4","Functionally normal","","1.89405e-06","NA","CRISPR-Based Genome Editing","Base editing","38093011"
"NM_001002295.2(GATA3):c.186C>T (p.Pro62=)","chr10","8055841","C/T","GATA3","-0.928","dataset0634","Synonymous","The diminished CD25 cell surface activation marker expression in CD4⁺ T cell","CD25 cell surface activation marker expression","4","Loss-of-function","","","NA","CRISPR-Based Genome Editing","Base editing","38093011"
"NM_001002295.2(GATA3):c.188A>G (p.Tyr63Cys)","chr10","8055843","A/G","GATA3","0.118","dataset0634","Missense","Neutral to the CD25 cell surface activation marker expression in CD4⁺ T cell","CD25 cell surface activation marker expression","4","Functionally normal","Uncertain significance","3.09754e-05","NA","CRISPR-Based Genome Editing","Base editing","38093011"
"NM_001002295.2(GATA3):c.189C>T (p.Tyr63=)","chr10","8055844","C/T","GATA3","-0.928","dataset0634","Synonymous","The diminished CD25 cell surface activation marker expression in CD4⁺ T cell","CD25 cell surface activation marker expression","4","Loss-of-function","","","NA","CRISPR-Based Genome Editing","Base editing","38093011"
"NM_001002295.2(GATA3):c.190T>C (p.Tyr64His)","chr10","8055845","T/C","GATA3","0.147","dataset0634","Missense","Neutral to the CD25 cell surface activation marker expression in CD4⁺ T cell","CD25 cell surface activation marker expression","4","Functionally normal","","0","NA","CRISPR-Based Genome Editing","Base editing","38093011"
"NM_001002295.2(GATA3):c.191A>G (p.Tyr64Cys)","chr10","8055846","A/G","GATA3","0.118","dataset0634","Missense","Neutral to the CD25 cell surface activation marker expression in CD4⁺ T cell","CD25 cell surface activation marker expression","4","Functionally normal","","0","NA","CRISPR-Based Genome Editing","Base editing","38093011"
"NM_001002295.2(GATA3):c.192C>T (p.Tyr64=)","chr10","8055847","C/T","GATA3","0.369","dataset0634","Synonymous","The enhanced CD25 cell surface activation marker expression in CD4⁺ T cell","CD25 cell surface activation marker expression","4","Gain-of-function","","2.53049e-06","NA","CRISPR-Based Genome Editing","Base editing","38093011"
"NM_001002295.2(GATA3):c.193G>A (p.Gly65Arg)","chr10","8055848","G/A","GATA3","-0.355","dataset0634","Missense","The diminished CD25 cell surface activation marker expression in CD4⁺ T cell","CD25 cell surface activation marker expression","4","Loss-of-function","","6.32638e-07","NA","CRISPR-Based Genome Editing","Base editing","38093011"
"NM_001002295.2(GATA3):c.194G>A (p.Gly65Glu)","chr10","8055849","G/A","GATA3","0.034","dataset0634","Missense","Neutral to the CD25 cell surface activation marker expression in CD4⁺ T cell","CD25 cell surface activation marker expression","4","Functionally normal","","6.32794e-07","NA","CRISPR-Based Genome Editing","Base editing","38093011"
"NM_001002295.2(GATA3):c.195A>G (p.Gly65=)","chr10","8055850","A/G","GATA3","0.151","dataset0634","Synonymous","Neutral to the CD25 cell surface activation marker expression in CD4⁺ T cell","CD25 cell surface activation marker expression","4","Functionally normal","","","NA","CRISPR-Based Genome Editing","Base editing","38093011"
"NM_001002295.2(GATA3):c.196A>G (p.Asn66Asp)","chr10","8055851","A/G","GATA3","0.151","dataset0634","Missense","Neutral to the CD25 cell surface activation marker expression in CD4⁺ T cell","CD25 cell surface activation marker expression","4","Functionally normal","","","NA","CRISPR-Based Genome Editing","Base editing","38093011"
"NM_001002295.2(GATA3):c.197A>G (p.Asn66Ser)","chr10","8055852","A/G","GATA3","0.151","dataset0634","Missense","Neutral to the CD25 cell surface activation marker expression in CD4⁺ T cell","CD25 cell surface activation marker expression","4","Functionally normal","","","NA","CRISPR-Based Genome Editing","Base editing","38093011"
"NM_001002295.2(GATA3):c.199T>C (p.Ser67Pro)","chr10","8055854","T/C","GATA3","0.166","dataset0634","Missense","Neutral to the CD25 cell surface activation marker expression in CD4⁺ T cell","CD25 cell surface activation marker expression","4","Functionally normal","","","NA","CRISPR-Based Genome Editing","Base editing","38093011"
"NM_001002295.2(GATA3):c.200C>T (p.Ser67Leu)","chr10","8055855","C/T","GATA3","-0.577","dataset0634","Missense","The diminished CD25 cell surface activation marker expression in CD4⁺ T cell","CD25 cell surface activation marker expression","4","Loss-of-function","","1.26862e-06","NA","CRISPR-Based Genome Editing","Base editing","38093011"
"NM_001002295.2(GATA3):c.201G>A (p.Ser67=)","chr10","8055856","G/A","GATA3","-0.055","dataset0634","Synonymous","Neutral to the CD25 cell surface activation marker expression in CD4⁺ T cell","CD25 cell surface activation marker expression","4","Functionally normal","Likely benign","2.53715e-06","NA","CRISPR-Based Genome Editing","Base editing","38093011"
"NM_001002295.2(GATA3):c.202G>A (p.Val68Ile)","chr10","8055857","G/A","GATA3","-0.055","dataset0634","Missense","Neutral to the CD25 cell surface activation marker expression in CD4⁺ T cell","CD25 cell surface activation marker expression","4","Functionally normal","","0","NA","CRISPR-Based Genome Editing","Base editing","38093011"
"NM_001002295.2(GATA3):c.203T>C (p.Val68Ala)","chr10","8055858","T/C","GATA3","0.074","dataset0634","Missense","Neutral to the CD25 cell surface activation marker expression in CD4⁺ T cell","CD25 cell surface activation marker expression","4","Functionally normal","","0","NA","CRISPR-Based Genome Editing","Base editing","38093011"
"NM_001002295.2(GATA3):c.204C>T (p.Val68=)","chr10","8055859","C/T","GATA3","-0.577","dataset0634","Synonymous","The diminished CD25 cell surface activation marker expression in CD4⁺ T cell","CD25 cell surface activation marker expression","4","Loss-of-function","","0","NA","CRISPR-Based Genome Editing","Base editing","38093011"
"NM_001002295.2(GATA3):c.205A>G (p.Arg69Gly)","chr10","8055860","A/G","GATA3","0.214","dataset0634","Missense","Neutral to the CD25 cell surface activation marker expression in CD4⁺ T cell","CD25 cell surface activation marker expression","4","Functionally normal","Uncertain significance","1.46082e-05","NA","CRISPR-Based Genome Editing","Base editing","38093011"
"NM_001002295.2(GATA3):c.206G>A (p.Arg69Lys)","chr10","8055861","G/A","GATA3","-0.356","dataset0634","Missense","The diminished CD25 cell surface activation marker expression in CD4⁺ T cell","CD25 cell surface activation marker expression","4","Loss-of-function","","0","NA","CRISPR-Based Genome Editing","Base editing","38093011"
"NM_001002295.2(GATA3):c.219G>A (p.Gln73=)","chr10","8055874","G/A","GATA3","-0.225","dataset0634","Synonymous","Neutral to the CD25 cell surface activation marker expression in CD4⁺ T cell","CD25 cell surface activation marker expression","4","Functionally normal","","0","NA","CRISPR-Based Genome Editing","Base editing","38093011"
"NM_001002295.2(GATA3):c.221G>A (p.Arg74Lys)","chr10","8055876","G/A","GATA3","-0.225","dataset0634","Missense","Neutral to the CD25 cell surface activation marker expression in CD4⁺ T cell","CD25 cell surface activation marker expression","4","Functionally normal","","","NA","CRISPR-Based Genome Editing","Base editing","38093011"
"NM_001002295.2(GATA3):c.222G>A (p.Arg74=)","chr10","8055877","G/A","GATA3","-0.225","dataset0634","Synonymous","Neutral to the CD25 cell surface activation marker expression in CD4⁺ T cell","CD25 cell surface activation marker expression","4","Functionally normal","","","NA","CRISPR-Based Genome Editing","Base editing","38093011"
"NM_001002295.2(GATA3):c.224A>G (p.Tyr75Cys)","chr10","8055879","A/G","GATA3","0.1","dataset0634","Missense","Neutral to the CD25 cell surface activation marker expression in CD4⁺ T cell","CD25 cell surface activation marker expression","4","Functionally normal","","0","NA","CRISPR-Based Genome Editing","Base editing","38093011"
"NM_001002295.2(GATA3):c.225C>T (p.Tyr75=)","chr10","8055880","C/T","GATA3","-0.658","dataset0634","Synonymous","The diminished CD25 cell surface activation marker expression in CD4⁺ T cell","CD25 cell surface activation marker expression","4","Loss-of-function","","0","NA","CRISPR-Based Genome Editing","Base editing","38093011"
"NM_001002295.2(GATA3):c.226C>T (p.Pro76Ser)","chr10","8055881","C/T","GATA3","-0.658","dataset0634","Missense","The diminished CD25 cell surface activation marker expression in CD4⁺ T cell","CD25 cell surface activation marker expression","4","Loss-of-function","","3.19933e-06","NA","CRISPR-Based Genome Editing","Base editing","38093011"
"NM_001002295.2(GATA3):c.227C>T (p.Pro76Leu)","chr10","8055882","C/T","GATA3","-0.658","dataset0634","Missense","The diminished CD25 cell surface activation marker expression in CD4⁺ T cell","CD25 cell surface activation marker expression","4","Loss-of-function","","1.2803e-06","NA","CRISPR-Based Genome Editing","Base editing","38093011"
"NM_001002295.2(GATA3):c.228T>C (p.Pro76=)","chr10","8055883","T/C","GATA3","0.156","dataset0634","Synonymous","Neutral to the CD25 cell surface activation marker expression in CD4⁺ T cell","CD25 cell surface activation marker expression","4","Functionally normal","","","NA","CRISPR-Based Genome Editing","Base editing","38093011"
"NM_001002295.2(GATA3):c.229C>T (p.Pro77Ser)","chr10","8055884","C/T","GATA3","-0.658","dataset0634","Missense","The diminished CD25 cell surface activation marker expression in CD4⁺ T cell","CD25 cell surface activation marker expression","4","Loss-of-function","","4.48263e-06","NA","CRISPR-Based Genome Editing","Base editing","38093011"
"NM_001002295.2(GATA3):c.230C>T (p.Pro77Leu)","chr10","8055885","C/T","GATA3","-0.658","dataset0634","Missense","The diminished CD25 cell surface activation marker expression in CD4⁺ T cell","CD25 cell surface activation marker expression","4","Loss-of-function","","3.20474e-06","ucec:0.2% (1/529):0.420","CRISPR-Based Genome Editing","Base editing","38093011"
"NM_001002295.2(GATA3):c.231G>A (p.Pro77=)","chr10","8055886","G/A","GATA3","-0.225","dataset0634","Synonymous","Neutral to the CD25 cell surface activation marker expression in CD4⁺ T cell","CD25 cell surface activation marker expression","4","Functionally normal","","0","NA","CRISPR-Based Genome Editing","Base editing","38093011"
"NM_001002295.2(GATA3):c.233C>T (p.Thr78Ile)","chr10","8055888","C/T","GATA3","0.417","dataset0634","Missense","The enhanced CD25 cell surface activation marker expression in CD4⁺ T cell","CD25 cell surface activation marker expression","4","Gain-of-function","Uncertain significance","0","NA","CRISPR-Based Genome Editing","Base editing","38093011"
"NM_001002295.2(GATA3):c.234C>T (p.Thr78=)","chr10","8055889","C/T","GATA3","-0.05","dataset0634","Synonymous","Neutral to the CD25 cell surface activation marker expression in CD4⁺ T cell","CD25 cell surface activation marker expression","4","Functionally normal","","6.41139e-07","NA","CRISPR-Based Genome Editing","Base editing","38093011"
"NM_001002295.2(GATA3):c.235C>T (p.His79Tyr)","chr10","8055890","C/T","GATA3","-0.477","dataset0634","Missense","The diminished CD25 cell surface activation marker expression in CD4⁺ T cell","CD25 cell surface activation marker expression","4","Loss-of-function","","","NA","CRISPR-Based Genome Editing","Base editing","38093011"
"NM_001002295.2(GATA3):c.236A>G (p.His79Arg)","chr10","8055891","A/G","GATA3","-0.107","dataset0634","Missense","Neutral to the CD25 cell surface activation marker expression in CD4⁺ T cell","CD25 cell surface activation marker expression","4","Functionally normal","","","NA","CRISPR-Based Genome Editing","Base editing","38093011"
"NM_001002295.2(GATA3):c.237C>T (p.His79=)","chr10","8055892","C/T","GATA3","-0.477","dataset0634","Synonymous","The diminished CD25 cell surface activation marker expression in CD4⁺ T cell","CD25 cell surface activation marker expression","4","Loss-of-function","","","NA","CRISPR-Based Genome Editing","Base editing","38093011"
"NM_001002295.2(GATA3):c.238C>T (p.His80Tyr)","chr10","8055893","C/T","GATA3","-0.477","dataset0634","Missense","The diminished CD25 cell surface activation marker expression in CD4⁺ T cell","CD25 cell surface activation marker expression","4","Loss-of-function","","0","NA","CRISPR-Based Genome Editing","Base editing","38093011"
"NM_001002295.2(GATA3):c.239A>G (p.His80Arg)","chr10","8055894","A/G","GATA3","0.0","dataset0634","Missense","Neutral to the CD25 cell surface activation marker expression in CD4⁺ T cell","CD25 cell surface activation marker expression","4","Functionally normal","","0","NA","CRISPR-Based Genome Editing","Base editing","38093011"
"NM_001002295.2(GATA3):c.240C>T (p.His80=)","chr10","8055895","C/T","GATA3","-0.477","dataset0634","Splice site","The diminished CD25 cell surface activation marker expression in CD4⁺ T cell","CD25 cell surface activation marker expression","4","Loss-of-function","","0","NA","CRISPR-Based Genome Editing","Base editing","38093011"
"NM_001002295.2(GATA3):c.241G>A (p.Gly81Arg)","chr10","8055896","G/A","GATA3","-0.683","dataset0634","Missense","The diminished CD25 cell surface activation marker expression in CD4⁺ T cell","CD25 cell surface activation marker expression","4","Loss-of-function","","6.42301e-07","NA","CRISPR-Based Genome Editing","Base editing","38093011"
"NM_001002295.2(GATA3):c.242G>A (p.Gly81Glu)","chr10","8058305","G/A","GATA3","-0.716","dataset0634","Missense","The diminished CD25 cell surface activation marker expression in CD4⁺ T cell","CD25 cell surface activation marker expression","4","Loss-of-function","","6.19802e-07","skcm:0.2% (1/448):0.350","CRISPR-Based Genome Editing","Base editing","38093011"
"NM_001002295.2(GATA3):c.245G>A (p.Ser82Asn)","chr10","8058308","G/A","GATA3","0.136","dataset0634","Missense","Neutral to the CD25 cell surface activation marker expression in CD4⁺ T cell","CD25 cell surface activation marker expression","4","Functionally normal","","6.19786e-07","NA","CRISPR-Based Genome Editing","Base editing","38093011"
"NM_001002295.2(GATA3):c.249G>A (p.Gln83=)","chr10","8058312","G/A","GATA3","0.243","dataset0634","Synonymous","Neutral to the CD25 cell surface activation marker expression in CD4⁺ T cell","CD25 cell surface activation marker expression","4","Functionally normal","","6.19774e-07","NA","CRISPR-Based Genome Editing","Base editing","38093011"
"NM_001002295.2(GATA3):c.250G>A (p.Val84Met)","chr10","8058313","G/A","GATA3","-0.173","dataset0634","Missense","Neutral to the CD25 cell surface activation marker expression in CD4⁺ T cell","CD25 cell surface activation marker expression","4","Functionally normal","","","NA","CRISPR-Based Genome Editing","Base editing","38093011"
"NM_001002295.2(GATA3):c.251T>C (p.Val84Ala)","chr10","8058314","T/C","GATA3","-0.068","dataset0634","Missense","Neutral to the CD25 cell surface activation marker expression in CD4⁺ T cell","CD25 cell surface activation marker expression","4","Functionally normal","","","NA","CRISPR-Based Genome Editing","Base editing","38093011"
"NM_001002295.2(GATA3):c.252G>A (p.Val84=)","chr10","8058315","G/A","GATA3","-0.475","dataset0634","Synonymous","The diminished CD25 cell surface activation marker expression in CD4⁺ T cell","CD25 cell surface activation marker expression","4","Loss-of-function","","","NA","CRISPR-Based Genome Editing","Base editing","38093011"
"NM_001002295.2(GATA3):c.253T>C (p.Cys85Arg)","chr10","8058316","T/C","GATA3","-0.068","dataset0634","Missense","Neutral to the CD25 cell surface activation marker expression in CD4⁺ T cell","CD25 cell surface activation marker expression","4","Functionally normal","","","NA","CRISPR-Based Genome Editing","Base editing","38093011"
"NM_001002295.2(GATA3):c.254G>A (p.Cys85Tyr)","chr10","8058317","G/A","GATA3","-0.475","dataset0634","Missense","The diminished CD25 cell surface activation marker expression in CD4⁺ T cell","CD25 cell surface activation marker expression","4","Loss-of-function","Uncertain significance","5.14546e-05","NA","CRISPR-Based Genome Editing","Base editing","38093011"
"NM_001002295.2(GATA3):c.255C>T (p.Cys85=)","chr10","8058318","C/T","GATA3","-0.311","dataset0634","Synonymous","The diminished CD25 cell surface activation marker expression in CD4⁺ T cell","CD25 cell surface activation marker expression","4","Loss-of-function","","6.19827e-07","NA","CRISPR-Based Genome Editing","Base editing","38093011"
"NM_001002295.2(GATA3):c.256C>T (p.Arg86Cys)","chr10","8058319","C/T","GATA3","-0.311","dataset0634","Missense","The diminished CD25 cell surface activation marker expression in CD4⁺ T cell","CD25 cell surface activation marker expression","4","Loss-of-function","Uncertain significance","2.47919e-06","NA","CRISPR-Based Genome Editing","Base editing","38093011"
"NM_001002295.2(GATA3):c.257G>A (p.Arg86His)","chr10","8058320","G/A","GATA3","0.22","dataset0634","Missense","Neutral to the CD25 cell surface activation marker expression in CD4⁺ T cell","CD25 cell surface activation marker expression","4","Functionally normal","Uncertain significance","3.09981e-06","NA","CRISPR-Based Genome Editing","Base editing","38093011"
"NM_001002295.2(GATA3):c.258C>T (p.Arg86=)","chr10","8058321","C/T","GATA3","-0.311","dataset0634","Synonymous","The diminished CD25 cell surface activation marker expression in CD4⁺ T cell","CD25 cell surface activation marker expression","4","Loss-of-function","","0","NA","CRISPR-Based Genome Editing","Base editing","38093011"
"NM_001002295.2(GATA3):c.259C>T (p.Pro87Ser)","chr10","8058322","C/T","GATA3","-0.311","dataset0634","Missense","The diminished CD25 cell surface activation marker expression in CD4⁺ T cell","CD25 cell surface activation marker expression","4","Loss-of-function","","","NA","CRISPR-Based Genome Editing","Base editing","38093011"
"NM_001002295.2(GATA3):c.260C>T (p.Pro87Leu)","chr10","8058323","C/T","GATA3","-0.311","dataset0634","Missense","The diminished CD25 cell surface activation marker expression in CD4⁺ T cell","CD25 cell surface activation marker expression","4","Loss-of-function","","1.85922e-06","NA","CRISPR-Based Genome Editing","Base editing","38093011"
"NM_001002295.2(GATA3):c.261G>A (p.Pro87=)","chr10","8058324","G/A","GATA3","-0.988","dataset0634","Synonymous","The diminished CD25 cell surface activation marker expression in CD4⁺ T cell","CD25 cell surface activation marker expression","3","Loss-of-function","","4.33858e-06","NA","CRISPR-Based Genome Editing","Base editing","38093011"
"NM_001002295.2(GATA3):c.262C>T (p.Pro88Ser)","chr10","8058325","C/T","GATA3","-0.311","dataset0634","Missense","The diminished CD25 cell surface activation marker expression in CD4⁺ T cell","CD25 cell surface activation marker expression","4","Loss-of-function","","","NA","CRISPR-Based Genome Editing","Base editing","38093011"
"NM_001002295.2(GATA3):c.263C>T (p.Pro88Leu)","chr10","8058326","C/T","GATA3","-0.311","dataset0634","Missense","The diminished CD25 cell surface activation marker expression in CD4⁺ T cell","CD25 cell surface activation marker expression","4","Loss-of-function","","","NA","CRISPR-Based Genome Editing","Base editing","38093011"
"NM_001002295.2(GATA3):c.264T>C (p.Pro88=)","chr10","8058327","T/C","GATA3","0.035","dataset0634","Synonymous","Neutral to the CD25 cell surface activation marker expression in CD4⁺ T cell","CD25 cell surface activation marker expression","4","Functionally normal","","1.7974e-05","NA","CRISPR-Based Genome Editing","Base editing","38093011"
"NM_001002295.2(GATA3):c.265C>T (p.Leu89=)","chr10","8058328","C/T","GATA3","-0.311","dataset0634","Synonymous","The diminished CD25 cell surface activation marker expression in CD4⁺ T cell","CD25 cell surface activation marker expression","4","Loss-of-function","","","NA","CRISPR-Based Genome Editing","Base editing","38093011"
"NM_001002295.2(GATA3):c.266T>C (p.Leu89Pro)","chr10","8058329","T/C","GATA3","0.035","dataset0634","Missense","Neutral to the CD25 cell surface activation marker expression in CD4⁺ T cell","CD25 cell surface activation marker expression","4","Functionally normal","","","NA","CRISPR-Based Genome Editing","Base editing","38093011"
"NM_001002295.2(GATA3):c.267G>A (p.Leu89=)","chr10","8058330","G/A","GATA3","0.469","dataset0634","Synonymous","The enhanced CD25 cell surface activation marker expression in CD4⁺ T cell","CD25 cell surface activation marker expression","4","Gain-of-function","","6.19791e-07","NA","CRISPR-Based Genome Editing","Base editing","38093011"
"NM_001002295.2(GATA3):c.268C>T (p.Leu90Phe)","chr10","8058331","C/T","GATA3","-0.106","dataset0634","Missense","Neutral to the CD25 cell surface activation marker expression in CD4⁺ T cell","CD25 cell surface activation marker expression","4","Functionally normal","","6.19752e-07","NA","CRISPR-Based Genome Editing","Base editing","38093011"
"NM_001002295.2(GATA3):c.270T>C (p.Leu90=)","chr10","8058333","T/C","GATA3","-0.024","dataset0634","Synonymous","Neutral to the CD25 cell surface activation marker expression in CD4⁺ T cell","CD25 cell surface activation marker expression","4","Functionally normal","","","NA","CRISPR-Based Genome Editing","Base editing","38093011"
"NM_001002295.2(GATA3):c.271C>T (p.His91Tyr)","chr10","8058334","C/T","GATA3","0.208","dataset0634","Missense","Neutral to the CD25 cell surface activation marker expression in CD4⁺ T cell","CD25 cell surface activation marker expression","4","Functionally normal","","","NA","CRISPR-Based Genome Editing","Base editing","38093011"
"NM_001002295.2(GATA3):c.272A>G (p.His91Arg)","chr10","8058335","A/G","GATA3","-0.085","dataset0634","Missense","Neutral to the CD25 cell surface activation marker expression in CD4⁺ T cell","CD25 cell surface activation marker expression","4","Functionally normal","","","NA","CRISPR-Based Genome Editing","Base editing","38093011"
"NM_001002295.2(GATA3):c.273T>C (p.His91=)","chr10","8058336","T/C","GATA3","0.105","dataset0634","Synonymous","Neutral to the CD25 cell surface activation marker expression in CD4⁺ T cell","CD25 cell surface activation marker expression","4","Functionally normal","","","NA","CRISPR-Based Genome Editing","Base editing","38093011"
"NM_001002295.2(GATA3):c.274G>A (p.Gly92Arg)","chr10","8058337","G/A","GATA3","-0.584","dataset0634","Missense","The diminished CD25 cell surface activation marker expression in CD4⁺ T cell","CD25 cell surface activation marker expression","4","Loss-of-function","","1.85954e-06","NA","CRISPR-Based Genome Editing","Base editing","38093011"
"NM_001002295.2(GATA3):c.275G>A (p.Gly92Glu)","chr10","8058338","G/A","GATA3","-0.584","dataset0634","Missense","The diminished CD25 cell surface activation marker expression in CD4⁺ T cell","CD25 cell surface activation marker expression","4","Loss-of-function","","","NA","CRISPR-Based Genome Editing","Base editing","38093011"
"NM_001002295.2(GATA3):c.276A>G (p.Gly92=)","chr10","8058339","A/G","GATA3","0.113","dataset0634","Synonymous","Neutral to the CD25 cell surface activation marker expression in CD4⁺ T cell","CD25 cell surface activation marker expression","4","Functionally normal","","","NA","CRISPR-Based Genome Editing","Base editing","38093011"
"NM_001002295.2(GATA3):c.277T>C (p.Ser93Pro)","chr10","8058340","T/C","GATA3","0.07","dataset0634","Missense","Neutral to the CD25 cell surface activation marker expression in CD4⁺ T cell","CD25 cell surface activation marker expression","4","Functionally normal","","","NA","CRISPR-Based Genome Editing","Base editing","38093011"
"NM_001002295.2(GATA3):c.278C>T (p.Ser93Phe)","chr10","8058341","C/T","GATA3","-0.355","dataset0634","Missense","The diminished CD25 cell surface activation marker expression in CD4⁺ T cell","CD25 cell surface activation marker expression","4","Loss-of-function","","","NA","CRISPR-Based Genome Editing","Base editing","38093011"
"NM_001002295.2(GATA3):c.281T>C (p.Leu94Pro)","chr10","8058344","T/C","GATA3","-0.192","dataset0634","Missense","Neutral to the CD25 cell surface activation marker expression in CD4⁺ T cell","CD25 cell surface activation marker expression","4","Functionally normal","","","NA","CRISPR-Based Genome Editing","Base editing","38093011"
"NM_001002295.2(GATA3):c.282A>G (p.Leu94=)","chr10","8058345","A/G","GATA3","0.043","dataset0634","Synonymous","Neutral to the CD25 cell surface activation marker expression in CD4⁺ T cell","CD25 cell surface activation marker expression","4","Functionally normal","","","NA","CRISPR-Based Genome Editing","Base editing","38093011"
"NM_001002295.2(GATA3):c.288G>A (p.Trp96Ter)","chr10","8058351","G/A","GATA3","-0.251","dataset0634","Nonsense","The diminished CD25 cell surface activation marker expression in CD4⁺ T cell","CD25 cell surface activation marker expression","4","Loss-of-function","","","NA","CRISPR-Based Genome Editing","Base editing","38093011"
"NM_001002295.2(GATA3):c.289C>T (p.Leu97=)","chr10","8058352","C/T","GATA3","-0.279","dataset0634","Synonymous","The diminished CD25 cell surface activation marker expression in CD4⁺ T cell","CD25 cell surface activation marker expression","4","Loss-of-function","","","NA","CRISPR-Based Genome Editing","Base editing","38093011"
"NM_001002295.2(GATA3):c.291G>A (p.Leu97=)","chr10","8058354","G/A","GATA3","-0.036","dataset0634","Synonymous","Neutral to the CD25 cell surface activation marker expression in CD4⁺ T cell","CD25 cell surface activation marker expression","4","Functionally normal","","","NA","CRISPR-Based Genome Editing","Base editing","38093011"
"NM_001002295.2(GATA3):c.292G>A (p.Asp98Asn)","chr10","8058355","G/A","GATA3","-0.036","dataset0634","Missense","Neutral to the CD25 cell surface activation marker expression in CD4⁺ T cell","CD25 cell surface activation marker expression","4","Functionally normal","","","NA","CRISPR-Based Genome Editing","Base editing","38093011"
"NM_001002295.2(GATA3):c.293A>G (p.Asp98Gly)","chr10","8058356","A/G","GATA3","0.067","dataset0634","Missense","Neutral to the CD25 cell surface activation marker expression in CD4⁺ T cell","CD25 cell surface activation marker expression","4","Functionally normal","","1.23984e-06","NA","CRISPR-Based Genome Editing","Base editing","38093011"
"NM_001002295.2(GATA3):c.294C>T (p.Asp98=)","chr10","8058357","C/T","GATA3","0.179","dataset0634","Synonymous","Neutral to the CD25 cell surface activation marker expression in CD4⁺ T cell","CD25 cell surface activation marker expression","4","Functionally normal","Likely benign","7.43891e-05","NA","CRISPR-Based Genome Editing","Base editing","38093011"
"NM_001002295.2(GATA3):c.295G>A (p.Gly99Ser)","chr10","8058358","G/A","GATA3","-0.233","dataset0634","Missense","Neutral to the CD25 cell surface activation marker expression in CD4⁺ T cell","CD25 cell surface activation marker expression","4","Functionally normal","Uncertain significance","8.67875e-06","NA","CRISPR-Based Genome Editing","Base editing","38093011"
"NM_001002295.2(GATA3):c.296G>A (p.Gly99Asp)","chr10","8058359","G/A","GATA3","-0.233","dataset0634","Missense","Neutral to the CD25 cell surface activation marker expression in CD4⁺ T cell","CD25 cell surface activation marker expression","4","Functionally normal","","","NA","CRISPR-Based Genome Editing","Base editing","38093011"
"NM_001002295.2(GATA3):c.297C>T (p.Gly99=)","chr10","8058360","C/T","GATA3","0.179","dataset0634","Synonymous","Neutral to the CD25 cell surface activation marker expression in CD4⁺ T cell","CD25 cell surface activation marker expression","4","Functionally normal","","1.054e-05","NA","CRISPR-Based Genome Editing","Base editing","38093011"
"NM_001002295.2(GATA3):c.298G>A (p.Gly100Ser)","chr10","8058361","G/A","GATA3","-0.233","dataset0634","Missense","Neutral to the CD25 cell surface activation marker expression in CD4⁺ T cell","CD25 cell surface activation marker expression","4","Functionally normal","","4.96003e-06","NA","CRISPR-Based Genome Editing","Base editing","38093011"
"NM_001002295.2(GATA3):c.299G>A (p.Gly100Asp)","chr10","8058362","G/A","GATA3","-0.233","dataset0634","Missense","Neutral to the CD25 cell surface activation marker expression in CD4⁺ T cell","CD25 cell surface activation marker expression","4","Functionally normal","","","ucec:0.2% (1/529):0.180","CRISPR-Based Genome Editing","Base editing","38093011"
"NM_001002295.2(GATA3):c.300C>T (p.Gly100=)","chr10","8058363","C/T","GATA3","0.179","dataset0634","Synonymous","Neutral to the CD25 cell surface activation marker expression in CD4⁺ T cell","CD25 cell surface activation marker expression","4","Functionally normal","","","NA","CRISPR-Based Genome Editing","Base editing","38093011"
"NM_001002295.2(GATA3):c.315C>T (p.Ser105=)","chr10","8058378","C/T","GATA3","0.005","dataset0634","Synonymous","Neutral to the CD25 cell surface activation marker expression in CD4⁺ T cell","CD25 cell surface activation marker expression","4","Functionally normal","","","NA","CRISPR-Based Genome Editing","Base editing","38093011"
"NM_001002295.2(GATA3):c.316C>T (p.His106Tyr)","chr10","8058379","C/T","GATA3","0.005","dataset0634","Missense","Neutral to the CD25 cell surface activation marker expression in CD4⁺ T cell","CD25 cell surface activation marker expression","4","Functionally normal","","6.20003e-07","NA","CRISPR-Based Genome Editing","Base editing","38093011"
"NM_001002295.2(GATA3):c.317A>G (p.His106Arg)","chr10","8058380","A/G","GATA3","-0.026","dataset0634","Missense","Neutral to the CD25 cell surface activation marker expression in CD4⁺ T cell","CD25 cell surface activation marker expression","4","Functionally normal","","","NA","CRISPR-Based Genome Editing","Base editing","38093011"
"NM_001002295.2(GATA3):c.318C>T (p.His106=)","chr10","8058381","C/T","GATA3","0.005","dataset0634","Synonymous","Neutral to the CD25 cell surface activation marker expression in CD4⁺ T cell","CD25 cell surface activation marker expression","4","Functionally normal","","6.2001e-07","NA","CRISPR-Based Genome Editing","Base editing","38093011"
"NM_001002295.2(GATA3):c.319C>T (p.His107Tyr)","chr10","8058382","C/T","GATA3","0.005","dataset0634","Missense","Neutral to the CD25 cell surface activation marker expression in CD4⁺ T cell","CD25 cell surface activation marker expression","4","Functionally normal","","","NA","CRISPR-Based Genome Editing","Base editing","38093011"
"NM_001002295.2(GATA3):c.320A>G (p.His107Arg)","chr10","8058383","A/G","GATA3","-0.026","dataset0634","Missense","Neutral to the CD25 cell surface activation marker expression in CD4⁺ T cell","CD25 cell surface activation marker expression","4","Functionally normal","","6.20144e-07","NA","CRISPR-Based Genome Editing","Base editing","38093011"
"NM_001002295.2(GATA3):c.321C>T (p.His107=)","chr10","8058384","C/T","GATA3","0.005","dataset0634","Synonymous","Neutral to the CD25 cell surface activation marker expression in CD4⁺ T cell","CD25 cell surface activation marker expression","4","Functionally normal","","5.58014e-06","NA","CRISPR-Based Genome Editing","Base editing","38093011"
"NM_001002295.2(GATA3):c.323C>T (p.Thr108Ile)","chr10","8058386","C/T","GATA3","0.005","dataset0634","Missense","Neutral to the CD25 cell surface activation marker expression in CD4⁺ T cell","CD25 cell surface activation marker expression","4","Functionally normal","","","NA","CRISPR-Based Genome Editing","Base editing","38093011"
"NM_001002295.2(GATA3):c.324C>T (p.Thr108=)","chr10","8058387","C/T","GATA3","0.005","dataset0634","Synonymous","Neutral to the CD25 cell surface activation marker expression in CD4⁺ T cell","CD25 cell surface activation marker expression","4","Functionally normal","Likely benign","3.16216e-05","NA","CRISPR-Based Genome Editing","Base editing","38093011"
"NM_001002295.2(GATA3):c.325G>A (p.Ala109Thr)","chr10","8058388","G/A","GATA3","-0.259","dataset0634","Missense","The diminished CD25 cell surface activation marker expression in CD4⁺ T cell","CD25 cell surface activation marker expression","4","Loss-of-function","","2.48042e-06","stad:0.2% (1/440):0.180","CRISPR-Based Genome Editing","Base editing","38093011"
"NM_001002295.2(GATA3):c.326C>T (p.Ala109Val)","chr10","8058389","C/T","GATA3","0.005","dataset0634","Missense","Neutral to the CD25 cell surface activation marker expression in CD4⁺ T cell","CD25 cell surface activation marker expression","4","Functionally normal","","6.20058e-07","NA","CRISPR-Based Genome Editing","Base editing","38093011"
"NM_001002295.2(GATA3):c.334T>C (p.Trp112Arg)","chr10","8058397","T/C","GATA3","-0.147","dataset0634","Missense","Neutral to the CD25 cell surface activation marker expression in CD4⁺ T cell","CD25 cell surface activation marker expression","4","Functionally normal","","","NA","CRISPR-Based Genome Editing","Base editing","38093011"
"NM_001002295.2(GATA3):c.335G>A (p.Trp112Ter)","chr10","8058398","G/A","GATA3","-0.747","dataset0634","Nonsense","The diminished CD25 cell surface activation marker expression in CD4⁺ T cell","CD25 cell surface activation marker expression","4","Loss-of-function","","","skcm:0.2% (1/448):0.360","CRISPR-Based Genome Editing","Base editing","38093011"
"NM_001002295.2(GATA3):c.336G>A (p.Trp112Ter)","chr10","8058399","G/A","GATA3","0.284","dataset0634","Nonsense","Neutral to the CD25 cell surface activation marker expression in CD4⁺ T cell","CD25 cell surface activation marker expression","4","Functionally normal","","","NA","CRISPR-Based Genome Editing","Base editing","38093011"
"NM_001002295.2(GATA3):c.339T>C (p.Asn113=)","chr10","8058402","T/C","GATA3","0.195","dataset0634","Synonymous","Neutral to the CD25 cell surface activation marker expression in CD4⁺ T cell","CD25 cell surface activation marker expression","4","Functionally normal","Likely benign","1.24004e-06","NA","CRISPR-Based Genome Editing","Base editing","38093011"
"NM_001002295.2(GATA3):c.341T>C (p.Leu114Pro)","chr10","8058404","T/C","GATA3","0.052","dataset0634","Missense","Neutral to the CD25 cell surface activation marker expression in CD4⁺ T cell","CD25 cell surface activation marker expression","4","Functionally normal","","","NA","CRISPR-Based Genome Editing","Base editing","38093011"
"NM_001002295.2(GATA3):c.344G>A (p.Ser115Asn)","chr10","8058407","G/A","GATA3","-0.372","dataset0634","Missense","The diminished CD25 cell surface activation marker expression in CD4⁺ T cell","CD25 cell surface activation marker expression","4","Loss-of-function","","6.20037e-07","NA","CRISPR-Based Genome Editing","Base editing","38093011"
"NM_001002295.2(GATA3):c.349T>C (p.Phe117Leu)","chr10","8058412","T/C","GATA3","-0.171","dataset0634","Missense","Neutral to the CD25 cell surface activation marker expression in CD4⁺ T cell","CD25 cell surface activation marker expression","4","Functionally normal","","","NA","CRISPR-Based Genome Editing","Base editing","38093011"
"NM_001002295.2(GATA3):c.350T>C (p.Phe117Ser)","chr10","8058413","T/C","GATA3","0.173","dataset0634","Missense","Neutral to the CD25 cell surface activation marker expression in CD4⁺ T cell","CD25 cell surface activation marker expression","4","Functionally normal","","","NA","CRISPR-Based Genome Editing","Base editing","38093011"
"NM_001002295.2(GATA3):c.352T>C (p.Ser118Pro)","chr10","8058415","T/C","GATA3","0.019","dataset0634","Missense","Neutral to the CD25 cell surface activation marker expression in CD4⁺ T cell","CD25 cell surface activation marker expression","4","Functionally normal","","","NA","CRISPR-Based Genome Editing","Base editing","38093011"
"NM_001002295.2(GATA3):c.353C>T (p.Ser118Phe)","chr10","8058416","C/T","GATA3","-0.149","dataset0634","Missense","Neutral to the CD25 cell surface activation marker expression in CD4⁺ T cell","CD25 cell surface activation marker expression","4","Functionally normal","","","lusc:0.2% (1/487):0.170","CRISPR-Based Genome Editing","Base editing","38093011"
"NM_001002295.2(GATA3):c.354C>T (p.Ser118=)","chr10","8058417","C/T","GATA3","-0.149","dataset0634","Synonymous","Neutral to the CD25 cell surface activation marker expression in CD4⁺ T cell","CD25 cell surface activation marker expression","4","Functionally normal","","","NA","CRISPR-Based Genome Editing","Base editing","38093011"
"NM_001002295.2(GATA3):c.355A>G (p.Lys119Glu)","chr10","8058418","A/G","GATA3","0.331","dataset0634","Missense","The enhanced CD25 cell surface activation marker expression in CD4⁺ T cell","CD25 cell surface activation marker expression","4","Gain-of-function","","","NA","CRISPR-Based Genome Editing","Base editing","38093011"
"NM_001002295.2(GATA3):c.356A>G (p.Lys119Arg)","chr10","8058419","A/G","GATA3","0.331","dataset0634","Missense","The enhanced CD25 cell surface activation marker expression in CD4⁺ T cell","CD25 cell surface activation marker expression","4","Gain-of-function","","","NA","CRISPR-Based Genome Editing","Base editing","38093011"
"NM_001002295.2(GATA3):c.357G>A (p.Lys119=)","chr10","8058420","G/A","GATA3","-0.004","dataset0634","Synonymous","Neutral to the CD25 cell surface activation marker expression in CD4⁺ T cell","CD25 cell surface activation marker expression","4","Functionally normal","","","NA","CRISPR-Based Genome Editing","Base editing","38093011"
"NM_001002295.2(GATA3):c.358A>G (p.Thr120Ala)","chr10","8058421","A/G","GATA3","0.331","dataset0634","Missense","The enhanced CD25 cell surface activation marker expression in CD4⁺ T cell","CD25 cell surface activation marker expression","4","Gain-of-function","","","NA","CRISPR-Based Genome Editing","Base editing","38093011"
"NM_001002295.2(GATA3):c.359C>T (p.Thr120Met)","chr10","8058422","C/T","GATA3","-0.149","dataset0634","Missense","Neutral to the CD25 cell surface activation marker expression in CD4⁺ T cell","CD25 cell surface activation marker expression","4","Functionally normal","Conflicting classifications of pathogenicity","4.15369e-05","NA","CRISPR-Based Genome Editing","Base editing","38093011"
"NM_001002295.2(GATA3):c.360G>A (p.Thr120=)","chr10","8058423","G/A","GATA3","-0.004","dataset0634","Synonymous","Neutral to the CD25 cell surface activation marker expression in CD4⁺ T cell","CD25 cell surface activation marker expression","4","Functionally normal","","6.20022e-07","NA","CRISPR-Based Genome Editing","Base editing","38093011"
"NM_001002295.2(GATA3):c.361T>C (p.Ser121Pro)","chr10","8058424","T/C","GATA3","0.0","dataset0634","Missense","Neutral to the CD25 cell surface activation marker expression in CD4⁺ T cell","CD25 cell surface activation marker expression","4","Functionally normal","","","NA","CRISPR-Based Genome Editing","Base editing","38093011"
"NM_001002295.2(GATA3):c.362C>T (p.Ser121Phe)","chr10","8058425","C/T","GATA3","-0.351","dataset0634","Missense","The diminished CD25 cell surface activation marker expression in CD4⁺ T cell","CD25 cell surface activation marker expression","4","Loss-of-function","","","NA","CRISPR-Based Genome Editing","Base editing","38093011"
"NM_001002295.2(GATA3):c.363C>T (p.Ser121=)","chr10","8058426","C/T","GATA3","-0.351","dataset0634","Synonymous","The diminished CD25 cell surface activation marker expression in CD4⁺ T cell","CD25 cell surface activation marker expression","4","Loss-of-function","","","NA","CRISPR-Based Genome Editing","Base editing","38093011"
"NM_001002295.2(GATA3):c.364A>G (p.Ile122Val)","chr10","8058427","A/G","GATA3","0.067","dataset0634","Missense","Neutral to the CD25 cell surface activation marker expression in CD4⁺ T cell","CD25 cell surface activation marker expression","4","Functionally normal","","","NA","CRISPR-Based Genome Editing","Base editing","38093011"
"NM_001002295.2(GATA3):c.365T>C (p.Ile122Thr)","chr10","8058428","T/C","GATA3","0.163","dataset0634","Missense","Neutral to the CD25 cell surface activation marker expression in CD4⁺ T cell","CD25 cell surface activation marker expression","4","Functionally normal","Uncertain significance","6.82077e-06","NA","CRISPR-Based Genome Editing","Base editing","38093011"
"NM_001002295.2(GATA3):c.368A>G (p.His123Arg)","chr10","8058431","A/G","GATA3","-0.032","dataset0634","Missense","Neutral to the CD25 cell surface activation marker expression in CD4⁺ T cell","CD25 cell surface activation marker expression","4","Functionally normal","","","ucec:0.2% (1/529):0.310","CRISPR-Based Genome Editing","Base editing","38093011"
"NM_001002295.2(GATA3):c.373G>A (p.Gly125Ser)","chr10","8058436","G/A","GATA3","-0.216","dataset0634","Missense","Neutral to the CD25 cell surface activation marker expression in CD4⁺ T cell","CD25 cell surface activation marker expression","4","Functionally normal","Uncertain significance","1.55008e-05","NA","CRISPR-Based Genome Editing","Base editing","38093011"
"NM_001002295.2(GATA3):c.374G>A (p.Gly125Asp)","chr10","8058437","G/A","GATA3","-0.216","dataset0634","Missense","Neutral to the CD25 cell surface activation marker expression in CD4⁺ T cell","CD25 cell surface activation marker expression","4","Functionally normal","","","NA","CRISPR-Based Genome Editing","Base editing","38093011"
"NM_001002295.2(GATA3):c.381G>A (p.Pro127=)","chr10","8058444","G/A","GATA3","-0.216","dataset0634","Synonymous","Neutral to the CD25 cell surface activation marker expression in CD4⁺ T cell","CD25 cell surface activation marker expression","4","Functionally normal","","6.20102e-07","NA","CRISPR-Based Genome Editing","Base editing","38093011"
"NM_001002295.2(GATA3):c.382G>A (p.Gly128Arg)","chr10","8058445","G/A","GATA3","-0.216","dataset0634","Missense","Neutral to the CD25 cell surface activation marker expression in CD4⁺ T cell","CD25 cell surface activation marker expression","4","Functionally normal","","6.20043e-07","stad:0.2% (1/440):0.130","CRISPR-Based Genome Editing","Base editing","38093011"
"NM_001002295.2(GATA3):c.383G>A (p.Gly128Glu)","chr10","8058446","G/A","GATA3","-0.216","dataset0634","Missense","Neutral to the CD25 cell surface activation marker expression in CD4⁺ T cell","CD25 cell surface activation marker expression","4","Functionally normal","Uncertain significance","6.20024e-07","skcm:0.2% (1/448):0.140","CRISPR-Based Genome Editing","Base editing","38093011"
"NM_001002295.2(GATA3):c.384G>A (p.Gly128=)","chr10","8058447","G/A","GATA3","-0.216","dataset0634","Synonymous","Neutral to the CD25 cell surface activation marker expression in CD4⁺ T cell","CD25 cell surface activation marker expression","4","Functionally normal","","6.20054e-07","NA","CRISPR-Based Genome Editing","Base editing","38093011"
"NM_001002295.2(GATA3):c.385C>T (p.Pro129Ser)","chr10","8058448","C/T","GATA3","-0.081","dataset0634","Missense","Neutral to the CD25 cell surface activation marker expression in CD4⁺ T cell","CD25 cell surface activation marker expression","4","Functionally normal","","1.86005e-06","NA","CRISPR-Based Genome Editing","Base editing","38093011"
"NM_001002295.2(GATA3):c.386C>T (p.Pro129Leu)","chr10","8058449","C/T","GATA3","-0.081","dataset0634","Missense","Neutral to the CD25 cell surface activation marker expression in CD4⁺ T cell","CD25 cell surface activation marker expression","4","Functionally normal","","3.09994e-06","NA","CRISPR-Based Genome Editing","Base editing","38093011"
"NM_001002295.2(GATA3):c.387C>T (p.Pro129=)","chr10","8058450","C/T","GATA3","-0.081","dataset0634","Synonymous","Neutral to the CD25 cell surface activation marker expression in CD4⁺ T cell","CD25 cell surface activation marker expression","4","Functionally normal","","","NA","CRISPR-Based Genome Editing","Base editing","38093011"
"NM_001002295.2(GATA3):c.388C>T (p.Leu130Phe)","chr10","8058451","C/T","GATA3","-0.081","dataset0634","Missense","Neutral to the CD25 cell surface activation marker expression in CD4⁺ T cell","CD25 cell surface activation marker expression","4","Functionally normal","","1.23998e-06","NA","CRISPR-Based Genome Editing","Base editing","38093011"
"NM_001002295.2(GATA3):c.389T>C (p.Leu130Pro)","chr10","8058452","T/C","GATA3","0.162","dataset0634","Missense","Neutral to the CD25 cell surface activation marker expression in CD4⁺ T cell","CD25 cell surface activation marker expression","4","Functionally normal","","","NA","CRISPR-Based Genome Editing","Base editing","38093011"
"NM_001002295.2(GATA3):c.390C>T (p.Leu130=)","chr10","8058453","C/T","GATA3","-0.081","dataset0634","Synonymous","Neutral to the CD25 cell surface activation marker expression in CD4⁺ T cell","CD25 cell surface activation marker expression","4","Functionally normal","","6.19988e-07","NA","CRISPR-Based Genome Editing","Base editing","38093011"
"NM_001002295.2(GATA3):c.392C>T (p.Ser131Phe)","chr10","8058455","C/T","GATA3","-0.081","dataset0634","Missense","Neutral to the CD25 cell surface activation marker expression in CD4⁺ T cell","CD25 cell surface activation marker expression","4","Functionally normal","","","NA","CRISPR-Based Genome Editing","Base editing","38093011"
"NM_001002295.2(GATA3):c.393C>T (p.Ser131=)","chr10","8058456","C/T","GATA3","-0.081","dataset0634","Synonymous","Neutral to the CD25 cell surface activation marker expression in CD4⁺ T cell","CD25 cell surface activation marker expression","4","Functionally normal","","1.24002e-06","NA","CRISPR-Based Genome Editing","Base editing","38093011"
"NM_001002295.2(GATA3):c.394G>A (p.Val132Ile)","chr10","8058457","G/A","GATA3","-0.227","dataset0634","Missense","Neutral to the CD25 cell surface activation marker expression in CD4⁺ T cell","CD25 cell surface activation marker expression","4","Functionally normal","","1.86028e-06","NA","CRISPR-Based Genome Editing","Base editing","38093011"
"NM_001002295.2(GATA3):c.395T>C (p.Val132Ala)","chr10","8058458","T/C","GATA3","-0.113","dataset0634","Missense","Neutral to the CD25 cell surface activation marker expression in CD4⁺ T cell","CD25 cell surface activation marker expression","4","Functionally normal","","","NA","CRISPR-Based Genome Editing","Base editing","38093011"
"NM_001002295.2(GATA3):c.396C>T (p.Val132=)","chr10","8058459","C/T","GATA3","-0.081","dataset0634","Synonymous","Neutral to the CD25 cell surface activation marker expression in CD4⁺ T cell","CD25 cell surface activation marker expression","4","Functionally normal","","","NA","CRISPR-Based Genome Editing","Base editing","38093011"
"NM_001002295.2(GATA3):c.397T>C (p.Tyr133His)","chr10","8058460","T/C","GATA3","-0.113","dataset0634","Missense","Neutral to the CD25 cell surface activation marker expression in CD4⁺ T cell","CD25 cell surface activation marker expression","4","Functionally normal","","0","NA","CRISPR-Based Genome Editing","Base editing","38093011"
"NM_001002295.2(GATA3):c.405G>A (p.Pro135=)","chr10","8058468","G/A","GATA3","0.081","dataset0634","Synonymous","Neutral to the CD25 cell surface activation marker expression in CD4⁺ T cell","CD25 cell surface activation marker expression","4","Functionally normal","","3.10071e-06","NA","CRISPR-Based Genome Editing","Base editing","38093011"
"NM_001002295.2(GATA3):c.406G>A (p.Ala136Thr)","chr10","8058469","G/A","GATA3","0.081","dataset0634","Missense","Neutral to the CD25 cell surface activation marker expression in CD4⁺ T cell","CD25 cell surface activation marker expression","4","Functionally normal","","","NA","CRISPR-Based Genome Editing","Base editing","38093011"
"NM_001002295.2(GATA3):c.407C>T (p.Ala136Val)","chr10","8058470","C/T","GATA3","0.116","dataset0634","Missense","Neutral to the CD25 cell surface activation marker expression in CD4⁺ T cell","CD25 cell surface activation marker expression","4","Functionally normal","","","NA","CRISPR-Based Genome Editing","Base editing","38093011"
"NM_001002295.2(GATA3):c.408C>T (p.Ala136=)","chr10","8058471","C/T","GATA3","0.052","dataset0634","Synonymous","Neutral to the CD25 cell surface activation marker expression in CD4⁺ T cell","CD25 cell surface activation marker expression","4","Functionally normal","","1.9842e-05","NA","CRISPR-Based Genome Editing","Base editing","38093011"
"NM_001002295.2(GATA3):c.409T>C (p.Ser137Pro)","chr10","8058472","T/C","GATA3","-0.064","dataset0634","Missense","Neutral to the CD25 cell surface activation marker expression in CD4⁺ T cell","CD25 cell surface activation marker expression","4","Functionally normal","","","NA","CRISPR-Based Genome Editing","Base editing","38093011"
"NM_001002295.2(GATA3):c.410C>T (p.Ser137Leu)","chr10","8058473","C/T","GATA3","-0.579","dataset0634","Missense","The diminished CD25 cell surface activation marker expression in CD4⁺ T cell","CD25 cell surface activation marker expression","4","Loss-of-function","","6.201e-07","NA","CRISPR-Based Genome Editing","Base editing","38093011"
"NM_001002295.2(GATA3):c.411G>A (p.Ser137=)","chr10","8058474","G/A","GATA3","-0.135","dataset0634","Synonymous","Neutral to the CD25 cell surface activation marker expression in CD4⁺ T cell","CD25 cell surface activation marker expression","4","Functionally normal","Likely benign","1.17832e-05","NA","CRISPR-Based Genome Editing","Base editing","38093011"
"NM_001002295.2(GATA3):c.412T>C (p.Ser138Pro)","chr10","8058475","T/C","GATA3","-0.064","dataset0634","Missense","Neutral to the CD25 cell surface activation marker expression in CD4⁺ T cell","CD25 cell surface activation marker expression","4","Functionally normal","","","NA","CRISPR-Based Genome Editing","Base editing","38093011"
"NM_001002295.2(GATA3):c.413C>T (p.Ser138Phe)","chr10","8058476","C/T","GATA3","-0.579","dataset0634","Missense","The diminished CD25 cell surface activation marker expression in CD4⁺ T cell","CD25 cell surface activation marker expression","4","Loss-of-function","","","blca:0.2% (1/411):0.230","CRISPR-Based Genome Editing","Base editing","38093011"
"NM_001002295.2(GATA3):c.414C>T (p.Ser138=)","chr10","8058477","C/T","GATA3","-0.579","dataset0634","Synonymous","The diminished CD25 cell surface activation marker expression in CD4⁺ T cell","CD25 cell surface activation marker expression","4","Loss-of-function","","1.24014e-06","NA","CRISPR-Based Genome Editing","Base editing","38093011"
"NM_001002295.2(GATA3):c.415T>C (p.Ser139Pro)","chr10","8058478","T/C","GATA3","-0.184","dataset0634","Missense","Neutral to the CD25 cell surface activation marker expression in CD4⁺ T cell","CD25 cell surface activation marker expression","4","Functionally normal","","","NA","CRISPR-Based Genome Editing","Base editing","38093011"
"NM_001002295.2(GATA3):c.416C>T (p.Ser139Phe)","chr10","8058479","C/T","GATA3","-0.579","dataset0634","Missense","The diminished CD25 cell surface activation marker expression in CD4⁺ T cell","CD25 cell surface activation marker expression","4","Loss-of-function","","","NA","CRISPR-Based Genome Editing","Base editing","38093011"
"NM_001002295.2(GATA3):c.417C>T (p.Ser139=)","chr10","8058480","C/T","GATA3","-0.579","dataset0634","Synonymous","The diminished CD25 cell surface activation marker expression in CD4⁺ T cell","CD25 cell surface activation marker expression","4","Loss-of-function","","","NA","CRISPR-Based Genome Editing","Base editing","38093011"
"NM_001002295.2(GATA3):c.418T>C (p.Ser140Pro)","chr10","8058481","T/C","GATA3","0.118","dataset0634","Missense","Neutral to the CD25 cell surface activation marker expression in CD4⁺ T cell","CD25 cell surface activation marker expression","4","Functionally normal","","","NA","CRISPR-Based Genome Editing","Base editing","38093011"
"NM_001002295.2(GATA3):c.419C>T (p.Ser140Phe)","chr10","8058482","C/T","GATA3","0.128","dataset0634","Missense","Neutral to the CD25 cell surface activation marker expression in CD4⁺ T cell","CD25 cell surface activation marker expression","3","Functionally normal","","1.24021e-06","skcm:0.2% (1/448):0.250","CRISPR-Based Genome Editing","Base editing","38093011"
"NM_001002295.2(GATA3):c.422T>C (p.Leu141Ser)","chr10","8058485","T/C","GATA3","0.028","dataset0634","Missense","Neutral to the CD25 cell surface activation marker expression in CD4⁺ T cell","CD25 cell surface activation marker expression","4","Functionally normal","","","NA","CRISPR-Based Genome Editing","Base editing","38093011"
"NM_001002295.2(GATA3):c.423G>A (p.Leu141=)","chr10","8058486","G/A","GATA3","-0.035","dataset0634","Synonymous","Neutral to the CD25 cell surface activation marker expression in CD4⁺ T cell","CD25 cell surface activation marker expression","4","Functionally normal","","","NA","CRISPR-Based Genome Editing","Base editing","38093011"
"NM_001002295.2(GATA3):c.424T>C (p.Ser142Pro)","chr10","8058487","T/C","GATA3","-0.025","dataset0634","Missense","Neutral to the CD25 cell surface activation marker expression in CD4⁺ T cell","CD25 cell surface activation marker expression","4","Functionally normal","","","NA","CRISPR-Based Genome Editing","Base editing","38093011"
"NM_001002295.2(GATA3):c.426G>A (p.Ser142=)","chr10","8058489","G/A","GATA3","-0.12","dataset0634","Synonymous","Neutral to the CD25 cell surface activation marker expression in CD4⁺ T cell","CD25 cell surface activation marker expression","4","Functionally normal","","4.03244e-05","NA","CRISPR-Based Genome Editing","Base editing","38093011"
"NM_001002295.2(GATA3):c.427G>A (p.Gly143Arg)","chr10","8058490","G/A","GATA3","-0.12","dataset0634","Missense","Neutral to the CD25 cell surface activation marker expression in CD4⁺ T cell","CD25 cell surface activation marker expression","4","Functionally normal","","6.2022e-07","NA","CRISPR-Based Genome Editing","Base editing","38093011"
"NM_001002295.2(GATA3):c.428G>A (p.Gly143Glu)","chr10","8058491","G/A","GATA3","-0.12","dataset0634","Missense","Neutral to the CD25 cell surface activation marker expression in CD4⁺ T cell","CD25 cell surface activation marker expression","4","Functionally normal","","1.24045e-06","NA","CRISPR-Based Genome Editing","Base editing","38093011"
"NM_001002295.2(GATA3):c.429G>A (p.Gly143=)","chr10","8058492","G/A","GATA3","0.652","dataset0634","Synonymous","The enhanced CD25 cell surface activation marker expression in CD4⁺ T cell","CD25 cell surface activation marker expression","4","Gain-of-function","","","NA","CRISPR-Based Genome Editing","Base editing","38093011"
"NM_001002295.2(GATA3):c.430G>A (p.Gly144Ser)","chr10","8058493","G/A","GATA3","-0.713","dataset0634","Missense","The diminished CD25 cell surface activation marker expression in CD4⁺ T cell","CD25 cell surface activation marker expression","4","Loss-of-function","","","NA","CRISPR-Based Genome Editing","Base editing","38093011"
"NM_001002295.2(GATA3):c.431G>A (p.Gly144Asp)","chr10","8058494","G/A","GATA3","-0.713","dataset0634","Missense","The diminished CD25 cell surface activation marker expression in CD4⁺ T cell","CD25 cell surface activation marker expression","4","Loss-of-function","Uncertain significance","8.06387e-06","NA","CRISPR-Based Genome Editing","Base editing","38093011"
"NM_001002295.2(GATA3):c.436G>A (p.Ala146Thr)","chr10","8058499","G/A","GATA3","-0.071","dataset0634","Missense","Neutral to the CD25 cell surface activation marker expression in CD4⁺ T cell","CD25 cell surface activation marker expression","4","Functionally normal","Uncertain significance","9.30575e-06","read:0.6% (1/155):0.460","CRISPR-Based Genome Editing","Base editing","38093011"
"NM_001002295.2(GATA3):c.444G>A (p.Pro148=)","chr10","8058507","G/A","GATA3","-0.066","dataset0634","Synonymous","Neutral to the CD25 cell surface activation marker expression in CD4⁺ T cell","CD25 cell surface activation marker expression","4","Functionally normal","","2.60576e-05","NA","CRISPR-Based Genome Editing","Base editing","38093011"
"NM_001002295.2(GATA3):c.449T>C (p.Leu150Pro)","chr10","8058512","T/C","GATA3","0.011","dataset0634","Missense","Neutral to the CD25 cell surface activation marker expression in CD4⁺ T cell","CD25 cell surface activation marker expression","4","Functionally normal","","","lgg:0.2% (1/514):0.300","CRISPR-Based Genome Editing","Base editing","38093011"
"NM_001002295.2(GATA3):c.451T>C (p.Phe151Leu)","chr10","8058514","T/C","GATA3","0.011","dataset0634","Missense","Neutral to the CD25 cell surface activation marker expression in CD4⁺ T cell","CD25 cell surface activation marker expression","4","Functionally normal","","","NA","CRISPR-Based Genome Editing","Base editing","38093011"
"NM_001002295.2(GATA3):c.452T>C (p.Phe151Ser)","chr10","8058515","T/C","GATA3","0.064","dataset0634","Missense","Neutral to the CD25 cell surface activation marker expression in CD4⁺ T cell","CD25 cell surface activation marker expression","4","Functionally normal","","","NA","CRISPR-Based Genome Editing","Base editing","38093011"
"NM_001002295.2(GATA3):c.456C>T (p.Thr152=)","chr10","8058519","C/T","GATA3","-0.056","dataset0634","Synonymous","Neutral to the CD25 cell surface activation marker expression in CD4⁺ T cell","CD25 cell surface activation marker expression","4","Functionally normal","","6.20272e-07","NA","CRISPR-Based Genome Editing","Base editing","38093011"
"NM_001002295.2(GATA3):c.457T>C (p.Phe153Leu)","chr10","8058520","T/C","GATA3","0.091","dataset0634","Missense","Neutral to the CD25 cell surface activation marker expression in CD4⁺ T cell","CD25 cell surface activation marker expression","4","Functionally normal","","","NA","CRISPR-Based Genome Editing","Base editing","38093011"
"NM_001002295.2(GATA3):c.459C>T (p.Phe153=)","chr10","8058522","C/T","GATA3","-0.056","dataset0634","Synonymous","Neutral to the CD25 cell surface activation marker expression in CD4⁺ T cell","CD25 cell surface activation marker expression","4","Functionally normal","","6.20434e-07","NA","CRISPR-Based Genome Editing","Base editing","38093011"
"NM_001002295.2(GATA3):c.460C>T (p.Pro154Ser)","chr10","8058523","C/T","GATA3","-0.056","dataset0634","Missense","Neutral to the CD25 cell surface activation marker expression in CD4⁺ T cell","CD25 cell surface activation marker expression","4","Functionally normal","","3.10205e-06","NA","CRISPR-Based Genome Editing","Base editing","38093011"
"NM_001002295.2(GATA3):c.461C>T (p.Pro154Leu)","chr10","8058524","C/T","GATA3","-0.056","dataset0634","Missense","Neutral to the CD25 cell surface activation marker expression in CD4⁺ T cell","CD25 cell surface activation marker expression","4","Functionally normal","","6.20381e-07","NA","CRISPR-Based Genome Editing","Base editing","38093011"
"NM_001002295.2(GATA3):c.462G>A (p.Pro154=)","chr10","8058525","G/A","GATA3","-0.068","dataset0634","Synonymous","Neutral to the CD25 cell surface activation marker expression in CD4⁺ T cell","CD25 cell surface activation marker expression","4","Functionally normal","","5.59607e-06","NA","CRISPR-Based Genome Editing","Base editing","38093011"
"NM_001002295.2(GATA3):c.463C>T (p.Pro155Ser)","chr10","8058526","C/T","GATA3","-0.056","dataset0634","Missense","Neutral to the CD25 cell surface activation marker expression in CD4⁺ T cell","CD25 cell surface activation marker expression","4","Functionally normal","","1.24071e-06","NA","CRISPR-Based Genome Editing","Base editing","38093011"
"NM_001002295.2(GATA3):c.464C>T (p.Pro155Leu)","chr10","8058527","C/T","GATA3","-0.056","dataset0634","Missense","Neutral to the CD25 cell surface activation marker expression in CD4⁺ T cell","CD25 cell surface activation marker expression","4","Functionally normal","Uncertain significance","6.20324e-07","NA","CRISPR-Based Genome Editing","Base editing","38093011"
"NM_001002295.2(GATA3):c.465C>T (p.Pro155=)","chr10","8058528","C/T","GATA3","-0.056","dataset0634","Synonymous","Neutral to the CD25 cell surface activation marker expression in CD4⁺ T cell","CD25 cell surface activation marker expression","4","Functionally normal","","1.24066e-06","NA","CRISPR-Based Genome Editing","Base editing","38093011"
"NM_001002295.2(GATA3):c.467C>T (p.Thr156Ile)","chr10","8058530","C/T","GATA3","-0.056","dataset0634","Missense","Neutral to the CD25 cell surface activation marker expression in CD4⁺ T cell","CD25 cell surface activation marker expression","4","Functionally normal","","","NA","CRISPR-Based Genome Editing","Base editing","38093011"
"NM_001002295.2(GATA3):c.468C>T (p.Thr156=)","chr10","8058531","C/T","GATA3","-0.056","dataset0634","Synonymous","Neutral to the CD25 cell surface activation marker expression in CD4⁺ T cell","CD25 cell surface activation marker expression","4","Functionally normal","","8.06399e-06","NA","CRISPR-Based Genome Editing","Base editing","38093011"
"NM_001002295.2(GATA3):c.471G>A (p.Pro157=)","chr10","8058534","G/A","GATA3","-0.216","dataset0634","Synonymous","Neutral to the CD25 cell surface activation marker expression in CD4⁺ T cell","CD25 cell surface activation marker expression","4","Functionally normal","","7.91826e-06","NA","CRISPR-Based Genome Editing","Base editing","38093011"
"NM_001002295.2(GATA3):c.474G>A (p.Pro158=)","chr10","8058537","G/A","GATA3","-0.216","dataset0634","Synonymous","Neutral to the CD25 cell surface activation marker expression in CD4⁺ T cell","CD25 cell surface activation marker expression","4","Functionally normal","","1.05834e-05","NA","CRISPR-Based Genome Editing","Base editing","38093011"
"NM_001002295.2(GATA3):c.477G>A (p.Lys159=)","chr10","8058540","G/A","GATA3","-0.216","dataset0634","Synonymous","Neutral to the CD25 cell surface activation marker expression in CD4⁺ T cell","CD25 cell surface activation marker expression","4","Functionally normal","","","NA","CRISPR-Based Genome Editing","Base editing","38093011"
"NM_001002295.2(GATA3):c.478G>A (p.Asp160Asn)","chr10","8058541","G/A","GATA3","0.272","dataset0634","Missense","Neutral to the CD25 cell surface activation marker expression in CD4⁺ T cell","CD25 cell surface activation marker expression","4","Functionally normal","","","NA","CRISPR-Based Genome Editing","Base editing","38093011"
"NM_001002295.2(GATA3):c.481G>A (p.Val161Ile)","chr10","8058544","G/A","GATA3","0.272","dataset0634","Missense","Neutral to the CD25 cell surface activation marker expression in CD4⁺ T cell","CD25 cell surface activation marker expression","4","Functionally normal","","1.86195e-06","dlbc:2.1% (1/48):0.390","CRISPR-Based Genome Editing","Base editing","38093011"
"NM_001002295.2(GATA3):c.492C>T (p.Asp164=)","chr10","8058555","C/T","GATA3","-0.328","dataset0634","Synonymous","The diminished CD25 cell surface activation marker expression in CD4⁺ T cell","CD25 cell surface activation marker expression","4","Loss-of-function","Uncertain significance","6.2017e-06","NA","CRISPR-Based Genome Editing","Base editing","38093011"
"NM_001002295.2(GATA3):c.493C>T (p.Pro165Ser)","chr10","8058556","C/T","GATA3","-0.328","dataset0634","Missense","The diminished CD25 cell surface activation marker expression in CD4⁺ T cell","CD25 cell surface activation marker expression","4","Loss-of-function","Uncertain significance","1.24031e-06","NA","CRISPR-Based Genome Editing","Base editing","38093011"
"NM_001002295.2(GATA3):c.494C>T (p.Pro165Leu)","chr10","8058557","C/T","GATA3","-0.328","dataset0634","Missense","The diminished CD25 cell surface activation marker expression in CD4⁺ T cell","CD25 cell surface activation marker expression","4","Loss-of-function","","","NA","CRISPR-Based Genome Editing","Base editing","38093011"
"NM_001002295.2(GATA3):c.495A>G (p.Pro165=)","chr10","8058558","A/G","GATA3","0.18","dataset0634","Synonymous","Neutral to the CD25 cell surface activation marker expression in CD4⁺ T cell","CD25 cell surface activation marker expression","4","Functionally normal","","","NA","CRISPR-Based Genome Editing","Base editing","38093011"
"NM_001002295.2(GATA3):c.497C>T (p.Ser166Leu)","chr10","8058560","C/T","GATA3","0.131","dataset0634","Missense","Neutral to the CD25 cell surface activation marker expression in CD4⁺ T cell","CD25 cell surface activation marker expression","4","Functionally normal","","1.86051e-06","ucec:0.2% (1/529):0.450","CRISPR-Based Genome Editing","Base editing","38093011"
"NM_001002295.2(GATA3):c.498G>A (p.Ser166=)","chr10","8058561","G/A","GATA3","-0.251","dataset0634","Synonymous","The diminished CD25 cell surface activation marker expression in CD4⁺ T cell","CD25 cell surface activation marker expression","4","Loss-of-function","","1.86105e-06","NA","CRISPR-Based Genome Editing","Base editing","38093011"
"NM_001002295.2(GATA3):c.499C>T (p.Leu167=)","chr10","8058562","C/T","GATA3","-0.034","dataset0634","Synonymous","Neutral to the CD25 cell surface activation marker expression in CD4⁺ T cell","CD25 cell surface activation marker expression","4","Functionally normal","","","NA","CRISPR-Based Genome Editing","Base editing","38093011"
"NM_001002295.2(GATA3):c.500T>C (p.Leu167Pro)","chr10","8058563","T/C","GATA3","-0.004","dataset0634","Missense","Neutral to the CD25 cell surface activation marker expression in CD4⁺ T cell","CD25 cell surface activation marker expression","4","Functionally normal","","","NA","CRISPR-Based Genome Editing","Base editing","38093011"
"NM_001002295.2(GATA3):c.501G>A (p.Leu167=)","chr10","8058564","G/A","GATA3","-0.251","dataset0634","Synonymous","The diminished CD25 cell surface activation marker expression in CD4⁺ T cell","CD25 cell surface activation marker expression","4","Loss-of-function","","","NA","CRISPR-Based Genome Editing","Base editing","38093011"
"NM_001002295.2(GATA3):c.502T>C (p.Ser168Pro)","chr10","8058565","T/C","GATA3","0.067","dataset0634","Missense","Neutral to the CD25 cell surface activation marker expression in CD4⁺ T cell","CD25 cell surface activation marker expression","4","Functionally normal","","","NA","CRISPR-Based Genome Editing","Base editing","38093011"
"NM_001002295.2(GATA3):c.504C>T (p.Ser168=)","chr10","8058567","C/T","GATA3","-0.199","dataset0634","Synonymous","Neutral to the CD25 cell surface activation marker expression in CD4⁺ T cell","CD25 cell surface activation marker expression","4","Functionally normal","","","NA","CRISPR-Based Genome Editing","Base editing","38093011"
"NM_001002295.2(GATA3):c.505A>G (p.Thr169Ala)","chr10","8058568","A/G","GATA3","0.251","dataset0634","Missense","Neutral to the CD25 cell surface activation marker expression in CD4⁺ T cell","CD25 cell surface activation marker expression","4","Functionally normal","","","NA","CRISPR-Based Genome Editing","Base editing","38093011"
"NM_001002295.2(GATA3):c.506C>T (p.Thr169Ile)","chr10","8058569","C/T","GATA3","-0.199","dataset0634","Missense","Neutral to the CD25 cell surface activation marker expression in CD4⁺ T cell","CD25 cell surface activation marker expression","4","Functionally normal","","1.2402e-06","NA","CRISPR-Based Genome Editing","Base editing","38093011"
"NM_001002295.2(GATA3):c.507C>T (p.Thr169=)","chr10","8058570","C/T","GATA3","-0.199","dataset0634","Synonymous","Neutral to the CD25 cell surface activation marker expression in CD4⁺ T cell","CD25 cell surface activation marker expression","4","Functionally normal","","3.72037e-06","NA","CRISPR-Based Genome Editing","Base editing","38093011"
"NM_001002295.2(GATA3):c.509C>T (p.Pro170Leu)","chr10","8058572","C/T","GATA3","0.05","dataset0634","Missense","Neutral to the CD25 cell surface activation marker expression in CD4⁺ T cell","CD25 cell surface activation marker expression","4","Functionally normal","","","NA","CRISPR-Based Genome Editing","Base editing","38093011"
"NM_001002295.2(GATA3):c.510A>G (p.Pro170=)","chr10","8058573","A/G","GATA3","0.171","dataset0634","Synonymous","Neutral to the CD25 cell surface activation marker expression in CD4⁺ T cell","CD25 cell surface activation marker expression","4","Functionally normal","","","NA","CRISPR-Based Genome Editing","Base editing","38093011"
"NM_001002295.2(GATA3):c.511G>A (p.Gly171Ser)","chr10","8058574","G/A","GATA3","-0.22","dataset0634","Missense","Neutral to the CD25 cell surface activation marker expression in CD4⁺ T cell","CD25 cell surface activation marker expression","4","Functionally normal","","","NA","CRISPR-Based Genome Editing","Base editing","38093011"
"NM_001002295.2(GATA3):c.512G>A (p.Gly171Asp)","chr10","8058575","G/A","GATA3","-0.22","dataset0634","Missense","Neutral to the CD25 cell surface activation marker expression in CD4⁺ T cell","CD25 cell surface activation marker expression","4","Functionally normal","","","NA","CRISPR-Based Genome Editing","Base editing","38093011"
"NM_001002295.2(GATA3):c.513C>T (p.Gly171=)","chr10","8058576","C/T","GATA3","-0.098","dataset0634","Synonymous","Neutral to the CD25 cell surface activation marker expression in CD4⁺ T cell","CD25 cell surface activation marker expression","4","Functionally normal","","","NA","CRISPR-Based Genome Editing","Base editing","38093011"
"NM_001002295.2(GATA3):c.515C>T (p.Ser172Leu)","chr10","8058578","C/T","GATA3","-0.098","dataset0634","Missense","Neutral to the CD25 cell surface activation marker expression in CD4⁺ T cell","CD25 cell surface activation marker expression","4","Functionally normal","","3.10125e-06","NA","CRISPR-Based Genome Editing","Base editing","38093011"
"NM_001002295.2(GATA3):c.516G>A (p.Ser172=)","chr10","8058579","G/A","GATA3","-0.218","dataset0634","Synonymous","Neutral to the CD25 cell surface activation marker expression in CD4⁺ T cell","CD25 cell surface activation marker expression","4","Functionally normal","","1.24067e-05","NA","CRISPR-Based Genome Editing","Base editing","38093011"
"NM_001002295.2(GATA3):c.517G>A (p.Ala173Thr)","chr10","8058580","G/A","GATA3","0.245","dataset0634","Missense","Neutral to the CD25 cell surface activation marker expression in CD4⁺ T cell","CD25 cell surface activation marker expression","4","Functionally normal","","","NA","CRISPR-Based Genome Editing","Base editing","38093011"
"NM_001002295.2(GATA3):c.520G>A (p.Gly174Ser)","chr10","8058583","G/A","GATA3","-0.269","dataset0634","Missense","The diminished CD25 cell surface activation marker expression in CD4⁺ T cell","CD25 cell surface activation marker expression","4","Loss-of-function","","3.7227e-06","NA","CRISPR-Based Genome Editing","Base editing","38093011"
"NM_001002295.2(GATA3):c.521G>A (p.Gly174Asp)","chr10","8058584","G/A","GATA3","-0.269","dataset0634","Missense","The diminished CD25 cell surface activation marker expression in CD4⁺ T cell","CD25 cell surface activation marker expression","4","Loss-of-function","","0","NA","CRISPR-Based Genome Editing","Base editing","38093011"
"NM_001002295.2(GATA3):c.523T>C (p.Ser175Pro)","chr10","8058586","T/C","GATA3","0.07","dataset0634","Missense","Neutral to the CD25 cell surface activation marker expression in CD4⁺ T cell","CD25 cell surface activation marker expression","4","Functionally normal","","","NA","CRISPR-Based Genome Editing","Base editing","38093011"
"NM_001002295.2(GATA3):c.525G>A (p.Ser175=)","chr10","8058588","G/A","GATA3","-0.269","dataset0634","Synonymous","The diminished CD25 cell surface activation marker expression in CD4⁺ T cell","CD25 cell surface activation marker expression","4","Loss-of-function","","3.72288e-06","NA","CRISPR-Based Genome Editing","Base editing","38093011"
"NM_001002295.2(GATA3):c.526G>A (p.Ala176Thr)","chr10","8058589","G/A","GATA3","-0.142","dataset0634","Missense","Neutral to the CD25 cell surface activation marker expression in CD4⁺ T cell","CD25 cell surface activation marker expression","3","Functionally normal","Uncertain significance","6.20357e-07","ucec:0.2% (1/529):0.290","CRISPR-Based Genome Editing","Base editing","38093011"
"NM_001002295.2(GATA3):c.530G>A (p.Arg177Gln)","chr10","8058593","G/A","GATA3","0.279","dataset0634","Missense","Neutral to the CD25 cell surface activation marker expression in CD4⁺ T cell","CD25 cell surface activation marker expression","4","Functionally normal","Uncertain significance","2.48324e-06","NA","CRISPR-Based Genome Editing","Base editing","38093011"
"NM_001002295.2(GATA3):c.538G>A (p.Glu180Lys)","chr10","8058601","G/A","GATA3","-0.239","dataset0634","Missense","Neutral to the CD25 cell surface activation marker expression in CD4⁺ T cell","CD25 cell surface activation marker expression","4","Functionally normal","Uncertain significance","9.92592e-06","NA","CRISPR-Based Genome Editing","Base editing","38093011"
"NM_001002295.2(GATA3):c.540G>A (p.Glu180=)","chr10","8058603","G/A","GATA3","-0.239","dataset0634","Synonymous","Neutral to the CD25 cell surface activation marker expression in CD4⁺ T cell","CD25 cell surface activation marker expression","4","Functionally normal","Likely benign","6.20294e-07","NA","CRISPR-Based Genome Editing","Base editing","38093011"
"NM_001002295.2(GATA3):c.542A>G (p.Lys181Arg)","chr10","8058605","A/G","GATA3","0.114","dataset0634","Missense","Neutral to the CD25 cell surface activation marker expression in CD4⁺ T cell","CD25 cell surface activation marker expression","4","Functionally normal","","","NA","CRISPR-Based Genome Editing","Base editing","38093011"
"NM_001002295.2(GATA3):c.543A>G (p.Lys181=)","chr10","8058606","A/G","GATA3","0.114","dataset0634","Synonymous","Neutral to the CD25 cell surface activation marker expression in CD4⁺ T cell","CD25 cell surface activation marker expression","4","Functionally normal","","","NA","CRISPR-Based Genome Editing","Base editing","38093011"
"NM_001002295.2(GATA3):c.545A>G (p.Glu182Gly)","chr10","8058608","A/G","GATA3","0.114","dataset0634","Missense","Neutral to the CD25 cell surface activation marker expression in CD4⁺ T cell","CD25 cell surface activation marker expression","4","Functionally normal","Uncertain significance","1.86073e-06","NA","CRISPR-Based Genome Editing","Base editing","38093011"
"NM_001002295.2(GATA3):c.547T>C (p.Cys183Arg)","chr10","8058610","T/C","GATA3","0.153","dataset0634","Missense","Neutral to the CD25 cell surface activation marker expression in CD4⁺ T cell","CD25 cell surface activation marker expression","4","Functionally normal","","6.22709e-07","NA","CRISPR-Based Genome Editing","Base editing","38093011"
"NM_001002295.2(GATA3):c.549C>T (p.Cys183=)","chr10","8058612","C/T","GATA3","-0.171","dataset0634","Synonymous","Neutral to the CD25 cell surface activation marker expression in CD4⁺ T cell","CD25 cell surface activation marker expression","4","Functionally normal","","1.86074e-06","NA","CRISPR-Based Genome Editing","Base editing","38093011"
"NM_001002295.2(GATA3):c.550C>T (p.Leu184Phe)","chr10","8058613","C/T","GATA3","-0.171","dataset0634","Missense","Neutral to the CD25 cell surface activation marker expression in CD4⁺ T cell","CD25 cell surface activation marker expression","4","Functionally normal","","","NA","CRISPR-Based Genome Editing","Base editing","38093011"
"NM_001002295.2(GATA3):c.552C>T (p.Leu184=)","chr10","8058615","C/T","GATA3","-0.171","dataset0634","Synonymous","Neutral to the CD25 cell surface activation marker expression in CD4⁺ T cell","CD25 cell surface activation marker expression","4","Functionally normal","","","NA","CRISPR-Based Genome Editing","Base editing","38093011"
"NM_001002295.2(GATA3):c.561G>A (p.Gln187=)","chr10","8058624","G/A","GATA3","-0.013","dataset0634","Synonymous","Neutral to the CD25 cell surface activation marker expression in CD4⁺ T cell","CD25 cell surface activation marker expression","4","Functionally normal","","2.41849e-05","NA","CRISPR-Based Genome Editing","Base editing","38093011"
"NM_001002295.2(GATA3):c.562G>A (p.Val188Met)","chr10","8058625","G/A","GATA3","-0.013","dataset0634","Missense","Neutral to the CD25 cell surface activation marker expression in CD4⁺ T cell","CD25 cell surface activation marker expression","4","Functionally normal","","","NA","CRISPR-Based Genome Editing","Base editing","38093011"
"NM_001002295.2(GATA3):c.564G>A (p.Val188=)","chr10","8058627","G/A","GATA3","-0.013","dataset0634","Synonymous","Neutral to the CD25 cell surface activation marker expression in CD4⁺ T cell","CD25 cell surface activation marker expression","4","Functionally normal","","6.20122e-07","NA","CRISPR-Based Genome Editing","Base editing","38093011"
"NM_001002295.2(GATA3):c.567C>T (p.Pro189=)","chr10","8058630","C/T","GATA3","-0.431","dataset0634","Synonymous","The diminished CD25 cell surface activation marker expression in CD4⁺ T cell","CD25 cell surface activation marker expression","4","Loss-of-function","Likely benign","5.58083e-06","NA","CRISPR-Based Genome Editing","Base editing","38093011"
"NM_001002295.2(GATA3):c.568C>T (p.Leu190=)","chr10","8058631","C/T","GATA3","-0.431","dataset0634","Synonymous","The diminished CD25 cell surface activation marker expression in CD4⁺ T cell","CD25 cell surface activation marker expression","4","Loss-of-function","","3.72019e-06","NA","CRISPR-Based Genome Editing","Base editing","38093011"
"NM_001002295.2(GATA3):c.569T>C (p.Leu190Pro)","chr10","8058632","T/C","GATA3","0.101","dataset0634","Missense","Neutral to the CD25 cell surface activation marker expression in CD4⁺ T cell","CD25 cell surface activation marker expression","4","Functionally normal","Uncertain significance","4.96278e-06","NA","CRISPR-Based Genome Editing","Base editing","38093011"
"NM_001002295.2(GATA3):c.570G>A (p.Leu190=)","chr10","8058633","G/A","GATA3","-0.348","dataset0634","Synonymous","The diminished CD25 cell surface activation marker expression in CD4⁺ T cell","CD25 cell surface activation marker expression","4","Loss-of-function","","","NA","CRISPR-Based Genome Editing","Base editing","38093011"
"NM_001002295.2(GATA3):c.571C>T (p.Pro191Ser)","chr10","8058634","C/T","GATA3","-0.431","dataset0634","Missense","The diminished CD25 cell surface activation marker expression in CD4⁺ T cell","CD25 cell surface activation marker expression","4","Loss-of-function","","0","NA","CRISPR-Based Genome Editing","Base editing","38093011"
"NM_001002295.2(GATA3):c.572C>T (p.Pro191Leu)","chr10","8058635","C/T","GATA3","-0.431","dataset0634","Missense","The diminished CD25 cell surface activation marker expression in CD4⁺ T cell","CD25 cell surface activation marker expression","4","Loss-of-function","Uncertain significance","","NA","CRISPR-Based Genome Editing","Base editing","38093011"
"NM_001002295.2(GATA3):c.573C>T (p.Pro191=)","chr10","8058636","C/T","GATA3","-0.431","dataset0634","Synonymous","The diminished CD25 cell surface activation marker expression in CD4⁺ T cell","CD25 cell surface activation marker expression","4","Loss-of-function","Benign","0.0057922","NA","CRISPR-Based Genome Editing","Base editing","38093011"
"NM_001002295.2(GATA3):c.576C>T (p.Asp192=)","chr10","8058639","C/T","GATA3","-0.431","dataset0634","Synonymous","The diminished CD25 cell surface activation marker expression in CD4⁺ T cell","CD25 cell surface activation marker expression","4","Loss-of-function","","","NA","CRISPR-Based Genome Editing","Base editing","38093011"
"NM_001002295.2(GATA3):c.578G>A (p.Ser193Asn)","chr10","8058641","G/A","GATA3","0.129","dataset0634","Missense","Neutral to the CD25 cell surface activation marker expression in CD4⁺ T cell","CD25 cell surface activation marker expression","4","Functionally normal","","","NA","CRISPR-Based Genome Editing","Base editing","38093011"
"NM_001002295.2(GATA3):c.579C>T (p.Ser193=)","chr10","8058642","C/T","GATA3","-0.431","dataset0634","Synonymous","The diminished CD25 cell surface activation marker expression in CD4⁺ T cell","CD25 cell surface activation marker expression","4","Loss-of-function","","6.19947e-07","NA","CRISPR-Based Genome Editing","Base editing","38093011"
"NM_001002295.2(GATA3):c.581T>C (p.Met194Thr)","chr10","8058644","T/C","GATA3","0.128","dataset0634","Missense","Neutral to the CD25 cell surface activation marker expression in CD4⁺ T cell","CD25 cell surface activation marker expression","4","Functionally normal","","1.24008e-06","NA","CRISPR-Based Genome Editing","Base editing","38093011"
"NM_001002295.2(GATA3):c.582G>A (p.Met194Ile)","chr10","8058645","G/A","GATA3","-0.468","dataset0634","Missense","The diminished CD25 cell surface activation marker expression in CD4⁺ T cell","CD25 cell surface activation marker expression","4","Loss-of-function","","6.19958e-07","NA","CRISPR-Based Genome Editing","Base editing","38093011"
"NM_001002295.2(GATA3):c.585G>A (p.Lys195=)","chr10","8058648","G/A","GATA3","-0.468","dataset0634","Synonymous","The diminished CD25 cell surface activation marker expression in CD4⁺ T cell","CD25 cell surface activation marker expression","4","Loss-of-function","","","NA","CRISPR-Based Genome Editing","Base editing","38093011"
"NM_001002295.2(GATA3):c.586C>T (p.Leu196=)","chr10","8058649","C/T","GATA3","-0.084","dataset0634","Synonymous","Neutral to the CD25 cell surface activation marker expression in CD4⁺ T cell","CD25 cell surface activation marker expression","4","Functionally normal","","","NA","CRISPR-Based Genome Editing","Base editing","38093011"
"NM_001002295.2(GATA3):c.587T>C (p.Leu196Pro)","chr10","8058650","T/C","GATA3","0.105","dataset0634","Missense","Neutral to the CD25 cell surface activation marker expression in CD4⁺ T cell","CD25 cell surface activation marker expression","4","Functionally normal","","","NA","CRISPR-Based Genome Editing","Base editing","38093011"
"NM_001002295.2(GATA3):c.588G>A (p.Leu196=)","chr10","8058651","G/A","GATA3","-0.246","dataset0634","Synonymous","Neutral to the CD25 cell surface activation marker expression in CD4⁺ T cell","CD25 cell surface activation marker expression","4","Functionally normal","","","NA","CRISPR-Based Genome Editing","Base editing","38093011"
"NM_001002295.2(GATA3):c.589G>A (p.Glu197Lys)","chr10","8058652","G/A","GATA3","0.315","dataset0634","Missense","The enhanced CD25 cell surface activation marker expression in CD4⁺ T cell","CD25 cell surface activation marker expression","4","Gain-of-function","","","NA","CRISPR-Based Genome Editing","Base editing","38093011"
"NM_001002295.2(GATA3):c.590A>G (p.Glu197Gly)","chr10","8058653","A/G","GATA3","0.117","dataset0634","Missense","Neutral to the CD25 cell surface activation marker expression in CD4⁺ T cell","CD25 cell surface activation marker expression","4","Functionally normal","","","NA","CRISPR-Based Genome Editing","Base editing","38093011"
"NM_001002295.2(GATA3):c.592T>C (p.Ser198Pro)","chr10","8058655","T/C","GATA3","-0.059","dataset0634","Missense","Neutral to the CD25 cell surface activation marker expression in CD4⁺ T cell","CD25 cell surface activation marker expression","4","Functionally normal","","","NA","CRISPR-Based Genome Editing","Base editing","38093011"
"NM_001002295.2(GATA3):c.593C>T (p.Ser198Leu)","chr10","8058656","C/T","GATA3","-0.084","dataset0634","Missense","Neutral to the CD25 cell surface activation marker expression in CD4⁺ T cell","CD25 cell surface activation marker expression","4","Functionally normal","","","NA","CRISPR-Based Genome Editing","Base editing","38093011"
"NM_001002295.2(GATA3):c.594G>A (p.Ser198=)","chr10","8058657","G/A","GATA3","-0.004","dataset0634","Synonymous","Neutral to the CD25 cell surface activation marker expression in CD4⁺ T cell","CD25 cell surface activation marker expression","4","Functionally normal","","1.23997e-06","NA","CRISPR-Based Genome Editing","Base editing","38093011"
"NM_001002295.2(GATA3):c.596C>T (p.Ser199Phe)","chr10","8058659","C/T","GATA3","-0.084","dataset0634","Missense","Neutral to the CD25 cell surface activation marker expression in CD4⁺ T cell","CD25 cell surface activation marker expression","4","Functionally normal","","3.09962e-06","ov:0.2% (1/585):0.200","CRISPR-Based Genome Editing","Base editing","38093011"
"NM_001002295.2(GATA3):c.597C>T (p.Ser199=)","chr10","8058660","C/T","GATA3","-0.084","dataset0634","Synonymous","Neutral to the CD25 cell surface activation marker expression in CD4⁺ T cell","CD25 cell surface activation marker expression","4","Functionally normal","","6.19885e-07","NA","CRISPR-Based Genome Editing","Base editing","38093011"
"NM_001002295.2(GATA3):c.598C>T (p.His200Tyr)","chr10","8058661","C/T","GATA3","-0.084","dataset0634","Missense","Neutral to the CD25 cell surface activation marker expression in CD4⁺ T cell","CD25 cell surface activation marker expression","4","Functionally normal","Uncertain significance","1.30173e-05","NA","CRISPR-Based Genome Editing","Base editing","38093011"
"NM_001002295.2(GATA3):c.603C>T (p.Ser201=)","chr10","8058666","C/T","GATA3","-0.221","dataset0634","Synonymous","Neutral to the CD25 cell surface activation marker expression in CD4⁺ T cell","CD25 cell surface activation marker expression","4","Functionally normal","","","NA","CRISPR-Based Genome Editing","Base editing","38093011"
"NM_001002295.2(GATA3):c.604C>T (p.Arg202Cys)","chr10","8058667","C/T","GATA3","-0.233","dataset0634","Missense","Neutral to the CD25 cell surface activation marker expression in CD4⁺ T cell","CD25 cell surface activation marker expression","4","Functionally normal","Uncertain significance","5.26873e-05","NA","CRISPR-Based Genome Editing","Base editing","38093011"
"NM_001002295.2(GATA3):c.607G>A (p.Gly203Ser)","chr10","8058670","G/A","GATA3","0.482","dataset0634","Missense","The enhanced CD25 cell surface activation marker expression in CD4⁺ T cell","CD25 cell surface activation marker expression","4","Gain-of-function","","","NA","CRISPR-Based Genome Editing","Base editing","38093011"
"NM_001002295.2(GATA3):c.608G>A (p.Gly203Asp)","chr10","8058671","G/A","GATA3","0.482","dataset0634","Missense","The enhanced CD25 cell surface activation marker expression in CD4⁺ T cell","CD25 cell surface activation marker expression","4","Gain-of-function","","","NA","CRISPR-Based Genome Editing","Base editing","38093011"
"NM_001002295.2(GATA3):c.609C>T (p.Gly203=)","chr10","8058672","C/T","GATA3","0.06","dataset0634","Synonymous","Neutral to the CD25 cell surface activation marker expression in CD4⁺ T cell","CD25 cell surface activation marker expression","4","Functionally normal","","1.23969e-06","NA","CRISPR-Based Genome Editing","Base editing","38093011"
"NM_001002295.2(GATA3):c.610A>G (p.Ser204Gly)","chr10","8058673","A/G","GATA3","0.147","dataset0634","Missense","Neutral to the CD25 cell surface activation marker expression in CD4⁺ T cell","CD25 cell surface activation marker expression","4","Functionally normal","","","NA","CRISPR-Based Genome Editing","Base editing","38093011"
"NM_001002295.2(GATA3):c.611G>A (p.Ser204Asn)","chr10","8058674","G/A","GATA3","0.482","dataset0634","Missense","The enhanced CD25 cell surface activation marker expression in CD4⁺ T cell","CD25 cell surface activation marker expression","4","Gain-of-function","","2.47948e-06","NA","CRISPR-Based Genome Editing","Base editing","38093011"
"NM_001002295.2(GATA3):c.612C>T (p.Ser204=)","chr10","8058675","C/T","GATA3","0.06","dataset0634","Synonymous","Neutral to the CD25 cell surface activation marker expression in CD4⁺ T cell","CD25 cell surface activation marker expression","4","Functionally normal","","0","NA","CRISPR-Based Genome Editing","Base editing","38093011"
"NM_001002295.2(GATA3):c.613A>G (p.Met205Val)","chr10","8058676","A/G","GATA3","0.132","dataset0634","Missense","Neutral to the CD25 cell surface activation marker expression in CD4⁺ T cell","CD25 cell surface activation marker expression","4","Functionally normal","","","NA","CRISPR-Based Genome Editing","Base editing","38093011"
"NM_001002295.2(GATA3):c.614T>C (p.Met205Thr)","chr10","8058677","T/C","GATA3","0.077","dataset0634","Missense","Neutral to the CD25 cell surface activation marker expression in CD4⁺ T cell","CD25 cell surface activation marker expression","4","Functionally normal","","6.19851e-07","NA","CRISPR-Based Genome Editing","Base editing","38093011"
"NM_001002295.2(GATA3):c.615G>A (p.Met205Ile)","chr10","8058678","G/A","GATA3","-0.678","dataset0634","Missense","The diminished CD25 cell surface activation marker expression in CD4⁺ T cell","CD25 cell surface activation marker expression","4","Loss-of-function","","","read:0.6% (1/155):0.220;stad:0.2% (1/440):0.080","CRISPR-Based Genome Editing","Base editing","38093011"
"NM_001002295.2(GATA3):c.619G>A (p.Ala207Thr)","chr10","8058682","G/A","GATA3","0.115","dataset0634","Missense","Neutral to the CD25 cell surface activation marker expression in CD4⁺ T cell","CD25 cell surface activation marker expression","4","Functionally normal","","3.7195e-06","NA","CRISPR-Based Genome Editing","Base editing","38093011"
"NM_001002295.2(GATA3):c.623T>C (p.Leu208Pro)","chr10","8058686","T/C","GATA3","0.099","dataset0634","Missense","Neutral to the CD25 cell surface activation marker expression in CD4⁺ T cell","CD25 cell surface activation marker expression","4","Functionally normal","","","NA","CRISPR-Based Genome Editing","Base editing","38093011"
"NM_001002295.2(GATA3):c.625G>A (p.Gly209Ser)","chr10","8058688","G/A","GATA3","0.205","dataset0634","Missense","Neutral to the CD25 cell surface activation marker expression in CD4⁺ T cell","CD25 cell surface activation marker expression","4","Functionally normal","","","NA","CRISPR-Based Genome Editing","Base editing","38093011"
"NM_001002295.2(GATA3):c.628G>A (p.Gly210Arg)","chr10","8058691","G/A","GATA3","-0.394","dataset0634","Missense","The diminished CD25 cell surface activation marker expression in CD4⁺ T cell","CD25 cell surface activation marker expression","4","Loss-of-function","","","NA","CRISPR-Based Genome Editing","Base editing","38093011"
"NM_001002295.2(GATA3):c.629G>A (p.Gly210Glu)","chr10","8058692","G/A","GATA3","-0.394","dataset0634","Missense","The diminished CD25 cell surface activation marker expression in CD4⁺ T cell","CD25 cell surface activation marker expression","4","Loss-of-function","Uncertain significance","2.4797e-06","NA","CRISPR-Based Genome Editing","Base editing","38093011"
"NM_001002295.2(GATA3):c.631G>A (p.Ala211Thr)","chr10","8058694","G/A","GATA3","0.11","dataset0634","Missense","Neutral to the CD25 cell surface activation marker expression in CD4⁺ T cell","CD25 cell surface activation marker expression","4","Functionally normal","Uncertain significance","9.91996e-06","NA","CRISPR-Based Genome Editing","Base editing","38093011"
"NM_001002295.2(GATA3):c.634T>C (p.Ser212Pro)","chr10","8058697","T/C","GATA3","0.323","dataset0634","Missense","The enhanced CD25 cell surface activation marker expression in CD4⁺ T cell","CD25 cell surface activation marker expression","4","Gain-of-function","","","NA","CRISPR-Based Genome Editing","Base editing","38093011"
"NM_001002295.2(GATA3):c.637T>C (p.Ser213Pro)","chr10","8058700","T/C","GATA3","-0.001","dataset0634","Missense","Neutral to the CD25 cell surface activation marker expression in CD4⁺ T cell","CD25 cell surface activation marker expression","4","Functionally normal","","","NA","CRISPR-Based Genome Editing","Base editing","38093011"
"NM_001002295.2(GATA3):c.639G>A (p.Ser213=)","chr10","8058702","G/A","GATA3","0.11","dataset0634","Synonymous","Neutral to the CD25 cell surface activation marker expression in CD4⁺ T cell","CD25 cell surface activation marker expression","4","Functionally normal","","1.92221e-05","NA","CRISPR-Based Genome Editing","Base editing","38093011"
"NM_001002295.2(GATA3):c.642G>A (p.Ser214=)","chr10","8058705","G/A","GATA3","-0.145","dataset0634","Synonymous","Neutral to the CD25 cell surface activation marker expression in CD4⁺ T cell","CD25 cell surface activation marker expression","4","Functionally normal","","","NA","CRISPR-Based Genome Editing","Base editing","38093011"
"NM_001002295.2(GATA3):c.664T>C (p.Tyr222His)","chr10","8058727","T/C","GATA3","-0.164","dataset0634","Missense","Neutral to the CD25 cell surface activation marker expression in CD4⁺ T cell","CD25 cell surface activation marker expression","4","Functionally normal","","","NA","CRISPR-Based Genome Editing","Base editing","38093011"
"NM_001002295.2(GATA3):c.669G>A (p.Pro223=)","chr10","8058732","G/A","GATA3","-0.01","dataset0634","Synonymous","Neutral to the CD25 cell surface activation marker expression in CD4⁺ T cell","CD25 cell surface activation marker expression","4","Functionally normal","","9.55373e-05","NA","CRISPR-Based Genome Editing","Base editing","38093011"
"NM_001002295.2(GATA3):c.673T>C (p.Tyr225His)","chr10","8058736","T/C","GATA3","-0.135","dataset0634","Missense","Neutral to the CD25 cell surface activation marker expression in CD4⁺ T cell","CD25 cell surface activation marker expression","4","Functionally normal","","6.20263e-07","NA","CRISPR-Based Genome Editing","Base editing","38093011"
"NM_001002295.2(GATA3):c.675C>T (p.Tyr225=)","chr10","8058738","C/T","GATA3","-0.249","dataset0634","Synonymous","Neutral to the CD25 cell surface activation marker expression in CD4⁺ T cell","CD25 cell surface activation marker expression","4","Functionally normal","","4.34184e-06","NA","CRISPR-Based Genome Editing","Base editing","38093011"
"NM_001002295.2(GATA3):c.676G>A (p.Val226Met)","chr10","8058739","G/A","GATA3","-0.043","dataset0634","Missense","Neutral to the CD25 cell surface activation marker expression in CD4⁺ T cell","CD25 cell surface activation marker expression","4","Functionally normal","Uncertain significance","1.86095e-06","ucec:0.2% (1/529):0.380","CRISPR-Based Genome Editing","Base editing","38093011"
"NM_001002295.2(GATA3):c.677T>C (p.Val226Ala)","chr10","8058740","T/C","GATA3","0.072","dataset0634","Missense","Neutral to the CD25 cell surface activation marker expression in CD4⁺ T cell","CD25 cell surface activation marker expression","4","Functionally normal","","","NA","CRISPR-Based Genome Editing","Base editing","38093011"
"NM_001002295.2(GATA3):c.678G>A (p.Val226=)","chr10","8058741","G/A","GATA3","-0.073","dataset0634","Synonymous","Neutral to the CD25 cell surface activation marker expression in CD4⁺ T cell","CD25 cell surface activation marker expression","4","Functionally normal","","","NA","CRISPR-Based Genome Editing","Base editing","38093011"
"NM_001002295.2(GATA3):c.679C>T (p.Pro227Ser)","chr10","8058742","C/T","GATA3","-0.249","dataset0634","Missense","Neutral to the CD25 cell surface activation marker expression in CD4⁺ T cell","CD25 cell surface activation marker expression","4","Functionally normal","","6.20284e-07","NA","CRISPR-Based Genome Editing","Base editing","38093011"
"NM_001002295.2(GATA3):c.680C>T (p.Pro227Leu)","chr10","8058743","C/T","GATA3","-0.249","dataset0634","Missense","Neutral to the CD25 cell surface activation marker expression in CD4⁺ T cell","CD25 cell surface activation marker expression","4","Functionally normal","","","NA","CRISPR-Based Genome Editing","Base editing","38093011"
"NM_001002295.2(GATA3):c.681C>T (p.Pro227=)","chr10","8058744","C/T","GATA3","-0.249","dataset0634","Synonymous","Neutral to the CD25 cell surface activation marker expression in CD4⁺ T cell","CD25 cell surface activation marker expression","4","Functionally normal","Likely benign","4.96241e-06","NA","CRISPR-Based Genome Editing","Base editing","38093011"
"NM_001002295.2(GATA3):c.682G>A (p.Glu228Lys)","chr10","8058745","G/A","GATA3","-0.228","dataset0634","Missense","Neutral to the CD25 cell surface activation marker expression in CD4⁺ T cell","CD25 cell surface activation marker expression","4","Functionally normal","","1.24071e-06","stad:0.2% (1/440):0.260","CRISPR-Based Genome Editing","Base editing","38093011"
"NM_001002295.2(GATA3):c.684G>A (p.Glu228=)","chr10","8058747","G/A","GATA3","-0.228","dataset0634","Synonymous","Neutral to the CD25 cell surface activation marker expression in CD4⁺ T cell","CD25 cell surface activation marker expression","4","Functionally normal","","","NA","CRISPR-Based Genome Editing","Base editing","38093011"
"NM_001002295.2(GATA3):c.685T>C (p.Tyr229His)","chr10","8058748","T/C","GATA3","-0.017","dataset0634","Missense","Neutral to the CD25 cell surface activation marker expression in CD4⁺ T cell","CD25 cell surface activation marker expression","4","Functionally normal","","","NA","CRISPR-Based Genome Editing","Base editing","38093011"
"NM_001002295.2(GATA3):c.689G>A (p.Ser230Asn)","chr10","8058752","G/A","GATA3","-0.132","dataset0634","Missense","Neutral to the CD25 cell surface activation marker expression in CD4⁺ T cell","CD25 cell surface activation marker expression","4","Functionally normal","","6.20537e-07","NA","CRISPR-Based Genome Editing","Base editing","38093011"
"NM_001002295.2(GATA3):c.691T>C (p.Ser231Pro)","chr10","8058754","T/C","GATA3","0.05","dataset0634","Missense","Neutral to the CD25 cell surface activation marker expression in CD4⁺ T cell","CD25 cell surface activation marker expression","4","Functionally normal","Uncertain significance","6.20754e-07","NA","CRISPR-Based Genome Editing","Base editing","38093011"
"NM_001002295.2(GATA3):c.694G>A (p.Gly232Arg)","chr10","8058757","G/A","GATA3","-0.114","dataset0634","Missense","Neutral to the CD25 cell surface activation marker expression in CD4⁺ T cell","CD25 cell surface activation marker expression","4","Functionally normal","","1.86194e-06","NA","CRISPR-Based Genome Editing","Base editing","38093011"
"NM_001002295.2(GATA3):c.695G>A (p.Gly232Glu)","chr10","8058758","G/A","GATA3","-0.114","dataset0634","Missense","Neutral to the CD25 cell surface activation marker expression in CD4⁺ T cell","CD25 cell surface activation marker expression","4","Functionally normal","","","NA","CRISPR-Based Genome Editing","Base editing","38093011"
"NM_001002295.2(GATA3):c.698T>C (p.Leu233Pro)","chr10","8058761","T/C","GATA3","0.062","dataset0634","Missense","Neutral to the CD25 cell surface activation marker expression in CD4⁺ T cell","CD25 cell surface activation marker expression","4","Functionally normal","","","NA","CRISPR-Based Genome Editing","Base editing","38093011"
"NM_001002295.2(GATA3):c.699C>T (p.Leu233=)","chr10","8058762","C/T","GATA3","0.094","dataset0634","Synonymous","Neutral to the CD25 cell surface activation marker expression in CD4⁺ T cell","CD25 cell surface activation marker expression","4","Functionally normal","","","NA","CRISPR-Based Genome Editing","Base editing","38093011"
"NM_001002295.2(GATA3):c.700T>C (p.Phe234Leu)","chr10","8058763","T/C","GATA3","0.125","dataset0634","Missense","Neutral to the CD25 cell surface activation marker expression in CD4⁺ T cell","CD25 cell surface activation marker expression","4","Functionally normal","","","NA","CRISPR-Based Genome Editing","Base editing","38093011"
"NM_001002295.2(GATA3):c.702C>T (p.Phe234=)","chr10","8058765","C/T","GATA3","-0.222","dataset0634","Synonymous","Neutral to the CD25 cell surface activation marker expression in CD4⁺ T cell","CD25 cell surface activation marker expression","4","Functionally normal","","4.96974e-06","NA","CRISPR-Based Genome Editing","Base editing","38093011"
"NM_001002295.2(GATA3):c.703C>T (p.Pro235Ser)","chr10","8058766","C/T","GATA3","-0.147","dataset0634","Missense","Neutral to the CD25 cell surface activation marker expression in CD4⁺ T cell","CD25 cell surface activation marker expression","4","Functionally normal","","","NA","CRISPR-Based Genome Editing","Base editing","38093011"
"NM_001002295.2(GATA3):c.704C>T (p.Pro235Leu)","chr10","8058767","C/T","GATA3","-0.147","dataset0634","Missense","Neutral to the CD25 cell surface activation marker expression in CD4⁺ T cell","CD25 cell surface activation marker expression","4","Functionally normal","","","NA","CRISPR-Based Genome Editing","Base editing","38093011"
"NM_001002295.2(GATA3):c.705C>T (p.Pro235=)","chr10","8058768","C/T","GATA3","-0.147","dataset0634","Synonymous","Neutral to the CD25 cell surface activation marker expression in CD4⁺ T cell","CD25 cell surface activation marker expression","4","Functionally normal","Likely benign","1.55214e-05","NA","CRISPR-Based Genome Editing","Base editing","38093011"
"NM_001002295.2(GATA3):c.706C>T (p.Pro236Ser)","chr10","8058769","C/T","GATA3","-0.147","dataset0634","Missense","Neutral to the CD25 cell surface activation marker expression in CD4⁺ T cell","CD25 cell surface activation marker expression","4","Functionally normal","Uncertain significance","2.48339e-05","NA","CRISPR-Based Genome Editing","Base editing","38093011"
"NM_001002295.2(GATA3):c.707C>T (p.Pro236Leu)","chr10","8058770","C/T","GATA3","-0.147","dataset0634","Missense","Neutral to the CD25 cell surface activation marker expression in CD4⁺ T cell","CD25 cell surface activation marker expression","4","Functionally normal","","1.24165e-06","NA","CRISPR-Based Genome Editing","Base editing","38093011"
"NM_001002295.2(GATA3):c.708C>T (p.Pro236=)","chr10","8058771","C/T","GATA3","-0.147","dataset0634","Synonymous","Neutral to the CD25 cell surface activation marker expression in CD4⁺ T cell","CD25 cell surface activation marker expression","4","Functionally normal","","4.96746e-06","NA","CRISPR-Based Genome Editing","Base editing","38093011"
"NM_001002295.2(GATA3):c.709A>G (p.Ser237Gly)","chr10","8058772","A/G","GATA3","0.406","dataset0634","Missense","The enhanced CD25 cell surface activation marker expression in CD4⁺ T cell","CD25 cell surface activation marker expression","4","Gain-of-function","","","NA","CRISPR-Based Genome Editing","Base editing","38093011"
"NM_001002295.2(GATA3):c.710G>A (p.Ser237Asn)","chr10","8058773","G/A","GATA3","0.001","dataset0634","Missense","Neutral to the CD25 cell surface activation marker expression in CD4⁺ T cell","CD25 cell surface activation marker expression","4","Functionally normal","","0","NA","CRISPR-Based Genome Editing","Base editing","38093011"
"NM_001002295.2(GATA3):c.711C>T (p.Ser237=)","chr10","8058774","C/T","GATA3","-0.147","dataset0634","Synonymous","Neutral to the CD25 cell surface activation marker expression in CD4⁺ T cell","CD25 cell surface activation marker expression","4","Functionally normal","Likely benign","6.20967e-06","NA","CRISPR-Based Genome Editing","Base editing","38093011"
"NM_001002295.2(GATA3):c.713G>A (p.Ser238Asn)","chr10","8058776","G/A","GATA3","-0.04","dataset0634","Missense","Neutral to the CD25 cell surface activation marker expression in CD4⁺ T cell","CD25 cell surface activation marker expression","4","Functionally normal","","","NA","CRISPR-Based Genome Editing","Base editing","38093011"
"NM_001002295.2(GATA3):c.715C>T (p.Leu239=)","chr10","8058778","C/T","GATA3","0.058","dataset0634","Synonymous","Neutral to the CD25 cell surface activation marker expression in CD4⁺ T cell","CD25 cell surface activation marker expression","4","Functionally normal","","","NA","CRISPR-Based Genome Editing","Base editing","38093011"
"NM_001002295.2(GATA3):c.717G>A (p.Leu239=)","chr10","8058780","G/A","GATA3","-0.018","dataset0634","Synonymous","Neutral to the CD25 cell surface activation marker expression in CD4⁺ T cell","CD25 cell surface activation marker expression","4","Functionally normal","","0","NA","CRISPR-Based Genome Editing","Base editing","38093011"
"NM_001002295.2(GATA3):c.719T>C (p.Leu240Pro)","chr10","8058782","T/C","GATA3","0.18","dataset0634","Missense","Neutral to the CD25 cell surface activation marker expression in CD4⁺ T cell","CD25 cell surface activation marker expression","4","Functionally normal","","","NA","CRISPR-Based Genome Editing","Base editing","38093011"
"NM_001002295.2(GATA3):c.720G>A (p.Leu240=)","chr10","8058783","G/A","GATA3","-0.018","dataset0634","Synonymous","Neutral to the CD25 cell surface activation marker expression in CD4⁺ T cell","CD25 cell surface activation marker expression","4","Functionally normal","","6.21294e-07","NA","CRISPR-Based Genome Editing","Base editing","38093011"
"NM_001002295.2(GATA3):c.721G>A (p.Gly241Ser)","chr10","8058784","G/A","GATA3","-0.018","dataset0634","Missense","Neutral to the CD25 cell surface activation marker expression in CD4⁺ T cell","CD25 cell surface activation marker expression","4","Functionally normal","","6.21292e-07","NA","CRISPR-Based Genome Editing","Base editing","38093011"
"NM_001002295.2(GATA3):c.722G>A (p.Gly241Asp)","chr10","8058785","G/A","GATA3","-0.018","dataset0634","Missense","Neutral to the CD25 cell surface activation marker expression in CD4⁺ T cell","CD25 cell surface activation marker expression","4","Functionally normal","","","NA","CRISPR-Based Genome Editing","Base editing","38093011"
"NM_001002295.2(GATA3):c.723C>T (p.Gly241=)","chr10","8058786","C/T","GATA3","-0.219","dataset0634","Synonymous","Neutral to the CD25 cell surface activation marker expression in CD4⁺ T cell","CD25 cell surface activation marker expression","4","Functionally normal","","1.24303e-06","NA","CRISPR-Based Genome Editing","Base editing","38093011"
"NM_001002295.2(GATA3):c.724G>A (p.Gly242Ser)","chr10","8058787","G/A","GATA3","-0.083","dataset0634","Missense","Neutral to the CD25 cell surface activation marker expression in CD4⁺ T cell","CD25 cell surface activation marker expression","4","Functionally normal","Likely benign","0.000128007","NA","CRISPR-Based Genome Editing","Base editing","38093011"
"NM_001002295.2(GATA3):c.726C>T (p.Gly242=)","chr10","8058789","C/T","GATA3","-0.219","dataset0634","Synonymous","Neutral to the CD25 cell surface activation marker expression in CD4⁺ T cell","CD25 cell surface activation marker expression","4","Functionally normal","","","NA","CRISPR-Based Genome Editing","Base editing","38093011"
"NM_001002295.2(GATA3):c.727T>C (p.Ser243Pro)","chr10","8058790","T/C","GATA3","0.109","dataset0634","Missense","Neutral to the CD25 cell surface activation marker expression in CD4⁺ T cell","CD25 cell surface activation marker expression","4","Functionally normal","","6.21749e-07","NA","CRISPR-Based Genome Editing","Base editing","38093011"
"NM_001002295.2(GATA3):c.734C>T (p.Thr245Ile)","chr10","8058797","C/T","GATA3","-0.565","dataset0634","Missense","The diminished CD25 cell surface activation marker expression in CD4⁺ T cell","CD25 cell surface activation marker expression","4","Loss-of-function","","3.10955e-06","NA","CRISPR-Based Genome Editing","Base editing","38093011"
"NM_001002295.2(GATA3):c.735C>T (p.Thr245=)","chr10","8058798","C/T","GATA3","-0.565","dataset0634","Synonymous","The diminished CD25 cell surface activation marker expression in CD4⁺ T cell","CD25 cell surface activation marker expression","4","Loss-of-function","Likely benign","1.43072e-05","NA","CRISPR-Based Genome Editing","Base editing","38093011"
"NM_001002295.2(GATA3):c.738C>T (p.Gly246=)","chr10","8058801","C/T","GATA3","-0.565","dataset0634","Synonymous","The diminished CD25 cell surface activation marker expression in CD4⁺ T cell","CD25 cell surface activation marker expression","4","Loss-of-function","","","NA","CRISPR-Based Genome Editing","Base editing","38093011"
"NM_001002295.2(GATA3):c.741C>T (p.Phe247=)","chr10","8058804","C/T","GATA3","0.165","dataset0634","Synonymous","Neutral to the CD25 cell surface activation marker expression in CD4⁺ T cell","CD25 cell surface activation marker expression","4","Functionally normal","","1.86657e-06","NA","CRISPR-Based Genome Editing","Base editing","38093011"
"NM_001002295.2(GATA3):c.742G>A (p.Gly248Arg)","chr10","8058805","G/A","GATA3","0.073","dataset0634","Missense","Neutral to the CD25 cell surface activation marker expression in CD4⁺ T cell","CD25 cell surface activation marker expression","4","Functionally normal","Uncertain significance","1.05792e-05","NA","CRISPR-Based Genome Editing","Base editing","38093011"
"NM_001002295.2(GATA3):c.743G>A (p.Gly248Glu)","chr10","8058806","G/A","GATA3","0.073","dataset0634","Missense","Neutral to the CD25 cell surface activation marker expression in CD4⁺ T cell","CD25 cell surface activation marker expression","4","Functionally normal","","","NA","CRISPR-Based Genome Editing","Base editing","38093011"
"NM_001002295.2(GATA3):c.744A>G (p.Gly248=)","chr10","8058807","A/G","GATA3","0.06","dataset0634","Synonymous","Neutral to the CD25 cell surface activation marker expression in CD4⁺ T cell","CD25 cell surface activation marker expression","4","Functionally normal","","","NA","CRISPR-Based Genome Editing","Base editing","38093011"
"NM_001002295.2(GATA3):c.745T>C (p.Cys249Arg)","chr10","8058808","T/C","GATA3","0.027","dataset0634","Missense","Neutral to the CD25 cell surface activation marker expression in CD4⁺ T cell","CD25 cell surface activation marker expression","4","Functionally normal","","6.2239e-07","NA","CRISPR-Based Genome Editing","Base editing","38093011"
"NM_001002295.2(GATA3):c.746G>A (p.Cys249Tyr)","chr10","8058809","G/A","GATA3","-0.25","dataset0634","Missense","The diminished CD25 cell surface activation marker expression in CD4⁺ T cell","CD25 cell surface activation marker expression","4","Loss-of-function","","6.22522e-07","NA","CRISPR-Based Genome Editing","Base editing","38093011"
"NM_001002295.2(GATA3):c.747C>T (p.Cys249=)","chr10","8058810","C/T","GATA3","-0.041","dataset0634","Synonymous","Neutral to the CD25 cell surface activation marker expression in CD4⁺ T cell","CD25 cell surface activation marker expression","4","Functionally normal","","","NA","CRISPR-Based Genome Editing","Base editing","38093011"
"NM_001002295.2(GATA3):c.748A>G (p.Lys250Glu)","chr10","8058811","A/G","GATA3","0.366","dataset0634","Missense","The enhanced CD25 cell surface activation marker expression in CD4⁺ T cell","CD25 cell surface activation marker expression","4","Gain-of-function","","","NA","CRISPR-Based Genome Editing","Base editing","38093011"
"NM_001002295.2(GATA3):c.750G>A (p.Lys250=)","chr10","8058813","G/A","GATA3","-0.25","dataset0634","Synonymous","The diminished CD25 cell surface activation marker expression in CD4⁺ T cell","CD25 cell surface activation marker expression","4","Loss-of-function","","","NA","CRISPR-Based Genome Editing","Base editing","38093011"
"NM_001002295.2(GATA3):c.751T>C (p.Ser251Pro)","chr10","8058814","T/C","GATA3","0.166","dataset0634","Missense","Neutral to the CD25 cell surface activation marker expression in CD4⁺ T cell","CD25 cell surface activation marker expression","4","Functionally normal","","","NA","CRISPR-Based Genome Editing","Base editing","38093011"
"NM_001002295.2(GATA3):c.752C>T (p.Ser251Phe)","chr10","8058815","C/T","GATA3","-0.041","dataset0634","Missense","Neutral to the CD25 cell surface activation marker expression in CD4⁺ T cell","CD25 cell surface activation marker expression","4","Functionally normal","","","NA","CRISPR-Based Genome Editing","Base editing","38093011"
"NM_001002295.2(GATA3):c.753C>T (p.Ser251=)","chr10","8058816","C/T","GATA3","-0.041","dataset0634","Synonymous","Neutral to the CD25 cell surface activation marker expression in CD4⁺ T cell","CD25 cell surface activation marker expression","4","Functionally normal","","","NA","CRISPR-Based Genome Editing","Base editing","38093011"
"NM_001002295.2(GATA3):c.757C>T (p.Pro253Ser)","chr10","8058820","C/T","GATA3","-0.108","dataset0634","Missense","Neutral to the CD25 cell surface activation marker expression in CD4⁺ T cell","CD25 cell surface activation marker expression","4","Functionally normal","","","NA","CRISPR-Based Genome Editing","Base editing","38093011"
"NM_001002295.2(GATA3):c.758C>T (p.Pro253Leu)","chr10","8058821","C/T","GATA3","-0.108","dataset0634","Missense","Neutral to the CD25 cell surface activation marker expression in CD4⁺ T cell","CD25 cell surface activation marker expression","4","Functionally normal","","1.24613e-06","NA","CRISPR-Based Genome Editing","Base editing","38093011"
"NM_001002295.2(GATA3):c.760A>G (p.Lys254Glu)","chr10","8058823","A/G","GATA3","0.187","dataset0634","Missense","Neutral to the CD25 cell surface activation marker expression in CD4⁺ T cell","CD25 cell surface activation marker expression","4","Functionally normal","","","NA","CRISPR-Based Genome Editing","Base editing","38093011"
"NM_001002295.2(GATA3):c.761A>G (p.Lys254Arg)","chr10","8058824","A/G","GATA3","0.187","dataset0634","Missense","Neutral to the CD25 cell surface activation marker expression in CD4⁺ T cell","CD25 cell surface activation marker expression","4","Functionally normal","","","NA","CRISPR-Based Genome Editing","Base editing","38093011"
"NM_001002295.2(GATA3):c.762G>A (p.Lys254=)","chr10","8058825","G/A","GATA3","-0.965","dataset0634","Synonymous","The diminished CD25 cell surface activation marker expression in CD4⁺ T cell","CD25 cell surface activation marker expression","4","Loss-of-function","","","NA","CRISPR-Based Genome Editing","Base editing","38093011"
"NM_001002295.2(GATA3):c.763G>A (p.Ala255Thr)","chr10","8058826","G/A","GATA3","-0.965","dataset0634","Missense","The diminished CD25 cell surface activation marker expression in CD4⁺ T cell","CD25 cell surface activation marker expression","4","Loss-of-function","","0","NA","CRISPR-Based Genome Editing","Base editing","38093011"
"NM_001002295.2(GATA3):c.764C>T (p.Ala255Val)","chr10","8058827","C/T","GATA3","-0.33","dataset0634","Missense","The diminished CD25 cell surface activation marker expression in CD4⁺ T cell","CD25 cell surface activation marker expression","4","Loss-of-function","","","NA","CRISPR-Based Genome Editing","Base editing","38093011"
"NM_001002295.2(GATA3):c.765C>T (p.Ala255=)","chr10","8058828","C/T","GATA3","-0.33","dataset0634","Synonymous","The diminished CD25 cell surface activation marker expression in CD4⁺ T cell","CD25 cell surface activation marker expression","4","Loss-of-function","","","NA","CRISPR-Based Genome Editing","Base editing","38093011"
"NM_001002295.2(GATA3):c.766C>T (p.Arg256Trp)","chr10","8058829","C/T","GATA3","-0.33","dataset0634","Missense","The diminished CD25 cell surface activation marker expression in CD4⁺ T cell","CD25 cell surface activation marker expression","4","Loss-of-function","Uncertain significance","1.24701e-06","NA","CRISPR-Based Genome Editing","Base editing","38093011"
"NM_001002295.2(GATA3):c.767G>A (p.Arg256Gln)","chr10","8058830","G/A","GATA3","0.221","dataset0634","Missense","Neutral to the CD25 cell surface activation marker expression in CD4⁺ T cell","CD25 cell surface activation marker expression","4","Functionally normal","","1.24707e-06","NA","CRISPR-Based Genome Editing","Base editing","38093011"
"NM_001002295.2(GATA3):c.768G>A (p.Arg256=)","chr10","8058831","G/A","GATA3","0.504","dataset0634","Synonymous","The enhanced CD25 cell surface activation marker expression in CD4⁺ T cell","CD25 cell surface activation marker expression","4","Gain-of-function","","6.23626e-06","NA","CRISPR-Based Genome Editing","Base editing","38093011"
"NM_001002295.2(GATA3):c.769T>C (p.Ser257Pro)","chr10","8058832","T/C","GATA3","0.097","dataset0634","Missense","Neutral to the CD25 cell surface activation marker expression in CD4⁺ T cell","CD25 cell surface activation marker expression","4","Functionally normal","","","NA","CRISPR-Based Genome Editing","Base editing","38093011"
"NM_001002295.2(GATA3):c.773G>A (p.Ser258Asn)","chr10","8058836","G/A","GATA3","0.504","dataset0634","Missense","The enhanced CD25 cell surface activation marker expression in CD4⁺ T cell","CD25 cell surface activation marker expression","4","Gain-of-function","","","NA","CRISPR-Based Genome Editing","Base editing","38093011"
"NM_001002295.2(GATA3):c.783C>T (p.Gly261=)","chr10","8063997","C/T","GATA3","-0.37","dataset0634","Synonymous","The diminished CD25 cell surface activation marker expression in CD4⁺ T cell","CD25 cell surface activation marker expression","4","Loss-of-function","","","NA","CRISPR-Based Genome Editing","Base editing","38093011"
"NM_001002295.2(GATA3):c.784A>G (p.Arg262Gly)","chr10","8063998","A/G","GATA3","-0.298","dataset0634","Missense","The diminished CD25 cell surface activation marker expression in CD4⁺ T cell","CD25 cell surface activation marker expression","4","Loss-of-function","","","NA","CRISPR-Based Genome Editing","Base editing","38093011"
"NM_001002295.2(GATA3):c.785G>A (p.Arg262Lys)","chr10","8063999","G/A","GATA3","-0.484","dataset0634","Missense","The diminished CD25 cell surface activation marker expression in CD4⁺ T cell","CD25 cell surface activation marker expression","4","Loss-of-function","","","NA","CRISPR-Based Genome Editing","Base editing","38093011"
"NM_001002295.2(GATA3):c.786G>A (p.Arg262=)","chr10","8064000","G/A","GATA3","-0.484","dataset0634","Synonymous","The diminished CD25 cell surface activation marker expression in CD4⁺ T cell","CD25 cell surface activation marker expression","4","Loss-of-function","","","NA","CRISPR-Based Genome Editing","Base editing","38093011"
"NM_001002295.2(GATA3):c.787G>A (p.Glu263Lys)","chr10","8064001","G/A","GATA3","-0.484","dataset0634","Missense","The diminished CD25 cell surface activation marker expression in CD4⁺ T cell","CD25 cell surface activation marker expression","4","Loss-of-function","","","brca:0.1% (1/1084):0.130","CRISPR-Based Genome Editing","Base editing","38093011"
"NM_001002295.2(GATA3):c.788A>G (p.Glu263Gly)","chr10","8064002","A/G","GATA3","-0.926","dataset0634","Missense","The diminished CD25 cell surface activation marker expression in CD4⁺ T cell","CD25 cell surface activation marker expression","4","Loss-of-function","Uncertain significance","","NA","CRISPR-Based Genome Editing","Base editing","38093011"
"NM_001002295.2(GATA3):c.789G>A (p.Glu263=)","chr10","8064003","G/A","GATA3","-0.484","dataset0634","Synonymous","The diminished CD25 cell surface activation marker expression in CD4⁺ T cell","CD25 cell surface activation marker expression","4","Loss-of-function","","1.23899e-06","NA","CRISPR-Based Genome Editing","Base editing","38093011"
"NM_001002295.2(GATA3):c.790T>C (p.Cys264Arg)","chr10","8064004","T/C","GATA3","-0.735","dataset0634","Missense","The diminished CD25 cell surface activation marker expression in CD4⁺ T cell","CD25 cell surface activation marker expression","4","Loss-of-function","Conflicting classifications of pathogenicity","","NA","CRISPR-Based Genome Editing","Base editing","38093011"
"NM_001002295.2(GATA3):c.791G>A (p.Cys264Tyr)","chr10","8064005","G/A","GATA3","-0.484","dataset0634","Missense","The diminished CD25 cell surface activation marker expression in CD4⁺ T cell","CD25 cell surface activation marker expression","4","Loss-of-function","Uncertain significance","","NA","CRISPR-Based Genome Editing","Base editing","38093011"
"NM_001002295.2(GATA3):c.792T>C (p.Cys264=)","chr10","8064006","T/C","GATA3","-0.735","dataset0634","Synonymous","The diminished CD25 cell surface activation marker expression in CD4⁺ T cell","CD25 cell surface activation marker expression","4","Loss-of-function","","","NA","CRISPR-Based Genome Editing","Base editing","38093011"
"NM_001002295.2(GATA3):c.793G>A (p.Val265Met)","chr10","8064007","G/A","GATA3","-0.484","dataset0634","Missense","The diminished CD25 cell surface activation marker expression in CD4⁺ T cell","CD25 cell surface activation marker expression","4","Loss-of-function","","","NA","CRISPR-Based Genome Editing","Base editing","38093011"
"NM_001002295.2(GATA3):c.794T>C (p.Val265Ala)","chr10","8064008","T/C","GATA3","-0.735","dataset0634","Missense","The diminished CD25 cell surface activation marker expression in CD4⁺ T cell","CD25 cell surface activation marker expression","4","Loss-of-function","","","NA","CRISPR-Based Genome Editing","Base editing","38093011"
"NM_001002295.2(GATA3):c.795G>A (p.Val265=)","chr10","8064009","G/A","GATA3","-0.484","dataset0634","Synonymous","The diminished CD25 cell surface activation marker expression in CD4⁺ T cell","CD25 cell surface activation marker expression","4","Loss-of-function","","6.19503e-07","NA","CRISPR-Based Genome Editing","Base editing","38093011"
"NM_001002295.2(GATA3):c.806C>T (p.Ala269Val)","chr10","8064020","C/T","GATA3","-0.87","dataset0634","Missense","The diminished CD25 cell surface activation marker expression in CD4⁺ T cell","CD25 cell surface activation marker expression","4","Loss-of-function","","6.19499e-07","NA","CRISPR-Based Genome Editing","Base editing","38093011"
"NM_001002295.2(GATA3):c.807A>G (p.Ala269=)","chr10","8064021","A/G","GATA3","0.603","dataset0634","Synonymous","The enhanced CD25 cell surface activation marker expression in CD4⁺ T cell","CD25 cell surface activation marker expression","4","Gain-of-function","","","NA","CRISPR-Based Genome Editing","Base editing","38093011"
"NM_001002295.2(GATA3):c.808A>G (p.Thr270Ala)","chr10","8064022","A/G","GATA3","-0.878","dataset0634","Missense","The diminished CD25 cell surface activation marker expression in CD4⁺ T cell","CD25 cell surface activation marker expression","4","Loss-of-function","","","NA","CRISPR-Based Genome Editing","Base editing","38093011"
"NM_001002295.2(GATA3):c.809C>T (p.Thr270Ile)","chr10","8064023","C/T","GATA3","-0.87","dataset0634","Missense","The diminished CD25 cell surface activation marker expression in CD4⁺ T cell","CD25 cell surface activation marker expression","4","Loss-of-function","","","NA","CRISPR-Based Genome Editing","Base editing","38093011"
"NM_001002295.2(GATA3):c.810C>T (p.Thr270=)","chr10","8064024","C/T","GATA3","-0.87","dataset0634","Synonymous","The diminished CD25 cell surface activation marker expression in CD4⁺ T cell","CD25 cell surface activation marker expression","4","Loss-of-function","","6.19504e-07","NA","CRISPR-Based Genome Editing","Base editing","38093011"
"NM_001002295.2(GATA3):c.812C>T (p.Ser271Leu)","chr10","8064026","C/T","GATA3","-0.87","dataset0634","Missense","The diminished CD25 cell surface activation marker expression in CD4⁺ T cell","CD25 cell surface activation marker expression","4","Loss-of-function","Uncertain significance","","NA","CRISPR-Based Genome Editing","Base editing","38093011"
"NM_001002295.2(GATA3):c.815C>T (p.Thr272Ile)","chr10","8064029","C/T","GATA3","0.229","dataset0634","Missense","Neutral to the CD25 cell surface activation marker expression in CD4⁺ T cell","CD25 cell surface activation marker expression","4","Functionally normal","Pathogenic","","NA","CRISPR-Based Genome Editing","Base editing","38093011"
"NM_001002295.2(GATA3):c.816C>T (p.Thr272=)","chr10","8064030","C/T","GATA3","-0.291","dataset0634","Synonymous","The diminished CD25 cell surface activation marker expression in CD4⁺ T cell","CD25 cell surface activation marker expression","4","Loss-of-function","","","NA","CRISPR-Based Genome Editing","Base editing","38093011"
"NM_001002295.2(GATA3):c.817C>T (p.Pro273Ser)","chr10","8064031","C/T","GATA3","-0.291","dataset0634","Missense","The diminished CD25 cell surface activation marker expression in CD4⁺ T cell","CD25 cell surface activation marker expression","4","Loss-of-function","","","NA","CRISPR-Based Genome Editing","Base editing","38093011"
"NM_001002295.2(GATA3):c.818C>T (p.Pro273Leu)","chr10","8064032","C/T","GATA3","-0.291","dataset0634","Missense","The diminished CD25 cell surface activation marker expression in CD4⁺ T cell","CD25 cell surface activation marker expression","4","Loss-of-function","","","NA","CRISPR-Based Genome Editing","Base editing","38093011"
"NM_001002295.2(GATA3):c.819A>G (p.Pro273=)","chr10","8064033","A/G","GATA3","-0.005","dataset0634","Synonymous","Neutral to the CD25 cell surface activation marker expression in CD4⁺ T cell","CD25 cell surface activation marker expression","4","Functionally normal","","","NA","CRISPR-Based Genome Editing","Base editing","38093011"
"NM_001002295.2(GATA3):c.820C>T (p.Leu274=)","chr10","8064034","C/T","GATA3","-1.311","dataset0634","Synonymous","The diminished CD25 cell surface activation marker expression in CD4⁺ T cell","CD25 cell surface activation marker expression","4","Loss-of-function","","","NA","CRISPR-Based Genome Editing","Base editing","38093011"
"NM_001002295.2(GATA3):c.822G>A (p.Leu274=)","chr10","8064036","G/A","GATA3","-0.751","dataset0634","Synonymous","The diminished CD25 cell surface activation marker expression in CD4⁺ T cell","CD25 cell surface activation marker expression","4","Loss-of-function","","","NA","CRISPR-Based Genome Editing","Base editing","38093011"
"NM_001002295.2(GATA3):c.824G>A (p.Trp275Ter)","chr10","8064038","G/A","GATA3","-0.751","dataset0634","Nonsense","The diminished CD25 cell surface activation marker expression in CD4⁺ T cell","CD25 cell surface activation marker expression","4","Loss-of-function","","","NA","CRISPR-Based Genome Editing","Base editing","38093011"
"NM_001002295.2(GATA3):c.825G>A (p.Trp275Ter)","chr10","8064039","G/A","GATA3","-0.228","dataset0634","Nonsense","Neutral to the CD25 cell surface activation marker expression in CD4⁺ T cell","CD25 cell surface activation marker expression","4","Functionally normal","Pathogenic","","NA","CRISPR-Based Genome Editing","Base editing","38093011"
"NM_001002295.2(GATA3):c.826C>T (p.Arg276Trp)","chr10","8064040","C/T","GATA3","-1.311","dataset0634","Missense","The diminished CD25 cell surface activation marker expression in CD4⁺ T cell","CD25 cell surface activation marker expression","4","Loss-of-function","Likely pathogenic","","NA","CRISPR-Based Genome Editing","Base editing","38093011"
"NM_001002295.2(GATA3):c.827G>A (p.Arg276Gln)","chr10","8064041","G/A","GATA3","-0.432","dataset0634","Missense","The diminished CD25 cell surface activation marker expression in CD4⁺ T cell","CD25 cell surface activation marker expression","4","Loss-of-function","Pathogenic","","coad:0.2% (1/439):0.380","CRISPR-Based Genome Editing","Base editing","38093011"
"NM_001002295.2(GATA3):c.828G>A (p.Arg276=)","chr10","8064042","G/A","GATA3","-0.432","dataset0634","Synonymous","The diminished CD25 cell surface activation marker expression in CD4⁺ T cell","CD25 cell surface activation marker expression","4","Loss-of-function","","","NA","CRISPR-Based Genome Editing","Base editing","38093011"
"NM_001002295.2(GATA3):c.830G>A (p.Arg277Gln)","chr10","8064044","G/A","GATA3","-0.432","dataset0634","Missense","The diminished CD25 cell surface activation marker expression in CD4⁺ T cell","CD25 cell surface activation marker expression","4","Loss-of-function","Uncertain significance","","ucec:0.2% (1/529):0.150","CRISPR-Based Genome Editing","Base editing","38093011"
"NM_001002295.2(GATA3):c.834T>C (p.Asp278=)","chr10","8064048","T/C","GATA3","0.028","dataset0634","Synonymous","Neutral to the CD25 cell surface activation marker expression in CD4⁺ T cell","CD25 cell surface activation marker expression","4","Functionally normal","","","NA","CRISPR-Based Genome Editing","Base editing","38093011"
"NM_001002295.2(GATA3):c.844C>T (p.His282Tyr)","chr10","8064058","C/T","GATA3","-0.284","dataset0634","Missense","The diminished CD25 cell surface activation marker expression in CD4⁺ T cell","CD25 cell surface activation marker expression","4","Loss-of-function","","","NA","CRISPR-Based Genome Editing","Base editing","38093011"
"NM_001002295.2(GATA3):c.846C>T (p.His282=)","chr10","8064060","C/T","GATA3","-0.527","dataset0634","Synonymous","The diminished CD25 cell surface activation marker expression in CD4⁺ T cell","CD25 cell surface activation marker expression","4","Loss-of-function","","1.85853e-06","NA","CRISPR-Based Genome Editing","Base editing","38093011"
"NM_001002295.2(GATA3):c.848A>G (p.Tyr283Cys)","chr10","8064062","A/G","GATA3","-0.136","dataset0634","Missense","Neutral to the CD25 cell surface activation marker expression in CD4⁺ T cell","CD25 cell surface activation marker expression","4","Functionally normal","","","NA","CRISPR-Based Genome Editing","Base editing","38093011"
"NM_001002295.2(GATA3):c.849C>T (p.Tyr283=)","chr10","8064063","C/T","GATA3","-0.527","dataset0634","Synonymous","The diminished CD25 cell surface activation marker expression in CD4⁺ T cell","CD25 cell surface activation marker expression","4","Loss-of-function","Likely benign","2.66407e-05","NA","CRISPR-Based Genome Editing","Base editing","38093011"
"NM_001002295.2(GATA3):c.850C>T (p.Leu284=)","chr10","8064064","C/T","GATA3","-0.527","dataset0634","Synonymous","The diminished CD25 cell surface activation marker expression in CD4⁺ T cell","CD25 cell surface activation marker expression","4","Loss-of-function","","5.57572e-06","NA","CRISPR-Based Genome Editing","Base editing","38093011"
"NM_001002295.2(GATA3):c.855C>T (p.Cys285=)","chr10","8064069","C/T","GATA3","-0.527","dataset0634","Synonymous","The diminished CD25 cell surface activation marker expression in CD4⁺ T cell","CD25 cell surface activation marker expression","4","Loss-of-function","","","NA","CRISPR-Based Genome Editing","Base editing","38093011"
"NM_001002295.2(GATA3):c.859G>A (p.Ala287Thr)","chr10","8064073","G/A","GATA3","-1.492","dataset0634","Missense","The diminished CD25 cell surface activation marker expression in CD4⁺ T cell","CD25 cell surface activation marker expression","4","Loss-of-function","Uncertain significance","","NA","CRISPR-Based Genome Editing","Base editing","38093011"
"NM_001002295.2(GATA3):c.863G>A (p.Cys288Tyr)","chr10","8064077","G/A","GATA3","-1.492","dataset0634","Missense","The diminished CD25 cell surface activation marker expression in CD4⁺ T cell","CD25 cell surface activation marker expression","4","Loss-of-function","","","NA","CRISPR-Based Genome Editing","Base editing","38093011"
"NM_001002295.2(GATA3):c.865G>A (p.Gly289Arg)","chr10","8064079","G/A","GATA3","-1.492","dataset0634","Missense","The diminished CD25 cell surface activation marker expression in CD4⁺ T cell","CD25 cell surface activation marker expression","4","Loss-of-function","Uncertain significance","","NA","CRISPR-Based Genome Editing","Base editing","38093011"
"NM_001002295.2(GATA3):c.866G>A (p.Gly289Glu)","chr10","8064080","G/A","GATA3","-1.492","dataset0634","Missense","The diminished CD25 cell surface activation marker expression in CD4⁺ T cell","CD25 cell surface activation marker expression","4","Loss-of-function","","","NA","CRISPR-Based Genome Editing","Base editing","38093011"
"NM_001002295.2(GATA3):c.867G>A (p.Gly289=)","chr10","8064081","G/A","GATA3","-1.492","dataset0634","Synonymous","The diminished CD25 cell surface activation marker expression in CD4⁺ T cell","CD25 cell surface activation marker expression","4","Loss-of-function","","6.19543e-07","NA","CRISPR-Based Genome Editing","Base editing","38093011"
"NM_001002295.2(GATA3):c.868C>T (p.Leu290Phe)","chr10","8064082","C/T","GATA3","-1.003","dataset0634","Missense","The diminished CD25 cell surface activation marker expression in CD4⁺ T cell","CD25 cell surface activation marker expression","4","Loss-of-function","","","NA","CRISPR-Based Genome Editing","Base editing","38093011"
"NM_001002295.2(GATA3):c.869T>C (p.Leu290Pro)","chr10","8064083","T/C","GATA3","-1.245","dataset0634","Missense","The diminished CD25 cell surface activation marker expression in CD4⁺ T cell","CD25 cell surface activation marker expression","4","Loss-of-function","","","NA","CRISPR-Based Genome Editing","Base editing","38093011"
"NM_001002295.2(GATA3):c.870C>T (p.Leu290=)","chr10","8064084","C/T","GATA3","-1.003","dataset0634","Synonymous","The diminished CD25 cell surface activation marker expression in CD4⁺ T cell","CD25 cell surface activation marker expression","4","Loss-of-function","Benign/Likely benign","3.90312e-05","NA","CRISPR-Based Genome Editing","Base editing","38093011"
"NM_001002295.2(GATA3):c.872A>G (p.Tyr291Cys)","chr10","8064086","A/G","GATA3","-0.789","dataset0634","Missense","The diminished CD25 cell surface activation marker expression in CD4⁺ T cell","CD25 cell surface activation marker expression","4","Loss-of-function","Uncertain significance","","NA","CRISPR-Based Genome Editing","Base editing","38093011"
"NM_001002295.2(GATA3):c.874C>T (p.His292Tyr)","chr10","8064088","C/T","GATA3","-1.003","dataset0634","Missense","The diminished CD25 cell surface activation marker expression in CD4⁺ T cell","CD25 cell surface activation marker expression","4","Loss-of-function","","","NA","CRISPR-Based Genome Editing","Base editing","38093011"
"NM_001002295.2(GATA3):c.876C>T (p.His292=)","chr10","8064090","C/T","GATA3","-0.249","dataset0634","Synonymous","Neutral to the CD25 cell surface activation marker expression in CD4⁺ T cell","CD25 cell surface activation marker expression","4","Functionally normal","","","NA","CRISPR-Based Genome Editing","Base editing","38093011"
"NM_001002295.2(GATA3):c.877A>G (p.Lys293Glu)","chr10","8064091","A/G","GATA3","-0.028","dataset0634","Missense","Neutral to the CD25 cell surface activation marker expression in CD4⁺ T cell","CD25 cell surface activation marker expression","4","Functionally normal","Uncertain significance","","NA","CRISPR-Based Genome Editing","Base editing","38093011"
"NM_001002295.2(GATA3):c.878A>G (p.Lys293Arg)","chr10","8064092","A/G","GATA3","-0.028","dataset0634","Missense","Neutral to the CD25 cell surface activation marker expression in CD4⁺ T cell","CD25 cell surface activation marker expression","4","Functionally normal","","","NA","CRISPR-Based Genome Editing","Base editing","38093011"
"NM_001002295.2(GATA3):c.879A>G (p.Lys293=)","chr10","8064093","A/G","GATA3","-0.028","dataset0634","Synonymous","Neutral to the CD25 cell surface activation marker expression in CD4⁺ T cell","CD25 cell surface activation marker expression","4","Functionally normal","","3.09781e-06","NA","CRISPR-Based Genome Editing","Base editing","38093011"
"NM_001002295.2(GATA3):c.880A>G (p.Met294Val)","chr10","8064094","A/G","GATA3","-0.028","dataset0634","Missense","Neutral to the CD25 cell surface activation marker expression in CD4⁺ T cell","CD25 cell surface activation marker expression","4","Functionally normal","","6.19523e-07","NA","CRISPR-Based Genome Editing","Base editing","38093011"
"NM_001002295.2(GATA3):c.882G>A (p.Met294Ile)","chr10","8064096","G/A","GATA3","-0.308","dataset0634","Missense","The diminished CD25 cell surface activation marker expression in CD4⁺ T cell","CD25 cell surface activation marker expression","4","Loss-of-function","","","NA","CRISPR-Based Genome Editing","Base editing","38093011"
"NM_001002295.2(GATA3):c.899C>T (p.Pro300Leu)","chr10","8064113","C/T","GATA3","-0.75","dataset0634","Missense","The diminished CD25 cell surface activation marker expression in CD4⁺ T cell","CD25 cell surface activation marker expression","4","Loss-of-function","","","NA","CRISPR-Based Genome Editing","Base editing","38093011"
"NM_001002295.2(GATA3):c.900C>T (p.Pro300=)","chr10","8064114","C/T","GATA3","-0.75","dataset0634","Synonymous","The diminished CD25 cell surface activation marker expression in CD4⁺ T cell","CD25 cell surface activation marker expression","4","Loss-of-function","Likely benign","","NA","CRISPR-Based Genome Editing","Base editing","38093011"
"NM_001002295.2(GATA3):c.901C>T (p.Leu301Phe)","chr10","8064115","C/T","GATA3","-0.75","dataset0634","Missense","The diminished CD25 cell surface activation marker expression in CD4⁺ T cell","CD25 cell surface activation marker expression","4","Loss-of-function","","","NA","CRISPR-Based Genome Editing","Base editing","38093011"
"NM_001002295.2(GATA3):c.903C>T (p.Leu301=)","chr10","8064117","C/T","GATA3","-0.369","dataset0634","Synonymous","The diminished CD25 cell surface activation marker expression in CD4⁺ T cell","CD25 cell surface activation marker expression","4","Loss-of-function","","6.19536e-07","NA","CRISPR-Based Genome Editing","Base editing","38093011"
"NM_001002295.2(GATA3):c.904A>G (p.Ile302Val)","chr10","8064118","A/G","GATA3","0.396","dataset0634","Missense","The enhanced CD25 cell surface activation marker expression in CD4⁺ T cell","CD25 cell surface activation marker expression","4","Gain-of-function","","","NA","CRISPR-Based Genome Editing","Base editing","38093011"
"NM_001002295.2(GATA3):c.907A>G (p.Lys303Glu)","chr10","8064121","A/G","GATA3","0.402","dataset0634","Missense","The enhanced CD25 cell surface activation marker expression in CD4⁺ T cell","CD25 cell surface activation marker expression","4","Gain-of-function","","","NA","CRISPR-Based Genome Editing","Base editing","38093011"
"NM_001002295.2(GATA3):c.908A>G (p.Lys303Arg)","chr10","8064122","A/G","GATA3","0.402","dataset0634","Missense","The enhanced CD25 cell surface activation marker expression in CD4⁺ T cell","CD25 cell surface activation marker expression","4","Gain-of-function","","1.23905e-06","NA","CRISPR-Based Genome Editing","Base editing","38093011"
"NM_001002295.2(GATA3):c.909G>A (p.Lys303=)","chr10","8064123","G/A","GATA3","-0.004","dataset0634","Synonymous","Neutral to the CD25 cell surface activation marker expression in CD4⁺ T cell","CD25 cell surface activation marker expression","4","Functionally normal","","","NA","CRISPR-Based Genome Editing","Base editing","38093011"
"NM_001002295.2(GATA3):c.910C>T (p.Pro304Ser)","chr10","8064124","C/T","GATA3","-0.369","dataset0634","Missense","The diminished CD25 cell surface activation marker expression in CD4⁺ T cell","CD25 cell surface activation marker expression","4","Loss-of-function","","","NA","CRISPR-Based Genome Editing","Base editing","38093011"
"NM_001002295.2(GATA3):c.911C>T (p.Pro304Leu)","chr10","8064125","C/T","GATA3","-0.369","dataset0634","Missense","The diminished CD25 cell surface activation marker expression in CD4⁺ T cell","CD25 cell surface activation marker expression","4","Loss-of-function","","","NA","CRISPR-Based Genome Editing","Base editing","38093011"
"NM_001002295.2(GATA3):c.915G>A (p.Lys305=)","chr10","8064129","G/A","GATA3","-0.248","dataset0634","Synonymous","Neutral to the CD25 cell surface activation marker expression in CD4⁺ T cell","CD25 cell surface activation marker expression","4","Functionally normal","Likely benign","1.92065e-05","NA","CRISPR-Based Genome Editing","Base editing","38093011"
"NM_001002295.2(GATA3):c.916C>T (p.Arg306Ter)","chr10","8064130","C/T","GATA3","-0.179","dataset0634","Nonsense","Neutral to the CD25 cell surface activation marker expression in CD4⁺ T cell","CD25 cell surface activation marker expression","4","Functionally normal","Pathogenic","","stad:0.2% (1/440):0.490","CRISPR-Based Genome Editing","Base editing","38093011"
"NM_001002295.2(GATA3):c.917G>A (p.Arg306Gln)","chr10","8064131","G/A","GATA3","0.24","dataset0634","Missense","Neutral to the CD25 cell surface activation marker expression in CD4⁺ T cell","CD25 cell surface activation marker expression","4","Functionally normal","","6.1953e-07","brca:0.1% (1/1084):0.440;coad:0.2% (1/439):0.130;ucec:0.2% (1/529):0.080","CRISPR-Based Genome Editing","Base editing","38093011"
"NM_001002295.2(GATA3):c.918A>G (p.Arg306=)","chr10","8064132","A/G","GATA3","-0.159","dataset0634","Synonymous","Neutral to the CD25 cell surface activation marker expression in CD4⁺ T cell","CD25 cell surface activation marker expression","4","Functionally normal","","","NA","CRISPR-Based Genome Editing","Base editing","38093011"
"NM_001002295.2(GATA3):c.919A>G (p.Arg307Gly)","chr10","8064133","A/G","GATA3","-0.159","dataset0634","Missense","Neutral to the CD25 cell surface activation marker expression in CD4⁺ T cell","CD25 cell surface activation marker expression","4","Functionally normal","","","NA","CRISPR-Based Genome Editing","Base editing","38093011"
"NM_001002295.2(GATA3):c.920G>A (p.Arg307Lys)","chr10","8064134","G/A","GATA3","-0.491","dataset0634","Missense","The diminished CD25 cell surface activation marker expression in CD4⁺ T cell","CD25 cell surface activation marker expression","4","Loss-of-function","","","NA","CRISPR-Based Genome Editing","Base editing","38093011"
"NM_001002295.2(GATA3):c.921G>A (p.Arg307=)","chr10","8064135","G/A","GATA3","-0.05","dataset0634","Synonymous","Neutral to the CD25 cell surface activation marker expression in CD4⁺ T cell","CD25 cell surface activation marker expression","4","Functionally normal","","6.19534e-07","NA","CRISPR-Based Genome Editing","Base editing","38093011"
"NM_001002295.2(GATA3):c.922C>T (p.Leu308=)","chr10","8064136","C/T","GATA3","-0.369","dataset0634","Splice site","The diminished CD25 cell surface activation marker expression in CD4⁺ T cell","CD25 cell surface activation marker expression","4","Loss-of-function","","","NA","CRISPR-Based Genome Editing","Base editing","38093011"
"NM_001002295.2(GATA3):c.924G>A (p.Leu308=)","chr10","8064138","G/A","GATA3","-1.267","dataset0634","Splice site","The diminished CD25 cell surface activation marker expression in CD4⁺ T cell","CD25 cell surface activation marker expression","4","Loss-of-function","","6.19531e-07","NA","CRISPR-Based Genome Editing","Base editing","38093011"
"NM_001002295.2(GATA3):c.925T>C (p.Ser309Pro)","chr10","8069473","T/C","GATA3","0.209","dataset0634","Missense","Neutral to the CD25 cell surface activation marker expression in CD4⁺ T cell","CD25 cell surface activation marker expression","4","Functionally normal","","","NA","CRISPR-Based Genome Editing","Base editing","38093011"
"NM_001002295.2(GATA3):c.926C>T (p.Ser309Phe)","chr10","8069474","C/T","GATA3","-0.367","dataset0634","Missense","The diminished CD25 cell surface activation marker expression in CD4⁺ T cell","CD25 cell surface activation marker expression","4","Loss-of-function","","","NA","CRISPR-Based Genome Editing","Base editing","38093011"
"NM_001002295.2(GATA3):c.928G>A (p.Ala310Thr)","chr10","8069476","G/A","GATA3","-0.36","dataset0634","Missense","The diminished CD25 cell surface activation marker expression in CD4⁺ T cell","CD25 cell surface activation marker expression","4","Loss-of-function","","6.20278e-07","NA","CRISPR-Based Genome Editing","Base editing","38093011"
"NM_001002295.2(GATA3):c.930A>G (p.Ala310=)","chr10","8069478","A/G","GATA3","-0.029","dataset0634","Synonymous","Neutral to the CD25 cell surface activation marker expression in CD4⁺ T cell","CD25 cell surface activation marker expression","4","Functionally normal","","","NA","CRISPR-Based Genome Editing","Base editing","38093011"
"NM_001002295.2(GATA3):c.931G>A (p.Ala311Thr)","chr10","8069479","G/A","GATA3","-0.008","dataset0634","Missense","Neutral to the CD25 cell surface activation marker expression in CD4⁺ T cell","CD25 cell surface activation marker expression","4","Functionally normal","","","NA","CRISPR-Based Genome Editing","Base editing","38093011"
"NM_001002295.2(GATA3):c.935G>A (p.Arg312Lys)","chr10","8069483","G/A","GATA3","-0.008","dataset0634","Missense","Neutral to the CD25 cell surface activation marker expression in CD4⁺ T cell","CD25 cell surface activation marker expression","4","Functionally normal","","","NA","CRISPR-Based Genome Editing","Base editing","38093011"
"NM_001002295.2(GATA3):c.936G>A (p.Arg312=)","chr10","8069484","G/A","GATA3","0.025","dataset0634","Synonymous","Neutral to the CD25 cell surface activation marker expression in CD4⁺ T cell","CD25 cell surface activation marker expression","4","Functionally normal","","4.95718e-06","NA","CRISPR-Based Genome Editing","Base editing","38093011"
"NM_001002295.2(GATA3):c.943G>A (p.Gly315Arg)","chr10","8069491","G/A","GATA3","-1.473","dataset0634","Missense","The diminished CD25 cell surface activation marker expression in CD4⁺ T cell","CD25 cell surface activation marker expression","4","Loss-of-function","","","NA","CRISPR-Based Genome Editing","Base editing","38093011"
"NM_001002295.2(GATA3):c.944G>A (p.Gly315Glu)","chr10","8069492","G/A","GATA3","-1.473","dataset0634","Missense","The diminished CD25 cell surface activation marker expression in CD4⁺ T cell","CD25 cell surface activation marker expression","4","Loss-of-function","","","NA","CRISPR-Based Genome Editing","Base editing","38093011"
"NM_001002295.2(GATA3):c.945G>A (p.Gly315=)","chr10","8069493","G/A","GATA3","-1.473","dataset0634","Synonymous","The diminished CD25 cell surface activation marker expression in CD4⁺ T cell","CD25 cell surface activation marker expression","4","Loss-of-function","","","NA","CRISPR-Based Genome Editing","Base editing","38093011"
"NM_001002295.2(GATA3):c.948G>A (p.Thr316=)","chr10","8069496","G/A","GATA3","-1.473","dataset0634","Synonymous","The diminished CD25 cell surface activation marker expression in CD4⁺ T cell","CD25 cell surface activation marker expression","4","Loss-of-function","Likely benign","2.04525e-05","NA","CRISPR-Based Genome Editing","Base editing","38093011"
"NM_001002295.2(GATA3):c.949T>C (p.Ser317Pro)","chr10","8069497","T/C","GATA3","-0.344","dataset0634","Missense","The diminished CD25 cell surface activation marker expression in CD4⁺ T cell","CD25 cell surface activation marker expression","4","Loss-of-function","","","NA","CRISPR-Based Genome Editing","Base editing","38093011"
"NM_001002295.2(GATA3):c.952T>C (p.Cys318Arg)","chr10","8069500","T/C","GATA3","-0.344","dataset0634","Missense","The diminished CD25 cell surface activation marker expression in CD4⁺ T cell","CD25 cell surface activation marker expression","4","Loss-of-function","","","NA","CRISPR-Based Genome Editing","Base editing","38093011"
"NM_001002295.2(GATA3):c.953G>A (p.Cys318Tyr)","chr10","8069501","G/A","GATA3","-1.473","dataset0634","Missense","The diminished CD25 cell surface activation marker expression in CD4⁺ T cell","CD25 cell surface activation marker expression","4","Loss-of-function","","","NA","CRISPR-Based Genome Editing","Base editing","38093011"
"NM_001002295.2(GATA3):c.962G>A (p.Cys321Tyr)","chr10","8069510","G/A","GATA3","-1.483","dataset0634","Missense","The diminished CD25 cell surface activation marker expression in CD4⁺ T cell","CD25 cell surface activation marker expression","4","Loss-of-function","","","NA","CRISPR-Based Genome Editing","Base editing","38093011"
"NM_001002295.2(GATA3):c.966G>A (p.Gln322=)","chr10","8069514","G/A","GATA3","-1.483","dataset0634","Synonymous","The diminished CD25 cell surface activation marker expression in CD4⁺ T cell","CD25 cell surface activation marker expression","4","Loss-of-function","","","NA","CRISPR-Based Genome Editing","Base editing","38093011"
"NM_001002295.2(GATA3):c.967A>G (p.Thr323Ala)","chr10","8069515","A/G","GATA3","-1.215","dataset0634","Missense","The diminished CD25 cell surface activation marker expression in CD4⁺ T cell","CD25 cell surface activation marker expression","4","Loss-of-function","","","NA","CRISPR-Based Genome Editing","Base editing","38093011"
"NM_001002295.2(GATA3):c.968C>T (p.Thr323Ile)","chr10","8069516","C/T","GATA3","-1.062","dataset0634","Missense","The diminished CD25 cell surface activation marker expression in CD4⁺ T cell","CD25 cell surface activation marker expression","4","Loss-of-function","","","NA","CRISPR-Based Genome Editing","Base editing","38093011"
"NM_001002295.2(GATA3):c.969C>T (p.Thr323=)","chr10","8069517","C/T","GATA3","-1.062","dataset0634","Synonymous","The diminished CD25 cell surface activation marker expression in CD4⁺ T cell","CD25 cell surface activation marker expression","4","Loss-of-function","","","NA","CRISPR-Based Genome Editing","Base editing","38093011"
"NM_001002295.2(GATA3):c.970A>G (p.Thr324Ala)","chr10","8069518","A/G","GATA3","0.763","dataset0634","Missense","The enhanced CD25 cell surface activation marker expression in CD4⁺ T cell","CD25 cell surface activation marker expression","4","Gain-of-function","","","NA","CRISPR-Based Genome Editing","Base editing","38093011"
"NM_001002295.2(GATA3):c.971C>T (p.Thr324Ile)","chr10","8069519","C/T","GATA3","-0.528","dataset0634","Missense","The diminished CD25 cell surface activation marker expression in CD4⁺ T cell","CD25 cell surface activation marker expression","4","Loss-of-function","","","NA","CRISPR-Based Genome Editing","Base editing","38093011"
"NM_001002295.2(GATA3):c.972C>T (p.Thr324=)","chr10","8069520","C/T","GATA3","-0.528","dataset0634","Synonymous","The diminished CD25 cell surface activation marker expression in CD4⁺ T cell","CD25 cell surface activation marker expression","4","Loss-of-function","","","NA","CRISPR-Based Genome Editing","Base editing","38093011"
"NM_001002295.2(GATA3):c.973A>G (p.Thr325Ala)","chr10","8069521","A/G","GATA3","-1.275","dataset0634","Missense","The diminished CD25 cell surface activation marker expression in CD4⁺ T cell","CD25 cell surface activation marker expression","4","Loss-of-function","","","NA","CRISPR-Based Genome Editing","Base editing","38093011"
"NM_001002295.2(GATA3):c.974C>T (p.Thr325Ile)","chr10","8069522","C/T","GATA3","-0.528","dataset0634","Missense","The diminished CD25 cell surface activation marker expression in CD4⁺ T cell","CD25 cell surface activation marker expression","4","Loss-of-function","","","NA","CRISPR-Based Genome Editing","Base editing","38093011"
"NM_001002295.2(GATA3):c.975A>G (p.Thr325=)","chr10","8069523","A/G","GATA3","-1.275","dataset0634","Synonymous","The diminished CD25 cell surface activation marker expression in CD4⁺ T cell","CD25 cell surface activation marker expression","4","Loss-of-function","","6.19612e-07","NA","CRISPR-Based Genome Editing","Base editing","38093011"
"NM_001002295.2(GATA3):c.977C>T (p.Thr326Ile)","chr10","8069525","C/T","GATA3","-0.528","dataset0634","Missense","The diminished CD25 cell surface activation marker expression in CD4⁺ T cell","CD25 cell surface activation marker expression","4","Loss-of-function","","","NA","CRISPR-Based Genome Editing","Base editing","38093011"
"NM_001002295.2(GATA3):c.978C>T (p.Thr326=)","chr10","8069526","C/T","GATA3","0.08","dataset0634","Synonymous","Neutral to the CD25 cell surface activation marker expression in CD4⁺ T cell","CD25 cell surface activation marker expression","4","Functionally normal","","","NA","CRISPR-Based Genome Editing","Base editing","38093011"
"NM_001002295.2(GATA3):c.980C>T (p.Thr327Ile)","chr10","8069528","C/T","GATA3","0.08","dataset0634","Missense","Neutral to the CD25 cell surface activation marker expression in CD4⁺ T cell","CD25 cell surface activation marker expression","4","Functionally normal","","","NA","CRISPR-Based Genome Editing","Base editing","38093011"
"NM_001002295.2(GATA3):c.982C>T (p.Leu328Phe)","chr10","8069530","C/T","GATA3","-1.24","dataset0634","Missense","The diminished CD25 cell surface activation marker expression in CD4⁺ T cell","CD25 cell surface activation marker expression","4","Loss-of-function","","6.19539e-07","NA","CRISPR-Based Genome Editing","Base editing","38093011"
"NM_001002295.2(GATA3):c.983T>C (p.Leu328Pro)","chr10","8069531","T/C","GATA3","-2.099","dataset0634","Missense","The diminished CD25 cell surface activation marker expression in CD4⁺ T cell","CD25 cell surface activation marker expression","4","Loss-of-function","","","NA","CRISPR-Based Genome Editing","Base editing","38093011"
"NM_001002295.2(GATA3):c.984C>T (p.Leu328=)","chr10","8069532","C/T","GATA3","-0.224","dataset0634","Synonymous","Neutral to the CD25 cell surface activation marker expression in CD4⁺ T cell","CD25 cell surface activation marker expression","4","Functionally normal","","","NA","CRISPR-Based Genome Editing","Base editing","38093011"
"NM_001002295.2(GATA3):c.985T>C (p.Trp329Arg)","chr10","8069533","T/C","GATA3","-2.099","dataset0634","Missense","The diminished CD25 cell surface activation marker expression in CD4⁺ T cell","CD25 cell surface activation marker expression","4","Loss-of-function","","","NA","CRISPR-Based Genome Editing","Base editing","38093011"
"NM_001002295.2(GATA3):c.986G>A (p.Trp329Ter)","chr10","8069534","G/A","GATA3","-0.586","dataset0634","Nonsense","The diminished CD25 cell surface activation marker expression in CD4⁺ T cell","CD25 cell surface activation marker expression","4","Loss-of-function","","","brca:0.1% (1/1084):0.200","CRISPR-Based Genome Editing","Base editing","38093011"
"NM_001002295.2(GATA3):c.987G>A (p.Trp329Ter)","chr10","8069535","G/A","GATA3","-1.394","dataset0634","Nonsense","The diminished CD25 cell surface activation marker expression in CD4⁺ T cell","CD25 cell surface activation marker expression","4","Loss-of-function","","","NA","CRISPR-Based Genome Editing","Base editing","38093011"
"NM_001002295.2(GATA3):c.988A>G (p.Arg330Gly)","chr10","8069536","A/G","GATA3","-1.352","dataset0634","Missense","The diminished CD25 cell surface activation marker expression in CD4⁺ T cell","CD25 cell surface activation marker expression","4","Loss-of-function","","","NA","CRISPR-Based Genome Editing","Base editing","38093011"
"NM_001002295.2(GATA3):c.989G>A (p.Arg330Lys)","chr10","8069537","G/A","GATA3","-1.394","dataset0634","Missense","The diminished CD25 cell surface activation marker expression in CD4⁺ T cell","CD25 cell surface activation marker expression","4","Loss-of-function","","","brca:0.1% (1/1084):0.290","CRISPR-Based Genome Editing","Base editing","38093011"
"NM_001002295.2(GATA3):c.990G>A (p.Arg330=)","chr10","8069538","G/A","GATA3","-1.394","dataset0634","Synonymous","The diminished CD25 cell surface activation marker expression in CD4⁺ T cell","CD25 cell surface activation marker expression","4","Loss-of-function","Conflicting classifications of pathogenicity","0.000231103","NA","CRISPR-Based Genome Editing","Base editing","38093011"
"NM_001002295.2(GATA3):c.991A>G (p.Arg331Gly)","chr10","8069539","A/G","GATA3","-0.649","dataset0634","Missense","The diminished CD25 cell surface activation marker expression in CD4⁺ T cell","CD25 cell surface activation marker expression","4","Loss-of-function","","","NA","CRISPR-Based Genome Editing","Base editing","38093011"
"NM_001002295.2(GATA3):c.992G>A (p.Arg331Lys)","chr10","8069540","G/A","GATA3","0.393","dataset0634","Missense","The enhanced CD25 cell surface activation marker expression in CD4⁺ T cell","CD25 cell surface activation marker expression","4","Gain-of-function","","","NA","CRISPR-Based Genome Editing","Base editing","38093011"
"NM_001002295.2(GATA3):c.993G>A (p.Arg331=)","chr10","8069541","G/A","GATA3","0.393","dataset0634","Synonymous","The enhanced CD25 cell surface activation marker expression in CD4⁺ T cell","CD25 cell surface activation marker expression","4","Gain-of-function","","1.23908e-06","NA","CRISPR-Based Genome Editing","Base editing","38093011"
"NM_001002295.2(GATA3):c.996T>C (p.Asn332=)","chr10","8069544","T/C","GATA3","0.186","dataset0634","Synonymous","Neutral to the CD25 cell surface activation marker expression in CD4⁺ T cell","CD25 cell surface activation marker expression","4","Functionally normal","","","NA","CRISPR-Based Genome Editing","Base editing","38093011"
"NM_001002295.2(GATA3):c.1008C>T (p.Asp336=)","chr10","8069556","C/T","GATA3","-0.38","dataset0634","Synonymous","The diminished CD25 cell surface activation marker expression in CD4⁺ T cell","CD25 cell surface activation marker expression","4","Loss-of-function","","","NA","CRISPR-Based Genome Editing","Base editing","38093011"
"NM_001002295.2(GATA3):c.1009C>T (p.Pro337Ser)","chr10","8069557","C/T","GATA3","-0.38","dataset0634","Missense","The diminished CD25 cell surface activation marker expression in CD4⁺ T cell","CD25 cell surface activation marker expression","4","Loss-of-function","","","NA","CRISPR-Based Genome Editing","Base editing","38093011"
"NM_001002295.2(GATA3):c.1010C>T (p.Pro337Leu)","chr10","8069558","C/T","GATA3","-0.38","dataset0634","Missense","The diminished CD25 cell surface activation marker expression in CD4⁺ T cell","CD25 cell surface activation marker expression","4","Loss-of-function","","","NA","CRISPR-Based Genome Editing","Base editing","38093011"
"NM_001002295.2(GATA3):c.1012G>A (p.Val338Ile)","chr10","8069560","G/A","GATA3","-0.868","dataset0634","Missense","The diminished CD25 cell surface activation marker expression in CD4⁺ T cell","CD25 cell surface activation marker expression","4","Loss-of-function","","","NA","CRISPR-Based Genome Editing","Base editing","38093011"
"NM_001002295.2(GATA3):c.1013T>C (p.Val338Ala)","chr10","8069561","T/C","GATA3","-1.799","dataset0634","Missense","The diminished CD25 cell surface activation marker expression in CD4⁺ T cell","CD25 cell surface activation marker expression","4","Loss-of-function","Uncertain significance","","NA","CRISPR-Based Genome Editing","Base editing","38093011"
"NM_001002295.2(GATA3):c.1014C>T (p.Val338=)","chr10","8069562","C/T","GATA3","-0.38","dataset0634","Synonymous","The diminished CD25 cell surface activation marker expression in CD4⁺ T cell","CD25 cell surface activation marker expression","4","Loss-of-function","","6.19522e-07","NA","CRISPR-Based Genome Editing","Base editing","38093011"
"NM_001002295.2(GATA3):c.1015T>C (p.Cys339Arg)","chr10","8069563","T/C","GATA3","-1.799","dataset0634","Missense","The diminished CD25 cell surface activation marker expression in CD4⁺ T cell","CD25 cell surface activation marker expression","4","Loss-of-function","","","NA","CRISPR-Based Genome Editing","Base editing","38093011"
"NM_001002295.2(GATA3):c.1016G>A (p.Cys339Tyr)","chr10","8069564","G/A","GATA3","-0.868","dataset0634","Missense","The diminished CD25 cell surface activation marker expression in CD4⁺ T cell","CD25 cell surface activation marker expression","4","Loss-of-function","Uncertain significance","","NA","CRISPR-Based Genome Editing","Base editing","38093011"
"NM_001002295.2(GATA3):c.1017C>T (p.Cys339=)","chr10","8069565","C/T","GATA3","-0.38","dataset0634","Synonymous","The diminished CD25 cell surface activation marker expression in CD4⁺ T cell","CD25 cell surface activation marker expression","4","Loss-of-function","","","NA","CRISPR-Based Genome Editing","Base editing","38093011"
"NM_001002295.2(GATA3):c.1021G>A (p.Ala341Thr)","chr10","8069569","G/A","GATA3","-1.474","dataset0634","Missense","The diminished CD25 cell surface activation marker expression in CD4⁺ T cell","CD25 cell surface activation marker expression","4","Loss-of-function","","","NA","CRISPR-Based Genome Editing","Base editing","38093011"
"NM_001002295.2(GATA3):c.1024T>C (p.Cys342Arg)","chr10","8069572","T/C","GATA3","-1.894","dataset0634","Missense","The diminished CD25 cell surface activation marker expression in CD4⁺ T cell","CD25 cell surface activation marker expression","4","Loss-of-function","","","NA","CRISPR-Based Genome Editing","Base editing","38093011"
"NM_001002295.2(GATA3):c.1025G>A (p.Cys342Tyr)","chr10","8069573","G/A","GATA3","-1.474","dataset0634","Missense","The diminished CD25 cell surface activation marker expression in CD4⁺ T cell","CD25 cell surface activation marker expression","4","Loss-of-function","Pathogenic","","NA","CRISPR-Based Genome Editing","Base editing","38093011"
"NM_001002295.2(GATA3):c.1026T>C (p.Cys342=)","chr10","8069574","T/C","GATA3","-1.894","dataset0634","Synonymous","The diminished CD25 cell surface activation marker expression in CD4⁺ T cell","CD25 cell surface activation marker expression","4","Loss-of-function","","","NA","CRISPR-Based Genome Editing","Base editing","38093011"
"NM_001002295.2(GATA3):c.1027G>A (p.Gly343Arg)","chr10","8069575","G/A","GATA3","-1.474","dataset0634","Missense","The diminished CD25 cell surface activation marker expression in CD4⁺ T cell","CD25 cell surface activation marker expression","4","Loss-of-function","","","NA","CRISPR-Based Genome Editing","Base editing","38093011"
"NM_001002295.2(GATA3):c.1028G>A (p.Gly343Glu)","chr10","8069576","G/A","GATA3","-1.474","dataset0634","Missense","The diminished CD25 cell surface activation marker expression in CD4⁺ T cell","CD25 cell surface activation marker expression","4","Loss-of-function","","","skcm:0.2% (1/448):0.370","CRISPR-Based Genome Editing","Base editing","38093011"
"NM_001002295.2(GATA3):c.1029G>A (p.Gly343=)","chr10","8069577","G/A","GATA3","-1.474","dataset0634","Synonymous","The diminished CD25 cell surface activation marker expression in CD4⁺ T cell","CD25 cell surface activation marker expression","4","Loss-of-function","","","NA","CRISPR-Based Genome Editing","Base editing","38093011"
"NM_001002295.2(GATA3):c.1038C>T (p.Tyr346=)","chr10","8069586","C/T","GATA3","0.192","dataset0634","Synonymous","Neutral to the CD25 cell surface activation marker expression in CD4⁺ T cell","CD25 cell surface activation marker expression","4","Functionally normal","","6.1952e-07","NA","CRISPR-Based Genome Editing","Base editing","38093011"
"NM_001002295.2(GATA3):c.1039A>G (p.Lys347Glu)","chr10","8069587","A/G","GATA3","-0.146","dataset0634","Missense","Neutral to the CD25 cell surface activation marker expression in CD4⁺ T cell","CD25 cell surface activation marker expression","4","Functionally normal","","","NA","CRISPR-Based Genome Editing","Base editing","38093011"
"NM_001002295.2(GATA3):c.1040A>G (p.Lys347Arg)","chr10","8069588","A/G","GATA3","-0.146","dataset0634","Missense","Neutral to the CD25 cell surface activation marker expression in CD4⁺ T cell","CD25 cell surface activation marker expression","4","Functionally normal","","","NA","CRISPR-Based Genome Editing","Base editing","38093011"
"NM_001002295.2(GATA3):c.1041G>A (p.Lys347=)","chr10","8069589","G/A","GATA3","-0.427","dataset0634","Synonymous","The diminished CD25 cell surface activation marker expression in CD4⁺ T cell","CD25 cell surface activation marker expression","4","Loss-of-function","","","NA","CRISPR-Based Genome Editing","Base editing","38093011"
"NM_001002295.2(GATA3):c.1042C>T (p.Leu348Phe)","chr10","8069590","C/T","GATA3","-1.172","dataset0634","Missense","The diminished CD25 cell surface activation marker expression in CD4⁺ T cell","CD25 cell surface activation marker expression","4","Loss-of-function","","","NA","CRISPR-Based Genome Editing","Base editing","38093011"
"NM_001002295.2(GATA3):c.1045C>T (p.His349Tyr)","chr10","8069593","C/T","GATA3","-1.172","dataset0634","Missense","The diminished CD25 cell surface activation marker expression in CD4⁺ T cell","CD25 cell surface activation marker expression","4","Loss-of-function","","","NA","CRISPR-Based Genome Editing","Base editing","38093011"
"NM_001002295.2(GATA3):c.1046A>G (p.His349Arg)","chr10","8069594","A/G","GATA3","-0.547","dataset0634","Missense","The diminished CD25 cell surface activation marker expression in CD4⁺ T cell","CD25 cell surface activation marker expression","4","Loss-of-function","","","NA","CRISPR-Based Genome Editing","Base editing","38093011"
"NM_001002295.2(GATA3):c.1047C>T (p.His349=)","chr10","8069595","C/T","GATA3","-1.172","dataset0634","Synonymous","The diminished CD25 cell surface activation marker expression in CD4⁺ T cell","CD25 cell surface activation marker expression","4","Loss-of-function","","","NA","CRISPR-Based Genome Editing","Base editing","38093011"
"NM_001002295.2(GATA3):c.1048A>G (p.Asn350Asp)","chr10","8069596","A/G","GATA3","-0.547","dataset0634","Missense","The diminished CD25 cell surface activation marker expression in CD4⁺ T cell","CD25 cell surface activation marker expression","4","Loss-of-function","","","NA","CRISPR-Based Genome Editing","Base editing","38093011"
"NM_001002295.2(GATA3):c.1049A>G (p.Asn350Ser)","chr10","8069597","A/G","GATA3","0.02","dataset0634","Missense","Neutral to the CD25 cell surface activation marker expression in CD4⁺ T cell","CD25 cell surface activation marker expression","3","Functionally normal","","","NA","CRISPR-Based Genome Editing","Base editing","38093011"
"NM_001002295.2(GATA3):c.1056C>T (p.Asn352=)","chr10","8073744","C/T","GATA3","-0.199","dataset0634","Synonymous","Neutral to the CD25 cell surface activation marker expression in CD4⁺ T cell","CD25 cell surface activation marker expression","4","Functionally normal","","","NA","CRISPR-Based Genome Editing","Base editing","38093011"
"NM_001002295.2(GATA3):c.1059A>G (p.Arg353=)","chr10","8073747","A/G","GATA3","-1.171","dataset0634","Synonymous","The diminished CD25 cell surface activation marker expression in CD4⁺ T cell","CD25 cell surface activation marker expression","4","Loss-of-function","","6.19788e-07","NA","CRISPR-Based Genome Editing","Base editing","38093011"
"NM_001002295.2(GATA3):c.1060C>T (p.Pro354Ser)","chr10","8073748","C/T","GATA3","-1.762","dataset0634","Missense","The diminished CD25 cell surface activation marker expression in CD4⁺ T cell","CD25 cell surface activation marker expression","4","Loss-of-function","","","NA","CRISPR-Based Genome Editing","Base editing","38093011"
"NM_001002295.2(GATA3):c.1061C>T (p.Pro354Leu)","chr10","8073749","C/T","GATA3","-1.762","dataset0634","Missense","The diminished CD25 cell surface activation marker expression in CD4⁺ T cell","CD25 cell surface activation marker expression","4","Loss-of-function","Uncertain significance","","NA","CRISPR-Based Genome Editing","Base editing","38093011"
"NM_001002295.2(GATA3):c.1062C>T (p.Pro354=)","chr10","8073750","C/T","GATA3","-1.762","dataset0634","Synonymous","The diminished CD25 cell surface activation marker expression in CD4⁺ T cell","CD25 cell surface activation marker expression","4","Loss-of-function","","3.71868e-06","NA","CRISPR-Based Genome Editing","Base editing","38093011"
"NM_001002295.2(GATA3):c.1063C>T (p.Leu355=)","chr10","8073751","C/T","GATA3","-1.762","dataset0634","Synonymous","The diminished CD25 cell surface activation marker expression in CD4⁺ T cell","CD25 cell surface activation marker expression","4","Loss-of-function","","6.19737e-07","NA","CRISPR-Based Genome Editing","Base editing","38093011"
"NM_001002295.2(GATA3):c.1066A>G (p.Thr356Ala)","chr10","8073754","A/G","GATA3","-0.441","dataset0634","Missense","The diminished CD25 cell surface activation marker expression in CD4⁺ T cell","CD25 cell surface activation marker expression","4","Loss-of-function","","","NA","CRISPR-Based Genome Editing","Base editing","38093011"
"NM_001002295.2(GATA3):c.1067C>T (p.Thr356Ile)","chr10","8073755","C/T","GATA3","-1.762","dataset0634","Missense","The diminished CD25 cell surface activation marker expression in CD4⁺ T cell","CD25 cell surface activation marker expression","4","Loss-of-function","","6.20079e-07","NA","CRISPR-Based Genome Editing","Base editing","38093011"
"NM_001002295.2(GATA3):c.1071G>A (p.Met357Ile)","chr10","8073759","G/A","GATA3","-0.368","dataset0634","Missense","The diminished CD25 cell surface activation marker expression in CD4⁺ T cell","CD25 cell surface activation marker expression","4","Loss-of-function","","","NA","CRISPR-Based Genome Editing","Base editing","38093011"
"NM_001002295.2(GATA3):c.1074G>A (p.Lys358=)","chr10","8073762","G/A","GATA3","-0.605","dataset0634","Synonymous","The diminished CD25 cell surface activation marker expression in CD4⁺ T cell","CD25 cell surface activation marker expression","4","Loss-of-function","","","NA","CRISPR-Based Genome Editing","Base editing","38093011"
"NM_001002295.2(GATA3):c.1077G>A (p.Lys359=)","chr10","8073765","G/A","GATA3","-0.605","dataset0634","Synonymous","The diminished CD25 cell surface activation marker expression in CD4⁺ T cell","CD25 cell surface activation marker expression","4","Loss-of-function","","6.19867e-06","NA","CRISPR-Based Genome Editing","Base editing","38093011"
"NM_001002295.2(GATA3):c.1078G>A (p.Glu360Lys)","chr10","8073766","G/A","GATA3","-0.605","dataset0634","Missense","The diminished CD25 cell surface activation marker expression in CD4⁺ T cell","CD25 cell surface activation marker expression","4","Loss-of-function","","","NA","CRISPR-Based Genome Editing","Base editing","38093011"
"NM_001002295.2(GATA3):c.1081G>A (p.Gly361Ser)","chr10","8073769","G/A","GATA3","-0.605","dataset0634","Missense","The diminished CD25 cell surface activation marker expression in CD4⁺ T cell","CD25 cell surface activation marker expression","4","Loss-of-function","","","NA","CRISPR-Based Genome Editing","Base editing","38093011"
"NM_001002295.2(GATA3):c.1082G>A (p.Gly361Asp)","chr10","8073770","G/A","GATA3","-0.605","dataset0634","Missense","The diminished CD25 cell surface activation marker expression in CD4⁺ T cell","CD25 cell surface activation marker expression","4","Loss-of-function","","","NA","CRISPR-Based Genome Editing","Base editing","38093011"
"NM_001002295.2(GATA3):c.1100G>A (p.Arg367Gln)","chr10","8073788","G/A","GATA3","-0.302","dataset0634","Missense","The diminished CD25 cell surface activation marker expression in CD4⁺ T cell","CD25 cell surface activation marker expression","4","Loss-of-function","","","skcm:0.2% (1/448):0.310","CRISPR-Based Genome Editing","Base editing","38093011"
"NM_001002295.2(GATA3):c.1106T>C (p.Met369Thr)","chr10","8073794","T/C","GATA3","0.011","dataset0634","Missense","Neutral to the CD25 cell surface activation marker expression in CD4⁺ T cell","CD25 cell surface activation marker expression","4","Functionally normal","","1.86015e-06","NA","CRISPR-Based Genome Editing","Base editing","38093011"
"NM_001002295.2(GATA3):c.1107G>A (p.Met369Ile)","chr10","8073795","G/A","GATA3","0.001","dataset0634","Missense","Neutral to the CD25 cell surface activation marker expression in CD4⁺ T cell","CD25 cell surface activation marker expression","4","Functionally normal","Uncertain significance","4.33716e-06","lusc:0.2% (1/487):0.380","CRISPR-Based Genome Editing","Base editing","38093011"
"NM_001002295.2(GATA3):c.1108T>C (p.Ser370Pro)","chr10","8073796","T/C","GATA3","0.016","dataset0634","Missense","Neutral to the CD25 cell surface activation marker expression in CD4⁺ T cell","CD25 cell surface activation marker expression","4","Functionally normal","","","NA","CRISPR-Based Genome Editing","Base editing","38093011"
"NM_001002295.2(GATA3):c.1110T>C (p.Ser370=)","chr10","8073798","T/C","GATA3","0.016","dataset0634","Synonymous","Neutral to the CD25 cell surface activation marker expression in CD4⁺ T cell","CD25 cell surface activation marker expression","4","Functionally normal","","","NA","CRISPR-Based Genome Editing","Base editing","38093011"
"NM_001002295.2(GATA3):c.1112G>A (p.Ser371Asn)","chr10","8073800","G/A","GATA3","-0.098","dataset0634","Missense","Neutral to the CD25 cell surface activation marker expression in CD4⁺ T cell","CD25 cell surface activation marker expression","4","Functionally normal","","","NA","CRISPR-Based Genome Editing","Base editing","38093011"
"NM_001002295.2(GATA3):c.1117T>C (p.Ser373Pro)","chr10","8073805","T/C","GATA3","0.116","dataset0634","Missense","Neutral to the CD25 cell surface activation marker expression in CD4⁺ T cell","CD25 cell surface activation marker expression","4","Functionally normal","","","NA","CRISPR-Based Genome Editing","Base editing","38093011"
"NM_001002295.2(GATA3):c.1128C>T (p.Cys376=)","chr10","8073816","C/T","GATA3","0.048","dataset0634","Synonymous","Neutral to the CD25 cell surface activation marker expression in CD4⁺ T cell","CD25 cell surface activation marker expression","4","Functionally normal","","5.57645e-06","NA","CRISPR-Based Genome Editing","Base editing","38093011"
"NM_001002295.2(GATA3):c.1130A>G (p.Lys377Arg)","chr10","8073818","A/G","GATA3","-0.151","dataset0634","Missense","Neutral to the CD25 cell surface activation marker expression in CD4⁺ T cell","CD25 cell surface activation marker expression","4","Functionally normal","","","NA","CRISPR-Based Genome Editing","Base editing","38093011"
"NM_001002295.2(GATA3):c.1131A>G (p.Lys377=)","chr10","8073819","A/G","GATA3","-0.151","dataset0634","Synonymous","Neutral to the CD25 cell surface activation marker expression in CD4⁺ T cell","CD25 cell surface activation marker expression","4","Functionally normal","","","NA","CRISPR-Based Genome Editing","Base editing","38093011"
"NM_001002295.2(GATA3):c.1132A>G (p.Lys378Glu)","chr10","8073820","A/G","GATA3","-0.151","dataset0634","Missense","Neutral to the CD25 cell surface activation marker expression in CD4⁺ T cell","CD25 cell surface activation marker expression","4","Functionally normal","","","NA","CRISPR-Based Genome Editing","Base editing","38093011"
"NM_001002295.2(GATA3):c.1133A>G (p.Lys378Arg)","chr10","8073821","A/G","GATA3","0.267","dataset0634","Missense","Neutral to the CD25 cell surface activation marker expression in CD4⁺ T cell","CD25 cell surface activation marker expression","4","Functionally normal","","","NA","CRISPR-Based Genome Editing","Base editing","38093011"
"NM_001002295.2(GATA3):c.1134A>G (p.Lys378=)","chr10","8073822","A/G","GATA3","0.267","dataset0634","Synonymous","Neutral to the CD25 cell surface activation marker expression in CD4⁺ T cell","CD25 cell surface activation marker expression","4","Functionally normal","Likely benign","","NA","CRISPR-Based Genome Editing","Base editing","38093011"
"NM_001002295.2(GATA3):c.1135G>A (p.Val379Met)","chr10","8073823","G/A","GATA3","-0.19","dataset0634","Missense","Neutral to the CD25 cell surface activation marker expression in CD4⁺ T cell","CD25 cell surface activation marker expression","4","Functionally normal","Uncertain significance","","NA","CRISPR-Based Genome Editing","Base editing","38093011"
"NM_001002295.2(GATA3):c.1136T>C (p.Val379Ala)","chr10","8073824","T/C","GATA3","0.256","dataset0634","Missense","Neutral to the CD25 cell surface activation marker expression in CD4⁺ T cell","CD25 cell surface activation marker expression","4","Functionally normal","","","NA","CRISPR-Based Genome Editing","Base editing","38093011"
"NM_001002295.2(GATA3):c.1137G>A (p.Val379=)","chr10","8073825","G/A","GATA3","-0.19","dataset0634","Synonymous","Neutral to the CD25 cell surface activation marker expression in CD4⁺ T cell","CD25 cell surface activation marker expression","4","Functionally normal","","6.1954e-07","NA","CRISPR-Based Genome Editing","Base editing","38093011"
"NM_001002295.2(GATA3):c.1138C>T (p.His380Tyr)","chr10","8073826","C/T","GATA3","-0.185","dataset0634","Missense","Neutral to the CD25 cell surface activation marker expression in CD4⁺ T cell","CD25 cell surface activation marker expression","4","Functionally normal","","8.05468e-06","NA","CRISPR-Based Genome Editing","Base editing","38093011"
"NM_001002295.2(GATA3):c.1161C>T (p.Pro387=)","chr10","8073849","C/T","GATA3","-0.285","dataset0634","Synonymous","The diminished CD25 cell surface activation marker expression in CD4⁺ T cell","CD25 cell surface activation marker expression","4","Loss-of-function","Likely benign","2.4781e-06","NA","CRISPR-Based Genome Editing","Base editing","38093011"
"NM_001002295.2(GATA3):c.1163A>G (p.Lys388Arg)","chr10","8073851","A/G","GATA3","0.042","dataset0634","Missense","Neutral to the CD25 cell surface activation marker expression in CD4⁺ T cell","CD25 cell surface activation marker expression","4","Functionally normal","","","NA","CRISPR-Based Genome Editing","Base editing","38093011"
"NM_001002295.2(GATA3):c.1165A>G (p.Asn389Asp)","chr10","8073853","A/G","GATA3","0.042","dataset0634","Missense","Neutral to the CD25 cell surface activation marker expression in CD4⁺ T cell","CD25 cell surface activation marker expression","4","Functionally normal","","","NA","CRISPR-Based Genome Editing","Base editing","38093011"
"NM_001002295.2(GATA3):c.1166A>G (p.Asn389Ser)","chr10","8073854","A/G","GATA3","0.042","dataset0634","Missense","Neutral to the CD25 cell surface activation marker expression in CD4⁺ T cell","CD25 cell surface activation marker expression","4","Functionally normal","","4.58477e-05","NA","CRISPR-Based Genome Editing","Base editing","38093011"
"NM_001002295.2(GATA3):c.1167C>T (p.Asn389=)","chr10","8073855","C/T","GATA3","-0.285","dataset0634","Synonymous","The diminished CD25 cell surface activation marker expression in CD4⁺ T cell","CD25 cell surface activation marker expression","4","Loss-of-function","","","NA","CRISPR-Based Genome Editing","Base editing","38093011"
"NM_001002295.2(GATA3):c.1168A>G (p.Ser390Gly)","chr10","8073856","A/G","GATA3","0.042","dataset0634","Missense","Neutral to the CD25 cell surface activation marker expression in CD4⁺ T cell","CD25 cell surface activation marker expression","4","Functionally normal","","6.1951e-07","NA","CRISPR-Based Genome Editing","Base editing","38093011"
"NM_001002295.2(GATA3):c.1169G>A (p.Ser390Asn)","chr10","8073857","G/A","GATA3","0.03","dataset0634","Missense","Neutral to the CD25 cell surface activation marker expression in CD4⁺ T cell","CD25 cell surface activation marker expression","4","Functionally normal","","","NA","CRISPR-Based Genome Editing","Base editing","38093011"
"NM_001002295.2(GATA3):c.1170C>T (p.Ser390=)","chr10","8073858","C/T","GATA3","-0.285","dataset0634","Synonymous","The diminished CD25 cell surface activation marker expression in CD4⁺ T cell","CD25 cell surface activation marker expression","4","Loss-of-function","","","NA","CRISPR-Based Genome Editing","Base editing","38093011"
"NM_001002295.2(GATA3):c.1172C>T (p.Ser391Leu)","chr10","8073860","C/T","GATA3","-0.285","dataset0634","Missense","The diminished CD25 cell surface activation marker expression in CD4⁺ T cell","CD25 cell surface activation marker expression","4","Loss-of-function","","4.33663e-06","blca:0.2% (1/411):0.320","CRISPR-Based Genome Editing","Base editing","38093011"
"NM_001002295.2(GATA3):c.1173G>A (p.Ser391=)","chr10","8073861","G/A","GATA3","-0.106","dataset0634","Synonymous","Neutral to the CD25 cell surface activation marker expression in CD4⁺ T cell","CD25 cell surface activation marker expression","4","Functionally normal","Uncertain significance","2.7262e-05","NA","CRISPR-Based Genome Editing","Base editing","38093011"
"NM_001002295.2(GATA3):c.1174T>C (p.Phe392Leu)","chr10","8073862","T/C","GATA3","-0.009","dataset0634","Missense","Neutral to the CD25 cell surface activation marker expression in CD4⁺ T cell","CD25 cell surface activation marker expression","4","Functionally normal","","","NA","CRISPR-Based Genome Editing","Base editing","38093011"
"NM_001002295.2(GATA3):c.1175T>C (p.Phe392Ser)","chr10","8073863","T/C","GATA3","0.205","dataset0634","Missense","Neutral to the CD25 cell surface activation marker expression in CD4⁺ T cell","CD25 cell surface activation marker expression","4","Functionally normal","","","NA","CRISPR-Based Genome Editing","Base editing","38093011"
"NM_001002295.2(GATA3):c.1176T>C (p.Phe392=)","chr10","8073864","T/C","GATA3","0.205","dataset0634","Synonymous","Neutral to the CD25 cell surface activation marker expression in CD4⁺ T cell","CD25 cell surface activation marker expression","4","Functionally normal","","","NA","CRISPR-Based Genome Editing","Base editing","38093011"
"NM_001002295.2(GATA3):c.1196G>A (p.Arg399Lys)","chr10","8073884","G/A","GATA3","0.006","dataset0634","Missense","Neutral to the CD25 cell surface activation marker expression in CD4⁺ T cell","CD25 cell surface activation marker expression","4","Functionally normal","","","NA","CRISPR-Based Genome Editing","Base editing","38093011"
"NM_001002295.2(GATA3):c.1202T>C (p.Met401Thr)","chr10","8073890","T/C","GATA3","-0.015","dataset0634","Missense","Neutral to the CD25 cell surface activation marker expression in CD4⁺ T cell","CD25 cell surface activation marker expression","4","Functionally normal","Uncertain significance","4.33737e-06","NA","CRISPR-Based Genome Editing","Base editing","38093011"
"NM_001002295.2(GATA3):c.1203G>A (p.Met401Ile)","chr10","8073891","G/A","GATA3","-0.172","dataset0634","Missense","Neutral to the CD25 cell surface activation marker expression in CD4⁺ T cell","CD25 cell surface activation marker expression","4","Functionally normal","Uncertain significance","","NA","CRISPR-Based Genome Editing","Base editing","38093011"
"NM_001002295.2(GATA3):c.1204T>C (p.Ser402Pro)","chr10","8073892","T/C","GATA3","0.145","dataset0634","Missense","Neutral to the CD25 cell surface activation marker expression in CD4⁺ T cell","CD25 cell surface activation marker expression","4","Functionally normal","","","NA","CRISPR-Based Genome Editing","Base editing","38093011"
"NM_001002295.2(GATA3):c.1207T>C (p.Ser403Pro)","chr10","8073895","T/C","GATA3","0.107","dataset0634","Missense","Neutral to the CD25 cell surface activation marker expression in CD4⁺ T cell","CD25 cell surface activation marker expression","3","Functionally normal","","","NA","CRISPR-Based Genome Editing","Base editing","38093011"
"NM_001002295.2(GATA3):c.1211T>C (p.Leu404Pro)","chr10","8073899","T/C","GATA3","0.269","dataset0634","Missense","Neutral to the CD25 cell surface activation marker expression in CD4⁺ T cell","CD25 cell surface activation marker expression","4","Functionally normal","","1.23909e-06","NA","CRISPR-Based Genome Editing","Base editing","38093011"
"NM_001002295.2(GATA3):c.1212G>A (p.Leu404=)","chr10","8073900","G/A","GATA3","-0.131","dataset0634","Synonymous","Neutral to the CD25 cell surface activation marker expression in CD4⁺ T cell","CD25 cell surface activation marker expression","4","Functionally normal","","","NA","CRISPR-Based Genome Editing","Base editing","38093011"
"NM_001002295.2(GATA3):c.1214G>A (p.Ser405Asn)","chr10","8073902","G/A","GATA3","-0.131","dataset0634","Missense","Neutral to the CD25 cell surface activation marker expression in CD4⁺ T cell","CD25 cell surface activation marker expression","4","Functionally normal","","","NA","CRISPR-Based Genome Editing","Base editing","38093011"
"NM_001002295.2(GATA3):c.1220T>C (p.Ile407Thr)","chr10","8073908","T/C","GATA3","0.208","dataset0634","Missense","Neutral to the CD25 cell surface activation marker expression in CD4⁺ T cell","CD25 cell surface activation marker expression","4","Functionally normal","","","NA","CRISPR-Based Genome Editing","Base editing","38093011"
"NM_001002295.2(GATA3):c.1222T>C (p.Ser408Pro)","chr10","8073910","T/C","GATA3","0.208","dataset0634","Missense","Neutral to the CD25 cell surface activation marker expression in CD4⁺ T cell","CD25 cell surface activation marker expression","4","Functionally normal","","","NA","CRISPR-Based Genome Editing","Base editing","38093011"
"NM_001002295.2(GATA3):c.1224G>A (p.Ser408=)","chr10","8073912","G/A","GATA3","-0.342","dataset0634","Synonymous","The diminished CD25 cell surface activation marker expression in CD4⁺ T cell","CD25 cell surface activation marker expression","4","Loss-of-function","","1.61097e-05","NA","CRISPR-Based Genome Editing","Base editing","38093011"
"NM_001002295.2(GATA3):c.1228T>C (p.Phe410Leu)","chr10","8073916","T/C","GATA3","-0.015","dataset0634","Missense","Neutral to the CD25 cell surface activation marker expression in CD4⁺ T cell","CD25 cell surface activation marker expression","4","Functionally normal","","","NA","CRISPR-Based Genome Editing","Base editing","38093011"
"NM_001002295.2(GATA3):c.1229T>C (p.Phe410Ser)","chr10","8073917","T/C","GATA3","-0.047","dataset0634","Missense","Neutral to the CD25 cell surface activation marker expression in CD4⁺ T cell","CD25 cell surface activation marker expression","4","Functionally normal","","","NA","CRISPR-Based Genome Editing","Base editing","38093011"
"NM_001002295.2(GATA3):c.1232G>A (p.Ser411Asn)","chr10","8073920","G/A","GATA3","-0.248","dataset0634","Missense","Neutral to the CD25 cell surface activation marker expression in CD4⁺ T cell","CD25 cell surface activation marker expression","4","Functionally normal","","","NA","CRISPR-Based Genome Editing","Base editing","38093011"
"NM_001002295.2(GATA3):c.1241G>A (p.Ser414Asn)","chr10","8073929","G/A","GATA3","-0.127","dataset0634","Missense","Neutral to the CD25 cell surface activation marker expression in CD4⁺ T cell","CD25 cell surface activation marker expression","4","Functionally normal","","6.19547e-07","NA","CRISPR-Based Genome Editing","Base editing","38093011"
"NM_001002295.2(GATA3):c.1248G>A (p.Met416Ile)","chr10","8073936","G/A","GATA3","-0.168","dataset0634","Missense","Neutral to the CD25 cell surface activation marker expression in CD4⁺ T cell","CD25 cell surface activation marker expression","4","Functionally normal","","6.19562e-07","NA","CRISPR-Based Genome Editing","Base editing","38093011"
"NM_001002295.2(GATA3):c.1250T>C (p.Leu417Pro)","chr10","8073938","T/C","GATA3","0.008","dataset0634","Missense","Neutral to the CD25 cell surface activation marker expression in CD4⁺ T cell","CD25 cell surface activation marker expression","4","Functionally normal","","","NA","CRISPR-Based Genome Editing","Base editing","38093011"
"NM_001002295.2(GATA3):c.1251G>A (p.Leu417=)","chr10","8073939","G/A","GATA3","-0.106","dataset0634","Synonymous","Neutral to the CD25 cell surface activation marker expression in CD4⁺ T cell","CD25 cell surface activation marker expression","4","Functionally normal","","","NA","CRISPR-Based Genome Editing","Base editing","38093011"
"NM_001002295.2(GATA3):c.1257G>A (p.Thr419=)","chr10","8073945","G/A","GATA3","0.211","dataset0634","Synonymous","Neutral to the CD25 cell surface activation marker expression in CD4⁺ T cell","CD25 cell surface activation marker expression","4","Functionally normal","Benign","0.0412137","NA","CRISPR-Based Genome Editing","Base editing","38093011"
"NM_001002295.2(GATA3):c.1263G>A (p.Thr421=)","chr10","8073951","G/A","GATA3","-0.276","dataset0634","Synonymous","The diminished CD25 cell surface activation marker expression in CD4⁺ T cell","CD25 cell surface activation marker expression","4","Loss-of-function","","0.000169159","NA","CRISPR-Based Genome Editing","Base editing","38093011"
"NM_001002295.2(GATA3):c.1266G>A (p.Pro422=)","chr10","8073954","G/A","GATA3","0.444","dataset0634","Synonymous","The enhanced CD25 cell surface activation marker expression in CD4⁺ T cell","CD25 cell surface activation marker expression","4","Gain-of-function","Uncertain significance","1.9826e-05","NA","CRISPR-Based Genome Editing","Base editing","38093011"
"NM_001002295.2(GATA3):c.1268T>C (p.Met423Thr)","chr10","8073956","T/C","GATA3","0.183","dataset0634","Missense","Neutral to the CD25 cell surface activation marker expression in CD4⁺ T cell","CD25 cell surface activation marker expression","4","Functionally normal","","6.19525e-07","NA","CRISPR-Based Genome Editing","Base editing","38093011"
"NM_001002295.2(GATA3):c.1269G>A (p.Met423Ile)","chr10","8073957","G/A","GATA3","-0.344","dataset0634","Missense","The diminished CD25 cell surface activation marker expression in CD4⁺ T cell","CD25 cell surface activation marker expression","4","Loss-of-function","","","NA","CRISPR-Based Genome Editing","Base editing","38093011"
"NM_001002295.2(GATA3):c.1273C>T (p.Pro425Ser)","chr10","8073961","C/T","GATA3","-0.445","dataset0634","Missense","The diminished CD25 cell surface activation marker expression in CD4⁺ T cell","CD25 cell surface activation marker expression","4","Loss-of-function","","6.19508e-07","NA","CRISPR-Based Genome Editing","Base editing","38093011"
"NM_001002295.2(GATA3):c.1274C>T (p.Pro425Leu)","chr10","8073962","C/T","GATA3","-0.445","dataset0634","Missense","The diminished CD25 cell surface activation marker expression in CD4⁺ T cell","CD25 cell surface activation marker expression","4","Loss-of-function","","4.95643e-06","NA","CRISPR-Based Genome Editing","Base editing","38093011"
"NM_001002295.2(GATA3):c.1275G>A (p.Pro425=)","chr10","8073963","G/A","GATA3","0.094","dataset0634","Synonymous","Neutral to the CD25 cell surface activation marker expression in CD4⁺ T cell","CD25 cell surface activation marker expression","4","Functionally normal","Likely benign","9.54144e-05","NA","CRISPR-Based Genome Editing","Base editing","38093011"
"NM_001002295.2(GATA3):c.1276C>T (p.Pro426Ser)","chr10","8073964","C/T","GATA3","-0.445","dataset0634","Missense","The diminished CD25 cell surface activation marker expression in CD4⁺ T cell","CD25 cell surface activation marker expression","4","Loss-of-function","Uncertain significance","8.67389e-06","NA","CRISPR-Based Genome Editing","Base editing","38093011"
"NM_001002295.2(GATA3):c.1277C>T (p.Pro426Leu)","chr10","8073965","C/T","GATA3","-0.445","dataset0634","Missense","The diminished CD25 cell surface activation marker expression in CD4⁺ T cell","CD25 cell surface activation marker expression","4","Loss-of-function","","","NA","CRISPR-Based Genome Editing","Base editing","38093011"
"NM_001002295.2(GATA3):c.1278A>G (p.Pro426=)","chr10","8073966","A/G","GATA3","0.165","dataset0634","Synonymous","Neutral to the CD25 cell surface activation marker expression in CD4⁺ T cell","CD25 cell surface activation marker expression","4","Functionally normal","","","NA","CRISPR-Based Genome Editing","Base editing","38093011"
"NM_001002295.2(GATA3):c.1279T>C (p.Ser427Pro)","chr10","8073967","T/C","GATA3","0.124","dataset0634","Missense","Neutral to the CD25 cell surface activation marker expression in CD4⁺ T cell","CD25 cell surface activation marker expression","4","Functionally normal","","","NA","CRISPR-Based Genome Editing","Base editing","38093011"
"NM_001002295.2(GATA3):c.1280C>T (p.Ser427Phe)","chr10","8073968","C/T","GATA3","-0.445","dataset0634","Missense","The diminished CD25 cell surface activation marker expression in CD4⁺ T cell","CD25 cell surface activation marker expression","4","Loss-of-function","","","skcm:0.2% (1/448):0.330","CRISPR-Based Genome Editing","Base editing","38093011"
"NM_001002295.2(GATA3):c.1281C>T (p.Ser427=)","chr10","8073969","C/T","GATA3","-0.445","dataset0634","Synonymous","The diminished CD25 cell surface activation marker expression in CD4⁺ T cell","CD25 cell surface activation marker expression","4","Loss-of-function","","6.1951e-07","NA","CRISPR-Based Genome Editing","Base editing","38093011"
"NM_001002295.2(GATA3):c.1283G>A (p.Ser428Asn)","chr10","8073971","G/A","GATA3","-0.158","dataset0634","Missense","Neutral to the CD25 cell surface activation marker expression in CD4⁺ T cell","CD25 cell surface activation marker expression","4","Functionally normal","","","NA","CRISPR-Based Genome Editing","Base editing","38093011"
"NM_001002295.2(GATA3):c.1284C>T (p.Ser428=)","chr10","8073972","C/T","GATA3","-0.445","dataset0634","Synonymous","The diminished CD25 cell surface activation marker expression in CD4⁺ T cell","CD25 cell surface activation marker expression","4","Loss-of-function","","","NA","CRISPR-Based Genome Editing","Base editing","38093011"
"NM_001002295.2(GATA3):c.1285C>T (p.Leu429=)","chr10","8073973","C/T","GATA3","-0.445","dataset0634","Synonymous","The diminished CD25 cell surface activation marker expression in CD4⁺ T cell","CD25 cell surface activation marker expression","4","Loss-of-function","","3.09751e-06","NA","CRISPR-Based Genome Editing","Base editing","38093011"
"NM_001002295.2(GATA3):c.1287G>A (p.Leu429=)","chr10","8073975","G/A","GATA3","0.139","dataset0634","Synonymous","Neutral to the CD25 cell surface activation marker expression in CD4⁺ T cell","CD25 cell surface activation marker expression","4","Functionally normal","","","NA","CRISPR-Based Genome Editing","Base editing","38093011"
"NM_001002295.2(GATA3):c.1288T>C (p.Ser430Pro)","chr10","8073976","T/C","GATA3","-0.005","dataset0634","Missense","Neutral to the CD25 cell surface activation marker expression in CD4⁺ T cell","CD25 cell surface activation marker expression","4","Functionally normal","","","NA","CRISPR-Based Genome Editing","Base editing","38093011"
"NM_001002295.2(GATA3):c.1291T>C (p.Phe431Leu)","chr10","8073979","T/C","GATA3","0.204","dataset0634","Missense","Neutral to the CD25 cell surface activation marker expression in CD4⁺ T cell","CD25 cell surface activation marker expression","4","Functionally normal","","6.19523e-07","NA","CRISPR-Based Genome Editing","Base editing","38093011"
"NM_001002295.2(GATA3):c.1292T>C (p.Phe431Ser)","chr10","8073980","T/C","GATA3","0.204","dataset0634","Missense","Neutral to the CD25 cell surface activation marker expression in CD4⁺ T cell","CD25 cell surface activation marker expression","4","Functionally normal","","","NA","CRISPR-Based Genome Editing","Base editing","38093011"
"NM_001002295.2(GATA3):c.1293T>C (p.Phe431=)","chr10","8073981","T/C","GATA3","-0.006","dataset0634","Synonymous","Neutral to the CD25 cell surface activation marker expression in CD4⁺ T cell","CD25 cell surface activation marker expression","4","Functionally normal","","","NA","CRISPR-Based Genome Editing","Base editing","38093011"
"NM_001002295.2(GATA3):c.1294G>A (p.Gly432Arg)","chr10","8073982","G/A","GATA3","-0.184","dataset0634","Missense","Neutral to the CD25 cell surface activation marker expression in CD4⁺ T cell","CD25 cell surface activation marker expression","4","Functionally normal","","1.85878e-06","NA","CRISPR-Based Genome Editing","Base editing","38093011"
"NM_001002295.2(GATA3):c.1295G>A (p.Gly432Glu)","chr10","8073983","G/A","GATA3","0.016","dataset0634","Missense","Neutral to the CD25 cell surface activation marker expression in CD4⁺ T cell","CD25 cell surface activation marker expression","4","Functionally normal","","1.23919e-06","NA","CRISPR-Based Genome Editing","Base editing","38093011"
"NM_001002295.2(GATA3):c.1297C>T (p.Pro433Ser)","chr10","8073985","C/T","GATA3","0.11","dataset0634","Missense","Neutral to the CD25 cell surface activation marker expression in CD4⁺ T cell","CD25 cell surface activation marker expression","4","Functionally normal","","6.19518e-07","NA","CRISPR-Based Genome Editing","Base editing","38093011"
"NM_001002295.2(GATA3):c.1298C>T (p.Pro433Leu)","chr10","8073986","C/T","GATA3","0.11","dataset0634","Missense","Neutral to the CD25 cell surface activation marker expression in CD4⁺ T cell","CD25 cell surface activation marker expression","4","Functionally normal","","","NA","CRISPR-Based Genome Editing","Base editing","38093011"
"NM_001002295.2(GATA3):c.1299A>G (p.Pro433=)","chr10","8073987","A/G","GATA3","0.049","dataset0634","Synonymous","Neutral to the CD25 cell surface activation marker expression in CD4⁺ T cell","CD25 cell surface activation marker expression","4","Functionally normal","","","NA","CRISPR-Based Genome Editing","Base editing","38093011"
"NM_001002295.2(GATA3):c.1300C>T (p.His434Tyr)","chr10","8073988","C/T","GATA3","0.11","dataset0634","Missense","Neutral to the CD25 cell surface activation marker expression in CD4⁺ T cell","CD25 cell surface activation marker expression","4","Functionally normal","","6.19513e-07","NA","CRISPR-Based Genome Editing","Base editing","38093011"
"NM_001002295.2(GATA3):c.1301A>G (p.His434Arg)","chr10","8073989","A/G","GATA3","0.049","dataset0634","Missense","Neutral to the CD25 cell surface activation marker expression in CD4⁺ T cell","CD25 cell surface activation marker expression","4","Functionally normal","","","NA","CRISPR-Based Genome Editing","Base editing","38093011"
"NM_001002295.2(GATA3):c.1302C>T (p.His434=)","chr10","8073990","C/T","GATA3","0.11","dataset0634","Synonymous","Neutral to the CD25 cell surface activation marker expression in CD4⁺ T cell","CD25 cell surface activation marker expression","4","Functionally normal","","6.19522e-06","NA","CRISPR-Based Genome Editing","Base editing","38093011"
"NM_001002295.2(GATA3):c.1303C>T (p.His435Tyr)","chr10","8073991","C/T","GATA3","0.11","dataset0634","Missense","Neutral to the CD25 cell surface activation marker expression in CD4⁺ T cell","CD25 cell surface activation marker expression","4","Functionally normal","","","NA","CRISPR-Based Genome Editing","Base editing","38093011"
"NM_001002295.2(GATA3):c.1305C>T (p.His435=)","chr10","8073993","C/T","GATA3","0.11","dataset0634","Synonymous","Neutral to the CD25 cell surface activation marker expression in CD4⁺ T cell","CD25 cell surface activation marker expression","4","Functionally normal","","","NA","CRISPR-Based Genome Editing","Base editing","38093011"
"NM_001002295.2(GATA3):c.1306C>T (p.Pro436Ser)","chr10","8073994","C/T","GATA3","0.11","dataset0634","Missense","Neutral to the CD25 cell surface activation marker expression in CD4⁺ T cell","CD25 cell surface activation marker expression","4","Functionally normal","","1.23903e-06","NA","CRISPR-Based Genome Editing","Base editing","38093011"
"NM_001002295.2(GATA3):c.1307C>T (p.Pro436Leu)","chr10","8073995","C/T","GATA3","0.11","dataset0634","Missense","Neutral to the CD25 cell surface activation marker expression in CD4⁺ T cell","CD25 cell surface activation marker expression","4","Functionally normal","","","NA","CRISPR-Based Genome Editing","Base editing","38093011"
"NM_001002295.2(GATA3):c.1308C>T (p.Pro436=)","chr10","8073996","C/T","GATA3","-0.186","dataset0634","Synonymous","Neutral to the CD25 cell surface activation marker expression in CD4⁺ T cell","CD25 cell surface activation marker expression","4","Functionally normal","","","NA","CRISPR-Based Genome Editing","Base editing","38093011"
"NM_001002295.2(GATA3):c.1309T>C (p.Ser437Pro)","chr10","8073997","T/C","GATA3","0.015","dataset0634","Missense","Neutral to the CD25 cell surface activation marker expression in CD4⁺ T cell","CD25 cell surface activation marker expression","4","Functionally normal","","","NA","CRISPR-Based Genome Editing","Base editing","38093011"
"NM_001002295.2(GATA3):c.1310C>T (p.Ser437Phe)","chr10","8073998","C/T","GATA3","-0.258","dataset0634","Missense","The diminished CD25 cell surface activation marker expression in CD4⁺ T cell","CD25 cell surface activation marker expression","4","Loss-of-function","","3.09756e-06","NA","CRISPR-Based Genome Editing","Base editing","38093011"
"NM_001002295.2(GATA3):c.1311C>T (p.Ser437=)","chr10","8073999","C/T","GATA3","-0.258","dataset0634","Synonymous","The diminished CD25 cell surface activation marker expression in CD4⁺ T cell","CD25 cell surface activation marker expression","4","Loss-of-function","","3.09761e-06","NA","CRISPR-Based Genome Editing","Base editing","38093011"
"NM_001002295.2(GATA3):c.1312A>G (p.Ser438Gly)","chr10","8074000","A/G","GATA3","0.351","dataset0634","Missense","The enhanced CD25 cell surface activation marker expression in CD4⁺ T cell","CD25 cell surface activation marker expression","4","Gain-of-function","","","NA","CRISPR-Based Genome Editing","Base editing","38093011"
"NM_001002295.2(GATA3):c.1313G>A (p.Ser438Asn)","chr10","8074001","G/A","GATA3","-0.075","dataset0634","Missense","Neutral to the CD25 cell surface activation marker expression in CD4⁺ T cell","CD25 cell surface activation marker expression","4","Functionally normal","","","NA","CRISPR-Based Genome Editing","Base editing","38093011"
"NM_001002295.2(GATA3):c.1314C>T (p.Ser438=)","chr10","8074002","C/T","GATA3","-0.258","dataset0634","Synonymous","The diminished CD25 cell surface activation marker expression in CD4⁺ T cell","CD25 cell surface activation marker expression","4","Loss-of-function","","","NA","CRISPR-Based Genome Editing","Base editing","38093011"
"NM_001002295.2(GATA3):c.1315A>G (p.Met439Val)","chr10","8074003","A/G","GATA3","0.351","dataset0634","Missense","The enhanced CD25 cell surface activation marker expression in CD4⁺ T cell","CD25 cell surface activation marker expression","4","Gain-of-function","","","NA","CRISPR-Based Genome Editing","Base editing","38093011"
"NM_001002295.2(GATA3):c.1316T>C (p.Met439Thr)","chr10","8074004","T/C","GATA3","0.314","dataset0634","Missense","The enhanced CD25 cell surface activation marker expression in CD4⁺ T cell","CD25 cell surface activation marker expression","4","Gain-of-function","","","NA","CRISPR-Based Genome Editing","Base editing","38093011"
"NM_001002295.2(GATA3):c.1317G>A (p.Met439Ile)","chr10","8074005","G/A","GATA3","0.229","dataset0634","Missense","Neutral to the CD25 cell surface activation marker expression in CD4⁺ T cell","CD25 cell surface activation marker expression","4","Functionally normal","","","NA","CRISPR-Based Genome Editing","Base editing","38093011"
"NM_001002295.2(GATA3):c.1318G>A (p.Val440Ile)","chr10","8074006","G/A","GATA3","0.229","dataset0634","Missense","Neutral to the CD25 cell surface activation marker expression in CD4⁺ T cell","CD25 cell surface activation marker expression","4","Functionally normal","","1.23913e-06","NA","CRISPR-Based Genome Editing","Base editing","38093011"
"NM_001002295.2(GATA3):c.1319T>C (p.Val440Ala)","chr10","8074007","T/C","GATA3","0.307","dataset0634","Missense","Neutral to the CD25 cell surface activation marker expression in CD4⁺ T cell","CD25 cell surface activation marker expression","4","Functionally normal","","","NA","CRISPR-Based Genome Editing","Base editing","38093011"
"NM_001002295.2(GATA3):c.1320C>T (p.Val440=)","chr10","8074008","C/T","GATA3","-0.258","dataset0634","Synonymous","The diminished CD25 cell surface activation marker expression in CD4⁺ T cell","CD25 cell surface activation marker expression","4","Loss-of-function","","","NA","CRISPR-Based Genome Editing","Base editing","38093011"
"NM_001002295.2(GATA3):c.1324G>A (p.Ala442Thr)","chr10","8074012","G/A","GATA3","-0.138","dataset0634","Missense","Neutral to the CD25 cell surface activation marker expression in CD4⁺ T cell","CD25 cell surface activation marker expression","4","Functionally normal","","6.19576e-06","lusc:0.2% (1/487):0.200;stad:0.2% (1/440):0.070","CRISPR-Based Genome Editing","Base editing","38093011"
"NM_001002295.2(GATA3):c.1328T>C (p.Met443Thr)","chr10","8074016","T/C","GATA3","0.229","dataset0634","Missense","Neutral to the CD25 cell surface activation marker expression in CD4⁺ T cell","CD25 cell surface activation marker expression","4","Functionally normal","","","NA","CRISPR-Based Genome Editing","Base editing","38093011"
"NM_001002295.2(GATA3):c.1329G>A (p.Met443Ile)","chr10","8074017","G/A","GATA3","-0.071","dataset0634","Missense","Neutral to the CD25 cell surface activation marker expression in CD4⁺ T cell","CD25 cell surface activation marker expression","4","Functionally normal","","","NA","CRISPR-Based Genome Editing","Base editing","38093011"
"NM_001002295.2(GATA3):c.1330G>A (p.Gly444Ser)","chr10","8074018","G/A","GATA3","0.054","dataset0634","Missense","Neutral to the CD25 cell surface activation marker expression in CD4⁺ T cell","CD25 cell surface activation marker expression","4","Functionally normal","","","NA","CRISPR-Based Genome Editing","Base editing","38093011"
"NM_001002295.2(GATA3):c.1331G>A (p.Gly444Asp)","chr10","8074019","G/A","GATA3","0.054","dataset0634","Missense","Neutral to the CD25 cell surface activation marker expression in CD4⁺ T cell","CD25 cell surface activation marker expression","4","Functionally normal","","6.19576e-07","NA","CRISPR-Based Genome Editing","Base editing","38093011"
"NM_001002295.2(GATA3):c.1A>G (p.Met1?)","chr10","8055656","A/G","GATA3","-0.069","dataset0635","Start_lost","Neutral to the IFNG cytokine expression in CD4⁺ T cell","IFNG cytokine expression","4","Functionally normal","","","NA","CRISPR-Based Genome Editing","Base editing","38093011"
"NM_001002295.2(GATA3):c.3G>A (p.Met1?)","chr10","8055658","G/A","GATA3","0.039","dataset0635","Start_lost","Neutral to the IFNG cytokine expression in CD4⁺ T cell","IFNG cytokine expression","4","Functionally normal","","","NA","CRISPR-Based Genome Editing","Base editing","38093011"
"NM_001002295.2(GATA3):c.4G>A (p.Glu2Lys)","chr10","8055659","G/A","GATA3","0.039","dataset0635","Missense","Neutral to the IFNG cytokine expression in CD4⁺ T cell","IFNG cytokine expression","4","Functionally normal","","0","NA","CRISPR-Based Genome Editing","Base editing","38093011"
"NM_001002295.2(GATA3):c.6G>A (p.Glu2=)","chr10","8055661","G/A","GATA3","0.039","dataset0635","Synonymous","Neutral to the IFNG cytokine expression in CD4⁺ T cell","IFNG cytokine expression","4","Functionally normal","","1.28508e-06","NA","CRISPR-Based Genome Editing","Base editing","38093011"
"NM_001002295.2(GATA3):c.7G>A (p.Val3Met)","chr10","8055662","G/A","GATA3","0.039","dataset0635","Missense","Neutral to the IFNG cytokine expression in CD4⁺ T cell","IFNG cytokine expression","4","Functionally normal","","0","NA","CRISPR-Based Genome Editing","Base editing","38093011"
"NM_001002295.2(GATA3):c.8T>C (p.Val3Ala)","chr10","8055663","T/C","GATA3","0.028","dataset0635","Missense","Neutral to the IFNG cytokine expression in CD4⁺ T cell","IFNG cytokine expression","4","Functionally normal","Uncertain significance","1.2858e-06","NA","CRISPR-Based Genome Editing","Base editing","38093011"
"NM_001002295.2(GATA3):c.9G>A (p.Val3=)","chr10","8055664","G/A","GATA3","-0.148","dataset0635","Synonymous","Neutral to the IFNG cytokine expression in CD4⁺ T cell","IFNG cytokine expression","4","Functionally normal","","6.42408e-07","NA","CRISPR-Based Genome Editing","Base editing","38093011"
"NM_001002295.2(GATA3):c.10A>G (p.Thr4Ala)","chr10","8055665","A/G","GATA3","-0.216","dataset0635","Missense","Neutral to the IFNG cytokine expression in CD4⁺ T cell","IFNG cytokine expression","4","Functionally normal","Uncertain significance","1.92765e-06","NA","CRISPR-Based Genome Editing","Base editing","38093011"
"NM_001002295.2(GATA3):c.11C>T (p.Thr4Met)","chr10","8055666","C/T","GATA3","-0.136","dataset0635","Missense","Neutral to the IFNG cytokine expression in CD4⁺ T cell","IFNG cytokine expression","4","Functionally normal","","0","NA","CRISPR-Based Genome Editing","Base editing","38093011"
"NM_001002295.2(GATA3):c.12G>A (p.Thr4=)","chr10","8055667","G/A","GATA3","-0.148","dataset0635","Synonymous","Neutral to the IFNG cytokine expression in CD4⁺ T cell","IFNG cytokine expression","4","Functionally normal","","2.5695e-06","NA","CRISPR-Based Genome Editing","Base editing","38093011"
"NM_001002295.2(GATA3):c.13G>A (p.Ala5Thr)","chr10","8055668","G/A","GATA3","-0.148","dataset0635","Missense","Neutral to the IFNG cytokine expression in CD4⁺ T cell","IFNG cytokine expression","4","Functionally normal","","0","NA","CRISPR-Based Genome Editing","Base editing","38093011"
"NM_001002295.2(GATA3):c.14C>T (p.Ala5Val)","chr10","8055669","C/T","GATA3","-0.136","dataset0635","Missense","Neutral to the IFNG cytokine expression in CD4⁺ T cell","IFNG cytokine expression","4","Functionally normal","","0","NA","CRISPR-Based Genome Editing","Base editing","38093011"
"NM_001002295.2(GATA3):c.15G>A (p.Ala5=)","chr10","8055670","G/A","GATA3","-0.148","dataset0635","Synonymous","Neutral to the IFNG cytokine expression in CD4⁺ T cell","IFNG cytokine expression","4","Functionally normal","","6.42212e-07","NA","CRISPR-Based Genome Editing","Base editing","38093011"
"NM_001002295.2(GATA3):c.18C>T (p.Asp6=)","chr10","8055673","C/T","GATA3","-0.136","dataset0635","Synonymous","Neutral to the IFNG cytokine expression in CD4⁺ T cell","IFNG cytokine expression","4","Functionally normal","Likely benign","7.70465e-06","NA","CRISPR-Based Genome Editing","Base editing","38093011"
"NM_001002295.2(GATA3):c.19C>T (p.Gln7Ter)","chr10","8055674","C/T","GATA3","-0.136","dataset0635","Nonsense","Neutral to the IFNG cytokine expression in CD4⁺ T cell","IFNG cytokine expression","4","Functionally normal","","0","NA","CRISPR-Based Genome Editing","Base editing","38093011"
"NM_001002295.2(GATA3):c.29G>A (p.Trp10Ter)","chr10","8055684","G/A","GATA3","0.116","dataset0635","Nonsense","Neutral to the IFNG cytokine expression in CD4⁺ T cell","IFNG cytokine expression","4","Functionally normal","","0","NA","CRISPR-Based Genome Editing","Base editing","38093011"
"NM_001002295.2(GATA3):c.30G>A (p.Trp10Ter)","chr10","8055685","G/A","GATA3","0.116","dataset0635","Nonsense","Neutral to the IFNG cytokine expression in CD4⁺ T cell","IFNG cytokine expression","4","Functionally normal","","","NA","CRISPR-Based Genome Editing","Base editing","38093011"
"NM_001002295.2(GATA3):c.31G>A (p.Val11Met)","chr10","8055686","G/A","GATA3","0.116","dataset0635","Missense","Neutral to the IFNG cytokine expression in CD4⁺ T cell","IFNG cytokine expression","4","Functionally normal","","","NA","CRISPR-Based Genome Editing","Base editing","38093011"
"NM_001002295.2(GATA3):c.33G>A (p.Val11=)","chr10","8055688","G/A","GATA3","-0.133","dataset0635","Synonymous","Neutral to the IFNG cytokine expression in CD4⁺ T cell","IFNG cytokine expression","4","Functionally normal","","5.12955e-06","NA","CRISPR-Based Genome Editing","Base editing","38093011"
"NM_001002295.2(GATA3):c.35G>A (p.Ser12Asn)","chr10","8055690","G/A","GATA3","-0.133","dataset0635","Missense","Neutral to the IFNG cytokine expression in CD4⁺ T cell","IFNG cytokine expression","4","Functionally normal","","0","esca:0.5% (1/182):0.310","CRISPR-Based Genome Editing","Base editing","38093011"
"NM_001002295.2(GATA3):c.40C>T (p.His14Tyr)","chr10","8055695","C/T","GATA3","-0.078","dataset0635","Missense","Neutral to the IFNG cytokine expression in CD4⁺ T cell","IFNG cytokine expression","4","Functionally normal","","","NA","CRISPR-Based Genome Editing","Base editing","38093011"
"NM_001002295.2(GATA3):c.42C>T (p.His14=)","chr10","8055697","C/T","GATA3","-0.054","dataset0635","Synonymous","Neutral to the IFNG cytokine expression in CD4⁺ T cell","IFNG cytokine expression","4","Functionally normal","","","NA","CRISPR-Based Genome Editing","Base editing","38093011"
"NM_001002295.2(GATA3):c.43C>T (p.His15Tyr)","chr10","8055698","C/T","GATA3","-0.054","dataset0635","Missense","Neutral to the IFNG cytokine expression in CD4⁺ T cell","IFNG cytokine expression","4","Functionally normal","","6.41e-07","NA","CRISPR-Based Genome Editing","Base editing","38093011"
"NM_001002295.2(GATA3):c.44A>G (p.His15Arg)","chr10","8055699","A/G","GATA3","0.045","dataset0635","Missense","Neutral to the IFNG cytokine expression in CD4⁺ T cell","IFNG cytokine expression","4","Functionally normal","","0","NA","CRISPR-Based Genome Editing","Base editing","38093011"
"NM_001002295.2(GATA3):c.45C>T (p.His15=)","chr10","8055700","C/T","GATA3","-0.054","dataset0635","Synonymous","Neutral to the IFNG cytokine expression in CD4⁺ T cell","IFNG cytokine expression","4","Functionally normal","Likely benign","1.08888e-05","NA","CRISPR-Based Genome Editing","Base editing","38093011"
"NM_001002295.2(GATA3):c.46C>T (p.Pro16Ser)","chr10","8055701","C/T","GATA3","-0.054","dataset0635","Missense","Neutral to the IFNG cytokine expression in CD4⁺ T cell","IFNG cytokine expression","4","Functionally normal","","6.40288e-07","NA","CRISPR-Based Genome Editing","Base editing","38093011"
"NM_001002295.2(GATA3):c.47C>T (p.Pro16Leu)","chr10","8055702","C/T","GATA3","-0.054","dataset0635","Missense","Neutral to the IFNG cytokine expression in CD4⁺ T cell","IFNG cytokine expression","4","Functionally normal","","0","NA","CRISPR-Based Genome Editing","Base editing","38093011"
"NM_001002295.2(GATA3):c.48C>T (p.Pro16=)","chr10","8055703","C/T","GATA3","-0.054","dataset0635","Synonymous","Neutral to the IFNG cytokine expression in CD4⁺ T cell","IFNG cytokine expression","4","Functionally normal","","1.2802e-06","NA","CRISPR-Based Genome Editing","Base editing","38093011"
"NM_001002295.2(GATA3):c.49G>A (p.Ala17Thr)","chr10","8055704","G/A","GATA3","-0.326","dataset0635","Missense","The diminished IFNG cytokine expression in CD4⁺ T cell","IFNG cytokine expression","4","Loss-of-function","","0","NA","CRISPR-Based Genome Editing","Base editing","38093011"
"NM_001002295.2(GATA3):c.50C>T (p.Ala17Val)","chr10","8055705","C/T","GATA3","-0.054","dataset0635","Missense","Neutral to the IFNG cytokine expression in CD4⁺ T cell","IFNG cytokine expression","4","Functionally normal","","","NA","CRISPR-Based Genome Editing","Base editing","38093011"
"NM_001002295.2(GATA3):c.51C>T (p.Ala17=)","chr10","8055706","C/T","GATA3","-0.183","dataset0635","Synonymous","Neutral to the IFNG cytokine expression in CD4⁺ T cell","IFNG cytokine expression","4","Functionally normal","","6.39599e-07","NA","CRISPR-Based Genome Editing","Base editing","38093011"
"NM_001002295.2(GATA3):c.52G>A (p.Val18Met)","chr10","8055707","G/A","GATA3","0.122","dataset0635","Missense","Neutral to the IFNG cytokine expression in CD4⁺ T cell","IFNG cytokine expression","4","Functionally normal","Uncertain significance","1.27862e-06","ucec:0.2% (1/529):0.560","CRISPR-Based Genome Editing","Base editing","38093011"
"NM_001002295.2(GATA3):c.53T>C (p.Val18Ala)","chr10","8055708","T/C","GATA3","0.131","dataset0635","Missense","Neutral to the IFNG cytokine expression in CD4⁺ T cell","IFNG cytokine expression","4","Functionally normal","","2.55652e-06","NA","CRISPR-Based Genome Editing","Base editing","38093011"
"NM_001002295.2(GATA3):c.54G>A (p.Val18=)","chr10","8055709","G/A","GATA3","0.122","dataset0635","Synonymous","Neutral to the IFNG cytokine expression in CD4⁺ T cell","IFNG cytokine expression","4","Functionally normal","","1.27792e-06","NA","CRISPR-Based Genome Editing","Base editing","38093011"
"NM_001002295.2(GATA3):c.56T>C (p.Leu19Pro)","chr10","8055711","T/C","GATA3","-0.067","dataset0635","Missense","Neutral to the IFNG cytokine expression in CD4⁺ T cell","IFNG cytokine expression","4","Functionally normal","","0","NA","CRISPR-Based Genome Editing","Base editing","38093011"
"NM_001002295.2(GATA3):c.58A>G (p.Asn20Asp)","chr10","8055713","A/G","GATA3","-0.054","dataset0635","Missense","Neutral to the IFNG cytokine expression in CD4⁺ T cell","IFNG cytokine expression","4","Functionally normal","Uncertain significance","0","NA","CRISPR-Based Genome Editing","Base editing","38093011"
"NM_001002295.2(GATA3):c.61G>A (p.Gly21Arg)","chr10","8055716","G/A","GATA3","-0.07","dataset0635","Missense","Neutral to the IFNG cytokine expression in CD4⁺ T cell","IFNG cytokine expression","4","Functionally normal","","0","esca:0.5% (1/182):0.100","CRISPR-Based Genome Editing","Base editing","38093011"
"NM_001002295.2(GATA3):c.62G>A (p.Gly21Glu)","chr10","8055717","G/A","GATA3","-0.157","dataset0635","Missense","Neutral to the IFNG cytokine expression in CD4⁺ T cell","IFNG cytokine expression","3","Functionally normal","","","NA","CRISPR-Based Genome Editing","Base editing","38093011"
"NM_001002295.2(GATA3):c.63G>A (p.Gly21=)","chr10","8055718","G/A","GATA3","-0.157","dataset0635","Synonymous","Neutral to the IFNG cytokine expression in CD4⁺ T cell","IFNG cytokine expression","3","Functionally normal","","6.37781e-07","NA","CRISPR-Based Genome Editing","Base editing","38093011"
"NM_001002295.2(GATA3):c.67C>T (p.His23Tyr)","chr10","8055722","C/T","GATA3","-0.259","dataset0635","Missense","Neutral to the IFNG cytokine expression in CD4⁺ T cell","IFNG cytokine expression","4","Functionally normal","","","NA","CRISPR-Based Genome Editing","Base editing","38093011"
"NM_001002295.2(GATA3):c.68A>G (p.His23Arg)","chr10","8055723","A/G","GATA3","0.005","dataset0635","Missense","Neutral to the IFNG cytokine expression in CD4⁺ T cell","IFNG cytokine expression","4","Functionally normal","","","NA","CRISPR-Based Genome Editing","Base editing","38093011"
"NM_001002295.2(GATA3):c.69C>T (p.His23=)","chr10","8055724","C/T","GATA3","-0.259","dataset0635","Synonymous","Neutral to the IFNG cytokine expression in CD4⁺ T cell","IFNG cytokine expression","4","Functionally normal","Benign","8.46931e-05","NA","CRISPR-Based Genome Editing","Base editing","38093011"
"NM_001002295.2(GATA3):c.70C>T (p.Pro24Ser)","chr10","8055725","C/T","GATA3","-0.259","dataset0635","Missense","Neutral to the IFNG cytokine expression in CD4⁺ T cell","IFNG cytokine expression","4","Functionally normal","","","NA","CRISPR-Based Genome Editing","Base editing","38093011"
"NM_001002295.2(GATA3):c.71C>T (p.Pro24Leu)","chr10","8055726","C/T","GATA3","-0.259","dataset0635","Missense","Neutral to the IFNG cytokine expression in CD4⁺ T cell","IFNG cytokine expression","4","Functionally normal","Uncertain significance","1.27304e-06","NA","CRISPR-Based Genome Editing","Base editing","38093011"
"NM_001002295.2(GATA3):c.72G>A (p.Pro24=)","chr10","8055727","G/A","GATA3","0.15","dataset0635","Synonymous","Neutral to the IFNG cytokine expression in CD4⁺ T cell","IFNG cytokine expression","4","Functionally normal","Likely benign","0.000140618","NA","CRISPR-Based Genome Editing","Base editing","38093011"
"NM_001002295.2(GATA3):c.74A>G (p.Asp25Gly)","chr10","8055729","A/G","GATA3","-0.002","dataset0635","Missense","Neutral to the IFNG cytokine expression in CD4⁺ T cell","IFNG cytokine expression","4","Functionally normal","","6.36079e-07","NA","CRISPR-Based Genome Editing","Base editing","38093011"
"NM_001002295.2(GATA3):c.75C>T (p.Asp25=)","chr10","8055730","C/T","GATA3","-0.259","dataset0635","Synonymous","Neutral to the IFNG cytokine expression in CD4⁺ T cell","IFNG cytokine expression","4","Functionally normal","","","NA","CRISPR-Based Genome Editing","Base editing","38093011"
"NM_001002295.2(GATA3):c.77C>T (p.Thr26Met)","chr10","8055732","C/T","GATA3","-0.259","dataset0635","Missense","Neutral to the IFNG cytokine expression in CD4⁺ T cell","IFNG cytokine expression","4","Functionally normal","","","NA","CRISPR-Based Genome Editing","Base editing","38093011"
"NM_001002295.2(GATA3):c.79C>T (p.His27Tyr)","chr10","8055734","C/T","GATA3","0.051","dataset0635","Missense","Neutral to the IFNG cytokine expression in CD4⁺ T cell","IFNG cytokine expression","2","Functionally normal","","","NA","CRISPR-Based Genome Editing","Base editing","38093011"
"NM_001002295.2(GATA3):c.87G>A (p.Pro29=)","chr10","8055742","G/A","GATA3","-0.078","dataset0635","Synonymous","Neutral to the IFNG cytokine expression in CD4⁺ T cell","IFNG cytokine expression","4","Functionally normal","","1.26785e-06","NA","CRISPR-Based Genome Editing","Base editing","38093011"
"NM_001002295.2(GATA3):c.88G>A (p.Gly30Ser)","chr10","8055743","G/A","GATA3","-0.078","dataset0635","Missense","Neutral to the IFNG cytokine expression in CD4⁺ T cell","IFNG cytokine expression","4","Functionally normal","","0","NA","CRISPR-Based Genome Editing","Base editing","38093011"
"NM_001002295.2(GATA3):c.89G>A (p.Gly30Asp)","chr10","8055744","G/A","GATA3","-0.078","dataset0635","Missense","Neutral to the IFNG cytokine expression in CD4⁺ T cell","IFNG cytokine expression","4","Functionally normal","Uncertain significance","0","NA","CRISPR-Based Genome Editing","Base editing","38093011"
"NM_001002295.2(GATA3):c.90C>T (p.Gly30=)","chr10","8055745","C/T","GATA3","0.099","dataset0635","Synonymous","Neutral to the IFNG cytokine expression in CD4⁺ T cell","IFNG cytokine expression","4","Functionally normal","","0","NA","CRISPR-Based Genome Editing","Base editing","38093011"
"NM_001002295.2(GATA3):c.91C>T (p.Leu31Phe)","chr10","8055746","C/T","GATA3","0.099","dataset0635","Missense","Neutral to the IFNG cytokine expression in CD4⁺ T cell","IFNG cytokine expression","4","Functionally normal","","6.32983e-07","NA","CRISPR-Based Genome Editing","Base editing","38093011"
"NM_001002295.2(GATA3):c.93C>T (p.Leu31=)","chr10","8055748","C/T","GATA3","-0.156","dataset0635","Synonymous","Neutral to the IFNG cytokine expression in CD4⁺ T cell","IFNG cytokine expression","4","Functionally normal","","","NA","CRISPR-Based Genome Editing","Base editing","38093011"
"NM_001002295.2(GATA3):c.94A>G (p.Ser32Gly)","chr10","8055749","A/G","GATA3","-0.202","dataset0635","Missense","Neutral to the IFNG cytokine expression in CD4⁺ T cell","IFNG cytokine expression","4","Functionally normal","","0","NA","CRISPR-Based Genome Editing","Base editing","38093011"
"NM_001002295.2(GATA3):c.95G>A (p.Ser32Asn)","chr10","8055750","G/A","GATA3","-0.074","dataset0635","Missense","Neutral to the IFNG cytokine expression in CD4⁺ T cell","IFNG cytokine expression","4","Functionally normal","","","NA","CRISPR-Based Genome Editing","Base editing","38093011"
"NM_001002295.2(GATA3):c.96C>T (p.Ser32=)","chr10","8055751","C/T","GATA3","-0.156","dataset0635","Synonymous","Neutral to the IFNG cytokine expression in CD4⁺ T cell","IFNG cytokine expression","4","Functionally normal","","0","NA","CRISPR-Based Genome Editing","Base editing","38093011"
"NM_001002295.2(GATA3):c.97C>T (p.His33Tyr)","chr10","8055752","C/T","GATA3","-0.156","dataset0635","Missense","Neutral to the IFNG cytokine expression in CD4⁺ T cell","IFNG cytokine expression","4","Functionally normal","","","NA","CRISPR-Based Genome Editing","Base editing","38093011"
"NM_001002295.2(GATA3):c.98A>G (p.His33Arg)","chr10","8055753","A/G","GATA3","-0.071","dataset0635","Missense","Neutral to the IFNG cytokine expression in CD4⁺ T cell","IFNG cytokine expression","4","Functionally normal","","","NA","CRISPR-Based Genome Editing","Base editing","38093011"
"NM_001002295.2(GATA3):c.99C>T (p.His33=)","chr10","8055754","C/T","GATA3","-0.156","dataset0635","Synonymous","Neutral to the IFNG cytokine expression in CD4⁺ T cell","IFNG cytokine expression","4","Functionally normal","","","NA","CRISPR-Based Genome Editing","Base editing","38093011"
"NM_001002295.2(GATA3):c.100T>C (p.Ser34Pro)","chr10","8055755","T/C","GATA3","-0.067","dataset0635","Missense","Neutral to the IFNG cytokine expression in CD4⁺ T cell","IFNG cytokine expression","4","Functionally normal","","0","NA","CRISPR-Based Genome Editing","Base editing","38093011"
"NM_001002295.2(GATA3):c.103T>C (p.Tyr35His)","chr10","8055758","T/C","GATA3","0.182","dataset0635","Missense","Neutral to the IFNG cytokine expression in CD4⁺ T cell","IFNG cytokine expression","4","Functionally normal","","1.26056e-06","NA","CRISPR-Based Genome Editing","Base editing","38093011"
"NM_001002295.2(GATA3):c.107T>C (p.Met36Thr)","chr10","8055762","T/C","GATA3","0.295","dataset0635","Missense","Neutral to the IFNG cytokine expression in CD4⁺ T cell","IFNG cytokine expression","4","Functionally normal","","6.29527e-07","NA","CRISPR-Based Genome Editing","Base editing","38093011"
"NM_001002295.2(GATA3):c.108G>A (p.Met36Ile)","chr10","8055763","G/A","GATA3","-0.086","dataset0635","Missense","Neutral to the IFNG cytokine expression in CD4⁺ T cell","IFNG cytokine expression","4","Functionally normal","","0","NA","CRISPR-Based Genome Editing","Base editing","38093011"
"NM_001002295.2(GATA3):c.109G>A (p.Asp37Asn)","chr10","8055764","G/A","GATA3","-0.086","dataset0635","Missense","Neutral to the IFNG cytokine expression in CD4⁺ T cell","IFNG cytokine expression","4","Functionally normal","","0","NA","CRISPR-Based Genome Editing","Base editing","38093011"
"NM_001002295.2(GATA3):c.111C>T (p.Asp37=)","chr10","8055766","C/T","GATA3","0.057","dataset0635","Synonymous","Neutral to the IFNG cytokine expression in CD4⁺ T cell","IFNG cytokine expression","4","Functionally normal","","0","NA","CRISPR-Based Genome Editing","Base editing","38093011"
"NM_001002295.2(GATA3):c.112G>A (p.Ala38Thr)","chr10","8055767","G/A","GATA3","-0.086","dataset0635","Missense","Neutral to the IFNG cytokine expression in CD4⁺ T cell","IFNG cytokine expression","4","Functionally normal","","0","NA","CRISPR-Based Genome Editing","Base editing","38093011"
"NM_001002295.2(GATA3):c.113C>T (p.Ala38Val)","chr10","8055768","C/T","GATA3","0.057","dataset0635","Missense","Neutral to the IFNG cytokine expression in CD4⁺ T cell","IFNG cytokine expression","4","Functionally normal","","6.28758e-07","NA","CRISPR-Based Genome Editing","Base editing","38093011"
"NM_001002295.2(GATA3):c.114G>A (p.Ala38=)","chr10","8055769","G/A","GATA3","0.06","dataset0635","Synonymous","Neutral to the IFNG cytokine expression in CD4⁺ T cell","IFNG cytokine expression","4","Functionally normal","","2.82859e-05","NA","CRISPR-Based Genome Editing","Base editing","38093011"
"NM_001002295.2(GATA3):c.115G>A (p.Ala39Thr)","chr10","8055770","G/A","GATA3","0.06","dataset0635","Missense","Neutral to the IFNG cytokine expression in CD4⁺ T cell","IFNG cytokine expression","4","Functionally normal","","6.28497e-07","NA","CRISPR-Based Genome Editing","Base editing","38093011"
"NM_001002295.2(GATA3):c.116C>T (p.Ala39Val)","chr10","8055771","C/T","GATA3","0.155","dataset0635","Missense","Neutral to the IFNG cytokine expression in CD4⁺ T cell","IFNG cytokine expression","4","Functionally normal","","0","NA","CRISPR-Based Genome Editing","Base editing","38093011"
"NM_001002295.2(GATA3):c.117G>A (p.Ala39=)","chr10","8055772","G/A","GATA3","0.06","dataset0635","Synonymous","Neutral to the IFNG cytokine expression in CD4⁺ T cell","IFNG cytokine expression","4","Functionally normal","","0","NA","CRISPR-Based Genome Editing","Base editing","38093011"
"NM_001002295.2(GATA3):c.118C>T (p.Gln40Ter)","chr10","8055773","C/T","GATA3","-0.546","dataset0635","Nonsense","The diminished IFNG cytokine expression in CD4⁺ T cell","IFNG cytokine expression","4","Loss-of-function","","","NA","CRISPR-Based Genome Editing","Base editing","38093011"
"NM_001002295.2(GATA3):c.119A>G (p.Gln40Arg)","chr10","8055774","A/G","GATA3","-0.205","dataset0635","Missense","Neutral to the IFNG cytokine expression in CD4⁺ T cell","IFNG cytokine expression","4","Functionally normal","","","NA","CRISPR-Based Genome Editing","Base editing","38093011"
"NM_001002295.2(GATA3):c.121T>C (p.Tyr41His)","chr10","8055776","T/C","GATA3","0.088","dataset0635","Missense","Neutral to the IFNG cytokine expression in CD4⁺ T cell","IFNG cytokine expression","4","Functionally normal","","1.2561e-06","NA","CRISPR-Based Genome Editing","Base editing","38093011"
"NM_001002295.2(GATA3):c.122A>G (p.Tyr41Cys)","chr10","8055777","A/G","GATA3","0.005","dataset0635","Missense","Neutral to the IFNG cytokine expression in CD4⁺ T cell","IFNG cytokine expression","4","Functionally normal","","6.28112e-07","coad:0.2% (1/439):0.290","CRISPR-Based Genome Editing","Base editing","38093011"
"NM_001002295.2(GATA3):c.123C>T (p.Tyr41=)","chr10","8055778","C/T","GATA3","-0.004","dataset0635","Synonymous","Neutral to the IFNG cytokine expression in CD4⁺ T cell","IFNG cytokine expression","4","Functionally normal","","1.256e-06","NA","CRISPR-Based Genome Editing","Base editing","38093011"
"NM_001002295.2(GATA3):c.133G>A (p.Glu45Lys)","chr10","8055788","G/A","GATA3","-0.136","dataset0635","Missense","Neutral to the IFNG cytokine expression in CD4⁺ T cell","IFNG cytokine expression","4","Functionally normal","","","NA","CRISPR-Based Genome Editing","Base editing","38093011"
"NM_001002295.2(GATA3):c.135G>A (p.Glu45=)","chr10","8055790","G/A","GATA3","-0.11","dataset0635","Synonymous","Neutral to the IFNG cytokine expression in CD4⁺ T cell","IFNG cytokine expression","4","Functionally normal","","0","NA","CRISPR-Based Genome Editing","Base editing","38093011"
"NM_001002295.2(GATA3):c.136G>A (p.Glu46Lys)","chr10","8055791","G/A","GATA3","-0.11","dataset0635","Missense","Neutral to the IFNG cytokine expression in CD4⁺ T cell","IFNG cytokine expression","4","Functionally normal","","","NA","CRISPR-Based Genome Editing","Base editing","38093011"
"NM_001002295.2(GATA3):c.138G>A (p.Glu46=)","chr10","8055793","G/A","GATA3","-0.11","dataset0635","Synonymous","Neutral to the IFNG cytokine expression in CD4⁺ T cell","IFNG cytokine expression","4","Functionally normal","","6.27578e-07","NA","CRISPR-Based Genome Editing","Base editing","38093011"
"NM_001002295.2(GATA3):c.139G>A (p.Val47Met)","chr10","8055794","G/A","GATA3","-0.11","dataset0635","Missense","Neutral to the IFNG cytokine expression in CD4⁺ T cell","IFNG cytokine expression","4","Functionally normal","","1.25489e-06","NA","CRISPR-Based Genome Editing","Base editing","38093011"
"NM_001002295.2(GATA3):c.140T>C (p.Val47Ala)","chr10","8055795","T/C","GATA3","-0.077","dataset0635","Missense","Neutral to the IFNG cytokine expression in CD4⁺ T cell","IFNG cytokine expression","4","Functionally normal","","6.28626e-07","NA","CRISPR-Based Genome Editing","Base editing","38093011"
"NM_001002295.2(GATA3):c.141G>A (p.Val47=)","chr10","8055796","G/A","GATA3","-0.059","dataset0635","Synonymous","Neutral to the IFNG cytokine expression in CD4⁺ T cell","IFNG cytokine expression","4","Functionally normal","","6.27516e-07","NA","CRISPR-Based Genome Editing","Base editing","38093011"
"NM_001002295.2(GATA3):c.142G>A (p.Asp48Asn)","chr10","8055797","G/A","GATA3","-0.059","dataset0635","Missense","Neutral to the IFNG cytokine expression in CD4⁺ T cell","IFNG cytokine expression","4","Functionally normal","Uncertain significance","","NA","CRISPR-Based Genome Editing","Base editing","38093011"
"NM_001002295.2(GATA3):c.144T>C (p.Asp48=)","chr10","8055799","T/C","GATA3","0.151","dataset0635","Synonymous","Neutral to the IFNG cytokine expression in CD4⁺ T cell","IFNG cytokine expression","4","Functionally normal","","0","NA","CRISPR-Based Genome Editing","Base editing","38093011"
"NM_001002295.2(GATA3):c.145G>A (p.Val49Met)","chr10","8055800","G/A","GATA3","-0.059","dataset0635","Missense","Neutral to the IFNG cytokine expression in CD4⁺ T cell","IFNG cytokine expression","4","Functionally normal","","6.2746e-07","NA","CRISPR-Based Genome Editing","Base editing","38093011"
"NM_001002295.2(GATA3):c.146T>C (p.Val49Ala)","chr10","8055801","T/C","GATA3","0.221","dataset0635","Missense","Neutral to the IFNG cytokine expression in CD4⁺ T cell","IFNG cytokine expression","4","Functionally normal","","","NA","CRISPR-Based Genome Editing","Base editing","38093011"
"NM_001002295.2(GATA3):c.148C>T (p.Leu50Phe)","chr10","8055803","C/T","GATA3","-0.108","dataset0635","Missense","Neutral to the IFNG cytokine expression in CD4⁺ T cell","IFNG cytokine expression","4","Functionally normal","Uncertain significance","1.2551e-06","NA","CRISPR-Based Genome Editing","Base editing","38093011"
"NM_001002295.2(GATA3):c.149T>C (p.Leu50Pro)","chr10","8055804","T/C","GATA3","0.221","dataset0635","Missense","Neutral to the IFNG cytokine expression in CD4⁺ T cell","IFNG cytokine expression","4","Functionally normal","","1.25515e-06","NA","CRISPR-Based Genome Editing","Base editing","38093011"
"NM_001002295.2(GATA3):c.150T>C (p.Leu50=)","chr10","8055805","T/C","GATA3","0.221","dataset0635","Synonymous","Neutral to the IFNG cytokine expression in CD4⁺ T cell","IFNG cytokine expression","4","Functionally normal","","","NA","CRISPR-Based Genome Editing","Base editing","38093011"
"NM_001002295.2(GATA3):c.154A>G (p.Asn52Asp)","chr10","8055809","A/G","GATA3","0.046","dataset0635","Missense","Neutral to the IFNG cytokine expression in CD4⁺ T cell","IFNG cytokine expression","4","Functionally normal","","6.27639e-07","NA","CRISPR-Based Genome Editing","Base editing","38093011"
"NM_001002295.2(GATA3):c.155A>G (p.Asn52Ser)","chr10","8055810","A/G","GATA3","0.046","dataset0635","Missense","Neutral to the IFNG cytokine expression in CD4⁺ T cell","IFNG cytokine expression","4","Functionally normal","","8.15976e-06","NA","CRISPR-Based Genome Editing","Base editing","38093011"
"NM_001002295.2(GATA3):c.156C>T (p.Asn52=)","chr10","8055811","C/T","GATA3","0.001","dataset0635","Synonymous","Neutral to the IFNG cytokine expression in CD4⁺ T cell","IFNG cytokine expression","4","Functionally normal","","6.27899e-07","NA","CRISPR-Based Genome Editing","Base editing","38093011"
"NM_001002295.2(GATA3):c.159C>T (p.Ile53=)","chr10","8055814","C/T","GATA3","0.001","dataset0635","Synonymous","Neutral to the IFNG cytokine expression in CD4⁺ T cell","IFNG cytokine expression","4","Functionally normal","","","NA","CRISPR-Based Genome Editing","Base editing","38093011"
"NM_001002295.2(GATA3):c.174C>T (p.Asn58=)","chr10","8055829","C/T","GATA3","-0.255","dataset0635","Synonymous","Neutral to the IFNG cytokine expression in CD4⁺ T cell","IFNG cytokine expression","4","Functionally normal","","0","NA","CRISPR-Based Genome Editing","Base editing","38093011"
"NM_001002295.2(GATA3):c.175C>T (p.His59Tyr)","chr10","8055830","C/T","GATA3","-0.255","dataset0635","Missense","Neutral to the IFNG cytokine expression in CD4⁺ T cell","IFNG cytokine expression","4","Functionally normal","","6.29834e-06","NA","CRISPR-Based Genome Editing","Base editing","38093011"
"NM_001002295.2(GATA3):c.176A>G (p.His59Arg)","chr10","8055831","A/G","GATA3","0.073","dataset0635","Missense","Neutral to the IFNG cytokine expression in CD4⁺ T cell","IFNG cytokine expression","4","Functionally normal","","","NA","CRISPR-Based Genome Editing","Base editing","38093011"
"NM_001002295.2(GATA3):c.177C>T (p.His59=)","chr10","8055832","C/T","GATA3","-0.255","dataset0635","Synonymous","Neutral to the IFNG cytokine expression in CD4⁺ T cell","IFNG cytokine expression","4","Functionally normal","","0","NA","CRISPR-Based Genome Editing","Base editing","38093011"
"NM_001002295.2(GATA3):c.180C>T (p.Val60=)","chr10","8055835","C/T","GATA3","0.177","dataset0635","Synonymous","Neutral to the IFNG cytokine expression in CD4⁺ T cell","IFNG cytokine expression","4","Functionally normal","","0","NA","CRISPR-Based Genome Editing","Base editing","38093011"
"NM_001002295.2(GATA3):c.181C>T (p.Pro61Ser)","chr10","8055836","C/T","GATA3","0.177","dataset0635","Missense","Neutral to the IFNG cytokine expression in CD4⁺ T cell","IFNG cytokine expression","4","Functionally normal","","0","NA","CRISPR-Based Genome Editing","Base editing","38093011"
"NM_001002295.2(GATA3):c.182C>T (p.Pro61Leu)","chr10","8055837","C/T","GATA3","0.177","dataset0635","Missense","Neutral to the IFNG cytokine expression in CD4⁺ T cell","IFNG cytokine expression","4","Functionally normal","","1.26267e-06","NA","CRISPR-Based Genome Editing","Base editing","38093011"
"NM_001002295.2(GATA3):c.184C>T (p.Pro62Ser)","chr10","8055839","C/T","GATA3","0.177","dataset0635","Missense","Neutral to the IFNG cytokine expression in CD4⁺ T cell","IFNG cytokine expression","4","Functionally normal","","1.89349e-06","NA","CRISPR-Based Genome Editing","Base editing","38093011"
"NM_001002295.2(GATA3):c.185C>T (p.Pro62Leu)","chr10","8055840","C/T","GATA3","-0.073","dataset0635","Missense","Neutral to the IFNG cytokine expression in CD4⁺ T cell","IFNG cytokine expression","4","Functionally normal","","1.89405e-06","NA","CRISPR-Based Genome Editing","Base editing","38093011"
"NM_001002295.2(GATA3):c.186C>T (p.Pro62=)","chr10","8055841","C/T","GATA3","-0.332","dataset0635","Synonymous","The diminished IFNG cytokine expression in CD4⁺ T cell","IFNG cytokine expression","4","Loss-of-function","","","NA","CRISPR-Based Genome Editing","Base editing","38093011"
"NM_001002295.2(GATA3):c.188A>G (p.Tyr63Cys)","chr10","8055843","A/G","GATA3","0.151","dataset0635","Missense","Neutral to the IFNG cytokine expression in CD4⁺ T cell","IFNG cytokine expression","4","Functionally normal","Uncertain significance","3.09754e-05","NA","CRISPR-Based Genome Editing","Base editing","38093011"
"NM_001002295.2(GATA3):c.189C>T (p.Tyr63=)","chr10","8055844","C/T","GATA3","-0.332","dataset0635","Synonymous","The diminished IFNG cytokine expression in CD4⁺ T cell","IFNG cytokine expression","4","Loss-of-function","","","NA","CRISPR-Based Genome Editing","Base editing","38093011"
"NM_001002295.2(GATA3):c.190T>C (p.Tyr64His)","chr10","8055845","T/C","GATA3","-0.044","dataset0635","Missense","Neutral to the IFNG cytokine expression in CD4⁺ T cell","IFNG cytokine expression","4","Functionally normal","","0","NA","CRISPR-Based Genome Editing","Base editing","38093011"
"NM_001002295.2(GATA3):c.191A>G (p.Tyr64Cys)","chr10","8055846","A/G","GATA3","0.151","dataset0635","Missense","Neutral to the IFNG cytokine expression in CD4⁺ T cell","IFNG cytokine expression","4","Functionally normal","","0","NA","CRISPR-Based Genome Editing","Base editing","38093011"
"NM_001002295.2(GATA3):c.192C>T (p.Tyr64=)","chr10","8055847","C/T","GATA3","0.025","dataset0635","Synonymous","Neutral to the IFNG cytokine expression in CD4⁺ T cell","IFNG cytokine expression","4","Functionally normal","","2.53049e-06","NA","CRISPR-Based Genome Editing","Base editing","38093011"
"NM_001002295.2(GATA3):c.193G>A (p.Gly65Arg)","chr10","8055848","G/A","GATA3","-0.312","dataset0635","Missense","The diminished IFNG cytokine expression in CD4⁺ T cell","IFNG cytokine expression","4","Loss-of-function","","6.32638e-07","NA","CRISPR-Based Genome Editing","Base editing","38093011"
"NM_001002295.2(GATA3):c.194G>A (p.Gly65Glu)","chr10","8055849","G/A","GATA3","-0.004","dataset0635","Missense","Neutral to the IFNG cytokine expression in CD4⁺ T cell","IFNG cytokine expression","4","Functionally normal","","6.32794e-07","NA","CRISPR-Based Genome Editing","Base editing","38093011"
"NM_001002295.2(GATA3):c.195A>G (p.Gly65=)","chr10","8055850","A/G","GATA3","0.299","dataset0635","Synonymous","Neutral to the IFNG cytokine expression in CD4⁺ T cell","IFNG cytokine expression","4","Functionally normal","","","NA","CRISPR-Based Genome Editing","Base editing","38093011"
"NM_001002295.2(GATA3):c.196A>G (p.Asn66Asp)","chr10","8055851","A/G","GATA3","0.299","dataset0635","Missense","Neutral to the IFNG cytokine expression in CD4⁺ T cell","IFNG cytokine expression","4","Functionally normal","","","NA","CRISPR-Based Genome Editing","Base editing","38093011"
"NM_001002295.2(GATA3):c.197A>G (p.Asn66Ser)","chr10","8055852","A/G","GATA3","0.299","dataset0635","Missense","Neutral to the IFNG cytokine expression in CD4⁺ T cell","IFNG cytokine expression","4","Functionally normal","","","NA","CRISPR-Based Genome Editing","Base editing","38093011"
"NM_001002295.2(GATA3):c.199T>C (p.Ser67Pro)","chr10","8055854","T/C","GATA3","0.085","dataset0635","Missense","Neutral to the IFNG cytokine expression in CD4⁺ T cell","IFNG cytokine expression","4","Functionally normal","","","NA","CRISPR-Based Genome Editing","Base editing","38093011"
"NM_001002295.2(GATA3):c.200C>T (p.Ser67Leu)","chr10","8055855","C/T","GATA3","-0.237","dataset0635","Missense","Neutral to the IFNG cytokine expression in CD4⁺ T cell","IFNG cytokine expression","4","Functionally normal","","1.26862e-06","NA","CRISPR-Based Genome Editing","Base editing","38093011"
"NM_001002295.2(GATA3):c.201G>A (p.Ser67=)","chr10","8055856","G/A","GATA3","0.223","dataset0635","Synonymous","Neutral to the IFNG cytokine expression in CD4⁺ T cell","IFNG cytokine expression","4","Functionally normal","Likely benign","2.53715e-06","NA","CRISPR-Based Genome Editing","Base editing","38093011"
"NM_001002295.2(GATA3):c.202G>A (p.Val68Ile)","chr10","8055857","G/A","GATA3","0.223","dataset0635","Missense","Neutral to the IFNG cytokine expression in CD4⁺ T cell","IFNG cytokine expression","4","Functionally normal","","0","NA","CRISPR-Based Genome Editing","Base editing","38093011"
"NM_001002295.2(GATA3):c.203T>C (p.Val68Ala)","chr10","8055858","T/C","GATA3","-0.247","dataset0635","Missense","Neutral to the IFNG cytokine expression in CD4⁺ T cell","IFNG cytokine expression","4","Functionally normal","","0","NA","CRISPR-Based Genome Editing","Base editing","38093011"
"NM_001002295.2(GATA3):c.204C>T (p.Val68=)","chr10","8055859","C/T","GATA3","-0.237","dataset0635","Synonymous","Neutral to the IFNG cytokine expression in CD4⁺ T cell","IFNG cytokine expression","4","Functionally normal","","0","NA","CRISPR-Based Genome Editing","Base editing","38093011"
"NM_001002295.2(GATA3):c.205A>G (p.Arg69Gly)","chr10","8055860","A/G","GATA3","0.211","dataset0635","Missense","Neutral to the IFNG cytokine expression in CD4⁺ T cell","IFNG cytokine expression","4","Functionally normal","Uncertain significance","1.46082e-05","NA","CRISPR-Based Genome Editing","Base editing","38093011"
"NM_001002295.2(GATA3):c.206G>A (p.Arg69Lys)","chr10","8055861","G/A","GATA3","-0.322","dataset0635","Missense","The diminished IFNG cytokine expression in CD4⁺ T cell","IFNG cytokine expression","4","Loss-of-function","","0","NA","CRISPR-Based Genome Editing","Base editing","38093011"
"NM_001002295.2(GATA3):c.219G>A (p.Gln73=)","chr10","8055874","G/A","GATA3","-0.023","dataset0635","Synonymous","Neutral to the IFNG cytokine expression in CD4⁺ T cell","IFNG cytokine expression","4","Functionally normal","","0","NA","CRISPR-Based Genome Editing","Base editing","38093011"
"NM_001002295.2(GATA3):c.221G>A (p.Arg74Lys)","chr10","8055876","G/A","GATA3","-0.023","dataset0635","Missense","Neutral to the IFNG cytokine expression in CD4⁺ T cell","IFNG cytokine expression","4","Functionally normal","","","NA","CRISPR-Based Genome Editing","Base editing","38093011"
"NM_001002295.2(GATA3):c.222G>A (p.Arg74=)","chr10","8055877","G/A","GATA3","-0.023","dataset0635","Synonymous","Neutral to the IFNG cytokine expression in CD4⁺ T cell","IFNG cytokine expression","4","Functionally normal","","","NA","CRISPR-Based Genome Editing","Base editing","38093011"
"NM_001002295.2(GATA3):c.224A>G (p.Tyr75Cys)","chr10","8055879","A/G","GATA3","-0.062","dataset0635","Missense","Neutral to the IFNG cytokine expression in CD4⁺ T cell","IFNG cytokine expression","4","Functionally normal","","0","NA","CRISPR-Based Genome Editing","Base editing","38093011"
"NM_001002295.2(GATA3):c.225C>T (p.Tyr75=)","chr10","8055880","C/T","GATA3","-0.158","dataset0635","Synonymous","Neutral to the IFNG cytokine expression in CD4⁺ T cell","IFNG cytokine expression","4","Functionally normal","","0","NA","CRISPR-Based Genome Editing","Base editing","38093011"
"NM_001002295.2(GATA3):c.226C>T (p.Pro76Ser)","chr10","8055881","C/T","GATA3","-0.158","dataset0635","Missense","Neutral to the IFNG cytokine expression in CD4⁺ T cell","IFNG cytokine expression","4","Functionally normal","","3.19933e-06","NA","CRISPR-Based Genome Editing","Base editing","38093011"
"NM_001002295.2(GATA3):c.227C>T (p.Pro76Leu)","chr10","8055882","C/T","GATA3","-0.158","dataset0635","Missense","Neutral to the IFNG cytokine expression in CD4⁺ T cell","IFNG cytokine expression","4","Functionally normal","","1.2803e-06","NA","CRISPR-Based Genome Editing","Base editing","38093011"
"NM_001002295.2(GATA3):c.228T>C (p.Pro76=)","chr10","8055883","T/C","GATA3","-0.079","dataset0635","Synonymous","Neutral to the IFNG cytokine expression in CD4⁺ T cell","IFNG cytokine expression","4","Functionally normal","","","NA","CRISPR-Based Genome Editing","Base editing","38093011"
"NM_001002295.2(GATA3):c.229C>T (p.Pro77Ser)","chr10","8055884","C/T","GATA3","-0.158","dataset0635","Missense","Neutral to the IFNG cytokine expression in CD4⁺ T cell","IFNG cytokine expression","4","Functionally normal","","4.48263e-06","NA","CRISPR-Based Genome Editing","Base editing","38093011"
"NM_001002295.2(GATA3):c.230C>T (p.Pro77Leu)","chr10","8055885","C/T","GATA3","-0.158","dataset0635","Missense","Neutral to the IFNG cytokine expression in CD4⁺ T cell","IFNG cytokine expression","4","Functionally normal","","3.20474e-06","ucec:0.2% (1/529):0.420","CRISPR-Based Genome Editing","Base editing","38093011"
"NM_001002295.2(GATA3):c.231G>A (p.Pro77=)","chr10","8055886","G/A","GATA3","-0.023","dataset0635","Synonymous","Neutral to the IFNG cytokine expression in CD4⁺ T cell","IFNG cytokine expression","4","Functionally normal","","0","NA","CRISPR-Based Genome Editing","Base editing","38093011"
"NM_001002295.2(GATA3):c.233C>T (p.Thr78Ile)","chr10","8055888","C/T","GATA3","0.103","dataset0635","Missense","Neutral to the IFNG cytokine expression in CD4⁺ T cell","IFNG cytokine expression","4","Functionally normal","Uncertain significance","0","NA","CRISPR-Based Genome Editing","Base editing","38093011"
"NM_001002295.2(GATA3):c.234C>T (p.Thr78=)","chr10","8055889","C/T","GATA3","0.095","dataset0635","Synonymous","Neutral to the IFNG cytokine expression in CD4⁺ T cell","IFNG cytokine expression","4","Functionally normal","","6.41139e-07","NA","CRISPR-Based Genome Editing","Base editing","38093011"
"NM_001002295.2(GATA3):c.235C>T (p.His79Tyr)","chr10","8055890","C/T","GATA3","-0.212","dataset0635","Missense","Neutral to the IFNG cytokine expression in CD4⁺ T cell","IFNG cytokine expression","4","Functionally normal","","","NA","CRISPR-Based Genome Editing","Base editing","38093011"
"NM_001002295.2(GATA3):c.236A>G (p.His79Arg)","chr10","8055891","A/G","GATA3","-0.071","dataset0635","Missense","Neutral to the IFNG cytokine expression in CD4⁺ T cell","IFNG cytokine expression","4","Functionally normal","","","NA","CRISPR-Based Genome Editing","Base editing","38093011"
"NM_001002295.2(GATA3):c.237C>T (p.His79=)","chr10","8055892","C/T","GATA3","-0.212","dataset0635","Synonymous","Neutral to the IFNG cytokine expression in CD4⁺ T cell","IFNG cytokine expression","4","Functionally normal","","","NA","CRISPR-Based Genome Editing","Base editing","38093011"
"NM_001002295.2(GATA3):c.238C>T (p.His80Tyr)","chr10","8055893","C/T","GATA3","-0.212","dataset0635","Missense","Neutral to the IFNG cytokine expression in CD4⁺ T cell","IFNG cytokine expression","4","Functionally normal","","0","NA","CRISPR-Based Genome Editing","Base editing","38093011"
"NM_001002295.2(GATA3):c.239A>G (p.His80Arg)","chr10","8055894","A/G","GATA3","-0.043","dataset0635","Missense","Neutral to the IFNG cytokine expression in CD4⁺ T cell","IFNG cytokine expression","4","Functionally normal","","0","NA","CRISPR-Based Genome Editing","Base editing","38093011"
"NM_001002295.2(GATA3):c.240C>T (p.His80=)","chr10","8055895","C/T","GATA3","-0.212","dataset0635","Splice site","Neutral to the IFNG cytokine expression in CD4⁺ T cell","IFNG cytokine expression","4","Functionally normal","","0","NA","CRISPR-Based Genome Editing","Base editing","38093011"
"NM_001002295.2(GATA3):c.241G>A (p.Gly81Arg)","chr10","8055896","G/A","GATA3","-0.266","dataset0635","Missense","Neutral to the IFNG cytokine expression in CD4⁺ T cell","IFNG cytokine expression","4","Functionally normal","","6.42301e-07","NA","CRISPR-Based Genome Editing","Base editing","38093011"
"NM_001002295.2(GATA3):c.242G>A (p.Gly81Glu)","chr10","8058305","G/A","GATA3","-0.306","dataset0635","Missense","The diminished IFNG cytokine expression in CD4⁺ T cell","IFNG cytokine expression","4","Loss-of-function","","6.19802e-07","skcm:0.2% (1/448):0.350","CRISPR-Based Genome Editing","Base editing","38093011"
"NM_001002295.2(GATA3):c.245G>A (p.Ser82Asn)","chr10","8058308","G/A","GATA3","0.168","dataset0635","Missense","Neutral to the IFNG cytokine expression in CD4⁺ T cell","IFNG cytokine expression","4","Functionally normal","","6.19786e-07","NA","CRISPR-Based Genome Editing","Base editing","38093011"
"NM_001002295.2(GATA3):c.249G>A (p.Gln83=)","chr10","8058312","G/A","GATA3","0.189","dataset0635","Synonymous","Neutral to the IFNG cytokine expression in CD4⁺ T cell","IFNG cytokine expression","4","Functionally normal","","6.19774e-07","NA","CRISPR-Based Genome Editing","Base editing","38093011"
"NM_001002295.2(GATA3):c.250G>A (p.Val84Met)","chr10","8058313","G/A","GATA3","-0.117","dataset0635","Missense","Neutral to the IFNG cytokine expression in CD4⁺ T cell","IFNG cytokine expression","4","Functionally normal","","","NA","CRISPR-Based Genome Editing","Base editing","38093011"
"NM_001002295.2(GATA3):c.251T>C (p.Val84Ala)","chr10","8058314","T/C","GATA3","-0.049","dataset0635","Missense","Neutral to the IFNG cytokine expression in CD4⁺ T cell","IFNG cytokine expression","4","Functionally normal","","","NA","CRISPR-Based Genome Editing","Base editing","38093011"
"NM_001002295.2(GATA3):c.252G>A (p.Val84=)","chr10","8058315","G/A","GATA3","-0.466","dataset0635","Synonymous","The diminished IFNG cytokine expression in CD4⁺ T cell","IFNG cytokine expression","4","Loss-of-function","","","NA","CRISPR-Based Genome Editing","Base editing","38093011"
"NM_001002295.2(GATA3):c.253T>C (p.Cys85Arg)","chr10","8058316","T/C","GATA3","-0.049","dataset0635","Missense","Neutral to the IFNG cytokine expression in CD4⁺ T cell","IFNG cytokine expression","4","Functionally normal","","","NA","CRISPR-Based Genome Editing","Base editing","38093011"
"NM_001002295.2(GATA3):c.254G>A (p.Cys85Tyr)","chr10","8058317","G/A","GATA3","-0.466","dataset0635","Missense","The diminished IFNG cytokine expression in CD4⁺ T cell","IFNG cytokine expression","4","Loss-of-function","Uncertain significance","5.14546e-05","NA","CRISPR-Based Genome Editing","Base editing","38093011"
"NM_001002295.2(GATA3):c.255C>T (p.Cys85=)","chr10","8058318","C/T","GATA3","-0.176","dataset0635","Synonymous","Neutral to the IFNG cytokine expression in CD4⁺ T cell","IFNG cytokine expression","4","Functionally normal","","6.19827e-07","NA","CRISPR-Based Genome Editing","Base editing","38093011"
"NM_001002295.2(GATA3):c.256C>T (p.Arg86Cys)","chr10","8058319","C/T","GATA3","-0.176","dataset0635","Missense","Neutral to the IFNG cytokine expression in CD4⁺ T cell","IFNG cytokine expression","4","Functionally normal","Uncertain significance","2.47919e-06","NA","CRISPR-Based Genome Editing","Base editing","38093011"
"NM_001002295.2(GATA3):c.257G>A (p.Arg86His)","chr10","8058320","G/A","GATA3","0.305","dataset0635","Missense","Neutral to the IFNG cytokine expression in CD4⁺ T cell","IFNG cytokine expression","4","Functionally normal","Uncertain significance","3.09981e-06","NA","CRISPR-Based Genome Editing","Base editing","38093011"
"NM_001002295.2(GATA3):c.258C>T (p.Arg86=)","chr10","8058321","C/T","GATA3","-0.176","dataset0635","Synonymous","Neutral to the IFNG cytokine expression in CD4⁺ T cell","IFNG cytokine expression","4","Functionally normal","","0","NA","CRISPR-Based Genome Editing","Base editing","38093011"
"NM_001002295.2(GATA3):c.259C>T (p.Pro87Ser)","chr10","8058322","C/T","GATA3","-0.176","dataset0635","Missense","Neutral to the IFNG cytokine expression in CD4⁺ T cell","IFNG cytokine expression","4","Functionally normal","","","NA","CRISPR-Based Genome Editing","Base editing","38093011"
"NM_001002295.2(GATA3):c.260C>T (p.Pro87Leu)","chr10","8058323","C/T","GATA3","-0.176","dataset0635","Missense","Neutral to the IFNG cytokine expression in CD4⁺ T cell","IFNG cytokine expression","4","Functionally normal","","1.85922e-06","NA","CRISPR-Based Genome Editing","Base editing","38093011"
"NM_001002295.2(GATA3):c.261G>A (p.Pro87=)","chr10","8058324","G/A","GATA3","-0.366","dataset0635","Synonymous","The diminished IFNG cytokine expression in CD4⁺ T cell","IFNG cytokine expression","3","Loss-of-function","","4.33858e-06","NA","CRISPR-Based Genome Editing","Base editing","38093011"
"NM_001002295.2(GATA3):c.262C>T (p.Pro88Ser)","chr10","8058325","C/T","GATA3","-0.176","dataset0635","Missense","Neutral to the IFNG cytokine expression in CD4⁺ T cell","IFNG cytokine expression","4","Functionally normal","","","NA","CRISPR-Based Genome Editing","Base editing","38093011"
"NM_001002295.2(GATA3):c.263C>T (p.Pro88Leu)","chr10","8058326","C/T","GATA3","-0.176","dataset0635","Missense","Neutral to the IFNG cytokine expression in CD4⁺ T cell","IFNG cytokine expression","4","Functionally normal","","","NA","CRISPR-Based Genome Editing","Base editing","38093011"
"NM_001002295.2(GATA3):c.264T>C (p.Pro88=)","chr10","8058327","T/C","GATA3","0.097","dataset0635","Synonymous","Neutral to the IFNG cytokine expression in CD4⁺ T cell","IFNG cytokine expression","4","Functionally normal","","1.7974e-05","NA","CRISPR-Based Genome Editing","Base editing","38093011"
"NM_001002295.2(GATA3):c.265C>T (p.Leu89=)","chr10","8058328","C/T","GATA3","-0.176","dataset0635","Synonymous","Neutral to the IFNG cytokine expression in CD4⁺ T cell","IFNG cytokine expression","4","Functionally normal","","","NA","CRISPR-Based Genome Editing","Base editing","38093011"
"NM_001002295.2(GATA3):c.266T>C (p.Leu89Pro)","chr10","8058329","T/C","GATA3","0.097","dataset0635","Missense","Neutral to the IFNG cytokine expression in CD4⁺ T cell","IFNG cytokine expression","4","Functionally normal","","","NA","CRISPR-Based Genome Editing","Base editing","38093011"
"NM_001002295.2(GATA3):c.267G>A (p.Leu89=)","chr10","8058330","G/A","GATA3","0.024","dataset0635","Synonymous","Neutral to the IFNG cytokine expression in CD4⁺ T cell","IFNG cytokine expression","4","Functionally normal","","6.19791e-07","NA","CRISPR-Based Genome Editing","Base editing","38093011"
"NM_001002295.2(GATA3):c.268C>T (p.Leu90Phe)","chr10","8058331","C/T","GATA3","0.15","dataset0635","Missense","Neutral to the IFNG cytokine expression in CD4⁺ T cell","IFNG cytokine expression","4","Functionally normal","","6.19752e-07","NA","CRISPR-Based Genome Editing","Base editing","38093011"
"NM_001002295.2(GATA3):c.270T>C (p.Leu90=)","chr10","8058333","T/C","GATA3","-0.26","dataset0635","Synonymous","Neutral to the IFNG cytokine expression in CD4⁺ T cell","IFNG cytokine expression","4","Functionally normal","","","NA","CRISPR-Based Genome Editing","Base editing","38093011"
"NM_001002295.2(GATA3):c.271C>T (p.His91Tyr)","chr10","8058334","C/T","GATA3","-0.066","dataset0635","Missense","Neutral to the IFNG cytokine expression in CD4⁺ T cell","IFNG cytokine expression","4","Functionally normal","","","NA","CRISPR-Based Genome Editing","Base editing","38093011"
"NM_001002295.2(GATA3):c.272A>G (p.His91Arg)","chr10","8058335","A/G","GATA3","-0.129","dataset0635","Missense","Neutral to the IFNG cytokine expression in CD4⁺ T cell","IFNG cytokine expression","4","Functionally normal","","","NA","CRISPR-Based Genome Editing","Base editing","38093011"
"NM_001002295.2(GATA3):c.273T>C (p.His91=)","chr10","8058336","T/C","GATA3","-0.024","dataset0635","Synonymous","Neutral to the IFNG cytokine expression in CD4⁺ T cell","IFNG cytokine expression","4","Functionally normal","","","NA","CRISPR-Based Genome Editing","Base editing","38093011"
"NM_001002295.2(GATA3):c.274G>A (p.Gly92Arg)","chr10","8058337","G/A","GATA3","-0.113","dataset0635","Missense","Neutral to the IFNG cytokine expression in CD4⁺ T cell","IFNG cytokine expression","4","Functionally normal","","1.85954e-06","NA","CRISPR-Based Genome Editing","Base editing","38093011"
"NM_001002295.2(GATA3):c.275G>A (p.Gly92Glu)","chr10","8058338","G/A","GATA3","-0.113","dataset0635","Missense","Neutral to the IFNG cytokine expression in CD4⁺ T cell","IFNG cytokine expression","4","Functionally normal","","","NA","CRISPR-Based Genome Editing","Base editing","38093011"
"NM_001002295.2(GATA3):c.276A>G (p.Gly92=)","chr10","8058339","A/G","GATA3","0.009","dataset0635","Synonymous","Neutral to the IFNG cytokine expression in CD4⁺ T cell","IFNG cytokine expression","4","Functionally normal","","","NA","CRISPR-Based Genome Editing","Base editing","38093011"
"NM_001002295.2(GATA3):c.277T>C (p.Ser93Pro)","chr10","8058340","T/C","GATA3","0.095","dataset0635","Missense","Neutral to the IFNG cytokine expression in CD4⁺ T cell","IFNG cytokine expression","4","Functionally normal","","","NA","CRISPR-Based Genome Editing","Base editing","38093011"
"NM_001002295.2(GATA3):c.278C>T (p.Ser93Phe)","chr10","8058341","C/T","GATA3","-0.184","dataset0635","Missense","Neutral to the IFNG cytokine expression in CD4⁺ T cell","IFNG cytokine expression","4","Functionally normal","","","NA","CRISPR-Based Genome Editing","Base editing","38093011"
"NM_001002295.2(GATA3):c.281T>C (p.Leu94Pro)","chr10","8058344","T/C","GATA3","0.102","dataset0635","Missense","Neutral to the IFNG cytokine expression in CD4⁺ T cell","IFNG cytokine expression","4","Functionally normal","","","NA","CRISPR-Based Genome Editing","Base editing","38093011"
"NM_001002295.2(GATA3):c.282A>G (p.Leu94=)","chr10","8058345","A/G","GATA3","0.06","dataset0635","Synonymous","Neutral to the IFNG cytokine expression in CD4⁺ T cell","IFNG cytokine expression","4","Functionally normal","","","NA","CRISPR-Based Genome Editing","Base editing","38093011"
"NM_001002295.2(GATA3):c.288G>A (p.Trp96Ter)","chr10","8058351","G/A","GATA3","-0.327","dataset0635","Nonsense","The diminished IFNG cytokine expression in CD4⁺ T cell","IFNG cytokine expression","4","Loss-of-function","","","NA","CRISPR-Based Genome Editing","Base editing","38093011"
"NM_001002295.2(GATA3):c.289C>T (p.Leu97=)","chr10","8058352","C/T","GATA3","0.16","dataset0635","Synonymous","Neutral to the IFNG cytokine expression in CD4⁺ T cell","IFNG cytokine expression","4","Functionally normal","","","NA","CRISPR-Based Genome Editing","Base editing","38093011"
"NM_001002295.2(GATA3):c.291G>A (p.Leu97=)","chr10","8058354","G/A","GATA3","0.01","dataset0635","Synonymous","Neutral to the IFNG cytokine expression in CD4⁺ T cell","IFNG cytokine expression","4","Functionally normal","","","NA","CRISPR-Based Genome Editing","Base editing","38093011"
"NM_001002295.2(GATA3):c.292G>A (p.Asp98Asn)","chr10","8058355","G/A","GATA3","0.01","dataset0635","Missense","Neutral to the IFNG cytokine expression in CD4⁺ T cell","IFNG cytokine expression","4","Functionally normal","","","NA","CRISPR-Based Genome Editing","Base editing","38093011"
"NM_001002295.2(GATA3):c.293A>G (p.Asp98Gly)","chr10","8058356","A/G","GATA3","-0.325","dataset0635","Missense","The diminished IFNG cytokine expression in CD4⁺ T cell","IFNG cytokine expression","4","Loss-of-function","","1.23984e-06","NA","CRISPR-Based Genome Editing","Base editing","38093011"
"NM_001002295.2(GATA3):c.294C>T (p.Asp98=)","chr10","8058357","C/T","GATA3","-0.383","dataset0635","Synonymous","The diminished IFNG cytokine expression in CD4⁺ T cell","IFNG cytokine expression","4","Loss-of-function","Likely benign","7.43891e-05","NA","CRISPR-Based Genome Editing","Base editing","38093011"
"NM_001002295.2(GATA3):c.295G>A (p.Gly99Ser)","chr10","8058358","G/A","GATA3","-0.001","dataset0635","Missense","Neutral to the IFNG cytokine expression in CD4⁺ T cell","IFNG cytokine expression","4","Functionally normal","Uncertain significance","8.67875e-06","NA","CRISPR-Based Genome Editing","Base editing","38093011"
"NM_001002295.2(GATA3):c.296G>A (p.Gly99Asp)","chr10","8058359","G/A","GATA3","-0.001","dataset0635","Missense","Neutral to the IFNG cytokine expression in CD4⁺ T cell","IFNG cytokine expression","4","Functionally normal","","","NA","CRISPR-Based Genome Editing","Base editing","38093011"
"NM_001002295.2(GATA3):c.297C>T (p.Gly99=)","chr10","8058360","C/T","GATA3","-0.383","dataset0635","Synonymous","The diminished IFNG cytokine expression in CD4⁺ T cell","IFNG cytokine expression","4","Loss-of-function","","1.054e-05","NA","CRISPR-Based Genome Editing","Base editing","38093011"
"NM_001002295.2(GATA3):c.298G>A (p.Gly100Ser)","chr10","8058361","G/A","GATA3","-0.001","dataset0635","Missense","Neutral to the IFNG cytokine expression in CD4⁺ T cell","IFNG cytokine expression","4","Functionally normal","","4.96003e-06","NA","CRISPR-Based Genome Editing","Base editing","38093011"
"NM_001002295.2(GATA3):c.299G>A (p.Gly100Asp)","chr10","8058362","G/A","GATA3","-0.001","dataset0635","Missense","Neutral to the IFNG cytokine expression in CD4⁺ T cell","IFNG cytokine expression","4","Functionally normal","","","ucec:0.2% (1/529):0.180","CRISPR-Based Genome Editing","Base editing","38093011"
"NM_001002295.2(GATA3):c.300C>T (p.Gly100=)","chr10","8058363","C/T","GATA3","-0.383","dataset0635","Synonymous","The diminished IFNG cytokine expression in CD4⁺ T cell","IFNG cytokine expression","4","Loss-of-function","","","NA","CRISPR-Based Genome Editing","Base editing","38093011"
"NM_001002295.2(GATA3):c.315C>T (p.Ser105=)","chr10","8058378","C/T","GATA3","-0.101","dataset0635","Synonymous","Neutral to the IFNG cytokine expression in CD4⁺ T cell","IFNG cytokine expression","4","Functionally normal","","","NA","CRISPR-Based Genome Editing","Base editing","38093011"
"NM_001002295.2(GATA3):c.316C>T (p.His106Tyr)","chr10","8058379","C/T","GATA3","-0.101","dataset0635","Missense","Neutral to the IFNG cytokine expression in CD4⁺ T cell","IFNG cytokine expression","4","Functionally normal","","6.20003e-07","NA","CRISPR-Based Genome Editing","Base editing","38093011"
"NM_001002295.2(GATA3):c.317A>G (p.His106Arg)","chr10","8058380","A/G","GATA3","-0.014","dataset0635","Missense","Neutral to the IFNG cytokine expression in CD4⁺ T cell","IFNG cytokine expression","4","Functionally normal","","","NA","CRISPR-Based Genome Editing","Base editing","38093011"
"NM_001002295.2(GATA3):c.318C>T (p.His106=)","chr10","8058381","C/T","GATA3","-0.101","dataset0635","Synonymous","Neutral to the IFNG cytokine expression in CD4⁺ T cell","IFNG cytokine expression","4","Functionally normal","","6.2001e-07","NA","CRISPR-Based Genome Editing","Base editing","38093011"
"NM_001002295.2(GATA3):c.319C>T (p.His107Tyr)","chr10","8058382","C/T","GATA3","-0.101","dataset0635","Missense","Neutral to the IFNG cytokine expression in CD4⁺ T cell","IFNG cytokine expression","4","Functionally normal","","","NA","CRISPR-Based Genome Editing","Base editing","38093011"
"NM_001002295.2(GATA3):c.320A>G (p.His107Arg)","chr10","8058383","A/G","GATA3","-0.014","dataset0635","Missense","Neutral to the IFNG cytokine expression in CD4⁺ T cell","IFNG cytokine expression","4","Functionally normal","","6.20144e-07","NA","CRISPR-Based Genome Editing","Base editing","38093011"
"NM_001002295.2(GATA3):c.321C>T (p.His107=)","chr10","8058384","C/T","GATA3","-0.101","dataset0635","Synonymous","Neutral to the IFNG cytokine expression in CD4⁺ T cell","IFNG cytokine expression","4","Functionally normal","","5.58014e-06","NA","CRISPR-Based Genome Editing","Base editing","38093011"
"NM_001002295.2(GATA3):c.323C>T (p.Thr108Ile)","chr10","8058386","C/T","GATA3","-0.101","dataset0635","Missense","Neutral to the IFNG cytokine expression in CD4⁺ T cell","IFNG cytokine expression","4","Functionally normal","","","NA","CRISPR-Based Genome Editing","Base editing","38093011"
"NM_001002295.2(GATA3):c.324C>T (p.Thr108=)","chr10","8058387","C/T","GATA3","-0.101","dataset0635","Synonymous","Neutral to the IFNG cytokine expression in CD4⁺ T cell","IFNG cytokine expression","4","Functionally normal","Likely benign","3.16216e-05","NA","CRISPR-Based Genome Editing","Base editing","38093011"
"NM_001002295.2(GATA3):c.325G>A (p.Ala109Thr)","chr10","8058388","G/A","GATA3","-0.169","dataset0635","Missense","Neutral to the IFNG cytokine expression in CD4⁺ T cell","IFNG cytokine expression","4","Functionally normal","","2.48042e-06","stad:0.2% (1/440):0.180","CRISPR-Based Genome Editing","Base editing","38093011"
"NM_001002295.2(GATA3):c.326C>T (p.Ala109Val)","chr10","8058389","C/T","GATA3","-0.101","dataset0635","Missense","Neutral to the IFNG cytokine expression in CD4⁺ T cell","IFNG cytokine expression","4","Functionally normal","","6.20058e-07","NA","CRISPR-Based Genome Editing","Base editing","38093011"
"NM_001002295.2(GATA3):c.334T>C (p.Trp112Arg)","chr10","8058397","T/C","GATA3","0.049","dataset0635","Missense","Neutral to the IFNG cytokine expression in CD4⁺ T cell","IFNG cytokine expression","4","Functionally normal","","","NA","CRISPR-Based Genome Editing","Base editing","38093011"
"NM_001002295.2(GATA3):c.335G>A (p.Trp112Ter)","chr10","8058398","G/A","GATA3","-0.271","dataset0635","Nonsense","Neutral to the IFNG cytokine expression in CD4⁺ T cell","IFNG cytokine expression","4","Functionally normal","","","skcm:0.2% (1/448):0.360","CRISPR-Based Genome Editing","Base editing","38093011"
"NM_001002295.2(GATA3):c.336G>A (p.Trp112Ter)","chr10","8058399","G/A","GATA3","0.009","dataset0635","Nonsense","Neutral to the IFNG cytokine expression in CD4⁺ T cell","IFNG cytokine expression","4","Functionally normal","","","NA","CRISPR-Based Genome Editing","Base editing","38093011"
"NM_001002295.2(GATA3):c.339T>C (p.Asn113=)","chr10","8058402","T/C","GATA3","0.308","dataset0635","Synonymous","The enhanced IFNG cytokine expression in CD4⁺ T cell","IFNG cytokine expression","4","Gain-of-function","Likely benign","1.24004e-06","NA","CRISPR-Based Genome Editing","Base editing","38093011"
"NM_001002295.2(GATA3):c.341T>C (p.Leu114Pro)","chr10","8058404","T/C","GATA3","-0.051","dataset0635","Missense","Neutral to the IFNG cytokine expression in CD4⁺ T cell","IFNG cytokine expression","4","Functionally normal","","","NA","CRISPR-Based Genome Editing","Base editing","38093011"
"NM_001002295.2(GATA3):c.344G>A (p.Ser115Asn)","chr10","8058407","G/A","GATA3","-0.056","dataset0635","Missense","Neutral to the IFNG cytokine expression in CD4⁺ T cell","IFNG cytokine expression","4","Functionally normal","","6.20037e-07","NA","CRISPR-Based Genome Editing","Base editing","38093011"
"NM_001002295.2(GATA3):c.349T>C (p.Phe117Leu)","chr10","8058412","T/C","GATA3","-0.048","dataset0635","Missense","Neutral to the IFNG cytokine expression in CD4⁺ T cell","IFNG cytokine expression","4","Functionally normal","","","NA","CRISPR-Based Genome Editing","Base editing","38093011"
"NM_001002295.2(GATA3):c.350T>C (p.Phe117Ser)","chr10","8058413","T/C","GATA3","-0.004","dataset0635","Missense","Neutral to the IFNG cytokine expression in CD4⁺ T cell","IFNG cytokine expression","4","Functionally normal","","","NA","CRISPR-Based Genome Editing","Base editing","38093011"
"NM_001002295.2(GATA3):c.352T>C (p.Ser118Pro)","chr10","8058415","T/C","GATA3","-0.031","dataset0635","Missense","Neutral to the IFNG cytokine expression in CD4⁺ T cell","IFNG cytokine expression","4","Functionally normal","","","NA","CRISPR-Based Genome Editing","Base editing","38093011"
"NM_001002295.2(GATA3):c.353C>T (p.Ser118Phe)","chr10","8058416","C/T","GATA3","-0.158","dataset0635","Missense","Neutral to the IFNG cytokine expression in CD4⁺ T cell","IFNG cytokine expression","4","Functionally normal","","","lusc:0.2% (1/487):0.170","CRISPR-Based Genome Editing","Base editing","38093011"
"NM_001002295.2(GATA3):c.354C>T (p.Ser118=)","chr10","8058417","C/T","GATA3","-0.158","dataset0635","Synonymous","Neutral to the IFNG cytokine expression in CD4⁺ T cell","IFNG cytokine expression","4","Functionally normal","","","NA","CRISPR-Based Genome Editing","Base editing","38093011"
"NM_001002295.2(GATA3):c.355A>G (p.Lys119Glu)","chr10","8058418","A/G","GATA3","-0.005","dataset0635","Missense","Neutral to the IFNG cytokine expression in CD4⁺ T cell","IFNG cytokine expression","4","Functionally normal","","","NA","CRISPR-Based Genome Editing","Base editing","38093011"
"NM_001002295.2(GATA3):c.356A>G (p.Lys119Arg)","chr10","8058419","A/G","GATA3","-0.005","dataset0635","Missense","Neutral to the IFNG cytokine expression in CD4⁺ T cell","IFNG cytokine expression","4","Functionally normal","","","NA","CRISPR-Based Genome Editing","Base editing","38093011"
"NM_001002295.2(GATA3):c.357G>A (p.Lys119=)","chr10","8058420","G/A","GATA3","-0.161","dataset0635","Synonymous","Neutral to the IFNG cytokine expression in CD4⁺ T cell","IFNG cytokine expression","4","Functionally normal","","","NA","CRISPR-Based Genome Editing","Base editing","38093011"
"NM_001002295.2(GATA3):c.358A>G (p.Thr120Ala)","chr10","8058421","A/G","GATA3","-0.005","dataset0635","Missense","Neutral to the IFNG cytokine expression in CD4⁺ T cell","IFNG cytokine expression","4","Functionally normal","","","NA","CRISPR-Based Genome Editing","Base editing","38093011"
"NM_001002295.2(GATA3):c.359C>T (p.Thr120Met)","chr10","8058422","C/T","GATA3","-0.158","dataset0635","Missense","Neutral to the IFNG cytokine expression in CD4⁺ T cell","IFNG cytokine expression","4","Functionally normal","Conflicting classifications of pathogenicity","4.15369e-05","NA","CRISPR-Based Genome Editing","Base editing","38093011"
"NM_001002295.2(GATA3):c.360G>A (p.Thr120=)","chr10","8058423","G/A","GATA3","-0.161","dataset0635","Synonymous","Neutral to the IFNG cytokine expression in CD4⁺ T cell","IFNG cytokine expression","4","Functionally normal","","6.20022e-07","NA","CRISPR-Based Genome Editing","Base editing","38093011"
"NM_001002295.2(GATA3):c.361T>C (p.Ser121Pro)","chr10","8058424","T/C","GATA3","-0.076","dataset0635","Missense","Neutral to the IFNG cytokine expression in CD4⁺ T cell","IFNG cytokine expression","4","Functionally normal","","","NA","CRISPR-Based Genome Editing","Base editing","38093011"
"NM_001002295.2(GATA3):c.362C>T (p.Ser121Phe)","chr10","8058425","C/T","GATA3","-0.162","dataset0635","Missense","Neutral to the IFNG cytokine expression in CD4⁺ T cell","IFNG cytokine expression","4","Functionally normal","","","NA","CRISPR-Based Genome Editing","Base editing","38093011"
"NM_001002295.2(GATA3):c.363C>T (p.Ser121=)","chr10","8058426","C/T","GATA3","-0.162","dataset0635","Synonymous","Neutral to the IFNG cytokine expression in CD4⁺ T cell","IFNG cytokine expression","4","Functionally normal","","","NA","CRISPR-Based Genome Editing","Base editing","38093011"
"NM_001002295.2(GATA3):c.364A>G (p.Ile122Val)","chr10","8058427","A/G","GATA3","-0.006","dataset0635","Missense","Neutral to the IFNG cytokine expression in CD4⁺ T cell","IFNG cytokine expression","4","Functionally normal","","","NA","CRISPR-Based Genome Editing","Base editing","38093011"
"NM_001002295.2(GATA3):c.365T>C (p.Ile122Thr)","chr10","8058428","T/C","GATA3","-0.027","dataset0635","Missense","Neutral to the IFNG cytokine expression in CD4⁺ T cell","IFNG cytokine expression","4","Functionally normal","Uncertain significance","6.82077e-06","NA","CRISPR-Based Genome Editing","Base editing","38093011"
"NM_001002295.2(GATA3):c.368A>G (p.His123Arg)","chr10","8058431","A/G","GATA3","0.074","dataset0635","Missense","Neutral to the IFNG cytokine expression in CD4⁺ T cell","IFNG cytokine expression","4","Functionally normal","","","ucec:0.2% (1/529):0.310","CRISPR-Based Genome Editing","Base editing","38093011"
"NM_001002295.2(GATA3):c.373G>A (p.Gly125Ser)","chr10","8058436","G/A","GATA3","-0.166","dataset0635","Missense","Neutral to the IFNG cytokine expression in CD4⁺ T cell","IFNG cytokine expression","4","Functionally normal","Uncertain significance","1.55008e-05","NA","CRISPR-Based Genome Editing","Base editing","38093011"
"NM_001002295.2(GATA3):c.374G>A (p.Gly125Asp)","chr10","8058437","G/A","GATA3","-0.166","dataset0635","Missense","Neutral to the IFNG cytokine expression in CD4⁺ T cell","IFNG cytokine expression","4","Functionally normal","","","NA","CRISPR-Based Genome Editing","Base editing","38093011"
"NM_001002295.2(GATA3):c.381G>A (p.Pro127=)","chr10","8058444","G/A","GATA3","-0.012","dataset0635","Synonymous","Neutral to the IFNG cytokine expression in CD4⁺ T cell","IFNG cytokine expression","4","Functionally normal","","6.20102e-07","NA","CRISPR-Based Genome Editing","Base editing","38093011"
"NM_001002295.2(GATA3):c.382G>A (p.Gly128Arg)","chr10","8058445","G/A","GATA3","-0.012","dataset0635","Missense","Neutral to the IFNG cytokine expression in CD4⁺ T cell","IFNG cytokine expression","4","Functionally normal","","6.20043e-07","stad:0.2% (1/440):0.130","CRISPR-Based Genome Editing","Base editing","38093011"
"NM_001002295.2(GATA3):c.383G>A (p.Gly128Glu)","chr10","8058446","G/A","GATA3","-0.012","dataset0635","Missense","Neutral to the IFNG cytokine expression in CD4⁺ T cell","IFNG cytokine expression","4","Functionally normal","Uncertain significance","6.20024e-07","skcm:0.2% (1/448):0.140","CRISPR-Based Genome Editing","Base editing","38093011"
"NM_001002295.2(GATA3):c.384G>A (p.Gly128=)","chr10","8058447","G/A","GATA3","-0.012","dataset0635","Synonymous","Neutral to the IFNG cytokine expression in CD4⁺ T cell","IFNG cytokine expression","4","Functionally normal","","6.20054e-07","NA","CRISPR-Based Genome Editing","Base editing","38093011"
"NM_001002295.2(GATA3):c.385C>T (p.Pro129Ser)","chr10","8058448","C/T","GATA3","-0.077","dataset0635","Missense","Neutral to the IFNG cytokine expression in CD4⁺ T cell","IFNG cytokine expression","4","Functionally normal","","1.86005e-06","NA","CRISPR-Based Genome Editing","Base editing","38093011"
"NM_001002295.2(GATA3):c.386C>T (p.Pro129Leu)","chr10","8058449","C/T","GATA3","-0.077","dataset0635","Missense","Neutral to the IFNG cytokine expression in CD4⁺ T cell","IFNG cytokine expression","4","Functionally normal","","3.09994e-06","NA","CRISPR-Based Genome Editing","Base editing","38093011"
"NM_001002295.2(GATA3):c.387C>T (p.Pro129=)","chr10","8058450","C/T","GATA3","-0.077","dataset0635","Synonymous","Neutral to the IFNG cytokine expression in CD4⁺ T cell","IFNG cytokine expression","4","Functionally normal","","","NA","CRISPR-Based Genome Editing","Base editing","38093011"
"NM_001002295.2(GATA3):c.388C>T (p.Leu130Phe)","chr10","8058451","C/T","GATA3","-0.077","dataset0635","Missense","Neutral to the IFNG cytokine expression in CD4⁺ T cell","IFNG cytokine expression","4","Functionally normal","","1.23998e-06","NA","CRISPR-Based Genome Editing","Base editing","38093011"
"NM_001002295.2(GATA3):c.389T>C (p.Leu130Pro)","chr10","8058452","T/C","GATA3","-0.044","dataset0635","Missense","Neutral to the IFNG cytokine expression in CD4⁺ T cell","IFNG cytokine expression","4","Functionally normal","","","NA","CRISPR-Based Genome Editing","Base editing","38093011"
"NM_001002295.2(GATA3):c.390C>T (p.Leu130=)","chr10","8058453","C/T","GATA3","-0.077","dataset0635","Synonymous","Neutral to the IFNG cytokine expression in CD4⁺ T cell","IFNG cytokine expression","4","Functionally normal","","6.19988e-07","NA","CRISPR-Based Genome Editing","Base editing","38093011"
"NM_001002295.2(GATA3):c.392C>T (p.Ser131Phe)","chr10","8058455","C/T","GATA3","-0.077","dataset0635","Missense","Neutral to the IFNG cytokine expression in CD4⁺ T cell","IFNG cytokine expression","4","Functionally normal","","","NA","CRISPR-Based Genome Editing","Base editing","38093011"
"NM_001002295.2(GATA3):c.393C>T (p.Ser131=)","chr10","8058456","C/T","GATA3","-0.077","dataset0635","Synonymous","Neutral to the IFNG cytokine expression in CD4⁺ T cell","IFNG cytokine expression","4","Functionally normal","","1.24002e-06","NA","CRISPR-Based Genome Editing","Base editing","38093011"
"NM_001002295.2(GATA3):c.394G>A (p.Val132Ile)","chr10","8058457","G/A","GATA3","-0.063","dataset0635","Missense","Neutral to the IFNG cytokine expression in CD4⁺ T cell","IFNG cytokine expression","4","Functionally normal","","1.86028e-06","NA","CRISPR-Based Genome Editing","Base editing","38093011"
"NM_001002295.2(GATA3):c.395T>C (p.Val132Ala)","chr10","8058458","T/C","GATA3","0.011","dataset0635","Missense","Neutral to the IFNG cytokine expression in CD4⁺ T cell","IFNG cytokine expression","4","Functionally normal","","","NA","CRISPR-Based Genome Editing","Base editing","38093011"
"NM_001002295.2(GATA3):c.396C>T (p.Val132=)","chr10","8058459","C/T","GATA3","-0.077","dataset0635","Synonymous","Neutral to the IFNG cytokine expression in CD4⁺ T cell","IFNG cytokine expression","4","Functionally normal","","","NA","CRISPR-Based Genome Editing","Base editing","38093011"
"NM_001002295.2(GATA3):c.397T>C (p.Tyr133His)","chr10","8058460","T/C","GATA3","0.011","dataset0635","Missense","Neutral to the IFNG cytokine expression in CD4⁺ T cell","IFNG cytokine expression","4","Functionally normal","","0","NA","CRISPR-Based Genome Editing","Base editing","38093011"
"NM_001002295.2(GATA3):c.405G>A (p.Pro135=)","chr10","8058468","G/A","GATA3","0.025","dataset0635","Synonymous","Neutral to the IFNG cytokine expression in CD4⁺ T cell","IFNG cytokine expression","4","Functionally normal","","3.10071e-06","NA","CRISPR-Based Genome Editing","Base editing","38093011"
"NM_001002295.2(GATA3):c.406G>A (p.Ala136Thr)","chr10","8058469","G/A","GATA3","0.025","dataset0635","Missense","Neutral to the IFNG cytokine expression in CD4⁺ T cell","IFNG cytokine expression","4","Functionally normal","","","NA","CRISPR-Based Genome Editing","Base editing","38093011"
"NM_001002295.2(GATA3):c.407C>T (p.Ala136Val)","chr10","8058470","C/T","GATA3","-0.095","dataset0635","Missense","Neutral to the IFNG cytokine expression in CD4⁺ T cell","IFNG cytokine expression","4","Functionally normal","","","NA","CRISPR-Based Genome Editing","Base editing","38093011"
"NM_001002295.2(GATA3):c.408C>T (p.Ala136=)","chr10","8058471","C/T","GATA3","0.072","dataset0635","Synonymous","Neutral to the IFNG cytokine expression in CD4⁺ T cell","IFNG cytokine expression","4","Functionally normal","","1.9842e-05","NA","CRISPR-Based Genome Editing","Base editing","38093011"
"NM_001002295.2(GATA3):c.409T>C (p.Ser137Pro)","chr10","8058472","T/C","GATA3","0.009","dataset0635","Missense","Neutral to the IFNG cytokine expression in CD4⁺ T cell","IFNG cytokine expression","4","Functionally normal","","","NA","CRISPR-Based Genome Editing","Base editing","38093011"
"NM_001002295.2(GATA3):c.410C>T (p.Ser137Leu)","chr10","8058473","C/T","GATA3","-0.251","dataset0635","Missense","Neutral to the IFNG cytokine expression in CD4⁺ T cell","IFNG cytokine expression","4","Functionally normal","","6.201e-07","NA","CRISPR-Based Genome Editing","Base editing","38093011"
"NM_001002295.2(GATA3):c.411G>A (p.Ser137=)","chr10","8058474","G/A","GATA3","-0.048","dataset0635","Synonymous","Neutral to the IFNG cytokine expression in CD4⁺ T cell","IFNG cytokine expression","4","Functionally normal","Likely benign","1.17832e-05","NA","CRISPR-Based Genome Editing","Base editing","38093011"
"NM_001002295.2(GATA3):c.412T>C (p.Ser138Pro)","chr10","8058475","T/C","GATA3","0.009","dataset0635","Missense","Neutral to the IFNG cytokine expression in CD4⁺ T cell","IFNG cytokine expression","4","Functionally normal","","","NA","CRISPR-Based Genome Editing","Base editing","38093011"
"NM_001002295.2(GATA3):c.413C>T (p.Ser138Phe)","chr10","8058476","C/T","GATA3","-0.251","dataset0635","Missense","Neutral to the IFNG cytokine expression in CD4⁺ T cell","IFNG cytokine expression","4","Functionally normal","","","blca:0.2% (1/411):0.230","CRISPR-Based Genome Editing","Base editing","38093011"
"NM_001002295.2(GATA3):c.414C>T (p.Ser138=)","chr10","8058477","C/T","GATA3","-0.251","dataset0635","Synonymous","Neutral to the IFNG cytokine expression in CD4⁺ T cell","IFNG cytokine expression","4","Functionally normal","","1.24014e-06","NA","CRISPR-Based Genome Editing","Base editing","38093011"
"NM_001002295.2(GATA3):c.415T>C (p.Ser139Pro)","chr10","8058478","T/C","GATA3","-0.081","dataset0635","Missense","Neutral to the IFNG cytokine expression in CD4⁺ T cell","IFNG cytokine expression","4","Functionally normal","","","NA","CRISPR-Based Genome Editing","Base editing","38093011"
"NM_001002295.2(GATA3):c.416C>T (p.Ser139Phe)","chr10","8058479","C/T","GATA3","-0.251","dataset0635","Missense","Neutral to the IFNG cytokine expression in CD4⁺ T cell","IFNG cytokine expression","4","Functionally normal","","","NA","CRISPR-Based Genome Editing","Base editing","38093011"
"NM_001002295.2(GATA3):c.417C>T (p.Ser139=)","chr10","8058480","C/T","GATA3","-0.251","dataset0635","Synonymous","Neutral to the IFNG cytokine expression in CD4⁺ T cell","IFNG cytokine expression","4","Functionally normal","","","NA","CRISPR-Based Genome Editing","Base editing","38093011"
"NM_001002295.2(GATA3):c.418T>C (p.Ser140Pro)","chr10","8058481","T/C","GATA3","0.147","dataset0635","Missense","Neutral to the IFNG cytokine expression in CD4⁺ T cell","IFNG cytokine expression","4","Functionally normal","","","NA","CRISPR-Based Genome Editing","Base editing","38093011"
"NM_001002295.2(GATA3):c.419C>T (p.Ser140Phe)","chr10","8058482","C/T","GATA3","-0.15","dataset0635","Missense","Neutral to the IFNG cytokine expression in CD4⁺ T cell","IFNG cytokine expression","3","Functionally normal","","1.24021e-06","skcm:0.2% (1/448):0.250","CRISPR-Based Genome Editing","Base editing","38093011"
"NM_001002295.2(GATA3):c.422T>C (p.Leu141Ser)","chr10","8058485","T/C","GATA3","-0.142","dataset0635","Missense","Neutral to the IFNG cytokine expression in CD4⁺ T cell","IFNG cytokine expression","4","Functionally normal","","","NA","CRISPR-Based Genome Editing","Base editing","38093011"
"NM_001002295.2(GATA3):c.423G>A (p.Leu141=)","chr10","8058486","G/A","GATA3","-0.101","dataset0635","Synonymous","Neutral to the IFNG cytokine expression in CD4⁺ T cell","IFNG cytokine expression","4","Functionally normal","","","NA","CRISPR-Based Genome Editing","Base editing","38093011"
"NM_001002295.2(GATA3):c.424T>C (p.Ser142Pro)","chr10","8058487","T/C","GATA3","0.244","dataset0635","Missense","Neutral to the IFNG cytokine expression in CD4⁺ T cell","IFNG cytokine expression","4","Functionally normal","","","NA","CRISPR-Based Genome Editing","Base editing","38093011"
"NM_001002295.2(GATA3):c.426G>A (p.Ser142=)","chr10","8058489","G/A","GATA3","0.029","dataset0635","Synonymous","Neutral to the IFNG cytokine expression in CD4⁺ T cell","IFNG cytokine expression","4","Functionally normal","","4.03244e-05","NA","CRISPR-Based Genome Editing","Base editing","38093011"
"NM_001002295.2(GATA3):c.427G>A (p.Gly143Arg)","chr10","8058490","G/A","GATA3","0.029","dataset0635","Missense","Neutral to the IFNG cytokine expression in CD4⁺ T cell","IFNG cytokine expression","4","Functionally normal","","6.2022e-07","NA","CRISPR-Based Genome Editing","Base editing","38093011"
"NM_001002295.2(GATA3):c.428G>A (p.Gly143Glu)","chr10","8058491","G/A","GATA3","0.029","dataset0635","Missense","Neutral to the IFNG cytokine expression in CD4⁺ T cell","IFNG cytokine expression","4","Functionally normal","","1.24045e-06","NA","CRISPR-Based Genome Editing","Base editing","38093011"
"NM_001002295.2(GATA3):c.429G>A (p.Gly143=)","chr10","8058492","G/A","GATA3","-0.05","dataset0635","Synonymous","Neutral to the IFNG cytokine expression in CD4⁺ T cell","IFNG cytokine expression","4","Functionally normal","","","NA","CRISPR-Based Genome Editing","Base editing","38093011"
"NM_001002295.2(GATA3):c.430G>A (p.Gly144Ser)","chr10","8058493","G/A","GATA3","0.254","dataset0635","Missense","Neutral to the IFNG cytokine expression in CD4⁺ T cell","IFNG cytokine expression","4","Functionally normal","","","NA","CRISPR-Based Genome Editing","Base editing","38093011"
"NM_001002295.2(GATA3):c.431G>A (p.Gly144Asp)","chr10","8058494","G/A","GATA3","0.254","dataset0635","Missense","Neutral to the IFNG cytokine expression in CD4⁺ T cell","IFNG cytokine expression","4","Functionally normal","Uncertain significance","8.06387e-06","NA","CRISPR-Based Genome Editing","Base editing","38093011"
"NM_001002295.2(GATA3):c.436G>A (p.Ala146Thr)","chr10","8058499","G/A","GATA3","-0.508","dataset0635","Missense","The diminished IFNG cytokine expression in CD4⁺ T cell","IFNG cytokine expression","4","Loss-of-function","Uncertain significance","9.30575e-06","read:0.6% (1/155):0.460","CRISPR-Based Genome Editing","Base editing","38093011"
"NM_001002295.2(GATA3):c.444G>A (p.Pro148=)","chr10","8058507","G/A","GATA3","-0.194","dataset0635","Synonymous","Neutral to the IFNG cytokine expression in CD4⁺ T cell","IFNG cytokine expression","4","Functionally normal","","2.60576e-05","NA","CRISPR-Based Genome Editing","Base editing","38093011"
"NM_001002295.2(GATA3):c.449T>C (p.Leu150Pro)","chr10","8058512","T/C","GATA3","0.154","dataset0635","Missense","Neutral to the IFNG cytokine expression in CD4⁺ T cell","IFNG cytokine expression","4","Functionally normal","","","lgg:0.2% (1/514):0.300","CRISPR-Based Genome Editing","Base editing","38093011"
"NM_001002295.2(GATA3):c.451T>C (p.Phe151Leu)","chr10","8058514","T/C","GATA3","0.154","dataset0635","Missense","Neutral to the IFNG cytokine expression in CD4⁺ T cell","IFNG cytokine expression","4","Functionally normal","","","NA","CRISPR-Based Genome Editing","Base editing","38093011"
"NM_001002295.2(GATA3):c.452T>C (p.Phe151Ser)","chr10","8058515","T/C","GATA3","-0.171","dataset0635","Missense","Neutral to the IFNG cytokine expression in CD4⁺ T cell","IFNG cytokine expression","4","Functionally normal","","","NA","CRISPR-Based Genome Editing","Base editing","38093011"
"NM_001002295.2(GATA3):c.456C>T (p.Thr152=)","chr10","8058519","C/T","GATA3","0.022","dataset0635","Synonymous","Neutral to the IFNG cytokine expression in CD4⁺ T cell","IFNG cytokine expression","4","Functionally normal","","6.20272e-07","NA","CRISPR-Based Genome Editing","Base editing","38093011"
"NM_001002295.2(GATA3):c.457T>C (p.Phe153Leu)","chr10","8058520","T/C","GATA3","0.092","dataset0635","Missense","Neutral to the IFNG cytokine expression in CD4⁺ T cell","IFNG cytokine expression","4","Functionally normal","","","NA","CRISPR-Based Genome Editing","Base editing","38093011"
"NM_001002295.2(GATA3):c.459C>T (p.Phe153=)","chr10","8058522","C/T","GATA3","0.022","dataset0635","Synonymous","Neutral to the IFNG cytokine expression in CD4⁺ T cell","IFNG cytokine expression","4","Functionally normal","","6.20434e-07","NA","CRISPR-Based Genome Editing","Base editing","38093011"
"NM_001002295.2(GATA3):c.460C>T (p.Pro154Ser)","chr10","8058523","C/T","GATA3","0.022","dataset0635","Missense","Neutral to the IFNG cytokine expression in CD4⁺ T cell","IFNG cytokine expression","4","Functionally normal","","3.10205e-06","NA","CRISPR-Based Genome Editing","Base editing","38093011"
"NM_001002295.2(GATA3):c.461C>T (p.Pro154Leu)","chr10","8058524","C/T","GATA3","0.022","dataset0635","Missense","Neutral to the IFNG cytokine expression in CD4⁺ T cell","IFNG cytokine expression","4","Functionally normal","","6.20381e-07","NA","CRISPR-Based Genome Editing","Base editing","38093011"
"NM_001002295.2(GATA3):c.462G>A (p.Pro154=)","chr10","8058525","G/A","GATA3","-0.1","dataset0635","Synonymous","Neutral to the IFNG cytokine expression in CD4⁺ T cell","IFNG cytokine expression","4","Functionally normal","","5.59607e-06","NA","CRISPR-Based Genome Editing","Base editing","38093011"
"NM_001002295.2(GATA3):c.463C>T (p.Pro155Ser)","chr10","8058526","C/T","GATA3","0.022","dataset0635","Missense","Neutral to the IFNG cytokine expression in CD4⁺ T cell","IFNG cytokine expression","4","Functionally normal","","1.24071e-06","NA","CRISPR-Based Genome Editing","Base editing","38093011"
"NM_001002295.2(GATA3):c.464C>T (p.Pro155Leu)","chr10","8058527","C/T","GATA3","0.022","dataset0635","Missense","Neutral to the IFNG cytokine expression in CD4⁺ T cell","IFNG cytokine expression","4","Functionally normal","Uncertain significance","6.20324e-07","NA","CRISPR-Based Genome Editing","Base editing","38093011"
"NM_001002295.2(GATA3):c.465C>T (p.Pro155=)","chr10","8058528","C/T","GATA3","0.022","dataset0635","Synonymous","Neutral to the IFNG cytokine expression in CD4⁺ T cell","IFNG cytokine expression","4","Functionally normal","","1.24066e-06","NA","CRISPR-Based Genome Editing","Base editing","38093011"
"NM_001002295.2(GATA3):c.467C>T (p.Thr156Ile)","chr10","8058530","C/T","GATA3","0.022","dataset0635","Missense","Neutral to the IFNG cytokine expression in CD4⁺ T cell","IFNG cytokine expression","4","Functionally normal","","","NA","CRISPR-Based Genome Editing","Base editing","38093011"
"NM_001002295.2(GATA3):c.468C>T (p.Thr156=)","chr10","8058531","C/T","GATA3","0.022","dataset0635","Synonymous","Neutral to the IFNG cytokine expression in CD4⁺ T cell","IFNG cytokine expression","4","Functionally normal","","8.06399e-06","NA","CRISPR-Based Genome Editing","Base editing","38093011"
"NM_001002295.2(GATA3):c.471G>A (p.Pro157=)","chr10","8058534","G/A","GATA3","-0.316","dataset0635","Synonymous","The diminished IFNG cytokine expression in CD4⁺ T cell","IFNG cytokine expression","4","Loss-of-function","","7.91826e-06","NA","CRISPR-Based Genome Editing","Base editing","38093011"
"NM_001002295.2(GATA3):c.474G>A (p.Pro158=)","chr10","8058537","G/A","GATA3","-0.316","dataset0635","Synonymous","The diminished IFNG cytokine expression in CD4⁺ T cell","IFNG cytokine expression","4","Loss-of-function","","1.05834e-05","NA","CRISPR-Based Genome Editing","Base editing","38093011"
"NM_001002295.2(GATA3):c.477G>A (p.Lys159=)","chr10","8058540","G/A","GATA3","-0.316","dataset0635","Synonymous","The diminished IFNG cytokine expression in CD4⁺ T cell","IFNG cytokine expression","4","Loss-of-function","","","NA","CRISPR-Based Genome Editing","Base editing","38093011"
"NM_001002295.2(GATA3):c.478G>A (p.Asp160Asn)","chr10","8058541","G/A","GATA3","0.168","dataset0635","Missense","Neutral to the IFNG cytokine expression in CD4⁺ T cell","IFNG cytokine expression","4","Functionally normal","","","NA","CRISPR-Based Genome Editing","Base editing","38093011"
"NM_001002295.2(GATA3):c.481G>A (p.Val161Ile)","chr10","8058544","G/A","GATA3","0.168","dataset0635","Missense","Neutral to the IFNG cytokine expression in CD4⁺ T cell","IFNG cytokine expression","4","Functionally normal","","1.86195e-06","dlbc:2.1% (1/48):0.390","CRISPR-Based Genome Editing","Base editing","38093011"
"NM_001002295.2(GATA3):c.492C>T (p.Asp164=)","chr10","8058555","C/T","GATA3","-0.084","dataset0635","Synonymous","Neutral to the IFNG cytokine expression in CD4⁺ T cell","IFNG cytokine expression","4","Functionally normal","Uncertain significance","6.2017e-06","NA","CRISPR-Based Genome Editing","Base editing","38093011"
"NM_001002295.2(GATA3):c.493C>T (p.Pro165Ser)","chr10","8058556","C/T","GATA3","-0.084","dataset0635","Missense","Neutral to the IFNG cytokine expression in CD4⁺ T cell","IFNG cytokine expression","4","Functionally normal","Uncertain significance","1.24031e-06","NA","CRISPR-Based Genome Editing","Base editing","38093011"
"NM_001002295.2(GATA3):c.494C>T (p.Pro165Leu)","chr10","8058557","C/T","GATA3","-0.084","dataset0635","Missense","Neutral to the IFNG cytokine expression in CD4⁺ T cell","IFNG cytokine expression","4","Functionally normal","","","NA","CRISPR-Based Genome Editing","Base editing","38093011"
"NM_001002295.2(GATA3):c.495A>G (p.Pro165=)","chr10","8058558","A/G","GATA3","-0.038","dataset0635","Synonymous","Neutral to the IFNG cytokine expression in CD4⁺ T cell","IFNG cytokine expression","4","Functionally normal","","","NA","CRISPR-Based Genome Editing","Base editing","38093011"
"NM_001002295.2(GATA3):c.497C>T (p.Ser166Leu)","chr10","8058560","C/T","GATA3","0.036","dataset0635","Missense","Neutral to the IFNG cytokine expression in CD4⁺ T cell","IFNG cytokine expression","4","Functionally normal","","1.86051e-06","ucec:0.2% (1/529):0.450","CRISPR-Based Genome Editing","Base editing","38093011"
"NM_001002295.2(GATA3):c.498G>A (p.Ser166=)","chr10","8058561","G/A","GATA3","-0.109","dataset0635","Synonymous","Neutral to the IFNG cytokine expression in CD4⁺ T cell","IFNG cytokine expression","4","Functionally normal","","1.86105e-06","NA","CRISPR-Based Genome Editing","Base editing","38093011"
"NM_001002295.2(GATA3):c.499C>T (p.Leu167=)","chr10","8058562","C/T","GATA3","-0.1","dataset0635","Synonymous","Neutral to the IFNG cytokine expression in CD4⁺ T cell","IFNG cytokine expression","4","Functionally normal","","","NA","CRISPR-Based Genome Editing","Base editing","38093011"
"NM_001002295.2(GATA3):c.500T>C (p.Leu167Pro)","chr10","8058563","T/C","GATA3","0.098","dataset0635","Missense","Neutral to the IFNG cytokine expression in CD4⁺ T cell","IFNG cytokine expression","4","Functionally normal","","","NA","CRISPR-Based Genome Editing","Base editing","38093011"
"NM_001002295.2(GATA3):c.501G>A (p.Leu167=)","chr10","8058564","G/A","GATA3","-0.109","dataset0635","Synonymous","Neutral to the IFNG cytokine expression in CD4⁺ T cell","IFNG cytokine expression","4","Functionally normal","","","NA","CRISPR-Based Genome Editing","Base editing","38093011"
"NM_001002295.2(GATA3):c.502T>C (p.Ser168Pro)","chr10","8058565","T/C","GATA3","0.009","dataset0635","Missense","Neutral to the IFNG cytokine expression in CD4⁺ T cell","IFNG cytokine expression","4","Functionally normal","","","NA","CRISPR-Based Genome Editing","Base editing","38093011"
"NM_001002295.2(GATA3):c.504C>T (p.Ser168=)","chr10","8058567","C/T","GATA3","-0.197","dataset0635","Synonymous","Neutral to the IFNG cytokine expression in CD4⁺ T cell","IFNG cytokine expression","4","Functionally normal","","","NA","CRISPR-Based Genome Editing","Base editing","38093011"
"NM_001002295.2(GATA3):c.505A>G (p.Thr169Ala)","chr10","8058568","A/G","GATA3","0.196","dataset0635","Missense","Neutral to the IFNG cytokine expression in CD4⁺ T cell","IFNG cytokine expression","4","Functionally normal","","","NA","CRISPR-Based Genome Editing","Base editing","38093011"
"NM_001002295.2(GATA3):c.506C>T (p.Thr169Ile)","chr10","8058569","C/T","GATA3","-0.197","dataset0635","Missense","Neutral to the IFNG cytokine expression in CD4⁺ T cell","IFNG cytokine expression","4","Functionally normal","","1.2402e-06","NA","CRISPR-Based Genome Editing","Base editing","38093011"
"NM_001002295.2(GATA3):c.507C>T (p.Thr169=)","chr10","8058570","C/T","GATA3","-0.197","dataset0635","Synonymous","Neutral to the IFNG cytokine expression in CD4⁺ T cell","IFNG cytokine expression","4","Functionally normal","","3.72037e-06","NA","CRISPR-Based Genome Editing","Base editing","38093011"
"NM_001002295.2(GATA3):c.509C>T (p.Pro170Leu)","chr10","8058572","C/T","GATA3","0.117","dataset0635","Missense","Neutral to the IFNG cytokine expression in CD4⁺ T cell","IFNG cytokine expression","4","Functionally normal","","","NA","CRISPR-Based Genome Editing","Base editing","38093011"
"NM_001002295.2(GATA3):c.510A>G (p.Pro170=)","chr10","8058573","A/G","GATA3","-0.199","dataset0635","Synonymous","Neutral to the IFNG cytokine expression in CD4⁺ T cell","IFNG cytokine expression","4","Functionally normal","","","NA","CRISPR-Based Genome Editing","Base editing","38093011"
"NM_001002295.2(GATA3):c.511G>A (p.Gly171Ser)","chr10","8058574","G/A","GATA3","-0.101","dataset0635","Missense","Neutral to the IFNG cytokine expression in CD4⁺ T cell","IFNG cytokine expression","4","Functionally normal","","","NA","CRISPR-Based Genome Editing","Base editing","38093011"
"NM_001002295.2(GATA3):c.512G>A (p.Gly171Asp)","chr10","8058575","G/A","GATA3","-0.101","dataset0635","Missense","Neutral to the IFNG cytokine expression in CD4⁺ T cell","IFNG cytokine expression","4","Functionally normal","","","NA","CRISPR-Based Genome Editing","Base editing","38093011"
"NM_001002295.2(GATA3):c.513C>T (p.Gly171=)","chr10","8058576","C/T","GATA3","-0.132","dataset0635","Synonymous","Neutral to the IFNG cytokine expression in CD4⁺ T cell","IFNG cytokine expression","4","Functionally normal","","","NA","CRISPR-Based Genome Editing","Base editing","38093011"
"NM_001002295.2(GATA3):c.515C>T (p.Ser172Leu)","chr10","8058578","C/T","GATA3","-0.132","dataset0635","Missense","Neutral to the IFNG cytokine expression in CD4⁺ T cell","IFNG cytokine expression","4","Functionally normal","","3.10125e-06","NA","CRISPR-Based Genome Editing","Base editing","38093011"
"NM_001002295.2(GATA3):c.516G>A (p.Ser172=)","chr10","8058579","G/A","GATA3","-0.111","dataset0635","Synonymous","Neutral to the IFNG cytokine expression in CD4⁺ T cell","IFNG cytokine expression","4","Functionally normal","","1.24067e-05","NA","CRISPR-Based Genome Editing","Base editing","38093011"
"NM_001002295.2(GATA3):c.517G>A (p.Ala173Thr)","chr10","8058580","G/A","GATA3","0.283","dataset0635","Missense","Neutral to the IFNG cytokine expression in CD4⁺ T cell","IFNG cytokine expression","4","Functionally normal","","","NA","CRISPR-Based Genome Editing","Base editing","38093011"
"NM_001002295.2(GATA3):c.520G>A (p.Gly174Ser)","chr10","8058583","G/A","GATA3","-0.143","dataset0635","Missense","Neutral to the IFNG cytokine expression in CD4⁺ T cell","IFNG cytokine expression","4","Functionally normal","","3.7227e-06","NA","CRISPR-Based Genome Editing","Base editing","38093011"
"NM_001002295.2(GATA3):c.521G>A (p.Gly174Asp)","chr10","8058584","G/A","GATA3","-0.143","dataset0635","Missense","Neutral to the IFNG cytokine expression in CD4⁺ T cell","IFNG cytokine expression","4","Functionally normal","","0","NA","CRISPR-Based Genome Editing","Base editing","38093011"
"NM_001002295.2(GATA3):c.523T>C (p.Ser175Pro)","chr10","8058586","T/C","GATA3","0.01","dataset0635","Missense","Neutral to the IFNG cytokine expression in CD4⁺ T cell","IFNG cytokine expression","4","Functionally normal","","","NA","CRISPR-Based Genome Editing","Base editing","38093011"
"NM_001002295.2(GATA3):c.525G>A (p.Ser175=)","chr10","8058588","G/A","GATA3","-0.143","dataset0635","Synonymous","Neutral to the IFNG cytokine expression in CD4⁺ T cell","IFNG cytokine expression","4","Functionally normal","","3.72288e-06","NA","CRISPR-Based Genome Editing","Base editing","38093011"
"NM_001002295.2(GATA3):c.526G>A (p.Ala176Thr)","chr10","8058589","G/A","GATA3","-0.268","dataset0635","Missense","Neutral to the IFNG cytokine expression in CD4⁺ T cell","IFNG cytokine expression","3","Functionally normal","Uncertain significance","6.20357e-07","ucec:0.2% (1/529):0.290","CRISPR-Based Genome Editing","Base editing","38093011"
"NM_001002295.2(GATA3):c.530G>A (p.Arg177Gln)","chr10","8058593","G/A","GATA3","0.267","dataset0635","Missense","Neutral to the IFNG cytokine expression in CD4⁺ T cell","IFNG cytokine expression","4","Functionally normal","Uncertain significance","2.48324e-06","NA","CRISPR-Based Genome Editing","Base editing","38093011"
"NM_001002295.2(GATA3):c.538G>A (p.Glu180Lys)","chr10","8058601","G/A","GATA3","-0.223","dataset0635","Missense","Neutral to the IFNG cytokine expression in CD4⁺ T cell","IFNG cytokine expression","4","Functionally normal","Uncertain significance","9.92592e-06","NA","CRISPR-Based Genome Editing","Base editing","38093011"
"NM_001002295.2(GATA3):c.540G>A (p.Glu180=)","chr10","8058603","G/A","GATA3","-0.223","dataset0635","Synonymous","Neutral to the IFNG cytokine expression in CD4⁺ T cell","IFNG cytokine expression","4","Functionally normal","Likely benign","6.20294e-07","NA","CRISPR-Based Genome Editing","Base editing","38093011"
"NM_001002295.2(GATA3):c.542A>G (p.Lys181Arg)","chr10","8058605","A/G","GATA3","-0.16","dataset0635","Missense","Neutral to the IFNG cytokine expression in CD4⁺ T cell","IFNG cytokine expression","4","Functionally normal","","","NA","CRISPR-Based Genome Editing","Base editing","38093011"
"NM_001002295.2(GATA3):c.543A>G (p.Lys181=)","chr10","8058606","A/G","GATA3","-0.16","dataset0635","Synonymous","Neutral to the IFNG cytokine expression in CD4⁺ T cell","IFNG cytokine expression","4","Functionally normal","","","NA","CRISPR-Based Genome Editing","Base editing","38093011"
"NM_001002295.2(GATA3):c.545A>G (p.Glu182Gly)","chr10","8058608","A/G","GATA3","-0.16","dataset0635","Missense","Neutral to the IFNG cytokine expression in CD4⁺ T cell","IFNG cytokine expression","4","Functionally normal","Uncertain significance","1.86073e-06","NA","CRISPR-Based Genome Editing","Base editing","38093011"
"NM_001002295.2(GATA3):c.547T>C (p.Cys183Arg)","chr10","8058610","T/C","GATA3","-0.016","dataset0635","Missense","Neutral to the IFNG cytokine expression in CD4⁺ T cell","IFNG cytokine expression","4","Functionally normal","","6.22709e-07","NA","CRISPR-Based Genome Editing","Base editing","38093011"
"NM_001002295.2(GATA3):c.549C>T (p.Cys183=)","chr10","8058612","C/T","GATA3","-0.103","dataset0635","Synonymous","Neutral to the IFNG cytokine expression in CD4⁺ T cell","IFNG cytokine expression","4","Functionally normal","","1.86074e-06","NA","CRISPR-Based Genome Editing","Base editing","38093011"
"NM_001002295.2(GATA3):c.550C>T (p.Leu184Phe)","chr10","8058613","C/T","GATA3","-0.103","dataset0635","Missense","Neutral to the IFNG cytokine expression in CD4⁺ T cell","IFNG cytokine expression","4","Functionally normal","","","NA","CRISPR-Based Genome Editing","Base editing","38093011"
"NM_001002295.2(GATA3):c.552C>T (p.Leu184=)","chr10","8058615","C/T","GATA3","-0.103","dataset0635","Synonymous","Neutral to the IFNG cytokine expression in CD4⁺ T cell","IFNG cytokine expression","4","Functionally normal","","","NA","CRISPR-Based Genome Editing","Base editing","38093011"
"NM_001002295.2(GATA3):c.561G>A (p.Gln187=)","chr10","8058624","G/A","GATA3","-0.129","dataset0635","Synonymous","Neutral to the IFNG cytokine expression in CD4⁺ T cell","IFNG cytokine expression","4","Functionally normal","","2.41849e-05","NA","CRISPR-Based Genome Editing","Base editing","38093011"
"NM_001002295.2(GATA3):c.562G>A (p.Val188Met)","chr10","8058625","G/A","GATA3","-0.129","dataset0635","Missense","Neutral to the IFNG cytokine expression in CD4⁺ T cell","IFNG cytokine expression","4","Functionally normal","","","NA","CRISPR-Based Genome Editing","Base editing","38093011"
"NM_001002295.2(GATA3):c.564G>A (p.Val188=)","chr10","8058627","G/A","GATA3","-0.129","dataset0635","Synonymous","Neutral to the IFNG cytokine expression in CD4⁺ T cell","IFNG cytokine expression","4","Functionally normal","","6.20122e-07","NA","CRISPR-Based Genome Editing","Base editing","38093011"
"NM_001002295.2(GATA3):c.567C>T (p.Pro189=)","chr10","8058630","C/T","GATA3","-0.231","dataset0635","Synonymous","Neutral to the IFNG cytokine expression in CD4⁺ T cell","IFNG cytokine expression","4","Functionally normal","Likely benign","5.58083e-06","NA","CRISPR-Based Genome Editing","Base editing","38093011"
"NM_001002295.2(GATA3):c.568C>T (p.Leu190=)","chr10","8058631","C/T","GATA3","-0.231","dataset0635","Synonymous","Neutral to the IFNG cytokine expression in CD4⁺ T cell","IFNG cytokine expression","4","Functionally normal","","3.72019e-06","NA","CRISPR-Based Genome Editing","Base editing","38093011"
"NM_001002295.2(GATA3):c.569T>C (p.Leu190Pro)","chr10","8058632","T/C","GATA3","0.002","dataset0635","Missense","Neutral to the IFNG cytokine expression in CD4⁺ T cell","IFNG cytokine expression","4","Functionally normal","Uncertain significance","4.96278e-06","NA","CRISPR-Based Genome Editing","Base editing","38093011"
"NM_001002295.2(GATA3):c.570G>A (p.Leu190=)","chr10","8058633","G/A","GATA3","-0.032","dataset0635","Synonymous","Neutral to the IFNG cytokine expression in CD4⁺ T cell","IFNG cytokine expression","4","Functionally normal","","","NA","CRISPR-Based Genome Editing","Base editing","38093011"
"NM_001002295.2(GATA3):c.571C>T (p.Pro191Ser)","chr10","8058634","C/T","GATA3","-0.231","dataset0635","Missense","Neutral to the IFNG cytokine expression in CD4⁺ T cell","IFNG cytokine expression","4","Functionally normal","","0","NA","CRISPR-Based Genome Editing","Base editing","38093011"
"NM_001002295.2(GATA3):c.572C>T (p.Pro191Leu)","chr10","8058635","C/T","GATA3","-0.231","dataset0635","Missense","Neutral to the IFNG cytokine expression in CD4⁺ T cell","IFNG cytokine expression","4","Functionally normal","Uncertain significance","","NA","CRISPR-Based Genome Editing","Base editing","38093011"
"NM_001002295.2(GATA3):c.573C>T (p.Pro191=)","chr10","8058636","C/T","GATA3","-0.231","dataset0635","Synonymous","Neutral to the IFNG cytokine expression in CD4⁺ T cell","IFNG cytokine expression","4","Functionally normal","Benign","0.0057922","NA","CRISPR-Based Genome Editing","Base editing","38093011"
"NM_001002295.2(GATA3):c.576C>T (p.Asp192=)","chr10","8058639","C/T","GATA3","-0.231","dataset0635","Synonymous","Neutral to the IFNG cytokine expression in CD4⁺ T cell","IFNG cytokine expression","4","Functionally normal","","","NA","CRISPR-Based Genome Editing","Base editing","38093011"
"NM_001002295.2(GATA3):c.578G>A (p.Ser193Asn)","chr10","8058641","G/A","GATA3","0.092","dataset0635","Missense","Neutral to the IFNG cytokine expression in CD4⁺ T cell","IFNG cytokine expression","4","Functionally normal","","","NA","CRISPR-Based Genome Editing","Base editing","38093011"
"NM_001002295.2(GATA3):c.579C>T (p.Ser193=)","chr10","8058642","C/T","GATA3","-0.231","dataset0635","Synonymous","Neutral to the IFNG cytokine expression in CD4⁺ T cell","IFNG cytokine expression","4","Functionally normal","","6.19947e-07","NA","CRISPR-Based Genome Editing","Base editing","38093011"
"NM_001002295.2(GATA3):c.581T>C (p.Met194Thr)","chr10","8058644","T/C","GATA3","0.004","dataset0635","Missense","Neutral to the IFNG cytokine expression in CD4⁺ T cell","IFNG cytokine expression","4","Functionally normal","","1.24008e-06","NA","CRISPR-Based Genome Editing","Base editing","38093011"
"NM_001002295.2(GATA3):c.582G>A (p.Met194Ile)","chr10","8058645","G/A","GATA3","-0.208","dataset0635","Missense","Neutral to the IFNG cytokine expression in CD4⁺ T cell","IFNG cytokine expression","4","Functionally normal","","6.19958e-07","NA","CRISPR-Based Genome Editing","Base editing","38093011"
"NM_001002295.2(GATA3):c.585G>A (p.Lys195=)","chr10","8058648","G/A","GATA3","-0.208","dataset0635","Synonymous","Neutral to the IFNG cytokine expression in CD4⁺ T cell","IFNG cytokine expression","4","Functionally normal","","","NA","CRISPR-Based Genome Editing","Base editing","38093011"
"NM_001002295.2(GATA3):c.586C>T (p.Leu196=)","chr10","8058649","C/T","GATA3","0.082","dataset0635","Synonymous","Neutral to the IFNG cytokine expression in CD4⁺ T cell","IFNG cytokine expression","4","Functionally normal","","","NA","CRISPR-Based Genome Editing","Base editing","38093011"
"NM_001002295.2(GATA3):c.587T>C (p.Leu196Pro)","chr10","8058650","T/C","GATA3","0.107","dataset0635","Missense","Neutral to the IFNG cytokine expression in CD4⁺ T cell","IFNG cytokine expression","4","Functionally normal","","","NA","CRISPR-Based Genome Editing","Base editing","38093011"
"NM_001002295.2(GATA3):c.588G>A (p.Leu196=)","chr10","8058651","G/A","GATA3","-0.099","dataset0635","Synonymous","Neutral to the IFNG cytokine expression in CD4⁺ T cell","IFNG cytokine expression","4","Functionally normal","","","NA","CRISPR-Based Genome Editing","Base editing","38093011"
"NM_001002295.2(GATA3):c.589G>A (p.Glu197Lys)","chr10","8058652","G/A","GATA3","0.185","dataset0635","Missense","Neutral to the IFNG cytokine expression in CD4⁺ T cell","IFNG cytokine expression","4","Functionally normal","","","NA","CRISPR-Based Genome Editing","Base editing","38093011"
"NM_001002295.2(GATA3):c.590A>G (p.Glu197Gly)","chr10","8058653","A/G","GATA3","-0.046","dataset0635","Missense","Neutral to the IFNG cytokine expression in CD4⁺ T cell","IFNG cytokine expression","4","Functionally normal","","","NA","CRISPR-Based Genome Editing","Base editing","38093011"
"NM_001002295.2(GATA3):c.592T>C (p.Ser198Pro)","chr10","8058655","T/C","GATA3","0.028","dataset0635","Missense","Neutral to the IFNG cytokine expression in CD4⁺ T cell","IFNG cytokine expression","4","Functionally normal","","","NA","CRISPR-Based Genome Editing","Base editing","38093011"
"NM_001002295.2(GATA3):c.593C>T (p.Ser198Leu)","chr10","8058656","C/T","GATA3","0.082","dataset0635","Missense","Neutral to the IFNG cytokine expression in CD4⁺ T cell","IFNG cytokine expression","4","Functionally normal","","","NA","CRISPR-Based Genome Editing","Base editing","38093011"
"NM_001002295.2(GATA3):c.594G>A (p.Ser198=)","chr10","8058657","G/A","GATA3","-0.045","dataset0635","Synonymous","Neutral to the IFNG cytokine expression in CD4⁺ T cell","IFNG cytokine expression","4","Functionally normal","","1.23997e-06","NA","CRISPR-Based Genome Editing","Base editing","38093011"
"NM_001002295.2(GATA3):c.596C>T (p.Ser199Phe)","chr10","8058659","C/T","GATA3","0.082","dataset0635","Missense","Neutral to the IFNG cytokine expression in CD4⁺ T cell","IFNG cytokine expression","4","Functionally normal","","3.09962e-06","ov:0.2% (1/585):0.200","CRISPR-Based Genome Editing","Base editing","38093011"
"NM_001002295.2(GATA3):c.597C>T (p.Ser199=)","chr10","8058660","C/T","GATA3","0.082","dataset0635","Synonymous","Neutral to the IFNG cytokine expression in CD4⁺ T cell","IFNG cytokine expression","4","Functionally normal","","6.19885e-07","NA","CRISPR-Based Genome Editing","Base editing","38093011"
"NM_001002295.2(GATA3):c.598C>T (p.His200Tyr)","chr10","8058661","C/T","GATA3","0.082","dataset0635","Missense","Neutral to the IFNG cytokine expression in CD4⁺ T cell","IFNG cytokine expression","4","Functionally normal","Uncertain significance","1.30173e-05","NA","CRISPR-Based Genome Editing","Base editing","38093011"
"NM_001002295.2(GATA3):c.603C>T (p.Ser201=)","chr10","8058666","C/T","GATA3","0.048","dataset0635","Synonymous","Neutral to the IFNG cytokine expression in CD4⁺ T cell","IFNG cytokine expression","4","Functionally normal","","","NA","CRISPR-Based Genome Editing","Base editing","38093011"
"NM_001002295.2(GATA3):c.604C>T (p.Arg202Cys)","chr10","8058667","C/T","GATA3","-0.097","dataset0635","Missense","Neutral to the IFNG cytokine expression in CD4⁺ T cell","IFNG cytokine expression","4","Functionally normal","Uncertain significance","5.26873e-05","NA","CRISPR-Based Genome Editing","Base editing","38093011"
"NM_001002295.2(GATA3):c.607G>A (p.Gly203Ser)","chr10","8058670","G/A","GATA3","0.151","dataset0635","Missense","Neutral to the IFNG cytokine expression in CD4⁺ T cell","IFNG cytokine expression","4","Functionally normal","","","NA","CRISPR-Based Genome Editing","Base editing","38093011"
"NM_001002295.2(GATA3):c.608G>A (p.Gly203Asp)","chr10","8058671","G/A","GATA3","0.151","dataset0635","Missense","Neutral to the IFNG cytokine expression in CD4⁺ T cell","IFNG cytokine expression","4","Functionally normal","","","NA","CRISPR-Based Genome Editing","Base editing","38093011"
"NM_001002295.2(GATA3):c.609C>T (p.Gly203=)","chr10","8058672","C/T","GATA3","-0.117","dataset0635","Synonymous","Neutral to the IFNG cytokine expression in CD4⁺ T cell","IFNG cytokine expression","4","Functionally normal","","1.23969e-06","NA","CRISPR-Based Genome Editing","Base editing","38093011"
"NM_001002295.2(GATA3):c.610A>G (p.Ser204Gly)","chr10","8058673","A/G","GATA3","0.134","dataset0635","Missense","Neutral to the IFNG cytokine expression in CD4⁺ T cell","IFNG cytokine expression","4","Functionally normal","","","NA","CRISPR-Based Genome Editing","Base editing","38093011"
"NM_001002295.2(GATA3):c.611G>A (p.Ser204Asn)","chr10","8058674","G/A","GATA3","0.151","dataset0635","Missense","Neutral to the IFNG cytokine expression in CD4⁺ T cell","IFNG cytokine expression","4","Functionally normal","","2.47948e-06","NA","CRISPR-Based Genome Editing","Base editing","38093011"
"NM_001002295.2(GATA3):c.612C>T (p.Ser204=)","chr10","8058675","C/T","GATA3","-0.117","dataset0635","Synonymous","Neutral to the IFNG cytokine expression in CD4⁺ T cell","IFNG cytokine expression","4","Functionally normal","","0","NA","CRISPR-Based Genome Editing","Base editing","38093011"
"NM_001002295.2(GATA3):c.613A>G (p.Met205Val)","chr10","8058676","A/G","GATA3","-0.317","dataset0635","Missense","The diminished IFNG cytokine expression in CD4⁺ T cell","IFNG cytokine expression","4","Loss-of-function","","","NA","CRISPR-Based Genome Editing","Base editing","38093011"
"NM_001002295.2(GATA3):c.614T>C (p.Met205Thr)","chr10","8058677","T/C","GATA3","-0.144","dataset0635","Missense","Neutral to the IFNG cytokine expression in CD4⁺ T cell","IFNG cytokine expression","4","Functionally normal","","6.19851e-07","NA","CRISPR-Based Genome Editing","Base editing","38093011"
"NM_001002295.2(GATA3):c.615G>A (p.Met205Ile)","chr10","8058678","G/A","GATA3","-0.351","dataset0635","Missense","The diminished IFNG cytokine expression in CD4⁺ T cell","IFNG cytokine expression","4","Loss-of-function","","","read:0.6% (1/155):0.220;stad:0.2% (1/440):0.080","CRISPR-Based Genome Editing","Base editing","38093011"
"NM_001002295.2(GATA3):c.619G>A (p.Ala207Thr)","chr10","8058682","G/A","GATA3","0.182","dataset0635","Missense","Neutral to the IFNG cytokine expression in CD4⁺ T cell","IFNG cytokine expression","4","Functionally normal","","3.7195e-06","NA","CRISPR-Based Genome Editing","Base editing","38093011"
"NM_001002295.2(GATA3):c.623T>C (p.Leu208Pro)","chr10","8058686","T/C","GATA3","-0.115","dataset0635","Missense","Neutral to the IFNG cytokine expression in CD4⁺ T cell","IFNG cytokine expression","4","Functionally normal","","","NA","CRISPR-Based Genome Editing","Base editing","38093011"
"NM_001002295.2(GATA3):c.625G>A (p.Gly209Ser)","chr10","8058688","G/A","GATA3","0.086","dataset0635","Missense","Neutral to the IFNG cytokine expression in CD4⁺ T cell","IFNG cytokine expression","4","Functionally normal","","","NA","CRISPR-Based Genome Editing","Base editing","38093011"
"NM_001002295.2(GATA3):c.628G>A (p.Gly210Arg)","chr10","8058691","G/A","GATA3","-0.388","dataset0635","Missense","The diminished IFNG cytokine expression in CD4⁺ T cell","IFNG cytokine expression","4","Loss-of-function","","","NA","CRISPR-Based Genome Editing","Base editing","38093011"
"NM_001002295.2(GATA3):c.629G>A (p.Gly210Glu)","chr10","8058692","G/A","GATA3","-0.388","dataset0635","Missense","The diminished IFNG cytokine expression in CD4⁺ T cell","IFNG cytokine expression","4","Loss-of-function","Uncertain significance","2.4797e-06","NA","CRISPR-Based Genome Editing","Base editing","38093011"
"NM_001002295.2(GATA3):c.631G>A (p.Ala211Thr)","chr10","8058694","G/A","GATA3","-0.027","dataset0635","Missense","Neutral to the IFNG cytokine expression in CD4⁺ T cell","IFNG cytokine expression","4","Functionally normal","Uncertain significance","9.91996e-06","NA","CRISPR-Based Genome Editing","Base editing","38093011"
"NM_001002295.2(GATA3):c.634T>C (p.Ser212Pro)","chr10","8058697","T/C","GATA3","0.079","dataset0635","Missense","Neutral to the IFNG cytokine expression in CD4⁺ T cell","IFNG cytokine expression","4","Functionally normal","","","NA","CRISPR-Based Genome Editing","Base editing","38093011"
"NM_001002295.2(GATA3):c.637T>C (p.Ser213Pro)","chr10","8058700","T/C","GATA3","0.044","dataset0635","Missense","Neutral to the IFNG cytokine expression in CD4⁺ T cell","IFNG cytokine expression","4","Functionally normal","","","NA","CRISPR-Based Genome Editing","Base editing","38093011"
"NM_001002295.2(GATA3):c.639G>A (p.Ser213=)","chr10","8058702","G/A","GATA3","-0.027","dataset0635","Synonymous","Neutral to the IFNG cytokine expression in CD4⁺ T cell","IFNG cytokine expression","4","Functionally normal","","1.92221e-05","NA","CRISPR-Based Genome Editing","Base editing","38093011"
"NM_001002295.2(GATA3):c.642G>A (p.Ser214=)","chr10","8058705","G/A","GATA3","-0.002","dataset0635","Synonymous","Neutral to the IFNG cytokine expression in CD4⁺ T cell","IFNG cytokine expression","4","Functionally normal","","","NA","CRISPR-Based Genome Editing","Base editing","38093011"
"NM_001002295.2(GATA3):c.664T>C (p.Tyr222His)","chr10","8058727","T/C","GATA3","-0.018","dataset0635","Missense","Neutral to the IFNG cytokine expression in CD4⁺ T cell","IFNG cytokine expression","4","Functionally normal","","","NA","CRISPR-Based Genome Editing","Base editing","38093011"
"NM_001002295.2(GATA3):c.669G>A (p.Pro223=)","chr10","8058732","G/A","GATA3","-0.148","dataset0635","Synonymous","Neutral to the IFNG cytokine expression in CD4⁺ T cell","IFNG cytokine expression","4","Functionally normal","","9.55373e-05","NA","CRISPR-Based Genome Editing","Base editing","38093011"
"NM_001002295.2(GATA3):c.673T>C (p.Tyr225His)","chr10","8058736","T/C","GATA3","0.037","dataset0635","Missense","Neutral to the IFNG cytokine expression in CD4⁺ T cell","IFNG cytokine expression","4","Functionally normal","","6.20263e-07","NA","CRISPR-Based Genome Editing","Base editing","38093011"
"NM_001002295.2(GATA3):c.675C>T (p.Tyr225=)","chr10","8058738","C/T","GATA3","-0.273","dataset0635","Synonymous","The diminished IFNG cytokine expression in CD4⁺ T cell","IFNG cytokine expression","4","Loss-of-function","","4.34184e-06","NA","CRISPR-Based Genome Editing","Base editing","38093011"
"NM_001002295.2(GATA3):c.676G>A (p.Val226Met)","chr10","8058739","G/A","GATA3","-0.113","dataset0635","Missense","Neutral to the IFNG cytokine expression in CD4⁺ T cell","IFNG cytokine expression","4","Functionally normal","Uncertain significance","1.86095e-06","ucec:0.2% (1/529):0.380","CRISPR-Based Genome Editing","Base editing","38093011"
"NM_001002295.2(GATA3):c.677T>C (p.Val226Ala)","chr10","8058740","T/C","GATA3","-0.082","dataset0635","Missense","Neutral to the IFNG cytokine expression in CD4⁺ T cell","IFNG cytokine expression","4","Functionally normal","","","NA","CRISPR-Based Genome Editing","Base editing","38093011"
"NM_001002295.2(GATA3):c.678G>A (p.Val226=)","chr10","8058741","G/A","GATA3","0.051","dataset0635","Synonymous","Neutral to the IFNG cytokine expression in CD4⁺ T cell","IFNG cytokine expression","4","Functionally normal","","","NA","CRISPR-Based Genome Editing","Base editing","38093011"
"NM_001002295.2(GATA3):c.679C>T (p.Pro227Ser)","chr10","8058742","C/T","GATA3","-0.273","dataset0635","Missense","The diminished IFNG cytokine expression in CD4⁺ T cell","IFNG cytokine expression","4","Loss-of-function","","6.20284e-07","NA","CRISPR-Based Genome Editing","Base editing","38093011"
"NM_001002295.2(GATA3):c.680C>T (p.Pro227Leu)","chr10","8058743","C/T","GATA3","-0.273","dataset0635","Missense","The diminished IFNG cytokine expression in CD4⁺ T cell","IFNG cytokine expression","4","Loss-of-function","","","NA","CRISPR-Based Genome Editing","Base editing","38093011"
"NM_001002295.2(GATA3):c.681C>T (p.Pro227=)","chr10","8058744","C/T","GATA3","-0.273","dataset0635","Synonymous","The diminished IFNG cytokine expression in CD4⁺ T cell","IFNG cytokine expression","4","Loss-of-function","Likely benign","4.96241e-06","NA","CRISPR-Based Genome Editing","Base editing","38093011"
"NM_001002295.2(GATA3):c.682G>A (p.Glu228Lys)","chr10","8058745","G/A","GATA3","0.002","dataset0635","Missense","Neutral to the IFNG cytokine expression in CD4⁺ T cell","IFNG cytokine expression","4","Functionally normal","","1.24071e-06","stad:0.2% (1/440):0.260","CRISPR-Based Genome Editing","Base editing","38093011"
"NM_001002295.2(GATA3):c.684G>A (p.Glu228=)","chr10","8058747","G/A","GATA3","0.002","dataset0635","Synonymous","Neutral to the IFNG cytokine expression in CD4⁺ T cell","IFNG cytokine expression","4","Functionally normal","","","NA","CRISPR-Based Genome Editing","Base editing","38093011"
"NM_001002295.2(GATA3):c.685T>C (p.Tyr229His)","chr10","8058748","T/C","GATA3","0.03","dataset0635","Missense","Neutral to the IFNG cytokine expression in CD4⁺ T cell","IFNG cytokine expression","4","Functionally normal","","","NA","CRISPR-Based Genome Editing","Base editing","38093011"
"NM_001002295.2(GATA3):c.689G>A (p.Ser230Asn)","chr10","8058752","G/A","GATA3","-0.114","dataset0635","Missense","Neutral to the IFNG cytokine expression in CD4⁺ T cell","IFNG cytokine expression","4","Functionally normal","","6.20537e-07","NA","CRISPR-Based Genome Editing","Base editing","38093011"
"NM_001002295.2(GATA3):c.691T>C (p.Ser231Pro)","chr10","8058754","T/C","GATA3","0.106","dataset0635","Missense","Neutral to the IFNG cytokine expression in CD4⁺ T cell","IFNG cytokine expression","4","Functionally normal","Uncertain significance","6.20754e-07","NA","CRISPR-Based Genome Editing","Base editing","38093011"
"NM_001002295.2(GATA3):c.694G>A (p.Gly232Arg)","chr10","8058757","G/A","GATA3","-0.006","dataset0635","Missense","Neutral to the IFNG cytokine expression in CD4⁺ T cell","IFNG cytokine expression","4","Functionally normal","","1.86194e-06","NA","CRISPR-Based Genome Editing","Base editing","38093011"
"NM_001002295.2(GATA3):c.695G>A (p.Gly232Glu)","chr10","8058758","G/A","GATA3","-0.006","dataset0635","Missense","Neutral to the IFNG cytokine expression in CD4⁺ T cell","IFNG cytokine expression","4","Functionally normal","","","NA","CRISPR-Based Genome Editing","Base editing","38093011"
"NM_001002295.2(GATA3):c.698T>C (p.Leu233Pro)","chr10","8058761","T/C","GATA3","0.279","dataset0635","Missense","Neutral to the IFNG cytokine expression in CD4⁺ T cell","IFNG cytokine expression","4","Functionally normal","","","NA","CRISPR-Based Genome Editing","Base editing","38093011"
"NM_001002295.2(GATA3):c.699C>T (p.Leu233=)","chr10","8058762","C/T","GATA3","0.287","dataset0635","Synonymous","Neutral to the IFNG cytokine expression in CD4⁺ T cell","IFNG cytokine expression","4","Functionally normal","","","NA","CRISPR-Based Genome Editing","Base editing","38093011"
"NM_001002295.2(GATA3):c.700T>C (p.Phe234Leu)","chr10","8058763","T/C","GATA3","-0.098","dataset0635","Missense","Neutral to the IFNG cytokine expression in CD4⁺ T cell","IFNG cytokine expression","4","Functionally normal","","","NA","CRISPR-Based Genome Editing","Base editing","38093011"
"NM_001002295.2(GATA3):c.702C>T (p.Phe234=)","chr10","8058765","C/T","GATA3","-0.29","dataset0635","Synonymous","The diminished IFNG cytokine expression in CD4⁺ T cell","IFNG cytokine expression","4","Loss-of-function","","4.96974e-06","NA","CRISPR-Based Genome Editing","Base editing","38093011"
"NM_001002295.2(GATA3):c.703C>T (p.Pro235Ser)","chr10","8058766","C/T","GATA3","-0.042","dataset0635","Missense","Neutral to the IFNG cytokine expression in CD4⁺ T cell","IFNG cytokine expression","4","Functionally normal","","","NA","CRISPR-Based Genome Editing","Base editing","38093011"
"NM_001002295.2(GATA3):c.704C>T (p.Pro235Leu)","chr10","8058767","C/T","GATA3","-0.042","dataset0635","Missense","Neutral to the IFNG cytokine expression in CD4⁺ T cell","IFNG cytokine expression","4","Functionally normal","","","NA","CRISPR-Based Genome Editing","Base editing","38093011"
"NM_001002295.2(GATA3):c.705C>T (p.Pro235=)","chr10","8058768","C/T","GATA3","-0.042","dataset0635","Synonymous","Neutral to the IFNG cytokine expression in CD4⁺ T cell","IFNG cytokine expression","4","Functionally normal","Likely benign","1.55214e-05","NA","CRISPR-Based Genome Editing","Base editing","38093011"
"NM_001002295.2(GATA3):c.706C>T (p.Pro236Ser)","chr10","8058769","C/T","GATA3","-0.042","dataset0635","Missense","Neutral to the IFNG cytokine expression in CD4⁺ T cell","IFNG cytokine expression","4","Functionally normal","Uncertain significance","2.48339e-05","NA","CRISPR-Based Genome Editing","Base editing","38093011"
"NM_001002295.2(GATA3):c.707C>T (p.Pro236Leu)","chr10","8058770","C/T","GATA3","-0.042","dataset0635","Missense","Neutral to the IFNG cytokine expression in CD4⁺ T cell","IFNG cytokine expression","4","Functionally normal","","1.24165e-06","NA","CRISPR-Based Genome Editing","Base editing","38093011"
"NM_001002295.2(GATA3):c.708C>T (p.Pro236=)","chr10","8058771","C/T","GATA3","-0.042","dataset0635","Synonymous","Neutral to the IFNG cytokine expression in CD4⁺ T cell","IFNG cytokine expression","4","Functionally normal","","4.96746e-06","NA","CRISPR-Based Genome Editing","Base editing","38093011"
"NM_001002295.2(GATA3):c.709A>G (p.Ser237Gly)","chr10","8058772","A/G","GATA3","0.236","dataset0635","Missense","Neutral to the IFNG cytokine expression in CD4⁺ T cell","IFNG cytokine expression","4","Functionally normal","","","NA","CRISPR-Based Genome Editing","Base editing","38093011"
"NM_001002295.2(GATA3):c.710G>A (p.Ser237Asn)","chr10","8058773","G/A","GATA3","-0.291","dataset0635","Missense","The diminished IFNG cytokine expression in CD4⁺ T cell","IFNG cytokine expression","4","Loss-of-function","","0","NA","CRISPR-Based Genome Editing","Base editing","38093011"
"NM_001002295.2(GATA3):c.711C>T (p.Ser237=)","chr10","8058774","C/T","GATA3","-0.042","dataset0635","Synonymous","Neutral to the IFNG cytokine expression in CD4⁺ T cell","IFNG cytokine expression","4","Functionally normal","Likely benign","6.20967e-06","NA","CRISPR-Based Genome Editing","Base editing","38093011"
"NM_001002295.2(GATA3):c.713G>A (p.Ser238Asn)","chr10","8058776","G/A","GATA3","0.168","dataset0635","Missense","Neutral to the IFNG cytokine expression in CD4⁺ T cell","IFNG cytokine expression","4","Functionally normal","","","NA","CRISPR-Based Genome Editing","Base editing","38093011"
"NM_001002295.2(GATA3):c.715C>T (p.Leu239=)","chr10","8058778","C/T","GATA3","0.041","dataset0635","Synonymous","Neutral to the IFNG cytokine expression in CD4⁺ T cell","IFNG cytokine expression","4","Functionally normal","","","NA","CRISPR-Based Genome Editing","Base editing","38093011"
"NM_001002295.2(GATA3):c.717G>A (p.Leu239=)","chr10","8058780","G/A","GATA3","-0.015","dataset0635","Synonymous","Neutral to the IFNG cytokine expression in CD4⁺ T cell","IFNG cytokine expression","4","Functionally normal","","0","NA","CRISPR-Based Genome Editing","Base editing","38093011"
"NM_001002295.2(GATA3):c.719T>C (p.Leu240Pro)","chr10","8058782","T/C","GATA3","0.0","dataset0635","Missense","Neutral to the IFNG cytokine expression in CD4⁺ T cell","IFNG cytokine expression","4","Functionally normal","","","NA","CRISPR-Based Genome Editing","Base editing","38093011"
"NM_001002295.2(GATA3):c.720G>A (p.Leu240=)","chr10","8058783","G/A","GATA3","-0.015","dataset0635","Synonymous","Neutral to the IFNG cytokine expression in CD4⁺ T cell","IFNG cytokine expression","4","Functionally normal","","6.21294e-07","NA","CRISPR-Based Genome Editing","Base editing","38093011"
"NM_001002295.2(GATA3):c.721G>A (p.Gly241Ser)","chr10","8058784","G/A","GATA3","-0.015","dataset0635","Missense","Neutral to the IFNG cytokine expression in CD4⁺ T cell","IFNG cytokine expression","4","Functionally normal","","6.21292e-07","NA","CRISPR-Based Genome Editing","Base editing","38093011"
"NM_001002295.2(GATA3):c.722G>A (p.Gly241Asp)","chr10","8058785","G/A","GATA3","-0.015","dataset0635","Missense","Neutral to the IFNG cytokine expression in CD4⁺ T cell","IFNG cytokine expression","4","Functionally normal","","","NA","CRISPR-Based Genome Editing","Base editing","38093011"
"NM_001002295.2(GATA3):c.723C>T (p.Gly241=)","chr10","8058786","C/T","GATA3","-0.208","dataset0635","Synonymous","Neutral to the IFNG cytokine expression in CD4⁺ T cell","IFNG cytokine expression","4","Functionally normal","","1.24303e-06","NA","CRISPR-Based Genome Editing","Base editing","38093011"
"NM_001002295.2(GATA3):c.724G>A (p.Gly242Ser)","chr10","8058787","G/A","GATA3","-0.124","dataset0635","Missense","Neutral to the IFNG cytokine expression in CD4⁺ T cell","IFNG cytokine expression","4","Functionally normal","Likely benign","0.000128007","NA","CRISPR-Based Genome Editing","Base editing","38093011"
"NM_001002295.2(GATA3):c.726C>T (p.Gly242=)","chr10","8058789","C/T","GATA3","-0.208","dataset0635","Synonymous","Neutral to the IFNG cytokine expression in CD4⁺ T cell","IFNG cytokine expression","4","Functionally normal","","","NA","CRISPR-Based Genome Editing","Base editing","38093011"
"NM_001002295.2(GATA3):c.727T>C (p.Ser243Pro)","chr10","8058790","T/C","GATA3","0.084","dataset0635","Missense","Neutral to the IFNG cytokine expression in CD4⁺ T cell","IFNG cytokine expression","4","Functionally normal","","6.21749e-07","NA","CRISPR-Based Genome Editing","Base editing","38093011"
"NM_001002295.2(GATA3):c.734C>T (p.Thr245Ile)","chr10","8058797","C/T","GATA3","-0.239","dataset0635","Missense","Neutral to the IFNG cytokine expression in CD4⁺ T cell","IFNG cytokine expression","4","Functionally normal","","3.10955e-06","NA","CRISPR-Based Genome Editing","Base editing","38093011"
"NM_001002295.2(GATA3):c.735C>T (p.Thr245=)","chr10","8058798","C/T","GATA3","-0.239","dataset0635","Synonymous","Neutral to the IFNG cytokine expression in CD4⁺ T cell","IFNG cytokine expression","4","Functionally normal","Likely benign","1.43072e-05","NA","CRISPR-Based Genome Editing","Base editing","38093011"
"NM_001002295.2(GATA3):c.738C>T (p.Gly246=)","chr10","8058801","C/T","GATA3","-0.239","dataset0635","Synonymous","Neutral to the IFNG cytokine expression in CD4⁺ T cell","IFNG cytokine expression","4","Functionally normal","","","NA","CRISPR-Based Genome Editing","Base editing","38093011"
"NM_001002295.2(GATA3):c.741C>T (p.Phe247=)","chr10","8058804","C/T","GATA3","0.077","dataset0635","Synonymous","Neutral to the IFNG cytokine expression in CD4⁺ T cell","IFNG cytokine expression","4","Functionally normal","","1.86657e-06","NA","CRISPR-Based Genome Editing","Base editing","38093011"
"NM_001002295.2(GATA3):c.742G>A (p.Gly248Arg)","chr10","8058805","G/A","GATA3","-0.152","dataset0635","Missense","Neutral to the IFNG cytokine expression in CD4⁺ T cell","IFNG cytokine expression","4","Functionally normal","Uncertain significance","1.05792e-05","NA","CRISPR-Based Genome Editing","Base editing","38093011"
"NM_001002295.2(GATA3):c.743G>A (p.Gly248Glu)","chr10","8058806","G/A","GATA3","-0.152","dataset0635","Missense","Neutral to the IFNG cytokine expression in CD4⁺ T cell","IFNG cytokine expression","4","Functionally normal","","","NA","CRISPR-Based Genome Editing","Base editing","38093011"
"NM_001002295.2(GATA3):c.744A>G (p.Gly248=)","chr10","8058807","A/G","GATA3","0.0","dataset0635","Synonymous","Neutral to the IFNG cytokine expression in CD4⁺ T cell","IFNG cytokine expression","4","Functionally normal","","","NA","CRISPR-Based Genome Editing","Base editing","38093011"
"NM_001002295.2(GATA3):c.745T>C (p.Cys249Arg)","chr10","8058808","T/C","GATA3","-0.068","dataset0635","Missense","Neutral to the IFNG cytokine expression in CD4⁺ T cell","IFNG cytokine expression","4","Functionally normal","","6.2239e-07","NA","CRISPR-Based Genome Editing","Base editing","38093011"
"NM_001002295.2(GATA3):c.746G>A (p.Cys249Tyr)","chr10","8058809","G/A","GATA3","-0.031","dataset0635","Missense","Neutral to the IFNG cytokine expression in CD4⁺ T cell","IFNG cytokine expression","4","Functionally normal","","6.22522e-07","NA","CRISPR-Based Genome Editing","Base editing","38093011"
"NM_001002295.2(GATA3):c.747C>T (p.Cys249=)","chr10","8058810","C/T","GATA3","0.003","dataset0635","Synonymous","Neutral to the IFNG cytokine expression in CD4⁺ T cell","IFNG cytokine expression","4","Functionally normal","","","NA","CRISPR-Based Genome Editing","Base editing","38093011"
"NM_001002295.2(GATA3):c.748A>G (p.Lys250Glu)","chr10","8058811","A/G","GATA3","0.001","dataset0635","Missense","Neutral to the IFNG cytokine expression in CD4⁺ T cell","IFNG cytokine expression","4","Functionally normal","","","NA","CRISPR-Based Genome Editing","Base editing","38093011"
"NM_001002295.2(GATA3):c.750G>A (p.Lys250=)","chr10","8058813","G/A","GATA3","-0.031","dataset0635","Synonymous","Neutral to the IFNG cytokine expression in CD4⁺ T cell","IFNG cytokine expression","4","Functionally normal","","","NA","CRISPR-Based Genome Editing","Base editing","38093011"
"NM_001002295.2(GATA3):c.751T>C (p.Ser251Pro)","chr10","8058814","T/C","GATA3","-0.01","dataset0635","Missense","Neutral to the IFNG cytokine expression in CD4⁺ T cell","IFNG cytokine expression","4","Functionally normal","","","NA","CRISPR-Based Genome Editing","Base editing","38093011"
"NM_001002295.2(GATA3):c.752C>T (p.Ser251Phe)","chr10","8058815","C/T","GATA3","0.003","dataset0635","Missense","Neutral to the IFNG cytokine expression in CD4⁺ T cell","IFNG cytokine expression","4","Functionally normal","","","NA","CRISPR-Based Genome Editing","Base editing","38093011"
"NM_001002295.2(GATA3):c.753C>T (p.Ser251=)","chr10","8058816","C/T","GATA3","0.003","dataset0635","Synonymous","Neutral to the IFNG cytokine expression in CD4⁺ T cell","IFNG cytokine expression","4","Functionally normal","","","NA","CRISPR-Based Genome Editing","Base editing","38093011"
"NM_001002295.2(GATA3):c.757C>T (p.Pro253Ser)","chr10","8058820","C/T","GATA3","0.04","dataset0635","Missense","Neutral to the IFNG cytokine expression in CD4⁺ T cell","IFNG cytokine expression","4","Functionally normal","","","NA","CRISPR-Based Genome Editing","Base editing","38093011"
"NM_001002295.2(GATA3):c.758C>T (p.Pro253Leu)","chr10","8058821","C/T","GATA3","0.04","dataset0635","Missense","Neutral to the IFNG cytokine expression in CD4⁺ T cell","IFNG cytokine expression","4","Functionally normal","","1.24613e-06","NA","CRISPR-Based Genome Editing","Base editing","38093011"
"NM_001002295.2(GATA3):c.760A>G (p.Lys254Glu)","chr10","8058823","A/G","GATA3","-0.06","dataset0635","Missense","Neutral to the IFNG cytokine expression in CD4⁺ T cell","IFNG cytokine expression","4","Functionally normal","","","NA","CRISPR-Based Genome Editing","Base editing","38093011"
"NM_001002295.2(GATA3):c.761A>G (p.Lys254Arg)","chr10","8058824","A/G","GATA3","-0.06","dataset0635","Missense","Neutral to the IFNG cytokine expression in CD4⁺ T cell","IFNG cytokine expression","4","Functionally normal","","","NA","CRISPR-Based Genome Editing","Base editing","38093011"
"NM_001002295.2(GATA3):c.762G>A (p.Lys254=)","chr10","8058825","G/A","GATA3","-0.512","dataset0635","Synonymous","The diminished IFNG cytokine expression in CD4⁺ T cell","IFNG cytokine expression","4","Loss-of-function","","","NA","CRISPR-Based Genome Editing","Base editing","38093011"
"NM_001002295.2(GATA3):c.763G>A (p.Ala255Thr)","chr10","8058826","G/A","GATA3","-0.512","dataset0635","Missense","The diminished IFNG cytokine expression in CD4⁺ T cell","IFNG cytokine expression","4","Loss-of-function","","0","NA","CRISPR-Based Genome Editing","Base editing","38093011"
"NM_001002295.2(GATA3):c.764C>T (p.Ala255Val)","chr10","8058827","C/T","GATA3","-0.205","dataset0635","Missense","Neutral to the IFNG cytokine expression in CD4⁺ T cell","IFNG cytokine expression","4","Functionally normal","","","NA","CRISPR-Based Genome Editing","Base editing","38093011"
"NM_001002295.2(GATA3):c.765C>T (p.Ala255=)","chr10","8058828","C/T","GATA3","-0.205","dataset0635","Synonymous","Neutral to the IFNG cytokine expression in CD4⁺ T cell","IFNG cytokine expression","4","Functionally normal","","","NA","CRISPR-Based Genome Editing","Base editing","38093011"
"NM_001002295.2(GATA3):c.766C>T (p.Arg256Trp)","chr10","8058829","C/T","GATA3","-0.205","dataset0635","Missense","Neutral to the IFNG cytokine expression in CD4⁺ T cell","IFNG cytokine expression","4","Functionally normal","Uncertain significance","1.24701e-06","NA","CRISPR-Based Genome Editing","Base editing","38093011"
"NM_001002295.2(GATA3):c.767G>A (p.Arg256Gln)","chr10","8058830","G/A","GATA3","0.188","dataset0635","Missense","Neutral to the IFNG cytokine expression in CD4⁺ T cell","IFNG cytokine expression","4","Functionally normal","","1.24707e-06","NA","CRISPR-Based Genome Editing","Base editing","38093011"
"NM_001002295.2(GATA3):c.768G>A (p.Arg256=)","chr10","8058831","G/A","GATA3","0.149","dataset0635","Synonymous","Neutral to the IFNG cytokine expression in CD4⁺ T cell","IFNG cytokine expression","4","Functionally normal","","6.23626e-06","NA","CRISPR-Based Genome Editing","Base editing","38093011"
"NM_001002295.2(GATA3):c.769T>C (p.Ser257Pro)","chr10","8058832","T/C","GATA3","-0.306","dataset0635","Missense","The diminished IFNG cytokine expression in CD4⁺ T cell","IFNG cytokine expression","4","Loss-of-function","","","NA","CRISPR-Based Genome Editing","Base editing","38093011"
"NM_001002295.2(GATA3):c.773G>A (p.Ser258Asn)","chr10","8058836","G/A","GATA3","0.149","dataset0635","Missense","Neutral to the IFNG cytokine expression in CD4⁺ T cell","IFNG cytokine expression","4","Functionally normal","","","NA","CRISPR-Based Genome Editing","Base editing","38093011"
"NM_001002295.2(GATA3):c.783C>T (p.Gly261=)","chr10","8063997","C/T","GATA3","-0.16","dataset0635","Synonymous","Neutral to the IFNG cytokine expression in CD4⁺ T cell","IFNG cytokine expression","4","Functionally normal","","","NA","CRISPR-Based Genome Editing","Base editing","38093011"
"NM_001002295.2(GATA3):c.784A>G (p.Arg262Gly)","chr10","8063998","A/G","GATA3","-0.129","dataset0635","Missense","Neutral to the IFNG cytokine expression in CD4⁺ T cell","IFNG cytokine expression","4","Functionally normal","","","NA","CRISPR-Based Genome Editing","Base editing","38093011"
"NM_001002295.2(GATA3):c.785G>A (p.Arg262Lys)","chr10","8063999","G/A","GATA3","-0.277","dataset0635","Missense","The diminished IFNG cytokine expression in CD4⁺ T cell","IFNG cytokine expression","4","Loss-of-function","","","NA","CRISPR-Based Genome Editing","Base editing","38093011"
"NM_001002295.2(GATA3):c.786G>A (p.Arg262=)","chr10","8064000","G/A","GATA3","-0.277","dataset0635","Synonymous","The diminished IFNG cytokine expression in CD4⁺ T cell","IFNG cytokine expression","4","Loss-of-function","","","NA","CRISPR-Based Genome Editing","Base editing","38093011"
"NM_001002295.2(GATA3):c.787G>A (p.Glu263Lys)","chr10","8064001","G/A","GATA3","-0.277","dataset0635","Missense","The diminished IFNG cytokine expression in CD4⁺ T cell","IFNG cytokine expression","4","Loss-of-function","","","brca:0.1% (1/1084):0.130","CRISPR-Based Genome Editing","Base editing","38093011"
"NM_001002295.2(GATA3):c.788A>G (p.Glu263Gly)","chr10","8064002","A/G","GATA3","-0.357","dataset0635","Missense","The diminished IFNG cytokine expression in CD4⁺ T cell","IFNG cytokine expression","4","Loss-of-function","Uncertain significance","","NA","CRISPR-Based Genome Editing","Base editing","38093011"
"NM_001002295.2(GATA3):c.789G>A (p.Glu263=)","chr10","8064003","G/A","GATA3","-0.277","dataset0635","Synonymous","The diminished IFNG cytokine expression in CD4⁺ T cell","IFNG cytokine expression","4","Loss-of-function","","1.23899e-06","NA","CRISPR-Based Genome Editing","Base editing","38093011"
"NM_001002295.2(GATA3):c.790T>C (p.Cys264Arg)","chr10","8064004","T/C","GATA3","-0.34","dataset0635","Missense","The diminished IFNG cytokine expression in CD4⁺ T cell","IFNG cytokine expression","4","Loss-of-function","Conflicting classifications of pathogenicity","","NA","CRISPR-Based Genome Editing","Base editing","38093011"
"NM_001002295.2(GATA3):c.791G>A (p.Cys264Tyr)","chr10","8064005","G/A","GATA3","-0.277","dataset0635","Missense","The diminished IFNG cytokine expression in CD4⁺ T cell","IFNG cytokine expression","4","Loss-of-function","Uncertain significance","","NA","CRISPR-Based Genome Editing","Base editing","38093011"
"NM_001002295.2(GATA3):c.792T>C (p.Cys264=)","chr10","8064006","T/C","GATA3","-0.34","dataset0635","Synonymous","The diminished IFNG cytokine expression in CD4⁺ T cell","IFNG cytokine expression","4","Loss-of-function","","","NA","CRISPR-Based Genome Editing","Base editing","38093011"
"NM_001002295.2(GATA3):c.793G>A (p.Val265Met)","chr10","8064007","G/A","GATA3","-0.277","dataset0635","Missense","The diminished IFNG cytokine expression in CD4⁺ T cell","IFNG cytokine expression","4","Loss-of-function","","","NA","CRISPR-Based Genome Editing","Base editing","38093011"
"NM_001002295.2(GATA3):c.794T>C (p.Val265Ala)","chr10","8064008","T/C","GATA3","-0.34","dataset0635","Missense","The diminished IFNG cytokine expression in CD4⁺ T cell","IFNG cytokine expression","4","Loss-of-function","","","NA","CRISPR-Based Genome Editing","Base editing","38093011"
"NM_001002295.2(GATA3):c.795G>A (p.Val265=)","chr10","8064009","G/A","GATA3","-0.277","dataset0635","Synonymous","The diminished IFNG cytokine expression in CD4⁺ T cell","IFNG cytokine expression","4","Loss-of-function","","6.19503e-07","NA","CRISPR-Based Genome Editing","Base editing","38093011"
"NM_001002295.2(GATA3):c.806C>T (p.Ala269Val)","chr10","8064020","C/T","GATA3","-0.018","dataset0635","Missense","Neutral to the IFNG cytokine expression in CD4⁺ T cell","IFNG cytokine expression","4","Functionally normal","","6.19499e-07","NA","CRISPR-Based Genome Editing","Base editing","38093011"
"NM_001002295.2(GATA3):c.807A>G (p.Ala269=)","chr10","8064021","A/G","GATA3","0.232","dataset0635","Synonymous","Neutral to the IFNG cytokine expression in CD4⁺ T cell","IFNG cytokine expression","4","Functionally normal","","","NA","CRISPR-Based Genome Editing","Base editing","38093011"
"NM_001002295.2(GATA3):c.808A>G (p.Thr270Ala)","chr10","8064022","A/G","GATA3","-0.487","dataset0635","Missense","The diminished IFNG cytokine expression in CD4⁺ T cell","IFNG cytokine expression","4","Loss-of-function","","","NA","CRISPR-Based Genome Editing","Base editing","38093011"
"NM_001002295.2(GATA3):c.809C>T (p.Thr270Ile)","chr10","8064023","C/T","GATA3","-0.018","dataset0635","Missense","Neutral to the IFNG cytokine expression in CD4⁺ T cell","IFNG cytokine expression","4","Functionally normal","","","NA","CRISPR-Based Genome Editing","Base editing","38093011"
"NM_001002295.2(GATA3):c.810C>T (p.Thr270=)","chr10","8064024","C/T","GATA3","-0.018","dataset0635","Synonymous","Neutral to the IFNG cytokine expression in CD4⁺ T cell","IFNG cytokine expression","4","Functionally normal","","6.19504e-07","NA","CRISPR-Based Genome Editing","Base editing","38093011"
"NM_001002295.2(GATA3):c.812C>T (p.Ser271Leu)","chr10","8064026","C/T","GATA3","-0.018","dataset0635","Missense","Neutral to the IFNG cytokine expression in CD4⁺ T cell","IFNG cytokine expression","4","Functionally normal","Uncertain significance","","NA","CRISPR-Based Genome Editing","Base editing","38093011"
"NM_001002295.2(GATA3):c.815C>T (p.Thr272Ile)","chr10","8064029","C/T","GATA3","-0.396","dataset0635","Missense","The diminished IFNG cytokine expression in CD4⁺ T cell","IFNG cytokine expression","4","Loss-of-function","Pathogenic","","NA","CRISPR-Based Genome Editing","Base editing","38093011"
"NM_001002295.2(GATA3):c.816C>T (p.Thr272=)","chr10","8064030","C/T","GATA3","0.321","dataset0635","Synonymous","The enhanced IFNG cytokine expression in CD4⁺ T cell","IFNG cytokine expression","4","Gain-of-function","","","NA","CRISPR-Based Genome Editing","Base editing","38093011"
"NM_001002295.2(GATA3):c.817C>T (p.Pro273Ser)","chr10","8064031","C/T","GATA3","0.321","dataset0635","Missense","The enhanced IFNG cytokine expression in CD4⁺ T cell","IFNG cytokine expression","4","Gain-of-function","","","NA","CRISPR-Based Genome Editing","Base editing","38093011"
"NM_001002295.2(GATA3):c.818C>T (p.Pro273Leu)","chr10","8064032","C/T","GATA3","0.321","dataset0635","Missense","The enhanced IFNG cytokine expression in CD4⁺ T cell","IFNG cytokine expression","4","Gain-of-function","","","NA","CRISPR-Based Genome Editing","Base editing","38093011"
"NM_001002295.2(GATA3):c.819A>G (p.Pro273=)","chr10","8064033","A/G","GATA3","-0.041","dataset0635","Synonymous","Neutral to the IFNG cytokine expression in CD4⁺ T cell","IFNG cytokine expression","4","Functionally normal","","","NA","CRISPR-Based Genome Editing","Base editing","38093011"
"NM_001002295.2(GATA3):c.820C>T (p.Leu274=)","chr10","8064034","C/T","GATA3","-0.553","dataset0635","Synonymous","The diminished IFNG cytokine expression in CD4⁺ T cell","IFNG cytokine expression","4","Loss-of-function","","","NA","CRISPR-Based Genome Editing","Base editing","38093011"
"NM_001002295.2(GATA3):c.822G>A (p.Leu274=)","chr10","8064036","G/A","GATA3","-0.162","dataset0635","Synonymous","Neutral to the IFNG cytokine expression in CD4⁺ T cell","IFNG cytokine expression","4","Functionally normal","","","NA","CRISPR-Based Genome Editing","Base editing","38093011"
"NM_001002295.2(GATA3):c.824G>A (p.Trp275Ter)","chr10","8064038","G/A","GATA3","-0.162","dataset0635","Nonsense","Neutral to the IFNG cytokine expression in CD4⁺ T cell","IFNG cytokine expression","4","Functionally normal","","","NA","CRISPR-Based Genome Editing","Base editing","38093011"
"NM_001002295.2(GATA3):c.825G>A (p.Trp275Ter)","chr10","8064039","G/A","GATA3","-0.058","dataset0635","Nonsense","Neutral to the IFNG cytokine expression in CD4⁺ T cell","IFNG cytokine expression","4","Functionally normal","Pathogenic","","NA","CRISPR-Based Genome Editing","Base editing","38093011"
"NM_001002295.2(GATA3):c.826C>T (p.Arg276Trp)","chr10","8064040","C/T","GATA3","-0.553","dataset0635","Missense","The diminished IFNG cytokine expression in CD4⁺ T cell","IFNG cytokine expression","4","Loss-of-function","Likely pathogenic","","NA","CRISPR-Based Genome Editing","Base editing","38093011"
"NM_001002295.2(GATA3):c.827G>A (p.Arg276Gln)","chr10","8064041","G/A","GATA3","-0.135","dataset0635","Missense","Neutral to the IFNG cytokine expression in CD4⁺ T cell","IFNG cytokine expression","4","Functionally normal","Pathogenic","","coad:0.2% (1/439):0.380","CRISPR-Based Genome Editing","Base editing","38093011"
"NM_001002295.2(GATA3):c.828G>A (p.Arg276=)","chr10","8064042","G/A","GATA3","-0.135","dataset0635","Synonymous","Neutral to the IFNG cytokine expression in CD4⁺ T cell","IFNG cytokine expression","4","Functionally normal","","","NA","CRISPR-Based Genome Editing","Base editing","38093011"
"NM_001002295.2(GATA3):c.830G>A (p.Arg277Gln)","chr10","8064044","G/A","GATA3","-0.135","dataset0635","Missense","Neutral to the IFNG cytokine expression in CD4⁺ T cell","IFNG cytokine expression","4","Functionally normal","Uncertain significance","","ucec:0.2% (1/529):0.150","CRISPR-Based Genome Editing","Base editing","38093011"
"NM_001002295.2(GATA3):c.834T>C (p.Asp278=)","chr10","8064048","T/C","GATA3","-0.062","dataset0635","Synonymous","Neutral to the IFNG cytokine expression in CD4⁺ T cell","IFNG cytokine expression","4","Functionally normal","","","NA","CRISPR-Based Genome Editing","Base editing","38093011"
"NM_001002295.2(GATA3):c.844C>T (p.His282Tyr)","chr10","8064058","C/T","GATA3","-0.096","dataset0635","Missense","Neutral to the IFNG cytokine expression in CD4⁺ T cell","IFNG cytokine expression","4","Functionally normal","","","NA","CRISPR-Based Genome Editing","Base editing","38093011"
"NM_001002295.2(GATA3):c.846C>T (p.His282=)","chr10","8064060","C/T","GATA3","-0.204","dataset0635","Synonymous","Neutral to the IFNG cytokine expression in CD4⁺ T cell","IFNG cytokine expression","4","Functionally normal","","1.85853e-06","NA","CRISPR-Based Genome Editing","Base editing","38093011"
"NM_001002295.2(GATA3):c.848A>G (p.Tyr283Cys)","chr10","8064062","A/G","GATA3","-0.079","dataset0635","Missense","Neutral to the IFNG cytokine expression in CD4⁺ T cell","IFNG cytokine expression","4","Functionally normal","","","NA","CRISPR-Based Genome Editing","Base editing","38093011"
"NM_001002295.2(GATA3):c.849C>T (p.Tyr283=)","chr10","8064063","C/T","GATA3","-0.204","dataset0635","Synonymous","Neutral to the IFNG cytokine expression in CD4⁺ T cell","IFNG cytokine expression","4","Functionally normal","Likely benign","2.66407e-05","NA","CRISPR-Based Genome Editing","Base editing","38093011"
"NM_001002295.2(GATA3):c.850C>T (p.Leu284=)","chr10","8064064","C/T","GATA3","-0.204","dataset0635","Synonymous","Neutral to the IFNG cytokine expression in CD4⁺ T cell","IFNG cytokine expression","4","Functionally normal","","5.57572e-06","NA","CRISPR-Based Genome Editing","Base editing","38093011"
"NM_001002295.2(GATA3):c.855C>T (p.Cys285=)","chr10","8064069","C/T","GATA3","-0.204","dataset0635","Synonymous","Neutral to the IFNG cytokine expression in CD4⁺ T cell","IFNG cytokine expression","4","Functionally normal","","","NA","CRISPR-Based Genome Editing","Base editing","38093011"
"NM_001002295.2(GATA3):c.859G>A (p.Ala287Thr)","chr10","8064073","G/A","GATA3","-0.663","dataset0635","Missense","The diminished IFNG cytokine expression in CD4⁺ T cell","IFNG cytokine expression","4","Loss-of-function","Uncertain significance","","NA","CRISPR-Based Genome Editing","Base editing","38093011"
"NM_001002295.2(GATA3):c.863G>A (p.Cys288Tyr)","chr10","8064077","G/A","GATA3","-0.663","dataset0635","Missense","The diminished IFNG cytokine expression in CD4⁺ T cell","IFNG cytokine expression","4","Loss-of-function","","","NA","CRISPR-Based Genome Editing","Base editing","38093011"
"NM_001002295.2(GATA3):c.865G>A (p.Gly289Arg)","chr10","8064079","G/A","GATA3","-0.663","dataset0635","Missense","The diminished IFNG cytokine expression in CD4⁺ T cell","IFNG cytokine expression","4","Loss-of-function","Uncertain significance","","NA","CRISPR-Based Genome Editing","Base editing","38093011"
"NM_001002295.2(GATA3):c.866G>A (p.Gly289Glu)","chr10","8064080","G/A","GATA3","-0.663","dataset0635","Missense","The diminished IFNG cytokine expression in CD4⁺ T cell","IFNG cytokine expression","4","Loss-of-function","","","NA","CRISPR-Based Genome Editing","Base editing","38093011"
"NM_001002295.2(GATA3):c.867G>A (p.Gly289=)","chr10","8064081","G/A","GATA3","-0.663","dataset0635","Synonymous","The diminished IFNG cytokine expression in CD4⁺ T cell","IFNG cytokine expression","4","Loss-of-function","","6.19543e-07","NA","CRISPR-Based Genome Editing","Base editing","38093011"
"NM_001002295.2(GATA3):c.868C>T (p.Leu290Phe)","chr10","8064082","C/T","GATA3","-0.55","dataset0635","Missense","The diminished IFNG cytokine expression in CD4⁺ T cell","IFNG cytokine expression","4","Loss-of-function","","","NA","CRISPR-Based Genome Editing","Base editing","38093011"
"NM_001002295.2(GATA3):c.869T>C (p.Leu290Pro)","chr10","8064083","T/C","GATA3","-0.617","dataset0635","Missense","The diminished IFNG cytokine expression in CD4⁺ T cell","IFNG cytokine expression","4","Loss-of-function","","","NA","CRISPR-Based Genome Editing","Base editing","38093011"
"NM_001002295.2(GATA3):c.870C>T (p.Leu290=)","chr10","8064084","C/T","GATA3","-0.55","dataset0635","Synonymous","The diminished IFNG cytokine expression in CD4⁺ T cell","IFNG cytokine expression","4","Loss-of-function","Benign/Likely benign","3.90312e-05","NA","CRISPR-Based Genome Editing","Base editing","38093011"
"NM_001002295.2(GATA3):c.872A>G (p.Tyr291Cys)","chr10","8064086","A/G","GATA3","-0.211","dataset0635","Missense","Neutral to the IFNG cytokine expression in CD4⁺ T cell","IFNG cytokine expression","4","Functionally normal","Uncertain significance","","NA","CRISPR-Based Genome Editing","Base editing","38093011"
"NM_001002295.2(GATA3):c.874C>T (p.His292Tyr)","chr10","8064088","C/T","GATA3","-0.55","dataset0635","Missense","The diminished IFNG cytokine expression in CD4⁺ T cell","IFNG cytokine expression","4","Loss-of-function","","","NA","CRISPR-Based Genome Editing","Base editing","38093011"
"NM_001002295.2(GATA3):c.876C>T (p.His292=)","chr10","8064090","C/T","GATA3","0.057","dataset0635","Synonymous","Neutral to the IFNG cytokine expression in CD4⁺ T cell","IFNG cytokine expression","4","Functionally normal","","","NA","CRISPR-Based Genome Editing","Base editing","38093011"
"NM_001002295.2(GATA3):c.877A>G (p.Lys293Glu)","chr10","8064091","A/G","GATA3","-0.056","dataset0635","Missense","Neutral to the IFNG cytokine expression in CD4⁺ T cell","IFNG cytokine expression","4","Functionally normal","Uncertain significance","","NA","CRISPR-Based Genome Editing","Base editing","38093011"
"NM_001002295.2(GATA3):c.878A>G (p.Lys293Arg)","chr10","8064092","A/G","GATA3","-0.056","dataset0635","Missense","Neutral to the IFNG cytokine expression in CD4⁺ T cell","IFNG cytokine expression","4","Functionally normal","","","NA","CRISPR-Based Genome Editing","Base editing","38093011"
"NM_001002295.2(GATA3):c.879A>G (p.Lys293=)","chr10","8064093","A/G","GATA3","-0.056","dataset0635","Synonymous","Neutral to the IFNG cytokine expression in CD4⁺ T cell","IFNG cytokine expression","4","Functionally normal","","3.09781e-06","NA","CRISPR-Based Genome Editing","Base editing","38093011"
"NM_001002295.2(GATA3):c.880A>G (p.Met294Val)","chr10","8064094","A/G","GATA3","-0.056","dataset0635","Missense","Neutral to the IFNG cytokine expression in CD4⁺ T cell","IFNG cytokine expression","4","Functionally normal","","6.19523e-07","NA","CRISPR-Based Genome Editing","Base editing","38093011"
"NM_001002295.2(GATA3):c.882G>A (p.Met294Ile)","chr10","8064096","G/A","GATA3","-0.071","dataset0635","Missense","Neutral to the IFNG cytokine expression in CD4⁺ T cell","IFNG cytokine expression","4","Functionally normal","","","NA","CRISPR-Based Genome Editing","Base editing","38093011"
"NM_001002295.2(GATA3):c.899C>T (p.Pro300Leu)","chr10","8064113","C/T","GATA3","-0.066","dataset0635","Missense","Neutral to the IFNG cytokine expression in CD4⁺ T cell","IFNG cytokine expression","4","Functionally normal","","","NA","CRISPR-Based Genome Editing","Base editing","38093011"
"NM_001002295.2(GATA3):c.900C>T (p.Pro300=)","chr10","8064114","C/T","GATA3","-0.066","dataset0635","Synonymous","Neutral to the IFNG cytokine expression in CD4⁺ T cell","IFNG cytokine expression","4","Functionally normal","Likely benign","","NA","CRISPR-Based Genome Editing","Base editing","38093011"
"NM_001002295.2(GATA3):c.901C>T (p.Leu301Phe)","chr10","8064115","C/T","GATA3","-0.066","dataset0635","Missense","Neutral to the IFNG cytokine expression in CD4⁺ T cell","IFNG cytokine expression","4","Functionally normal","","","NA","CRISPR-Based Genome Editing","Base editing","38093011"
"NM_001002295.2(GATA3):c.903C>T (p.Leu301=)","chr10","8064117","C/T","GATA3","-0.256","dataset0635","Synonymous","Neutral to the IFNG cytokine expression in CD4⁺ T cell","IFNG cytokine expression","4","Functionally normal","","6.19536e-07","NA","CRISPR-Based Genome Editing","Base editing","38093011"
"NM_001002295.2(GATA3):c.904A>G (p.Ile302Val)","chr10","8064118","A/G","GATA3","-0.025","dataset0635","Missense","Neutral to the IFNG cytokine expression in CD4⁺ T cell","IFNG cytokine expression","4","Functionally normal","","","NA","CRISPR-Based Genome Editing","Base editing","38093011"
"NM_001002295.2(GATA3):c.907A>G (p.Lys303Glu)","chr10","8064121","A/G","GATA3","-0.073","dataset0635","Missense","Neutral to the IFNG cytokine expression in CD4⁺ T cell","IFNG cytokine expression","4","Functionally normal","","","NA","CRISPR-Based Genome Editing","Base editing","38093011"
"NM_001002295.2(GATA3):c.908A>G (p.Lys303Arg)","chr10","8064122","A/G","GATA3","-0.073","dataset0635","Missense","Neutral to the IFNG cytokine expression in CD4⁺ T cell","IFNG cytokine expression","4","Functionally normal","","1.23905e-06","NA","CRISPR-Based Genome Editing","Base editing","38093011"
"NM_001002295.2(GATA3):c.909G>A (p.Lys303=)","chr10","8064123","G/A","GATA3","0.181","dataset0635","Synonymous","Neutral to the IFNG cytokine expression in CD4⁺ T cell","IFNG cytokine expression","4","Functionally normal","","","NA","CRISPR-Based Genome Editing","Base editing","38093011"
"NM_001002295.2(GATA3):c.910C>T (p.Pro304Ser)","chr10","8064124","C/T","GATA3","-0.256","dataset0635","Missense","Neutral to the IFNG cytokine expression in CD4⁺ T cell","IFNG cytokine expression","4","Functionally normal","","","NA","CRISPR-Based Genome Editing","Base editing","38093011"
"NM_001002295.2(GATA3):c.911C>T (p.Pro304Leu)","chr10","8064125","C/T","GATA3","-0.256","dataset0635","Missense","Neutral to the IFNG cytokine expression in CD4⁺ T cell","IFNG cytokine expression","4","Functionally normal","","","NA","CRISPR-Based Genome Editing","Base editing","38093011"
"NM_001002295.2(GATA3):c.915G>A (p.Lys305=)","chr10","8064129","G/A","GATA3","-0.225","dataset0635","Synonymous","Neutral to the IFNG cytokine expression in CD4⁺ T cell","IFNG cytokine expression","4","Functionally normal","Likely benign","1.92065e-05","NA","CRISPR-Based Genome Editing","Base editing","38093011"
"NM_001002295.2(GATA3):c.916C>T (p.Arg306Ter)","chr10","8064130","C/T","GATA3","0.04","dataset0635","Nonsense","Neutral to the IFNG cytokine expression in CD4⁺ T cell","IFNG cytokine expression","4","Functionally normal","Pathogenic","","stad:0.2% (1/440):0.490","CRISPR-Based Genome Editing","Base editing","38093011"
"NM_001002295.2(GATA3):c.917G>A (p.Arg306Gln)","chr10","8064131","G/A","GATA3","-0.024","dataset0635","Missense","Neutral to the IFNG cytokine expression in CD4⁺ T cell","IFNG cytokine expression","4","Functionally normal","","6.1953e-07","brca:0.1% (1/1084):0.440;coad:0.2% (1/439):0.130;ucec:0.2% (1/529):0.080","CRISPR-Based Genome Editing","Base editing","38093011"
"NM_001002295.2(GATA3):c.918A>G (p.Arg306=)","chr10","8064132","A/G","GATA3","-0.137","dataset0635","Synonymous","Neutral to the IFNG cytokine expression in CD4⁺ T cell","IFNG cytokine expression","4","Functionally normal","","","NA","CRISPR-Based Genome Editing","Base editing","38093011"
"NM_001002295.2(GATA3):c.919A>G (p.Arg307Gly)","chr10","8064133","A/G","GATA3","-0.137","dataset0635","Missense","Neutral to the IFNG cytokine expression in CD4⁺ T cell","IFNG cytokine expression","4","Functionally normal","","","NA","CRISPR-Based Genome Editing","Base editing","38093011"
"NM_001002295.2(GATA3):c.920G>A (p.Arg307Lys)","chr10","8064134","G/A","GATA3","-0.19","dataset0635","Missense","Neutral to the IFNG cytokine expression in CD4⁺ T cell","IFNG cytokine expression","4","Functionally normal","","","NA","CRISPR-Based Genome Editing","Base editing","38093011"
"NM_001002295.2(GATA3):c.921G>A (p.Arg307=)","chr10","8064135","G/A","GATA3","0.209","dataset0635","Synonymous","Neutral to the IFNG cytokine expression in CD4⁺ T cell","IFNG cytokine expression","4","Functionally normal","","6.19534e-07","NA","CRISPR-Based Genome Editing","Base editing","38093011"
"NM_001002295.2(GATA3):c.922C>T (p.Leu308=)","chr10","8064136","C/T","GATA3","-0.195","dataset0635","Splice site","Neutral to the IFNG cytokine expression in CD4⁺ T cell","IFNG cytokine expression","4","Functionally normal","","","NA","CRISPR-Based Genome Editing","Base editing","38093011"
"NM_001002295.2(GATA3):c.924G>A (p.Leu308=)","chr10","8064138","G/A","GATA3","-0.574","dataset0635","Splice site","The diminished IFNG cytokine expression in CD4⁺ T cell","IFNG cytokine expression","4","Loss-of-function","","6.19531e-07","NA","CRISPR-Based Genome Editing","Base editing","38093011"
"NM_001002295.2(GATA3):c.925T>C (p.Ser309Pro)","chr10","8069473","T/C","GATA3","-0.171","dataset0635","Missense","Neutral to the IFNG cytokine expression in CD4⁺ T cell","IFNG cytokine expression","4","Functionally normal","","","NA","CRISPR-Based Genome Editing","Base editing","38093011"
"NM_001002295.2(GATA3):c.926C>T (p.Ser309Phe)","chr10","8069474","C/T","GATA3","-0.139","dataset0635","Missense","Neutral to the IFNG cytokine expression in CD4⁺ T cell","IFNG cytokine expression","4","Functionally normal","","","NA","CRISPR-Based Genome Editing","Base editing","38093011"
"NM_001002295.2(GATA3):c.928G>A (p.Ala310Thr)","chr10","8069476","G/A","GATA3","0.233","dataset0635","Missense","Neutral to the IFNG cytokine expression in CD4⁺ T cell","IFNG cytokine expression","4","Functionally normal","","6.20278e-07","NA","CRISPR-Based Genome Editing","Base editing","38093011"
"NM_001002295.2(GATA3):c.930A>G (p.Ala310=)","chr10","8069478","A/G","GATA3","0.113","dataset0635","Synonymous","Neutral to the IFNG cytokine expression in CD4⁺ T cell","IFNG cytokine expression","4","Functionally normal","","","NA","CRISPR-Based Genome Editing","Base editing","38093011"
"NM_001002295.2(GATA3):c.931G>A (p.Ala311Thr)","chr10","8069479","G/A","GATA3","-0.428","dataset0635","Missense","The diminished IFNG cytokine expression in CD4⁺ T cell","IFNG cytokine expression","4","Loss-of-function","","","NA","CRISPR-Based Genome Editing","Base editing","38093011"
"NM_001002295.2(GATA3):c.935G>A (p.Arg312Lys)","chr10","8069483","G/A","GATA3","-0.428","dataset0635","Missense","The diminished IFNG cytokine expression in CD4⁺ T cell","IFNG cytokine expression","4","Loss-of-function","","","NA","CRISPR-Based Genome Editing","Base editing","38093011"
"NM_001002295.2(GATA3):c.936G>A (p.Arg312=)","chr10","8069484","G/A","GATA3","-0.102","dataset0635","Synonymous","Neutral to the IFNG cytokine expression in CD4⁺ T cell","IFNG cytokine expression","4","Functionally normal","","4.95718e-06","NA","CRISPR-Based Genome Editing","Base editing","38093011"
"NM_001002295.2(GATA3):c.943G>A (p.Gly315Arg)","chr10","8069491","G/A","GATA3","-0.449","dataset0635","Missense","The diminished IFNG cytokine expression in CD4⁺ T cell","IFNG cytokine expression","4","Loss-of-function","","","NA","CRISPR-Based Genome Editing","Base editing","38093011"
"NM_001002295.2(GATA3):c.944G>A (p.Gly315Glu)","chr10","8069492","G/A","GATA3","-0.449","dataset0635","Missense","The diminished IFNG cytokine expression in CD4⁺ T cell","IFNG cytokine expression","4","Loss-of-function","","","NA","CRISPR-Based Genome Editing","Base editing","38093011"
"NM_001002295.2(GATA3):c.945G>A (p.Gly315=)","chr10","8069493","G/A","GATA3","-0.449","dataset0635","Synonymous","The diminished IFNG cytokine expression in CD4⁺ T cell","IFNG cytokine expression","4","Loss-of-function","","","NA","CRISPR-Based Genome Editing","Base editing","38093011"
"NM_001002295.2(GATA3):c.948G>A (p.Thr316=)","chr10","8069496","G/A","GATA3","-0.449","dataset0635","Synonymous","The diminished IFNG cytokine expression in CD4⁺ T cell","IFNG cytokine expression","4","Loss-of-function","Likely benign","2.04525e-05","NA","CRISPR-Based Genome Editing","Base editing","38093011"
"NM_001002295.2(GATA3):c.949T>C (p.Ser317Pro)","chr10","8069497","T/C","GATA3","-0.076","dataset0635","Missense","Neutral to the IFNG cytokine expression in CD4⁺ T cell","IFNG cytokine expression","4","Functionally normal","","","NA","CRISPR-Based Genome Editing","Base editing","38093011"
"NM_001002295.2(GATA3):c.952T>C (p.Cys318Arg)","chr10","8069500","T/C","GATA3","-0.076","dataset0635","Missense","Neutral to the IFNG cytokine expression in CD4⁺ T cell","IFNG cytokine expression","4","Functionally normal","","","NA","CRISPR-Based Genome Editing","Base editing","38093011"
"NM_001002295.2(GATA3):c.953G>A (p.Cys318Tyr)","chr10","8069501","G/A","GATA3","-0.449","dataset0635","Missense","The diminished IFNG cytokine expression in CD4⁺ T cell","IFNG cytokine expression","4","Loss-of-function","","","NA","CRISPR-Based Genome Editing","Base editing","38093011"
"NM_001002295.2(GATA3):c.962G>A (p.Cys321Tyr)","chr10","8069510","G/A","GATA3","-0.442","dataset0635","Missense","The diminished IFNG cytokine expression in CD4⁺ T cell","IFNG cytokine expression","4","Loss-of-function","","","NA","CRISPR-Based Genome Editing","Base editing","38093011"
"NM_001002295.2(GATA3):c.966G>A (p.Gln322=)","chr10","8069514","G/A","GATA3","-0.442","dataset0635","Synonymous","The diminished IFNG cytokine expression in CD4⁺ T cell","IFNG cytokine expression","4","Loss-of-function","","","NA","CRISPR-Based Genome Editing","Base editing","38093011"
"NM_001002295.2(GATA3):c.967A>G (p.Thr323Ala)","chr10","8069515","A/G","GATA3","-0.353","dataset0635","Missense","The diminished IFNG cytokine expression in CD4⁺ T cell","IFNG cytokine expression","4","Loss-of-function","","","NA","CRISPR-Based Genome Editing","Base editing","38093011"
"NM_001002295.2(GATA3):c.968C>T (p.Thr323Ile)","chr10","8069516","C/T","GATA3","-0.096","dataset0635","Missense","Neutral to the IFNG cytokine expression in CD4⁺ T cell","IFNG cytokine expression","4","Functionally normal","","","NA","CRISPR-Based Genome Editing","Base editing","38093011"
"NM_001002295.2(GATA3):c.969C>T (p.Thr323=)","chr10","8069517","C/T","GATA3","-0.096","dataset0635","Synonymous","Neutral to the IFNG cytokine expression in CD4⁺ T cell","IFNG cytokine expression","4","Functionally normal","","","NA","CRISPR-Based Genome Editing","Base editing","38093011"
"NM_001002295.2(GATA3):c.970A>G (p.Thr324Ala)","chr10","8069518","A/G","GATA3","0.279","dataset0635","Missense","Neutral to the IFNG cytokine expression in CD4⁺ T cell","IFNG cytokine expression","4","Functionally normal","","","NA","CRISPR-Based Genome Editing","Base editing","38093011"
"NM_001002295.2(GATA3):c.971C>T (p.Thr324Ile)","chr10","8069519","C/T","GATA3","-0.498","dataset0635","Missense","The diminished IFNG cytokine expression in CD4⁺ T cell","IFNG cytokine expression","4","Loss-of-function","","","NA","CRISPR-Based Genome Editing","Base editing","38093011"
"NM_001002295.2(GATA3):c.972C>T (p.Thr324=)","chr10","8069520","C/T","GATA3","-0.498","dataset0635","Synonymous","The diminished IFNG cytokine expression in CD4⁺ T cell","IFNG cytokine expression","4","Loss-of-function","","","NA","CRISPR-Based Genome Editing","Base editing","38093011"
"NM_001002295.2(GATA3):c.973A>G (p.Thr325Ala)","chr10","8069521","A/G","GATA3","-0.343","dataset0635","Missense","The diminished IFNG cytokine expression in CD4⁺ T cell","IFNG cytokine expression","4","Loss-of-function","","","NA","CRISPR-Based Genome Editing","Base editing","38093011"
"NM_001002295.2(GATA3):c.974C>T (p.Thr325Ile)","chr10","8069522","C/T","GATA3","-0.498","dataset0635","Missense","The diminished IFNG cytokine expression in CD4⁺ T cell","IFNG cytokine expression","4","Loss-of-function","","","NA","CRISPR-Based Genome Editing","Base editing","38093011"
"NM_001002295.2(GATA3):c.975A>G (p.Thr325=)","chr10","8069523","A/G","GATA3","-0.343","dataset0635","Synonymous","The diminished IFNG cytokine expression in CD4⁺ T cell","IFNG cytokine expression","4","Loss-of-function","","6.19612e-07","NA","CRISPR-Based Genome Editing","Base editing","38093011"
"NM_001002295.2(GATA3):c.977C>T (p.Thr326Ile)","chr10","8069525","C/T","GATA3","-0.498","dataset0635","Missense","The diminished IFNG cytokine expression in CD4⁺ T cell","IFNG cytokine expression","4","Loss-of-function","","","NA","CRISPR-Based Genome Editing","Base editing","38093011"
"NM_001002295.2(GATA3):c.978C>T (p.Thr326=)","chr10","8069526","C/T","GATA3","0.138","dataset0635","Synonymous","Neutral to the IFNG cytokine expression in CD4⁺ T cell","IFNG cytokine expression","4","Functionally normal","","","NA","CRISPR-Based Genome Editing","Base editing","38093011"
"NM_001002295.2(GATA3):c.980C>T (p.Thr327Ile)","chr10","8069528","C/T","GATA3","0.138","dataset0635","Missense","Neutral to the IFNG cytokine expression in CD4⁺ T cell","IFNG cytokine expression","4","Functionally normal","","","NA","CRISPR-Based Genome Editing","Base editing","38093011"
"NM_001002295.2(GATA3):c.982C>T (p.Leu328Phe)","chr10","8069530","C/T","GATA3","-0.073","dataset0635","Missense","Neutral to the IFNG cytokine expression in CD4⁺ T cell","IFNG cytokine expression","4","Functionally normal","","6.19539e-07","NA","CRISPR-Based Genome Editing","Base editing","38093011"
"NM_001002295.2(GATA3):c.983T>C (p.Leu328Pro)","chr10","8069531","T/C","GATA3","-0.476","dataset0635","Missense","The diminished IFNG cytokine expression in CD4⁺ T cell","IFNG cytokine expression","4","Loss-of-function","","","NA","CRISPR-Based Genome Editing","Base editing","38093011"
"NM_001002295.2(GATA3):c.984C>T (p.Leu328=)","chr10","8069532","C/T","GATA3","-0.145","dataset0635","Synonymous","Neutral to the IFNG cytokine expression in CD4⁺ T cell","IFNG cytokine expression","4","Functionally normal","","","NA","CRISPR-Based Genome Editing","Base editing","38093011"
"NM_001002295.2(GATA3):c.985T>C (p.Trp329Arg)","chr10","8069533","T/C","GATA3","-0.476","dataset0635","Missense","The diminished IFNG cytokine expression in CD4⁺ T cell","IFNG cytokine expression","4","Loss-of-function","","","NA","CRISPR-Based Genome Editing","Base editing","38093011"
"NM_001002295.2(GATA3):c.986G>A (p.Trp329Ter)","chr10","8069534","G/A","GATA3","-0.217","dataset0635","Nonsense","Neutral to the IFNG cytokine expression in CD4⁺ T cell","IFNG cytokine expression","4","Functionally normal","","","brca:0.1% (1/1084):0.200","CRISPR-Based Genome Editing","Base editing","38093011"
"NM_001002295.2(GATA3):c.987G>A (p.Trp329Ter)","chr10","8069535","G/A","GATA3","-0.17","dataset0635","Nonsense","Neutral to the IFNG cytokine expression in CD4⁺ T cell","IFNG cytokine expression","4","Functionally normal","","","NA","CRISPR-Based Genome Editing","Base editing","38093011"
"NM_001002295.2(GATA3):c.988A>G (p.Arg330Gly)","chr10","8069536","A/G","GATA3","-0.229","dataset0635","Missense","Neutral to the IFNG cytokine expression in CD4⁺ T cell","IFNG cytokine expression","4","Functionally normal","","","NA","CRISPR-Based Genome Editing","Base editing","38093011"
"NM_001002295.2(GATA3):c.989G>A (p.Arg330Lys)","chr10","8069537","G/A","GATA3","-0.17","dataset0635","Missense","Neutral to the IFNG cytokine expression in CD4⁺ T cell","IFNG cytokine expression","4","Functionally normal","","","brca:0.1% (1/1084):0.290","CRISPR-Based Genome Editing","Base editing","38093011"
"NM_001002295.2(GATA3):c.990G>A (p.Arg330=)","chr10","8069538","G/A","GATA3","-0.17","dataset0635","Synonymous","Neutral to the IFNG cytokine expression in CD4⁺ T cell","IFNG cytokine expression","4","Functionally normal","Conflicting classifications of pathogenicity","0.000231103","NA","CRISPR-Based Genome Editing","Base editing","38093011"
"NM_001002295.2(GATA3):c.991A>G (p.Arg331Gly)","chr10","8069539","A/G","GATA3","-0.203","dataset0635","Missense","Neutral to the IFNG cytokine expression in CD4⁺ T cell","IFNG cytokine expression","4","Functionally normal","","","NA","CRISPR-Based Genome Editing","Base editing","38093011"
"NM_001002295.2(GATA3):c.992G>A (p.Arg331Lys)","chr10","8069540","G/A","GATA3","0.074","dataset0635","Missense","Neutral to the IFNG cytokine expression in CD4⁺ T cell","IFNG cytokine expression","4","Functionally normal","","","NA","CRISPR-Based Genome Editing","Base editing","38093011"
"NM_001002295.2(GATA3):c.993G>A (p.Arg331=)","chr10","8069541","G/A","GATA3","0.074","dataset0635","Synonymous","Neutral to the IFNG cytokine expression in CD4⁺ T cell","IFNG cytokine expression","4","Functionally normal","","1.23908e-06","NA","CRISPR-Based Genome Editing","Base editing","38093011"
"NM_001002295.2(GATA3):c.996T>C (p.Asn332=)","chr10","8069544","T/C","GATA3","0.075","dataset0635","Synonymous","Neutral to the IFNG cytokine expression in CD4⁺ T cell","IFNG cytokine expression","4","Functionally normal","","","NA","CRISPR-Based Genome Editing","Base editing","38093011"
"NM_001002295.2(GATA3):c.1008C>T (p.Asp336=)","chr10","8069556","C/T","GATA3","-0.108","dataset0635","Synonymous","Neutral to the IFNG cytokine expression in CD4⁺ T cell","IFNG cytokine expression","4","Functionally normal","","","NA","CRISPR-Based Genome Editing","Base editing","38093011"
"NM_001002295.2(GATA3):c.1009C>T (p.Pro337Ser)","chr10","8069557","C/T","GATA3","-0.108","dataset0635","Missense","Neutral to the IFNG cytokine expression in CD4⁺ T cell","IFNG cytokine expression","4","Functionally normal","","","NA","CRISPR-Based Genome Editing","Base editing","38093011"
"NM_001002295.2(GATA3):c.1010C>T (p.Pro337Leu)","chr10","8069558","C/T","GATA3","-0.108","dataset0635","Missense","Neutral to the IFNG cytokine expression in CD4⁺ T cell","IFNG cytokine expression","4","Functionally normal","","","NA","CRISPR-Based Genome Editing","Base editing","38093011"
"NM_001002295.2(GATA3):c.1012G>A (p.Val338Ile)","chr10","8069560","G/A","GATA3","-0.288","dataset0635","Missense","The diminished IFNG cytokine expression in CD4⁺ T cell","IFNG cytokine expression","4","Loss-of-function","","","NA","CRISPR-Based Genome Editing","Base editing","38093011"
"NM_001002295.2(GATA3):c.1013T>C (p.Val338Ala)","chr10","8069561","T/C","GATA3","-0.37","dataset0635","Missense","The diminished IFNG cytokine expression in CD4⁺ T cell","IFNG cytokine expression","4","Loss-of-function","Uncertain significance","","NA","CRISPR-Based Genome Editing","Base editing","38093011"
"NM_001002295.2(GATA3):c.1014C>T (p.Val338=)","chr10","8069562","C/T","GATA3","-0.108","dataset0635","Synonymous","Neutral to the IFNG cytokine expression in CD4⁺ T cell","IFNG cytokine expression","4","Functionally normal","","6.19522e-07","NA","CRISPR-Based Genome Editing","Base editing","38093011"
"NM_001002295.2(GATA3):c.1015T>C (p.Cys339Arg)","chr10","8069563","T/C","GATA3","-0.37","dataset0635","Missense","The diminished IFNG cytokine expression in CD4⁺ T cell","IFNG cytokine expression","4","Loss-of-function","","","NA","CRISPR-Based Genome Editing","Base editing","38093011"
"NM_001002295.2(GATA3):c.1016G>A (p.Cys339Tyr)","chr10","8069564","G/A","GATA3","-0.288","dataset0635","Missense","The diminished IFNG cytokine expression in CD4⁺ T cell","IFNG cytokine expression","4","Loss-of-function","Uncertain significance","","NA","CRISPR-Based Genome Editing","Base editing","38093011"
"NM_001002295.2(GATA3):c.1017C>T (p.Cys339=)","chr10","8069565","C/T","GATA3","-0.108","dataset0635","Synonymous","Neutral to the IFNG cytokine expression in CD4⁺ T cell","IFNG cytokine expression","4","Functionally normal","","","NA","CRISPR-Based Genome Editing","Base editing","38093011"
"NM_001002295.2(GATA3):c.1021G>A (p.Ala341Thr)","chr10","8069569","G/A","GATA3","-0.367","dataset0635","Missense","The diminished IFNG cytokine expression in CD4⁺ T cell","IFNG cytokine expression","4","Loss-of-function","","","NA","CRISPR-Based Genome Editing","Base editing","38093011"
"NM_001002295.2(GATA3):c.1024T>C (p.Cys342Arg)","chr10","8069572","T/C","GATA3","-0.28","dataset0635","Missense","The diminished IFNG cytokine expression in CD4⁺ T cell","IFNG cytokine expression","4","Loss-of-function","","","NA","CRISPR-Based Genome Editing","Base editing","38093011"
"NM_001002295.2(GATA3):c.1025G>A (p.Cys342Tyr)","chr10","8069573","G/A","GATA3","-0.367","dataset0635","Missense","The diminished IFNG cytokine expression in CD4⁺ T cell","IFNG cytokine expression","4","Loss-of-function","Pathogenic","","NA","CRISPR-Based Genome Editing","Base editing","38093011"
"NM_001002295.2(GATA3):c.1026T>C (p.Cys342=)","chr10","8069574","T/C","GATA3","-0.28","dataset0635","Synonymous","The diminished IFNG cytokine expression in CD4⁺ T cell","IFNG cytokine expression","4","Loss-of-function","","","NA","CRISPR-Based Genome Editing","Base editing","38093011"
"NM_001002295.2(GATA3):c.1027G>A (p.Gly343Arg)","chr10","8069575","G/A","GATA3","-0.367","dataset0635","Missense","The diminished IFNG cytokine expression in CD4⁺ T cell","IFNG cytokine expression","4","Loss-of-function","","","NA","CRISPR-Based Genome Editing","Base editing","38093011"
"NM_001002295.2(GATA3):c.1028G>A (p.Gly343Glu)","chr10","8069576","G/A","GATA3","-0.367","dataset0635","Missense","The diminished IFNG cytokine expression in CD4⁺ T cell","IFNG cytokine expression","4","Loss-of-function","","","skcm:0.2% (1/448):0.370","CRISPR-Based Genome Editing","Base editing","38093011"
"NM_001002295.2(GATA3):c.1029G>A (p.Gly343=)","chr10","8069577","G/A","GATA3","-0.367","dataset0635","Synonymous","The diminished IFNG cytokine expression in CD4⁺ T cell","IFNG cytokine expression","4","Loss-of-function","","","NA","CRISPR-Based Genome Editing","Base editing","38093011"
"NM_001002295.2(GATA3):c.1038C>T (p.Tyr346=)","chr10","8069586","C/T","GATA3","0.022","dataset0635","Synonymous","Neutral to the IFNG cytokine expression in CD4⁺ T cell","IFNG cytokine expression","4","Functionally normal","","6.1952e-07","NA","CRISPR-Based Genome Editing","Base editing","38093011"
"NM_001002295.2(GATA3):c.1039A>G (p.Lys347Glu)","chr10","8069587","A/G","GATA3","-0.05","dataset0635","Missense","Neutral to the IFNG cytokine expression in CD4⁺ T cell","IFNG cytokine expression","4","Functionally normal","","","NA","CRISPR-Based Genome Editing","Base editing","38093011"
"NM_001002295.2(GATA3):c.1040A>G (p.Lys347Arg)","chr10","8069588","A/G","GATA3","-0.05","dataset0635","Missense","Neutral to the IFNG cytokine expression in CD4⁺ T cell","IFNG cytokine expression","4","Functionally normal","","","NA","CRISPR-Based Genome Editing","Base editing","38093011"
"NM_001002295.2(GATA3):c.1041G>A (p.Lys347=)","chr10","8069589","G/A","GATA3","-0.142","dataset0635","Synonymous","Neutral to the IFNG cytokine expression in CD4⁺ T cell","IFNG cytokine expression","4","Functionally normal","","","NA","CRISPR-Based Genome Editing","Base editing","38093011"
"NM_001002295.2(GATA3):c.1042C>T (p.Leu348Phe)","chr10","8069590","C/T","GATA3","-0.125","dataset0635","Missense","Neutral to the IFNG cytokine expression in CD4⁺ T cell","IFNG cytokine expression","4","Functionally normal","","","NA","CRISPR-Based Genome Editing","Base editing","38093011"
"NM_001002295.2(GATA3):c.1045C>T (p.His349Tyr)","chr10","8069593","C/T","GATA3","-0.125","dataset0635","Missense","Neutral to the IFNG cytokine expression in CD4⁺ T cell","IFNG cytokine expression","4","Functionally normal","","","NA","CRISPR-Based Genome Editing","Base editing","38093011"
"NM_001002295.2(GATA3):c.1046A>G (p.His349Arg)","chr10","8069594","A/G","GATA3","-0.024","dataset0635","Missense","Neutral to the IFNG cytokine expression in CD4⁺ T cell","IFNG cytokine expression","4","Functionally normal","","","NA","CRISPR-Based Genome Editing","Base editing","38093011"
"NM_001002295.2(GATA3):c.1047C>T (p.His349=)","chr10","8069595","C/T","GATA3","-0.125","dataset0635","Synonymous","Neutral to the IFNG cytokine expression in CD4⁺ T cell","IFNG cytokine expression","4","Functionally normal","","","NA","CRISPR-Based Genome Editing","Base editing","38093011"
"NM_001002295.2(GATA3):c.1048A>G (p.Asn350Asp)","chr10","8069596","A/G","GATA3","-0.024","dataset0635","Missense","Neutral to the IFNG cytokine expression in CD4⁺ T cell","IFNG cytokine expression","4","Functionally normal","","","NA","CRISPR-Based Genome Editing","Base editing","38093011"
"NM_001002295.2(GATA3):c.1049A>G (p.Asn350Ser)","chr10","8069597","A/G","GATA3","0.142","dataset0635","Missense","Neutral to the IFNG cytokine expression in CD4⁺ T cell","IFNG cytokine expression","3","Functionally normal","","","NA","CRISPR-Based Genome Editing","Base editing","38093011"
"NM_001002295.2(GATA3):c.1056C>T (p.Asn352=)","chr10","8073744","C/T","GATA3","-0.116","dataset0635","Synonymous","Neutral to the IFNG cytokine expression in CD4⁺ T cell","IFNG cytokine expression","4","Functionally normal","","","NA","CRISPR-Based Genome Editing","Base editing","38093011"
"NM_001002295.2(GATA3):c.1059A>G (p.Arg353=)","chr10","8073747","A/G","GATA3","-0.404","dataset0635","Synonymous","The diminished IFNG cytokine expression in CD4⁺ T cell","IFNG cytokine expression","4","Loss-of-function","","6.19788e-07","NA","CRISPR-Based Genome Editing","Base editing","38093011"
"NM_001002295.2(GATA3):c.1060C>T (p.Pro354Ser)","chr10","8073748","C/T","GATA3","-0.298","dataset0635","Missense","The diminished IFNG cytokine expression in CD4⁺ T cell","IFNG cytokine expression","4","Loss-of-function","","","NA","CRISPR-Based Genome Editing","Base editing","38093011"
"NM_001002295.2(GATA3):c.1061C>T (p.Pro354Leu)","chr10","8073749","C/T","GATA3","-0.298","dataset0635","Missense","The diminished IFNG cytokine expression in CD4⁺ T cell","IFNG cytokine expression","4","Loss-of-function","Uncertain significance","","NA","CRISPR-Based Genome Editing","Base editing","38093011"
"NM_001002295.2(GATA3):c.1062C>T (p.Pro354=)","chr10","8073750","C/T","GATA3","-0.298","dataset0635","Synonymous","The diminished IFNG cytokine expression in CD4⁺ T cell","IFNG cytokine expression","4","Loss-of-function","","3.71868e-06","NA","CRISPR-Based Genome Editing","Base editing","38093011"
"NM_001002295.2(GATA3):c.1063C>T (p.Leu355=)","chr10","8073751","C/T","GATA3","-0.298","dataset0635","Synonymous","The diminished IFNG cytokine expression in CD4⁺ T cell","IFNG cytokine expression","4","Loss-of-function","","6.19737e-07","NA","CRISPR-Based Genome Editing","Base editing","38093011"
"NM_001002295.2(GATA3):c.1066A>G (p.Thr356Ala)","chr10","8073754","A/G","GATA3","-0.053","dataset0635","Missense","Neutral to the IFNG cytokine expression in CD4⁺ T cell","IFNG cytokine expression","4","Functionally normal","","","NA","CRISPR-Based Genome Editing","Base editing","38093011"
"NM_001002295.2(GATA3):c.1067C>T (p.Thr356Ile)","chr10","8073755","C/T","GATA3","-0.298","dataset0635","Missense","The diminished IFNG cytokine expression in CD4⁺ T cell","IFNG cytokine expression","4","Loss-of-function","","6.20079e-07","NA","CRISPR-Based Genome Editing","Base editing","38093011"
"NM_001002295.2(GATA3):c.1071G>A (p.Met357Ile)","chr10","8073759","G/A","GATA3","0.168","dataset0635","Missense","Neutral to the IFNG cytokine expression in CD4⁺ T cell","IFNG cytokine expression","4","Functionally normal","","","NA","CRISPR-Based Genome Editing","Base editing","38093011"
"NM_001002295.2(GATA3):c.1074G>A (p.Lys358=)","chr10","8073762","G/A","GATA3","-0.224","dataset0635","Synonymous","Neutral to the IFNG cytokine expression in CD4⁺ T cell","IFNG cytokine expression","4","Functionally normal","","","NA","CRISPR-Based Genome Editing","Base editing","38093011"
"NM_001002295.2(GATA3):c.1077G>A (p.Lys359=)","chr10","8073765","G/A","GATA3","-0.224","dataset0635","Synonymous","Neutral to the IFNG cytokine expression in CD4⁺ T cell","IFNG cytokine expression","4","Functionally normal","","6.19867e-06","NA","CRISPR-Based Genome Editing","Base editing","38093011"
"NM_001002295.2(GATA3):c.1078G>A (p.Glu360Lys)","chr10","8073766","G/A","GATA3","-0.224","dataset0635","Missense","Neutral to the IFNG cytokine expression in CD4⁺ T cell","IFNG cytokine expression","4","Functionally normal","","","NA","CRISPR-Based Genome Editing","Base editing","38093011"
"NM_001002295.2(GATA3):c.1081G>A (p.Gly361Ser)","chr10","8073769","G/A","GATA3","-0.224","dataset0635","Missense","Neutral to the IFNG cytokine expression in CD4⁺ T cell","IFNG cytokine expression","4","Functionally normal","","","NA","CRISPR-Based Genome Editing","Base editing","38093011"
"NM_001002295.2(GATA3):c.1082G>A (p.Gly361Asp)","chr10","8073770","G/A","GATA3","-0.224","dataset0635","Missense","Neutral to the IFNG cytokine expression in CD4⁺ T cell","IFNG cytokine expression","4","Functionally normal","","","NA","CRISPR-Based Genome Editing","Base editing","38093011"
"NM_001002295.2(GATA3):c.1100G>A (p.Arg367Gln)","chr10","8073788","G/A","GATA3","0.013","dataset0635","Missense","Neutral to the IFNG cytokine expression in CD4⁺ T cell","IFNG cytokine expression","4","Functionally normal","","","skcm:0.2% (1/448):0.310","CRISPR-Based Genome Editing","Base editing","38093011"
"NM_001002295.2(GATA3):c.1106T>C (p.Met369Thr)","chr10","8073794","T/C","GATA3","-0.083","dataset0635","Missense","Neutral to the IFNG cytokine expression in CD4⁺ T cell","IFNG cytokine expression","4","Functionally normal","","1.86015e-06","NA","CRISPR-Based Genome Editing","Base editing","38093011"
"NM_001002295.2(GATA3):c.1107G>A (p.Met369Ile)","chr10","8073795","G/A","GATA3","-0.032","dataset0635","Missense","Neutral to the IFNG cytokine expression in CD4⁺ T cell","IFNG cytokine expression","4","Functionally normal","Uncertain significance","4.33716e-06","lusc:0.2% (1/487):0.380","CRISPR-Based Genome Editing","Base editing","38093011"
"NM_001002295.2(GATA3):c.1108T>C (p.Ser370Pro)","chr10","8073796","T/C","GATA3","-0.026","dataset0635","Missense","Neutral to the IFNG cytokine expression in CD4⁺ T cell","IFNG cytokine expression","4","Functionally normal","","","NA","CRISPR-Based Genome Editing","Base editing","38093011"
"NM_001002295.2(GATA3):c.1110T>C (p.Ser370=)","chr10","8073798","T/C","GATA3","-0.026","dataset0635","Synonymous","Neutral to the IFNG cytokine expression in CD4⁺ T cell","IFNG cytokine expression","4","Functionally normal","","","NA","CRISPR-Based Genome Editing","Base editing","38093011"
"NM_001002295.2(GATA3):c.1112G>A (p.Ser371Asn)","chr10","8073800","G/A","GATA3","-0.053","dataset0635","Missense","Neutral to the IFNG cytokine expression in CD4⁺ T cell","IFNG cytokine expression","4","Functionally normal","","","NA","CRISPR-Based Genome Editing","Base editing","38093011"
"NM_001002295.2(GATA3):c.1117T>C (p.Ser373Pro)","chr10","8073805","T/C","GATA3","-0.177","dataset0635","Missense","Neutral to the IFNG cytokine expression in CD4⁺ T cell","IFNG cytokine expression","4","Functionally normal","","","NA","CRISPR-Based Genome Editing","Base editing","38093011"
"NM_001002295.2(GATA3):c.1128C>T (p.Cys376=)","chr10","8073816","C/T","GATA3","0.203","dataset0635","Synonymous","Neutral to the IFNG cytokine expression in CD4⁺ T cell","IFNG cytokine expression","4","Functionally normal","","5.57645e-06","NA","CRISPR-Based Genome Editing","Base editing","38093011"
"NM_001002295.2(GATA3):c.1130A>G (p.Lys377Arg)","chr10","8073818","A/G","GATA3","-0.042","dataset0635","Missense","Neutral to the IFNG cytokine expression in CD4⁺ T cell","IFNG cytokine expression","4","Functionally normal","","","NA","CRISPR-Based Genome Editing","Base editing","38093011"
"NM_001002295.2(GATA3):c.1131A>G (p.Lys377=)","chr10","8073819","A/G","GATA3","-0.042","dataset0635","Synonymous","Neutral to the IFNG cytokine expression in CD4⁺ T cell","IFNG cytokine expression","4","Functionally normal","","","NA","CRISPR-Based Genome Editing","Base editing","38093011"
"NM_001002295.2(GATA3):c.1132A>G (p.Lys378Glu)","chr10","8073820","A/G","GATA3","-0.042","dataset0635","Missense","Neutral to the IFNG cytokine expression in CD4⁺ T cell","IFNG cytokine expression","4","Functionally normal","","","NA","CRISPR-Based Genome Editing","Base editing","38093011"
"NM_001002295.2(GATA3):c.1133A>G (p.Lys378Arg)","chr10","8073821","A/G","GATA3","0.103","dataset0635","Missense","Neutral to the IFNG cytokine expression in CD4⁺ T cell","IFNG cytokine expression","4","Functionally normal","","","NA","CRISPR-Based Genome Editing","Base editing","38093011"
"NM_001002295.2(GATA3):c.1134A>G (p.Lys378=)","chr10","8073822","A/G","GATA3","0.103","dataset0635","Synonymous","Neutral to the IFNG cytokine expression in CD4⁺ T cell","IFNG cytokine expression","4","Functionally normal","Likely benign","","NA","CRISPR-Based Genome Editing","Base editing","38093011"
"NM_001002295.2(GATA3):c.1135G>A (p.Val379Met)","chr10","8073823","G/A","GATA3","-0.002","dataset0635","Missense","Neutral to the IFNG cytokine expression in CD4⁺ T cell","IFNG cytokine expression","4","Functionally normal","Uncertain significance","","NA","CRISPR-Based Genome Editing","Base editing","38093011"
"NM_001002295.2(GATA3):c.1136T>C (p.Val379Ala)","chr10","8073824","T/C","GATA3","-0.064","dataset0635","Missense","Neutral to the IFNG cytokine expression in CD4⁺ T cell","IFNG cytokine expression","4","Functionally normal","","","NA","CRISPR-Based Genome Editing","Base editing","38093011"
"NM_001002295.2(GATA3):c.1137G>A (p.Val379=)","chr10","8073825","G/A","GATA3","-0.002","dataset0635","Synonymous","Neutral to the IFNG cytokine expression in CD4⁺ T cell","IFNG cytokine expression","4","Functionally normal","","6.1954e-07","NA","CRISPR-Based Genome Editing","Base editing","38093011"
"NM_001002295.2(GATA3):c.1138C>T (p.His380Tyr)","chr10","8073826","C/T","GATA3","-0.297","dataset0635","Missense","The diminished IFNG cytokine expression in CD4⁺ T cell","IFNG cytokine expression","4","Loss-of-function","","8.05468e-06","NA","CRISPR-Based Genome Editing","Base editing","38093011"
"NM_001002295.2(GATA3):c.1161C>T (p.Pro387=)","chr10","8073849","C/T","GATA3","0.003","dataset0635","Synonymous","Neutral to the IFNG cytokine expression in CD4⁺ T cell","IFNG cytokine expression","4","Functionally normal","Likely benign","2.4781e-06","NA","CRISPR-Based Genome Editing","Base editing","38093011"
"NM_001002295.2(GATA3):c.1163A>G (p.Lys388Arg)","chr10","8073851","A/G","GATA3","-0.103","dataset0635","Missense","Neutral to the IFNG cytokine expression in CD4⁺ T cell","IFNG cytokine expression","4","Functionally normal","","","NA","CRISPR-Based Genome Editing","Base editing","38093011"
"NM_001002295.2(GATA3):c.1165A>G (p.Asn389Asp)","chr10","8073853","A/G","GATA3","-0.103","dataset0635","Missense","Neutral to the IFNG cytokine expression in CD4⁺ T cell","IFNG cytokine expression","4","Functionally normal","","","NA","CRISPR-Based Genome Editing","Base editing","38093011"
"NM_001002295.2(GATA3):c.1166A>G (p.Asn389Ser)","chr10","8073854","A/G","GATA3","-0.103","dataset0635","Missense","Neutral to the IFNG cytokine expression in CD4⁺ T cell","IFNG cytokine expression","4","Functionally normal","","4.58477e-05","NA","CRISPR-Based Genome Editing","Base editing","38093011"
"NM_001002295.2(GATA3):c.1167C>T (p.Asn389=)","chr10","8073855","C/T","GATA3","0.003","dataset0635","Synonymous","Neutral to the IFNG cytokine expression in CD4⁺ T cell","IFNG cytokine expression","4","Functionally normal","","","NA","CRISPR-Based Genome Editing","Base editing","38093011"
"NM_001002295.2(GATA3):c.1168A>G (p.Ser390Gly)","chr10","8073856","A/G","GATA3","-0.103","dataset0635","Missense","Neutral to the IFNG cytokine expression in CD4⁺ T cell","IFNG cytokine expression","4","Functionally normal","","6.1951e-07","NA","CRISPR-Based Genome Editing","Base editing","38093011"
"NM_001002295.2(GATA3):c.1169G>A (p.Ser390Asn)","chr10","8073857","G/A","GATA3","0.016","dataset0635","Missense","Neutral to the IFNG cytokine expression in CD4⁺ T cell","IFNG cytokine expression","4","Functionally normal","","","NA","CRISPR-Based Genome Editing","Base editing","38093011"
"NM_001002295.2(GATA3):c.1170C>T (p.Ser390=)","chr10","8073858","C/T","GATA3","0.003","dataset0635","Synonymous","Neutral to the IFNG cytokine expression in CD4⁺ T cell","IFNG cytokine expression","4","Functionally normal","","","NA","CRISPR-Based Genome Editing","Base editing","38093011"
"NM_001002295.2(GATA3):c.1172C>T (p.Ser391Leu)","chr10","8073860","C/T","GATA3","0.003","dataset0635","Missense","Neutral to the IFNG cytokine expression in CD4⁺ T cell","IFNG cytokine expression","4","Functionally normal","","4.33663e-06","blca:0.2% (1/411):0.320","CRISPR-Based Genome Editing","Base editing","38093011"
"NM_001002295.2(GATA3):c.1173G>A (p.Ser391=)","chr10","8073861","G/A","GATA3","-0.105","dataset0635","Synonymous","Neutral to the IFNG cytokine expression in CD4⁺ T cell","IFNG cytokine expression","4","Functionally normal","Uncertain significance","2.7262e-05","NA","CRISPR-Based Genome Editing","Base editing","38093011"
"NM_001002295.2(GATA3):c.1174T>C (p.Phe392Leu)","chr10","8073862","T/C","GATA3","-0.082","dataset0635","Missense","Neutral to the IFNG cytokine expression in CD4⁺ T cell","IFNG cytokine expression","4","Functionally normal","","","NA","CRISPR-Based Genome Editing","Base editing","38093011"
"NM_001002295.2(GATA3):c.1175T>C (p.Phe392Ser)","chr10","8073863","T/C","GATA3","0.042","dataset0635","Missense","Neutral to the IFNG cytokine expression in CD4⁺ T cell","IFNG cytokine expression","4","Functionally normal","","","NA","CRISPR-Based Genome Editing","Base editing","38093011"
"NM_001002295.2(GATA3):c.1176T>C (p.Phe392=)","chr10","8073864","T/C","GATA3","0.042","dataset0635","Synonymous","Neutral to the IFNG cytokine expression in CD4⁺ T cell","IFNG cytokine expression","4","Functionally normal","","","NA","CRISPR-Based Genome Editing","Base editing","38093011"
"NM_001002295.2(GATA3):c.1196G>A (p.Arg399Lys)","chr10","8073884","G/A","GATA3","-0.054","dataset0635","Missense","Neutral to the IFNG cytokine expression in CD4⁺ T cell","IFNG cytokine expression","4","Functionally normal","","","NA","CRISPR-Based Genome Editing","Base editing","38093011"
"NM_001002295.2(GATA3):c.1202T>C (p.Met401Thr)","chr10","8073890","T/C","GATA3","0.209","dataset0635","Missense","Neutral to the IFNG cytokine expression in CD4⁺ T cell","IFNG cytokine expression","4","Functionally normal","Uncertain significance","4.33737e-06","NA","CRISPR-Based Genome Editing","Base editing","38093011"
"NM_001002295.2(GATA3):c.1203G>A (p.Met401Ile)","chr10","8073891","G/A","GATA3","-0.263","dataset0635","Missense","Neutral to the IFNG cytokine expression in CD4⁺ T cell","IFNG cytokine expression","4","Functionally normal","Uncertain significance","","NA","CRISPR-Based Genome Editing","Base editing","38093011"
"NM_001002295.2(GATA3):c.1204T>C (p.Ser402Pro)","chr10","8073892","T/C","GATA3","-0.11","dataset0635","Missense","Neutral to the IFNG cytokine expression in CD4⁺ T cell","IFNG cytokine expression","4","Functionally normal","","","NA","CRISPR-Based Genome Editing","Base editing","38093011"
"NM_001002295.2(GATA3):c.1207T>C (p.Ser403Pro)","chr10","8073895","T/C","GATA3","0.201","dataset0635","Missense","Neutral to the IFNG cytokine expression in CD4⁺ T cell","IFNG cytokine expression","3","Functionally normal","","","NA","CRISPR-Based Genome Editing","Base editing","38093011"
"NM_001002295.2(GATA3):c.1211T>C (p.Leu404Pro)","chr10","8073899","T/C","GATA3","0.131","dataset0635","Missense","Neutral to the IFNG cytokine expression in CD4⁺ T cell","IFNG cytokine expression","4","Functionally normal","","1.23909e-06","NA","CRISPR-Based Genome Editing","Base editing","38093011"
"NM_001002295.2(GATA3):c.1212G>A (p.Leu404=)","chr10","8073900","G/A","GATA3","0.121","dataset0635","Synonymous","Neutral to the IFNG cytokine expression in CD4⁺ T cell","IFNG cytokine expression","4","Functionally normal","","","NA","CRISPR-Based Genome Editing","Base editing","38093011"
"NM_001002295.2(GATA3):c.1214G>A (p.Ser405Asn)","chr10","8073902","G/A","GATA3","0.121","dataset0635","Missense","Neutral to the IFNG cytokine expression in CD4⁺ T cell","IFNG cytokine expression","4","Functionally normal","","","NA","CRISPR-Based Genome Editing","Base editing","38093011"
"NM_001002295.2(GATA3):c.1220T>C (p.Ile407Thr)","chr10","8073908","T/C","GATA3","0.093","dataset0635","Missense","Neutral to the IFNG cytokine expression in CD4⁺ T cell","IFNG cytokine expression","4","Functionally normal","","","NA","CRISPR-Based Genome Editing","Base editing","38093011"
"NM_001002295.2(GATA3):c.1222T>C (p.Ser408Pro)","chr10","8073910","T/C","GATA3","0.093","dataset0635","Missense","Neutral to the IFNG cytokine expression in CD4⁺ T cell","IFNG cytokine expression","4","Functionally normal","","","NA","CRISPR-Based Genome Editing","Base editing","38093011"
"NM_001002295.2(GATA3):c.1224G>A (p.Ser408=)","chr10","8073912","G/A","GATA3","-0.135","dataset0635","Synonymous","Neutral to the IFNG cytokine expression in CD4⁺ T cell","IFNG cytokine expression","4","Functionally normal","","1.61097e-05","NA","CRISPR-Based Genome Editing","Base editing","38093011"
"NM_001002295.2(GATA3):c.1228T>C (p.Phe410Leu)","chr10","8073916","T/C","GATA3","0.204","dataset0635","Missense","Neutral to the IFNG cytokine expression in CD4⁺ T cell","IFNG cytokine expression","4","Functionally normal","","","NA","CRISPR-Based Genome Editing","Base editing","38093011"
"NM_001002295.2(GATA3):c.1229T>C (p.Phe410Ser)","chr10","8073917","T/C","GATA3","-0.212","dataset0635","Missense","Neutral to the IFNG cytokine expression in CD4⁺ T cell","IFNG cytokine expression","4","Functionally normal","","","NA","CRISPR-Based Genome Editing","Base editing","38093011"
"NM_001002295.2(GATA3):c.1232G>A (p.Ser411Asn)","chr10","8073920","G/A","GATA3","0.0","dataset0635","Missense","Neutral to the IFNG cytokine expression in CD4⁺ T cell","IFNG cytokine expression","4","Functionally normal","","","NA","CRISPR-Based Genome Editing","Base editing","38093011"
"NM_001002295.2(GATA3):c.1241G>A (p.Ser414Asn)","chr10","8073929","G/A","GATA3","-0.019","dataset0635","Missense","Neutral to the IFNG cytokine expression in CD4⁺ T cell","IFNG cytokine expression","4","Functionally normal","","6.19547e-07","NA","CRISPR-Based Genome Editing","Base editing","38093011"
"NM_001002295.2(GATA3):c.1248G>A (p.Met416Ile)","chr10","8073936","G/A","GATA3","0.001","dataset0635","Missense","Neutral to the IFNG cytokine expression in CD4⁺ T cell","IFNG cytokine expression","4","Functionally normal","","6.19562e-07","NA","CRISPR-Based Genome Editing","Base editing","38093011"
"NM_001002295.2(GATA3):c.1250T>C (p.Leu417Pro)","chr10","8073938","T/C","GATA3","0.127","dataset0635","Missense","Neutral to the IFNG cytokine expression in CD4⁺ T cell","IFNG cytokine expression","4","Functionally normal","","","NA","CRISPR-Based Genome Editing","Base editing","38093011"
"NM_001002295.2(GATA3):c.1251G>A (p.Leu417=)","chr10","8073939","G/A","GATA3","-0.009","dataset0635","Synonymous","Neutral to the IFNG cytokine expression in CD4⁺ T cell","IFNG cytokine expression","4","Functionally normal","","","NA","CRISPR-Based Genome Editing","Base editing","38093011"
"NM_001002295.2(GATA3):c.1257G>A (p.Thr419=)","chr10","8073945","G/A","GATA3","-0.085","dataset0635","Synonymous","Neutral to the IFNG cytokine expression in CD4⁺ T cell","IFNG cytokine expression","4","Functionally normal","Benign","0.0412137","NA","CRISPR-Based Genome Editing","Base editing","38093011"
"NM_001002295.2(GATA3):c.1263G>A (p.Thr421=)","chr10","8073951","G/A","GATA3","0.019","dataset0635","Synonymous","Neutral to the IFNG cytokine expression in CD4⁺ T cell","IFNG cytokine expression","4","Functionally normal","","0.000169159","NA","CRISPR-Based Genome Editing","Base editing","38093011"
"NM_001002295.2(GATA3):c.1266G>A (p.Pro422=)","chr10","8073954","G/A","GATA3","-0.037","dataset0635","Synonymous","Neutral to the IFNG cytokine expression in CD4⁺ T cell","IFNG cytokine expression","4","Functionally normal","Uncertain significance","1.9826e-05","NA","CRISPR-Based Genome Editing","Base editing","38093011"
"NM_001002295.2(GATA3):c.1268T>C (p.Met423Thr)","chr10","8073956","T/C","GATA3","0.069","dataset0635","Missense","Neutral to the IFNG cytokine expression in CD4⁺ T cell","IFNG cytokine expression","4","Functionally normal","","6.19525e-07","NA","CRISPR-Based Genome Editing","Base editing","38093011"
"NM_001002295.2(GATA3):c.1269G>A (p.Met423Ile)","chr10","8073957","G/A","GATA3","-0.041","dataset0635","Missense","Neutral to the IFNG cytokine expression in CD4⁺ T cell","IFNG cytokine expression","4","Functionally normal","","","NA","CRISPR-Based Genome Editing","Base editing","38093011"
"NM_001002295.2(GATA3):c.1273C>T (p.Pro425Ser)","chr10","8073961","C/T","GATA3","-0.243","dataset0635","Missense","Neutral to the IFNG cytokine expression in CD4⁺ T cell","IFNG cytokine expression","4","Functionally normal","","6.19508e-07","NA","CRISPR-Based Genome Editing","Base editing","38093011"
"NM_001002295.2(GATA3):c.1274C>T (p.Pro425Leu)","chr10","8073962","C/T","GATA3","-0.243","dataset0635","Missense","Neutral to the IFNG cytokine expression in CD4⁺ T cell","IFNG cytokine expression","4","Functionally normal","","4.95643e-06","NA","CRISPR-Based Genome Editing","Base editing","38093011"
"NM_001002295.2(GATA3):c.1275G>A (p.Pro425=)","chr10","8073963","G/A","GATA3","-0.093","dataset0635","Synonymous","Neutral to the IFNG cytokine expression in CD4⁺ T cell","IFNG cytokine expression","4","Functionally normal","Likely benign","9.54144e-05","NA","CRISPR-Based Genome Editing","Base editing","38093011"
"NM_001002295.2(GATA3):c.1276C>T (p.Pro426Ser)","chr10","8073964","C/T","GATA3","-0.243","dataset0635","Missense","Neutral to the IFNG cytokine expression in CD4⁺ T cell","IFNG cytokine expression","4","Functionally normal","Uncertain significance","8.67389e-06","NA","CRISPR-Based Genome Editing","Base editing","38093011"
"NM_001002295.2(GATA3):c.1277C>T (p.Pro426Leu)","chr10","8073965","C/T","GATA3","-0.243","dataset0635","Missense","Neutral to the IFNG cytokine expression in CD4⁺ T cell","IFNG cytokine expression","4","Functionally normal","","","NA","CRISPR-Based Genome Editing","Base editing","38093011"
"NM_001002295.2(GATA3):c.1278A>G (p.Pro426=)","chr10","8073966","A/G","GATA3","0.085","dataset0635","Synonymous","Neutral to the IFNG cytokine expression in CD4⁺ T cell","IFNG cytokine expression","4","Functionally normal","","","NA","CRISPR-Based Genome Editing","Base editing","38093011"
"NM_001002295.2(GATA3):c.1279T>C (p.Ser427Pro)","chr10","8073967","T/C","GATA3","0.096","dataset0635","Missense","Neutral to the IFNG cytokine expression in CD4⁺ T cell","IFNG cytokine expression","4","Functionally normal","","","NA","CRISPR-Based Genome Editing","Base editing","38093011"
"NM_001002295.2(GATA3):c.1280C>T (p.Ser427Phe)","chr10","8073968","C/T","GATA3","-0.243","dataset0635","Missense","Neutral to the IFNG cytokine expression in CD4⁺ T cell","IFNG cytokine expression","4","Functionally normal","","","skcm:0.2% (1/448):0.330","CRISPR-Based Genome Editing","Base editing","38093011"
"NM_001002295.2(GATA3):c.1281C>T (p.Ser427=)","chr10","8073969","C/T","GATA3","-0.243","dataset0635","Synonymous","Neutral to the IFNG cytokine expression in CD4⁺ T cell","IFNG cytokine expression","4","Functionally normal","","6.1951e-07","NA","CRISPR-Based Genome Editing","Base editing","38093011"
"NM_001002295.2(GATA3):c.1283G>A (p.Ser428Asn)","chr10","8073971","G/A","GATA3","0.11","dataset0635","Missense","Neutral to the IFNG cytokine expression in CD4⁺ T cell","IFNG cytokine expression","4","Functionally normal","","","NA","CRISPR-Based Genome Editing","Base editing","38093011"
"NM_001002295.2(GATA3):c.1284C>T (p.Ser428=)","chr10","8073972","C/T","GATA3","-0.243","dataset0635","Synonymous","Neutral to the IFNG cytokine expression in CD4⁺ T cell","IFNG cytokine expression","4","Functionally normal","","","NA","CRISPR-Based Genome Editing","Base editing","38093011"
"NM_001002295.2(GATA3):c.1285C>T (p.Leu429=)","chr10","8073973","C/T","GATA3","-0.243","dataset0635","Synonymous","Neutral to the IFNG cytokine expression in CD4⁺ T cell","IFNG cytokine expression","4","Functionally normal","","3.09751e-06","NA","CRISPR-Based Genome Editing","Base editing","38093011"
"NM_001002295.2(GATA3):c.1287G>A (p.Leu429=)","chr10","8073975","G/A","GATA3","0.054","dataset0635","Synonymous","Neutral to the IFNG cytokine expression in CD4⁺ T cell","IFNG cytokine expression","4","Functionally normal","","","NA","CRISPR-Based Genome Editing","Base editing","38093011"
"NM_001002295.2(GATA3):c.1288T>C (p.Ser430Pro)","chr10","8073976","T/C","GATA3","-0.053","dataset0635","Missense","Neutral to the IFNG cytokine expression in CD4⁺ T cell","IFNG cytokine expression","4","Functionally normal","","","NA","CRISPR-Based Genome Editing","Base editing","38093011"
"NM_001002295.2(GATA3):c.1291T>C (p.Phe431Leu)","chr10","8073979","T/C","GATA3","0.107","dataset0635","Missense","Neutral to the IFNG cytokine expression in CD4⁺ T cell","IFNG cytokine expression","4","Functionally normal","","6.19523e-07","NA","CRISPR-Based Genome Editing","Base editing","38093011"
"NM_001002295.2(GATA3):c.1292T>C (p.Phe431Ser)","chr10","8073980","T/C","GATA3","0.107","dataset0635","Missense","Neutral to the IFNG cytokine expression in CD4⁺ T cell","IFNG cytokine expression","4","Functionally normal","","","NA","CRISPR-Based Genome Editing","Base editing","38093011"
"NM_001002295.2(GATA3):c.1293T>C (p.Phe431=)","chr10","8073981","T/C","GATA3","-0.09","dataset0635","Synonymous","Neutral to the IFNG cytokine expression in CD4⁺ T cell","IFNG cytokine expression","4","Functionally normal","","","NA","CRISPR-Based Genome Editing","Base editing","38093011"
"NM_001002295.2(GATA3):c.1294G>A (p.Gly432Arg)","chr10","8073982","G/A","GATA3","-0.423","dataset0635","Missense","The diminished IFNG cytokine expression in CD4⁺ T cell","IFNG cytokine expression","4","Loss-of-function","","1.85878e-06","NA","CRISPR-Based Genome Editing","Base editing","38093011"
"NM_001002295.2(GATA3):c.1295G>A (p.Gly432Glu)","chr10","8073983","G/A","GATA3","0.233","dataset0635","Missense","Neutral to the IFNG cytokine expression in CD4⁺ T cell","IFNG cytokine expression","4","Functionally normal","","1.23919e-06","NA","CRISPR-Based Genome Editing","Base editing","38093011"
"NM_001002295.2(GATA3):c.1297C>T (p.Pro433Ser)","chr10","8073985","C/T","GATA3","-0.02","dataset0635","Missense","Neutral to the IFNG cytokine expression in CD4⁺ T cell","IFNG cytokine expression","4","Functionally normal","","6.19518e-07","NA","CRISPR-Based Genome Editing","Base editing","38093011"
"NM_001002295.2(GATA3):c.1298C>T (p.Pro433Leu)","chr10","8073986","C/T","GATA3","-0.02","dataset0635","Missense","Neutral to the IFNG cytokine expression in CD4⁺ T cell","IFNG cytokine expression","4","Functionally normal","","","NA","CRISPR-Based Genome Editing","Base editing","38093011"
"NM_001002295.2(GATA3):c.1299A>G (p.Pro433=)","chr10","8073987","A/G","GATA3","0.009","dataset0635","Synonymous","Neutral to the IFNG cytokine expression in CD4⁺ T cell","IFNG cytokine expression","4","Functionally normal","","","NA","CRISPR-Based Genome Editing","Base editing","38093011"
"NM_001002295.2(GATA3):c.1300C>T (p.His434Tyr)","chr10","8073988","C/T","GATA3","-0.02","dataset0635","Missense","Neutral to the IFNG cytokine expression in CD4⁺ T cell","IFNG cytokine expression","4","Functionally normal","","6.19513e-07","NA","CRISPR-Based Genome Editing","Base editing","38093011"
"NM_001002295.2(GATA3):c.1301A>G (p.His434Arg)","chr10","8073989","A/G","GATA3","0.009","dataset0635","Missense","Neutral to the IFNG cytokine expression in CD4⁺ T cell","IFNG cytokine expression","4","Functionally normal","","","NA","CRISPR-Based Genome Editing","Base editing","38093011"
"NM_001002295.2(GATA3):c.1302C>T (p.His434=)","chr10","8073990","C/T","GATA3","-0.02","dataset0635","Synonymous","Neutral to the IFNG cytokine expression in CD4⁺ T cell","IFNG cytokine expression","4","Functionally normal","","6.19522e-06","NA","CRISPR-Based Genome Editing","Base editing","38093011"
"NM_001002295.2(GATA3):c.1303C>T (p.His435Tyr)","chr10","8073991","C/T","GATA3","-0.02","dataset0635","Missense","Neutral to the IFNG cytokine expression in CD4⁺ T cell","IFNG cytokine expression","4","Functionally normal","","","NA","CRISPR-Based Genome Editing","Base editing","38093011"
"NM_001002295.2(GATA3):c.1305C>T (p.His435=)","chr10","8073993","C/T","GATA3","-0.02","dataset0635","Synonymous","Neutral to the IFNG cytokine expression in CD4⁺ T cell","IFNG cytokine expression","4","Functionally normal","","","NA","CRISPR-Based Genome Editing","Base editing","38093011"
"NM_001002295.2(GATA3):c.1306C>T (p.Pro436Ser)","chr10","8073994","C/T","GATA3","-0.02","dataset0635","Missense","Neutral to the IFNG cytokine expression in CD4⁺ T cell","IFNG cytokine expression","4","Functionally normal","","1.23903e-06","NA","CRISPR-Based Genome Editing","Base editing","38093011"
"NM_001002295.2(GATA3):c.1307C>T (p.Pro436Leu)","chr10","8073995","C/T","GATA3","-0.02","dataset0635","Missense","Neutral to the IFNG cytokine expression in CD4⁺ T cell","IFNG cytokine expression","4","Functionally normal","","","NA","CRISPR-Based Genome Editing","Base editing","38093011"
"NM_001002295.2(GATA3):c.1308C>T (p.Pro436=)","chr10","8073996","C/T","GATA3","-0.225","dataset0635","Synonymous","Neutral to the IFNG cytokine expression in CD4⁺ T cell","IFNG cytokine expression","4","Functionally normal","","","NA","CRISPR-Based Genome Editing","Base editing","38093011"
"NM_001002295.2(GATA3):c.1309T>C (p.Ser437Pro)","chr10","8073997","T/C","GATA3","-0.054","dataset0635","Missense","Neutral to the IFNG cytokine expression in CD4⁺ T cell","IFNG cytokine expression","4","Functionally normal","","","NA","CRISPR-Based Genome Editing","Base editing","38093011"
"NM_001002295.2(GATA3):c.1310C>T (p.Ser437Phe)","chr10","8073998","C/T","GATA3","-0.122","dataset0635","Missense","Neutral to the IFNG cytokine expression in CD4⁺ T cell","IFNG cytokine expression","4","Functionally normal","","3.09756e-06","NA","CRISPR-Based Genome Editing","Base editing","38093011"
"NM_001002295.2(GATA3):c.1311C>T (p.Ser437=)","chr10","8073999","C/T","GATA3","-0.122","dataset0635","Synonymous","Neutral to the IFNG cytokine expression in CD4⁺ T cell","IFNG cytokine expression","4","Functionally normal","","3.09761e-06","NA","CRISPR-Based Genome Editing","Base editing","38093011"
"NM_001002295.2(GATA3):c.1312A>G (p.Ser438Gly)","chr10","8074000","A/G","GATA3","0.075","dataset0635","Missense","Neutral to the IFNG cytokine expression in CD4⁺ T cell","IFNG cytokine expression","4","Functionally normal","","","NA","CRISPR-Based Genome Editing","Base editing","38093011"
"NM_001002295.2(GATA3):c.1313G>A (p.Ser438Asn)","chr10","8074001","G/A","GATA3","-0.277","dataset0635","Missense","The diminished IFNG cytokine expression in CD4⁺ T cell","IFNG cytokine expression","4","Loss-of-function","","","NA","CRISPR-Based Genome Editing","Base editing","38093011"
"NM_001002295.2(GATA3):c.1314C>T (p.Ser438=)","chr10","8074002","C/T","GATA3","-0.122","dataset0635","Synonymous","Neutral to the IFNG cytokine expression in CD4⁺ T cell","IFNG cytokine expression","4","Functionally normal","","","NA","CRISPR-Based Genome Editing","Base editing","38093011"
"NM_001002295.2(GATA3):c.1315A>G (p.Met439Val)","chr10","8074003","A/G","GATA3","0.075","dataset0635","Missense","Neutral to the IFNG cytokine expression in CD4⁺ T cell","IFNG cytokine expression","4","Functionally normal","","","NA","CRISPR-Based Genome Editing","Base editing","38093011"
"NM_001002295.2(GATA3):c.1316T>C (p.Met439Thr)","chr10","8074004","T/C","GATA3","0.218","dataset0635","Missense","Neutral to the IFNG cytokine expression in CD4⁺ T cell","IFNG cytokine expression","4","Functionally normal","","","NA","CRISPR-Based Genome Editing","Base editing","38093011"
"NM_001002295.2(GATA3):c.1317G>A (p.Met439Ile)","chr10","8074005","G/A","GATA3","-0.098","dataset0635","Missense","Neutral to the IFNG cytokine expression in CD4⁺ T cell","IFNG cytokine expression","4","Functionally normal","","","NA","CRISPR-Based Genome Editing","Base editing","38093011"
"NM_001002295.2(GATA3):c.1318G>A (p.Val440Ile)","chr10","8074006","G/A","GATA3","-0.098","dataset0635","Missense","Neutral to the IFNG cytokine expression in CD4⁺ T cell","IFNG cytokine expression","4","Functionally normal","","1.23913e-06","NA","CRISPR-Based Genome Editing","Base editing","38093011"
"NM_001002295.2(GATA3):c.1319T>C (p.Val440Ala)","chr10","8074007","T/C","GATA3","-0.14","dataset0635","Missense","Neutral to the IFNG cytokine expression in CD4⁺ T cell","IFNG cytokine expression","4","Functionally normal","","","NA","CRISPR-Based Genome Editing","Base editing","38093011"
"NM_001002295.2(GATA3):c.1320C>T (p.Val440=)","chr10","8074008","C/T","GATA3","-0.122","dataset0635","Synonymous","Neutral to the IFNG cytokine expression in CD4⁺ T cell","IFNG cytokine expression","4","Functionally normal","","","NA","CRISPR-Based Genome Editing","Base editing","38093011"
"NM_001002295.2(GATA3):c.1324G>A (p.Ala442Thr)","chr10","8074012","G/A","GATA3","-0.074","dataset0635","Missense","Neutral to the IFNG cytokine expression in CD4⁺ T cell","IFNG cytokine expression","4","Functionally normal","","6.19576e-06","lusc:0.2% (1/487):0.200;stad:0.2% (1/440):0.070","CRISPR-Based Genome Editing","Base editing","38093011"
"NM_001002295.2(GATA3):c.1328T>C (p.Met443Thr)","chr10","8074016","T/C","GATA3","-0.097","dataset0635","Missense","Neutral to the IFNG cytokine expression in CD4⁺ T cell","IFNG cytokine expression","4","Functionally normal","","","NA","CRISPR-Based Genome Editing","Base editing","38093011"
"NM_001002295.2(GATA3):c.1329G>A (p.Met443Ile)","chr10","8074017","G/A","GATA3","0.095","dataset0635","Missense","Neutral to the IFNG cytokine expression in CD4⁺ T cell","IFNG cytokine expression","4","Functionally normal","","","NA","CRISPR-Based Genome Editing","Base editing","38093011"
"NM_001002295.2(GATA3):c.1330G>A (p.Gly444Ser)","chr10","8074018","G/A","GATA3","-0.166","dataset0635","Missense","Neutral to the IFNG cytokine expression in CD4⁺ T cell","IFNG cytokine expression","4","Functionally normal","","","NA","CRISPR-Based Genome Editing","Base editing","38093011"
"NM_001002295.2(GATA3):c.1331G>A (p.Gly444Asp)","chr10","8074019","G/A","GATA3","-0.166","dataset0635","Missense","Neutral to the IFNG cytokine expression in CD4⁺ T cell","IFNG cytokine expression","4","Functionally normal","","6.19576e-07","NA","CRISPR-Based Genome Editing","Base editing","38093011"
"NM_001002295.2(GATA3):c.1A>G (p.Met1?)","chr10","8055656","A/G","GATA3","0.119","dataset0636","Start_lost","Neutral to the TNFa cytokine expression in CD4⁺ T cell","TNFa cytokine expression","4","Functionally normal","","","NA","CRISPR-Based Genome Editing","Base editing","38093011"
"NM_001002295.2(GATA3):c.3G>A (p.Met1?)","chr10","8055658","G/A","GATA3","0.061","dataset0636","Start_lost","Neutral to the TNFa cytokine expression in CD4⁺ T cell","TNFa cytokine expression","4","Functionally normal","","","NA","CRISPR-Based Genome Editing","Base editing","38093011"
"NM_001002295.2(GATA3):c.4G>A (p.Glu2Lys)","chr10","8055659","G/A","GATA3","0.061","dataset0636","Missense","Neutral to the TNFa cytokine expression in CD4⁺ T cell","TNFa cytokine expression","4","Functionally normal","","0","NA","CRISPR-Based Genome Editing","Base editing","38093011"
"NM_001002295.2(GATA3):c.6G>A (p.Glu2=)","chr10","8055661","G/A","GATA3","0.061","dataset0636","Synonymous","Neutral to the TNFa cytokine expression in CD4⁺ T cell","TNFa cytokine expression","4","Functionally normal","","1.28508e-06","NA","CRISPR-Based Genome Editing","Base editing","38093011"
"NM_001002295.2(GATA3):c.7G>A (p.Val3Met)","chr10","8055662","G/A","GATA3","0.061","dataset0636","Missense","Neutral to the TNFa cytokine expression in CD4⁺ T cell","TNFa cytokine expression","4","Functionally normal","","0","NA","CRISPR-Based Genome Editing","Base editing","38093011"
"NM_001002295.2(GATA3):c.8T>C (p.Val3Ala)","chr10","8055663","T/C","GATA3","-0.047","dataset0636","Missense","Neutral to the TNFa cytokine expression in CD4⁺ T cell","TNFa cytokine expression","4","Functionally normal","Uncertain significance","1.2858e-06","NA","CRISPR-Based Genome Editing","Base editing","38093011"
"NM_001002295.2(GATA3):c.9G>A (p.Val3=)","chr10","8055664","G/A","GATA3","-0.069","dataset0636","Synonymous","Neutral to the TNFa cytokine expression in CD4⁺ T cell","TNFa cytokine expression","4","Functionally normal","","6.42408e-07","NA","CRISPR-Based Genome Editing","Base editing","38093011"
"NM_001002295.2(GATA3):c.10A>G (p.Thr4Ala)","chr10","8055665","A/G","GATA3","0.039","dataset0636","Missense","Neutral to the TNFa cytokine expression in CD4⁺ T cell","TNFa cytokine expression","4","Functionally normal","Uncertain significance","1.92765e-06","NA","CRISPR-Based Genome Editing","Base editing","38093011"
"NM_001002295.2(GATA3):c.11C>T (p.Thr4Met)","chr10","8055666","C/T","GATA3","0.016","dataset0636","Missense","Neutral to the TNFa cytokine expression in CD4⁺ T cell","TNFa cytokine expression","4","Functionally normal","","0","NA","CRISPR-Based Genome Editing","Base editing","38093011"
"NM_001002295.2(GATA3):c.12G>A (p.Thr4=)","chr10","8055667","G/A","GATA3","-0.069","dataset0636","Synonymous","Neutral to the TNFa cytokine expression in CD4⁺ T cell","TNFa cytokine expression","4","Functionally normal","","2.5695e-06","NA","CRISPR-Based Genome Editing","Base editing","38093011"
"NM_001002295.2(GATA3):c.13G>A (p.Ala5Thr)","chr10","8055668","G/A","GATA3","-0.069","dataset0636","Missense","Neutral to the TNFa cytokine expression in CD4⁺ T cell","TNFa cytokine expression","4","Functionally normal","","0","NA","CRISPR-Based Genome Editing","Base editing","38093011"
"NM_001002295.2(GATA3):c.14C>T (p.Ala5Val)","chr10","8055669","C/T","GATA3","0.016","dataset0636","Missense","Neutral to the TNFa cytokine expression in CD4⁺ T cell","TNFa cytokine expression","4","Functionally normal","","0","NA","CRISPR-Based Genome Editing","Base editing","38093011"
"NM_001002295.2(GATA3):c.15G>A (p.Ala5=)","chr10","8055670","G/A","GATA3","-0.069","dataset0636","Synonymous","Neutral to the TNFa cytokine expression in CD4⁺ T cell","TNFa cytokine expression","4","Functionally normal","","6.42212e-07","NA","CRISPR-Based Genome Editing","Base editing","38093011"
"NM_001002295.2(GATA3):c.18C>T (p.Asp6=)","chr10","8055673","C/T","GATA3","0.016","dataset0636","Synonymous","Neutral to the TNFa cytokine expression in CD4⁺ T cell","TNFa cytokine expression","4","Functionally normal","Likely benign","7.70465e-06","NA","CRISPR-Based Genome Editing","Base editing","38093011"
"NM_001002295.2(GATA3):c.19C>T (p.Gln7Ter)","chr10","8055674","C/T","GATA3","0.016","dataset0636","Nonsense","Neutral to the TNFa cytokine expression in CD4⁺ T cell","TNFa cytokine expression","4","Functionally normal","","0","NA","CRISPR-Based Genome Editing","Base editing","38093011"
"NM_001002295.2(GATA3):c.29G>A (p.Trp10Ter)","chr10","8055684","G/A","GATA3","0.004","dataset0636","Nonsense","Neutral to the TNFa cytokine expression in CD4⁺ T cell","TNFa cytokine expression","4","Functionally normal","","0","NA","CRISPR-Based Genome Editing","Base editing","38093011"
"NM_001002295.2(GATA3):c.30G>A (p.Trp10Ter)","chr10","8055685","G/A","GATA3","0.004","dataset0636","Nonsense","Neutral to the TNFa cytokine expression in CD4⁺ T cell","TNFa cytokine expression","4","Functionally normal","","","NA","CRISPR-Based Genome Editing","Base editing","38093011"
"NM_001002295.2(GATA3):c.31G>A (p.Val11Met)","chr10","8055686","G/A","GATA3","0.004","dataset0636","Missense","Neutral to the TNFa cytokine expression in CD4⁺ T cell","TNFa cytokine expression","4","Functionally normal","","","NA","CRISPR-Based Genome Editing","Base editing","38093011"
"NM_001002295.2(GATA3):c.33G>A (p.Val11=)","chr10","8055688","G/A","GATA3","-0.025","dataset0636","Synonymous","Neutral to the TNFa cytokine expression in CD4⁺ T cell","TNFa cytokine expression","4","Functionally normal","","5.12955e-06","NA","CRISPR-Based Genome Editing","Base editing","38093011"
"NM_001002295.2(GATA3):c.35G>A (p.Ser12Asn)","chr10","8055690","G/A","GATA3","-0.025","dataset0636","Missense","Neutral to the TNFa cytokine expression in CD4⁺ T cell","TNFa cytokine expression","4","Functionally normal","","0","esca:0.5% (1/182):0.310","CRISPR-Based Genome Editing","Base editing","38093011"
"NM_001002295.2(GATA3):c.40C>T (p.His14Tyr)","chr10","8055695","C/T","GATA3","0.094","dataset0636","Missense","Neutral to the TNFa cytokine expression in CD4⁺ T cell","TNFa cytokine expression","4","Functionally normal","","","NA","CRISPR-Based Genome Editing","Base editing","38093011"
"NM_001002295.2(GATA3):c.42C>T (p.His14=)","chr10","8055697","C/T","GATA3","-0.12","dataset0636","Synonymous","Neutral to the TNFa cytokine expression in CD4⁺ T cell","TNFa cytokine expression","4","Functionally normal","","","NA","CRISPR-Based Genome Editing","Base editing","38093011"
"NM_001002295.2(GATA3):c.43C>T (p.His15Tyr)","chr10","8055698","C/T","GATA3","-0.12","dataset0636","Missense","Neutral to the TNFa cytokine expression in CD4⁺ T cell","TNFa cytokine expression","4","Functionally normal","","6.41e-07","NA","CRISPR-Based Genome Editing","Base editing","38093011"
"NM_001002295.2(GATA3):c.44A>G (p.His15Arg)","chr10","8055699","A/G","GATA3","-0.082","dataset0636","Missense","Neutral to the TNFa cytokine expression in CD4⁺ T cell","TNFa cytokine expression","4","Functionally normal","","0","NA","CRISPR-Based Genome Editing","Base editing","38093011"
"NM_001002295.2(GATA3):c.45C>T (p.His15=)","chr10","8055700","C/T","GATA3","-0.12","dataset0636","Synonymous","Neutral to the TNFa cytokine expression in CD4⁺ T cell","TNFa cytokine expression","4","Functionally normal","Likely benign","1.08888e-05","NA","CRISPR-Based Genome Editing","Base editing","38093011"
"NM_001002295.2(GATA3):c.46C>T (p.Pro16Ser)","chr10","8055701","C/T","GATA3","-0.12","dataset0636","Missense","Neutral to the TNFa cytokine expression in CD4⁺ T cell","TNFa cytokine expression","4","Functionally normal","","6.40288e-07","NA","CRISPR-Based Genome Editing","Base editing","38093011"
"NM_001002295.2(GATA3):c.47C>T (p.Pro16Leu)","chr10","8055702","C/T","GATA3","-0.12","dataset0636","Missense","Neutral to the TNFa cytokine expression in CD4⁺ T cell","TNFa cytokine expression","4","Functionally normal","","0","NA","CRISPR-Based Genome Editing","Base editing","38093011"
"NM_001002295.2(GATA3):c.48C>T (p.Pro16=)","chr10","8055703","C/T","GATA3","-0.12","dataset0636","Synonymous","Neutral to the TNFa cytokine expression in CD4⁺ T cell","TNFa cytokine expression","4","Functionally normal","","1.2802e-06","NA","CRISPR-Based Genome Editing","Base editing","38093011"
"NM_001002295.2(GATA3):c.49G>A (p.Ala17Thr)","chr10","8055704","G/A","GATA3","-0.049","dataset0636","Missense","Neutral to the TNFa cytokine expression in CD4⁺ T cell","TNFa cytokine expression","4","Functionally normal","","0","NA","CRISPR-Based Genome Editing","Base editing","38093011"
"NM_001002295.2(GATA3):c.50C>T (p.Ala17Val)","chr10","8055705","C/T","GATA3","-0.12","dataset0636","Missense","Neutral to the TNFa cytokine expression in CD4⁺ T cell","TNFa cytokine expression","4","Functionally normal","","","NA","CRISPR-Based Genome Editing","Base editing","38093011"
"NM_001002295.2(GATA3):c.51C>T (p.Ala17=)","chr10","8055706","C/T","GATA3","-0.037","dataset0636","Synonymous","Neutral to the TNFa cytokine expression in CD4⁺ T cell","TNFa cytokine expression","4","Functionally normal","","6.39599e-07","NA","CRISPR-Based Genome Editing","Base editing","38093011"
"NM_001002295.2(GATA3):c.52G>A (p.Val18Met)","chr10","8055707","G/A","GATA3","-0.044","dataset0636","Missense","Neutral to the TNFa cytokine expression in CD4⁺ T cell","TNFa cytokine expression","4","Functionally normal","Uncertain significance","1.27862e-06","ucec:0.2% (1/529):0.560","CRISPR-Based Genome Editing","Base editing","38093011"
"NM_001002295.2(GATA3):c.53T>C (p.Val18Ala)","chr10","8055708","T/C","GATA3","-0.087","dataset0636","Missense","Neutral to the TNFa cytokine expression in CD4⁺ T cell","TNFa cytokine expression","4","Functionally normal","","2.55652e-06","NA","CRISPR-Based Genome Editing","Base editing","38093011"
"NM_001002295.2(GATA3):c.54G>A (p.Val18=)","chr10","8055709","G/A","GATA3","-0.044","dataset0636","Synonymous","Neutral to the TNFa cytokine expression in CD4⁺ T cell","TNFa cytokine expression","4","Functionally normal","","1.27792e-06","NA","CRISPR-Based Genome Editing","Base editing","38093011"
"NM_001002295.2(GATA3):c.56T>C (p.Leu19Pro)","chr10","8055711","T/C","GATA3","0.074","dataset0636","Missense","Neutral to the TNFa cytokine expression in CD4⁺ T cell","TNFa cytokine expression","4","Functionally normal","","0","NA","CRISPR-Based Genome Editing","Base editing","38093011"
"NM_001002295.2(GATA3):c.58A>G (p.Asn20Asp)","chr10","8055713","A/G","GATA3","-0.161","dataset0636","Missense","Neutral to the TNFa cytokine expression in CD4⁺ T cell","TNFa cytokine expression","4","Functionally normal","Uncertain significance","0","NA","CRISPR-Based Genome Editing","Base editing","38093011"
"NM_001002295.2(GATA3):c.61G>A (p.Gly21Arg)","chr10","8055716","G/A","GATA3","-0.004","dataset0636","Missense","Neutral to the TNFa cytokine expression in CD4⁺ T cell","TNFa cytokine expression","4","Functionally normal","","0","esca:0.5% (1/182):0.100","CRISPR-Based Genome Editing","Base editing","38093011"
"NM_001002295.2(GATA3):c.67C>T (p.His23Tyr)","chr10","8055722","C/T","GATA3","0.093","dataset0636","Missense","Neutral to the TNFa cytokine expression in CD4⁺ T cell","TNFa cytokine expression","4","Functionally normal","","","NA","CRISPR-Based Genome Editing","Base editing","38093011"
"NM_001002295.2(GATA3):c.68A>G (p.His23Arg)","chr10","8055723","A/G","GATA3","-0.049","dataset0636","Missense","Neutral to the TNFa cytokine expression in CD4⁺ T cell","TNFa cytokine expression","4","Functionally normal","","","NA","CRISPR-Based Genome Editing","Base editing","38093011"
"NM_001002295.2(GATA3):c.69C>T (p.His23=)","chr10","8055724","C/T","GATA3","0.093","dataset0636","Synonymous","Neutral to the TNFa cytokine expression in CD4⁺ T cell","TNFa cytokine expression","4","Functionally normal","Benign","8.46931e-05","NA","CRISPR-Based Genome Editing","Base editing","38093011"
"NM_001002295.2(GATA3):c.70C>T (p.Pro24Ser)","chr10","8055725","C/T","GATA3","0.093","dataset0636","Missense","Neutral to the TNFa cytokine expression in CD4⁺ T cell","TNFa cytokine expression","4","Functionally normal","","","NA","CRISPR-Based Genome Editing","Base editing","38093011"
"NM_001002295.2(GATA3):c.71C>T (p.Pro24Leu)","chr10","8055726","C/T","GATA3","0.093","dataset0636","Missense","Neutral to the TNFa cytokine expression in CD4⁺ T cell","TNFa cytokine expression","4","Functionally normal","Uncertain significance","1.27304e-06","NA","CRISPR-Based Genome Editing","Base editing","38093011"
"NM_001002295.2(GATA3):c.72G>A (p.Pro24=)","chr10","8055727","G/A","GATA3","0.003","dataset0636","Synonymous","Neutral to the TNFa cytokine expression in CD4⁺ T cell","TNFa cytokine expression","4","Functionally normal","Likely benign","0.000140618","NA","CRISPR-Based Genome Editing","Base editing","38093011"
"NM_001002295.2(GATA3):c.74A>G (p.Asp25Gly)","chr10","8055729","A/G","GATA3","-0.036","dataset0636","Missense","Neutral to the TNFa cytokine expression in CD4⁺ T cell","TNFa cytokine expression","4","Functionally normal","","6.36079e-07","NA","CRISPR-Based Genome Editing","Base editing","38093011"
"NM_001002295.2(GATA3):c.75C>T (p.Asp25=)","chr10","8055730","C/T","GATA3","0.093","dataset0636","Synonymous","Neutral to the TNFa cytokine expression in CD4⁺ T cell","TNFa cytokine expression","4","Functionally normal","","","NA","CRISPR-Based Genome Editing","Base editing","38093011"
"NM_001002295.2(GATA3):c.77C>T (p.Thr26Met)","chr10","8055732","C/T","GATA3","0.093","dataset0636","Missense","Neutral to the TNFa cytokine expression in CD4⁺ T cell","TNFa cytokine expression","4","Functionally normal","","","NA","CRISPR-Based Genome Editing","Base editing","38093011"
"NM_001002295.2(GATA3):c.87G>A (p.Pro29=)","chr10","8055742","G/A","GATA3","-0.015","dataset0636","Synonymous","Neutral to the TNFa cytokine expression in CD4⁺ T cell","TNFa cytokine expression","4","Functionally normal","","1.26785e-06","NA","CRISPR-Based Genome Editing","Base editing","38093011"
"NM_001002295.2(GATA3):c.88G>A (p.Gly30Ser)","chr10","8055743","G/A","GATA3","-0.015","dataset0636","Missense","Neutral to the TNFa cytokine expression in CD4⁺ T cell","TNFa cytokine expression","4","Functionally normal","","0","NA","CRISPR-Based Genome Editing","Base editing","38093011"
"NM_001002295.2(GATA3):c.89G>A (p.Gly30Asp)","chr10","8055744","G/A","GATA3","-0.015","dataset0636","Missense","Neutral to the TNFa cytokine expression in CD4⁺ T cell","TNFa cytokine expression","4","Functionally normal","Uncertain significance","0","NA","CRISPR-Based Genome Editing","Base editing","38093011"
"NM_001002295.2(GATA3):c.90C>T (p.Gly30=)","chr10","8055745","C/T","GATA3","0.207","dataset0636","Synonymous","The enhanced TNFa cytokine expression in CD4⁺ T cell","TNFa cytokine expression","4","Gain-of-function","","0","NA","CRISPR-Based Genome Editing","Base editing","38093011"
"NM_001002295.2(GATA3):c.91C>T (p.Leu31Phe)","chr10","8055746","C/T","GATA3","0.207","dataset0636","Missense","The enhanced TNFa cytokine expression in CD4⁺ T cell","TNFa cytokine expression","4","Gain-of-function","","6.32983e-07","NA","CRISPR-Based Genome Editing","Base editing","38093011"
"NM_001002295.2(GATA3):c.93C>T (p.Leu31=)","chr10","8055748","C/T","GATA3","-0.089","dataset0636","Synonymous","Neutral to the TNFa cytokine expression in CD4⁺ T cell","TNFa cytokine expression","4","Functionally normal","","","NA","CRISPR-Based Genome Editing","Base editing","38093011"
"NM_001002295.2(GATA3):c.94A>G (p.Ser32Gly)","chr10","8055749","A/G","GATA3","-0.133","dataset0636","Missense","Neutral to the TNFa cytokine expression in CD4⁺ T cell","TNFa cytokine expression","4","Functionally normal","","0","NA","CRISPR-Based Genome Editing","Base editing","38093011"
"NM_001002295.2(GATA3):c.95G>A (p.Ser32Asn)","chr10","8055750","G/A","GATA3","0.099","dataset0636","Missense","Neutral to the TNFa cytokine expression in CD4⁺ T cell","TNFa cytokine expression","4","Functionally normal","","","NA","CRISPR-Based Genome Editing","Base editing","38093011"
"NM_001002295.2(GATA3):c.96C>T (p.Ser32=)","chr10","8055751","C/T","GATA3","-0.089","dataset0636","Synonymous","Neutral to the TNFa cytokine expression in CD4⁺ T cell","TNFa cytokine expression","4","Functionally normal","","0","NA","CRISPR-Based Genome Editing","Base editing","38093011"
"NM_001002295.2(GATA3):c.97C>T (p.His33Tyr)","chr10","8055752","C/T","GATA3","-0.089","dataset0636","Missense","Neutral to the TNFa cytokine expression in CD4⁺ T cell","TNFa cytokine expression","4","Functionally normal","","","NA","CRISPR-Based Genome Editing","Base editing","38093011"
"NM_001002295.2(GATA3):c.98A>G (p.His33Arg)","chr10","8055753","A/G","GATA3","-0.093","dataset0636","Missense","Neutral to the TNFa cytokine expression in CD4⁺ T cell","TNFa cytokine expression","4","Functionally normal","","","NA","CRISPR-Based Genome Editing","Base editing","38093011"
"NM_001002295.2(GATA3):c.99C>T (p.His33=)","chr10","8055754","C/T","GATA3","-0.089","dataset0636","Synonymous","Neutral to the TNFa cytokine expression in CD4⁺ T cell","TNFa cytokine expression","4","Functionally normal","","","NA","CRISPR-Based Genome Editing","Base editing","38093011"
"NM_001002295.2(GATA3):c.100T>C (p.Ser34Pro)","chr10","8055755","T/C","GATA3","-0.141","dataset0636","Missense","Neutral to the TNFa cytokine expression in CD4⁺ T cell","TNFa cytokine expression","4","Functionally normal","","0","NA","CRISPR-Based Genome Editing","Base editing","38093011"
"NM_001002295.2(GATA3):c.103T>C (p.Tyr35His)","chr10","8055758","T/C","GATA3","0.161","dataset0636","Missense","Neutral to the TNFa cytokine expression in CD4⁺ T cell","TNFa cytokine expression","4","Functionally normal","","1.26056e-06","NA","CRISPR-Based Genome Editing","Base editing","38093011"
"NM_001002295.2(GATA3):c.107T>C (p.Met36Thr)","chr10","8055762","T/C","GATA3","0.152","dataset0636","Missense","Neutral to the TNFa cytokine expression in CD4⁺ T cell","TNFa cytokine expression","4","Functionally normal","","6.29527e-07","NA","CRISPR-Based Genome Editing","Base editing","38093011"
"NM_001002295.2(GATA3):c.108G>A (p.Met36Ile)","chr10","8055763","G/A","GATA3","-0.176","dataset0636","Missense","Neutral to the TNFa cytokine expression in CD4⁺ T cell","TNFa cytokine expression","4","Functionally normal","","0","NA","CRISPR-Based Genome Editing","Base editing","38093011"
"NM_001002295.2(GATA3):c.109G>A (p.Asp37Asn)","chr10","8055764","G/A","GATA3","-0.176","dataset0636","Missense","Neutral to the TNFa cytokine expression in CD4⁺ T cell","TNFa cytokine expression","4","Functionally normal","","0","NA","CRISPR-Based Genome Editing","Base editing","38093011"
"NM_001002295.2(GATA3):c.111C>T (p.Asp37=)","chr10","8055766","C/T","GATA3","0.043","dataset0636","Synonymous","Neutral to the TNFa cytokine expression in CD4⁺ T cell","TNFa cytokine expression","4","Functionally normal","","0","NA","CRISPR-Based Genome Editing","Base editing","38093011"
"NM_001002295.2(GATA3):c.112G>A (p.Ala38Thr)","chr10","8055767","G/A","GATA3","0.186","dataset0636","Missense","Neutral to the TNFa cytokine expression in CD4⁺ T cell","TNFa cytokine expression","4","Functionally normal","","0","NA","CRISPR-Based Genome Editing","Base editing","38093011"
"NM_001002295.2(GATA3):c.113C>T (p.Ala38Val)","chr10","8055768","C/T","GATA3","0.043","dataset0636","Missense","Neutral to the TNFa cytokine expression in CD4⁺ T cell","TNFa cytokine expression","4","Functionally normal","","6.28758e-07","NA","CRISPR-Based Genome Editing","Base editing","38093011"
"NM_001002295.2(GATA3):c.114G>A (p.Ala38=)","chr10","8055769","G/A","GATA3","-0.081","dataset0636","Synonymous","Neutral to the TNFa cytokine expression in CD4⁺ T cell","TNFa cytokine expression","4","Functionally normal","","2.82859e-05","NA","CRISPR-Based Genome Editing","Base editing","38093011"
"NM_001002295.2(GATA3):c.115G>A (p.Ala39Thr)","chr10","8055770","G/A","GATA3","-0.081","dataset0636","Missense","Neutral to the TNFa cytokine expression in CD4⁺ T cell","TNFa cytokine expression","4","Functionally normal","","6.28497e-07","NA","CRISPR-Based Genome Editing","Base editing","38093011"
"NM_001002295.2(GATA3):c.116C>T (p.Ala39Val)","chr10","8055771","C/T","GATA3","-0.101","dataset0636","Missense","Neutral to the TNFa cytokine expression in CD4⁺ T cell","TNFa cytokine expression","4","Functionally normal","","0","NA","CRISPR-Based Genome Editing","Base editing","38093011"
"NM_001002295.2(GATA3):c.117G>A (p.Ala39=)","chr10","8055772","G/A","GATA3","-0.081","dataset0636","Synonymous","Neutral to the TNFa cytokine expression in CD4⁺ T cell","TNFa cytokine expression","4","Functionally normal","","0","NA","CRISPR-Based Genome Editing","Base editing","38093011"
"NM_001002295.2(GATA3):c.118C>T (p.Gln40Ter)","chr10","8055773","C/T","GATA3","0.066","dataset0636","Nonsense","Neutral to the TNFa cytokine expression in CD4⁺ T cell","TNFa cytokine expression","4","Functionally normal","","","NA","CRISPR-Based Genome Editing","Base editing","38093011"
"NM_001002295.2(GATA3):c.119A>G (p.Gln40Arg)","chr10","8055774","A/G","GATA3","-0.065","dataset0636","Missense","Neutral to the TNFa cytokine expression in CD4⁺ T cell","TNFa cytokine expression","4","Functionally normal","","","NA","CRISPR-Based Genome Editing","Base editing","38093011"
"NM_001002295.2(GATA3):c.121T>C (p.Tyr41His)","chr10","8055776","T/C","GATA3","-0.04","dataset0636","Missense","Neutral to the TNFa cytokine expression in CD4⁺ T cell","TNFa cytokine expression","4","Functionally normal","","1.2561e-06","NA","CRISPR-Based Genome Editing","Base editing","38093011"
"NM_001002295.2(GATA3):c.122A>G (p.Tyr41Cys)","chr10","8055777","A/G","GATA3","0.031","dataset0636","Missense","Neutral to the TNFa cytokine expression in CD4⁺ T cell","TNFa cytokine expression","4","Functionally normal","","6.28112e-07","coad:0.2% (1/439):0.290","CRISPR-Based Genome Editing","Base editing","38093011"
"NM_001002295.2(GATA3):c.123C>T (p.Tyr41=)","chr10","8055778","C/T","GATA3","0.066","dataset0636","Synonymous","Neutral to the TNFa cytokine expression in CD4⁺ T cell","TNFa cytokine expression","4","Functionally normal","","1.256e-06","NA","CRISPR-Based Genome Editing","Base editing","38093011"
"NM_001002295.2(GATA3):c.133G>A (p.Glu45Lys)","chr10","8055788","G/A","GATA3","-0.055","dataset0636","Missense","Neutral to the TNFa cytokine expression in CD4⁺ T cell","TNFa cytokine expression","4","Functionally normal","","","NA","CRISPR-Based Genome Editing","Base editing","38093011"
"NM_001002295.2(GATA3):c.135G>A (p.Glu45=)","chr10","8055790","G/A","GATA3","-0.138","dataset0636","Synonymous","Neutral to the TNFa cytokine expression in CD4⁺ T cell","TNFa cytokine expression","4","Functionally normal","","0","NA","CRISPR-Based Genome Editing","Base editing","38093011"
"NM_001002295.2(GATA3):c.136G>A (p.Glu46Lys)","chr10","8055791","G/A","GATA3","-0.138","dataset0636","Missense","Neutral to the TNFa cytokine expression in CD4⁺ T cell","TNFa cytokine expression","4","Functionally normal","","","NA","CRISPR-Based Genome Editing","Base editing","38093011"
"NM_001002295.2(GATA3):c.138G>A (p.Glu46=)","chr10","8055793","G/A","GATA3","-0.138","dataset0636","Synonymous","Neutral to the TNFa cytokine expression in CD4⁺ T cell","TNFa cytokine expression","4","Functionally normal","","6.27578e-07","NA","CRISPR-Based Genome Editing","Base editing","38093011"
"NM_001002295.2(GATA3):c.139G>A (p.Val47Met)","chr10","8055794","G/A","GATA3","-0.138","dataset0636","Missense","Neutral to the TNFa cytokine expression in CD4⁺ T cell","TNFa cytokine expression","4","Functionally normal","","1.25489e-06","NA","CRISPR-Based Genome Editing","Base editing","38093011"
"NM_001002295.2(GATA3):c.140T>C (p.Val47Ala)","chr10","8055795","T/C","GATA3","0.034","dataset0636","Missense","Neutral to the TNFa cytokine expression in CD4⁺ T cell","TNFa cytokine expression","4","Functionally normal","","6.28626e-07","NA","CRISPR-Based Genome Editing","Base editing","38093011"
"NM_001002295.2(GATA3):c.141G>A (p.Val47=)","chr10","8055796","G/A","GATA3","0.041","dataset0636","Synonymous","Neutral to the TNFa cytokine expression in CD4⁺ T cell","TNFa cytokine expression","4","Functionally normal","","6.27516e-07","NA","CRISPR-Based Genome Editing","Base editing","38093011"
"NM_001002295.2(GATA3):c.142G>A (p.Asp48Asn)","chr10","8055797","G/A","GATA3","0.041","dataset0636","Missense","Neutral to the TNFa cytokine expression in CD4⁺ T cell","TNFa cytokine expression","4","Functionally normal","Uncertain significance","","NA","CRISPR-Based Genome Editing","Base editing","38093011"
"NM_001002295.2(GATA3):c.144T>C (p.Asp48=)","chr10","8055799","T/C","GATA3","-0.111","dataset0636","Synonymous","Neutral to the TNFa cytokine expression in CD4⁺ T cell","TNFa cytokine expression","4","Functionally normal","","0","NA","CRISPR-Based Genome Editing","Base editing","38093011"
"NM_001002295.2(GATA3):c.145G>A (p.Val49Met)","chr10","8055800","G/A","GATA3","0.041","dataset0636","Missense","Neutral to the TNFa cytokine expression in CD4⁺ T cell","TNFa cytokine expression","4","Functionally normal","","6.2746e-07","NA","CRISPR-Based Genome Editing","Base editing","38093011"
"NM_001002295.2(GATA3):c.146T>C (p.Val49Ala)","chr10","8055801","T/C","GATA3","0.007","dataset0636","Missense","Neutral to the TNFa cytokine expression in CD4⁺ T cell","TNFa cytokine expression","4","Functionally normal","","","NA","CRISPR-Based Genome Editing","Base editing","38093011"
"NM_001002295.2(GATA3):c.148C>T (p.Leu50Phe)","chr10","8055803","C/T","GATA3","-0.016","dataset0636","Missense","Neutral to the TNFa cytokine expression in CD4⁺ T cell","TNFa cytokine expression","4","Functionally normal","Uncertain significance","1.2551e-06","NA","CRISPR-Based Genome Editing","Base editing","38093011"
"NM_001002295.2(GATA3):c.149T>C (p.Leu50Pro)","chr10","8055804","T/C","GATA3","0.007","dataset0636","Missense","Neutral to the TNFa cytokine expression in CD4⁺ T cell","TNFa cytokine expression","4","Functionally normal","","1.25515e-06","NA","CRISPR-Based Genome Editing","Base editing","38093011"
"NM_001002295.2(GATA3):c.150T>C (p.Leu50=)","chr10","8055805","T/C","GATA3","0.007","dataset0636","Synonymous","Neutral to the TNFa cytokine expression in CD4⁺ T cell","TNFa cytokine expression","4","Functionally normal","","","NA","CRISPR-Based Genome Editing","Base editing","38093011"
"NM_001002295.2(GATA3):c.154A>G (p.Asn52Asp)","chr10","8055809","A/G","GATA3","-0.223","dataset0636","Missense","The diminished TNFa cytokine expression in CD4⁺ T cell","TNFa cytokine expression","4","Loss-of-function","","6.27639e-07","NA","CRISPR-Based Genome Editing","Base editing","38093011"
"NM_001002295.2(GATA3):c.155A>G (p.Asn52Ser)","chr10","8055810","A/G","GATA3","-0.223","dataset0636","Missense","The diminished TNFa cytokine expression in CD4⁺ T cell","TNFa cytokine expression","4","Loss-of-function","","8.15976e-06","NA","CRISPR-Based Genome Editing","Base editing","38093011"
"NM_001002295.2(GATA3):c.156C>T (p.Asn52=)","chr10","8055811","C/T","GATA3","0.048","dataset0636","Synonymous","Neutral to the TNFa cytokine expression in CD4⁺ T cell","TNFa cytokine expression","4","Functionally normal","","6.27899e-07","NA","CRISPR-Based Genome Editing","Base editing","38093011"
"NM_001002295.2(GATA3):c.159C>T (p.Ile53=)","chr10","8055814","C/T","GATA3","0.048","dataset0636","Synonymous","Neutral to the TNFa cytokine expression in CD4⁺ T cell","TNFa cytokine expression","4","Functionally normal","","","NA","CRISPR-Based Genome Editing","Base editing","38093011"
"NM_001002295.2(GATA3):c.174C>T (p.Asn58=)","chr10","8055829","C/T","GATA3","-0.097","dataset0636","Synonymous","Neutral to the TNFa cytokine expression in CD4⁺ T cell","TNFa cytokine expression","4","Functionally normal","","0","NA","CRISPR-Based Genome Editing","Base editing","38093011"
"NM_001002295.2(GATA3):c.175C>T (p.His59Tyr)","chr10","8055830","C/T","GATA3","-0.097","dataset0636","Missense","Neutral to the TNFa cytokine expression in CD4⁺ T cell","TNFa cytokine expression","4","Functionally normal","","6.29834e-06","NA","CRISPR-Based Genome Editing","Base editing","38093011"
"NM_001002295.2(GATA3):c.176A>G (p.His59Arg)","chr10","8055831","A/G","GATA3","-0.045","dataset0636","Missense","Neutral to the TNFa cytokine expression in CD4⁺ T cell","TNFa cytokine expression","4","Functionally normal","","","NA","CRISPR-Based Genome Editing","Base editing","38093011"
"NM_001002295.2(GATA3):c.177C>T (p.His59=)","chr10","8055832","C/T","GATA3","-0.097","dataset0636","Synonymous","Neutral to the TNFa cytokine expression in CD4⁺ T cell","TNFa cytokine expression","4","Functionally normal","","0","NA","CRISPR-Based Genome Editing","Base editing","38093011"
"NM_001002295.2(GATA3):c.180C>T (p.Val60=)","chr10","8055835","C/T","GATA3","0.074","dataset0636","Synonymous","Neutral to the TNFa cytokine expression in CD4⁺ T cell","TNFa cytokine expression","4","Functionally normal","","0","NA","CRISPR-Based Genome Editing","Base editing","38093011"
"NM_001002295.2(GATA3):c.181C>T (p.Pro61Ser)","chr10","8055836","C/T","GATA3","0.074","dataset0636","Missense","Neutral to the TNFa cytokine expression in CD4⁺ T cell","TNFa cytokine expression","4","Functionally normal","","0","NA","CRISPR-Based Genome Editing","Base editing","38093011"
"NM_001002295.2(GATA3):c.182C>T (p.Pro61Leu)","chr10","8055837","C/T","GATA3","0.074","dataset0636","Missense","Neutral to the TNFa cytokine expression in CD4⁺ T cell","TNFa cytokine expression","4","Functionally normal","","1.26267e-06","NA","CRISPR-Based Genome Editing","Base editing","38093011"
"NM_001002295.2(GATA3):c.184C>T (p.Pro62Ser)","chr10","8055839","C/T","GATA3","0.074","dataset0636","Missense","Neutral to the TNFa cytokine expression in CD4⁺ T cell","TNFa cytokine expression","4","Functionally normal","","1.89349e-06","NA","CRISPR-Based Genome Editing","Base editing","38093011"
"NM_001002295.2(GATA3):c.185C>T (p.Pro62Leu)","chr10","8055840","C/T","GATA3","-0.007","dataset0636","Missense","Neutral to the TNFa cytokine expression in CD4⁺ T cell","TNFa cytokine expression","4","Functionally normal","","1.89405e-06","NA","CRISPR-Based Genome Editing","Base editing","38093011"
"NM_001002295.2(GATA3):c.186C>T (p.Pro62=)","chr10","8055841","C/T","GATA3","-0.008","dataset0636","Synonymous","Neutral to the TNFa cytokine expression in CD4⁺ T cell","TNFa cytokine expression","4","Functionally normal","","","NA","CRISPR-Based Genome Editing","Base editing","38093011"
"NM_001002295.2(GATA3):c.188A>G (p.Tyr63Cys)","chr10","8055843","A/G","GATA3","0.01","dataset0636","Missense","Neutral to the TNFa cytokine expression in CD4⁺ T cell","TNFa cytokine expression","4","Functionally normal","Uncertain significance","3.09754e-05","NA","CRISPR-Based Genome Editing","Base editing","38093011"
"NM_001002295.2(GATA3):c.189C>T (p.Tyr63=)","chr10","8055844","C/T","GATA3","-0.008","dataset0636","Synonymous","Neutral to the TNFa cytokine expression in CD4⁺ T cell","TNFa cytokine expression","4","Functionally normal","","","NA","CRISPR-Based Genome Editing","Base editing","38093011"
"NM_001002295.2(GATA3):c.190T>C (p.Tyr64His)","chr10","8055845","T/C","GATA3","0.194","dataset0636","Missense","The enhanced TNFa cytokine expression in CD4⁺ T cell","TNFa cytokine expression","4","Gain-of-function","","0","NA","CRISPR-Based Genome Editing","Base editing","38093011"
"NM_001002295.2(GATA3):c.191A>G (p.Tyr64Cys)","chr10","8055846","A/G","GATA3","0.01","dataset0636","Missense","Neutral to the TNFa cytokine expression in CD4⁺ T cell","TNFa cytokine expression","4","Functionally normal","","0","NA","CRISPR-Based Genome Editing","Base editing","38093011"
"NM_001002295.2(GATA3):c.192C>T (p.Tyr64=)","chr10","8055847","C/T","GATA3","-0.011","dataset0636","Synonymous","Neutral to the TNFa cytokine expression in CD4⁺ T cell","TNFa cytokine expression","4","Functionally normal","","2.53049e-06","NA","CRISPR-Based Genome Editing","Base editing","38093011"
"NM_001002295.2(GATA3):c.193G>A (p.Gly65Arg)","chr10","8055848","G/A","GATA3","-0.067","dataset0636","Missense","Neutral to the TNFa cytokine expression in CD4⁺ T cell","TNFa cytokine expression","4","Functionally normal","","6.32638e-07","NA","CRISPR-Based Genome Editing","Base editing","38093011"
"NM_001002295.2(GATA3):c.194G>A (p.Gly65Glu)","chr10","8055849","G/A","GATA3","-0.037","dataset0636","Missense","Neutral to the TNFa cytokine expression in CD4⁺ T cell","TNFa cytokine expression","4","Functionally normal","","6.32794e-07","NA","CRISPR-Based Genome Editing","Base editing","38093011"
"NM_001002295.2(GATA3):c.195A>G (p.Gly65=)","chr10","8055850","A/G","GATA3","0.056","dataset0636","Synonymous","Neutral to the TNFa cytokine expression in CD4⁺ T cell","TNFa cytokine expression","4","Functionally normal","","","NA","CRISPR-Based Genome Editing","Base editing","38093011"
"NM_001002295.2(GATA3):c.196A>G (p.Asn66Asp)","chr10","8055851","A/G","GATA3","0.056","dataset0636","Missense","Neutral to the TNFa cytokine expression in CD4⁺ T cell","TNFa cytokine expression","4","Functionally normal","","","NA","CRISPR-Based Genome Editing","Base editing","38093011"
"NM_001002295.2(GATA3):c.197A>G (p.Asn66Ser)","chr10","8055852","A/G","GATA3","0.056","dataset0636","Missense","Neutral to the TNFa cytokine expression in CD4⁺ T cell","TNFa cytokine expression","4","Functionally normal","","","NA","CRISPR-Based Genome Editing","Base editing","38093011"
"NM_001002295.2(GATA3):c.199T>C (p.Ser67Pro)","chr10","8055854","T/C","GATA3","0.09","dataset0636","Missense","Neutral to the TNFa cytokine expression in CD4⁺ T cell","TNFa cytokine expression","4","Functionally normal","","","NA","CRISPR-Based Genome Editing","Base editing","38093011"
"NM_001002295.2(GATA3):c.200C>T (p.Ser67Leu)","chr10","8055855","C/T","GATA3","-0.031","dataset0636","Missense","Neutral to the TNFa cytokine expression in CD4⁺ T cell","TNFa cytokine expression","4","Functionally normal","","1.26862e-06","NA","CRISPR-Based Genome Editing","Base editing","38093011"
"NM_001002295.2(GATA3):c.201G>A (p.Ser67=)","chr10","8055856","G/A","GATA3","0.113","dataset0636","Synonymous","Neutral to the TNFa cytokine expression in CD4⁺ T cell","TNFa cytokine expression","4","Functionally normal","Likely benign","2.53715e-06","NA","CRISPR-Based Genome Editing","Base editing","38093011"
"NM_001002295.2(GATA3):c.202G>A (p.Val68Ile)","chr10","8055857","G/A","GATA3","0.113","dataset0636","Missense","Neutral to the TNFa cytokine expression in CD4⁺ T cell","TNFa cytokine expression","4","Functionally normal","","0","NA","CRISPR-Based Genome Editing","Base editing","38093011"
"NM_001002295.2(GATA3):c.203T>C (p.Val68Ala)","chr10","8055858","T/C","GATA3","-0.093","dataset0636","Missense","Neutral to the TNFa cytokine expression in CD4⁺ T cell","TNFa cytokine expression","4","Functionally normal","","0","NA","CRISPR-Based Genome Editing","Base editing","38093011"
"NM_001002295.2(GATA3):c.204C>T (p.Val68=)","chr10","8055859","C/T","GATA3","-0.031","dataset0636","Synonymous","Neutral to the TNFa cytokine expression in CD4⁺ T cell","TNFa cytokine expression","4","Functionally normal","","0","NA","CRISPR-Based Genome Editing","Base editing","38093011"
"NM_001002295.2(GATA3):c.205A>G (p.Arg69Gly)","chr10","8055860","A/G","GATA3","0.116","dataset0636","Missense","Neutral to the TNFa cytokine expression in CD4⁺ T cell","TNFa cytokine expression","4","Functionally normal","Uncertain significance","1.46082e-05","NA","CRISPR-Based Genome Editing","Base editing","38093011"
"NM_001002295.2(GATA3):c.206G>A (p.Arg69Lys)","chr10","8055861","G/A","GATA3","-0.073","dataset0636","Missense","Neutral to the TNFa cytokine expression in CD4⁺ T cell","TNFa cytokine expression","4","Functionally normal","","0","NA","CRISPR-Based Genome Editing","Base editing","38093011"
"NM_001002295.2(GATA3):c.219G>A (p.Gln73=)","chr10","8055874","G/A","GATA3","-0.027","dataset0636","Synonymous","Neutral to the TNFa cytokine expression in CD4⁺ T cell","TNFa cytokine expression","4","Functionally normal","","0","NA","CRISPR-Based Genome Editing","Base editing","38093011"
"NM_001002295.2(GATA3):c.221G>A (p.Arg74Lys)","chr10","8055876","G/A","GATA3","-0.027","dataset0636","Missense","Neutral to the TNFa cytokine expression in CD4⁺ T cell","TNFa cytokine expression","4","Functionally normal","","","NA","CRISPR-Based Genome Editing","Base editing","38093011"
"NM_001002295.2(GATA3):c.222G>A (p.Arg74=)","chr10","8055877","G/A","GATA3","-0.027","dataset0636","Synonymous","Neutral to the TNFa cytokine expression in CD4⁺ T cell","TNFa cytokine expression","4","Functionally normal","","","NA","CRISPR-Based Genome Editing","Base editing","38093011"
"NM_001002295.2(GATA3):c.224A>G (p.Tyr75Cys)","chr10","8055879","A/G","GATA3","0.018","dataset0636","Missense","Neutral to the TNFa cytokine expression in CD4⁺ T cell","TNFa cytokine expression","4","Functionally normal","","0","NA","CRISPR-Based Genome Editing","Base editing","38093011"
"NM_001002295.2(GATA3):c.225C>T (p.Tyr75=)","chr10","8055880","C/T","GATA3","0.054","dataset0636","Synonymous","Neutral to the TNFa cytokine expression in CD4⁺ T cell","TNFa cytokine expression","4","Functionally normal","","0","NA","CRISPR-Based Genome Editing","Base editing","38093011"
"NM_001002295.2(GATA3):c.226C>T (p.Pro76Ser)","chr10","8055881","C/T","GATA3","0.054","dataset0636","Missense","Neutral to the TNFa cytokine expression in CD4⁺ T cell","TNFa cytokine expression","4","Functionally normal","","3.19933e-06","NA","CRISPR-Based Genome Editing","Base editing","38093011"
"NM_001002295.2(GATA3):c.227C>T (p.Pro76Leu)","chr10","8055882","C/T","GATA3","0.054","dataset0636","Missense","Neutral to the TNFa cytokine expression in CD4⁺ T cell","TNFa cytokine expression","4","Functionally normal","","1.2803e-06","NA","CRISPR-Based Genome Editing","Base editing","38093011"
"NM_001002295.2(GATA3):c.228T>C (p.Pro76=)","chr10","8055883","T/C","GATA3","0.131","dataset0636","Synonymous","Neutral to the TNFa cytokine expression in CD4⁺ T cell","TNFa cytokine expression","4","Functionally normal","","","NA","CRISPR-Based Genome Editing","Base editing","38093011"
"NM_001002295.2(GATA3):c.229C>T (p.Pro77Ser)","chr10","8055884","C/T","GATA3","0.054","dataset0636","Missense","Neutral to the TNFa cytokine expression in CD4⁺ T cell","TNFa cytokine expression","4","Functionally normal","","4.48263e-06","NA","CRISPR-Based Genome Editing","Base editing","38093011"
"NM_001002295.2(GATA3):c.230C>T (p.Pro77Leu)","chr10","8055885","C/T","GATA3","0.054","dataset0636","Missense","Neutral to the TNFa cytokine expression in CD4⁺ T cell","TNFa cytokine expression","4","Functionally normal","","3.20474e-06","ucec:0.2% (1/529):0.420","CRISPR-Based Genome Editing","Base editing","38093011"
"NM_001002295.2(GATA3):c.231G>A (p.Pro77=)","chr10","8055886","G/A","GATA3","-0.027","dataset0636","Synonymous","Neutral to the TNFa cytokine expression in CD4⁺ T cell","TNFa cytokine expression","4","Functionally normal","","0","NA","CRISPR-Based Genome Editing","Base editing","38093011"
"NM_001002295.2(GATA3):c.233C>T (p.Thr78Ile)","chr10","8055888","C/T","GATA3","-0.028","dataset0636","Missense","Neutral to the TNFa cytokine expression in CD4⁺ T cell","TNFa cytokine expression","4","Functionally normal","Uncertain significance","0","NA","CRISPR-Based Genome Editing","Base editing","38093011"
"NM_001002295.2(GATA3):c.234C>T (p.Thr78=)","chr10","8055889","C/T","GATA3","0.003","dataset0636","Synonymous","Neutral to the TNFa cytokine expression in CD4⁺ T cell","TNFa cytokine expression","4","Functionally normal","","6.41139e-07","NA","CRISPR-Based Genome Editing","Base editing","38093011"
"NM_001002295.2(GATA3):c.235C>T (p.His79Tyr)","chr10","8055890","C/T","GATA3","0.026","dataset0636","Missense","Neutral to the TNFa cytokine expression in CD4⁺ T cell","TNFa cytokine expression","4","Functionally normal","","","NA","CRISPR-Based Genome Editing","Base editing","38093011"
"NM_001002295.2(GATA3):c.236A>G (p.His79Arg)","chr10","8055891","A/G","GATA3","0.053","dataset0636","Missense","Neutral to the TNFa cytokine expression in CD4⁺ T cell","TNFa cytokine expression","4","Functionally normal","","","NA","CRISPR-Based Genome Editing","Base editing","38093011"
"NM_001002295.2(GATA3):c.237C>T (p.His79=)","chr10","8055892","C/T","GATA3","0.026","dataset0636","Synonymous","Neutral to the TNFa cytokine expression in CD4⁺ T cell","TNFa cytokine expression","4","Functionally normal","","","NA","CRISPR-Based Genome Editing","Base editing","38093011"
"NM_001002295.2(GATA3):c.238C>T (p.His80Tyr)","chr10","8055893","C/T","GATA3","0.026","dataset0636","Missense","Neutral to the TNFa cytokine expression in CD4⁺ T cell","TNFa cytokine expression","4","Functionally normal","","0","NA","CRISPR-Based Genome Editing","Base editing","38093011"
"NM_001002295.2(GATA3):c.239A>G (p.His80Arg)","chr10","8055894","A/G","GATA3","-0.029","dataset0636","Missense","Neutral to the TNFa cytokine expression in CD4⁺ T cell","TNFa cytokine expression","4","Functionally normal","","0","NA","CRISPR-Based Genome Editing","Base editing","38093011"
"NM_001002295.2(GATA3):c.240C>T (p.His80=)","chr10","8055895","C/T","GATA3","0.026","dataset0636","Splice site","Neutral to the TNFa cytokine expression in CD4⁺ T cell","TNFa cytokine expression","4","Functionally normal","","0","NA","CRISPR-Based Genome Editing","Base editing","38093011"
"NM_001002295.2(GATA3):c.241G>A (p.Gly81Arg)","chr10","8055896","G/A","GATA3","-0.092","dataset0636","Missense","Neutral to the TNFa cytokine expression in CD4⁺ T cell","TNFa cytokine expression","4","Functionally normal","","6.42301e-07","NA","CRISPR-Based Genome Editing","Base editing","38093011"
"NM_001002295.2(GATA3):c.242G>A (p.Gly81Glu)","chr10","8058305","G/A","GATA3","0.194","dataset0636","Missense","The enhanced TNFa cytokine expression in CD4⁺ T cell","TNFa cytokine expression","4","Gain-of-function","","6.19802e-07","skcm:0.2% (1/448):0.350","CRISPR-Based Genome Editing","Base editing","38093011"
"NM_001002295.2(GATA3):c.245G>A (p.Ser82Asn)","chr10","8058308","G/A","GATA3","-0.303","dataset0636","Missense","The diminished TNFa cytokine expression in CD4⁺ T cell","TNFa cytokine expression","4","Loss-of-function","","6.19786e-07","NA","CRISPR-Based Genome Editing","Base editing","38093011"
"NM_001002295.2(GATA3):c.249G>A (p.Gln83=)","chr10","8058312","G/A","GATA3","0.079","dataset0636","Synonymous","Neutral to the TNFa cytokine expression in CD4⁺ T cell","TNFa cytokine expression","4","Functionally normal","","6.19774e-07","NA","CRISPR-Based Genome Editing","Base editing","38093011"
"NM_001002295.2(GATA3):c.250G>A (p.Val84Met)","chr10","8058313","G/A","GATA3","0.004","dataset0636","Missense","Neutral to the TNFa cytokine expression in CD4⁺ T cell","TNFa cytokine expression","4","Functionally normal","","","NA","CRISPR-Based Genome Editing","Base editing","38093011"
"NM_001002295.2(GATA3):c.251T>C (p.Val84Ala)","chr10","8058314","T/C","GATA3","-0.018","dataset0636","Missense","Neutral to the TNFa cytokine expression in CD4⁺ T cell","TNFa cytokine expression","4","Functionally normal","","","NA","CRISPR-Based Genome Editing","Base editing","38093011"
"NM_001002295.2(GATA3):c.252G>A (p.Val84=)","chr10","8058315","G/A","GATA3","0.122","dataset0636","Synonymous","Neutral to the TNFa cytokine expression in CD4⁺ T cell","TNFa cytokine expression","4","Functionally normal","","","NA","CRISPR-Based Genome Editing","Base editing","38093011"
"NM_001002295.2(GATA3):c.253T>C (p.Cys85Arg)","chr10","8058316","T/C","GATA3","-0.018","dataset0636","Missense","Neutral to the TNFa cytokine expression in CD4⁺ T cell","TNFa cytokine expression","4","Functionally normal","","","NA","CRISPR-Based Genome Editing","Base editing","38093011"
"NM_001002295.2(GATA3):c.254G>A (p.Cys85Tyr)","chr10","8058317","G/A","GATA3","0.122","dataset0636","Missense","Neutral to the TNFa cytokine expression in CD4⁺ T cell","TNFa cytokine expression","4","Functionally normal","Uncertain significance","5.14546e-05","NA","CRISPR-Based Genome Editing","Base editing","38093011"
"NM_001002295.2(GATA3):c.255C>T (p.Cys85=)","chr10","8058318","C/T","GATA3","-0.037","dataset0636","Synonymous","Neutral to the TNFa cytokine expression in CD4⁺ T cell","TNFa cytokine expression","4","Functionally normal","","6.19827e-07","NA","CRISPR-Based Genome Editing","Base editing","38093011"
"NM_001002295.2(GATA3):c.256C>T (p.Arg86Cys)","chr10","8058319","C/T","GATA3","-0.037","dataset0636","Missense","Neutral to the TNFa cytokine expression in CD4⁺ T cell","TNFa cytokine expression","4","Functionally normal","Uncertain significance","2.47919e-06","NA","CRISPR-Based Genome Editing","Base editing","38093011"
"NM_001002295.2(GATA3):c.257G>A (p.Arg86His)","chr10","8058320","G/A","GATA3","-0.148","dataset0636","Missense","Neutral to the TNFa cytokine expression in CD4⁺ T cell","TNFa cytokine expression","4","Functionally normal","Uncertain significance","3.09981e-06","NA","CRISPR-Based Genome Editing","Base editing","38093011"
"NM_001002295.2(GATA3):c.258C>T (p.Arg86=)","chr10","8058321","C/T","GATA3","-0.037","dataset0636","Synonymous","Neutral to the TNFa cytokine expression in CD4⁺ T cell","TNFa cytokine expression","4","Functionally normal","","0","NA","CRISPR-Based Genome Editing","Base editing","38093011"
"NM_001002295.2(GATA3):c.259C>T (p.Pro87Ser)","chr10","8058322","C/T","GATA3","-0.037","dataset0636","Missense","Neutral to the TNFa cytokine expression in CD4⁺ T cell","TNFa cytokine expression","4","Functionally normal","","","NA","CRISPR-Based Genome Editing","Base editing","38093011"
"NM_001002295.2(GATA3):c.260C>T (p.Pro87Leu)","chr10","8058323","C/T","GATA3","-0.037","dataset0636","Missense","Neutral to the TNFa cytokine expression in CD4⁺ T cell","TNFa cytokine expression","4","Functionally normal","","1.85922e-06","NA","CRISPR-Based Genome Editing","Base editing","38093011"
"NM_001002295.2(GATA3):c.262C>T (p.Pro88Ser)","chr10","8058325","C/T","GATA3","-0.037","dataset0636","Missense","Neutral to the TNFa cytokine expression in CD4⁺ T cell","TNFa cytokine expression","4","Functionally normal","","","NA","CRISPR-Based Genome Editing","Base editing","38093011"
"NM_001002295.2(GATA3):c.263C>T (p.Pro88Leu)","chr10","8058326","C/T","GATA3","-0.037","dataset0636","Missense","Neutral to the TNFa cytokine expression in CD4⁺ T cell","TNFa cytokine expression","4","Functionally normal","","","NA","CRISPR-Based Genome Editing","Base editing","38093011"
"NM_001002295.2(GATA3):c.264T>C (p.Pro88=)","chr10","8058327","T/C","GATA3","0.054","dataset0636","Synonymous","Neutral to the TNFa cytokine expression in CD4⁺ T cell","TNFa cytokine expression","4","Functionally normal","","1.7974e-05","NA","CRISPR-Based Genome Editing","Base editing","38093011"
"NM_001002295.2(GATA3):c.265C>T (p.Leu89=)","chr10","8058328","C/T","GATA3","-0.037","dataset0636","Synonymous","Neutral to the TNFa cytokine expression in CD4⁺ T cell","TNFa cytokine expression","4","Functionally normal","","","NA","CRISPR-Based Genome Editing","Base editing","38093011"
"NM_001002295.2(GATA3):c.266T>C (p.Leu89Pro)","chr10","8058329","T/C","GATA3","0.054","dataset0636","Missense","Neutral to the TNFa cytokine expression in CD4⁺ T cell","TNFa cytokine expression","4","Functionally normal","","","NA","CRISPR-Based Genome Editing","Base editing","38093011"
"NM_001002295.2(GATA3):c.267G>A (p.Leu89=)","chr10","8058330","G/A","GATA3","0.185","dataset0636","Synonymous","Neutral to the TNFa cytokine expression in CD4⁺ T cell","TNFa cytokine expression","4","Functionally normal","","6.19791e-07","NA","CRISPR-Based Genome Editing","Base editing","38093011"
"NM_001002295.2(GATA3):c.268C>T (p.Leu90Phe)","chr10","8058331","C/T","GATA3","0.036","dataset0636","Missense","Neutral to the TNFa cytokine expression in CD4⁺ T cell","TNFa cytokine expression","4","Functionally normal","","6.19752e-07","NA","CRISPR-Based Genome Editing","Base editing","38093011"
"NM_001002295.2(GATA3):c.270T>C (p.Leu90=)","chr10","8058333","T/C","GATA3","-0.12","dataset0636","Synonymous","Neutral to the TNFa cytokine expression in CD4⁺ T cell","TNFa cytokine expression","4","Functionally normal","","","NA","CRISPR-Based Genome Editing","Base editing","38093011"
"NM_001002295.2(GATA3):c.271C>T (p.His91Tyr)","chr10","8058334","C/T","GATA3","-0.076","dataset0636","Missense","Neutral to the TNFa cytokine expression in CD4⁺ T cell","TNFa cytokine expression","4","Functionally normal","","","NA","CRISPR-Based Genome Editing","Base editing","38093011"
"NM_001002295.2(GATA3):c.272A>G (p.His91Arg)","chr10","8058335","A/G","GATA3","-0.06","dataset0636","Missense","Neutral to the TNFa cytokine expression in CD4⁺ T cell","TNFa cytokine expression","4","Functionally normal","","","NA","CRISPR-Based Genome Editing","Base editing","38093011"
"NM_001002295.2(GATA3):c.273T>C (p.His91=)","chr10","8058336","T/C","GATA3","-0.009","dataset0636","Synonymous","Neutral to the TNFa cytokine expression in CD4⁺ T cell","TNFa cytokine expression","4","Functionally normal","","","NA","CRISPR-Based Genome Editing","Base editing","38093011"
"NM_001002295.2(GATA3):c.274G>A (p.Gly92Arg)","chr10","8058337","G/A","GATA3","0.023","dataset0636","Missense","Neutral to the TNFa cytokine expression in CD4⁺ T cell","TNFa cytokine expression","4","Functionally normal","","1.85954e-06","NA","CRISPR-Based Genome Editing","Base editing","38093011"
"NM_001002295.2(GATA3):c.275G>A (p.Gly92Glu)","chr10","8058338","G/A","GATA3","0.023","dataset0636","Missense","Neutral to the TNFa cytokine expression in CD4⁺ T cell","TNFa cytokine expression","4","Functionally normal","","","NA","CRISPR-Based Genome Editing","Base editing","38093011"
"NM_001002295.2(GATA3):c.276A>G (p.Gly92=)","chr10","8058339","A/G","GATA3","-0.061","dataset0636","Synonymous","Neutral to the TNFa cytokine expression in CD4⁺ T cell","TNFa cytokine expression","4","Functionally normal","","","NA","CRISPR-Based Genome Editing","Base editing","38093011"
"NM_001002295.2(GATA3):c.277T>C (p.Ser93Pro)","chr10","8058340","T/C","GATA3","-0.055","dataset0636","Missense","Neutral to the TNFa cytokine expression in CD4⁺ T cell","TNFa cytokine expression","4","Functionally normal","","","NA","CRISPR-Based Genome Editing","Base editing","38093011"
"NM_001002295.2(GATA3):c.278C>T (p.Ser93Phe)","chr10","8058341","C/T","GATA3","-0.022","dataset0636","Missense","Neutral to the TNFa cytokine expression in CD4⁺ T cell","TNFa cytokine expression","4","Functionally normal","","","NA","CRISPR-Based Genome Editing","Base editing","38093011"
"NM_001002295.2(GATA3):c.281T>C (p.Leu94Pro)","chr10","8058344","T/C","GATA3","-0.02","dataset0636","Missense","Neutral to the TNFa cytokine expression in CD4⁺ T cell","TNFa cytokine expression","4","Functionally normal","","","NA","CRISPR-Based Genome Editing","Base editing","38093011"
"NM_001002295.2(GATA3):c.282A>G (p.Leu94=)","chr10","8058345","A/G","GATA3","0.135","dataset0636","Synonymous","Neutral to the TNFa cytokine expression in CD4⁺ T cell","TNFa cytokine expression","4","Functionally normal","","","NA","CRISPR-Based Genome Editing","Base editing","38093011"
"NM_001002295.2(GATA3):c.288G>A (p.Trp96Ter)","chr10","8058351","G/A","GATA3","-0.086","dataset0636","Nonsense","Neutral to the TNFa cytokine expression in CD4⁺ T cell","TNFa cytokine expression","4","Functionally normal","","","NA","CRISPR-Based Genome Editing","Base editing","38093011"
"NM_001002295.2(GATA3):c.289C>T (p.Leu97=)","chr10","8058352","C/T","GATA3","0.086","dataset0636","Synonymous","Neutral to the TNFa cytokine expression in CD4⁺ T cell","TNFa cytokine expression","4","Functionally normal","","","NA","CRISPR-Based Genome Editing","Base editing","38093011"
"NM_001002295.2(GATA3):c.291G>A (p.Leu97=)","chr10","8058354","G/A","GATA3","0.108","dataset0636","Synonymous","Neutral to the TNFa cytokine expression in CD4⁺ T cell","TNFa cytokine expression","4","Functionally normal","","","NA","CRISPR-Based Genome Editing","Base editing","38093011"
"NM_001002295.2(GATA3):c.292G>A (p.Asp98Asn)","chr10","8058355","G/A","GATA3","0.108","dataset0636","Missense","Neutral to the TNFa cytokine expression in CD4⁺ T cell","TNFa cytokine expression","4","Functionally normal","","","NA","CRISPR-Based Genome Editing","Base editing","38093011"
"NM_001002295.2(GATA3):c.293A>G (p.Asp98Gly)","chr10","8058356","A/G","GATA3","-0.116","dataset0636","Missense","Neutral to the TNFa cytokine expression in CD4⁺ T cell","TNFa cytokine expression","4","Functionally normal","","1.23984e-06","NA","CRISPR-Based Genome Editing","Base editing","38093011"
"NM_001002295.2(GATA3):c.294C>T (p.Asp98=)","chr10","8058357","C/T","GATA3","-0.225","dataset0636","Synonymous","The diminished TNFa cytokine expression in CD4⁺ T cell","TNFa cytokine expression","4","Loss-of-function","Likely benign","7.43891e-05","NA","CRISPR-Based Genome Editing","Base editing","38093011"
"NM_001002295.2(GATA3):c.295G>A (p.Gly99Ser)","chr10","8058358","G/A","GATA3","0.001","dataset0636","Missense","Neutral to the TNFa cytokine expression in CD4⁺ T cell","TNFa cytokine expression","4","Functionally normal","Uncertain significance","8.67875e-06","NA","CRISPR-Based Genome Editing","Base editing","38093011"
"NM_001002295.2(GATA3):c.296G>A (p.Gly99Asp)","chr10","8058359","G/A","GATA3","0.001","dataset0636","Missense","Neutral to the TNFa cytokine expression in CD4⁺ T cell","TNFa cytokine expression","4","Functionally normal","","","NA","CRISPR-Based Genome Editing","Base editing","38093011"
"NM_001002295.2(GATA3):c.297C>T (p.Gly99=)","chr10","8058360","C/T","GATA3","-0.225","dataset0636","Synonymous","The diminished TNFa cytokine expression in CD4⁺ T cell","TNFa cytokine expression","4","Loss-of-function","","1.054e-05","NA","CRISPR-Based Genome Editing","Base editing","38093011"
"NM_001002295.2(GATA3):c.298G>A (p.Gly100Ser)","chr10","8058361","G/A","GATA3","0.001","dataset0636","Missense","Neutral to the TNFa cytokine expression in CD4⁺ T cell","TNFa cytokine expression","4","Functionally normal","","4.96003e-06","NA","CRISPR-Based Genome Editing","Base editing","38093011"
"NM_001002295.2(GATA3):c.299G>A (p.Gly100Asp)","chr10","8058362","G/A","GATA3","0.001","dataset0636","Missense","Neutral to the TNFa cytokine expression in CD4⁺ T cell","TNFa cytokine expression","4","Functionally normal","","","ucec:0.2% (1/529):0.180","CRISPR-Based Genome Editing","Base editing","38093011"
"NM_001002295.2(GATA3):c.300C>T (p.Gly100=)","chr10","8058363","C/T","GATA3","-0.225","dataset0636","Synonymous","The diminished TNFa cytokine expression in CD4⁺ T cell","TNFa cytokine expression","4","Loss-of-function","","","NA","CRISPR-Based Genome Editing","Base editing","38093011"
"NM_001002295.2(GATA3):c.315C>T (p.Ser105=)","chr10","8058378","C/T","GATA3","0.293","dataset0636","Synonymous","The enhanced TNFa cytokine expression in CD4⁺ T cell","TNFa cytokine expression","4","Gain-of-function","","","NA","CRISPR-Based Genome Editing","Base editing","38093011"
"NM_001002295.2(GATA3):c.316C>T (p.His106Tyr)","chr10","8058379","C/T","GATA3","0.293","dataset0636","Missense","The enhanced TNFa cytokine expression in CD4⁺ T cell","TNFa cytokine expression","4","Gain-of-function","","6.20003e-07","NA","CRISPR-Based Genome Editing","Base editing","38093011"
"NM_001002295.2(GATA3):c.317A>G (p.His106Arg)","chr10","8058380","A/G","GATA3","-0.099","dataset0636","Missense","Neutral to the TNFa cytokine expression in CD4⁺ T cell","TNFa cytokine expression","4","Functionally normal","","","NA","CRISPR-Based Genome Editing","Base editing","38093011"
"NM_001002295.2(GATA3):c.318C>T (p.His106=)","chr10","8058381","C/T","GATA3","0.293","dataset0636","Synonymous","The enhanced TNFa cytokine expression in CD4⁺ T cell","TNFa cytokine expression","4","Gain-of-function","","6.2001e-07","NA","CRISPR-Based Genome Editing","Base editing","38093011"
"NM_001002295.2(GATA3):c.319C>T (p.His107Tyr)","chr10","8058382","C/T","GATA3","0.293","dataset0636","Missense","The enhanced TNFa cytokine expression in CD4⁺ T cell","TNFa cytokine expression","4","Gain-of-function","","","NA","CRISPR-Based Genome Editing","Base editing","38093011"
"NM_001002295.2(GATA3):c.320A>G (p.His107Arg)","chr10","8058383","A/G","GATA3","-0.099","dataset0636","Missense","Neutral to the TNFa cytokine expression in CD4⁺ T cell","TNFa cytokine expression","4","Functionally normal","","6.20144e-07","NA","CRISPR-Based Genome Editing","Base editing","38093011"
"NM_001002295.2(GATA3):c.321C>T (p.His107=)","chr10","8058384","C/T","GATA3","0.293","dataset0636","Synonymous","The enhanced TNFa cytokine expression in CD4⁺ T cell","TNFa cytokine expression","4","Gain-of-function","","5.58014e-06","NA","CRISPR-Based Genome Editing","Base editing","38093011"
"NM_001002295.2(GATA3):c.323C>T (p.Thr108Ile)","chr10","8058386","C/T","GATA3","0.293","dataset0636","Missense","The enhanced TNFa cytokine expression in CD4⁺ T cell","TNFa cytokine expression","4","Gain-of-function","","","NA","CRISPR-Based Genome Editing","Base editing","38093011"
"NM_001002295.2(GATA3):c.324C>T (p.Thr108=)","chr10","8058387","C/T","GATA3","0.293","dataset0636","Synonymous","The enhanced TNFa cytokine expression in CD4⁺ T cell","TNFa cytokine expression","4","Gain-of-function","Likely benign","3.16216e-05","NA","CRISPR-Based Genome Editing","Base editing","38093011"
"NM_001002295.2(GATA3):c.325G>A (p.Ala109Thr)","chr10","8058388","G/A","GATA3","0.052","dataset0636","Missense","Neutral to the TNFa cytokine expression in CD4⁺ T cell","TNFa cytokine expression","4","Functionally normal","","2.48042e-06","stad:0.2% (1/440):0.180","CRISPR-Based Genome Editing","Base editing","38093011"
"NM_001002295.2(GATA3):c.326C>T (p.Ala109Val)","chr10","8058389","C/T","GATA3","0.293","dataset0636","Missense","The enhanced TNFa cytokine expression in CD4⁺ T cell","TNFa cytokine expression","4","Gain-of-function","","6.20058e-07","NA","CRISPR-Based Genome Editing","Base editing","38093011"
"NM_001002295.2(GATA3):c.334T>C (p.Trp112Arg)","chr10","8058397","T/C","GATA3","-0.004","dataset0636","Missense","Neutral to the TNFa cytokine expression in CD4⁺ T cell","TNFa cytokine expression","4","Functionally normal","","","NA","CRISPR-Based Genome Editing","Base editing","38093011"
"NM_001002295.2(GATA3):c.335G>A (p.Trp112Ter)","chr10","8058398","G/A","GATA3","0.086","dataset0636","Nonsense","Neutral to the TNFa cytokine expression in CD4⁺ T cell","TNFa cytokine expression","4","Functionally normal","","","skcm:0.2% (1/448):0.360","CRISPR-Based Genome Editing","Base editing","38093011"
"NM_001002295.2(GATA3):c.336G>A (p.Trp112Ter)","chr10","8058399","G/A","GATA3","-0.016","dataset0636","Nonsense","Neutral to the TNFa cytokine expression in CD4⁺ T cell","TNFa cytokine expression","4","Functionally normal","","","NA","CRISPR-Based Genome Editing","Base editing","38093011"
"NM_001002295.2(GATA3):c.339T>C (p.Asn113=)","chr10","8058402","T/C","GATA3","0.094","dataset0636","Synonymous","Neutral to the TNFa cytokine expression in CD4⁺ T cell","TNFa cytokine expression","4","Functionally normal","Likely benign","1.24004e-06","NA","CRISPR-Based Genome Editing","Base editing","38093011"
"NM_001002295.2(GATA3):c.341T>C (p.Leu114Pro)","chr10","8058404","T/C","GATA3","-0.084","dataset0636","Missense","Neutral to the TNFa cytokine expression in CD4⁺ T cell","TNFa cytokine expression","4","Functionally normal","","","NA","CRISPR-Based Genome Editing","Base editing","38093011"
"NM_001002295.2(GATA3):c.344G>A (p.Ser115Asn)","chr10","8058407","G/A","GATA3","0.005","dataset0636","Missense","Neutral to the TNFa cytokine expression in CD4⁺ T cell","TNFa cytokine expression","4","Functionally normal","","6.20037e-07","NA","CRISPR-Based Genome Editing","Base editing","38093011"
"NM_001002295.2(GATA3):c.349T>C (p.Phe117Leu)","chr10","8058412","T/C","GATA3","-0.033","dataset0636","Missense","Neutral to the TNFa cytokine expression in CD4⁺ T cell","TNFa cytokine expression","4","Functionally normal","","","NA","CRISPR-Based Genome Editing","Base editing","38093011"
"NM_001002295.2(GATA3):c.350T>C (p.Phe117Ser)","chr10","8058413","T/C","GATA3","0.063","dataset0636","Missense","Neutral to the TNFa cytokine expression in CD4⁺ T cell","TNFa cytokine expression","4","Functionally normal","","","NA","CRISPR-Based Genome Editing","Base editing","38093011"
"NM_001002295.2(GATA3):c.352T>C (p.Ser118Pro)","chr10","8058415","T/C","GATA3","-0.058","dataset0636","Missense","Neutral to the TNFa cytokine expression in CD4⁺ T cell","TNFa cytokine expression","4","Functionally normal","","","NA","CRISPR-Based Genome Editing","Base editing","38093011"
"NM_001002295.2(GATA3):c.353C>T (p.Ser118Phe)","chr10","8058416","C/T","GATA3","-0.142","dataset0636","Missense","Neutral to the TNFa cytokine expression in CD4⁺ T cell","TNFa cytokine expression","4","Functionally normal","","","lusc:0.2% (1/487):0.170","CRISPR-Based Genome Editing","Base editing","38093011"
"NM_001002295.2(GATA3):c.354C>T (p.Ser118=)","chr10","8058417","C/T","GATA3","-0.142","dataset0636","Synonymous","Neutral to the TNFa cytokine expression in CD4⁺ T cell","TNFa cytokine expression","4","Functionally normal","","","NA","CRISPR-Based Genome Editing","Base editing","38093011"
"NM_001002295.2(GATA3):c.355A>G (p.Lys119Glu)","chr10","8058418","A/G","GATA3","-0.105","dataset0636","Missense","Neutral to the TNFa cytokine expression in CD4⁺ T cell","TNFa cytokine expression","4","Functionally normal","","","NA","CRISPR-Based Genome Editing","Base editing","38093011"
"NM_001002295.2(GATA3):c.356A>G (p.Lys119Arg)","chr10","8058419","A/G","GATA3","-0.105","dataset0636","Missense","Neutral to the TNFa cytokine expression in CD4⁺ T cell","TNFa cytokine expression","4","Functionally normal","","","NA","CRISPR-Based Genome Editing","Base editing","38093011"
"NM_001002295.2(GATA3):c.357G>A (p.Lys119=)","chr10","8058420","G/A","GATA3","-0.051","dataset0636","Synonymous","Neutral to the TNFa cytokine expression in CD4⁺ T cell","TNFa cytokine expression","4","Functionally normal","","","NA","CRISPR-Based Genome Editing","Base editing","38093011"
"NM_001002295.2(GATA3):c.358A>G (p.Thr120Ala)","chr10","8058421","A/G","GATA3","-0.105","dataset0636","Missense","Neutral to the TNFa cytokine expression in CD4⁺ T cell","TNFa cytokine expression","4","Functionally normal","","","NA","CRISPR-Based Genome Editing","Base editing","38093011"
"NM_001002295.2(GATA3):c.359C>T (p.Thr120Met)","chr10","8058422","C/T","GATA3","-0.142","dataset0636","Missense","Neutral to the TNFa cytokine expression in CD4⁺ T cell","TNFa cytokine expression","4","Functionally normal","Conflicting classifications of pathogenicity","4.15369e-05","NA","CRISPR-Based Genome Editing","Base editing","38093011"
"NM_001002295.2(GATA3):c.360G>A (p.Thr120=)","chr10","8058423","G/A","GATA3","-0.051","dataset0636","Synonymous","Neutral to the TNFa cytokine expression in CD4⁺ T cell","TNFa cytokine expression","4","Functionally normal","","6.20022e-07","NA","CRISPR-Based Genome Editing","Base editing","38093011"
"NM_001002295.2(GATA3):c.361T>C (p.Ser121Pro)","chr10","8058424","T/C","GATA3","-0.04","dataset0636","Missense","Neutral to the TNFa cytokine expression in CD4⁺ T cell","TNFa cytokine expression","4","Functionally normal","","","NA","CRISPR-Based Genome Editing","Base editing","38093011"
"NM_001002295.2(GATA3):c.362C>T (p.Ser121Phe)","chr10","8058425","C/T","GATA3","0.02","dataset0636","Missense","Neutral to the TNFa cytokine expression in CD4⁺ T cell","TNFa cytokine expression","4","Functionally normal","","","NA","CRISPR-Based Genome Editing","Base editing","38093011"
"NM_001002295.2(GATA3):c.363C>T (p.Ser121=)","chr10","8058426","C/T","GATA3","0.02","dataset0636","Synonymous","Neutral to the TNFa cytokine expression in CD4⁺ T cell","TNFa cytokine expression","4","Functionally normal","","","NA","CRISPR-Based Genome Editing","Base editing","38093011"
"NM_001002295.2(GATA3):c.364A>G (p.Ile122Val)","chr10","8058427","A/G","GATA3","0.006","dataset0636","Missense","Neutral to the TNFa cytokine expression in CD4⁺ T cell","TNFa cytokine expression","4","Functionally normal","","","NA","CRISPR-Based Genome Editing","Base editing","38093011"
"NM_001002295.2(GATA3):c.365T>C (p.Ile122Thr)","chr10","8058428","T/C","GATA3","-0.003","dataset0636","Missense","Neutral to the TNFa cytokine expression in CD4⁺ T cell","TNFa cytokine expression","4","Functionally normal","Uncertain significance","6.82077e-06","NA","CRISPR-Based Genome Editing","Base editing","38093011"
"NM_001002295.2(GATA3):c.368A>G (p.His123Arg)","chr10","8058431","A/G","GATA3","-0.017","dataset0636","Missense","Neutral to the TNFa cytokine expression in CD4⁺ T cell","TNFa cytokine expression","4","Functionally normal","","","ucec:0.2% (1/529):0.310","CRISPR-Based Genome Editing","Base editing","38093011"
"NM_001002295.2(GATA3):c.373G>A (p.Gly125Ser)","chr10","8058436","G/A","GATA3","-0.113","dataset0636","Missense","Neutral to the TNFa cytokine expression in CD4⁺ T cell","TNFa cytokine expression","4","Functionally normal","Uncertain significance","1.55008e-05","NA","CRISPR-Based Genome Editing","Base editing","38093011"
"NM_001002295.2(GATA3):c.374G>A (p.Gly125Asp)","chr10","8058437","G/A","GATA3","-0.113","dataset0636","Missense","Neutral to the TNFa cytokine expression in CD4⁺ T cell","TNFa cytokine expression","4","Functionally normal","","","NA","CRISPR-Based Genome Editing","Base editing","38093011"
"NM_001002295.2(GATA3):c.381G>A (p.Pro127=)","chr10","8058444","G/A","GATA3","0.152","dataset0636","Synonymous","Neutral to the TNFa cytokine expression in CD4⁺ T cell","TNFa cytokine expression","4","Functionally normal","","6.20102e-07","NA","CRISPR-Based Genome Editing","Base editing","38093011"
"NM_001002295.2(GATA3):c.382G>A (p.Gly128Arg)","chr10","8058445","G/A","GATA3","0.152","dataset0636","Missense","Neutral to the TNFa cytokine expression in CD4⁺ T cell","TNFa cytokine expression","4","Functionally normal","","6.20043e-07","stad:0.2% (1/440):0.130","CRISPR-Based Genome Editing","Base editing","38093011"
"NM_001002295.2(GATA3):c.383G>A (p.Gly128Glu)","chr10","8058446","G/A","GATA3","0.152","dataset0636","Missense","Neutral to the TNFa cytokine expression in CD4⁺ T cell","TNFa cytokine expression","4","Functionally normal","Uncertain significance","6.20024e-07","skcm:0.2% (1/448):0.140","CRISPR-Based Genome Editing","Base editing","38093011"
"NM_001002295.2(GATA3):c.384G>A (p.Gly128=)","chr10","8058447","G/A","GATA3","0.152","dataset0636","Synonymous","Neutral to the TNFa cytokine expression in CD4⁺ T cell","TNFa cytokine expression","4","Functionally normal","","6.20054e-07","NA","CRISPR-Based Genome Editing","Base editing","38093011"
"NM_001002295.2(GATA3):c.385C>T (p.Pro129Ser)","chr10","8058448","C/T","GATA3","-0.04","dataset0636","Missense","Neutral to the TNFa cytokine expression in CD4⁺ T cell","TNFa cytokine expression","4","Functionally normal","","1.86005e-06","NA","CRISPR-Based Genome Editing","Base editing","38093011"
"NM_001002295.2(GATA3):c.386C>T (p.Pro129Leu)","chr10","8058449","C/T","GATA3","-0.04","dataset0636","Missense","Neutral to the TNFa cytokine expression in CD4⁺ T cell","TNFa cytokine expression","4","Functionally normal","","3.09994e-06","NA","CRISPR-Based Genome Editing","Base editing","38093011"
"NM_001002295.2(GATA3):c.387C>T (p.Pro129=)","chr10","8058450","C/T","GATA3","-0.04","dataset0636","Synonymous","Neutral to the TNFa cytokine expression in CD4⁺ T cell","TNFa cytokine expression","4","Functionally normal","","","NA","CRISPR-Based Genome Editing","Base editing","38093011"
"NM_001002295.2(GATA3):c.388C>T (p.Leu130Phe)","chr10","8058451","C/T","GATA3","-0.04","dataset0636","Missense","Neutral to the TNFa cytokine expression in CD4⁺ T cell","TNFa cytokine expression","4","Functionally normal","","1.23998e-06","NA","CRISPR-Based Genome Editing","Base editing","38093011"
"NM_001002295.2(GATA3):c.389T>C (p.Leu130Pro)","chr10","8058452","T/C","GATA3","0.035","dataset0636","Missense","Neutral to the TNFa cytokine expression in CD4⁺ T cell","TNFa cytokine expression","4","Functionally normal","","","NA","CRISPR-Based Genome Editing","Base editing","38093011"
"NM_001002295.2(GATA3):c.390C>T (p.Leu130=)","chr10","8058453","C/T","GATA3","-0.04","dataset0636","Synonymous","Neutral to the TNFa cytokine expression in CD4⁺ T cell","TNFa cytokine expression","4","Functionally normal","","6.19988e-07","NA","CRISPR-Based Genome Editing","Base editing","38093011"
"NM_001002295.2(GATA3):c.392C>T (p.Ser131Phe)","chr10","8058455","C/T","GATA3","-0.04","dataset0636","Missense","Neutral to the TNFa cytokine expression in CD4⁺ T cell","TNFa cytokine expression","4","Functionally normal","","","NA","CRISPR-Based Genome Editing","Base editing","38093011"
"NM_001002295.2(GATA3):c.393C>T (p.Ser131=)","chr10","8058456","C/T","GATA3","-0.04","dataset0636","Synonymous","Neutral to the TNFa cytokine expression in CD4⁺ T cell","TNFa cytokine expression","4","Functionally normal","","1.24002e-06","NA","CRISPR-Based Genome Editing","Base editing","38093011"
"NM_001002295.2(GATA3):c.394G>A (p.Val132Ile)","chr10","8058457","G/A","GATA3","0.149","dataset0636","Missense","Neutral to the TNFa cytokine expression in CD4⁺ T cell","TNFa cytokine expression","4","Functionally normal","","1.86028e-06","NA","CRISPR-Based Genome Editing","Base editing","38093011"
"NM_001002295.2(GATA3):c.395T>C (p.Val132Ala)","chr10","8058458","T/C","GATA3","-0.052","dataset0636","Missense","Neutral to the TNFa cytokine expression in CD4⁺ T cell","TNFa cytokine expression","4","Functionally normal","","","NA","CRISPR-Based Genome Editing","Base editing","38093011"
"NM_001002295.2(GATA3):c.396C>T (p.Val132=)","chr10","8058459","C/T","GATA3","-0.04","dataset0636","Synonymous","Neutral to the TNFa cytokine expression in CD4⁺ T cell","TNFa cytokine expression","4","Functionally normal","","","NA","CRISPR-Based Genome Editing","Base editing","38093011"
"NM_001002295.2(GATA3):c.397T>C (p.Tyr133His)","chr10","8058460","T/C","GATA3","-0.052","dataset0636","Missense","Neutral to the TNFa cytokine expression in CD4⁺ T cell","TNFa cytokine expression","4","Functionally normal","","0","NA","CRISPR-Based Genome Editing","Base editing","38093011"
"NM_001002295.2(GATA3):c.405G>A (p.Pro135=)","chr10","8058468","G/A","GATA3","-0.003","dataset0636","Synonymous","Neutral to the TNFa cytokine expression in CD4⁺ T cell","TNFa cytokine expression","4","Functionally normal","","3.10071e-06","NA","CRISPR-Based Genome Editing","Base editing","38093011"
"NM_001002295.2(GATA3):c.406G>A (p.Ala136Thr)","chr10","8058469","G/A","GATA3","-0.003","dataset0636","Missense","Neutral to the TNFa cytokine expression in CD4⁺ T cell","TNFa cytokine expression","4","Functionally normal","","","NA","CRISPR-Based Genome Editing","Base editing","38093011"
"NM_001002295.2(GATA3):c.407C>T (p.Ala136Val)","chr10","8058470","C/T","GATA3","0.115","dataset0636","Missense","Neutral to the TNFa cytokine expression in CD4⁺ T cell","TNFa cytokine expression","4","Functionally normal","","","NA","CRISPR-Based Genome Editing","Base editing","38093011"
"NM_001002295.2(GATA3):c.408C>T (p.Ala136=)","chr10","8058471","C/T","GATA3","0.251","dataset0636","Synonymous","The enhanced TNFa cytokine expression in CD4⁺ T cell","TNFa cytokine expression","4","Gain-of-function","","1.9842e-05","NA","CRISPR-Based Genome Editing","Base editing","38093011"
"NM_001002295.2(GATA3):c.409T>C (p.Ser137Pro)","chr10","8058472","T/C","GATA3","0.057","dataset0636","Missense","Neutral to the TNFa cytokine expression in CD4⁺ T cell","TNFa cytokine expression","4","Functionally normal","","","NA","CRISPR-Based Genome Editing","Base editing","38093011"
"NM_001002295.2(GATA3):c.410C>T (p.Ser137Leu)","chr10","8058473","C/T","GATA3","-0.362","dataset0636","Missense","The diminished TNFa cytokine expression in CD4⁺ T cell","TNFa cytokine expression","4","Loss-of-function","","6.201e-07","NA","CRISPR-Based Genome Editing","Base editing","38093011"
"NM_001002295.2(GATA3):c.411G>A (p.Ser137=)","chr10","8058474","G/A","GATA3","0.035","dataset0636","Synonymous","Neutral to the TNFa cytokine expression in CD4⁺ T cell","TNFa cytokine expression","4","Functionally normal","Likely benign","1.17832e-05","NA","CRISPR-Based Genome Editing","Base editing","38093011"
"NM_001002295.2(GATA3):c.412T>C (p.Ser138Pro)","chr10","8058475","T/C","GATA3","0.057","dataset0636","Missense","Neutral to the TNFa cytokine expression in CD4⁺ T cell","TNFa cytokine expression","4","Functionally normal","","","NA","CRISPR-Based Genome Editing","Base editing","38093011"
"NM_001002295.2(GATA3):c.413C>T (p.Ser138Phe)","chr10","8058476","C/T","GATA3","-0.362","dataset0636","Missense","The diminished TNFa cytokine expression in CD4⁺ T cell","TNFa cytokine expression","4","Loss-of-function","","","blca:0.2% (1/411):0.230","CRISPR-Based Genome Editing","Base editing","38093011"
"NM_001002295.2(GATA3):c.414C>T (p.Ser138=)","chr10","8058477","C/T","GATA3","-0.362","dataset0636","Synonymous","The diminished TNFa cytokine expression in CD4⁺ T cell","TNFa cytokine expression","4","Loss-of-function","","1.24014e-06","NA","CRISPR-Based Genome Editing","Base editing","38093011"
"NM_001002295.2(GATA3):c.415T>C (p.Ser139Pro)","chr10","8058478","T/C","GATA3","0.001","dataset0636","Missense","Neutral to the TNFa cytokine expression in CD4⁺ T cell","TNFa cytokine expression","4","Functionally normal","","","NA","CRISPR-Based Genome Editing","Base editing","38093011"
"NM_001002295.2(GATA3):c.416C>T (p.Ser139Phe)","chr10","8058479","C/T","GATA3","-0.362","dataset0636","Missense","The diminished TNFa cytokine expression in CD4⁺ T cell","TNFa cytokine expression","4","Loss-of-function","","","NA","CRISPR-Based Genome Editing","Base editing","38093011"
"NM_001002295.2(GATA3):c.417C>T (p.Ser139=)","chr10","8058480","C/T","GATA3","-0.362","dataset0636","Synonymous","The diminished TNFa cytokine expression in CD4⁺ T cell","TNFa cytokine expression","4","Loss-of-function","","","NA","CRISPR-Based Genome Editing","Base editing","38093011"
"NM_001002295.2(GATA3):c.418T>C (p.Ser140Pro)","chr10","8058481","T/C","GATA3","0.077","dataset0636","Missense","Neutral to the TNFa cytokine expression in CD4⁺ T cell","TNFa cytokine expression","4","Functionally normal","","","NA","CRISPR-Based Genome Editing","Base editing","38093011"
"NM_001002295.2(GATA3):c.422T>C (p.Leu141Ser)","chr10","8058485","T/C","GATA3","0.043","dataset0636","Missense","Neutral to the TNFa cytokine expression in CD4⁺ T cell","TNFa cytokine expression","4","Functionally normal","","","NA","CRISPR-Based Genome Editing","Base editing","38093011"
"NM_001002295.2(GATA3):c.423G>A (p.Leu141=)","chr10","8058486","G/A","GATA3","-0.05","dataset0636","Synonymous","Neutral to the TNFa cytokine expression in CD4⁺ T cell","TNFa cytokine expression","4","Functionally normal","","","NA","CRISPR-Based Genome Editing","Base editing","38093011"
"NM_001002295.2(GATA3):c.424T>C (p.Ser142Pro)","chr10","8058487","T/C","GATA3","-0.061","dataset0636","Missense","Neutral to the TNFa cytokine expression in CD4⁺ T cell","TNFa cytokine expression","4","Functionally normal","","","NA","CRISPR-Based Genome Editing","Base editing","38093011"
"NM_001002295.2(GATA3):c.426G>A (p.Ser142=)","chr10","8058489","G/A","GATA3","0.156","dataset0636","Synonymous","Neutral to the TNFa cytokine expression in CD4⁺ T cell","TNFa cytokine expression","4","Functionally normal","","4.03244e-05","NA","CRISPR-Based Genome Editing","Base editing","38093011"
"NM_001002295.2(GATA3):c.427G>A (p.Gly143Arg)","chr10","8058490","G/A","GATA3","0.156","dataset0636","Missense","Neutral to the TNFa cytokine expression in CD4⁺ T cell","TNFa cytokine expression","4","Functionally normal","","6.2022e-07","NA","CRISPR-Based Genome Editing","Base editing","38093011"
"NM_001002295.2(GATA3):c.428G>A (p.Gly143Glu)","chr10","8058491","G/A","GATA3","0.156","dataset0636","Missense","Neutral to the TNFa cytokine expression in CD4⁺ T cell","TNFa cytokine expression","4","Functionally normal","","1.24045e-06","NA","CRISPR-Based Genome Editing","Base editing","38093011"
"NM_001002295.2(GATA3):c.429G>A (p.Gly143=)","chr10","8058492","G/A","GATA3","0.322","dataset0636","Synonymous","The enhanced TNFa cytokine expression in CD4⁺ T cell","TNFa cytokine expression","4","Gain-of-function","","","NA","CRISPR-Based Genome Editing","Base editing","38093011"
"NM_001002295.2(GATA3):c.430G>A (p.Gly144Ser)","chr10","8058493","G/A","GATA3","-0.263","dataset0636","Missense","The diminished TNFa cytokine expression in CD4⁺ T cell","TNFa cytokine expression","4","Loss-of-function","","","NA","CRISPR-Based Genome Editing","Base editing","38093011"
"NM_001002295.2(GATA3):c.431G>A (p.Gly144Asp)","chr10","8058494","G/A","GATA3","-0.263","dataset0636","Missense","The diminished TNFa cytokine expression in CD4⁺ T cell","TNFa cytokine expression","4","Loss-of-function","Uncertain significance","8.06387e-06","NA","CRISPR-Based Genome Editing","Base editing","38093011"
"NM_001002295.2(GATA3):c.436G>A (p.Ala146Thr)","chr10","8058499","G/A","GATA3","-0.159","dataset0636","Missense","Neutral to the TNFa cytokine expression in CD4⁺ T cell","TNFa cytokine expression","4","Functionally normal","Uncertain significance","9.30575e-06","read:0.6% (1/155):0.460","CRISPR-Based Genome Editing","Base editing","38093011"
"NM_001002295.2(GATA3):c.444G>A (p.Pro148=)","chr10","8058507","G/A","GATA3","-0.069","dataset0636","Synonymous","Neutral to the TNFa cytokine expression in CD4⁺ T cell","TNFa cytokine expression","4","Functionally normal","","2.60576e-05","NA","CRISPR-Based Genome Editing","Base editing","38093011"
"NM_001002295.2(GATA3):c.449T>C (p.Leu150Pro)","chr10","8058512","T/C","GATA3","-0.187","dataset0636","Missense","Neutral to the TNFa cytokine expression in CD4⁺ T cell","TNFa cytokine expression","4","Functionally normal","","","lgg:0.2% (1/514):0.300","CRISPR-Based Genome Editing","Base editing","38093011"
"NM_001002295.2(GATA3):c.451T>C (p.Phe151Leu)","chr10","8058514","T/C","GATA3","-0.187","dataset0636","Missense","Neutral to the TNFa cytokine expression in CD4⁺ T cell","TNFa cytokine expression","4","Functionally normal","","","NA","CRISPR-Based Genome Editing","Base editing","38093011"
"NM_001002295.2(GATA3):c.452T>C (p.Phe151Ser)","chr10","8058515","T/C","GATA3","0.116","dataset0636","Missense","Neutral to the TNFa cytokine expression in CD4⁺ T cell","TNFa cytokine expression","4","Functionally normal","","","NA","CRISPR-Based Genome Editing","Base editing","38093011"
"NM_001002295.2(GATA3):c.456C>T (p.Thr152=)","chr10","8058519","C/T","GATA3","0.191","dataset0636","Synonymous","Neutral to the TNFa cytokine expression in CD4⁺ T cell","TNFa cytokine expression","4","Functionally normal","","6.20272e-07","NA","CRISPR-Based Genome Editing","Base editing","38093011"
"NM_001002295.2(GATA3):c.457T>C (p.Phe153Leu)","chr10","8058520","T/C","GATA3","-0.105","dataset0636","Missense","Neutral to the TNFa cytokine expression in CD4⁺ T cell","TNFa cytokine expression","4","Functionally normal","","","NA","CRISPR-Based Genome Editing","Base editing","38093011"
"NM_001002295.2(GATA3):c.459C>T (p.Phe153=)","chr10","8058522","C/T","GATA3","0.191","dataset0636","Synonymous","Neutral to the TNFa cytokine expression in CD4⁺ T cell","TNFa cytokine expression","4","Functionally normal","","6.20434e-07","NA","CRISPR-Based Genome Editing","Base editing","38093011"
"NM_001002295.2(GATA3):c.460C>T (p.Pro154Ser)","chr10","8058523","C/T","GATA3","0.191","dataset0636","Missense","Neutral to the TNFa cytokine expression in CD4⁺ T cell","TNFa cytokine expression","4","Functionally normal","","3.10205e-06","NA","CRISPR-Based Genome Editing","Base editing","38093011"
"NM_001002295.2(GATA3):c.461C>T (p.Pro154Leu)","chr10","8058524","C/T","GATA3","0.191","dataset0636","Missense","Neutral to the TNFa cytokine expression in CD4⁺ T cell","TNFa cytokine expression","4","Functionally normal","","6.20381e-07","NA","CRISPR-Based Genome Editing","Base editing","38093011"
"NM_001002295.2(GATA3):c.462G>A (p.Pro154=)","chr10","8058525","G/A","GATA3","0.016","dataset0636","Synonymous","Neutral to the TNFa cytokine expression in CD4⁺ T cell","TNFa cytokine expression","4","Functionally normal","","5.59607e-06","NA","CRISPR-Based Genome Editing","Base editing","38093011"
"NM_001002295.2(GATA3):c.463C>T (p.Pro155Ser)","chr10","8058526","C/T","GATA3","0.191","dataset0636","Missense","Neutral to the TNFa cytokine expression in CD4⁺ T cell","TNFa cytokine expression","4","Functionally normal","","1.24071e-06","NA","CRISPR-Based Genome Editing","Base editing","38093011"
"NM_001002295.2(GATA3):c.464C>T (p.Pro155Leu)","chr10","8058527","C/T","GATA3","0.191","dataset0636","Missense","Neutral to the TNFa cytokine expression in CD4⁺ T cell","TNFa cytokine expression","4","Functionally normal","Uncertain significance","6.20324e-07","NA","CRISPR-Based Genome Editing","Base editing","38093011"
"NM_001002295.2(GATA3):c.465C>T (p.Pro155=)","chr10","8058528","C/T","GATA3","0.191","dataset0636","Synonymous","Neutral to the TNFa cytokine expression in CD4⁺ T cell","TNFa cytokine expression","4","Functionally normal","","1.24066e-06","NA","CRISPR-Based Genome Editing","Base editing","38093011"
"NM_001002295.2(GATA3):c.467C>T (p.Thr156Ile)","chr10","8058530","C/T","GATA3","0.191","dataset0636","Missense","Neutral to the TNFa cytokine expression in CD4⁺ T cell","TNFa cytokine expression","4","Functionally normal","","","NA","CRISPR-Based Genome Editing","Base editing","38093011"
"NM_001002295.2(GATA3):c.468C>T (p.Thr156=)","chr10","8058531","C/T","GATA3","0.191","dataset0636","Synonymous","Neutral to the TNFa cytokine expression in CD4⁺ T cell","TNFa cytokine expression","4","Functionally normal","","8.06399e-06","NA","CRISPR-Based Genome Editing","Base editing","38093011"
"NM_001002295.2(GATA3):c.471G>A (p.Pro157=)","chr10","8058534","G/A","GATA3","0.186","dataset0636","Synonymous","Neutral to the TNFa cytokine expression in CD4⁺ T cell","TNFa cytokine expression","4","Functionally normal","","7.91826e-06","NA","CRISPR-Based Genome Editing","Base editing","38093011"
"NM_001002295.2(GATA3):c.474G>A (p.Pro158=)","chr10","8058537","G/A","GATA3","0.186","dataset0636","Synonymous","Neutral to the TNFa cytokine expression in CD4⁺ T cell","TNFa cytokine expression","4","Functionally normal","","1.05834e-05","NA","CRISPR-Based Genome Editing","Base editing","38093011"
"NM_001002295.2(GATA3):c.477G>A (p.Lys159=)","chr10","8058540","G/A","GATA3","0.186","dataset0636","Synonymous","Neutral to the TNFa cytokine expression in CD4⁺ T cell","TNFa cytokine expression","4","Functionally normal","","","NA","CRISPR-Based Genome Editing","Base editing","38093011"
"NM_001002295.2(GATA3):c.478G>A (p.Asp160Asn)","chr10","8058541","G/A","GATA3","-0.151","dataset0636","Missense","Neutral to the TNFa cytokine expression in CD4⁺ T cell","TNFa cytokine expression","4","Functionally normal","","","NA","CRISPR-Based Genome Editing","Base editing","38093011"
"NM_001002295.2(GATA3):c.481G>A (p.Val161Ile)","chr10","8058544","G/A","GATA3","-0.151","dataset0636","Missense","Neutral to the TNFa cytokine expression in CD4⁺ T cell","TNFa cytokine expression","4","Functionally normal","","1.86195e-06","dlbc:2.1% (1/48):0.390","CRISPR-Based Genome Editing","Base editing","38093011"
"NM_001002295.2(GATA3):c.492C>T (p.Asp164=)","chr10","8058555","C/T","GATA3","-0.129","dataset0636","Synonymous","Neutral to the TNFa cytokine expression in CD4⁺ T cell","TNFa cytokine expression","4","Functionally normal","Uncertain significance","6.2017e-06","NA","CRISPR-Based Genome Editing","Base editing","38093011"
"NM_001002295.2(GATA3):c.493C>T (p.Pro165Ser)","chr10","8058556","C/T","GATA3","-0.129","dataset0636","Missense","Neutral to the TNFa cytokine expression in CD4⁺ T cell","TNFa cytokine expression","4","Functionally normal","Uncertain significance","1.24031e-06","NA","CRISPR-Based Genome Editing","Base editing","38093011"
"NM_001002295.2(GATA3):c.494C>T (p.Pro165Leu)","chr10","8058557","C/T","GATA3","-0.129","dataset0636","Missense","Neutral to the TNFa cytokine expression in CD4⁺ T cell","TNFa cytokine expression","4","Functionally normal","","","NA","CRISPR-Based Genome Editing","Base editing","38093011"
"NM_001002295.2(GATA3):c.495A>G (p.Pro165=)","chr10","8058558","A/G","GATA3","-0.061","dataset0636","Synonymous","Neutral to the TNFa cytokine expression in CD4⁺ T cell","TNFa cytokine expression","4","Functionally normal","","","NA","CRISPR-Based Genome Editing","Base editing","38093011"
"NM_001002295.2(GATA3):c.497C>T (p.Ser166Leu)","chr10","8058560","C/T","GATA3","0.191","dataset0636","Missense","Neutral to the TNFa cytokine expression in CD4⁺ T cell","TNFa cytokine expression","4","Functionally normal","","1.86051e-06","ucec:0.2% (1/529):0.450","CRISPR-Based Genome Editing","Base editing","38093011"
"NM_001002295.2(GATA3):c.498G>A (p.Ser166=)","chr10","8058561","G/A","GATA3","-0.084","dataset0636","Synonymous","Neutral to the TNFa cytokine expression in CD4⁺ T cell","TNFa cytokine expression","4","Functionally normal","","1.86105e-06","NA","CRISPR-Based Genome Editing","Base editing","38093011"
"NM_001002295.2(GATA3):c.499C>T (p.Leu167=)","chr10","8058562","C/T","GATA3","0.053","dataset0636","Synonymous","Neutral to the TNFa cytokine expression in CD4⁺ T cell","TNFa cytokine expression","4","Functionally normal","","","NA","CRISPR-Based Genome Editing","Base editing","38093011"
"NM_001002295.2(GATA3):c.500T>C (p.Leu167Pro)","chr10","8058563","T/C","GATA3","0.173","dataset0636","Missense","Neutral to the TNFa cytokine expression in CD4⁺ T cell","TNFa cytokine expression","4","Functionally normal","","","NA","CRISPR-Based Genome Editing","Base editing","38093011"
"NM_001002295.2(GATA3):c.501G>A (p.Leu167=)","chr10","8058564","G/A","GATA3","-0.084","dataset0636","Synonymous","Neutral to the TNFa cytokine expression in CD4⁺ T cell","TNFa cytokine expression","4","Functionally normal","","","NA","CRISPR-Based Genome Editing","Base editing","38093011"
"NM_001002295.2(GATA3):c.502T>C (p.Ser168Pro)","chr10","8058565","T/C","GATA3","-0.012","dataset0636","Missense","Neutral to the TNFa cytokine expression in CD4⁺ T cell","TNFa cytokine expression","4","Functionally normal","","","NA","CRISPR-Based Genome Editing","Base editing","38093011"
"NM_001002295.2(GATA3):c.504C>T (p.Ser168=)","chr10","8058567","C/T","GATA3","-0.146","dataset0636","Synonymous","Neutral to the TNFa cytokine expression in CD4⁺ T cell","TNFa cytokine expression","4","Functionally normal","","","NA","CRISPR-Based Genome Editing","Base editing","38093011"
"NM_001002295.2(GATA3):c.505A>G (p.Thr169Ala)","chr10","8058568","A/G","GATA3","0.006","dataset0636","Missense","Neutral to the TNFa cytokine expression in CD4⁺ T cell","TNFa cytokine expression","4","Functionally normal","","","NA","CRISPR-Based Genome Editing","Base editing","38093011"
"NM_001002295.2(GATA3):c.506C>T (p.Thr169Ile)","chr10","8058569","C/T","GATA3","-0.146","dataset0636","Missense","Neutral to the TNFa cytokine expression in CD4⁺ T cell","TNFa cytokine expression","4","Functionally normal","","1.2402e-06","NA","CRISPR-Based Genome Editing","Base editing","38093011"
"NM_001002295.2(GATA3):c.507C>T (p.Thr169=)","chr10","8058570","C/T","GATA3","-0.146","dataset0636","Synonymous","Neutral to the TNFa cytokine expression in CD4⁺ T cell","TNFa cytokine expression","4","Functionally normal","","3.72037e-06","NA","CRISPR-Based Genome Editing","Base editing","38093011"
"NM_001002295.2(GATA3):c.509C>T (p.Pro170Leu)","chr10","8058572","C/T","GATA3","0.137","dataset0636","Missense","Neutral to the TNFa cytokine expression in CD4⁺ T cell","TNFa cytokine expression","4","Functionally normal","","","NA","CRISPR-Based Genome Editing","Base editing","38093011"
"NM_001002295.2(GATA3):c.510A>G (p.Pro170=)","chr10","8058573","A/G","GATA3","-0.061","dataset0636","Synonymous","Neutral to the TNFa cytokine expression in CD4⁺ T cell","TNFa cytokine expression","4","Functionally normal","","","NA","CRISPR-Based Genome Editing","Base editing","38093011"
"NM_001002295.2(GATA3):c.511G>A (p.Gly171Ser)","chr10","8058574","G/A","GATA3","0.134","dataset0636","Missense","Neutral to the TNFa cytokine expression in CD4⁺ T cell","TNFa cytokine expression","4","Functionally normal","","","NA","CRISPR-Based Genome Editing","Base editing","38093011"
"NM_001002295.2(GATA3):c.512G>A (p.Gly171Asp)","chr10","8058575","G/A","GATA3","0.134","dataset0636","Missense","Neutral to the TNFa cytokine expression in CD4⁺ T cell","TNFa cytokine expression","4","Functionally normal","","","NA","CRISPR-Based Genome Editing","Base editing","38093011"
"NM_001002295.2(GATA3):c.513C>T (p.Gly171=)","chr10","8058576","C/T","GATA3","-0.049","dataset0636","Synonymous","Neutral to the TNFa cytokine expression in CD4⁺ T cell","TNFa cytokine expression","4","Functionally normal","","","NA","CRISPR-Based Genome Editing","Base editing","38093011"
"NM_001002295.2(GATA3):c.515C>T (p.Ser172Leu)","chr10","8058578","C/T","GATA3","-0.049","dataset0636","Missense","Neutral to the TNFa cytokine expression in CD4⁺ T cell","TNFa cytokine expression","4","Functionally normal","","3.10125e-06","NA","CRISPR-Based Genome Editing","Base editing","38093011"
"NM_001002295.2(GATA3):c.516G>A (p.Ser172=)","chr10","8058579","G/A","GATA3","0.025","dataset0636","Synonymous","Neutral to the TNFa cytokine expression in CD4⁺ T cell","TNFa cytokine expression","4","Functionally normal","","1.24067e-05","NA","CRISPR-Based Genome Editing","Base editing","38093011"
"NM_001002295.2(GATA3):c.517G>A (p.Ala173Thr)","chr10","8058580","G/A","GATA3","0.171","dataset0636","Missense","Neutral to the TNFa cytokine expression in CD4⁺ T cell","TNFa cytokine expression","4","Functionally normal","","","NA","CRISPR-Based Genome Editing","Base editing","38093011"
"NM_001002295.2(GATA3):c.520G>A (p.Gly174Ser)","chr10","8058583","G/A","GATA3","-0.132","dataset0636","Missense","Neutral to the TNFa cytokine expression in CD4⁺ T cell","TNFa cytokine expression","4","Functionally normal","","3.7227e-06","NA","CRISPR-Based Genome Editing","Base editing","38093011"
"NM_001002295.2(GATA3):c.521G>A (p.Gly174Asp)","chr10","8058584","G/A","GATA3","-0.132","dataset0636","Missense","Neutral to the TNFa cytokine expression in CD4⁺ T cell","TNFa cytokine expression","4","Functionally normal","","0","NA","CRISPR-Based Genome Editing","Base editing","38093011"
"NM_001002295.2(GATA3):c.523T>C (p.Ser175Pro)","chr10","8058586","T/C","GATA3","-0.016","dataset0636","Missense","Neutral to the TNFa cytokine expression in CD4⁺ T cell","TNFa cytokine expression","4","Functionally normal","","","NA","CRISPR-Based Genome Editing","Base editing","38093011"
"NM_001002295.2(GATA3):c.525G>A (p.Ser175=)","chr10","8058588","G/A","GATA3","-0.132","dataset0636","Synonymous","Neutral to the TNFa cytokine expression in CD4⁺ T cell","TNFa cytokine expression","4","Functionally normal","","3.72288e-06","NA","CRISPR-Based Genome Editing","Base editing","38093011"
"NM_001002295.2(GATA3):c.530G>A (p.Arg177Gln)","chr10","8058593","G/A","GATA3","0.105","dataset0636","Missense","Neutral to the TNFa cytokine expression in CD4⁺ T cell","TNFa cytokine expression","4","Functionally normal","Uncertain significance","2.48324e-06","NA","CRISPR-Based Genome Editing","Base editing","38093011"
"NM_001002295.2(GATA3):c.538G>A (p.Glu180Lys)","chr10","8058601","G/A","GATA3","-0.051","dataset0636","Missense","Neutral to the TNFa cytokine expression in CD4⁺ T cell","TNFa cytokine expression","4","Functionally normal","Uncertain significance","9.92592e-06","NA","CRISPR-Based Genome Editing","Base editing","38093011"
"NM_001002295.2(GATA3):c.540G>A (p.Glu180=)","chr10","8058603","G/A","GATA3","-0.051","dataset0636","Synonymous","Neutral to the TNFa cytokine expression in CD4⁺ T cell","TNFa cytokine expression","4","Functionally normal","Likely benign","6.20294e-07","NA","CRISPR-Based Genome Editing","Base editing","38093011"
"NM_001002295.2(GATA3):c.542A>G (p.Lys181Arg)","chr10","8058605","A/G","GATA3","-0.182","dataset0636","Missense","Neutral to the TNFa cytokine expression in CD4⁺ T cell","TNFa cytokine expression","4","Functionally normal","","","NA","CRISPR-Based Genome Editing","Base editing","38093011"
"NM_001002295.2(GATA3):c.543A>G (p.Lys181=)","chr10","8058606","A/G","GATA3","-0.182","dataset0636","Synonymous","Neutral to the TNFa cytokine expression in CD4⁺ T cell","TNFa cytokine expression","4","Functionally normal","","","NA","CRISPR-Based Genome Editing","Base editing","38093011"
"NM_001002295.2(GATA3):c.545A>G (p.Glu182Gly)","chr10","8058608","A/G","GATA3","-0.182","dataset0636","Missense","Neutral to the TNFa cytokine expression in CD4⁺ T cell","TNFa cytokine expression","4","Functionally normal","Uncertain significance","1.86073e-06","NA","CRISPR-Based Genome Editing","Base editing","38093011"
"NM_001002295.2(GATA3):c.547T>C (p.Cys183Arg)","chr10","8058610","T/C","GATA3","-0.032","dataset0636","Missense","Neutral to the TNFa cytokine expression in CD4⁺ T cell","TNFa cytokine expression","4","Functionally normal","","6.22709e-07","NA","CRISPR-Based Genome Editing","Base editing","38093011"
"NM_001002295.2(GATA3):c.549C>T (p.Cys183=)","chr10","8058612","C/T","GATA3","-0.062","dataset0636","Synonymous","Neutral to the TNFa cytokine expression in CD4⁺ T cell","TNFa cytokine expression","4","Functionally normal","","1.86074e-06","NA","CRISPR-Based Genome Editing","Base editing","38093011"
"NM_001002295.2(GATA3):c.550C>T (p.Leu184Phe)","chr10","8058613","C/T","GATA3","-0.062","dataset0636","Missense","Neutral to the TNFa cytokine expression in CD4⁺ T cell","TNFa cytokine expression","4","Functionally normal","","","NA","CRISPR-Based Genome Editing","Base editing","38093011"
"NM_001002295.2(GATA3):c.552C>T (p.Leu184=)","chr10","8058615","C/T","GATA3","-0.062","dataset0636","Synonymous","Neutral to the TNFa cytokine expression in CD4⁺ T cell","TNFa cytokine expression","4","Functionally normal","","","NA","CRISPR-Based Genome Editing","Base editing","38093011"
"NM_001002295.2(GATA3):c.561G>A (p.Gln187=)","chr10","8058624","G/A","GATA3","-0.1","dataset0636","Synonymous","Neutral to the TNFa cytokine expression in CD4⁺ T cell","TNFa cytokine expression","4","Functionally normal","","2.41849e-05","NA","CRISPR-Based Genome Editing","Base editing","38093011"
"NM_001002295.2(GATA3):c.562G>A (p.Val188Met)","chr10","8058625","G/A","GATA3","-0.1","dataset0636","Missense","Neutral to the TNFa cytokine expression in CD4⁺ T cell","TNFa cytokine expression","4","Functionally normal","","","NA","CRISPR-Based Genome Editing","Base editing","38093011"
"NM_001002295.2(GATA3):c.564G>A (p.Val188=)","chr10","8058627","G/A","GATA3","-0.1","dataset0636","Synonymous","Neutral to the TNFa cytokine expression in CD4⁺ T cell","TNFa cytokine expression","4","Functionally normal","","6.20122e-07","NA","CRISPR-Based Genome Editing","Base editing","38093011"
"NM_001002295.2(GATA3):c.567C>T (p.Pro189=)","chr10","8058630","C/T","GATA3","-0.085","dataset0636","Synonymous","Neutral to the TNFa cytokine expression in CD4⁺ T cell","TNFa cytokine expression","4","Functionally normal","Likely benign","5.58083e-06","NA","CRISPR-Based Genome Editing","Base editing","38093011"
"NM_001002295.2(GATA3):c.568C>T (p.Leu190=)","chr10","8058631","C/T","GATA3","-0.085","dataset0636","Synonymous","Neutral to the TNFa cytokine expression in CD4⁺ T cell","TNFa cytokine expression","4","Functionally normal","","3.72019e-06","NA","CRISPR-Based Genome Editing","Base editing","38093011"
"NM_001002295.2(GATA3):c.569T>C (p.Leu190Pro)","chr10","8058632","T/C","GATA3","-0.038","dataset0636","Missense","Neutral to the TNFa cytokine expression in CD4⁺ T cell","TNFa cytokine expression","4","Functionally normal","Uncertain significance","4.96278e-06","NA","CRISPR-Based Genome Editing","Base editing","38093011"
"NM_001002295.2(GATA3):c.570G>A (p.Leu190=)","chr10","8058633","G/A","GATA3","0.104","dataset0636","Synonymous","Neutral to the TNFa cytokine expression in CD4⁺ T cell","TNFa cytokine expression","4","Functionally normal","","","NA","CRISPR-Based Genome Editing","Base editing","38093011"
"NM_001002295.2(GATA3):c.571C>T (p.Pro191Ser)","chr10","8058634","C/T","GATA3","-0.085","dataset0636","Missense","Neutral to the TNFa cytokine expression in CD4⁺ T cell","TNFa cytokine expression","4","Functionally normal","","0","NA","CRISPR-Based Genome Editing","Base editing","38093011"
"NM_001002295.2(GATA3):c.572C>T (p.Pro191Leu)","chr10","8058635","C/T","GATA3","-0.085","dataset0636","Missense","Neutral to the TNFa cytokine expression in CD4⁺ T cell","TNFa cytokine expression","4","Functionally normal","Uncertain significance","","NA","CRISPR-Based Genome Editing","Base editing","38093011"
"NM_001002295.2(GATA3):c.573C>T (p.Pro191=)","chr10","8058636","C/T","GATA3","-0.085","dataset0636","Synonymous","Neutral to the TNFa cytokine expression in CD4⁺ T cell","TNFa cytokine expression","4","Functionally normal","Benign","0.0057922","NA","CRISPR-Based Genome Editing","Base editing","38093011"
"NM_001002295.2(GATA3):c.576C>T (p.Asp192=)","chr10","8058639","C/T","GATA3","-0.085","dataset0636","Synonymous","Neutral to the TNFa cytokine expression in CD4⁺ T cell","TNFa cytokine expression","4","Functionally normal","","","NA","CRISPR-Based Genome Editing","Base editing","38093011"
"NM_001002295.2(GATA3):c.578G>A (p.Ser193Asn)","chr10","8058641","G/A","GATA3","0.05","dataset0636","Missense","Neutral to the TNFa cytokine expression in CD4⁺ T cell","TNFa cytokine expression","4","Functionally normal","","","NA","CRISPR-Based Genome Editing","Base editing","38093011"
"NM_001002295.2(GATA3):c.579C>T (p.Ser193=)","chr10","8058642","C/T","GATA3","-0.085","dataset0636","Synonymous","Neutral to the TNFa cytokine expression in CD4⁺ T cell","TNFa cytokine expression","4","Functionally normal","","6.19947e-07","NA","CRISPR-Based Genome Editing","Base editing","38093011"
"NM_001002295.2(GATA3):c.581T>C (p.Met194Thr)","chr10","8058644","T/C","GATA3","0.064","dataset0636","Missense","Neutral to the TNFa cytokine expression in CD4⁺ T cell","TNFa cytokine expression","4","Functionally normal","","1.24008e-06","NA","CRISPR-Based Genome Editing","Base editing","38093011"
"NM_001002295.2(GATA3):c.582G>A (p.Met194Ile)","chr10","8058645","G/A","GATA3","-0.083","dataset0636","Missense","Neutral to the TNFa cytokine expression in CD4⁺ T cell","TNFa cytokine expression","4","Functionally normal","","6.19958e-07","NA","CRISPR-Based Genome Editing","Base editing","38093011"
"NM_001002295.2(GATA3):c.585G>A (p.Lys195=)","chr10","8058648","G/A","GATA3","-0.083","dataset0636","Synonymous","Neutral to the TNFa cytokine expression in CD4⁺ T cell","TNFa cytokine expression","4","Functionally normal","","","NA","CRISPR-Based Genome Editing","Base editing","38093011"
"NM_001002295.2(GATA3):c.586C>T (p.Leu196=)","chr10","8058649","C/T","GATA3","0.13","dataset0636","Synonymous","Neutral to the TNFa cytokine expression in CD4⁺ T cell","TNFa cytokine expression","4","Functionally normal","","","NA","CRISPR-Based Genome Editing","Base editing","38093011"
"NM_001002295.2(GATA3):c.587T>C (p.Leu196Pro)","chr10","8058650","T/C","GATA3","0.035","dataset0636","Missense","Neutral to the TNFa cytokine expression in CD4⁺ T cell","TNFa cytokine expression","4","Functionally normal","","","NA","CRISPR-Based Genome Editing","Base editing","38093011"
"NM_001002295.2(GATA3):c.588G>A (p.Leu196=)","chr10","8058651","G/A","GATA3","-0.128","dataset0636","Synonymous","Neutral to the TNFa cytokine expression in CD4⁺ T cell","TNFa cytokine expression","4","Functionally normal","","","NA","CRISPR-Based Genome Editing","Base editing","38093011"
"NM_001002295.2(GATA3):c.589G>A (p.Glu197Lys)","chr10","8058652","G/A","GATA3","0.164","dataset0636","Missense","Neutral to the TNFa cytokine expression in CD4⁺ T cell","TNFa cytokine expression","4","Functionally normal","","","NA","CRISPR-Based Genome Editing","Base editing","38093011"
"NM_001002295.2(GATA3):c.590A>G (p.Glu197Gly)","chr10","8058653","A/G","GATA3","-0.151","dataset0636","Missense","Neutral to the TNFa cytokine expression in CD4⁺ T cell","TNFa cytokine expression","4","Functionally normal","","","NA","CRISPR-Based Genome Editing","Base editing","38093011"
"NM_001002295.2(GATA3):c.592T>C (p.Ser198Pro)","chr10","8058655","T/C","GATA3","0.044","dataset0636","Missense","Neutral to the TNFa cytokine expression in CD4⁺ T cell","TNFa cytokine expression","4","Functionally normal","","","NA","CRISPR-Based Genome Editing","Base editing","38093011"
"NM_001002295.2(GATA3):c.593C>T (p.Ser198Leu)","chr10","8058656","C/T","GATA3","0.13","dataset0636","Missense","Neutral to the TNFa cytokine expression in CD4⁺ T cell","TNFa cytokine expression","4","Functionally normal","","","NA","CRISPR-Based Genome Editing","Base editing","38093011"
"NM_001002295.2(GATA3):c.594G>A (p.Ser198=)","chr10","8058657","G/A","GATA3","-0.135","dataset0636","Synonymous","Neutral to the TNFa cytokine expression in CD4⁺ T cell","TNFa cytokine expression","4","Functionally normal","","1.23997e-06","NA","CRISPR-Based Genome Editing","Base editing","38093011"
"NM_001002295.2(GATA3):c.596C>T (p.Ser199Phe)","chr10","8058659","C/T","GATA3","0.13","dataset0636","Missense","Neutral to the TNFa cytokine expression in CD4⁺ T cell","TNFa cytokine expression","4","Functionally normal","","3.09962e-06","ov:0.2% (1/585):0.200","CRISPR-Based Genome Editing","Base editing","38093011"
"NM_001002295.2(GATA3):c.597C>T (p.Ser199=)","chr10","8058660","C/T","GATA3","0.13","dataset0636","Synonymous","Neutral to the TNFa cytokine expression in CD4⁺ T cell","TNFa cytokine expression","4","Functionally normal","","6.19885e-07","NA","CRISPR-Based Genome Editing","Base editing","38093011"
"NM_001002295.2(GATA3):c.598C>T (p.His200Tyr)","chr10","8058661","C/T","GATA3","0.13","dataset0636","Missense","Neutral to the TNFa cytokine expression in CD4⁺ T cell","TNFa cytokine expression","4","Functionally normal","Uncertain significance","1.30173e-05","NA","CRISPR-Based Genome Editing","Base editing","38093011"
"NM_001002295.2(GATA3):c.603C>T (p.Ser201=)","chr10","8058666","C/T","GATA3","0.001","dataset0636","Synonymous","Neutral to the TNFa cytokine expression in CD4⁺ T cell","TNFa cytokine expression","4","Functionally normal","","","NA","CRISPR-Based Genome Editing","Base editing","38093011"
"NM_001002295.2(GATA3):c.604C>T (p.Arg202Cys)","chr10","8058667","C/T","GATA3","-0.064","dataset0636","Missense","Neutral to the TNFa cytokine expression in CD4⁺ T cell","TNFa cytokine expression","4","Functionally normal","Uncertain significance","5.26873e-05","NA","CRISPR-Based Genome Editing","Base editing","38093011"
"NM_001002295.2(GATA3):c.607G>A (p.Gly203Ser)","chr10","8058670","G/A","GATA3","-0.107","dataset0636","Missense","Neutral to the TNFa cytokine expression in CD4⁺ T cell","TNFa cytokine expression","4","Functionally normal","","","NA","CRISPR-Based Genome Editing","Base editing","38093011"
"NM_001002295.2(GATA3):c.608G>A (p.Gly203Asp)","chr10","8058671","G/A","GATA3","-0.107","dataset0636","Missense","Neutral to the TNFa cytokine expression in CD4⁺ T cell","TNFa cytokine expression","4","Functionally normal","","","NA","CRISPR-Based Genome Editing","Base editing","38093011"
"NM_001002295.2(GATA3):c.609C>T (p.Gly203=)","chr10","8058672","C/T","GATA3","0.043","dataset0636","Synonymous","Neutral to the TNFa cytokine expression in CD4⁺ T cell","TNFa cytokine expression","4","Functionally normal","","1.23969e-06","NA","CRISPR-Based Genome Editing","Base editing","38093011"
"NM_001002295.2(GATA3):c.610A>G (p.Ser204Gly)","chr10","8058673","A/G","GATA3","-0.015","dataset0636","Missense","Neutral to the TNFa cytokine expression in CD4⁺ T cell","TNFa cytokine expression","4","Functionally normal","","","NA","CRISPR-Based Genome Editing","Base editing","38093011"
"NM_001002295.2(GATA3):c.611G>A (p.Ser204Asn)","chr10","8058674","G/A","GATA3","-0.107","dataset0636","Missense","Neutral to the TNFa cytokine expression in CD4⁺ T cell","TNFa cytokine expression","4","Functionally normal","","2.47948e-06","NA","CRISPR-Based Genome Editing","Base editing","38093011"
"NM_001002295.2(GATA3):c.612C>T (p.Ser204=)","chr10","8058675","C/T","GATA3","0.043","dataset0636","Synonymous","Neutral to the TNFa cytokine expression in CD4⁺ T cell","TNFa cytokine expression","4","Functionally normal","","0","NA","CRISPR-Based Genome Editing","Base editing","38093011"
"NM_001002295.2(GATA3):c.613A>G (p.Met205Val)","chr10","8058676","A/G","GATA3","-0.028","dataset0636","Missense","Neutral to the TNFa cytokine expression in CD4⁺ T cell","TNFa cytokine expression","4","Functionally normal","","","NA","CRISPR-Based Genome Editing","Base editing","38093011"
"NM_001002295.2(GATA3):c.614T>C (p.Met205Thr)","chr10","8058677","T/C","GATA3","-0.035","dataset0636","Missense","Neutral to the TNFa cytokine expression in CD4⁺ T cell","TNFa cytokine expression","4","Functionally normal","","6.19851e-07","NA","CRISPR-Based Genome Editing","Base editing","38093011"
"NM_001002295.2(GATA3):c.615G>A (p.Met205Ile)","chr10","8058678","G/A","GATA3","0.031","dataset0636","Missense","Neutral to the TNFa cytokine expression in CD4⁺ T cell","TNFa cytokine expression","4","Functionally normal","","","read:0.6% (1/155):0.220;stad:0.2% (1/440):0.080","CRISPR-Based Genome Editing","Base editing","38093011"
"NM_001002295.2(GATA3):c.619G>A (p.Ala207Thr)","chr10","8058682","G/A","GATA3","0.018","dataset0636","Missense","Neutral to the TNFa cytokine expression in CD4⁺ T cell","TNFa cytokine expression","4","Functionally normal","","3.7195e-06","NA","CRISPR-Based Genome Editing","Base editing","38093011"
"NM_001002295.2(GATA3):c.623T>C (p.Leu208Pro)","chr10","8058686","T/C","GATA3","0.027","dataset0636","Missense","Neutral to the TNFa cytokine expression in CD4⁺ T cell","TNFa cytokine expression","4","Functionally normal","","","NA","CRISPR-Based Genome Editing","Base editing","38093011"
"NM_001002295.2(GATA3):c.625G>A (p.Gly209Ser)","chr10","8058688","G/A","GATA3","-0.009","dataset0636","Missense","Neutral to the TNFa cytokine expression in CD4⁺ T cell","TNFa cytokine expression","4","Functionally normal","","","NA","CRISPR-Based Genome Editing","Base editing","38093011"
"NM_001002295.2(GATA3):c.628G>A (p.Gly210Arg)","chr10","8058691","G/A","GATA3","0.117","dataset0636","Missense","Neutral to the TNFa cytokine expression in CD4⁺ T cell","TNFa cytokine expression","4","Functionally normal","","","NA","CRISPR-Based Genome Editing","Base editing","38093011"
"NM_001002295.2(GATA3):c.629G>A (p.Gly210Glu)","chr10","8058692","G/A","GATA3","0.117","dataset0636","Missense","Neutral to the TNFa cytokine expression in CD4⁺ T cell","TNFa cytokine expression","4","Functionally normal","Uncertain significance","2.4797e-06","NA","CRISPR-Based Genome Editing","Base editing","38093011"
"NM_001002295.2(GATA3):c.631G>A (p.Ala211Thr)","chr10","8058694","G/A","GATA3","0.071","dataset0636","Missense","Neutral to the TNFa cytokine expression in CD4⁺ T cell","TNFa cytokine expression","4","Functionally normal","Uncertain significance","9.91996e-06","NA","CRISPR-Based Genome Editing","Base editing","38093011"
"NM_001002295.2(GATA3):c.634T>C (p.Ser212Pro)","chr10","8058697","T/C","GATA3","-0.122","dataset0636","Missense","Neutral to the TNFa cytokine expression in CD4⁺ T cell","TNFa cytokine expression","4","Functionally normal","","","NA","CRISPR-Based Genome Editing","Base editing","38093011"
"NM_001002295.2(GATA3):c.637T>C (p.Ser213Pro)","chr10","8058700","T/C","GATA3","0.08","dataset0636","Missense","Neutral to the TNFa cytokine expression in CD4⁺ T cell","TNFa cytokine expression","4","Functionally normal","","","NA","CRISPR-Based Genome Editing","Base editing","38093011"
"NM_001002295.2(GATA3):c.639G>A (p.Ser213=)","chr10","8058702","G/A","GATA3","0.071","dataset0636","Synonymous","Neutral to the TNFa cytokine expression in CD4⁺ T cell","TNFa cytokine expression","4","Functionally normal","","1.92221e-05","NA","CRISPR-Based Genome Editing","Base editing","38093011"
"NM_001002295.2(GATA3):c.642G>A (p.Ser214=)","chr10","8058705","G/A","GATA3","-0.06","dataset0636","Synonymous","Neutral to the TNFa cytokine expression in CD4⁺ T cell","TNFa cytokine expression","4","Functionally normal","","","NA","CRISPR-Based Genome Editing","Base editing","38093011"
"NM_001002295.2(GATA3):c.664T>C (p.Tyr222His)","chr10","8058727","T/C","GATA3","0.032","dataset0636","Missense","Neutral to the TNFa cytokine expression in CD4⁺ T cell","TNFa cytokine expression","4","Functionally normal","","","NA","CRISPR-Based Genome Editing","Base editing","38093011"
"NM_001002295.2(GATA3):c.669G>A (p.Pro223=)","chr10","8058732","G/A","GATA3","-0.046","dataset0636","Synonymous","Neutral to the TNFa cytokine expression in CD4⁺ T cell","TNFa cytokine expression","4","Functionally normal","","9.55373e-05","NA","CRISPR-Based Genome Editing","Base editing","38093011"
"NM_001002295.2(GATA3):c.673T>C (p.Tyr225His)","chr10","8058736","T/C","GATA3","0.038","dataset0636","Missense","Neutral to the TNFa cytokine expression in CD4⁺ T cell","TNFa cytokine expression","4","Functionally normal","","6.20263e-07","NA","CRISPR-Based Genome Editing","Base editing","38093011"
"NM_001002295.2(GATA3):c.675C>T (p.Tyr225=)","chr10","8058738","C/T","GATA3","-0.033","dataset0636","Synonymous","Neutral to the TNFa cytokine expression in CD4⁺ T cell","TNFa cytokine expression","4","Functionally normal","","4.34184e-06","NA","CRISPR-Based Genome Editing","Base editing","38093011"
"NM_001002295.2(GATA3):c.676G>A (p.Val226Met)","chr10","8058739","G/A","GATA3","0.051","dataset0636","Missense","Neutral to the TNFa cytokine expression in CD4⁺ T cell","TNFa cytokine expression","4","Functionally normal","Uncertain significance","1.86095e-06","ucec:0.2% (1/529):0.380","CRISPR-Based Genome Editing","Base editing","38093011"
"NM_001002295.2(GATA3):c.677T>C (p.Val226Ala)","chr10","8058740","T/C","GATA3","0.042","dataset0636","Missense","Neutral to the TNFa cytokine expression in CD4⁺ T cell","TNFa cytokine expression","4","Functionally normal","","","NA","CRISPR-Based Genome Editing","Base editing","38093011"
"NM_001002295.2(GATA3):c.678G>A (p.Val226=)","chr10","8058741","G/A","GATA3","-0.101","dataset0636","Synonymous","Neutral to the TNFa cytokine expression in CD4⁺ T cell","TNFa cytokine expression","4","Functionally normal","","","NA","CRISPR-Based Genome Editing","Base editing","38093011"
"NM_001002295.2(GATA3):c.679C>T (p.Pro227Ser)","chr10","8058742","C/T","GATA3","-0.033","dataset0636","Missense","Neutral to the TNFa cytokine expression in CD4⁺ T cell","TNFa cytokine expression","4","Functionally normal","","6.20284e-07","NA","CRISPR-Based Genome Editing","Base editing","38093011"
"NM_001002295.2(GATA3):c.680C>T (p.Pro227Leu)","chr10","8058743","C/T","GATA3","-0.033","dataset0636","Missense","Neutral to the TNFa cytokine expression in CD4⁺ T cell","TNFa cytokine expression","4","Functionally normal","","","NA","CRISPR-Based Genome Editing","Base editing","38093011"
"NM_001002295.2(GATA3):c.681C>T (p.Pro227=)","chr10","8058744","C/T","GATA3","-0.033","dataset0636","Synonymous","Neutral to the TNFa cytokine expression in CD4⁺ T cell","TNFa cytokine expression","4","Functionally normal","Likely benign","4.96241e-06","NA","CRISPR-Based Genome Editing","Base editing","38093011"
"NM_001002295.2(GATA3):c.682G>A (p.Glu228Lys)","chr10","8058745","G/A","GATA3","0.045","dataset0636","Missense","Neutral to the TNFa cytokine expression in CD4⁺ T cell","TNFa cytokine expression","4","Functionally normal","","1.24071e-06","stad:0.2% (1/440):0.260","CRISPR-Based Genome Editing","Base editing","38093011"
"NM_001002295.2(GATA3):c.684G>A (p.Glu228=)","chr10","8058747","G/A","GATA3","0.045","dataset0636","Synonymous","Neutral to the TNFa cytokine expression in CD4⁺ T cell","TNFa cytokine expression","4","Functionally normal","","","NA","CRISPR-Based Genome Editing","Base editing","38093011"
"NM_001002295.2(GATA3):c.685T>C (p.Tyr229His)","chr10","8058748","T/C","GATA3","0.146","dataset0636","Missense","Neutral to the TNFa cytokine expression in CD4⁺ T cell","TNFa cytokine expression","4","Functionally normal","","","NA","CRISPR-Based Genome Editing","Base editing","38093011"
"NM_001002295.2(GATA3):c.689G>A (p.Ser230Asn)","chr10","8058752","G/A","GATA3","-0.022","dataset0636","Missense","Neutral to the TNFa cytokine expression in CD4⁺ T cell","TNFa cytokine expression","4","Functionally normal","","6.20537e-07","NA","CRISPR-Based Genome Editing","Base editing","38093011"
"NM_001002295.2(GATA3):c.691T>C (p.Ser231Pro)","chr10","8058754","T/C","GATA3","0.078","dataset0636","Missense","Neutral to the TNFa cytokine expression in CD4⁺ T cell","TNFa cytokine expression","4","Functionally normal","Uncertain significance","6.20754e-07","NA","CRISPR-Based Genome Editing","Base editing","38093011"
"NM_001002295.2(GATA3):c.694G>A (p.Gly232Arg)","chr10","8058757","G/A","GATA3","0.003","dataset0636","Missense","Neutral to the TNFa cytokine expression in CD4⁺ T cell","TNFa cytokine expression","4","Functionally normal","","1.86194e-06","NA","CRISPR-Based Genome Editing","Base editing","38093011"
"NM_001002295.2(GATA3):c.695G>A (p.Gly232Glu)","chr10","8058758","G/A","GATA3","0.003","dataset0636","Missense","Neutral to the TNFa cytokine expression in CD4⁺ T cell","TNFa cytokine expression","4","Functionally normal","","","NA","CRISPR-Based Genome Editing","Base editing","38093011"
"NM_001002295.2(GATA3):c.698T>C (p.Leu233Pro)","chr10","8058761","T/C","GATA3","0.082","dataset0636","Missense","Neutral to the TNFa cytokine expression in CD4⁺ T cell","TNFa cytokine expression","4","Functionally normal","","","NA","CRISPR-Based Genome Editing","Base editing","38093011"
"NM_001002295.2(GATA3):c.699C>T (p.Leu233=)","chr10","8058762","C/T","GATA3","-0.002","dataset0636","Synonymous","Neutral to the TNFa cytokine expression in CD4⁺ T cell","TNFa cytokine expression","4","Functionally normal","","","NA","CRISPR-Based Genome Editing","Base editing","38093011"
"NM_001002295.2(GATA3):c.700T>C (p.Phe234Leu)","chr10","8058763","T/C","GATA3","-0.061","dataset0636","Missense","Neutral to the TNFa cytokine expression in CD4⁺ T cell","TNFa cytokine expression","4","Functionally normal","","","NA","CRISPR-Based Genome Editing","Base editing","38093011"
"NM_001002295.2(GATA3):c.702C>T (p.Phe234=)","chr10","8058765","C/T","GATA3","0.104","dataset0636","Synonymous","Neutral to the TNFa cytokine expression in CD4⁺ T cell","TNFa cytokine expression","4","Functionally normal","","4.96974e-06","NA","CRISPR-Based Genome Editing","Base editing","38093011"
"NM_001002295.2(GATA3):c.703C>T (p.Pro235Ser)","chr10","8058766","C/T","GATA3","-0.164","dataset0636","Missense","Neutral to the TNFa cytokine expression in CD4⁺ T cell","TNFa cytokine expression","4","Functionally normal","","","NA","CRISPR-Based Genome Editing","Base editing","38093011"
"NM_001002295.2(GATA3):c.704C>T (p.Pro235Leu)","chr10","8058767","C/T","GATA3","-0.164","dataset0636","Missense","Neutral to the TNFa cytokine expression in CD4⁺ T cell","TNFa cytokine expression","4","Functionally normal","","","NA","CRISPR-Based Genome Editing","Base editing","38093011"
"NM_001002295.2(GATA3):c.705C>T (p.Pro235=)","chr10","8058768","C/T","GATA3","-0.164","dataset0636","Synonymous","Neutral to the TNFa cytokine expression in CD4⁺ T cell","TNFa cytokine expression","4","Functionally normal","Likely benign","1.55214e-05","NA","CRISPR-Based Genome Editing","Base editing","38093011"
"NM_001002295.2(GATA3):c.706C>T (p.Pro236Ser)","chr10","8058769","C/T","GATA3","-0.164","dataset0636","Missense","Neutral to the TNFa cytokine expression in CD4⁺ T cell","TNFa cytokine expression","4","Functionally normal","Uncertain significance","2.48339e-05","NA","CRISPR-Based Genome Editing","Base editing","38093011"
"NM_001002295.2(GATA3):c.707C>T (p.Pro236Leu)","chr10","8058770","C/T","GATA3","-0.164","dataset0636","Missense","Neutral to the TNFa cytokine expression in CD4⁺ T cell","TNFa cytokine expression","4","Functionally normal","","1.24165e-06","NA","CRISPR-Based Genome Editing","Base editing","38093011"
"NM_001002295.2(GATA3):c.708C>T (p.Pro236=)","chr10","8058771","C/T","GATA3","-0.164","dataset0636","Synonymous","Neutral to the TNFa cytokine expression in CD4⁺ T cell","TNFa cytokine expression","4","Functionally normal","","4.96746e-06","NA","CRISPR-Based Genome Editing","Base editing","38093011"
"NM_001002295.2(GATA3):c.709A>G (p.Ser237Gly)","chr10","8058772","A/G","GATA3","0.361","dataset0636","Missense","The enhanced TNFa cytokine expression in CD4⁺ T cell","TNFa cytokine expression","4","Gain-of-function","","","NA","CRISPR-Based Genome Editing","Base editing","38093011"
"NM_001002295.2(GATA3):c.710G>A (p.Ser237Asn)","chr10","8058773","G/A","GATA3","0.092","dataset0636","Missense","Neutral to the TNFa cytokine expression in CD4⁺ T cell","TNFa cytokine expression","4","Functionally normal","","0","NA","CRISPR-Based Genome Editing","Base editing","38093011"
"NM_001002295.2(GATA3):c.711C>T (p.Ser237=)","chr10","8058774","C/T","GATA3","-0.164","dataset0636","Synonymous","Neutral to the TNFa cytokine expression in CD4⁺ T cell","TNFa cytokine expression","4","Functionally normal","Likely benign","6.20967e-06","NA","CRISPR-Based Genome Editing","Base editing","38093011"
"NM_001002295.2(GATA3):c.713G>A (p.Ser238Asn)","chr10","8058776","G/A","GATA3","-0.044","dataset0636","Missense","Neutral to the TNFa cytokine expression in CD4⁺ T cell","TNFa cytokine expression","4","Functionally normal","","","NA","CRISPR-Based Genome Editing","Base editing","38093011"
"NM_001002295.2(GATA3):c.715C>T (p.Leu239=)","chr10","8058778","C/T","GATA3","0.118","dataset0636","Synonymous","Neutral to the TNFa cytokine expression in CD4⁺ T cell","TNFa cytokine expression","4","Functionally normal","","","NA","CRISPR-Based Genome Editing","Base editing","38093011"
"NM_001002295.2(GATA3):c.717G>A (p.Leu239=)","chr10","8058780","G/A","GATA3","0.053","dataset0636","Synonymous","Neutral to the TNFa cytokine expression in CD4⁺ T cell","TNFa cytokine expression","4","Functionally normal","","0","NA","CRISPR-Based Genome Editing","Base editing","38093011"
"NM_001002295.2(GATA3):c.719T>C (p.Leu240Pro)","chr10","8058782","T/C","GATA3","0.023","dataset0636","Missense","Neutral to the TNFa cytokine expression in CD4⁺ T cell","TNFa cytokine expression","4","Functionally normal","","","NA","CRISPR-Based Genome Editing","Base editing","38093011"
"NM_001002295.2(GATA3):c.720G>A (p.Leu240=)","chr10","8058783","G/A","GATA3","0.053","dataset0636","Synonymous","Neutral to the TNFa cytokine expression in CD4⁺ T cell","TNFa cytokine expression","4","Functionally normal","","6.21294e-07","NA","CRISPR-Based Genome Editing","Base editing","38093011"
"NM_001002295.2(GATA3):c.721G>A (p.Gly241Ser)","chr10","8058784","G/A","GATA3","0.053","dataset0636","Missense","Neutral to the TNFa cytokine expression in CD4⁺ T cell","TNFa cytokine expression","4","Functionally normal","","6.21292e-07","NA","CRISPR-Based Genome Editing","Base editing","38093011"
"NM_001002295.2(GATA3):c.722G>A (p.Gly241Asp)","chr10","8058785","G/A","GATA3","0.053","dataset0636","Missense","Neutral to the TNFa cytokine expression in CD4⁺ T cell","TNFa cytokine expression","4","Functionally normal","","","NA","CRISPR-Based Genome Editing","Base editing","38093011"
"NM_001002295.2(GATA3):c.723C>T (p.Gly241=)","chr10","8058786","C/T","GATA3","-0.003","dataset0636","Synonymous","Neutral to the TNFa cytokine expression in CD4⁺ T cell","TNFa cytokine expression","4","Functionally normal","","1.24303e-06","NA","CRISPR-Based Genome Editing","Base editing","38093011"
"NM_001002295.2(GATA3):c.724G>A (p.Gly242Ser)","chr10","8058787","G/A","GATA3","-0.065","dataset0636","Missense","Neutral to the TNFa cytokine expression in CD4⁺ T cell","TNFa cytokine expression","4","Functionally normal","Likely benign","0.000128007","NA","CRISPR-Based Genome Editing","Base editing","38093011"
"NM_001002295.2(GATA3):c.726C>T (p.Gly242=)","chr10","8058789","C/T","GATA3","-0.003","dataset0636","Synonymous","Neutral to the TNFa cytokine expression in CD4⁺ T cell","TNFa cytokine expression","4","Functionally normal","","","NA","CRISPR-Based Genome Editing","Base editing","38093011"
"NM_001002295.2(GATA3):c.727T>C (p.Ser243Pro)","chr10","8058790","T/C","GATA3","0.023","dataset0636","Missense","Neutral to the TNFa cytokine expression in CD4⁺ T cell","TNFa cytokine expression","4","Functionally normal","","6.21749e-07","NA","CRISPR-Based Genome Editing","Base editing","38093011"
"NM_001002295.2(GATA3):c.734C>T (p.Thr245Ile)","chr10","8058797","C/T","GATA3","-0.275","dataset0636","Missense","The diminished TNFa cytokine expression in CD4⁺ T cell","TNFa cytokine expression","4","Loss-of-function","","3.10955e-06","NA","CRISPR-Based Genome Editing","Base editing","38093011"
"NM_001002295.2(GATA3):c.735C>T (p.Thr245=)","chr10","8058798","C/T","GATA3","-0.275","dataset0636","Synonymous","The diminished TNFa cytokine expression in CD4⁺ T cell","TNFa cytokine expression","4","Loss-of-function","Likely benign","1.43072e-05","NA","CRISPR-Based Genome Editing","Base editing","38093011"
"NM_001002295.2(GATA3):c.738C>T (p.Gly246=)","chr10","8058801","C/T","GATA3","-0.275","dataset0636","Synonymous","The diminished TNFa cytokine expression in CD4⁺ T cell","TNFa cytokine expression","4","Loss-of-function","","","NA","CRISPR-Based Genome Editing","Base editing","38093011"
"NM_001002295.2(GATA3):c.741C>T (p.Phe247=)","chr10","8058804","C/T","GATA3","0.235","dataset0636","Synonymous","The enhanced TNFa cytokine expression in CD4⁺ T cell","TNFa cytokine expression","4","Gain-of-function","","1.86657e-06","NA","CRISPR-Based Genome Editing","Base editing","38093011"
"NM_001002295.2(GATA3):c.742G>A (p.Gly248Arg)","chr10","8058805","G/A","GATA3","-0.031","dataset0636","Missense","Neutral to the TNFa cytokine expression in CD4⁺ T cell","TNFa cytokine expression","4","Functionally normal","Uncertain significance","1.05792e-05","NA","CRISPR-Based Genome Editing","Base editing","38093011"
"NM_001002295.2(GATA3):c.743G>A (p.Gly248Glu)","chr10","8058806","G/A","GATA3","-0.031","dataset0636","Missense","Neutral to the TNFa cytokine expression in CD4⁺ T cell","TNFa cytokine expression","4","Functionally normal","","","NA","CRISPR-Based Genome Editing","Base editing","38093011"
"NM_001002295.2(GATA3):c.744A>G (p.Gly248=)","chr10","8058807","A/G","GATA3","-0.073","dataset0636","Synonymous","Neutral to the TNFa cytokine expression in CD4⁺ T cell","TNFa cytokine expression","4","Functionally normal","","","NA","CRISPR-Based Genome Editing","Base editing","38093011"
"NM_001002295.2(GATA3):c.745T>C (p.Cys249Arg)","chr10","8058808","T/C","GATA3","-0.095","dataset0636","Missense","Neutral to the TNFa cytokine expression in CD4⁺ T cell","TNFa cytokine expression","4","Functionally normal","","6.2239e-07","NA","CRISPR-Based Genome Editing","Base editing","38093011"
"NM_001002295.2(GATA3):c.746G>A (p.Cys249Tyr)","chr10","8058809","G/A","GATA3","0.058","dataset0636","Missense","Neutral to the TNFa cytokine expression in CD4⁺ T cell","TNFa cytokine expression","4","Functionally normal","","6.22522e-07","NA","CRISPR-Based Genome Editing","Base editing","38093011"
"NM_001002295.2(GATA3):c.747C>T (p.Cys249=)","chr10","8058810","C/T","GATA3","-0.219","dataset0636","Synonymous","Neutral to the TNFa cytokine expression in CD4⁺ T cell","TNFa cytokine expression","4","Functionally normal","","","NA","CRISPR-Based Genome Editing","Base editing","38093011"
"NM_001002295.2(GATA3):c.748A>G (p.Lys250Glu)","chr10","8058811","A/G","GATA3","0.082","dataset0636","Missense","Neutral to the TNFa cytokine expression in CD4⁺ T cell","TNFa cytokine expression","4","Functionally normal","","","NA","CRISPR-Based Genome Editing","Base editing","38093011"
"NM_001002295.2(GATA3):c.750G>A (p.Lys250=)","chr10","8058813","G/A","GATA3","0.058","dataset0636","Synonymous","Neutral to the TNFa cytokine expression in CD4⁺ T cell","TNFa cytokine expression","4","Functionally normal","","","NA","CRISPR-Based Genome Editing","Base editing","38093011"
"NM_001002295.2(GATA3):c.751T>C (p.Ser251Pro)","chr10","8058814","T/C","GATA3","0.02","dataset0636","Missense","Neutral to the TNFa cytokine expression in CD4⁺ T cell","TNFa cytokine expression","4","Functionally normal","","","NA","CRISPR-Based Genome Editing","Base editing","38093011"
"NM_001002295.2(GATA3):c.752C>T (p.Ser251Phe)","chr10","8058815","C/T","GATA3","-0.219","dataset0636","Missense","Neutral to the TNFa cytokine expression in CD4⁺ T cell","TNFa cytokine expression","4","Functionally normal","","","NA","CRISPR-Based Genome Editing","Base editing","38093011"
"NM_001002295.2(GATA3):c.753C>T (p.Ser251=)","chr10","8058816","C/T","GATA3","-0.219","dataset0636","Synonymous","Neutral to the TNFa cytokine expression in CD4⁺ T cell","TNFa cytokine expression","4","Functionally normal","","","NA","CRISPR-Based Genome Editing","Base editing","38093011"
"NM_001002295.2(GATA3):c.757C>T (p.Pro253Ser)","chr10","8058820","C/T","GATA3","0.141","dataset0636","Missense","Neutral to the TNFa cytokine expression in CD4⁺ T cell","TNFa cytokine expression","4","Functionally normal","","","NA","CRISPR-Based Genome Editing","Base editing","38093011"
"NM_001002295.2(GATA3):c.758C>T (p.Pro253Leu)","chr10","8058821","C/T","GATA3","0.141","dataset0636","Missense","Neutral to the TNFa cytokine expression in CD4⁺ T cell","TNFa cytokine expression","4","Functionally normal","","1.24613e-06","NA","CRISPR-Based Genome Editing","Base editing","38093011"
"NM_001002295.2(GATA3):c.760A>G (p.Lys254Glu)","chr10","8058823","A/G","GATA3","-0.047","dataset0636","Missense","Neutral to the TNFa cytokine expression in CD4⁺ T cell","TNFa cytokine expression","4","Functionally normal","","","NA","CRISPR-Based Genome Editing","Base editing","38093011"
"NM_001002295.2(GATA3):c.761A>G (p.Lys254Arg)","chr10","8058824","A/G","GATA3","-0.047","dataset0636","Missense","Neutral to the TNFa cytokine expression in CD4⁺ T cell","TNFa cytokine expression","4","Functionally normal","","","NA","CRISPR-Based Genome Editing","Base editing","38093011"
"NM_001002295.2(GATA3):c.762G>A (p.Lys254=)","chr10","8058825","G/A","GATA3","-0.123","dataset0636","Synonymous","Neutral to the TNFa cytokine expression in CD4⁺ T cell","TNFa cytokine expression","4","Functionally normal","","","NA","CRISPR-Based Genome Editing","Base editing","38093011"
"NM_001002295.2(GATA3):c.763G>A (p.Ala255Thr)","chr10","8058826","G/A","GATA3","-0.123","dataset0636","Missense","Neutral to the TNFa cytokine expression in CD4⁺ T cell","TNFa cytokine expression","4","Functionally normal","","0","NA","CRISPR-Based Genome Editing","Base editing","38093011"
"NM_001002295.2(GATA3):c.764C>T (p.Ala255Val)","chr10","8058827","C/T","GATA3","-0.04","dataset0636","Missense","Neutral to the TNFa cytokine expression in CD4⁺ T cell","TNFa cytokine expression","4","Functionally normal","","","NA","CRISPR-Based Genome Editing","Base editing","38093011"
"NM_001002295.2(GATA3):c.765C>T (p.Ala255=)","chr10","8058828","C/T","GATA3","-0.04","dataset0636","Synonymous","Neutral to the TNFa cytokine expression in CD4⁺ T cell","TNFa cytokine expression","4","Functionally normal","","","NA","CRISPR-Based Genome Editing","Base editing","38093011"
"NM_001002295.2(GATA3):c.766C>T (p.Arg256Trp)","chr10","8058829","C/T","GATA3","-0.04","dataset0636","Missense","Neutral to the TNFa cytokine expression in CD4⁺ T cell","TNFa cytokine expression","4","Functionally normal","Uncertain significance","1.24701e-06","NA","CRISPR-Based Genome Editing","Base editing","38093011"
"NM_001002295.2(GATA3):c.767G>A (p.Arg256Gln)","chr10","8058830","G/A","GATA3","0.088","dataset0636","Missense","Neutral to the TNFa cytokine expression in CD4⁺ T cell","TNFa cytokine expression","4","Functionally normal","","1.24707e-06","NA","CRISPR-Based Genome Editing","Base editing","38093011"
"NM_001002295.2(GATA3):c.768G>A (p.Arg256=)","chr10","8058831","G/A","GATA3","-0.019","dataset0636","Synonymous","Neutral to the TNFa cytokine expression in CD4⁺ T cell","TNFa cytokine expression","4","Functionally normal","","6.23626e-06","NA","CRISPR-Based Genome Editing","Base editing","38093011"
"NM_001002295.2(GATA3):c.769T>C (p.Ser257Pro)","chr10","8058832","T/C","GATA3","-0.099","dataset0636","Missense","Neutral to the TNFa cytokine expression in CD4⁺ T cell","TNFa cytokine expression","4","Functionally normal","","","NA","CRISPR-Based Genome Editing","Base editing","38093011"
"NM_001002295.2(GATA3):c.773G>A (p.Ser258Asn)","chr10","8058836","G/A","GATA3","-0.019","dataset0636","Missense","Neutral to the TNFa cytokine expression in CD4⁺ T cell","TNFa cytokine expression","4","Functionally normal","","","NA","CRISPR-Based Genome Editing","Base editing","38093011"
"NM_001002295.2(GATA3):c.783C>T (p.Gly261=)","chr10","8063997","C/T","GATA3","0.013","dataset0636","Synonymous","Neutral to the TNFa cytokine expression in CD4⁺ T cell","TNFa cytokine expression","4","Functionally normal","","","NA","CRISPR-Based Genome Editing","Base editing","38093011"
"NM_001002295.2(GATA3):c.784A>G (p.Arg262Gly)","chr10","8063998","A/G","GATA3","-0.156","dataset0636","Missense","Neutral to the TNFa cytokine expression in CD4⁺ T cell","TNFa cytokine expression","4","Functionally normal","","","NA","CRISPR-Based Genome Editing","Base editing","38093011"
"NM_001002295.2(GATA3):c.785G>A (p.Arg262Lys)","chr10","8063999","G/A","GATA3","-0.019","dataset0636","Missense","Neutral to the TNFa cytokine expression in CD4⁺ T cell","TNFa cytokine expression","4","Functionally normal","","","NA","CRISPR-Based Genome Editing","Base editing","38093011"
"NM_001002295.2(GATA3):c.786G>A (p.Arg262=)","chr10","8064000","G/A","GATA3","-0.019","dataset0636","Synonymous","Neutral to the TNFa cytokine expression in CD4⁺ T cell","TNFa cytokine expression","4","Functionally normal","","","NA","CRISPR-Based Genome Editing","Base editing","38093011"
"NM_001002295.2(GATA3):c.787G>A (p.Glu263Lys)","chr10","8064001","G/A","GATA3","-0.019","dataset0636","Missense","Neutral to the TNFa cytokine expression in CD4⁺ T cell","TNFa cytokine expression","4","Functionally normal","","","brca:0.1% (1/1084):0.130","CRISPR-Based Genome Editing","Base editing","38093011"
"NM_001002295.2(GATA3):c.788A>G (p.Glu263Gly)","chr10","8064002","A/G","GATA3","-0.156","dataset0636","Missense","Neutral to the TNFa cytokine expression in CD4⁺ T cell","TNFa cytokine expression","4","Functionally normal","Uncertain significance","","NA","CRISPR-Based Genome Editing","Base editing","38093011"
"NM_001002295.2(GATA3):c.789G>A (p.Glu263=)","chr10","8064003","G/A","GATA3","-0.019","dataset0636","Synonymous","Neutral to the TNFa cytokine expression in CD4⁺ T cell","TNFa cytokine expression","4","Functionally normal","","1.23899e-06","NA","CRISPR-Based Genome Editing","Base editing","38093011"
"NM_001002295.2(GATA3):c.790T>C (p.Cys264Arg)","chr10","8064004","T/C","GATA3","-0.111","dataset0636","Missense","Neutral to the TNFa cytokine expression in CD4⁺ T cell","TNFa cytokine expression","4","Functionally normal","Conflicting classifications of pathogenicity","","NA","CRISPR-Based Genome Editing","Base editing","38093011"
"NM_001002295.2(GATA3):c.791G>A (p.Cys264Tyr)","chr10","8064005","G/A","GATA3","-0.019","dataset0636","Missense","Neutral to the TNFa cytokine expression in CD4⁺ T cell","TNFa cytokine expression","4","Functionally normal","Uncertain significance","","NA","CRISPR-Based Genome Editing","Base editing","38093011"
"NM_001002295.2(GATA3):c.792T>C (p.Cys264=)","chr10","8064006","T/C","GATA3","-0.111","dataset0636","Synonymous","Neutral to the TNFa cytokine expression in CD4⁺ T cell","TNFa cytokine expression","4","Functionally normal","","","NA","CRISPR-Based Genome Editing","Base editing","38093011"
"NM_001002295.2(GATA3):c.793G>A (p.Val265Met)","chr10","8064007","G/A","GATA3","-0.019","dataset0636","Missense","Neutral to the TNFa cytokine expression in CD4⁺ T cell","TNFa cytokine expression","4","Functionally normal","","","NA","CRISPR-Based Genome Editing","Base editing","38093011"
"NM_001002295.2(GATA3):c.794T>C (p.Val265Ala)","chr10","8064008","T/C","GATA3","-0.111","dataset0636","Missense","Neutral to the TNFa cytokine expression in CD4⁺ T cell","TNFa cytokine expression","4","Functionally normal","","","NA","CRISPR-Based Genome Editing","Base editing","38093011"
"NM_001002295.2(GATA3):c.795G>A (p.Val265=)","chr10","8064009","G/A","GATA3","-0.019","dataset0636","Synonymous","Neutral to the TNFa cytokine expression in CD4⁺ T cell","TNFa cytokine expression","4","Functionally normal","","6.19503e-07","NA","CRISPR-Based Genome Editing","Base editing","38093011"
"NM_001002295.2(GATA3):c.806C>T (p.Ala269Val)","chr10","8064020","C/T","GATA3","0.095","dataset0636","Missense","Neutral to the TNFa cytokine expression in CD4⁺ T cell","TNFa cytokine expression","4","Functionally normal","","6.19499e-07","NA","CRISPR-Based Genome Editing","Base editing","38093011"
"NM_001002295.2(GATA3):c.807A>G (p.Ala269=)","chr10","8064021","A/G","GATA3","-0.02","dataset0636","Synonymous","Neutral to the TNFa cytokine expression in CD4⁺ T cell","TNFa cytokine expression","4","Functionally normal","","","NA","CRISPR-Based Genome Editing","Base editing","38093011"
"NM_001002295.2(GATA3):c.808A>G (p.Thr270Ala)","chr10","8064022","A/G","GATA3","-0.149","dataset0636","Missense","Neutral to the TNFa cytokine expression in CD4⁺ T cell","TNFa cytokine expression","4","Functionally normal","","","NA","CRISPR-Based Genome Editing","Base editing","38093011"
"NM_001002295.2(GATA3):c.809C>T (p.Thr270Ile)","chr10","8064023","C/T","GATA3","0.095","dataset0636","Missense","Neutral to the TNFa cytokine expression in CD4⁺ T cell","TNFa cytokine expression","4","Functionally normal","","","NA","CRISPR-Based Genome Editing","Base editing","38093011"
"NM_001002295.2(GATA3):c.810C>T (p.Thr270=)","chr10","8064024","C/T","GATA3","0.095","dataset0636","Synonymous","Neutral to the TNFa cytokine expression in CD4⁺ T cell","TNFa cytokine expression","4","Functionally normal","","6.19504e-07","NA","CRISPR-Based Genome Editing","Base editing","38093011"
"NM_001002295.2(GATA3):c.812C>T (p.Ser271Leu)","chr10","8064026","C/T","GATA3","0.095","dataset0636","Missense","Neutral to the TNFa cytokine expression in CD4⁺ T cell","TNFa cytokine expression","4","Functionally normal","Uncertain significance","","NA","CRISPR-Based Genome Editing","Base editing","38093011"
"NM_001002295.2(GATA3):c.815C>T (p.Thr272Ile)","chr10","8064029","C/T","GATA3","-0.075","dataset0636","Missense","Neutral to the TNFa cytokine expression in CD4⁺ T cell","TNFa cytokine expression","4","Functionally normal","Pathogenic","","NA","CRISPR-Based Genome Editing","Base editing","38093011"
"NM_001002295.2(GATA3):c.816C>T (p.Thr272=)","chr10","8064030","C/T","GATA3","0.116","dataset0636","Synonymous","Neutral to the TNFa cytokine expression in CD4⁺ T cell","TNFa cytokine expression","4","Functionally normal","","","NA","CRISPR-Based Genome Editing","Base editing","38093011"
"NM_001002295.2(GATA3):c.817C>T (p.Pro273Ser)","chr10","8064031","C/T","GATA3","0.116","dataset0636","Missense","Neutral to the TNFa cytokine expression in CD4⁺ T cell","TNFa cytokine expression","4","Functionally normal","","","NA","CRISPR-Based Genome Editing","Base editing","38093011"
"NM_001002295.2(GATA3):c.818C>T (p.Pro273Leu)","chr10","8064032","C/T","GATA3","0.116","dataset0636","Missense","Neutral to the TNFa cytokine expression in CD4⁺ T cell","TNFa cytokine expression","4","Functionally normal","","","NA","CRISPR-Based Genome Editing","Base editing","38093011"
"NM_001002295.2(GATA3):c.819A>G (p.Pro273=)","chr10","8064033","A/G","GATA3","0.01","dataset0636","Synonymous","Neutral to the TNFa cytokine expression in CD4⁺ T cell","TNFa cytokine expression","4","Functionally normal","","","NA","CRISPR-Based Genome Editing","Base editing","38093011"
"NM_001002295.2(GATA3):c.820C>T (p.Leu274=)","chr10","8064034","C/T","GATA3","-0.128","dataset0636","Synonymous","Neutral to the TNFa cytokine expression in CD4⁺ T cell","TNFa cytokine expression","4","Functionally normal","","","NA","CRISPR-Based Genome Editing","Base editing","38093011"
"NM_001002295.2(GATA3):c.822G>A (p.Leu274=)","chr10","8064036","G/A","GATA3","0.204","dataset0636","Synonymous","The enhanced TNFa cytokine expression in CD4⁺ T cell","TNFa cytokine expression","4","Gain-of-function","","","NA","CRISPR-Based Genome Editing","Base editing","38093011"
"NM_001002295.2(GATA3):c.824G>A (p.Trp275Ter)","chr10","8064038","G/A","GATA3","0.204","dataset0636","Nonsense","The enhanced TNFa cytokine expression in CD4⁺ T cell","TNFa cytokine expression","4","Gain-of-function","","","NA","CRISPR-Based Genome Editing","Base editing","38093011"
"NM_001002295.2(GATA3):c.825G>A (p.Trp275Ter)","chr10","8064039","G/A","GATA3","-0.121","dataset0636","Nonsense","Neutral to the TNFa cytokine expression in CD4⁺ T cell","TNFa cytokine expression","4","Functionally normal","Pathogenic","","NA","CRISPR-Based Genome Editing","Base editing","38093011"
"NM_001002295.2(GATA3):c.826C>T (p.Arg276Trp)","chr10","8064040","C/T","GATA3","-0.128","dataset0636","Missense","Neutral to the TNFa cytokine expression in CD4⁺ T cell","TNFa cytokine expression","4","Functionally normal","Likely pathogenic","","NA","CRISPR-Based Genome Editing","Base editing","38093011"
"NM_001002295.2(GATA3):c.827G>A (p.Arg276Gln)","chr10","8064041","G/A","GATA3","0.07","dataset0636","Missense","Neutral to the TNFa cytokine expression in CD4⁺ T cell","TNFa cytokine expression","4","Functionally normal","Pathogenic","","coad:0.2% (1/439):0.380","CRISPR-Based Genome Editing","Base editing","38093011"
"NM_001002295.2(GATA3):c.828G>A (p.Arg276=)","chr10","8064042","G/A","GATA3","0.07","dataset0636","Synonymous","Neutral to the TNFa cytokine expression in CD4⁺ T cell","TNFa cytokine expression","4","Functionally normal","","","NA","CRISPR-Based Genome Editing","Base editing","38093011"
"NM_001002295.2(GATA3):c.830G>A (p.Arg277Gln)","chr10","8064044","G/A","GATA3","0.07","dataset0636","Missense","Neutral to the TNFa cytokine expression in CD4⁺ T cell","TNFa cytokine expression","4","Functionally normal","Uncertain significance","","ucec:0.2% (1/529):0.150","CRISPR-Based Genome Editing","Base editing","38093011"
"NM_001002295.2(GATA3):c.834T>C (p.Asp278=)","chr10","8064048","T/C","GATA3","0.026","dataset0636","Synonymous","Neutral to the TNFa cytokine expression in CD4⁺ T cell","TNFa cytokine expression","4","Functionally normal","","","NA","CRISPR-Based Genome Editing","Base editing","38093011"
"NM_001002295.2(GATA3):c.844C>T (p.His282Tyr)","chr10","8064058","C/T","GATA3","-0.194","dataset0636","Missense","Neutral to the TNFa cytokine expression in CD4⁺ T cell","TNFa cytokine expression","4","Functionally normal","","","NA","CRISPR-Based Genome Editing","Base editing","38093011"
"NM_001002295.2(GATA3):c.846C>T (p.His282=)","chr10","8064060","C/T","GATA3","0.032","dataset0636","Synonymous","Neutral to the TNFa cytokine expression in CD4⁺ T cell","TNFa cytokine expression","4","Functionally normal","","1.85853e-06","NA","CRISPR-Based Genome Editing","Base editing","38093011"
"NM_001002295.2(GATA3):c.848A>G (p.Tyr283Cys)","chr10","8064062","A/G","GATA3","0.059","dataset0636","Missense","Neutral to the TNFa cytokine expression in CD4⁺ T cell","TNFa cytokine expression","4","Functionally normal","","","NA","CRISPR-Based Genome Editing","Base editing","38093011"
"NM_001002295.2(GATA3):c.849C>T (p.Tyr283=)","chr10","8064063","C/T","GATA3","0.032","dataset0636","Synonymous","Neutral to the TNFa cytokine expression in CD4⁺ T cell","TNFa cytokine expression","4","Functionally normal","Likely benign","2.66407e-05","NA","CRISPR-Based Genome Editing","Base editing","38093011"
"NM_001002295.2(GATA3):c.850C>T (p.Leu284=)","chr10","8064064","C/T","GATA3","0.032","dataset0636","Synonymous","Neutral to the TNFa cytokine expression in CD4⁺ T cell","TNFa cytokine expression","4","Functionally normal","","5.57572e-06","NA","CRISPR-Based Genome Editing","Base editing","38093011"
"NM_001002295.2(GATA3):c.855C>T (p.Cys285=)","chr10","8064069","C/T","GATA3","0.032","dataset0636","Synonymous","Neutral to the TNFa cytokine expression in CD4⁺ T cell","TNFa cytokine expression","4","Functionally normal","","","NA","CRISPR-Based Genome Editing","Base editing","38093011"
"NM_001002295.2(GATA3):c.859G>A (p.Ala287Thr)","chr10","8064073","G/A","GATA3","-0.125","dataset0636","Missense","Neutral to the TNFa cytokine expression in CD4⁺ T cell","TNFa cytokine expression","4","Functionally normal","Uncertain significance","","NA","CRISPR-Based Genome Editing","Base editing","38093011"
"NM_001002295.2(GATA3):c.863G>A (p.Cys288Tyr)","chr10","8064077","G/A","GATA3","-0.125","dataset0636","Missense","Neutral to the TNFa cytokine expression in CD4⁺ T cell","TNFa cytokine expression","4","Functionally normal","","","NA","CRISPR-Based Genome Editing","Base editing","38093011"
"NM_001002295.2(GATA3):c.865G>A (p.Gly289Arg)","chr10","8064079","G/A","GATA3","-0.125","dataset0636","Missense","Neutral to the TNFa cytokine expression in CD4⁺ T cell","TNFa cytokine expression","4","Functionally normal","Uncertain significance","","NA","CRISPR-Based Genome Editing","Base editing","38093011"
"NM_001002295.2(GATA3):c.866G>A (p.Gly289Glu)","chr10","8064080","G/A","GATA3","-0.125","dataset0636","Missense","Neutral to the TNFa cytokine expression in CD4⁺ T cell","TNFa cytokine expression","4","Functionally normal","","","NA","CRISPR-Based Genome Editing","Base editing","38093011"
"NM_001002295.2(GATA3):c.867G>A (p.Gly289=)","chr10","8064081","G/A","GATA3","-0.125","dataset0636","Synonymous","Neutral to the TNFa cytokine expression in CD4⁺ T cell","TNFa cytokine expression","4","Functionally normal","","6.19543e-07","NA","CRISPR-Based Genome Editing","Base editing","38093011"
"NM_001002295.2(GATA3):c.868C>T (p.Leu290Phe)","chr10","8064082","C/T","GATA3","-0.167","dataset0636","Missense","Neutral to the TNFa cytokine expression in CD4⁺ T cell","TNFa cytokine expression","4","Functionally normal","","","NA","CRISPR-Based Genome Editing","Base editing","38093011"
"NM_001002295.2(GATA3):c.869T>C (p.Leu290Pro)","chr10","8064083","T/C","GATA3","-0.058","dataset0636","Missense","Neutral to the TNFa cytokine expression in CD4⁺ T cell","TNFa cytokine expression","4","Functionally normal","","","NA","CRISPR-Based Genome Editing","Base editing","38093011"
"NM_001002295.2(GATA3):c.870C>T (p.Leu290=)","chr10","8064084","C/T","GATA3","-0.167","dataset0636","Synonymous","Neutral to the TNFa cytokine expression in CD4⁺ T cell","TNFa cytokine expression","4","Functionally normal","Benign/Likely benign","3.90312e-05","NA","CRISPR-Based Genome Editing","Base editing","38093011"
"NM_001002295.2(GATA3):c.872A>G (p.Tyr291Cys)","chr10","8064086","A/G","GATA3","-0.272","dataset0636","Missense","The diminished TNFa cytokine expression in CD4⁺ T cell","TNFa cytokine expression","4","Loss-of-function","Uncertain significance","","NA","CRISPR-Based Genome Editing","Base editing","38093011"
"NM_001002295.2(GATA3):c.874C>T (p.His292Tyr)","chr10","8064088","C/T","GATA3","-0.167","dataset0636","Missense","Neutral to the TNFa cytokine expression in CD4⁺ T cell","TNFa cytokine expression","4","Functionally normal","","","NA","CRISPR-Based Genome Editing","Base editing","38093011"
"NM_001002295.2(GATA3):c.876C>T (p.His292=)","chr10","8064090","C/T","GATA3","-0.022","dataset0636","Synonymous","Neutral to the TNFa cytokine expression in CD4⁺ T cell","TNFa cytokine expression","4","Functionally normal","","","NA","CRISPR-Based Genome Editing","Base editing","38093011"
"NM_001002295.2(GATA3):c.877A>G (p.Lys293Glu)","chr10","8064091","A/G","GATA3","-0.116","dataset0636","Missense","Neutral to the TNFa cytokine expression in CD4⁺ T cell","TNFa cytokine expression","4","Functionally normal","Uncertain significance","","NA","CRISPR-Based Genome Editing","Base editing","38093011"
"NM_001002295.2(GATA3):c.878A>G (p.Lys293Arg)","chr10","8064092","A/G","GATA3","-0.116","dataset0636","Missense","Neutral to the TNFa cytokine expression in CD4⁺ T cell","TNFa cytokine expression","4","Functionally normal","","","NA","CRISPR-Based Genome Editing","Base editing","38093011"
"NM_001002295.2(GATA3):c.879A>G (p.Lys293=)","chr10","8064093","A/G","GATA3","-0.116","dataset0636","Synonymous","Neutral to the TNFa cytokine expression in CD4⁺ T cell","TNFa cytokine expression","4","Functionally normal","","3.09781e-06","NA","CRISPR-Based Genome Editing","Base editing","38093011"
"NM_001002295.2(GATA3):c.880A>G (p.Met294Val)","chr10","8064094","A/G","GATA3","-0.116","dataset0636","Missense","Neutral to the TNFa cytokine expression in CD4⁺ T cell","TNFa cytokine expression","4","Functionally normal","","6.19523e-07","NA","CRISPR-Based Genome Editing","Base editing","38093011"
"NM_001002295.2(GATA3):c.882G>A (p.Met294Ile)","chr10","8064096","G/A","GATA3","0.058","dataset0636","Missense","Neutral to the TNFa cytokine expression in CD4⁺ T cell","TNFa cytokine expression","4","Functionally normal","","","NA","CRISPR-Based Genome Editing","Base editing","38093011"
"NM_001002295.2(GATA3):c.899C>T (p.Pro300Leu)","chr10","8064113","C/T","GATA3","-0.273","dataset0636","Missense","The diminished TNFa cytokine expression in CD4⁺ T cell","TNFa cytokine expression","4","Loss-of-function","","","NA","CRISPR-Based Genome Editing","Base editing","38093011"
"NM_001002295.2(GATA3):c.900C>T (p.Pro300=)","chr10","8064114","C/T","GATA3","-0.273","dataset0636","Synonymous","The diminished TNFa cytokine expression in CD4⁺ T cell","TNFa cytokine expression","4","Loss-of-function","Likely benign","","NA","CRISPR-Based Genome Editing","Base editing","38093011"
"NM_001002295.2(GATA3):c.901C>T (p.Leu301Phe)","chr10","8064115","C/T","GATA3","-0.273","dataset0636","Missense","The diminished TNFa cytokine expression in CD4⁺ T cell","TNFa cytokine expression","4","Loss-of-function","","","NA","CRISPR-Based Genome Editing","Base editing","38093011"
"NM_001002295.2(GATA3):c.903C>T (p.Leu301=)","chr10","8064117","C/T","GATA3","-0.015","dataset0636","Synonymous","Neutral to the TNFa cytokine expression in CD4⁺ T cell","TNFa cytokine expression","4","Functionally normal","","6.19536e-07","NA","CRISPR-Based Genome Editing","Base editing","38093011"
"NM_001002295.2(GATA3):c.904A>G (p.Ile302Val)","chr10","8064118","A/G","GATA3","-0.036","dataset0636","Missense","Neutral to the TNFa cytokine expression in CD4⁺ T cell","TNFa cytokine expression","4","Functionally normal","","","NA","CRISPR-Based Genome Editing","Base editing","38093011"
"NM_001002295.2(GATA3):c.907A>G (p.Lys303Glu)","chr10","8064121","A/G","GATA3","-0.004","dataset0636","Missense","Neutral to the TNFa cytokine expression in CD4⁺ T cell","TNFa cytokine expression","4","Functionally normal","","","NA","CRISPR-Based Genome Editing","Base editing","38093011"
"NM_001002295.2(GATA3):c.908A>G (p.Lys303Arg)","chr10","8064122","A/G","GATA3","-0.004","dataset0636","Missense","Neutral to the TNFa cytokine expression in CD4⁺ T cell","TNFa cytokine expression","4","Functionally normal","","1.23905e-06","NA","CRISPR-Based Genome Editing","Base editing","38093011"
"NM_001002295.2(GATA3):c.909G>A (p.Lys303=)","chr10","8064123","G/A","GATA3","0.156","dataset0636","Synonymous","Neutral to the TNFa cytokine expression in CD4⁺ T cell","TNFa cytokine expression","4","Functionally normal","","","NA","CRISPR-Based Genome Editing","Base editing","38093011"
"NM_001002295.2(GATA3):c.910C>T (p.Pro304Ser)","chr10","8064124","C/T","GATA3","-0.015","dataset0636","Missense","Neutral to the TNFa cytokine expression in CD4⁺ T cell","TNFa cytokine expression","4","Functionally normal","","","NA","CRISPR-Based Genome Editing","Base editing","38093011"
"NM_001002295.2(GATA3):c.911C>T (p.Pro304Leu)","chr10","8064125","C/T","GATA3","-0.015","dataset0636","Missense","Neutral to the TNFa cytokine expression in CD4⁺ T cell","TNFa cytokine expression","4","Functionally normal","","","NA","CRISPR-Based Genome Editing","Base editing","38093011"
"NM_001002295.2(GATA3):c.915G>A (p.Lys305=)","chr10","8064129","G/A","GATA3","-0.304","dataset0636","Synonymous","The diminished TNFa cytokine expression in CD4⁺ T cell","TNFa cytokine expression","4","Loss-of-function","Likely benign","1.92065e-05","NA","CRISPR-Based Genome Editing","Base editing","38093011"
"NM_001002295.2(GATA3):c.916C>T (p.Arg306Ter)","chr10","8064130","C/T","GATA3","0.033","dataset0636","Nonsense","Neutral to the TNFa cytokine expression in CD4⁺ T cell","TNFa cytokine expression","4","Functionally normal","Pathogenic","","stad:0.2% (1/440):0.490","CRISPR-Based Genome Editing","Base editing","38093011"
"NM_001002295.2(GATA3):c.917G>A (p.Arg306Gln)","chr10","8064131","G/A","GATA3","0.221","dataset0636","Missense","The enhanced TNFa cytokine expression in CD4⁺ T cell","TNFa cytokine expression","4","Gain-of-function","","6.1953e-07","brca:0.1% (1/1084):0.440;coad:0.2% (1/439):0.130;ucec:0.2% (1/529):0.080","CRISPR-Based Genome Editing","Base editing","38093011"
"NM_001002295.2(GATA3):c.918A>G (p.Arg306=)","chr10","8064132","A/G","GATA3","-0.061","dataset0636","Synonymous","Neutral to the TNFa cytokine expression in CD4⁺ T cell","TNFa cytokine expression","4","Functionally normal","","","NA","CRISPR-Based Genome Editing","Base editing","38093011"
"NM_001002295.2(GATA3):c.919A>G (p.Arg307Gly)","chr10","8064133","A/G","GATA3","-0.061","dataset0636","Missense","Neutral to the TNFa cytokine expression in CD4⁺ T cell","TNFa cytokine expression","4","Functionally normal","","","NA","CRISPR-Based Genome Editing","Base editing","38093011"
"NM_001002295.2(GATA3):c.920G>A (p.Arg307Lys)","chr10","8064134","G/A","GATA3","-0.012","dataset0636","Missense","Neutral to the TNFa cytokine expression in CD4⁺ T cell","TNFa cytokine expression","4","Functionally normal","","","NA","CRISPR-Based Genome Editing","Base editing","38093011"
"NM_001002295.2(GATA3):c.921G>A (p.Arg307=)","chr10","8064135","G/A","GATA3","0.01","dataset0636","Synonymous","Neutral to the TNFa cytokine expression in CD4⁺ T cell","TNFa cytokine expression","4","Functionally normal","","6.19534e-07","NA","CRISPR-Based Genome Editing","Base editing","38093011"
"NM_001002295.2(GATA3):c.922C>T (p.Leu308=)","chr10","8064136","C/T","GATA3","-0.089","dataset0636","Splice site","Neutral to the TNFa cytokine expression in CD4⁺ T cell","TNFa cytokine expression","4","Functionally normal","","","NA","CRISPR-Based Genome Editing","Base editing","38093011"
"NM_001002295.2(GATA3):c.924G>A (p.Leu308=)","chr10","8064138","G/A","GATA3","-0.031","dataset0636","Splice site","Neutral to the TNFa cytokine expression in CD4⁺ T cell","TNFa cytokine expression","4","Functionally normal","","6.19531e-07","NA","CRISPR-Based Genome Editing","Base editing","38093011"
"NM_001002295.2(GATA3):c.925T>C (p.Ser309Pro)","chr10","8069473","T/C","GATA3","0.007","dataset0636","Missense","Neutral to the TNFa cytokine expression in CD4⁺ T cell","TNFa cytokine expression","4","Functionally normal","","","NA","CRISPR-Based Genome Editing","Base editing","38093011"
"NM_001002295.2(GATA3):c.926C>T (p.Ser309Phe)","chr10","8069474","C/T","GATA3","-0.017","dataset0636","Missense","Neutral to the TNFa cytokine expression in CD4⁺ T cell","TNFa cytokine expression","4","Functionally normal","","","NA","CRISPR-Based Genome Editing","Base editing","38093011"
"NM_001002295.2(GATA3):c.928G>A (p.Ala310Thr)","chr10","8069476","G/A","GATA3","0.25","dataset0636","Missense","The enhanced TNFa cytokine expression in CD4⁺ T cell","TNFa cytokine expression","4","Gain-of-function","","6.20278e-07","NA","CRISPR-Based Genome Editing","Base editing","38093011"
"NM_001002295.2(GATA3):c.930A>G (p.Ala310=)","chr10","8069478","A/G","GATA3","-0.011","dataset0636","Synonymous","Neutral to the TNFa cytokine expression in CD4⁺ T cell","TNFa cytokine expression","4","Functionally normal","","","NA","CRISPR-Based Genome Editing","Base editing","38093011"
"NM_001002295.2(GATA3):c.931G>A (p.Ala311Thr)","chr10","8069479","G/A","GATA3","-0.269","dataset0636","Missense","The diminished TNFa cytokine expression in CD4⁺ T cell","TNFa cytokine expression","4","Loss-of-function","","","NA","CRISPR-Based Genome Editing","Base editing","38093011"
"NM_001002295.2(GATA3):c.935G>A (p.Arg312Lys)","chr10","8069483","G/A","GATA3","-0.269","dataset0636","Missense","The diminished TNFa cytokine expression in CD4⁺ T cell","TNFa cytokine expression","4","Loss-of-function","","","NA","CRISPR-Based Genome Editing","Base editing","38093011"
"NM_001002295.2(GATA3):c.936G>A (p.Arg312=)","chr10","8069484","G/A","GATA3","0.08","dataset0636","Synonymous","Neutral to the TNFa cytokine expression in CD4⁺ T cell","TNFa cytokine expression","4","Functionally normal","","4.95718e-06","NA","CRISPR-Based Genome Editing","Base editing","38093011"
"NM_001002295.2(GATA3):c.943G>A (p.Gly315Arg)","chr10","8069491","G/A","GATA3","0.014","dataset0636","Missense","Neutral to the TNFa cytokine expression in CD4⁺ T cell","TNFa cytokine expression","4","Functionally normal","","","NA","CRISPR-Based Genome Editing","Base editing","38093011"
"NM_001002295.2(GATA3):c.944G>A (p.Gly315Glu)","chr10","8069492","G/A","GATA3","0.014","dataset0636","Missense","Neutral to the TNFa cytokine expression in CD4⁺ T cell","TNFa cytokine expression","4","Functionally normal","","","NA","CRISPR-Based Genome Editing","Base editing","38093011"
"NM_001002295.2(GATA3):c.945G>A (p.Gly315=)","chr10","8069493","G/A","GATA3","0.014","dataset0636","Synonymous","Neutral to the TNFa cytokine expression in CD4⁺ T cell","TNFa cytokine expression","4","Functionally normal","","","NA","CRISPR-Based Genome Editing","Base editing","38093011"
"NM_001002295.2(GATA3):c.948G>A (p.Thr316=)","chr10","8069496","G/A","GATA3","0.014","dataset0636","Synonymous","Neutral to the TNFa cytokine expression in CD4⁺ T cell","TNFa cytokine expression","4","Functionally normal","Likely benign","2.04525e-05","NA","CRISPR-Based Genome Editing","Base editing","38093011"
"NM_001002295.2(GATA3):c.949T>C (p.Ser317Pro)","chr10","8069497","T/C","GATA3","0.228","dataset0636","Missense","The enhanced TNFa cytokine expression in CD4⁺ T cell","TNFa cytokine expression","4","Gain-of-function","","","NA","CRISPR-Based Genome Editing","Base editing","38093011"
"NM_001002295.2(GATA3):c.952T>C (p.Cys318Arg)","chr10","8069500","T/C","GATA3","0.228","dataset0636","Missense","The enhanced TNFa cytokine expression in CD4⁺ T cell","TNFa cytokine expression","4","Gain-of-function","","","NA","CRISPR-Based Genome Editing","Base editing","38093011"
"NM_001002295.2(GATA3):c.953G>A (p.Cys318Tyr)","chr10","8069501","G/A","GATA3","0.014","dataset0636","Missense","Neutral to the TNFa cytokine expression in CD4⁺ T cell","TNFa cytokine expression","4","Functionally normal","","","NA","CRISPR-Based Genome Editing","Base editing","38093011"
"NM_001002295.2(GATA3):c.962G>A (p.Cys321Tyr)","chr10","8069510","G/A","GATA3","-0.142","dataset0636","Missense","Neutral to the TNFa cytokine expression in CD4⁺ T cell","TNFa cytokine expression","4","Functionally normal","","","NA","CRISPR-Based Genome Editing","Base editing","38093011"
"NM_001002295.2(GATA3):c.966G>A (p.Gln322=)","chr10","8069514","G/A","GATA3","-0.142","dataset0636","Synonymous","Neutral to the TNFa cytokine expression in CD4⁺ T cell","TNFa cytokine expression","4","Functionally normal","","","NA","CRISPR-Based Genome Editing","Base editing","38093011"
"NM_001002295.2(GATA3):c.967A>G (p.Thr323Ala)","chr10","8069515","A/G","GATA3","-0.039","dataset0636","Missense","Neutral to the TNFa cytokine expression in CD4⁺ T cell","TNFa cytokine expression","4","Functionally normal","","","NA","CRISPR-Based Genome Editing","Base editing","38093011"
"NM_001002295.2(GATA3):c.968C>T (p.Thr323Ile)","chr10","8069516","C/T","GATA3","0.033","dataset0636","Missense","Neutral to the TNFa cytokine expression in CD4⁺ T cell","TNFa cytokine expression","4","Functionally normal","","","NA","CRISPR-Based Genome Editing","Base editing","38093011"
"NM_001002295.2(GATA3):c.969C>T (p.Thr323=)","chr10","8069517","C/T","GATA3","0.033","dataset0636","Synonymous","Neutral to the TNFa cytokine expression in CD4⁺ T cell","TNFa cytokine expression","4","Functionally normal","","","NA","CRISPR-Based Genome Editing","Base editing","38093011"
"NM_001002295.2(GATA3):c.970A>G (p.Thr324Ala)","chr10","8069518","A/G","GATA3","0.159","dataset0636","Missense","Neutral to the TNFa cytokine expression in CD4⁺ T cell","TNFa cytokine expression","4","Functionally normal","","","NA","CRISPR-Based Genome Editing","Base editing","38093011"
"NM_001002295.2(GATA3):c.971C>T (p.Thr324Ile)","chr10","8069519","C/T","GATA3","-0.042","dataset0636","Missense","Neutral to the TNFa cytokine expression in CD4⁺ T cell","TNFa cytokine expression","4","Functionally normal","","","NA","CRISPR-Based Genome Editing","Base editing","38093011"
"NM_001002295.2(GATA3):c.972C>T (p.Thr324=)","chr10","8069520","C/T","GATA3","-0.042","dataset0636","Synonymous","Neutral to the TNFa cytokine expression in CD4⁺ T cell","TNFa cytokine expression","4","Functionally normal","","","NA","CRISPR-Based Genome Editing","Base editing","38093011"
"NM_001002295.2(GATA3):c.973A>G (p.Thr325Ala)","chr10","8069521","A/G","GATA3","-0.094","dataset0636","Missense","Neutral to the TNFa cytokine expression in CD4⁺ T cell","TNFa cytokine expression","4","Functionally normal","","","NA","CRISPR-Based Genome Editing","Base editing","38093011"
"NM_001002295.2(GATA3):c.974C>T (p.Thr325Ile)","chr10","8069522","C/T","GATA3","-0.042","dataset0636","Missense","Neutral to the TNFa cytokine expression in CD4⁺ T cell","TNFa cytokine expression","4","Functionally normal","","","NA","CRISPR-Based Genome Editing","Base editing","38093011"
"NM_001002295.2(GATA3):c.975A>G (p.Thr325=)","chr10","8069523","A/G","GATA3","-0.094","dataset0636","Synonymous","Neutral to the TNFa cytokine expression in CD4⁺ T cell","TNFa cytokine expression","4","Functionally normal","","6.19612e-07","NA","CRISPR-Based Genome Editing","Base editing","38093011"
"NM_001002295.2(GATA3):c.977C>T (p.Thr326Ile)","chr10","8069525","C/T","GATA3","-0.042","dataset0636","Missense","Neutral to the TNFa cytokine expression in CD4⁺ T cell","TNFa cytokine expression","4","Functionally normal","","","NA","CRISPR-Based Genome Editing","Base editing","38093011"
"NM_001002295.2(GATA3):c.978C>T (p.Thr326=)","chr10","8069526","C/T","GATA3","0.013","dataset0636","Synonymous","Neutral to the TNFa cytokine expression in CD4⁺ T cell","TNFa cytokine expression","4","Functionally normal","","","NA","CRISPR-Based Genome Editing","Base editing","38093011"
"NM_001002295.2(GATA3):c.980C>T (p.Thr327Ile)","chr10","8069528","C/T","GATA3","0.013","dataset0636","Missense","Neutral to the TNFa cytokine expression in CD4⁺ T cell","TNFa cytokine expression","4","Functionally normal","","","NA","CRISPR-Based Genome Editing","Base editing","38093011"
"NM_001002295.2(GATA3):c.982C>T (p.Leu328Phe)","chr10","8069530","C/T","GATA3","-0.057","dataset0636","Missense","Neutral to the TNFa cytokine expression in CD4⁺ T cell","TNFa cytokine expression","4","Functionally normal","","6.19539e-07","NA","CRISPR-Based Genome Editing","Base editing","38093011"
"NM_001002295.2(GATA3):c.983T>C (p.Leu328Pro)","chr10","8069531","T/C","GATA3","0.198","dataset0636","Missense","The enhanced TNFa cytokine expression in CD4⁺ T cell","TNFa cytokine expression","4","Gain-of-function","","","NA","CRISPR-Based Genome Editing","Base editing","38093011"
"NM_001002295.2(GATA3):c.984C>T (p.Leu328=)","chr10","8069532","C/T","GATA3","-0.007","dataset0636","Synonymous","Neutral to the TNFa cytokine expression in CD4⁺ T cell","TNFa cytokine expression","4","Functionally normal","","","NA","CRISPR-Based Genome Editing","Base editing","38093011"
"NM_001002295.2(GATA3):c.985T>C (p.Trp329Arg)","chr10","8069533","T/C","GATA3","0.198","dataset0636","Missense","The enhanced TNFa cytokine expression in CD4⁺ T cell","TNFa cytokine expression","4","Gain-of-function","","","NA","CRISPR-Based Genome Editing","Base editing","38093011"
"NM_001002295.2(GATA3):c.986G>A (p.Trp329Ter)","chr10","8069534","G/A","GATA3","0.152","dataset0636","Nonsense","Neutral to the TNFa cytokine expression in CD4⁺ T cell","TNFa cytokine expression","4","Functionally normal","","","brca:0.1% (1/1084):0.200","CRISPR-Based Genome Editing","Base editing","38093011"
"NM_001002295.2(GATA3):c.987G>A (p.Trp329Ter)","chr10","8069535","G/A","GATA3","-0.192","dataset0636","Nonsense","Neutral to the TNFa cytokine expression in CD4⁺ T cell","TNFa cytokine expression","4","Functionally normal","","","NA","CRISPR-Based Genome Editing","Base editing","38093011"
"NM_001002295.2(GATA3):c.988A>G (p.Arg330Gly)","chr10","8069536","A/G","GATA3","0.038","dataset0636","Missense","Neutral to the TNFa cytokine expression in CD4⁺ T cell","TNFa cytokine expression","4","Functionally normal","","","NA","CRISPR-Based Genome Editing","Base editing","38093011"
"NM_001002295.2(GATA3):c.989G>A (p.Arg330Lys)","chr10","8069537","G/A","GATA3","-0.192","dataset0636","Missense","Neutral to the TNFa cytokine expression in CD4⁺ T cell","TNFa cytokine expression","4","Functionally normal","","","brca:0.1% (1/1084):0.290","CRISPR-Based Genome Editing","Base editing","38093011"
"NM_001002295.2(GATA3):c.990G>A (p.Arg330=)","chr10","8069538","G/A","GATA3","-0.192","dataset0636","Synonymous","Neutral to the TNFa cytokine expression in CD4⁺ T cell","TNFa cytokine expression","4","Functionally normal","Conflicting classifications of pathogenicity","0.000231103","NA","CRISPR-Based Genome Editing","Base editing","38093011"
"NM_001002295.2(GATA3):c.991A>G (p.Arg331Gly)","chr10","8069539","A/G","GATA3","0.022","dataset0636","Missense","Neutral to the TNFa cytokine expression in CD4⁺ T cell","TNFa cytokine expression","4","Functionally normal","","","NA","CRISPR-Based Genome Editing","Base editing","38093011"
"NM_001002295.2(GATA3):c.992G>A (p.Arg331Lys)","chr10","8069540","G/A","GATA3","0.112","dataset0636","Missense","Neutral to the TNFa cytokine expression in CD4⁺ T cell","TNFa cytokine expression","4","Functionally normal","","","NA","CRISPR-Based Genome Editing","Base editing","38093011"
"NM_001002295.2(GATA3):c.993G>A (p.Arg331=)","chr10","8069541","G/A","GATA3","0.112","dataset0636","Synonymous","Neutral to the TNFa cytokine expression in CD4⁺ T cell","TNFa cytokine expression","4","Functionally normal","","1.23908e-06","NA","CRISPR-Based Genome Editing","Base editing","38093011"
"NM_001002295.2(GATA3):c.996T>C (p.Asn332=)","chr10","8069544","T/C","GATA3","0.049","dataset0636","Synonymous","Neutral to the TNFa cytokine expression in CD4⁺ T cell","TNFa cytokine expression","4","Functionally normal","","","NA","CRISPR-Based Genome Editing","Base editing","38093011"
"NM_001002295.2(GATA3):c.1008C>T (p.Asp336=)","chr10","8069556","C/T","GATA3","0.05","dataset0636","Synonymous","Neutral to the TNFa cytokine expression in CD4⁺ T cell","TNFa cytokine expression","4","Functionally normal","","","NA","CRISPR-Based Genome Editing","Base editing","38093011"
"NM_001002295.2(GATA3):c.1009C>T (p.Pro337Ser)","chr10","8069557","C/T","GATA3","0.05","dataset0636","Missense","Neutral to the TNFa cytokine expression in CD4⁺ T cell","TNFa cytokine expression","4","Functionally normal","","","NA","CRISPR-Based Genome Editing","Base editing","38093011"
"NM_001002295.2(GATA3):c.1010C>T (p.Pro337Leu)","chr10","8069558","C/T","GATA3","0.05","dataset0636","Missense","Neutral to the TNFa cytokine expression in CD4⁺ T cell","TNFa cytokine expression","4","Functionally normal","","","NA","CRISPR-Based Genome Editing","Base editing","38093011"
"NM_001002295.2(GATA3):c.1012G>A (p.Val338Ile)","chr10","8069560","G/A","GATA3","0.01","dataset0636","Missense","Neutral to the TNFa cytokine expression in CD4⁺ T cell","TNFa cytokine expression","4","Functionally normal","","","NA","CRISPR-Based Genome Editing","Base editing","38093011"
"NM_001002295.2(GATA3):c.1013T>C (p.Val338Ala)","chr10","8069561","T/C","GATA3","-0.027","dataset0636","Missense","Neutral to the TNFa cytokine expression in CD4⁺ T cell","TNFa cytokine expression","4","Functionally normal","Uncertain significance","","NA","CRISPR-Based Genome Editing","Base editing","38093011"
"NM_001002295.2(GATA3):c.1014C>T (p.Val338=)","chr10","8069562","C/T","GATA3","0.05","dataset0636","Synonymous","Neutral to the TNFa cytokine expression in CD4⁺ T cell","TNFa cytokine expression","4","Functionally normal","","6.19522e-07","NA","CRISPR-Based Genome Editing","Base editing","38093011"
"NM_001002295.2(GATA3):c.1015T>C (p.Cys339Arg)","chr10","8069563","T/C","GATA3","-0.027","dataset0636","Missense","Neutral to the TNFa cytokine expression in CD4⁺ T cell","TNFa cytokine expression","4","Functionally normal","","","NA","CRISPR-Based Genome Editing","Base editing","38093011"
"NM_001002295.2(GATA3):c.1016G>A (p.Cys339Tyr)","chr10","8069564","G/A","GATA3","0.01","dataset0636","Missense","Neutral to the TNFa cytokine expression in CD4⁺ T cell","TNFa cytokine expression","4","Functionally normal","Uncertain significance","","NA","CRISPR-Based Genome Editing","Base editing","38093011"
"NM_001002295.2(GATA3):c.1017C>T (p.Cys339=)","chr10","8069565","C/T","GATA3","0.05","dataset0636","Synonymous","Neutral to the TNFa cytokine expression in CD4⁺ T cell","TNFa cytokine expression","4","Functionally normal","","","NA","CRISPR-Based Genome Editing","Base editing","38093011"
"NM_001002295.2(GATA3):c.1021G>A (p.Ala341Thr)","chr10","8069569","G/A","GATA3","-0.029","dataset0636","Missense","Neutral to the TNFa cytokine expression in CD4⁺ T cell","TNFa cytokine expression","4","Functionally normal","","","NA","CRISPR-Based Genome Editing","Base editing","38093011"
"NM_001002295.2(GATA3):c.1024T>C (p.Cys342Arg)","chr10","8069572","T/C","GATA3","0.14","dataset0636","Missense","Neutral to the TNFa cytokine expression in CD4⁺ T cell","TNFa cytokine expression","4","Functionally normal","","","NA","CRISPR-Based Genome Editing","Base editing","38093011"
"NM_001002295.2(GATA3):c.1025G>A (p.Cys342Tyr)","chr10","8069573","G/A","GATA3","-0.029","dataset0636","Missense","Neutral to the TNFa cytokine expression in CD4⁺ T cell","TNFa cytokine expression","4","Functionally normal","Pathogenic","","NA","CRISPR-Based Genome Editing","Base editing","38093011"
"NM_001002295.2(GATA3):c.1026T>C (p.Cys342=)","chr10","8069574","T/C","GATA3","0.14","dataset0636","Synonymous","Neutral to the TNFa cytokine expression in CD4⁺ T cell","TNFa cytokine expression","4","Functionally normal","","","NA","CRISPR-Based Genome Editing","Base editing","38093011"
"NM_001002295.2(GATA3):c.1027G>A (p.Gly343Arg)","chr10","8069575","G/A","GATA3","-0.029","dataset0636","Missense","Neutral to the TNFa cytokine expression in CD4⁺ T cell","TNFa cytokine expression","4","Functionally normal","","","NA","CRISPR-Based Genome Editing","Base editing","38093011"
"NM_001002295.2(GATA3):c.1028G>A (p.Gly343Glu)","chr10","8069576","G/A","GATA3","-0.029","dataset0636","Missense","Neutral to the TNFa cytokine expression in CD4⁺ T cell","TNFa cytokine expression","4","Functionally normal","","","skcm:0.2% (1/448):0.370","CRISPR-Based Genome Editing","Base editing","38093011"
"NM_001002295.2(GATA3):c.1029G>A (p.Gly343=)","chr10","8069577","G/A","GATA3","-0.029","dataset0636","Synonymous","Neutral to the TNFa cytokine expression in CD4⁺ T cell","TNFa cytokine expression","4","Functionally normal","","","NA","CRISPR-Based Genome Editing","Base editing","38093011"
"NM_001002295.2(GATA3):c.1038C>T (p.Tyr346=)","chr10","8069586","C/T","GATA3","0.001","dataset0636","Synonymous","Neutral to the TNFa cytokine expression in CD4⁺ T cell","TNFa cytokine expression","4","Functionally normal","","6.1952e-07","NA","CRISPR-Based Genome Editing","Base editing","38093011"
"NM_001002295.2(GATA3):c.1039A>G (p.Lys347Glu)","chr10","8069587","A/G","GATA3","-0.009","dataset0636","Missense","Neutral to the TNFa cytokine expression in CD4⁺ T cell","TNFa cytokine expression","4","Functionally normal","","","NA","CRISPR-Based Genome Editing","Base editing","38093011"
"NM_001002295.2(GATA3):c.1040A>G (p.Lys347Arg)","chr10","8069588","A/G","GATA3","-0.009","dataset0636","Missense","Neutral to the TNFa cytokine expression in CD4⁺ T cell","TNFa cytokine expression","4","Functionally normal","","","NA","CRISPR-Based Genome Editing","Base editing","38093011"
"NM_001002295.2(GATA3):c.1041G>A (p.Lys347=)","chr10","8069589","G/A","GATA3","0.008","dataset0636","Synonymous","Neutral to the TNFa cytokine expression in CD4⁺ T cell","TNFa cytokine expression","4","Functionally normal","","","NA","CRISPR-Based Genome Editing","Base editing","38093011"
"NM_001002295.2(GATA3):c.1042C>T (p.Leu348Phe)","chr10","8069590","C/T","GATA3","-0.106","dataset0636","Missense","Neutral to the TNFa cytokine expression in CD4⁺ T cell","TNFa cytokine expression","4","Functionally normal","","","NA","CRISPR-Based Genome Editing","Base editing","38093011"
"NM_001002295.2(GATA3):c.1045C>T (p.His349Tyr)","chr10","8069593","C/T","GATA3","-0.106","dataset0636","Missense","Neutral to the TNFa cytokine expression in CD4⁺ T cell","TNFa cytokine expression","4","Functionally normal","","","NA","CRISPR-Based Genome Editing","Base editing","38093011"
"NM_001002295.2(GATA3):c.1046A>G (p.His349Arg)","chr10","8069594","A/G","GATA3","-0.043","dataset0636","Missense","Neutral to the TNFa cytokine expression in CD4⁺ T cell","TNFa cytokine expression","4","Functionally normal","","","NA","CRISPR-Based Genome Editing","Base editing","38093011"
"NM_001002295.2(GATA3):c.1047C>T (p.His349=)","chr10","8069595","C/T","GATA3","-0.106","dataset0636","Synonymous","Neutral to the TNFa cytokine expression in CD4⁺ T cell","TNFa cytokine expression","4","Functionally normal","","","NA","CRISPR-Based Genome Editing","Base editing","38093011"
"NM_001002295.2(GATA3):c.1048A>G (p.Asn350Asp)","chr10","8069596","A/G","GATA3","-0.043","dataset0636","Missense","Neutral to the TNFa cytokine expression in CD4⁺ T cell","TNFa cytokine expression","4","Functionally normal","","","NA","CRISPR-Based Genome Editing","Base editing","38093011"
"NM_001002295.2(GATA3):c.1056C>T (p.Asn352=)","chr10","8073744","C/T","GATA3","-0.226","dataset0636","Synonymous","The diminished TNFa cytokine expression in CD4⁺ T cell","TNFa cytokine expression","4","Loss-of-function","","","NA","CRISPR-Based Genome Editing","Base editing","38093011"
"NM_001002295.2(GATA3):c.1059A>G (p.Arg353=)","chr10","8073747","A/G","GATA3","0.053","dataset0636","Synonymous","Neutral to the TNFa cytokine expression in CD4⁺ T cell","TNFa cytokine expression","4","Functionally normal","","6.19788e-07","NA","CRISPR-Based Genome Editing","Base editing","38093011"
"NM_001002295.2(GATA3):c.1060C>T (p.Pro354Ser)","chr10","8073748","C/T","GATA3","0.085","dataset0636","Missense","Neutral to the TNFa cytokine expression in CD4⁺ T cell","TNFa cytokine expression","4","Functionally normal","","","NA","CRISPR-Based Genome Editing","Base editing","38093011"
"NM_001002295.2(GATA3):c.1061C>T (p.Pro354Leu)","chr10","8073749","C/T","GATA3","0.085","dataset0636","Missense","Neutral to the TNFa cytokine expression in CD4⁺ T cell","TNFa cytokine expression","4","Functionally normal","Uncertain significance","","NA","CRISPR-Based Genome Editing","Base editing","38093011"
"NM_001002295.2(GATA3):c.1062C>T (p.Pro354=)","chr10","8073750","C/T","GATA3","0.085","dataset0636","Synonymous","Neutral to the TNFa cytokine expression in CD4⁺ T cell","TNFa cytokine expression","4","Functionally normal","","3.71868e-06","NA","CRISPR-Based Genome Editing","Base editing","38093011"
"NM_001002295.2(GATA3):c.1063C>T (p.Leu355=)","chr10","8073751","C/T","GATA3","0.085","dataset0636","Synonymous","Neutral to the TNFa cytokine expression in CD4⁺ T cell","TNFa cytokine expression","4","Functionally normal","","6.19737e-07","NA","CRISPR-Based Genome Editing","Base editing","38093011"
"NM_001002295.2(GATA3):c.1066A>G (p.Thr356Ala)","chr10","8073754","A/G","GATA3","0.051","dataset0636","Missense","Neutral to the TNFa cytokine expression in CD4⁺ T cell","TNFa cytokine expression","4","Functionally normal","","","NA","CRISPR-Based Genome Editing","Base editing","38093011"
"NM_001002295.2(GATA3):c.1067C>T (p.Thr356Ile)","chr10","8073755","C/T","GATA3","0.085","dataset0636","Missense","Neutral to the TNFa cytokine expression in CD4⁺ T cell","TNFa cytokine expression","4","Functionally normal","","6.20079e-07","NA","CRISPR-Based Genome Editing","Base editing","38093011"
"NM_001002295.2(GATA3):c.1071G>A (p.Met357Ile)","chr10","8073759","G/A","GATA3","0.096","dataset0636","Missense","Neutral to the TNFa cytokine expression in CD4⁺ T cell","TNFa cytokine expression","4","Functionally normal","","","NA","CRISPR-Based Genome Editing","Base editing","38093011"
"NM_001002295.2(GATA3):c.1074G>A (p.Lys358=)","chr10","8073762","G/A","GATA3","-0.015","dataset0636","Synonymous","Neutral to the TNFa cytokine expression in CD4⁺ T cell","TNFa cytokine expression","4","Functionally normal","","","NA","CRISPR-Based Genome Editing","Base editing","38093011"
"NM_001002295.2(GATA3):c.1077G>A (p.Lys359=)","chr10","8073765","G/A","GATA3","-0.015","dataset0636","Synonymous","Neutral to the TNFa cytokine expression in CD4⁺ T cell","TNFa cytokine expression","4","Functionally normal","","6.19867e-06","NA","CRISPR-Based Genome Editing","Base editing","38093011"
"NM_001002295.2(GATA3):c.1078G>A (p.Glu360Lys)","chr10","8073766","G/A","GATA3","-0.015","dataset0636","Missense","Neutral to the TNFa cytokine expression in CD4⁺ T cell","TNFa cytokine expression","4","Functionally normal","","","NA","CRISPR-Based Genome Editing","Base editing","38093011"
"NM_001002295.2(GATA3):c.1081G>A (p.Gly361Ser)","chr10","8073769","G/A","GATA3","-0.015","dataset0636","Missense","Neutral to the TNFa cytokine expression in CD4⁺ T cell","TNFa cytokine expression","4","Functionally normal","","","NA","CRISPR-Based Genome Editing","Base editing","38093011"
"NM_001002295.2(GATA3):c.1082G>A (p.Gly361Asp)","chr10","8073770","G/A","GATA3","-0.015","dataset0636","Missense","Neutral to the TNFa cytokine expression in CD4⁺ T cell","TNFa cytokine expression","4","Functionally normal","","","NA","CRISPR-Based Genome Editing","Base editing","38093011"
"NM_001002295.2(GATA3):c.1100G>A (p.Arg367Gln)","chr10","8073788","G/A","GATA3","-0.028","dataset0636","Missense","Neutral to the TNFa cytokine expression in CD4⁺ T cell","TNFa cytokine expression","4","Functionally normal","","","skcm:0.2% (1/448):0.310","CRISPR-Based Genome Editing","Base editing","38093011"
"NM_001002295.2(GATA3):c.1106T>C (p.Met369Thr)","chr10","8073794","T/C","GATA3","-0.066","dataset0636","Missense","Neutral to the TNFa cytokine expression in CD4⁺ T cell","TNFa cytokine expression","4","Functionally normal","","1.86015e-06","NA","CRISPR-Based Genome Editing","Base editing","38093011"
"NM_001002295.2(GATA3):c.1107G>A (p.Met369Ile)","chr10","8073795","G/A","GATA3","0.032","dataset0636","Missense","Neutral to the TNFa cytokine expression in CD4⁺ T cell","TNFa cytokine expression","4","Functionally normal","Uncertain significance","4.33716e-06","lusc:0.2% (1/487):0.380","CRISPR-Based Genome Editing","Base editing","38093011"
"NM_001002295.2(GATA3):c.1108T>C (p.Ser370Pro)","chr10","8073796","T/C","GATA3","0.105","dataset0636","Missense","Neutral to the TNFa cytokine expression in CD4⁺ T cell","TNFa cytokine expression","4","Functionally normal","","","NA","CRISPR-Based Genome Editing","Base editing","38093011"
"NM_001002295.2(GATA3):c.1110T>C (p.Ser370=)","chr10","8073798","T/C","GATA3","0.105","dataset0636","Synonymous","Neutral to the TNFa cytokine expression in CD4⁺ T cell","TNFa cytokine expression","4","Functionally normal","","","NA","CRISPR-Based Genome Editing","Base editing","38093011"
"NM_001002295.2(GATA3):c.1112G>A (p.Ser371Asn)","chr10","8073800","G/A","GATA3","-0.055","dataset0636","Missense","Neutral to the TNFa cytokine expression in CD4⁺ T cell","TNFa cytokine expression","4","Functionally normal","","","NA","CRISPR-Based Genome Editing","Base editing","38093011"
"NM_001002295.2(GATA3):c.1117T>C (p.Ser373Pro)","chr10","8073805","T/C","GATA3","-0.009","dataset0636","Missense","Neutral to the TNFa cytokine expression in CD4⁺ T cell","TNFa cytokine expression","4","Functionally normal","","","NA","CRISPR-Based Genome Editing","Base editing","38093011"
"NM_001002295.2(GATA3):c.1128C>T (p.Cys376=)","chr10","8073816","C/T","GATA3","0.168","dataset0636","Synonymous","Neutral to the TNFa cytokine expression in CD4⁺ T cell","TNFa cytokine expression","4","Functionally normal","","5.57645e-06","NA","CRISPR-Based Genome Editing","Base editing","38093011"
"NM_001002295.2(GATA3):c.1130A>G (p.Lys377Arg)","chr10","8073818","A/G","GATA3","-0.029","dataset0636","Missense","Neutral to the TNFa cytokine expression in CD4⁺ T cell","TNFa cytokine expression","4","Functionally normal","","","NA","CRISPR-Based Genome Editing","Base editing","38093011"
"NM_001002295.2(GATA3):c.1131A>G (p.Lys377=)","chr10","8073819","A/G","GATA3","-0.029","dataset0636","Synonymous","Neutral to the TNFa cytokine expression in CD4⁺ T cell","TNFa cytokine expression","4","Functionally normal","","","NA","CRISPR-Based Genome Editing","Base editing","38093011"
"NM_001002295.2(GATA3):c.1132A>G (p.Lys378Glu)","chr10","8073820","A/G","GATA3","-0.029","dataset0636","Missense","Neutral to the TNFa cytokine expression in CD4⁺ T cell","TNFa cytokine expression","4","Functionally normal","","","NA","CRISPR-Based Genome Editing","Base editing","38093011"
"NM_001002295.2(GATA3):c.1133A>G (p.Lys378Arg)","chr10","8073821","A/G","GATA3","-0.016","dataset0636","Missense","Neutral to the TNFa cytokine expression in CD4⁺ T cell","TNFa cytokine expression","4","Functionally normal","","","NA","CRISPR-Based Genome Editing","Base editing","38093011"
"NM_001002295.2(GATA3):c.1134A>G (p.Lys378=)","chr10","8073822","A/G","GATA3","-0.016","dataset0636","Synonymous","Neutral to the TNFa cytokine expression in CD4⁺ T cell","TNFa cytokine expression","4","Functionally normal","Likely benign","","NA","CRISPR-Based Genome Editing","Base editing","38093011"
"NM_001002295.2(GATA3):c.1135G>A (p.Val379Met)","chr10","8073823","G/A","GATA3","0.001","dataset0636","Missense","Neutral to the TNFa cytokine expression in CD4⁺ T cell","TNFa cytokine expression","4","Functionally normal","Uncertain significance","","NA","CRISPR-Based Genome Editing","Base editing","38093011"
"NM_001002295.2(GATA3):c.1136T>C (p.Val379Ala)","chr10","8073824","T/C","GATA3","0.026","dataset0636","Missense","Neutral to the TNFa cytokine expression in CD4⁺ T cell","TNFa cytokine expression","4","Functionally normal","","","NA","CRISPR-Based Genome Editing","Base editing","38093011"
"NM_001002295.2(GATA3):c.1137G>A (p.Val379=)","chr10","8073825","G/A","GATA3","0.001","dataset0636","Synonymous","Neutral to the TNFa cytokine expression in CD4⁺ T cell","TNFa cytokine expression","4","Functionally normal","","6.1954e-07","NA","CRISPR-Based Genome Editing","Base editing","38093011"
"NM_001002295.2(GATA3):c.1138C>T (p.His380Tyr)","chr10","8073826","C/T","GATA3","-0.132","dataset0636","Missense","Neutral to the TNFa cytokine expression in CD4⁺ T cell","TNFa cytokine expression","4","Functionally normal","","8.05468e-06","NA","CRISPR-Based Genome Editing","Base editing","38093011"
"NM_001002295.2(GATA3):c.1161C>T (p.Pro387=)","chr10","8073849","C/T","GATA3","-0.052","dataset0636","Synonymous","Neutral to the TNFa cytokine expression in CD4⁺ T cell","TNFa cytokine expression","4","Functionally normal","Likely benign","2.4781e-06","NA","CRISPR-Based Genome Editing","Base editing","38093011"
"NM_001002295.2(GATA3):c.1163A>G (p.Lys388Arg)","chr10","8073851","A/G","GATA3","-0.033","dataset0636","Missense","Neutral to the TNFa cytokine expression in CD4⁺ T cell","TNFa cytokine expression","4","Functionally normal","","","NA","CRISPR-Based Genome Editing","Base editing","38093011"
"NM_001002295.2(GATA3):c.1165A>G (p.Asn389Asp)","chr10","8073853","A/G","GATA3","-0.033","dataset0636","Missense","Neutral to the TNFa cytokine expression in CD4⁺ T cell","TNFa cytokine expression","4","Functionally normal","","","NA","CRISPR-Based Genome Editing","Base editing","38093011"
"NM_001002295.2(GATA3):c.1166A>G (p.Asn389Ser)","chr10","8073854","A/G","GATA3","-0.033","dataset0636","Missense","Neutral to the TNFa cytokine expression in CD4⁺ T cell","TNFa cytokine expression","4","Functionally normal","","4.58477e-05","NA","CRISPR-Based Genome Editing","Base editing","38093011"
"NM_001002295.2(GATA3):c.1167C>T (p.Asn389=)","chr10","8073855","C/T","GATA3","-0.052","dataset0636","Synonymous","Neutral to the TNFa cytokine expression in CD4⁺ T cell","TNFa cytokine expression","4","Functionally normal","","","NA","CRISPR-Based Genome Editing","Base editing","38093011"
"NM_001002295.2(GATA3):c.1168A>G (p.Ser390Gly)","chr10","8073856","A/G","GATA3","-0.033","dataset0636","Missense","Neutral to the TNFa cytokine expression in CD4⁺ T cell","TNFa cytokine expression","4","Functionally normal","","6.1951e-07","NA","CRISPR-Based Genome Editing","Base editing","38093011"
"NM_001002295.2(GATA3):c.1169G>A (p.Ser390Asn)","chr10","8073857","G/A","GATA3","-0.061","dataset0636","Missense","Neutral to the TNFa cytokine expression in CD4⁺ T cell","TNFa cytokine expression","4","Functionally normal","","","NA","CRISPR-Based Genome Editing","Base editing","38093011"
"NM_001002295.2(GATA3):c.1170C>T (p.Ser390=)","chr10","8073858","C/T","GATA3","-0.052","dataset0636","Synonymous","Neutral to the TNFa cytokine expression in CD4⁺ T cell","TNFa cytokine expression","4","Functionally normal","","","NA","CRISPR-Based Genome Editing","Base editing","38093011"
"NM_001002295.2(GATA3):c.1172C>T (p.Ser391Leu)","chr10","8073860","C/T","GATA3","-0.052","dataset0636","Missense","Neutral to the TNFa cytokine expression in CD4⁺ T cell","TNFa cytokine expression","4","Functionally normal","","4.33663e-06","blca:0.2% (1/411):0.320","CRISPR-Based Genome Editing","Base editing","38093011"
"NM_001002295.2(GATA3):c.1173G>A (p.Ser391=)","chr10","8073861","G/A","GATA3","-0.044","dataset0636","Synonymous","Neutral to the TNFa cytokine expression in CD4⁺ T cell","TNFa cytokine expression","4","Functionally normal","Uncertain significance","2.7262e-05","NA","CRISPR-Based Genome Editing","Base editing","38093011"
"NM_001002295.2(GATA3):c.1174T>C (p.Phe392Leu)","chr10","8073862","T/C","GATA3","0.077","dataset0636","Missense","Neutral to the TNFa cytokine expression in CD4⁺ T cell","TNFa cytokine expression","4","Functionally normal","","","NA","CRISPR-Based Genome Editing","Base editing","38093011"
"NM_001002295.2(GATA3):c.1175T>C (p.Phe392Ser)","chr10","8073863","T/C","GATA3","-0.115","dataset0636","Missense","Neutral to the TNFa cytokine expression in CD4⁺ T cell","TNFa cytokine expression","4","Functionally normal","","","NA","CRISPR-Based Genome Editing","Base editing","38093011"
"NM_001002295.2(GATA3):c.1176T>C (p.Phe392=)","chr10","8073864","T/C","GATA3","-0.115","dataset0636","Synonymous","Neutral to the TNFa cytokine expression in CD4⁺ T cell","TNFa cytokine expression","4","Functionally normal","","","NA","CRISPR-Based Genome Editing","Base editing","38093011"
"NM_001002295.2(GATA3):c.1196G>A (p.Arg399Lys)","chr10","8073884","G/A","GATA3","0.07","dataset0636","Missense","Neutral to the TNFa cytokine expression in CD4⁺ T cell","TNFa cytokine expression","4","Functionally normal","","","NA","CRISPR-Based Genome Editing","Base editing","38093011"
"NM_001002295.2(GATA3):c.1202T>C (p.Met401Thr)","chr10","8073890","T/C","GATA3","0.225","dataset0636","Missense","The enhanced TNFa cytokine expression in CD4⁺ T cell","TNFa cytokine expression","4","Gain-of-function","Uncertain significance","4.33737e-06","NA","CRISPR-Based Genome Editing","Base editing","38093011"
"NM_001002295.2(GATA3):c.1203G>A (p.Met401Ile)","chr10","8073891","G/A","GATA3","0.03","dataset0636","Missense","Neutral to the TNFa cytokine expression in CD4⁺ T cell","TNFa cytokine expression","4","Functionally normal","Uncertain significance","","NA","CRISPR-Based Genome Editing","Base editing","38093011"
"NM_001002295.2(GATA3):c.1204T>C (p.Ser402Pro)","chr10","8073892","T/C","GATA3","-0.089","dataset0636","Missense","Neutral to the TNFa cytokine expression in CD4⁺ T cell","TNFa cytokine expression","4","Functionally normal","","","NA","CRISPR-Based Genome Editing","Base editing","38093011"
"NM_001002295.2(GATA3):c.1211T>C (p.Leu404Pro)","chr10","8073899","T/C","GATA3","-0.022","dataset0636","Missense","Neutral to the TNFa cytokine expression in CD4⁺ T cell","TNFa cytokine expression","4","Functionally normal","","1.23909e-06","NA","CRISPR-Based Genome Editing","Base editing","38093011"
"NM_001002295.2(GATA3):c.1212G>A (p.Leu404=)","chr10","8073900","G/A","GATA3","-0.051","dataset0636","Synonymous","Neutral to the TNFa cytokine expression in CD4⁺ T cell","TNFa cytokine expression","4","Functionally normal","","","NA","CRISPR-Based Genome Editing","Base editing","38093011"
"NM_001002295.2(GATA3):c.1214G>A (p.Ser405Asn)","chr10","8073902","G/A","GATA3","-0.051","dataset0636","Missense","Neutral to the TNFa cytokine expression in CD4⁺ T cell","TNFa cytokine expression","4","Functionally normal","","","NA","CRISPR-Based Genome Editing","Base editing","38093011"
"NM_001002295.2(GATA3):c.1220T>C (p.Ile407Thr)","chr10","8073908","T/C","GATA3","-0.004","dataset0636","Missense","Neutral to the TNFa cytokine expression in CD4⁺ T cell","TNFa cytokine expression","4","Functionally normal","","","NA","CRISPR-Based Genome Editing","Base editing","38093011"
"NM_001002295.2(GATA3):c.1222T>C (p.Ser408Pro)","chr10","8073910","T/C","GATA3","-0.004","dataset0636","Missense","Neutral to the TNFa cytokine expression in CD4⁺ T cell","TNFa cytokine expression","4","Functionally normal","","","NA","CRISPR-Based Genome Editing","Base editing","38093011"
"NM_001002295.2(GATA3):c.1224G>A (p.Ser408=)","chr10","8073912","G/A","GATA3","0.017","dataset0636","Synonymous","Neutral to the TNFa cytokine expression in CD4⁺ T cell","TNFa cytokine expression","4","Functionally normal","","1.61097e-05","NA","CRISPR-Based Genome Editing","Base editing","38093011"
"NM_001002295.2(GATA3):c.1228T>C (p.Phe410Leu)","chr10","8073916","T/C","GATA3","0.034","dataset0636","Missense","Neutral to the TNFa cytokine expression in CD4⁺ T cell","TNFa cytokine expression","4","Functionally normal","","","NA","CRISPR-Based Genome Editing","Base editing","38093011"
"NM_001002295.2(GATA3):c.1229T>C (p.Phe410Ser)","chr10","8073917","T/C","GATA3","0.003","dataset0636","Missense","Neutral to the TNFa cytokine expression in CD4⁺ T cell","TNFa cytokine expression","4","Functionally normal","","","NA","CRISPR-Based Genome Editing","Base editing","38093011"
"NM_001002295.2(GATA3):c.1232G>A (p.Ser411Asn)","chr10","8073920","G/A","GATA3","-0.045","dataset0636","Missense","Neutral to the TNFa cytokine expression in CD4⁺ T cell","TNFa cytokine expression","4","Functionally normal","","","NA","CRISPR-Based Genome Editing","Base editing","38093011"
"NM_001002295.2(GATA3):c.1241G>A (p.Ser414Asn)","chr10","8073929","G/A","GATA3","-0.077","dataset0636","Missense","Neutral to the TNFa cytokine expression in CD4⁺ T cell","TNFa cytokine expression","4","Functionally normal","","6.19547e-07","NA","CRISPR-Based Genome Editing","Base editing","38093011"
"NM_001002295.2(GATA3):c.1248G>A (p.Met416Ile)","chr10","8073936","G/A","GATA3","0.066","dataset0636","Missense","Neutral to the TNFa cytokine expression in CD4⁺ T cell","TNFa cytokine expression","4","Functionally normal","","6.19562e-07","NA","CRISPR-Based Genome Editing","Base editing","38093011"
"NM_001002295.2(GATA3):c.1250T>C (p.Leu417Pro)","chr10","8073938","T/C","GATA3","0.0","dataset0636","Missense","Neutral to the TNFa cytokine expression in CD4⁺ T cell","TNFa cytokine expression","4","Functionally normal","","","NA","CRISPR-Based Genome Editing","Base editing","38093011"
"NM_001002295.2(GATA3):c.1251G>A (p.Leu417=)","chr10","8073939","G/A","GATA3","0.297","dataset0636","Synonymous","The enhanced TNFa cytokine expression in CD4⁺ T cell","TNFa cytokine expression","4","Gain-of-function","","","NA","CRISPR-Based Genome Editing","Base editing","38093011"
"NM_001002295.2(GATA3):c.1257G>A (p.Thr419=)","chr10","8073945","G/A","GATA3","-0.411","dataset0636","Synonymous","The diminished TNFa cytokine expression in CD4⁺ T cell","TNFa cytokine expression","4","Loss-of-function","Benign","0.0412137","NA","CRISPR-Based Genome Editing","Base editing","38093011"
"NM_001002295.2(GATA3):c.1263G>A (p.Thr421=)","chr10","8073951","G/A","GATA3","0.395","dataset0636","Synonymous","The enhanced TNFa cytokine expression in CD4⁺ T cell","TNFa cytokine expression","4","Gain-of-function","","0.000169159","NA","CRISPR-Based Genome Editing","Base editing","38093011"
"NM_001002295.2(GATA3):c.1266G>A (p.Pro422=)","chr10","8073954","G/A","GATA3","-0.287","dataset0636","Synonymous","The diminished TNFa cytokine expression in CD4⁺ T cell","TNFa cytokine expression","4","Loss-of-function","Uncertain significance","1.9826e-05","NA","CRISPR-Based Genome Editing","Base editing","38093011"
"NM_001002295.2(GATA3):c.1268T>C (p.Met423Thr)","chr10","8073956","T/C","GATA3","0.004","dataset0636","Missense","Neutral to the TNFa cytokine expression in CD4⁺ T cell","TNFa cytokine expression","4","Functionally normal","","6.19525e-07","NA","CRISPR-Based Genome Editing","Base editing","38093011"
"NM_001002295.2(GATA3):c.1269G>A (p.Met423Ile)","chr10","8073957","G/A","GATA3","0.003","dataset0636","Missense","Neutral to the TNFa cytokine expression in CD4⁺ T cell","TNFa cytokine expression","4","Functionally normal","","","NA","CRISPR-Based Genome Editing","Base editing","38093011"
"NM_001002295.2(GATA3):c.1273C>T (p.Pro425Ser)","chr10","8073961","C/T","GATA3","-0.052","dataset0636","Missense","Neutral to the TNFa cytokine expression in CD4⁺ T cell","TNFa cytokine expression","4","Functionally normal","","6.19508e-07","NA","CRISPR-Based Genome Editing","Base editing","38093011"
"NM_001002295.2(GATA3):c.1274C>T (p.Pro425Leu)","chr10","8073962","C/T","GATA3","-0.052","dataset0636","Missense","Neutral to the TNFa cytokine expression in CD4⁺ T cell","TNFa cytokine expression","4","Functionally normal","","4.95643e-06","NA","CRISPR-Based Genome Editing","Base editing","38093011"
"NM_001002295.2(GATA3):c.1275G>A (p.Pro425=)","chr10","8073963","G/A","GATA3","-0.065","dataset0636","Synonymous","Neutral to the TNFa cytokine expression in CD4⁺ T cell","TNFa cytokine expression","4","Functionally normal","Likely benign","9.54144e-05","NA","CRISPR-Based Genome Editing","Base editing","38093011"
"NM_001002295.2(GATA3):c.1276C>T (p.Pro426Ser)","chr10","8073964","C/T","GATA3","-0.052","dataset0636","Missense","Neutral to the TNFa cytokine expression in CD4⁺ T cell","TNFa cytokine expression","4","Functionally normal","Uncertain significance","8.67389e-06","NA","CRISPR-Based Genome Editing","Base editing","38093011"
"NM_001002295.2(GATA3):c.1277C>T (p.Pro426Leu)","chr10","8073965","C/T","GATA3","-0.052","dataset0636","Missense","Neutral to the TNFa cytokine expression in CD4⁺ T cell","TNFa cytokine expression","4","Functionally normal","","","NA","CRISPR-Based Genome Editing","Base editing","38093011"
"NM_001002295.2(GATA3):c.1278A>G (p.Pro426=)","chr10","8073966","A/G","GATA3","-0.115","dataset0636","Synonymous","Neutral to the TNFa cytokine expression in CD4⁺ T cell","TNFa cytokine expression","4","Functionally normal","","","NA","CRISPR-Based Genome Editing","Base editing","38093011"
"NM_001002295.2(GATA3):c.1279T>C (p.Ser427Pro)","chr10","8073967","T/C","GATA3","-0.013","dataset0636","Missense","Neutral to the TNFa cytokine expression in CD4⁺ T cell","TNFa cytokine expression","4","Functionally normal","","","NA","CRISPR-Based Genome Editing","Base editing","38093011"
"NM_001002295.2(GATA3):c.1280C>T (p.Ser427Phe)","chr10","8073968","C/T","GATA3","-0.052","dataset0636","Missense","Neutral to the TNFa cytokine expression in CD4⁺ T cell","TNFa cytokine expression","4","Functionally normal","","","skcm:0.2% (1/448):0.330","CRISPR-Based Genome Editing","Base editing","38093011"
"NM_001002295.2(GATA3):c.1281C>T (p.Ser427=)","chr10","8073969","C/T","GATA3","-0.052","dataset0636","Synonymous","Neutral to the TNFa cytokine expression in CD4⁺ T cell","TNFa cytokine expression","4","Functionally normal","","6.1951e-07","NA","CRISPR-Based Genome Editing","Base editing","38093011"
"NM_001002295.2(GATA3):c.1283G>A (p.Ser428Asn)","chr10","8073971","G/A","GATA3","0.103","dataset0636","Missense","Neutral to the TNFa cytokine expression in CD4⁺ T cell","TNFa cytokine expression","4","Functionally normal","","","NA","CRISPR-Based Genome Editing","Base editing","38093011"
"NM_001002295.2(GATA3):c.1284C>T (p.Ser428=)","chr10","8073972","C/T","GATA3","-0.052","dataset0636","Synonymous","Neutral to the TNFa cytokine expression in CD4⁺ T cell","TNFa cytokine expression","4","Functionally normal","","","NA","CRISPR-Based Genome Editing","Base editing","38093011"
"NM_001002295.2(GATA3):c.1285C>T (p.Leu429=)","chr10","8073973","C/T","GATA3","-0.052","dataset0636","Synonymous","Neutral to the TNFa cytokine expression in CD4⁺ T cell","TNFa cytokine expression","4","Functionally normal","","3.09751e-06","NA","CRISPR-Based Genome Editing","Base editing","38093011"
"NM_001002295.2(GATA3):c.1287G>A (p.Leu429=)","chr10","8073975","G/A","GATA3","-0.002","dataset0636","Synonymous","Neutral to the TNFa cytokine expression in CD4⁺ T cell","TNFa cytokine expression","4","Functionally normal","","","NA","CRISPR-Based Genome Editing","Base editing","38093011"
"NM_001002295.2(GATA3):c.1288T>C (p.Ser430Pro)","chr10","8073976","T/C","GATA3","0.104","dataset0636","Missense","Neutral to the TNFa cytokine expression in CD4⁺ T cell","TNFa cytokine expression","4","Functionally normal","","","NA","CRISPR-Based Genome Editing","Base editing","38093011"
"NM_001002295.2(GATA3):c.1291T>C (p.Phe431Leu)","chr10","8073979","T/C","GATA3","-0.173","dataset0636","Missense","Neutral to the TNFa cytokine expression in CD4⁺ T cell","TNFa cytokine expression","4","Functionally normal","","6.19523e-07","NA","CRISPR-Based Genome Editing","Base editing","38093011"
"NM_001002295.2(GATA3):c.1292T>C (p.Phe431Ser)","chr10","8073980","T/C","GATA3","-0.173","dataset0636","Missense","Neutral to the TNFa cytokine expression in CD4⁺ T cell","TNFa cytokine expression","4","Functionally normal","","","NA","CRISPR-Based Genome Editing","Base editing","38093011"
"NM_001002295.2(GATA3):c.1293T>C (p.Phe431=)","chr10","8073981","T/C","GATA3","0.033","dataset0636","Synonymous","Neutral to the TNFa cytokine expression in CD4⁺ T cell","TNFa cytokine expression","4","Functionally normal","","","NA","CRISPR-Based Genome Editing","Base editing","38093011"
"NM_001002295.2(GATA3):c.1294G>A (p.Gly432Arg)","chr10","8073982","G/A","GATA3","-0.151","dataset0636","Missense","Neutral to the TNFa cytokine expression in CD4⁺ T cell","TNFa cytokine expression","4","Functionally normal","","1.85878e-06","NA","CRISPR-Based Genome Editing","Base editing","38093011"
"NM_001002295.2(GATA3):c.1295G>A (p.Gly432Glu)","chr10","8073983","G/A","GATA3","0.072","dataset0636","Missense","Neutral to the TNFa cytokine expression in CD4⁺ T cell","TNFa cytokine expression","4","Functionally normal","","1.23919e-06","NA","CRISPR-Based Genome Editing","Base editing","38093011"
"NM_001002295.2(GATA3):c.1297C>T (p.Pro433Ser)","chr10","8073985","C/T","GATA3","-0.091","dataset0636","Missense","Neutral to the TNFa cytokine expression in CD4⁺ T cell","TNFa cytokine expression","4","Functionally normal","","6.19518e-07","NA","CRISPR-Based Genome Editing","Base editing","38093011"
"NM_001002295.2(GATA3):c.1298C>T (p.Pro433Leu)","chr10","8073986","C/T","GATA3","-0.091","dataset0636","Missense","Neutral to the TNFa cytokine expression in CD4⁺ T cell","TNFa cytokine expression","4","Functionally normal","","","NA","CRISPR-Based Genome Editing","Base editing","38093011"
"NM_001002295.2(GATA3):c.1299A>G (p.Pro433=)","chr10","8073987","A/G","GATA3","-0.181","dataset0636","Synonymous","Neutral to the TNFa cytokine expression in CD4⁺ T cell","TNFa cytokine expression","4","Functionally normal","","","NA","CRISPR-Based Genome Editing","Base editing","38093011"
"NM_001002295.2(GATA3):c.1300C>T (p.His434Tyr)","chr10","8073988","C/T","GATA3","-0.091","dataset0636","Missense","Neutral to the TNFa cytokine expression in CD4⁺ T cell","TNFa cytokine expression","4","Functionally normal","","6.19513e-07","NA","CRISPR-Based Genome Editing","Base editing","38093011"
"NM_001002295.2(GATA3):c.1301A>G (p.His434Arg)","chr10","8073989","A/G","GATA3","-0.181","dataset0636","Missense","Neutral to the TNFa cytokine expression in CD4⁺ T cell","TNFa cytokine expression","4","Functionally normal","","","NA","CRISPR-Based Genome Editing","Base editing","38093011"
"NM_001002295.2(GATA3):c.1302C>T (p.His434=)","chr10","8073990","C/T","GATA3","-0.091","dataset0636","Synonymous","Neutral to the TNFa cytokine expression in CD4⁺ T cell","TNFa cytokine expression","4","Functionally normal","","6.19522e-06","NA","CRISPR-Based Genome Editing","Base editing","38093011"
"NM_001002295.2(GATA3):c.1303C>T (p.His435Tyr)","chr10","8073991","C/T","GATA3","-0.091","dataset0636","Missense","Neutral to the TNFa cytokine expression in CD4⁺ T cell","TNFa cytokine expression","4","Functionally normal","","","NA","CRISPR-Based Genome Editing","Base editing","38093011"
"NM_001002295.2(GATA3):c.1305C>T (p.His435=)","chr10","8073993","C/T","GATA3","-0.091","dataset0636","Synonymous","Neutral to the TNFa cytokine expression in CD4⁺ T cell","TNFa cytokine expression","4","Functionally normal","","","NA","CRISPR-Based Genome Editing","Base editing","38093011"
"NM_001002295.2(GATA3):c.1306C>T (p.Pro436Ser)","chr10","8073994","C/T","GATA3","-0.091","dataset0636","Missense","Neutral to the TNFa cytokine expression in CD4⁺ T cell","TNFa cytokine expression","4","Functionally normal","","1.23903e-06","NA","CRISPR-Based Genome Editing","Base editing","38093011"
"NM_001002295.2(GATA3):c.1307C>T (p.Pro436Leu)","chr10","8073995","C/T","GATA3","-0.091","dataset0636","Missense","Neutral to the TNFa cytokine expression in CD4⁺ T cell","TNFa cytokine expression","4","Functionally normal","","","NA","CRISPR-Based Genome Editing","Base editing","38093011"
"NM_001002295.2(GATA3):c.1308C>T (p.Pro436=)","chr10","8073996","C/T","GATA3","0.119","dataset0636","Synonymous","Neutral to the TNFa cytokine expression in CD4⁺ T cell","TNFa cytokine expression","4","Functionally normal","","","NA","CRISPR-Based Genome Editing","Base editing","38093011"
"NM_001002295.2(GATA3):c.1309T>C (p.Ser437Pro)","chr10","8073997","T/C","GATA3","-0.074","dataset0636","Missense","Neutral to the TNFa cytokine expression in CD4⁺ T cell","TNFa cytokine expression","4","Functionally normal","","","NA","CRISPR-Based Genome Editing","Base editing","38093011"
"NM_001002295.2(GATA3):c.1310C>T (p.Ser437Phe)","chr10","8073998","C/T","GATA3","-0.092","dataset0636","Missense","Neutral to the TNFa cytokine expression in CD4⁺ T cell","TNFa cytokine expression","4","Functionally normal","","3.09756e-06","NA","CRISPR-Based Genome Editing","Base editing","38093011"
"NM_001002295.2(GATA3):c.1311C>T (p.Ser437=)","chr10","8073999","C/T","GATA3","-0.092","dataset0636","Synonymous","Neutral to the TNFa cytokine expression in CD4⁺ T cell","TNFa cytokine expression","4","Functionally normal","","3.09761e-06","NA","CRISPR-Based Genome Editing","Base editing","38093011"
"NM_001002295.2(GATA3):c.1312A>G (p.Ser438Gly)","chr10","8074000","A/G","GATA3","-0.101","dataset0636","Missense","Neutral to the TNFa cytokine expression in CD4⁺ T cell","TNFa cytokine expression","4","Functionally normal","","","NA","CRISPR-Based Genome Editing","Base editing","38093011"
"NM_001002295.2(GATA3):c.1313G>A (p.Ser438Asn)","chr10","8074001","G/A","GATA3","-0.133","dataset0636","Missense","Neutral to the TNFa cytokine expression in CD4⁺ T cell","TNFa cytokine expression","4","Functionally normal","","","NA","CRISPR-Based Genome Editing","Base editing","38093011"
"NM_001002295.2(GATA3):c.1314C>T (p.Ser438=)","chr10","8074002","C/T","GATA3","-0.092","dataset0636","Synonymous","Neutral to the TNFa cytokine expression in CD4⁺ T cell","TNFa cytokine expression","4","Functionally normal","","","NA","CRISPR-Based Genome Editing","Base editing","38093011"
"NM_001002295.2(GATA3):c.1315A>G (p.Met439Val)","chr10","8074003","A/G","GATA3","-0.101","dataset0636","Missense","Neutral to the TNFa cytokine expression in CD4⁺ T cell","TNFa cytokine expression","4","Functionally normal","","","NA","CRISPR-Based Genome Editing","Base editing","38093011"
"NM_001002295.2(GATA3):c.1316T>C (p.Met439Thr)","chr10","8074004","T/C","GATA3","0.06","dataset0636","Missense","Neutral to the TNFa cytokine expression in CD4⁺ T cell","TNFa cytokine expression","4","Functionally normal","","","NA","CRISPR-Based Genome Editing","Base editing","38093011"
"NM_001002295.2(GATA3):c.1317G>A (p.Met439Ile)","chr10","8074005","G/A","GATA3","0.192","dataset0636","Missense","The enhanced TNFa cytokine expression in CD4⁺ T cell","TNFa cytokine expression","4","Gain-of-function","","","NA","CRISPR-Based Genome Editing","Base editing","38093011"
"NM_001002295.2(GATA3):c.1318G>A (p.Val440Ile)","chr10","8074006","G/A","GATA3","0.192","dataset0636","Missense","The enhanced TNFa cytokine expression in CD4⁺ T cell","TNFa cytokine expression","4","Gain-of-function","","1.23913e-06","NA","CRISPR-Based Genome Editing","Base editing","38093011"
"NM_001002295.2(GATA3):c.1319T>C (p.Val440Ala)","chr10","8074007","T/C","GATA3","-0.079","dataset0636","Missense","Neutral to the TNFa cytokine expression in CD4⁺ T cell","TNFa cytokine expression","4","Functionally normal","","","NA","CRISPR-Based Genome Editing","Base editing","38093011"
"NM_001002295.2(GATA3):c.1320C>T (p.Val440=)","chr10","8074008","C/T","GATA3","-0.092","dataset0636","Synonymous","Neutral to the TNFa cytokine expression in CD4⁺ T cell","TNFa cytokine expression","4","Functionally normal","","","NA","CRISPR-Based Genome Editing","Base editing","38093011"
"NM_001002295.2(GATA3):c.1324G>A (p.Ala442Thr)","chr10","8074012","G/A","GATA3","-0.219","dataset0636","Missense","Neutral to the TNFa cytokine expression in CD4⁺ T cell","TNFa cytokine expression","4","Functionally normal","","6.19576e-06","lusc:0.2% (1/487):0.200;stad:0.2% (1/440):0.070","CRISPR-Based Genome Editing","Base editing","38093011"
"NM_001002295.2(GATA3):c.1328T>C (p.Met443Thr)","chr10","8074016","T/C","GATA3","-0.073","dataset0636","Missense","Neutral to the TNFa cytokine expression in CD4⁺ T cell","TNFa cytokine expression","4","Functionally normal","","","NA","CRISPR-Based Genome Editing","Base editing","38093011"
"NM_001002295.2(GATA3):c.1329G>A (p.Met443Ile)","chr10","8074017","G/A","GATA3","-0.025","dataset0636","Missense","Neutral to the TNFa cytokine expression in CD4⁺ T cell","TNFa cytokine expression","4","Functionally normal","","","NA","CRISPR-Based Genome Editing","Base editing","38093011"
"NM_001002295.2(GATA3):c.1330G>A (p.Gly444Ser)","chr10","8074018","G/A","GATA3","0.244","dataset0636","Missense","The enhanced TNFa cytokine expression in CD4⁺ T cell","TNFa cytokine expression","4","Gain-of-function","","","NA","CRISPR-Based Genome Editing","Base editing","38093011"
"NM_001002295.2(GATA3):c.1331G>A (p.Gly444Asp)","chr10","8074019","G/A","GATA3","0.244","dataset0636","Missense","The enhanced TNFa cytokine expression in CD4⁺ T cell","TNFa cytokine expression","4","Gain-of-function","","6.19576e-07","NA","CRISPR-Based Genome Editing","Base editing","38093011"
"NM_001002295.2(GATA3):c.1A>G (p.Met1?)","chr10","8055656","A/G","GATA3","-0.12","dataset0637","Start_lost","Neutral to the PD1 cell surface activation marker expression in CD4⁺ T cell","PD1 cell surface activation marker expression","4","Functionally normal","","","NA","CRISPR-Based Genome Editing","Base editing","38093011"
"NM_001002295.2(GATA3):c.3G>A (p.Met1?)","chr10","8055658","G/A","GATA3","0.064","dataset0637","Start_lost","Neutral to the PD1 cell surface activation marker expression in CD4⁺ T cell","PD1 cell surface activation marker expression","4","Functionally normal","","","NA","CRISPR-Based Genome Editing","Base editing","38093011"
"NM_001002295.2(GATA3):c.4G>A (p.Glu2Lys)","chr10","8055659","G/A","GATA3","0.064","dataset0637","Missense","Neutral to the PD1 cell surface activation marker expression in CD4⁺ T cell","PD1 cell surface activation marker expression","4","Functionally normal","","0","NA","CRISPR-Based Genome Editing","Base editing","38093011"
"NM_001002295.2(GATA3):c.6G>A (p.Glu2=)","chr10","8055661","G/A","GATA3","0.064","dataset0637","Synonymous","Neutral to the PD1 cell surface activation marker expression in CD4⁺ T cell","PD1 cell surface activation marker expression","4","Functionally normal","","1.28508e-06","NA","CRISPR-Based Genome Editing","Base editing","38093011"
"NM_001002295.2(GATA3):c.7G>A (p.Val3Met)","chr10","8055662","G/A","GATA3","0.064","dataset0637","Missense","Neutral to the PD1 cell surface activation marker expression in CD4⁺ T cell","PD1 cell surface activation marker expression","4","Functionally normal","","0","NA","CRISPR-Based Genome Editing","Base editing","38093011"
"NM_001002295.2(GATA3):c.8T>C (p.Val3Ala)","chr10","8055663","T/C","GATA3","0.072","dataset0637","Missense","Neutral to the PD1 cell surface activation marker expression in CD4⁺ T cell","PD1 cell surface activation marker expression","4","Functionally normal","Uncertain significance","1.2858e-06","NA","CRISPR-Based Genome Editing","Base editing","38093011"
"NM_001002295.2(GATA3):c.9G>A (p.Val3=)","chr10","8055664","G/A","GATA3","-0.276","dataset0637","Synonymous","The diminished PD1 cell surface activation marker expression in CD4⁺ T cell","PD1 cell surface activation marker expression","4","Loss-of-function","","6.42408e-07","NA","CRISPR-Based Genome Editing","Base editing","38093011"
"NM_001002295.2(GATA3):c.10A>G (p.Thr4Ala)","chr10","8055665","A/G","GATA3","0.015","dataset0637","Missense","Neutral to the PD1 cell surface activation marker expression in CD4⁺ T cell","PD1 cell surface activation marker expression","4","Functionally normal","Uncertain significance","1.92765e-06","NA","CRISPR-Based Genome Editing","Base editing","38093011"
"NM_001002295.2(GATA3):c.11C>T (p.Thr4Met)","chr10","8055666","C/T","GATA3","-0.124","dataset0637","Missense","Neutral to the PD1 cell surface activation marker expression in CD4⁺ T cell","PD1 cell surface activation marker expression","4","Functionally normal","","0","NA","CRISPR-Based Genome Editing","Base editing","38093011"
"NM_001002295.2(GATA3):c.12G>A (p.Thr4=)","chr10","8055667","G/A","GATA3","-0.276","dataset0637","Synonymous","The diminished PD1 cell surface activation marker expression in CD4⁺ T cell","PD1 cell surface activation marker expression","4","Loss-of-function","","2.5695e-06","NA","CRISPR-Based Genome Editing","Base editing","38093011"
"NM_001002295.2(GATA3):c.13G>A (p.Ala5Thr)","chr10","8055668","G/A","GATA3","-0.276","dataset0637","Missense","The diminished PD1 cell surface activation marker expression in CD4⁺ T cell","PD1 cell surface activation marker expression","4","Loss-of-function","","0","NA","CRISPR-Based Genome Editing","Base editing","38093011"
"NM_001002295.2(GATA3):c.14C>T (p.Ala5Val)","chr10","8055669","C/T","GATA3","-0.124","dataset0637","Missense","Neutral to the PD1 cell surface activation marker expression in CD4⁺ T cell","PD1 cell surface activation marker expression","4","Functionally normal","","0","NA","CRISPR-Based Genome Editing","Base editing","38093011"
"NM_001002295.2(GATA3):c.15G>A (p.Ala5=)","chr10","8055670","G/A","GATA3","-0.276","dataset0637","Synonymous","The diminished PD1 cell surface activation marker expression in CD4⁺ T cell","PD1 cell surface activation marker expression","4","Loss-of-function","","6.42212e-07","NA","CRISPR-Based Genome Editing","Base editing","38093011"
"NM_001002295.2(GATA3):c.18C>T (p.Asp6=)","chr10","8055673","C/T","GATA3","-0.124","dataset0637","Synonymous","Neutral to the PD1 cell surface activation marker expression in CD4⁺ T cell","PD1 cell surface activation marker expression","4","Functionally normal","Likely benign","7.70465e-06","NA","CRISPR-Based Genome Editing","Base editing","38093011"
"NM_001002295.2(GATA3):c.19C>T (p.Gln7Ter)","chr10","8055674","C/T","GATA3","-0.124","dataset0637","Nonsense","Neutral to the PD1 cell surface activation marker expression in CD4⁺ T cell","PD1 cell surface activation marker expression","4","Functionally normal","","0","NA","CRISPR-Based Genome Editing","Base editing","38093011"
"NM_001002295.2(GATA3):c.29G>A (p.Trp10Ter)","chr10","8055684","G/A","GATA3","-0.181","dataset0637","Nonsense","Neutral to the PD1 cell surface activation marker expression in CD4⁺ T cell","PD1 cell surface activation marker expression","4","Functionally normal","","0","NA","CRISPR-Based Genome Editing","Base editing","38093011"
"NM_001002295.2(GATA3):c.30G>A (p.Trp10Ter)","chr10","8055685","G/A","GATA3","-0.181","dataset0637","Nonsense","Neutral to the PD1 cell surface activation marker expression in CD4⁺ T cell","PD1 cell surface activation marker expression","4","Functionally normal","","","NA","CRISPR-Based Genome Editing","Base editing","38093011"
"NM_001002295.2(GATA3):c.31G>A (p.Val11Met)","chr10","8055686","G/A","GATA3","-0.181","dataset0637","Missense","Neutral to the PD1 cell surface activation marker expression in CD4⁺ T cell","PD1 cell surface activation marker expression","4","Functionally normal","","","NA","CRISPR-Based Genome Editing","Base editing","38093011"
"NM_001002295.2(GATA3):c.33G>A (p.Val11=)","chr10","8055688","G/A","GATA3","-0.11","dataset0637","Synonymous","Neutral to the PD1 cell surface activation marker expression in CD4⁺ T cell","PD1 cell surface activation marker expression","4","Functionally normal","","5.12955e-06","NA","CRISPR-Based Genome Editing","Base editing","38093011"
"NM_001002295.2(GATA3):c.35G>A (p.Ser12Asn)","chr10","8055690","G/A","GATA3","-0.11","dataset0637","Missense","Neutral to the PD1 cell surface activation marker expression in CD4⁺ T cell","PD1 cell surface activation marker expression","4","Functionally normal","","0","esca:0.5% (1/182):0.310","CRISPR-Based Genome Editing","Base editing","38093011"
"NM_001002295.2(GATA3):c.40C>T (p.His14Tyr)","chr10","8055695","C/T","GATA3","-0.061","dataset0637","Missense","Neutral to the PD1 cell surface activation marker expression in CD4⁺ T cell","PD1 cell surface activation marker expression","4","Functionally normal","","","NA","CRISPR-Based Genome Editing","Base editing","38093011"
"NM_001002295.2(GATA3):c.42C>T (p.His14=)","chr10","8055697","C/T","GATA3","-0.12","dataset0637","Synonymous","Neutral to the PD1 cell surface activation marker expression in CD4⁺ T cell","PD1 cell surface activation marker expression","4","Functionally normal","","","NA","CRISPR-Based Genome Editing","Base editing","38093011"
"NM_001002295.2(GATA3):c.43C>T (p.His15Tyr)","chr10","8055698","C/T","GATA3","-0.12","dataset0637","Missense","Neutral to the PD1 cell surface activation marker expression in CD4⁺ T cell","PD1 cell surface activation marker expression","4","Functionally normal","","6.41e-07","NA","CRISPR-Based Genome Editing","Base editing","38093011"
"NM_001002295.2(GATA3):c.44A>G (p.His15Arg)","chr10","8055699","A/G","GATA3","-0.018","dataset0637","Missense","Neutral to the PD1 cell surface activation marker expression in CD4⁺ T cell","PD1 cell surface activation marker expression","4","Functionally normal","","0","NA","CRISPR-Based Genome Editing","Base editing","38093011"
"NM_001002295.2(GATA3):c.45C>T (p.His15=)","chr10","8055700","C/T","GATA3","-0.12","dataset0637","Synonymous","Neutral to the PD1 cell surface activation marker expression in CD4⁺ T cell","PD1 cell surface activation marker expression","4","Functionally normal","Likely benign","1.08888e-05","NA","CRISPR-Based Genome Editing","Base editing","38093011"
"NM_001002295.2(GATA3):c.46C>T (p.Pro16Ser)","chr10","8055701","C/T","GATA3","-0.12","dataset0637","Missense","Neutral to the PD1 cell surface activation marker expression in CD4⁺ T cell","PD1 cell surface activation marker expression","4","Functionally normal","","6.40288e-07","NA","CRISPR-Based Genome Editing","Base editing","38093011"
"NM_001002295.2(GATA3):c.47C>T (p.Pro16Leu)","chr10","8055702","C/T","GATA3","-0.12","dataset0637","Missense","Neutral to the PD1 cell surface activation marker expression in CD4⁺ T cell","PD1 cell surface activation marker expression","4","Functionally normal","","0","NA","CRISPR-Based Genome Editing","Base editing","38093011"
"NM_001002295.2(GATA3):c.48C>T (p.Pro16=)","chr10","8055703","C/T","GATA3","-0.12","dataset0637","Synonymous","Neutral to the PD1 cell surface activation marker expression in CD4⁺ T cell","PD1 cell surface activation marker expression","4","Functionally normal","","1.2802e-06","NA","CRISPR-Based Genome Editing","Base editing","38093011"
"NM_001002295.2(GATA3):c.49G>A (p.Ala17Thr)","chr10","8055704","G/A","GATA3","-0.118","dataset0637","Missense","Neutral to the PD1 cell surface activation marker expression in CD4⁺ T cell","PD1 cell surface activation marker expression","4","Functionally normal","","0","NA","CRISPR-Based Genome Editing","Base editing","38093011"
"NM_001002295.2(GATA3):c.50C>T (p.Ala17Val)","chr10","8055705","C/T","GATA3","-0.12","dataset0637","Missense","Neutral to the PD1 cell surface activation marker expression in CD4⁺ T cell","PD1 cell surface activation marker expression","4","Functionally normal","","","NA","CRISPR-Based Genome Editing","Base editing","38093011"
"NM_001002295.2(GATA3):c.51C>T (p.Ala17=)","chr10","8055706","C/T","GATA3","-0.128","dataset0637","Synonymous","Neutral to the PD1 cell surface activation marker expression in CD4⁺ T cell","PD1 cell surface activation marker expression","4","Functionally normal","","6.39599e-07","NA","CRISPR-Based Genome Editing","Base editing","38093011"
"NM_001002295.2(GATA3):c.52G>A (p.Val18Met)","chr10","8055707","G/A","GATA3","0.049","dataset0637","Missense","Neutral to the PD1 cell surface activation marker expression in CD4⁺ T cell","PD1 cell surface activation marker expression","4","Functionally normal","Uncertain significance","1.27862e-06","ucec:0.2% (1/529):0.560","CRISPR-Based Genome Editing","Base editing","38093011"
"NM_001002295.2(GATA3):c.53T>C (p.Val18Ala)","chr10","8055708","T/C","GATA3","-0.099","dataset0637","Missense","Neutral to the PD1 cell surface activation marker expression in CD4⁺ T cell","PD1 cell surface activation marker expression","4","Functionally normal","","2.55652e-06","NA","CRISPR-Based Genome Editing","Base editing","38093011"
"NM_001002295.2(GATA3):c.54G>A (p.Val18=)","chr10","8055709","G/A","GATA3","0.049","dataset0637","Synonymous","Neutral to the PD1 cell surface activation marker expression in CD4⁺ T cell","PD1 cell surface activation marker expression","4","Functionally normal","","1.27792e-06","NA","CRISPR-Based Genome Editing","Base editing","38093011"
"NM_001002295.2(GATA3):c.56T>C (p.Leu19Pro)","chr10","8055711","T/C","GATA3","0.109","dataset0637","Missense","Neutral to the PD1 cell surface activation marker expression in CD4⁺ T cell","PD1 cell surface activation marker expression","4","Functionally normal","","0","NA","CRISPR-Based Genome Editing","Base editing","38093011"
"NM_001002295.2(GATA3):c.58A>G (p.Asn20Asp)","chr10","8055713","A/G","GATA3","0.034","dataset0637","Missense","Neutral to the PD1 cell surface activation marker expression in CD4⁺ T cell","PD1 cell surface activation marker expression","4","Functionally normal","Uncertain significance","0","NA","CRISPR-Based Genome Editing","Base editing","38093011"
"NM_001002295.2(GATA3):c.61G>A (p.Gly21Arg)","chr10","8055716","G/A","GATA3","-0.158","dataset0637","Missense","Neutral to the PD1 cell surface activation marker expression in CD4⁺ T cell","PD1 cell surface activation marker expression","4","Functionally normal","","0","esca:0.5% (1/182):0.100","CRISPR-Based Genome Editing","Base editing","38093011"
"NM_001002295.2(GATA3):c.62G>A (p.Gly21Glu)","chr10","8055717","G/A","GATA3","-0.046","dataset0637","Missense","Neutral to the PD1 cell surface activation marker expression in CD4⁺ T cell","PD1 cell surface activation marker expression","3","Functionally normal","","","NA","CRISPR-Based Genome Editing","Base editing","38093011"
"NM_001002295.2(GATA3):c.63G>A (p.Gly21=)","chr10","8055718","G/A","GATA3","-0.046","dataset0637","Synonymous","Neutral to the PD1 cell surface activation marker expression in CD4⁺ T cell","PD1 cell surface activation marker expression","3","Functionally normal","","6.37781e-07","NA","CRISPR-Based Genome Editing","Base editing","38093011"
"NM_001002295.2(GATA3):c.67C>T (p.His23Tyr)","chr10","8055722","C/T","GATA3","-0.202","dataset0637","Missense","Neutral to the PD1 cell surface activation marker expression in CD4⁺ T cell","PD1 cell surface activation marker expression","4","Functionally normal","","","NA","CRISPR-Based Genome Editing","Base editing","38093011"
"NM_001002295.2(GATA3):c.68A>G (p.His23Arg)","chr10","8055723","A/G","GATA3","-0.024","dataset0637","Missense","Neutral to the PD1 cell surface activation marker expression in CD4⁺ T cell","PD1 cell surface activation marker expression","4","Functionally normal","","","NA","CRISPR-Based Genome Editing","Base editing","38093011"
"NM_001002295.2(GATA3):c.69C>T (p.His23=)","chr10","8055724","C/T","GATA3","-0.202","dataset0637","Synonymous","Neutral to the PD1 cell surface activation marker expression in CD4⁺ T cell","PD1 cell surface activation marker expression","4","Functionally normal","Benign","8.46931e-05","NA","CRISPR-Based Genome Editing","Base editing","38093011"
"NM_001002295.2(GATA3):c.70C>T (p.Pro24Ser)","chr10","8055725","C/T","GATA3","-0.202","dataset0637","Missense","Neutral to the PD1 cell surface activation marker expression in CD4⁺ T cell","PD1 cell surface activation marker expression","4","Functionally normal","","","NA","CRISPR-Based Genome Editing","Base editing","38093011"
"NM_001002295.2(GATA3):c.71C>T (p.Pro24Leu)","chr10","8055726","C/T","GATA3","-0.202","dataset0637","Missense","Neutral to the PD1 cell surface activation marker expression in CD4⁺ T cell","PD1 cell surface activation marker expression","4","Functionally normal","Uncertain significance","1.27304e-06","NA","CRISPR-Based Genome Editing","Base editing","38093011"
"NM_001002295.2(GATA3):c.72G>A (p.Pro24=)","chr10","8055727","G/A","GATA3","0.126","dataset0637","Synonymous","Neutral to the PD1 cell surface activation marker expression in CD4⁺ T cell","PD1 cell surface activation marker expression","4","Functionally normal","Likely benign","0.000140618","NA","CRISPR-Based Genome Editing","Base editing","38093011"
"NM_001002295.2(GATA3):c.74A>G (p.Asp25Gly)","chr10","8055729","A/G","GATA3","0.121","dataset0637","Missense","Neutral to the PD1 cell surface activation marker expression in CD4⁺ T cell","PD1 cell surface activation marker expression","4","Functionally normal","","6.36079e-07","NA","CRISPR-Based Genome Editing","Base editing","38093011"
"NM_001002295.2(GATA3):c.75C>T (p.Asp25=)","chr10","8055730","C/T","GATA3","-0.202","dataset0637","Synonymous","Neutral to the PD1 cell surface activation marker expression in CD4⁺ T cell","PD1 cell surface activation marker expression","4","Functionally normal","","","NA","CRISPR-Based Genome Editing","Base editing","38093011"
"NM_001002295.2(GATA3):c.77C>T (p.Thr26Met)","chr10","8055732","C/T","GATA3","-0.202","dataset0637","Missense","Neutral to the PD1 cell surface activation marker expression in CD4⁺ T cell","PD1 cell surface activation marker expression","4","Functionally normal","","","NA","CRISPR-Based Genome Editing","Base editing","38093011"
"NM_001002295.2(GATA3):c.79C>T (p.His27Tyr)","chr10","8055734","C/T","GATA3","0.05","dataset0637","Missense","Neutral to the PD1 cell surface activation marker expression in CD4⁺ T cell","PD1 cell surface activation marker expression","2","Functionally normal","","","NA","CRISPR-Based Genome Editing","Base editing","38093011"
"NM_001002295.2(GATA3):c.87G>A (p.Pro29=)","chr10","8055742","G/A","GATA3","-0.129","dataset0637","Synonymous","Neutral to the PD1 cell surface activation marker expression in CD4⁺ T cell","PD1 cell surface activation marker expression","4","Functionally normal","","1.26785e-06","NA","CRISPR-Based Genome Editing","Base editing","38093011"
"NM_001002295.2(GATA3):c.88G>A (p.Gly30Ser)","chr10","8055743","G/A","GATA3","-0.129","dataset0637","Missense","Neutral to the PD1 cell surface activation marker expression in CD4⁺ T cell","PD1 cell surface activation marker expression","4","Functionally normal","","0","NA","CRISPR-Based Genome Editing","Base editing","38093011"
"NM_001002295.2(GATA3):c.89G>A (p.Gly30Asp)","chr10","8055744","G/A","GATA3","-0.129","dataset0637","Missense","Neutral to the PD1 cell surface activation marker expression in CD4⁺ T cell","PD1 cell surface activation marker expression","4","Functionally normal","Uncertain significance","0","NA","CRISPR-Based Genome Editing","Base editing","38093011"
"NM_001002295.2(GATA3):c.90C>T (p.Gly30=)","chr10","8055745","C/T","GATA3","-0.174","dataset0637","Synonymous","Neutral to the PD1 cell surface activation marker expression in CD4⁺ T cell","PD1 cell surface activation marker expression","4","Functionally normal","","0","NA","CRISPR-Based Genome Editing","Base editing","38093011"
"NM_001002295.2(GATA3):c.91C>T (p.Leu31Phe)","chr10","8055746","C/T","GATA3","-0.174","dataset0637","Missense","Neutral to the PD1 cell surface activation marker expression in CD4⁺ T cell","PD1 cell surface activation marker expression","4","Functionally normal","","6.32983e-07","NA","CRISPR-Based Genome Editing","Base editing","38093011"
"NM_001002295.2(GATA3):c.93C>T (p.Leu31=)","chr10","8055748","C/T","GATA3","-0.031","dataset0637","Synonymous","Neutral to the PD1 cell surface activation marker expression in CD4⁺ T cell","PD1 cell surface activation marker expression","4","Functionally normal","","","NA","CRISPR-Based Genome Editing","Base editing","38093011"
"NM_001002295.2(GATA3):c.94A>G (p.Ser32Gly)","chr10","8055749","A/G","GATA3","0.011","dataset0637","Missense","Neutral to the PD1 cell surface activation marker expression in CD4⁺ T cell","PD1 cell surface activation marker expression","4","Functionally normal","","0","NA","CRISPR-Based Genome Editing","Base editing","38093011"
"NM_001002295.2(GATA3):c.95G>A (p.Ser32Asn)","chr10","8055750","G/A","GATA3","-0.06","dataset0637","Missense","Neutral to the PD1 cell surface activation marker expression in CD4⁺ T cell","PD1 cell surface activation marker expression","4","Functionally normal","","","NA","CRISPR-Based Genome Editing","Base editing","38093011"
"NM_001002295.2(GATA3):c.96C>T (p.Ser32=)","chr10","8055751","C/T","GATA3","-0.031","dataset0637","Synonymous","Neutral to the PD1 cell surface activation marker expression in CD4⁺ T cell","PD1 cell surface activation marker expression","4","Functionally normal","","0","NA","CRISPR-Based Genome Editing","Base editing","38093011"
"NM_001002295.2(GATA3):c.97C>T (p.His33Tyr)","chr10","8055752","C/T","GATA3","-0.031","dataset0637","Missense","Neutral to the PD1 cell surface activation marker expression in CD4⁺ T cell","PD1 cell surface activation marker expression","4","Functionally normal","","","NA","CRISPR-Based Genome Editing","Base editing","38093011"
"NM_001002295.2(GATA3):c.98A>G (p.His33Arg)","chr10","8055753","A/G","GATA3","0.082","dataset0637","Missense","Neutral to the PD1 cell surface activation marker expression in CD4⁺ T cell","PD1 cell surface activation marker expression","4","Functionally normal","","","NA","CRISPR-Based Genome Editing","Base editing","38093011"
"NM_001002295.2(GATA3):c.99C>T (p.His33=)","chr10","8055754","C/T","GATA3","-0.031","dataset0637","Synonymous","Neutral to the PD1 cell surface activation marker expression in CD4⁺ T cell","PD1 cell surface activation marker expression","4","Functionally normal","","","NA","CRISPR-Based Genome Editing","Base editing","38093011"
"NM_001002295.2(GATA3):c.100T>C (p.Ser34Pro)","chr10","8055755","T/C","GATA3","-0.166","dataset0637","Missense","Neutral to the PD1 cell surface activation marker expression in CD4⁺ T cell","PD1 cell surface activation marker expression","4","Functionally normal","","0","NA","CRISPR-Based Genome Editing","Base editing","38093011"
"NM_001002295.2(GATA3):c.103T>C (p.Tyr35His)","chr10","8055758","T/C","GATA3","0.21","dataset0637","Missense","Neutral to the PD1 cell surface activation marker expression in CD4⁺ T cell","PD1 cell surface activation marker expression","4","Functionally normal","","1.26056e-06","NA","CRISPR-Based Genome Editing","Base editing","38093011"
"NM_001002295.2(GATA3):c.107T>C (p.Met36Thr)","chr10","8055762","T/C","GATA3","-0.145","dataset0637","Missense","Neutral to the PD1 cell surface activation marker expression in CD4⁺ T cell","PD1 cell surface activation marker expression","4","Functionally normal","","6.29527e-07","NA","CRISPR-Based Genome Editing","Base editing","38093011"
"NM_001002295.2(GATA3):c.108G>A (p.Met36Ile)","chr10","8055763","G/A","GATA3","-0.224","dataset0637","Missense","The diminished PD1 cell surface activation marker expression in CD4⁺ T cell","PD1 cell surface activation marker expression","4","Loss-of-function","","0","NA","CRISPR-Based Genome Editing","Base editing","38093011"
"NM_001002295.2(GATA3):c.109G>A (p.Asp37Asn)","chr10","8055764","G/A","GATA3","-0.224","dataset0637","Missense","The diminished PD1 cell surface activation marker expression in CD4⁺ T cell","PD1 cell surface activation marker expression","4","Loss-of-function","","0","NA","CRISPR-Based Genome Editing","Base editing","38093011"
"NM_001002295.2(GATA3):c.111C>T (p.Asp37=)","chr10","8055766","C/T","GATA3","0.132","dataset0637","Synonymous","Neutral to the PD1 cell surface activation marker expression in CD4⁺ T cell","PD1 cell surface activation marker expression","4","Functionally normal","","0","NA","CRISPR-Based Genome Editing","Base editing","38093011"
"NM_001002295.2(GATA3):c.112G>A (p.Ala38Thr)","chr10","8055767","G/A","GATA3","0.021","dataset0637","Missense","Neutral to the PD1 cell surface activation marker expression in CD4⁺ T cell","PD1 cell surface activation marker expression","4","Functionally normal","","0","NA","CRISPR-Based Genome Editing","Base editing","38093011"
"NM_001002295.2(GATA3):c.113C>T (p.Ala38Val)","chr10","8055768","C/T","GATA3","0.132","dataset0637","Missense","Neutral to the PD1 cell surface activation marker expression in CD4⁺ T cell","PD1 cell surface activation marker expression","4","Functionally normal","","6.28758e-07","NA","CRISPR-Based Genome Editing","Base editing","38093011"
"NM_001002295.2(GATA3):c.114G>A (p.Ala38=)","chr10","8055769","G/A","GATA3","-0.051","dataset0637","Synonymous","Neutral to the PD1 cell surface activation marker expression in CD4⁺ T cell","PD1 cell surface activation marker expression","4","Functionally normal","","2.82859e-05","NA","CRISPR-Based Genome Editing","Base editing","38093011"
"NM_001002295.2(GATA3):c.115G>A (p.Ala39Thr)","chr10","8055770","G/A","GATA3","-0.051","dataset0637","Missense","Neutral to the PD1 cell surface activation marker expression in CD4⁺ T cell","PD1 cell surface activation marker expression","4","Functionally normal","","6.28497e-07","NA","CRISPR-Based Genome Editing","Base editing","38093011"
"NM_001002295.2(GATA3):c.116C>T (p.Ala39Val)","chr10","8055771","C/T","GATA3","0.117","dataset0637","Missense","Neutral to the PD1 cell surface activation marker expression in CD4⁺ T cell","PD1 cell surface activation marker expression","4","Functionally normal","","0","NA","CRISPR-Based Genome Editing","Base editing","38093011"
"NM_001002295.2(GATA3):c.117G>A (p.Ala39=)","chr10","8055772","G/A","GATA3","-0.051","dataset0637","Synonymous","Neutral to the PD1 cell surface activation marker expression in CD4⁺ T cell","PD1 cell surface activation marker expression","4","Functionally normal","","0","NA","CRISPR-Based Genome Editing","Base editing","38093011"
"NM_001002295.2(GATA3):c.118C>T (p.Gln40Ter)","chr10","8055773","C/T","GATA3","-0.578","dataset0637","Nonsense","The diminished PD1 cell surface activation marker expression in CD4⁺ T cell","PD1 cell surface activation marker expression","4","Loss-of-function","","","NA","CRISPR-Based Genome Editing","Base editing","38093011"
"NM_001002295.2(GATA3):c.119A>G (p.Gln40Arg)","chr10","8055774","A/G","GATA3","0.06","dataset0637","Missense","Neutral to the PD1 cell surface activation marker expression in CD4⁺ T cell","PD1 cell surface activation marker expression","4","Functionally normal","","","NA","CRISPR-Based Genome Editing","Base editing","38093011"
"NM_001002295.2(GATA3):c.121T>C (p.Tyr41His)","chr10","8055776","T/C","GATA3","-0.028","dataset0637","Missense","Neutral to the PD1 cell surface activation marker expression in CD4⁺ T cell","PD1 cell surface activation marker expression","4","Functionally normal","","1.2561e-06","NA","CRISPR-Based Genome Editing","Base editing","38093011"
"NM_001002295.2(GATA3):c.122A>G (p.Tyr41Cys)","chr10","8055777","A/G","GATA3","-0.089","dataset0637","Missense","Neutral to the PD1 cell surface activation marker expression in CD4⁺ T cell","PD1 cell surface activation marker expression","4","Functionally normal","","6.28112e-07","coad:0.2% (1/439):0.290","CRISPR-Based Genome Editing","Base editing","38093011"
"NM_001002295.2(GATA3):c.123C>T (p.Tyr41=)","chr10","8055778","C/T","GATA3","-0.061","dataset0637","Synonymous","Neutral to the PD1 cell surface activation marker expression in CD4⁺ T cell","PD1 cell surface activation marker expression","4","Functionally normal","","1.256e-06","NA","CRISPR-Based Genome Editing","Base editing","38093011"
"NM_001002295.2(GATA3):c.133G>A (p.Glu45Lys)","chr10","8055788","G/A","GATA3","0.037","dataset0637","Missense","Neutral to the PD1 cell surface activation marker expression in CD4⁺ T cell","PD1 cell surface activation marker expression","4","Functionally normal","","","NA","CRISPR-Based Genome Editing","Base editing","38093011"
"NM_001002295.2(GATA3):c.135G>A (p.Glu45=)","chr10","8055790","G/A","GATA3","-0.193","dataset0637","Synonymous","Neutral to the PD1 cell surface activation marker expression in CD4⁺ T cell","PD1 cell surface activation marker expression","4","Functionally normal","","0","NA","CRISPR-Based Genome Editing","Base editing","38093011"
"NM_001002295.2(GATA3):c.136G>A (p.Glu46Lys)","chr10","8055791","G/A","GATA3","-0.193","dataset0637","Missense","Neutral to the PD1 cell surface activation marker expression in CD4⁺ T cell","PD1 cell surface activation marker expression","4","Functionally normal","","","NA","CRISPR-Based Genome Editing","Base editing","38093011"
"NM_001002295.2(GATA3):c.138G>A (p.Glu46=)","chr10","8055793","G/A","GATA3","-0.193","dataset0637","Synonymous","Neutral to the PD1 cell surface activation marker expression in CD4⁺ T cell","PD1 cell surface activation marker expression","4","Functionally normal","","6.27578e-07","NA","CRISPR-Based Genome Editing","Base editing","38093011"
"NM_001002295.2(GATA3):c.139G>A (p.Val47Met)","chr10","8055794","G/A","GATA3","-0.193","dataset0637","Missense","Neutral to the PD1 cell surface activation marker expression in CD4⁺ T cell","PD1 cell surface activation marker expression","4","Functionally normal","","1.25489e-06","NA","CRISPR-Based Genome Editing","Base editing","38093011"
"NM_001002295.2(GATA3):c.140T>C (p.Val47Ala)","chr10","8055795","T/C","GATA3","-0.014","dataset0637","Missense","Neutral to the PD1 cell surface activation marker expression in CD4⁺ T cell","PD1 cell surface activation marker expression","4","Functionally normal","","6.28626e-07","NA","CRISPR-Based Genome Editing","Base editing","38093011"
"NM_001002295.2(GATA3):c.141G>A (p.Val47=)","chr10","8055796","G/A","GATA3","-0.088","dataset0637","Synonymous","Neutral to the PD1 cell surface activation marker expression in CD4⁺ T cell","PD1 cell surface activation marker expression","4","Functionally normal","","6.27516e-07","NA","CRISPR-Based Genome Editing","Base editing","38093011"
"NM_001002295.2(GATA3):c.142G>A (p.Asp48Asn)","chr10","8055797","G/A","GATA3","-0.088","dataset0637","Missense","Neutral to the PD1 cell surface activation marker expression in CD4⁺ T cell","PD1 cell surface activation marker expression","4","Functionally normal","Uncertain significance","","NA","CRISPR-Based Genome Editing","Base editing","38093011"
"NM_001002295.2(GATA3):c.144T>C (p.Asp48=)","chr10","8055799","T/C","GATA3","0.086","dataset0637","Synonymous","Neutral to the PD1 cell surface activation marker expression in CD4⁺ T cell","PD1 cell surface activation marker expression","4","Functionally normal","","0","NA","CRISPR-Based Genome Editing","Base editing","38093011"
"NM_001002295.2(GATA3):c.145G>A (p.Val49Met)","chr10","8055800","G/A","GATA3","-0.088","dataset0637","Missense","Neutral to the PD1 cell surface activation marker expression in CD4⁺ T cell","PD1 cell surface activation marker expression","4","Functionally normal","","6.2746e-07","NA","CRISPR-Based Genome Editing","Base editing","38093011"
"NM_001002295.2(GATA3):c.146T>C (p.Val49Ala)","chr10","8055801","T/C","GATA3","0.104","dataset0637","Missense","Neutral to the PD1 cell surface activation marker expression in CD4⁺ T cell","PD1 cell surface activation marker expression","4","Functionally normal","","","NA","CRISPR-Based Genome Editing","Base editing","38093011"
"NM_001002295.2(GATA3):c.148C>T (p.Leu50Phe)","chr10","8055803","C/T","GATA3","0.058","dataset0637","Missense","Neutral to the PD1 cell surface activation marker expression in CD4⁺ T cell","PD1 cell surface activation marker expression","4","Functionally normal","Uncertain significance","1.2551e-06","NA","CRISPR-Based Genome Editing","Base editing","38093011"
"NM_001002295.2(GATA3):c.149T>C (p.Leu50Pro)","chr10","8055804","T/C","GATA3","0.104","dataset0637","Missense","Neutral to the PD1 cell surface activation marker expression in CD4⁺ T cell","PD1 cell surface activation marker expression","4","Functionally normal","","1.25515e-06","NA","CRISPR-Based Genome Editing","Base editing","38093011"
"NM_001002295.2(GATA3):c.150T>C (p.Leu50=)","chr10","8055805","T/C","GATA3","0.104","dataset0637","Synonymous","Neutral to the PD1 cell surface activation marker expression in CD4⁺ T cell","PD1 cell surface activation marker expression","4","Functionally normal","","","NA","CRISPR-Based Genome Editing","Base editing","38093011"
"NM_001002295.2(GATA3):c.154A>G (p.Asn52Asp)","chr10","8055809","A/G","GATA3","0.185","dataset0637","Missense","Neutral to the PD1 cell surface activation marker expression in CD4⁺ T cell","PD1 cell surface activation marker expression","4","Functionally normal","","6.27639e-07","NA","CRISPR-Based Genome Editing","Base editing","38093011"
"NM_001002295.2(GATA3):c.155A>G (p.Asn52Ser)","chr10","8055810","A/G","GATA3","0.185","dataset0637","Missense","Neutral to the PD1 cell surface activation marker expression in CD4⁺ T cell","PD1 cell surface activation marker expression","4","Functionally normal","","8.15976e-06","NA","CRISPR-Based Genome Editing","Base editing","38093011"
"NM_001002295.2(GATA3):c.156C>T (p.Asn52=)","chr10","8055811","C/T","GATA3","-0.035","dataset0637","Synonymous","Neutral to the PD1 cell surface activation marker expression in CD4⁺ T cell","PD1 cell surface activation marker expression","4","Functionally normal","","6.27899e-07","NA","CRISPR-Based Genome Editing","Base editing","38093011"
"NM_001002295.2(GATA3):c.159C>T (p.Ile53=)","chr10","8055814","C/T","GATA3","-0.035","dataset0637","Synonymous","Neutral to the PD1 cell surface activation marker expression in CD4⁺ T cell","PD1 cell surface activation marker expression","4","Functionally normal","","","NA","CRISPR-Based Genome Editing","Base editing","38093011"
"NM_001002295.2(GATA3):c.174C>T (p.Asn58=)","chr10","8055829","C/T","GATA3","-0.241","dataset0637","Synonymous","The diminished PD1 cell surface activation marker expression in CD4⁺ T cell","PD1 cell surface activation marker expression","4","Loss-of-function","","0","NA","CRISPR-Based Genome Editing","Base editing","38093011"
"NM_001002295.2(GATA3):c.175C>T (p.His59Tyr)","chr10","8055830","C/T","GATA3","-0.241","dataset0637","Missense","The diminished PD1 cell surface activation marker expression in CD4⁺ T cell","PD1 cell surface activation marker expression","4","Loss-of-function","","6.29834e-06","NA","CRISPR-Based Genome Editing","Base editing","38093011"
"NM_001002295.2(GATA3):c.176A>G (p.His59Arg)","chr10","8055831","A/G","GATA3","-0.006","dataset0637","Missense","Neutral to the PD1 cell surface activation marker expression in CD4⁺ T cell","PD1 cell surface activation marker expression","4","Functionally normal","","","NA","CRISPR-Based Genome Editing","Base editing","38093011"
"NM_001002295.2(GATA3):c.177C>T (p.His59=)","chr10","8055832","C/T","GATA3","-0.241","dataset0637","Synonymous","The diminished PD1 cell surface activation marker expression in CD4⁺ T cell","PD1 cell surface activation marker expression","4","Loss-of-function","","0","NA","CRISPR-Based Genome Editing","Base editing","38093011"
"NM_001002295.2(GATA3):c.180C>T (p.Val60=)","chr10","8055835","C/T","GATA3","0.047","dataset0637","Synonymous","Neutral to the PD1 cell surface activation marker expression in CD4⁺ T cell","PD1 cell surface activation marker expression","4","Functionally normal","","0","NA","CRISPR-Based Genome Editing","Base editing","38093011"
"NM_001002295.2(GATA3):c.181C>T (p.Pro61Ser)","chr10","8055836","C/T","GATA3","0.047","dataset0637","Missense","Neutral to the PD1 cell surface activation marker expression in CD4⁺ T cell","PD1 cell surface activation marker expression","4","Functionally normal","","0","NA","CRISPR-Based Genome Editing","Base editing","38093011"
"NM_001002295.2(GATA3):c.182C>T (p.Pro61Leu)","chr10","8055837","C/T","GATA3","0.047","dataset0637","Missense","Neutral to the PD1 cell surface activation marker expression in CD4⁺ T cell","PD1 cell surface activation marker expression","4","Functionally normal","","1.26267e-06","NA","CRISPR-Based Genome Editing","Base editing","38093011"
"NM_001002295.2(GATA3):c.184C>T (p.Pro62Ser)","chr10","8055839","C/T","GATA3","0.047","dataset0637","Missense","Neutral to the PD1 cell surface activation marker expression in CD4⁺ T cell","PD1 cell surface activation marker expression","4","Functionally normal","","1.89349e-06","NA","CRISPR-Based Genome Editing","Base editing","38093011"
"NM_001002295.2(GATA3):c.185C>T (p.Pro62Leu)","chr10","8055840","C/T","GATA3","-0.093","dataset0637","Missense","Neutral to the PD1 cell surface activation marker expression in CD4⁺ T cell","PD1 cell surface activation marker expression","4","Functionally normal","","1.89405e-06","NA","CRISPR-Based Genome Editing","Base editing","38093011"
"NM_001002295.2(GATA3):c.186C>T (p.Pro62=)","chr10","8055841","C/T","GATA3","-0.614","dataset0637","Synonymous","The diminished PD1 cell surface activation marker expression in CD4⁺ T cell","PD1 cell surface activation marker expression","4","Loss-of-function","","","NA","CRISPR-Based Genome Editing","Base editing","38093011"
"NM_001002295.2(GATA3):c.188A>G (p.Tyr63Cys)","chr10","8055843","A/G","GATA3","-0.053","dataset0637","Missense","Neutral to the PD1 cell surface activation marker expression in CD4⁺ T cell","PD1 cell surface activation marker expression","4","Functionally normal","Uncertain significance","3.09754e-05","NA","CRISPR-Based Genome Editing","Base editing","38093011"
"NM_001002295.2(GATA3):c.189C>T (p.Tyr63=)","chr10","8055844","C/T","GATA3","-0.614","dataset0637","Synonymous","The diminished PD1 cell surface activation marker expression in CD4⁺ T cell","PD1 cell surface activation marker expression","4","Loss-of-function","","","NA","CRISPR-Based Genome Editing","Base editing","38093011"
"NM_001002295.2(GATA3):c.190T>C (p.Tyr64His)","chr10","8055845","T/C","GATA3","0.092","dataset0637","Missense","Neutral to the PD1 cell surface activation marker expression in CD4⁺ T cell","PD1 cell surface activation marker expression","4","Functionally normal","","0","NA","CRISPR-Based Genome Editing","Base editing","38093011"
"NM_001002295.2(GATA3):c.191A>G (p.Tyr64Cys)","chr10","8055846","A/G","GATA3","-0.053","dataset0637","Missense","Neutral to the PD1 cell surface activation marker expression in CD4⁺ T cell","PD1 cell surface activation marker expression","4","Functionally normal","","0","NA","CRISPR-Based Genome Editing","Base editing","38093011"
"NM_001002295.2(GATA3):c.192C>T (p.Tyr64=)","chr10","8055847","C/T","GATA3","0.376","dataset0637","Synonymous","The enhanced PD1 cell surface activation marker expression in CD4⁺ T cell","PD1 cell surface activation marker expression","4","Gain-of-function","","2.53049e-06","NA","CRISPR-Based Genome Editing","Base editing","38093011"
"NM_001002295.2(GATA3):c.193G>A (p.Gly65Arg)","chr10","8055848","G/A","GATA3","-0.197","dataset0637","Missense","Neutral to the PD1 cell surface activation marker expression in CD4⁺ T cell","PD1 cell surface activation marker expression","4","Functionally normal","","6.32638e-07","NA","CRISPR-Based Genome Editing","Base editing","38093011"
"NM_001002295.2(GATA3):c.194G>A (p.Gly65Glu)","chr10","8055849","G/A","GATA3","0.041","dataset0637","Missense","Neutral to the PD1 cell surface activation marker expression in CD4⁺ T cell","PD1 cell surface activation marker expression","4","Functionally normal","","6.32794e-07","NA","CRISPR-Based Genome Editing","Base editing","38093011"
"NM_001002295.2(GATA3):c.195A>G (p.Gly65=)","chr10","8055850","A/G","GATA3","0.09","dataset0637","Synonymous","Neutral to the PD1 cell surface activation marker expression in CD4⁺ T cell","PD1 cell surface activation marker expression","4","Functionally normal","","","NA","CRISPR-Based Genome Editing","Base editing","38093011"
"NM_001002295.2(GATA3):c.196A>G (p.Asn66Asp)","chr10","8055851","A/G","GATA3","0.09","dataset0637","Missense","Neutral to the PD1 cell surface activation marker expression in CD4⁺ T cell","PD1 cell surface activation marker expression","4","Functionally normal","","","NA","CRISPR-Based Genome Editing","Base editing","38093011"
"NM_001002295.2(GATA3):c.197A>G (p.Asn66Ser)","chr10","8055852","A/G","GATA3","0.09","dataset0637","Missense","Neutral to the PD1 cell surface activation marker expression in CD4⁺ T cell","PD1 cell surface activation marker expression","4","Functionally normal","","","NA","CRISPR-Based Genome Editing","Base editing","38093011"
"NM_001002295.2(GATA3):c.199T>C (p.Ser67Pro)","chr10","8055854","T/C","GATA3","0.09","dataset0637","Missense","Neutral to the PD1 cell surface activation marker expression in CD4⁺ T cell","PD1 cell surface activation marker expression","4","Functionally normal","","","NA","CRISPR-Based Genome Editing","Base editing","38093011"
"NM_001002295.2(GATA3):c.200C>T (p.Ser67Leu)","chr10","8055855","C/T","GATA3","-0.348","dataset0637","Missense","The diminished PD1 cell surface activation marker expression in CD4⁺ T cell","PD1 cell surface activation marker expression","4","Loss-of-function","","1.26862e-06","NA","CRISPR-Based Genome Editing","Base editing","38093011"
"NM_001002295.2(GATA3):c.201G>A (p.Ser67=)","chr10","8055856","G/A","GATA3","0.033","dataset0637","Synonymous","Neutral to the PD1 cell surface activation marker expression in CD4⁺ T cell","PD1 cell surface activation marker expression","4","Functionally normal","Likely benign","2.53715e-06","NA","CRISPR-Based Genome Editing","Base editing","38093011"
"NM_001002295.2(GATA3):c.202G>A (p.Val68Ile)","chr10","8055857","G/A","GATA3","0.033","dataset0637","Missense","Neutral to the PD1 cell surface activation marker expression in CD4⁺ T cell","PD1 cell surface activation marker expression","4","Functionally normal","","0","NA","CRISPR-Based Genome Editing","Base editing","38093011"
"NM_001002295.2(GATA3):c.203T>C (p.Val68Ala)","chr10","8055858","T/C","GATA3","-0.066","dataset0637","Missense","Neutral to the PD1 cell surface activation marker expression in CD4⁺ T cell","PD1 cell surface activation marker expression","4","Functionally normal","","0","NA","CRISPR-Based Genome Editing","Base editing","38093011"
"NM_001002295.2(GATA3):c.204C>T (p.Val68=)","chr10","8055859","C/T","GATA3","-0.348","dataset0637","Synonymous","The diminished PD1 cell surface activation marker expression in CD4⁺ T cell","PD1 cell surface activation marker expression","4","Loss-of-function","","0","NA","CRISPR-Based Genome Editing","Base editing","38093011"
"NM_001002295.2(GATA3):c.205A>G (p.Arg69Gly)","chr10","8055860","A/G","GATA3","0.086","dataset0637","Missense","Neutral to the PD1 cell surface activation marker expression in CD4⁺ T cell","PD1 cell surface activation marker expression","4","Functionally normal","Uncertain significance","1.46082e-05","NA","CRISPR-Based Genome Editing","Base editing","38093011"
"NM_001002295.2(GATA3):c.206G>A (p.Arg69Lys)","chr10","8055861","G/A","GATA3","-0.176","dataset0637","Missense","Neutral to the PD1 cell surface activation marker expression in CD4⁺ T cell","PD1 cell surface activation marker expression","4","Functionally normal","","0","NA","CRISPR-Based Genome Editing","Base editing","38093011"
"NM_001002295.2(GATA3):c.219G>A (p.Gln73=)","chr10","8055874","G/A","GATA3","-0.238","dataset0637","Synonymous","The diminished PD1 cell surface activation marker expression in CD4⁺ T cell","PD1 cell surface activation marker expression","4","Loss-of-function","","0","NA","CRISPR-Based Genome Editing","Base editing","38093011"
"NM_001002295.2(GATA3):c.221G>A (p.Arg74Lys)","chr10","8055876","G/A","GATA3","-0.238","dataset0637","Missense","The diminished PD1 cell surface activation marker expression in CD4⁺ T cell","PD1 cell surface activation marker expression","4","Loss-of-function","","","NA","CRISPR-Based Genome Editing","Base editing","38093011"
"NM_001002295.2(GATA3):c.222G>A (p.Arg74=)","chr10","8055877","G/A","GATA3","-0.238","dataset0637","Synonymous","The diminished PD1 cell surface activation marker expression in CD4⁺ T cell","PD1 cell surface activation marker expression","4","Loss-of-function","","","NA","CRISPR-Based Genome Editing","Base editing","38093011"
"NM_001002295.2(GATA3):c.224A>G (p.Tyr75Cys)","chr10","8055879","A/G","GATA3","-0.016","dataset0637","Missense","Neutral to the PD1 cell surface activation marker expression in CD4⁺ T cell","PD1 cell surface activation marker expression","4","Functionally normal","","0","NA","CRISPR-Based Genome Editing","Base editing","38093011"
"NM_001002295.2(GATA3):c.225C>T (p.Tyr75=)","chr10","8055880","C/T","GATA3","-0.335","dataset0637","Synonymous","The diminished PD1 cell surface activation marker expression in CD4⁺ T cell","PD1 cell surface activation marker expression","4","Loss-of-function","","0","NA","CRISPR-Based Genome Editing","Base editing","38093011"
"NM_001002295.2(GATA3):c.226C>T (p.Pro76Ser)","chr10","8055881","C/T","GATA3","-0.335","dataset0637","Missense","The diminished PD1 cell surface activation marker expression in CD4⁺ T cell","PD1 cell surface activation marker expression","4","Loss-of-function","","3.19933e-06","NA","CRISPR-Based Genome Editing","Base editing","38093011"
"NM_001002295.2(GATA3):c.227C>T (p.Pro76Leu)","chr10","8055882","C/T","GATA3","-0.335","dataset0637","Missense","The diminished PD1 cell surface activation marker expression in CD4⁺ T cell","PD1 cell surface activation marker expression","4","Loss-of-function","","1.2803e-06","NA","CRISPR-Based Genome Editing","Base editing","38093011"
"NM_001002295.2(GATA3):c.228T>C (p.Pro76=)","chr10","8055883","T/C","GATA3","0.05","dataset0637","Synonymous","Neutral to the PD1 cell surface activation marker expression in CD4⁺ T cell","PD1 cell surface activation marker expression","4","Functionally normal","","","NA","CRISPR-Based Genome Editing","Base editing","38093011"
"NM_001002295.2(GATA3):c.229C>T (p.Pro77Ser)","chr10","8055884","C/T","GATA3","-0.335","dataset0637","Missense","The diminished PD1 cell surface activation marker expression in CD4⁺ T cell","PD1 cell surface activation marker expression","4","Loss-of-function","","4.48263e-06","NA","CRISPR-Based Genome Editing","Base editing","38093011"
"NM_001002295.2(GATA3):c.230C>T (p.Pro77Leu)","chr10","8055885","C/T","GATA3","-0.335","dataset0637","Missense","The diminished PD1 cell surface activation marker expression in CD4⁺ T cell","PD1 cell surface activation marker expression","4","Loss-of-function","","3.20474e-06","ucec:0.2% (1/529):0.420","CRISPR-Based Genome Editing","Base editing","38093011"
"NM_001002295.2(GATA3):c.231G>A (p.Pro77=)","chr10","8055886","G/A","GATA3","-0.238","dataset0637","Synonymous","The diminished PD1 cell surface activation marker expression in CD4⁺ T cell","PD1 cell surface activation marker expression","4","Loss-of-function","","0","NA","CRISPR-Based Genome Editing","Base editing","38093011"
"NM_001002295.2(GATA3):c.233C>T (p.Thr78Ile)","chr10","8055888","C/T","GATA3","0.209","dataset0637","Missense","Neutral to the PD1 cell surface activation marker expression in CD4⁺ T cell","PD1 cell surface activation marker expression","4","Functionally normal","Uncertain significance","0","NA","CRISPR-Based Genome Editing","Base editing","38093011"
"NM_001002295.2(GATA3):c.234C>T (p.Thr78=)","chr10","8055889","C/T","GATA3","0.047","dataset0637","Synonymous","Neutral to the PD1 cell surface activation marker expression in CD4⁺ T cell","PD1 cell surface activation marker expression","4","Functionally normal","","6.41139e-07","NA","CRISPR-Based Genome Editing","Base editing","38093011"
"NM_001002295.2(GATA3):c.235C>T (p.His79Tyr)","chr10","8055890","C/T","GATA3","-0.219","dataset0637","Missense","The diminished PD1 cell surface activation marker expression in CD4⁺ T cell","PD1 cell surface activation marker expression","4","Loss-of-function","","","NA","CRISPR-Based Genome Editing","Base editing","38093011"
"NM_001002295.2(GATA3):c.236A>G (p.His79Arg)","chr10","8055891","A/G","GATA3","-0.068","dataset0637","Missense","Neutral to the PD1 cell surface activation marker expression in CD4⁺ T cell","PD1 cell surface activation marker expression","4","Functionally normal","","","NA","CRISPR-Based Genome Editing","Base editing","38093011"
"NM_001002295.2(GATA3):c.237C>T (p.His79=)","chr10","8055892","C/T","GATA3","-0.219","dataset0637","Synonymous","The diminished PD1 cell surface activation marker expression in CD4⁺ T cell","PD1 cell surface activation marker expression","4","Loss-of-function","","","NA","CRISPR-Based Genome Editing","Base editing","38093011"
"NM_001002295.2(GATA3):c.238C>T (p.His80Tyr)","chr10","8055893","C/T","GATA3","-0.219","dataset0637","Missense","The diminished PD1 cell surface activation marker expression in CD4⁺ T cell","PD1 cell surface activation marker expression","4","Loss-of-function","","0","NA","CRISPR-Based Genome Editing","Base editing","38093011"
"NM_001002295.2(GATA3):c.239A>G (p.His80Arg)","chr10","8055894","A/G","GATA3","-0.036","dataset0637","Missense","Neutral to the PD1 cell surface activation marker expression in CD4⁺ T cell","PD1 cell surface activation marker expression","4","Functionally normal","","0","NA","CRISPR-Based Genome Editing","Base editing","38093011"
"NM_001002295.2(GATA3):c.240C>T (p.His80=)","chr10","8055895","C/T","GATA3","-0.219","dataset0637","Splice site","The diminished PD1 cell surface activation marker expression in CD4⁺ T cell","PD1 cell surface activation marker expression","4","Loss-of-function","","0","NA","CRISPR-Based Genome Editing","Base editing","38093011"
"NM_001002295.2(GATA3):c.241G>A (p.Gly81Arg)","chr10","8055896","G/A","GATA3","-0.515","dataset0637","Missense","The diminished PD1 cell surface activation marker expression in CD4⁺ T cell","PD1 cell surface activation marker expression","4","Loss-of-function","","6.42301e-07","NA","CRISPR-Based Genome Editing","Base editing","38093011"
"NM_001002295.2(GATA3):c.242G>A (p.Gly81Glu)","chr10","8058305","G/A","GATA3","-0.26","dataset0637","Missense","The diminished PD1 cell surface activation marker expression in CD4⁺ T cell","PD1 cell surface activation marker expression","4","Loss-of-function","","6.19802e-07","skcm:0.2% (1/448):0.350","CRISPR-Based Genome Editing","Base editing","38093011"
"NM_001002295.2(GATA3):c.245G>A (p.Ser82Asn)","chr10","8058308","G/A","GATA3","-0.093","dataset0637","Missense","Neutral to the PD1 cell surface activation marker expression in CD4⁺ T cell","PD1 cell surface activation marker expression","4","Functionally normal","","6.19786e-07","NA","CRISPR-Based Genome Editing","Base editing","38093011"
"NM_001002295.2(GATA3):c.249G>A (p.Gln83=)","chr10","8058312","G/A","GATA3","0.289","dataset0637","Synonymous","The enhanced PD1 cell surface activation marker expression in CD4⁺ T cell","PD1 cell surface activation marker expression","4","Gain-of-function","","6.19774e-07","NA","CRISPR-Based Genome Editing","Base editing","38093011"
"NM_001002295.2(GATA3):c.250G>A (p.Val84Met)","chr10","8058313","G/A","GATA3","-0.122","dataset0637","Missense","Neutral to the PD1 cell surface activation marker expression in CD4⁺ T cell","PD1 cell surface activation marker expression","4","Functionally normal","","","NA","CRISPR-Based Genome Editing","Base editing","38093011"
"NM_001002295.2(GATA3):c.251T>C (p.Val84Ala)","chr10","8058314","T/C","GATA3","-0.056","dataset0637","Missense","Neutral to the PD1 cell surface activation marker expression in CD4⁺ T cell","PD1 cell surface activation marker expression","4","Functionally normal","","","NA","CRISPR-Based Genome Editing","Base editing","38093011"
"NM_001002295.2(GATA3):c.252G>A (p.Val84=)","chr10","8058315","G/A","GATA3","-0.261","dataset0637","Synonymous","The diminished PD1 cell surface activation marker expression in CD4⁺ T cell","PD1 cell surface activation marker expression","4","Loss-of-function","","","NA","CRISPR-Based Genome Editing","Base editing","38093011"
"NM_001002295.2(GATA3):c.253T>C (p.Cys85Arg)","chr10","8058316","T/C","GATA3","-0.056","dataset0637","Missense","Neutral to the PD1 cell surface activation marker expression in CD4⁺ T cell","PD1 cell surface activation marker expression","4","Functionally normal","","","NA","CRISPR-Based Genome Editing","Base editing","38093011"
"NM_001002295.2(GATA3):c.254G>A (p.Cys85Tyr)","chr10","8058317","G/A","GATA3","-0.261","dataset0637","Missense","The diminished PD1 cell surface activation marker expression in CD4⁺ T cell","PD1 cell surface activation marker expression","4","Loss-of-function","Uncertain significance","5.14546e-05","NA","CRISPR-Based Genome Editing","Base editing","38093011"
"NM_001002295.2(GATA3):c.255C>T (p.Cys85=)","chr10","8058318","C/T","GATA3","-0.031","dataset0637","Synonymous","Neutral to the PD1 cell surface activation marker expression in CD4⁺ T cell","PD1 cell surface activation marker expression","4","Functionally normal","","6.19827e-07","NA","CRISPR-Based Genome Editing","Base editing","38093011"
"NM_001002295.2(GATA3):c.256C>T (p.Arg86Cys)","chr10","8058319","C/T","GATA3","-0.031","dataset0637","Missense","Neutral to the PD1 cell surface activation marker expression in CD4⁺ T cell","PD1 cell surface activation marker expression","4","Functionally normal","Uncertain significance","2.47919e-06","NA","CRISPR-Based Genome Editing","Base editing","38093011"
"NM_001002295.2(GATA3):c.257G>A (p.Arg86His)","chr10","8058320","G/A","GATA3","-0.112","dataset0637","Missense","Neutral to the PD1 cell surface activation marker expression in CD4⁺ T cell","PD1 cell surface activation marker expression","4","Functionally normal","Uncertain significance","3.09981e-06","NA","CRISPR-Based Genome Editing","Base editing","38093011"
"NM_001002295.2(GATA3):c.258C>T (p.Arg86=)","chr10","8058321","C/T","GATA3","-0.031","dataset0637","Synonymous","Neutral to the PD1 cell surface activation marker expression in CD4⁺ T cell","PD1 cell surface activation marker expression","4","Functionally normal","","0","NA","CRISPR-Based Genome Editing","Base editing","38093011"
"NM_001002295.2(GATA3):c.259C>T (p.Pro87Ser)","chr10","8058322","C/T","GATA3","-0.031","dataset0637","Missense","Neutral to the PD1 cell surface activation marker expression in CD4⁺ T cell","PD1 cell surface activation marker expression","4","Functionally normal","","","NA","CRISPR-Based Genome Editing","Base editing","38093011"
"NM_001002295.2(GATA3):c.260C>T (p.Pro87Leu)","chr10","8058323","C/T","GATA3","-0.031","dataset0637","Missense","Neutral to the PD1 cell surface activation marker expression in CD4⁺ T cell","PD1 cell surface activation marker expression","4","Functionally normal","","1.85922e-06","NA","CRISPR-Based Genome Editing","Base editing","38093011"
"NM_001002295.2(GATA3):c.261G>A (p.Pro87=)","chr10","8058324","G/A","GATA3","0.201","dataset0637","Synonymous","Neutral to the PD1 cell surface activation marker expression in CD4⁺ T cell","PD1 cell surface activation marker expression","3","Functionally normal","","4.33858e-06","NA","CRISPR-Based Genome Editing","Base editing","38093011"
"NM_001002295.2(GATA3):c.262C>T (p.Pro88Ser)","chr10","8058325","C/T","GATA3","-0.031","dataset0637","Missense","Neutral to the PD1 cell surface activation marker expression in CD4⁺ T cell","PD1 cell surface activation marker expression","4","Functionally normal","","","NA","CRISPR-Based Genome Editing","Base editing","38093011"
"NM_001002295.2(GATA3):c.263C>T (p.Pro88Leu)","chr10","8058326","C/T","GATA3","-0.031","dataset0637","Missense","Neutral to the PD1 cell surface activation marker expression in CD4⁺ T cell","PD1 cell surface activation marker expression","4","Functionally normal","","","NA","CRISPR-Based Genome Editing","Base editing","38093011"
"NM_001002295.2(GATA3):c.264T>C (p.Pro88=)","chr10","8058327","T/C","GATA3","0.016","dataset0637","Synonymous","Neutral to the PD1 cell surface activation marker expression in CD4⁺ T cell","PD1 cell surface activation marker expression","4","Functionally normal","","1.7974e-05","NA","CRISPR-Based Genome Editing","Base editing","38093011"
"NM_001002295.2(GATA3):c.265C>T (p.Leu89=)","chr10","8058328","C/T","GATA3","-0.031","dataset0637","Synonymous","Neutral to the PD1 cell surface activation marker expression in CD4⁺ T cell","PD1 cell surface activation marker expression","4","Functionally normal","","","NA","CRISPR-Based Genome Editing","Base editing","38093011"
"NM_001002295.2(GATA3):c.266T>C (p.Leu89Pro)","chr10","8058329","T/C","GATA3","0.016","dataset0637","Missense","Neutral to the PD1 cell surface activation marker expression in CD4⁺ T cell","PD1 cell surface activation marker expression","4","Functionally normal","","","NA","CRISPR-Based Genome Editing","Base editing","38093011"
"NM_001002295.2(GATA3):c.267G>A (p.Leu89=)","chr10","8058330","G/A","GATA3","-0.201","dataset0637","Synonymous","Neutral to the PD1 cell surface activation marker expression in CD4⁺ T cell","PD1 cell surface activation marker expression","4","Functionally normal","","6.19791e-07","NA","CRISPR-Based Genome Editing","Base editing","38093011"
"NM_001002295.2(GATA3):c.268C>T (p.Leu90Phe)","chr10","8058331","C/T","GATA3","-0.286","dataset0637","Missense","The diminished PD1 cell surface activation marker expression in CD4⁺ T cell","PD1 cell surface activation marker expression","4","Loss-of-function","","6.19752e-07","NA","CRISPR-Based Genome Editing","Base editing","38093011"
"NM_001002295.2(GATA3):c.270T>C (p.Leu90=)","chr10","8058333","T/C","GATA3","-0.054","dataset0637","Synonymous","Neutral to the PD1 cell surface activation marker expression in CD4⁺ T cell","PD1 cell surface activation marker expression","4","Functionally normal","","","NA","CRISPR-Based Genome Editing","Base editing","38093011"
"NM_001002295.2(GATA3):c.271C>T (p.His91Tyr)","chr10","8058334","C/T","GATA3","0.082","dataset0637","Missense","Neutral to the PD1 cell surface activation marker expression in CD4⁺ T cell","PD1 cell surface activation marker expression","4","Functionally normal","","","NA","CRISPR-Based Genome Editing","Base editing","38093011"
"NM_001002295.2(GATA3):c.272A>G (p.His91Arg)","chr10","8058335","A/G","GATA3","0.005","dataset0637","Missense","Neutral to the PD1 cell surface activation marker expression in CD4⁺ T cell","PD1 cell surface activation marker expression","4","Functionally normal","","","NA","CRISPR-Based Genome Editing","Base editing","38093011"
"NM_001002295.2(GATA3):c.273T>C (p.His91=)","chr10","8058336","T/C","GATA3","-0.04","dataset0637","Synonymous","Neutral to the PD1 cell surface activation marker expression in CD4⁺ T cell","PD1 cell surface activation marker expression","4","Functionally normal","","","NA","CRISPR-Based Genome Editing","Base editing","38093011"
"NM_001002295.2(GATA3):c.274G>A (p.Gly92Arg)","chr10","8058337","G/A","GATA3","-0.231","dataset0637","Missense","The diminished PD1 cell surface activation marker expression in CD4⁺ T cell","PD1 cell surface activation marker expression","4","Loss-of-function","","1.85954e-06","NA","CRISPR-Based Genome Editing","Base editing","38093011"
"NM_001002295.2(GATA3):c.275G>A (p.Gly92Glu)","chr10","8058338","G/A","GATA3","-0.231","dataset0637","Missense","The diminished PD1 cell surface activation marker expression in CD4⁺ T cell","PD1 cell surface activation marker expression","4","Loss-of-function","","","NA","CRISPR-Based Genome Editing","Base editing","38093011"
"NM_001002295.2(GATA3):c.276A>G (p.Gly92=)","chr10","8058339","A/G","GATA3","0.083","dataset0637","Synonymous","Neutral to the PD1 cell surface activation marker expression in CD4⁺ T cell","PD1 cell surface activation marker expression","4","Functionally normal","","","NA","CRISPR-Based Genome Editing","Base editing","38093011"
"NM_001002295.2(GATA3):c.277T>C (p.Ser93Pro)","chr10","8058340","T/C","GATA3","0.012","dataset0637","Missense","Neutral to the PD1 cell surface activation marker expression in CD4⁺ T cell","PD1 cell surface activation marker expression","4","Functionally normal","","","NA","CRISPR-Based Genome Editing","Base editing","38093011"
"NM_001002295.2(GATA3):c.278C>T (p.Ser93Phe)","chr10","8058341","C/T","GATA3","-0.033","dataset0637","Missense","Neutral to the PD1 cell surface activation marker expression in CD4⁺ T cell","PD1 cell surface activation marker expression","4","Functionally normal","","","NA","CRISPR-Based Genome Editing","Base editing","38093011"
"NM_001002295.2(GATA3):c.281T>C (p.Leu94Pro)","chr10","8058344","T/C","GATA3","0.023","dataset0637","Missense","Neutral to the PD1 cell surface activation marker expression in CD4⁺ T cell","PD1 cell surface activation marker expression","4","Functionally normal","","","NA","CRISPR-Based Genome Editing","Base editing","38093011"
"NM_001002295.2(GATA3):c.282A>G (p.Leu94=)","chr10","8058345","A/G","GATA3","0.04","dataset0637","Synonymous","Neutral to the PD1 cell surface activation marker expression in CD4⁺ T cell","PD1 cell surface activation marker expression","4","Functionally normal","","","NA","CRISPR-Based Genome Editing","Base editing","38093011"
"NM_001002295.2(GATA3):c.288G>A (p.Trp96Ter)","chr10","8058351","G/A","GATA3","-0.253","dataset0637","Nonsense","The diminished PD1 cell surface activation marker expression in CD4⁺ T cell","PD1 cell surface activation marker expression","4","Loss-of-function","","","NA","CRISPR-Based Genome Editing","Base editing","38093011"
"NM_001002295.2(GATA3):c.289C>T (p.Leu97=)","chr10","8058352","C/T","GATA3","-0.294","dataset0637","Synonymous","The diminished PD1 cell surface activation marker expression in CD4⁺ T cell","PD1 cell surface activation marker expression","4","Loss-of-function","","","NA","CRISPR-Based Genome Editing","Base editing","38093011"
"NM_001002295.2(GATA3):c.291G>A (p.Leu97=)","chr10","8058354","G/A","GATA3","-0.043","dataset0637","Synonymous","Neutral to the PD1 cell surface activation marker expression in CD4⁺ T cell","PD1 cell surface activation marker expression","4","Functionally normal","","","NA","CRISPR-Based Genome Editing","Base editing","38093011"
"NM_001002295.2(GATA3):c.292G>A (p.Asp98Asn)","chr10","8058355","G/A","GATA3","-0.043","dataset0637","Missense","Neutral to the PD1 cell surface activation marker expression in CD4⁺ T cell","PD1 cell surface activation marker expression","4","Functionally normal","","","NA","CRISPR-Based Genome Editing","Base editing","38093011"
"NM_001002295.2(GATA3):c.293A>G (p.Asp98Gly)","chr10","8058356","A/G","GATA3","0.101","dataset0637","Missense","Neutral to the PD1 cell surface activation marker expression in CD4⁺ T cell","PD1 cell surface activation marker expression","4","Functionally normal","","1.23984e-06","NA","CRISPR-Based Genome Editing","Base editing","38093011"
"NM_001002295.2(GATA3):c.294C>T (p.Asp98=)","chr10","8058357","C/T","GATA3","0.113","dataset0637","Synonymous","Neutral to the PD1 cell surface activation marker expression in CD4⁺ T cell","PD1 cell surface activation marker expression","4","Functionally normal","Likely benign","7.43891e-05","NA","CRISPR-Based Genome Editing","Base editing","38093011"
"NM_001002295.2(GATA3):c.295G>A (p.Gly99Ser)","chr10","8058358","G/A","GATA3","-0.052","dataset0637","Missense","Neutral to the PD1 cell surface activation marker expression in CD4⁺ T cell","PD1 cell surface activation marker expression","4","Functionally normal","Uncertain significance","8.67875e-06","NA","CRISPR-Based Genome Editing","Base editing","38093011"
"NM_001002295.2(GATA3):c.296G>A (p.Gly99Asp)","chr10","8058359","G/A","GATA3","-0.052","dataset0637","Missense","Neutral to the PD1 cell surface activation marker expression in CD4⁺ T cell","PD1 cell surface activation marker expression","4","Functionally normal","","","NA","CRISPR-Based Genome Editing","Base editing","38093011"
"NM_001002295.2(GATA3):c.297C>T (p.Gly99=)","chr10","8058360","C/T","GATA3","0.113","dataset0637","Synonymous","Neutral to the PD1 cell surface activation marker expression in CD4⁺ T cell","PD1 cell surface activation marker expression","4","Functionally normal","","1.054e-05","NA","CRISPR-Based Genome Editing","Base editing","38093011"
"NM_001002295.2(GATA3):c.298G>A (p.Gly100Ser)","chr10","8058361","G/A","GATA3","-0.052","dataset0637","Missense","Neutral to the PD1 cell surface activation marker expression in CD4⁺ T cell","PD1 cell surface activation marker expression","4","Functionally normal","","4.96003e-06","NA","CRISPR-Based Genome Editing","Base editing","38093011"
"NM_001002295.2(GATA3):c.299G>A (p.Gly100Asp)","chr10","8058362","G/A","GATA3","-0.052","dataset0637","Missense","Neutral to the PD1 cell surface activation marker expression in CD4⁺ T cell","PD1 cell surface activation marker expression","4","Functionally normal","","","ucec:0.2% (1/529):0.180","CRISPR-Based Genome Editing","Base editing","38093011"
"NM_001002295.2(GATA3):c.300C>T (p.Gly100=)","chr10","8058363","C/T","GATA3","0.113","dataset0637","Synonymous","Neutral to the PD1 cell surface activation marker expression in CD4⁺ T cell","PD1 cell surface activation marker expression","4","Functionally normal","","","NA","CRISPR-Based Genome Editing","Base editing","38093011"
"NM_001002295.2(GATA3):c.315C>T (p.Ser105=)","chr10","8058378","C/T","GATA3","0.124","dataset0637","Synonymous","Neutral to the PD1 cell surface activation marker expression in CD4⁺ T cell","PD1 cell surface activation marker expression","4","Functionally normal","","","NA","CRISPR-Based Genome Editing","Base editing","38093011"
"NM_001002295.2(GATA3):c.316C>T (p.His106Tyr)","chr10","8058379","C/T","GATA3","0.124","dataset0637","Missense","Neutral to the PD1 cell surface activation marker expression in CD4⁺ T cell","PD1 cell surface activation marker expression","4","Functionally normal","","6.20003e-07","NA","CRISPR-Based Genome Editing","Base editing","38093011"
"NM_001002295.2(GATA3):c.317A>G (p.His106Arg)","chr10","8058380","A/G","GATA3","-0.106","dataset0637","Missense","Neutral to the PD1 cell surface activation marker expression in CD4⁺ T cell","PD1 cell surface activation marker expression","4","Functionally normal","","","NA","CRISPR-Based Genome Editing","Base editing","38093011"
"NM_001002295.2(GATA3):c.318C>T (p.His106=)","chr10","8058381","C/T","GATA3","0.124","dataset0637","Synonymous","Neutral to the PD1 cell surface activation marker expression in CD4⁺ T cell","PD1 cell surface activation marker expression","4","Functionally normal","","6.2001e-07","NA","CRISPR-Based Genome Editing","Base editing","38093011"
"NM_001002295.2(GATA3):c.319C>T (p.His107Tyr)","chr10","8058382","C/T","GATA3","0.124","dataset0637","Missense","Neutral to the PD1 cell surface activation marker expression in CD4⁺ T cell","PD1 cell surface activation marker expression","4","Functionally normal","","","NA","CRISPR-Based Genome Editing","Base editing","38093011"
"NM_001002295.2(GATA3):c.320A>G (p.His107Arg)","chr10","8058383","A/G","GATA3","-0.106","dataset0637","Missense","Neutral to the PD1 cell surface activation marker expression in CD4⁺ T cell","PD1 cell surface activation marker expression","4","Functionally normal","","6.20144e-07","NA","CRISPR-Based Genome Editing","Base editing","38093011"
"NM_001002295.2(GATA3):c.321C>T (p.His107=)","chr10","8058384","C/T","GATA3","0.124","dataset0637","Synonymous","Neutral to the PD1 cell surface activation marker expression in CD4⁺ T cell","PD1 cell surface activation marker expression","4","Functionally normal","","5.58014e-06","NA","CRISPR-Based Genome Editing","Base editing","38093011"
"NM_001002295.2(GATA3):c.323C>T (p.Thr108Ile)","chr10","8058386","C/T","GATA3","0.124","dataset0637","Missense","Neutral to the PD1 cell surface activation marker expression in CD4⁺ T cell","PD1 cell surface activation marker expression","4","Functionally normal","","","NA","CRISPR-Based Genome Editing","Base editing","38093011"
"NM_001002295.2(GATA3):c.324C>T (p.Thr108=)","chr10","8058387","C/T","GATA3","0.124","dataset0637","Synonymous","Neutral to the PD1 cell surface activation marker expression in CD4⁺ T cell","PD1 cell surface activation marker expression","4","Functionally normal","Likely benign","3.16216e-05","NA","CRISPR-Based Genome Editing","Base editing","38093011"
"NM_001002295.2(GATA3):c.325G>A (p.Ala109Thr)","chr10","8058388","G/A","GATA3","-0.23","dataset0637","Missense","The diminished PD1 cell surface activation marker expression in CD4⁺ T cell","PD1 cell surface activation marker expression","4","Loss-of-function","","2.48042e-06","stad:0.2% (1/440):0.180","CRISPR-Based Genome Editing","Base editing","38093011"
"NM_001002295.2(GATA3):c.326C>T (p.Ala109Val)","chr10","8058389","C/T","GATA3","0.124","dataset0637","Missense","Neutral to the PD1 cell surface activation marker expression in CD4⁺ T cell","PD1 cell surface activation marker expression","4","Functionally normal","","6.20058e-07","NA","CRISPR-Based Genome Editing","Base editing","38093011"
"NM_001002295.2(GATA3):c.334T>C (p.Trp112Arg)","chr10","8058397","T/C","GATA3","-0.179","dataset0637","Missense","Neutral to the PD1 cell surface activation marker expression in CD4⁺ T cell","PD1 cell surface activation marker expression","4","Functionally normal","","","NA","CRISPR-Based Genome Editing","Base editing","38093011"
"NM_001002295.2(GATA3):c.335G>A (p.Trp112Ter)","chr10","8058398","G/A","GATA3","-0.121","dataset0637","Nonsense","Neutral to the PD1 cell surface activation marker expression in CD4⁺ T cell","PD1 cell surface activation marker expression","4","Functionally normal","","","skcm:0.2% (1/448):0.360","CRISPR-Based Genome Editing","Base editing","38093011"
"NM_001002295.2(GATA3):c.336G>A (p.Trp112Ter)","chr10","8058399","G/A","GATA3","0.022","dataset0637","Nonsense","Neutral to the PD1 cell surface activation marker expression in CD4⁺ T cell","PD1 cell surface activation marker expression","4","Functionally normal","","","NA","CRISPR-Based Genome Editing","Base editing","38093011"
"NM_001002295.2(GATA3):c.339T>C (p.Asn113=)","chr10","8058402","T/C","GATA3","0.055","dataset0637","Synonymous","Neutral to the PD1 cell surface activation marker expression in CD4⁺ T cell","PD1 cell surface activation marker expression","4","Functionally normal","Likely benign","1.24004e-06","NA","CRISPR-Based Genome Editing","Base editing","38093011"
"NM_001002295.2(GATA3):c.341T>C (p.Leu114Pro)","chr10","8058404","T/C","GATA3","-0.096","dataset0637","Missense","Neutral to the PD1 cell surface activation marker expression in CD4⁺ T cell","PD1 cell surface activation marker expression","4","Functionally normal","","","NA","CRISPR-Based Genome Editing","Base editing","38093011"
"NM_001002295.2(GATA3):c.344G>A (p.Ser115Asn)","chr10","8058407","G/A","GATA3","-0.186","dataset0637","Missense","Neutral to the PD1 cell surface activation marker expression in CD4⁺ T cell","PD1 cell surface activation marker expression","4","Functionally normal","","6.20037e-07","NA","CRISPR-Based Genome Editing","Base editing","38093011"
"NM_001002295.2(GATA3):c.349T>C (p.Phe117Leu)","chr10","8058412","T/C","GATA3","-0.113","dataset0637","Missense","Neutral to the PD1 cell surface activation marker expression in CD4⁺ T cell","PD1 cell surface activation marker expression","4","Functionally normal","","","NA","CRISPR-Based Genome Editing","Base editing","38093011"
"NM_001002295.2(GATA3):c.350T>C (p.Phe117Ser)","chr10","8058413","T/C","GATA3","0.04","dataset0637","Missense","Neutral to the PD1 cell surface activation marker expression in CD4⁺ T cell","PD1 cell surface activation marker expression","4","Functionally normal","","","NA","CRISPR-Based Genome Editing","Base editing","38093011"
"NM_001002295.2(GATA3):c.352T>C (p.Ser118Pro)","chr10","8058415","T/C","GATA3","0.037","dataset0637","Missense","Neutral to the PD1 cell surface activation marker expression in CD4⁺ T cell","PD1 cell surface activation marker expression","4","Functionally normal","","","NA","CRISPR-Based Genome Editing","Base editing","38093011"
"NM_001002295.2(GATA3):c.353C>T (p.Ser118Phe)","chr10","8058416","C/T","GATA3","-0.212","dataset0637","Missense","The diminished PD1 cell surface activation marker expression in CD4⁺ T cell","PD1 cell surface activation marker expression","4","Loss-of-function","","","lusc:0.2% (1/487):0.170","CRISPR-Based Genome Editing","Base editing","38093011"
"NM_001002295.2(GATA3):c.354C>T (p.Ser118=)","chr10","8058417","C/T","GATA3","-0.212","dataset0637","Synonymous","The diminished PD1 cell surface activation marker expression in CD4⁺ T cell","PD1 cell surface activation marker expression","4","Loss-of-function","","","NA","CRISPR-Based Genome Editing","Base editing","38093011"
"NM_001002295.2(GATA3):c.355A>G (p.Lys119Glu)","chr10","8058418","A/G","GATA3","0.142","dataset0637","Missense","Neutral to the PD1 cell surface activation marker expression in CD4⁺ T cell","PD1 cell surface activation marker expression","4","Functionally normal","","","NA","CRISPR-Based Genome Editing","Base editing","38093011"
"NM_001002295.2(GATA3):c.356A>G (p.Lys119Arg)","chr10","8058419","A/G","GATA3","0.142","dataset0637","Missense","Neutral to the PD1 cell surface activation marker expression in CD4⁺ T cell","PD1 cell surface activation marker expression","4","Functionally normal","","","NA","CRISPR-Based Genome Editing","Base editing","38093011"
"NM_001002295.2(GATA3):c.357G>A (p.Lys119=)","chr10","8058420","G/A","GATA3","-0.008","dataset0637","Synonymous","Neutral to the PD1 cell surface activation marker expression in CD4⁺ T cell","PD1 cell surface activation marker expression","4","Functionally normal","","","NA","CRISPR-Based Genome Editing","Base editing","38093011"
"NM_001002295.2(GATA3):c.358A>G (p.Thr120Ala)","chr10","8058421","A/G","GATA3","0.142","dataset0637","Missense","Neutral to the PD1 cell surface activation marker expression in CD4⁺ T cell","PD1 cell surface activation marker expression","4","Functionally normal","","","NA","CRISPR-Based Genome Editing","Base editing","38093011"
"NM_001002295.2(GATA3):c.359C>T (p.Thr120Met)","chr10","8058422","C/T","GATA3","-0.212","dataset0637","Missense","The diminished PD1 cell surface activation marker expression in CD4⁺ T cell","PD1 cell surface activation marker expression","4","Loss-of-function","Conflicting classifications of pathogenicity","4.15369e-05","NA","CRISPR-Based Genome Editing","Base editing","38093011"
"NM_001002295.2(GATA3):c.360G>A (p.Thr120=)","chr10","8058423","G/A","GATA3","-0.008","dataset0637","Synonymous","Neutral to the PD1 cell surface activation marker expression in CD4⁺ T cell","PD1 cell surface activation marker expression","4","Functionally normal","","6.20022e-07","NA","CRISPR-Based Genome Editing","Base editing","38093011"
"NM_001002295.2(GATA3):c.361T>C (p.Ser121Pro)","chr10","8058424","T/C","GATA3","0.056","dataset0637","Missense","Neutral to the PD1 cell surface activation marker expression in CD4⁺ T cell","PD1 cell surface activation marker expression","4","Functionally normal","","","NA","CRISPR-Based Genome Editing","Base editing","38093011"
"NM_001002295.2(GATA3):c.362C>T (p.Ser121Phe)","chr10","8058425","C/T","GATA3","-0.135","dataset0637","Missense","Neutral to the PD1 cell surface activation marker expression in CD4⁺ T cell","PD1 cell surface activation marker expression","4","Functionally normal","","","NA","CRISPR-Based Genome Editing","Base editing","38093011"
"NM_001002295.2(GATA3):c.363C>T (p.Ser121=)","chr10","8058426","C/T","GATA3","-0.135","dataset0637","Synonymous","Neutral to the PD1 cell surface activation marker expression in CD4⁺ T cell","PD1 cell surface activation marker expression","4","Functionally normal","","","NA","CRISPR-Based Genome Editing","Base editing","38093011"
"NM_001002295.2(GATA3):c.364A>G (p.Ile122Val)","chr10","8058427","A/G","GATA3","0.0","dataset0637","Missense","Neutral to the PD1 cell surface activation marker expression in CD4⁺ T cell","PD1 cell surface activation marker expression","4","Functionally normal","","","NA","CRISPR-Based Genome Editing","Base editing","38093011"
"NM_001002295.2(GATA3):c.365T>C (p.Ile122Thr)","chr10","8058428","T/C","GATA3","0.084","dataset0637","Missense","Neutral to the PD1 cell surface activation marker expression in CD4⁺ T cell","PD1 cell surface activation marker expression","4","Functionally normal","Uncertain significance","6.82077e-06","NA","CRISPR-Based Genome Editing","Base editing","38093011"
"NM_001002295.2(GATA3):c.368A>G (p.His123Arg)","chr10","8058431","A/G","GATA3","0.005","dataset0637","Missense","Neutral to the PD1 cell surface activation marker expression in CD4⁺ T cell","PD1 cell surface activation marker expression","4","Functionally normal","","","ucec:0.2% (1/529):0.310","CRISPR-Based Genome Editing","Base editing","38093011"
"NM_001002295.2(GATA3):c.373G>A (p.Gly125Ser)","chr10","8058436","G/A","GATA3","-0.114","dataset0637","Missense","Neutral to the PD1 cell surface activation marker expression in CD4⁺ T cell","PD1 cell surface activation marker expression","4","Functionally normal","Uncertain significance","1.55008e-05","NA","CRISPR-Based Genome Editing","Base editing","38093011"
"NM_001002295.2(GATA3):c.374G>A (p.Gly125Asp)","chr10","8058437","G/A","GATA3","-0.114","dataset0637","Missense","Neutral to the PD1 cell surface activation marker expression in CD4⁺ T cell","PD1 cell surface activation marker expression","4","Functionally normal","","","NA","CRISPR-Based Genome Editing","Base editing","38093011"
"NM_001002295.2(GATA3):c.381G>A (p.Pro127=)","chr10","8058444","G/A","GATA3","-0.199","dataset0637","Synonymous","Neutral to the PD1 cell surface activation marker expression in CD4⁺ T cell","PD1 cell surface activation marker expression","4","Functionally normal","","6.20102e-07","NA","CRISPR-Based Genome Editing","Base editing","38093011"
"NM_001002295.2(GATA3):c.382G>A (p.Gly128Arg)","chr10","8058445","G/A","GATA3","-0.199","dataset0637","Missense","Neutral to the PD1 cell surface activation marker expression in CD4⁺ T cell","PD1 cell surface activation marker expression","4","Functionally normal","","6.20043e-07","stad:0.2% (1/440):0.130","CRISPR-Based Genome Editing","Base editing","38093011"
"NM_001002295.2(GATA3):c.383G>A (p.Gly128Glu)","chr10","8058446","G/A","GATA3","-0.199","dataset0637","Missense","Neutral to the PD1 cell surface activation marker expression in CD4⁺ T cell","PD1 cell surface activation marker expression","4","Functionally normal","Uncertain significance","6.20024e-07","skcm:0.2% (1/448):0.140","CRISPR-Based Genome Editing","Base editing","38093011"
"NM_001002295.2(GATA3):c.384G>A (p.Gly128=)","chr10","8058447","G/A","GATA3","-0.199","dataset0637","Synonymous","Neutral to the PD1 cell surface activation marker expression in CD4⁺ T cell","PD1 cell surface activation marker expression","4","Functionally normal","","6.20054e-07","NA","CRISPR-Based Genome Editing","Base editing","38093011"
"NM_001002295.2(GATA3):c.385C>T (p.Pro129Ser)","chr10","8058448","C/T","GATA3","-0.093","dataset0637","Missense","Neutral to the PD1 cell surface activation marker expression in CD4⁺ T cell","PD1 cell surface activation marker expression","4","Functionally normal","","1.86005e-06","NA","CRISPR-Based Genome Editing","Base editing","38093011"
"NM_001002295.2(GATA3):c.386C>T (p.Pro129Leu)","chr10","8058449","C/T","GATA3","-0.093","dataset0637","Missense","Neutral to the PD1 cell surface activation marker expression in CD4⁺ T cell","PD1 cell surface activation marker expression","4","Functionally normal","","3.09994e-06","NA","CRISPR-Based Genome Editing","Base editing","38093011"
"NM_001002295.2(GATA3):c.387C>T (p.Pro129=)","chr10","8058450","C/T","GATA3","-0.093","dataset0637","Synonymous","Neutral to the PD1 cell surface activation marker expression in CD4⁺ T cell","PD1 cell surface activation marker expression","4","Functionally normal","","","NA","CRISPR-Based Genome Editing","Base editing","38093011"
"NM_001002295.2(GATA3):c.388C>T (p.Leu130Phe)","chr10","8058451","C/T","GATA3","-0.093","dataset0637","Missense","Neutral to the PD1 cell surface activation marker expression in CD4⁺ T cell","PD1 cell surface activation marker expression","4","Functionally normal","","1.23998e-06","NA","CRISPR-Based Genome Editing","Base editing","38093011"
"NM_001002295.2(GATA3):c.389T>C (p.Leu130Pro)","chr10","8058452","T/C","GATA3","-0.054","dataset0637","Missense","Neutral to the PD1 cell surface activation marker expression in CD4⁺ T cell","PD1 cell surface activation marker expression","4","Functionally normal","","","NA","CRISPR-Based Genome Editing","Base editing","38093011"
"NM_001002295.2(GATA3):c.390C>T (p.Leu130=)","chr10","8058453","C/T","GATA3","-0.093","dataset0637","Synonymous","Neutral to the PD1 cell surface activation marker expression in CD4⁺ T cell","PD1 cell surface activation marker expression","4","Functionally normal","","6.19988e-07","NA","CRISPR-Based Genome Editing","Base editing","38093011"
"NM_001002295.2(GATA3):c.392C>T (p.Ser131Phe)","chr10","8058455","C/T","GATA3","-0.093","dataset0637","Missense","Neutral to the PD1 cell surface activation marker expression in CD4⁺ T cell","PD1 cell surface activation marker expression","4","Functionally normal","","","NA","CRISPR-Based Genome Editing","Base editing","38093011"
"NM_001002295.2(GATA3):c.393C>T (p.Ser131=)","chr10","8058456","C/T","GATA3","-0.093","dataset0637","Synonymous","Neutral to the PD1 cell surface activation marker expression in CD4⁺ T cell","PD1 cell surface activation marker expression","4","Functionally normal","","1.24002e-06","NA","CRISPR-Based Genome Editing","Base editing","38093011"
"NM_001002295.2(GATA3):c.394G>A (p.Val132Ile)","chr10","8058457","G/A","GATA3","-0.022","dataset0637","Missense","Neutral to the PD1 cell surface activation marker expression in CD4⁺ T cell","PD1 cell surface activation marker expression","4","Functionally normal","","1.86028e-06","NA","CRISPR-Based Genome Editing","Base editing","38093011"
"NM_001002295.2(GATA3):c.395T>C (p.Val132Ala)","chr10","8058458","T/C","GATA3","-0.041","dataset0637","Missense","Neutral to the PD1 cell surface activation marker expression in CD4⁺ T cell","PD1 cell surface activation marker expression","4","Functionally normal","","","NA","CRISPR-Based Genome Editing","Base editing","38093011"
"NM_001002295.2(GATA3):c.396C>T (p.Val132=)","chr10","8058459","C/T","GATA3","-0.093","dataset0637","Synonymous","Neutral to the PD1 cell surface activation marker expression in CD4⁺ T cell","PD1 cell surface activation marker expression","4","Functionally normal","","","NA","CRISPR-Based Genome Editing","Base editing","38093011"
"NM_001002295.2(GATA3):c.397T>C (p.Tyr133His)","chr10","8058460","T/C","GATA3","-0.041","dataset0637","Missense","Neutral to the PD1 cell surface activation marker expression in CD4⁺ T cell","PD1 cell surface activation marker expression","4","Functionally normal","","0","NA","CRISPR-Based Genome Editing","Base editing","38093011"
"NM_001002295.2(GATA3):c.405G>A (p.Pro135=)","chr10","8058468","G/A","GATA3","-0.176","dataset0637","Synonymous","Neutral to the PD1 cell surface activation marker expression in CD4⁺ T cell","PD1 cell surface activation marker expression","4","Functionally normal","","3.10071e-06","NA","CRISPR-Based Genome Editing","Base editing","38093011"
"NM_001002295.2(GATA3):c.406G>A (p.Ala136Thr)","chr10","8058469","G/A","GATA3","-0.176","dataset0637","Missense","Neutral to the PD1 cell surface activation marker expression in CD4⁺ T cell","PD1 cell surface activation marker expression","4","Functionally normal","","","NA","CRISPR-Based Genome Editing","Base editing","38093011"
"NM_001002295.2(GATA3):c.407C>T (p.Ala136Val)","chr10","8058470","C/T","GATA3","0.101","dataset0637","Missense","Neutral to the PD1 cell surface activation marker expression in CD4⁺ T cell","PD1 cell surface activation marker expression","4","Functionally normal","","","NA","CRISPR-Based Genome Editing","Base editing","38093011"
"NM_001002295.2(GATA3):c.408C>T (p.Ala136=)","chr10","8058471","C/T","GATA3","-0.124","dataset0637","Synonymous","Neutral to the PD1 cell surface activation marker expression in CD4⁺ T cell","PD1 cell surface activation marker expression","4","Functionally normal","","1.9842e-05","NA","CRISPR-Based Genome Editing","Base editing","38093011"
"NM_001002295.2(GATA3):c.409T>C (p.Ser137Pro)","chr10","8058472","T/C","GATA3","0.025","dataset0637","Missense","Neutral to the PD1 cell surface activation marker expression in CD4⁺ T cell","PD1 cell surface activation marker expression","4","Functionally normal","","","NA","CRISPR-Based Genome Editing","Base editing","38093011"
"NM_001002295.2(GATA3):c.410C>T (p.Ser137Leu)","chr10","8058473","C/T","GATA3","-0.104","dataset0637","Missense","Neutral to the PD1 cell surface activation marker expression in CD4⁺ T cell","PD1 cell surface activation marker expression","4","Functionally normal","","6.201e-07","NA","CRISPR-Based Genome Editing","Base editing","38093011"
"NM_001002295.2(GATA3):c.411G>A (p.Ser137=)","chr10","8058474","G/A","GATA3","-0.041","dataset0637","Synonymous","Neutral to the PD1 cell surface activation marker expression in CD4⁺ T cell","PD1 cell surface activation marker expression","4","Functionally normal","Likely benign","1.17832e-05","NA","CRISPR-Based Genome Editing","Base editing","38093011"
"NM_001002295.2(GATA3):c.412T>C (p.Ser138Pro)","chr10","8058475","T/C","GATA3","0.025","dataset0637","Missense","Neutral to the PD1 cell surface activation marker expression in CD4⁺ T cell","PD1 cell surface activation marker expression","4","Functionally normal","","","NA","CRISPR-Based Genome Editing","Base editing","38093011"
"NM_001002295.2(GATA3):c.413C>T (p.Ser138Phe)","chr10","8058476","C/T","GATA3","-0.104","dataset0637","Missense","Neutral to the PD1 cell surface activation marker expression in CD4⁺ T cell","PD1 cell surface activation marker expression","4","Functionally normal","","","blca:0.2% (1/411):0.230","CRISPR-Based Genome Editing","Base editing","38093011"
"NM_001002295.2(GATA3):c.414C>T (p.Ser138=)","chr10","8058477","C/T","GATA3","-0.104","dataset0637","Synonymous","Neutral to the PD1 cell surface activation marker expression in CD4⁺ T cell","PD1 cell surface activation marker expression","4","Functionally normal","","1.24014e-06","NA","CRISPR-Based Genome Editing","Base editing","38093011"
"NM_001002295.2(GATA3):c.415T>C (p.Ser139Pro)","chr10","8058478","T/C","GATA3","0.172","dataset0637","Missense","Neutral to the PD1 cell surface activation marker expression in CD4⁺ T cell","PD1 cell surface activation marker expression","4","Functionally normal","","","NA","CRISPR-Based Genome Editing","Base editing","38093011"
"NM_001002295.2(GATA3):c.416C>T (p.Ser139Phe)","chr10","8058479","C/T","GATA3","-0.104","dataset0637","Missense","Neutral to the PD1 cell surface activation marker expression in CD4⁺ T cell","PD1 cell surface activation marker expression","4","Functionally normal","","","NA","CRISPR-Based Genome Editing","Base editing","38093011"
"NM_001002295.2(GATA3):c.417C>T (p.Ser139=)","chr10","8058480","C/T","GATA3","-0.104","dataset0637","Synonymous","Neutral to the PD1 cell surface activation marker expression in CD4⁺ T cell","PD1 cell surface activation marker expression","4","Functionally normal","","","NA","CRISPR-Based Genome Editing","Base editing","38093011"
"NM_001002295.2(GATA3):c.418T>C (p.Ser140Pro)","chr10","8058481","T/C","GATA3","-0.05","dataset0637","Missense","Neutral to the PD1 cell surface activation marker expression in CD4⁺ T cell","PD1 cell surface activation marker expression","4","Functionally normal","","","NA","CRISPR-Based Genome Editing","Base editing","38093011"
"NM_001002295.2(GATA3):c.419C>T (p.Ser140Phe)","chr10","8058482","C/T","GATA3","0.025","dataset0637","Missense","Neutral to the PD1 cell surface activation marker expression in CD4⁺ T cell","PD1 cell surface activation marker expression","3","Functionally normal","","1.24021e-06","skcm:0.2% (1/448):0.250","CRISPR-Based Genome Editing","Base editing","38093011"
"NM_001002295.2(GATA3):c.422T>C (p.Leu141Ser)","chr10","8058485","T/C","GATA3","0.014","dataset0637","Missense","Neutral to the PD1 cell surface activation marker expression in CD4⁺ T cell","PD1 cell surface activation marker expression","4","Functionally normal","","","NA","CRISPR-Based Genome Editing","Base editing","38093011"
"NM_001002295.2(GATA3):c.423G>A (p.Leu141=)","chr10","8058486","G/A","GATA3","-0.063","dataset0637","Synonymous","Neutral to the PD1 cell surface activation marker expression in CD4⁺ T cell","PD1 cell surface activation marker expression","4","Functionally normal","","","NA","CRISPR-Based Genome Editing","Base editing","38093011"
"NM_001002295.2(GATA3):c.424T>C (p.Ser142Pro)","chr10","8058487","T/C","GATA3","-0.11","dataset0637","Missense","Neutral to the PD1 cell surface activation marker expression in CD4⁺ T cell","PD1 cell surface activation marker expression","4","Functionally normal","","","NA","CRISPR-Based Genome Editing","Base editing","38093011"
"NM_001002295.2(GATA3):c.426G>A (p.Ser142=)","chr10","8058489","G/A","GATA3","-0.282","dataset0637","Synonymous","The diminished PD1 cell surface activation marker expression in CD4⁺ T cell","PD1 cell surface activation marker expression","4","Loss-of-function","","4.03244e-05","NA","CRISPR-Based Genome Editing","Base editing","38093011"
"NM_001002295.2(GATA3):c.427G>A (p.Gly143Arg)","chr10","8058490","G/A","GATA3","-0.282","dataset0637","Missense","The diminished PD1 cell surface activation marker expression in CD4⁺ T cell","PD1 cell surface activation marker expression","4","Loss-of-function","","6.2022e-07","NA","CRISPR-Based Genome Editing","Base editing","38093011"
"NM_001002295.2(GATA3):c.428G>A (p.Gly143Glu)","chr10","8058491","G/A","GATA3","-0.282","dataset0637","Missense","The diminished PD1 cell surface activation marker expression in CD4⁺ T cell","PD1 cell surface activation marker expression","4","Loss-of-function","","1.24045e-06","NA","CRISPR-Based Genome Editing","Base editing","38093011"
"NM_001002295.2(GATA3):c.429G>A (p.Gly143=)","chr10","8058492","G/A","GATA3","0.402","dataset0637","Synonymous","The enhanced PD1 cell surface activation marker expression in CD4⁺ T cell","PD1 cell surface activation marker expression","4","Gain-of-function","","","NA","CRISPR-Based Genome Editing","Base editing","38093011"
"NM_001002295.2(GATA3):c.430G>A (p.Gly144Ser)","chr10","8058493","G/A","GATA3","-0.349","dataset0637","Missense","The diminished PD1 cell surface activation marker expression in CD4⁺ T cell","PD1 cell surface activation marker expression","4","Loss-of-function","","","NA","CRISPR-Based Genome Editing","Base editing","38093011"
"NM_001002295.2(GATA3):c.431G>A (p.Gly144Asp)","chr10","8058494","G/A","GATA3","-0.349","dataset0637","Missense","The diminished PD1 cell surface activation marker expression in CD4⁺ T cell","PD1 cell surface activation marker expression","4","Loss-of-function","Uncertain significance","8.06387e-06","NA","CRISPR-Based Genome Editing","Base editing","38093011"
"NM_001002295.2(GATA3):c.436G>A (p.Ala146Thr)","chr10","8058499","G/A","GATA3","-0.176","dataset0637","Missense","Neutral to the PD1 cell surface activation marker expression in CD4⁺ T cell","PD1 cell surface activation marker expression","4","Functionally normal","Uncertain significance","9.30575e-06","read:0.6% (1/155):0.460","CRISPR-Based Genome Editing","Base editing","38093011"
"NM_001002295.2(GATA3):c.444G>A (p.Pro148=)","chr10","8058507","G/A","GATA3","-0.008","dataset0637","Synonymous","Neutral to the PD1 cell surface activation marker expression in CD4⁺ T cell","PD1 cell surface activation marker expression","4","Functionally normal","","2.60576e-05","NA","CRISPR-Based Genome Editing","Base editing","38093011"
"NM_001002295.2(GATA3):c.449T>C (p.Leu150Pro)","chr10","8058512","T/C","GATA3","-0.229","dataset0637","Missense","The diminished PD1 cell surface activation marker expression in CD4⁺ T cell","PD1 cell surface activation marker expression","4","Loss-of-function","","","lgg:0.2% (1/514):0.300","CRISPR-Based Genome Editing","Base editing","38093011"
"NM_001002295.2(GATA3):c.451T>C (p.Phe151Leu)","chr10","8058514","T/C","GATA3","-0.229","dataset0637","Missense","The diminished PD1 cell surface activation marker expression in CD4⁺ T cell","PD1 cell surface activation marker expression","4","Loss-of-function","","","NA","CRISPR-Based Genome Editing","Base editing","38093011"
"NM_001002295.2(GATA3):c.452T>C (p.Phe151Ser)","chr10","8058515","T/C","GATA3","0.144","dataset0637","Missense","Neutral to the PD1 cell surface activation marker expression in CD4⁺ T cell","PD1 cell surface activation marker expression","4","Functionally normal","","","NA","CRISPR-Based Genome Editing","Base editing","38093011"
"NM_001002295.2(GATA3):c.456C>T (p.Thr152=)","chr10","8058519","C/T","GATA3","-0.082","dataset0637","Synonymous","Neutral to the PD1 cell surface activation marker expression in CD4⁺ T cell","PD1 cell surface activation marker expression","4","Functionally normal","","6.20272e-07","NA","CRISPR-Based Genome Editing","Base editing","38093011"
"NM_001002295.2(GATA3):c.457T>C (p.Phe153Leu)","chr10","8058520","T/C","GATA3","-0.044","dataset0637","Missense","Neutral to the PD1 cell surface activation marker expression in CD4⁺ T cell","PD1 cell surface activation marker expression","4","Functionally normal","","","NA","CRISPR-Based Genome Editing","Base editing","38093011"
"NM_001002295.2(GATA3):c.459C>T (p.Phe153=)","chr10","8058522","C/T","GATA3","-0.082","dataset0637","Synonymous","Neutral to the PD1 cell surface activation marker expression in CD4⁺ T cell","PD1 cell surface activation marker expression","4","Functionally normal","","6.20434e-07","NA","CRISPR-Based Genome Editing","Base editing","38093011"
"NM_001002295.2(GATA3):c.460C>T (p.Pro154Ser)","chr10","8058523","C/T","GATA3","-0.082","dataset0637","Missense","Neutral to the PD1 cell surface activation marker expression in CD4⁺ T cell","PD1 cell surface activation marker expression","4","Functionally normal","","3.10205e-06","NA","CRISPR-Based Genome Editing","Base editing","38093011"
"NM_001002295.2(GATA3):c.461C>T (p.Pro154Leu)","chr10","8058524","C/T","GATA3","-0.082","dataset0637","Missense","Neutral to the PD1 cell surface activation marker expression in CD4⁺ T cell","PD1 cell surface activation marker expression","4","Functionally normal","","6.20381e-07","NA","CRISPR-Based Genome Editing","Base editing","38093011"
"NM_001002295.2(GATA3):c.462G>A (p.Pro154=)","chr10","8058525","G/A","GATA3","-0.008","dataset0637","Synonymous","Neutral to the PD1 cell surface activation marker expression in CD4⁺ T cell","PD1 cell surface activation marker expression","4","Functionally normal","","5.59607e-06","NA","CRISPR-Based Genome Editing","Base editing","38093011"
"NM_001002295.2(GATA3):c.463C>T (p.Pro155Ser)","chr10","8058526","C/T","GATA3","-0.082","dataset0637","Missense","Neutral to the PD1 cell surface activation marker expression in CD4⁺ T cell","PD1 cell surface activation marker expression","4","Functionally normal","","1.24071e-06","NA","CRISPR-Based Genome Editing","Base editing","38093011"
"NM_001002295.2(GATA3):c.464C>T (p.Pro155Leu)","chr10","8058527","C/T","GATA3","-0.082","dataset0637","Missense","Neutral to the PD1 cell surface activation marker expression in CD4⁺ T cell","PD1 cell surface activation marker expression","4","Functionally normal","Uncertain significance","6.20324e-07","NA","CRISPR-Based Genome Editing","Base editing","38093011"
"NM_001002295.2(GATA3):c.465C>T (p.Pro155=)","chr10","8058528","C/T","GATA3","-0.082","dataset0637","Synonymous","Neutral to the PD1 cell surface activation marker expression in CD4⁺ T cell","PD1 cell surface activation marker expression","4","Functionally normal","","1.24066e-06","NA","CRISPR-Based Genome Editing","Base editing","38093011"
"NM_001002295.2(GATA3):c.467C>T (p.Thr156Ile)","chr10","8058530","C/T","GATA3","-0.082","dataset0637","Missense","Neutral to the PD1 cell surface activation marker expression in CD4⁺ T cell","PD1 cell surface activation marker expression","4","Functionally normal","","","NA","CRISPR-Based Genome Editing","Base editing","38093011"
"NM_001002295.2(GATA3):c.468C>T (p.Thr156=)","chr10","8058531","C/T","GATA3","-0.082","dataset0637","Synonymous","Neutral to the PD1 cell surface activation marker expression in CD4⁺ T cell","PD1 cell surface activation marker expression","4","Functionally normal","","8.06399e-06","NA","CRISPR-Based Genome Editing","Base editing","38093011"
"NM_001002295.2(GATA3):c.471G>A (p.Pro157=)","chr10","8058534","G/A","GATA3","-0.151","dataset0637","Synonymous","Neutral to the PD1 cell surface activation marker expression in CD4⁺ T cell","PD1 cell surface activation marker expression","4","Functionally normal","","7.91826e-06","NA","CRISPR-Based Genome Editing","Base editing","38093011"
"NM_001002295.2(GATA3):c.474G>A (p.Pro158=)","chr10","8058537","G/A","GATA3","-0.151","dataset0637","Synonymous","Neutral to the PD1 cell surface activation marker expression in CD4⁺ T cell","PD1 cell surface activation marker expression","4","Functionally normal","","1.05834e-05","NA","CRISPR-Based Genome Editing","Base editing","38093011"
"NM_001002295.2(GATA3):c.477G>A (p.Lys159=)","chr10","8058540","G/A","GATA3","-0.151","dataset0637","Synonymous","Neutral to the PD1 cell surface activation marker expression in CD4⁺ T cell","PD1 cell surface activation marker expression","4","Functionally normal","","","NA","CRISPR-Based Genome Editing","Base editing","38093011"
"NM_001002295.2(GATA3):c.478G>A (p.Asp160Asn)","chr10","8058541","G/A","GATA3","0.15","dataset0637","Missense","Neutral to the PD1 cell surface activation marker expression in CD4⁺ T cell","PD1 cell surface activation marker expression","4","Functionally normal","","","NA","CRISPR-Based Genome Editing","Base editing","38093011"
"NM_001002295.2(GATA3):c.481G>A (p.Val161Ile)","chr10","8058544","G/A","GATA3","0.15","dataset0637","Missense","Neutral to the PD1 cell surface activation marker expression in CD4⁺ T cell","PD1 cell surface activation marker expression","4","Functionally normal","","1.86195e-06","dlbc:2.1% (1/48):0.390","CRISPR-Based Genome Editing","Base editing","38093011"
"NM_001002295.2(GATA3):c.492C>T (p.Asp164=)","chr10","8058555","C/T","GATA3","0.039","dataset0637","Synonymous","Neutral to the PD1 cell surface activation marker expression in CD4⁺ T cell","PD1 cell surface activation marker expression","4","Functionally normal","Uncertain significance","6.2017e-06","NA","CRISPR-Based Genome Editing","Base editing","38093011"
"NM_001002295.2(GATA3):c.493C>T (p.Pro165Ser)","chr10","8058556","C/T","GATA3","0.039","dataset0637","Missense","Neutral to the PD1 cell surface activation marker expression in CD4⁺ T cell","PD1 cell surface activation marker expression","4","Functionally normal","Uncertain significance","1.24031e-06","NA","CRISPR-Based Genome Editing","Base editing","38093011"
"NM_001002295.2(GATA3):c.494C>T (p.Pro165Leu)","chr10","8058557","C/T","GATA3","0.039","dataset0637","Missense","Neutral to the PD1 cell surface activation marker expression in CD4⁺ T cell","PD1 cell surface activation marker expression","4","Functionally normal","","","NA","CRISPR-Based Genome Editing","Base editing","38093011"
"NM_001002295.2(GATA3):c.495A>G (p.Pro165=)","chr10","8058558","A/G","GATA3","0.082","dataset0637","Synonymous","Neutral to the PD1 cell surface activation marker expression in CD4⁺ T cell","PD1 cell surface activation marker expression","4","Functionally normal","","","NA","CRISPR-Based Genome Editing","Base editing","38093011"
"NM_001002295.2(GATA3):c.497C>T (p.Ser166Leu)","chr10","8058560","C/T","GATA3","-0.144","dataset0637","Missense","Neutral to the PD1 cell surface activation marker expression in CD4⁺ T cell","PD1 cell surface activation marker expression","4","Functionally normal","","1.86051e-06","ucec:0.2% (1/529):0.450","CRISPR-Based Genome Editing","Base editing","38093011"
"NM_001002295.2(GATA3):c.498G>A (p.Ser166=)","chr10","8058561","G/A","GATA3","-0.102","dataset0637","Synonymous","Neutral to the PD1 cell surface activation marker expression in CD4⁺ T cell","PD1 cell surface activation marker expression","4","Functionally normal","","1.86105e-06","NA","CRISPR-Based Genome Editing","Base editing","38093011"
"NM_001002295.2(GATA3):c.499C>T (p.Leu167=)","chr10","8058562","C/T","GATA3","0.006","dataset0637","Synonymous","Neutral to the PD1 cell surface activation marker expression in CD4⁺ T cell","PD1 cell surface activation marker expression","4","Functionally normal","","","NA","CRISPR-Based Genome Editing","Base editing","38093011"
"NM_001002295.2(GATA3):c.500T>C (p.Leu167Pro)","chr10","8058563","T/C","GATA3","-0.12","dataset0637","Missense","Neutral to the PD1 cell surface activation marker expression in CD4⁺ T cell","PD1 cell surface activation marker expression","4","Functionally normal","","","NA","CRISPR-Based Genome Editing","Base editing","38093011"
"NM_001002295.2(GATA3):c.501G>A (p.Leu167=)","chr10","8058564","G/A","GATA3","-0.102","dataset0637","Synonymous","Neutral to the PD1 cell surface activation marker expression in CD4⁺ T cell","PD1 cell surface activation marker expression","4","Functionally normal","","","NA","CRISPR-Based Genome Editing","Base editing","38093011"
"NM_001002295.2(GATA3):c.502T>C (p.Ser168Pro)","chr10","8058565","T/C","GATA3","-0.099","dataset0637","Missense","Neutral to the PD1 cell surface activation marker expression in CD4⁺ T cell","PD1 cell surface activation marker expression","4","Functionally normal","","","NA","CRISPR-Based Genome Editing","Base editing","38093011"
"NM_001002295.2(GATA3):c.504C>T (p.Ser168=)","chr10","8058567","C/T","GATA3","0.002","dataset0637","Synonymous","Neutral to the PD1 cell surface activation marker expression in CD4⁺ T cell","PD1 cell surface activation marker expression","4","Functionally normal","","","NA","CRISPR-Based Genome Editing","Base editing","38093011"
"NM_001002295.2(GATA3):c.505A>G (p.Thr169Ala)","chr10","8058568","A/G","GATA3","0.011","dataset0637","Missense","Neutral to the PD1 cell surface activation marker expression in CD4⁺ T cell","PD1 cell surface activation marker expression","4","Functionally normal","","","NA","CRISPR-Based Genome Editing","Base editing","38093011"
"NM_001002295.2(GATA3):c.506C>T (p.Thr169Ile)","chr10","8058569","C/T","GATA3","0.002","dataset0637","Missense","Neutral to the PD1 cell surface activation marker expression in CD4⁺ T cell","PD1 cell surface activation marker expression","4","Functionally normal","","1.2402e-06","NA","CRISPR-Based Genome Editing","Base editing","38093011"
"NM_001002295.2(GATA3):c.507C>T (p.Thr169=)","chr10","8058570","C/T","GATA3","0.002","dataset0637","Synonymous","Neutral to the PD1 cell surface activation marker expression in CD4⁺ T cell","PD1 cell surface activation marker expression","4","Functionally normal","","3.72037e-06","NA","CRISPR-Based Genome Editing","Base editing","38093011"
"NM_001002295.2(GATA3):c.509C>T (p.Pro170Leu)","chr10","8058572","C/T","GATA3","-0.109","dataset0637","Missense","Neutral to the PD1 cell surface activation marker expression in CD4⁺ T cell","PD1 cell surface activation marker expression","4","Functionally normal","","","NA","CRISPR-Based Genome Editing","Base editing","38093011"
"NM_001002295.2(GATA3):c.510A>G (p.Pro170=)","chr10","8058573","A/G","GATA3","0.125","dataset0637","Synonymous","Neutral to the PD1 cell surface activation marker expression in CD4⁺ T cell","PD1 cell surface activation marker expression","4","Functionally normal","","","NA","CRISPR-Based Genome Editing","Base editing","38093011"
"NM_001002295.2(GATA3):c.511G>A (p.Gly171Ser)","chr10","8058574","G/A","GATA3","-0.133","dataset0637","Missense","Neutral to the PD1 cell surface activation marker expression in CD4⁺ T cell","PD1 cell surface activation marker expression","4","Functionally normal","","","NA","CRISPR-Based Genome Editing","Base editing","38093011"
"NM_001002295.2(GATA3):c.512G>A (p.Gly171Asp)","chr10","8058575","G/A","GATA3","-0.133","dataset0637","Missense","Neutral to the PD1 cell surface activation marker expression in CD4⁺ T cell","PD1 cell surface activation marker expression","4","Functionally normal","","","NA","CRISPR-Based Genome Editing","Base editing","38093011"
"NM_001002295.2(GATA3):c.513C>T (p.Gly171=)","chr10","8058576","C/T","GATA3","0.096","dataset0637","Synonymous","Neutral to the PD1 cell surface activation marker expression in CD4⁺ T cell","PD1 cell surface activation marker expression","4","Functionally normal","","","NA","CRISPR-Based Genome Editing","Base editing","38093011"
"NM_001002295.2(GATA3):c.515C>T (p.Ser172Leu)","chr10","8058578","C/T","GATA3","0.096","dataset0637","Missense","Neutral to the PD1 cell surface activation marker expression in CD4⁺ T cell","PD1 cell surface activation marker expression","4","Functionally normal","","3.10125e-06","NA","CRISPR-Based Genome Editing","Base editing","38093011"
"NM_001002295.2(GATA3):c.516G>A (p.Ser172=)","chr10","8058579","G/A","GATA3","-0.095","dataset0637","Synonymous","Neutral to the PD1 cell surface activation marker expression in CD4⁺ T cell","PD1 cell surface activation marker expression","4","Functionally normal","","1.24067e-05","NA","CRISPR-Based Genome Editing","Base editing","38093011"
"NM_001002295.2(GATA3):c.517G>A (p.Ala173Thr)","chr10","8058580","G/A","GATA3","0.388","dataset0637","Missense","The enhanced PD1 cell surface activation marker expression in CD4⁺ T cell","PD1 cell surface activation marker expression","4","Gain-of-function","","","NA","CRISPR-Based Genome Editing","Base editing","38093011"
"NM_001002295.2(GATA3):c.520G>A (p.Gly174Ser)","chr10","8058583","G/A","GATA3","-0.483","dataset0637","Missense","The diminished PD1 cell surface activation marker expression in CD4⁺ T cell","PD1 cell surface activation marker expression","4","Loss-of-function","","3.7227e-06","NA","CRISPR-Based Genome Editing","Base editing","38093011"
"NM_001002295.2(GATA3):c.521G>A (p.Gly174Asp)","chr10","8058584","G/A","GATA3","-0.483","dataset0637","Missense","The diminished PD1 cell surface activation marker expression in CD4⁺ T cell","PD1 cell surface activation marker expression","4","Loss-of-function","","0","NA","CRISPR-Based Genome Editing","Base editing","38093011"
"NM_001002295.2(GATA3):c.523T>C (p.Ser175Pro)","chr10","8058586","T/C","GATA3","0.004","dataset0637","Missense","Neutral to the PD1 cell surface activation marker expression in CD4⁺ T cell","PD1 cell surface activation marker expression","4","Functionally normal","","","NA","CRISPR-Based Genome Editing","Base editing","38093011"
"NM_001002295.2(GATA3):c.525G>A (p.Ser175=)","chr10","8058588","G/A","GATA3","-0.483","dataset0637","Synonymous","The diminished PD1 cell surface activation marker expression in CD4⁺ T cell","PD1 cell surface activation marker expression","4","Loss-of-function","","3.72288e-06","NA","CRISPR-Based Genome Editing","Base editing","38093011"
"NM_001002295.2(GATA3):c.526G>A (p.Ala176Thr)","chr10","8058589","G/A","GATA3","0.164","dataset0637","Missense","Neutral to the PD1 cell surface activation marker expression in CD4⁺ T cell","PD1 cell surface activation marker expression","3","Functionally normal","Uncertain significance","6.20357e-07","ucec:0.2% (1/529):0.290","CRISPR-Based Genome Editing","Base editing","38093011"
"NM_001002295.2(GATA3):c.530G>A (p.Arg177Gln)","chr10","8058593","G/A","GATA3","0.28","dataset0637","Missense","The enhanced PD1 cell surface activation marker expression in CD4⁺ T cell","PD1 cell surface activation marker expression","4","Gain-of-function","Uncertain significance","2.48324e-06","NA","CRISPR-Based Genome Editing","Base editing","38093011"
"NM_001002295.2(GATA3):c.538G>A (p.Glu180Lys)","chr10","8058601","G/A","GATA3","-0.083","dataset0637","Missense","Neutral to the PD1 cell surface activation marker expression in CD4⁺ T cell","PD1 cell surface activation marker expression","4","Functionally normal","Uncertain significance","9.92592e-06","NA","CRISPR-Based Genome Editing","Base editing","38093011"
"NM_001002295.2(GATA3):c.540G>A (p.Glu180=)","chr10","8058603","G/A","GATA3","-0.083","dataset0637","Synonymous","Neutral to the PD1 cell surface activation marker expression in CD4⁺ T cell","PD1 cell surface activation marker expression","4","Functionally normal","Likely benign","6.20294e-07","NA","CRISPR-Based Genome Editing","Base editing","38093011"
"NM_001002295.2(GATA3):c.542A>G (p.Lys181Arg)","chr10","8058605","A/G","GATA3","-0.007","dataset0637","Missense","Neutral to the PD1 cell surface activation marker expression in CD4⁺ T cell","PD1 cell surface activation marker expression","4","Functionally normal","","","NA","CRISPR-Based Genome Editing","Base editing","38093011"
"NM_001002295.2(GATA3):c.543A>G (p.Lys181=)","chr10","8058606","A/G","GATA3","-0.007","dataset0637","Synonymous","Neutral to the PD1 cell surface activation marker expression in CD4⁺ T cell","PD1 cell surface activation marker expression","4","Functionally normal","","","NA","CRISPR-Based Genome Editing","Base editing","38093011"
"NM_001002295.2(GATA3):c.545A>G (p.Glu182Gly)","chr10","8058608","A/G","GATA3","-0.007","dataset0637","Missense","Neutral to the PD1 cell surface activation marker expression in CD4⁺ T cell","PD1 cell surface activation marker expression","4","Functionally normal","Uncertain significance","1.86073e-06","NA","CRISPR-Based Genome Editing","Base editing","38093011"
"NM_001002295.2(GATA3):c.547T>C (p.Cys183Arg)","chr10","8058610","T/C","GATA3","0.124","dataset0637","Missense","Neutral to the PD1 cell surface activation marker expression in CD4⁺ T cell","PD1 cell surface activation marker expression","4","Functionally normal","","6.22709e-07","NA","CRISPR-Based Genome Editing","Base editing","38093011"
"NM_001002295.2(GATA3):c.549C>T (p.Cys183=)","chr10","8058612","C/T","GATA3","-0.083","dataset0637","Synonymous","Neutral to the PD1 cell surface activation marker expression in CD4⁺ T cell","PD1 cell surface activation marker expression","4","Functionally normal","","1.86074e-06","NA","CRISPR-Based Genome Editing","Base editing","38093011"
"NM_001002295.2(GATA3):c.550C>T (p.Leu184Phe)","chr10","8058613","C/T","GATA3","-0.083","dataset0637","Missense","Neutral to the PD1 cell surface activation marker expression in CD4⁺ T cell","PD1 cell surface activation marker expression","4","Functionally normal","","","NA","CRISPR-Based Genome Editing","Base editing","38093011"
"NM_001002295.2(GATA3):c.552C>T (p.Leu184=)","chr10","8058615","C/T","GATA3","-0.083","dataset0637","Synonymous","Neutral to the PD1 cell surface activation marker expression in CD4⁺ T cell","PD1 cell surface activation marker expression","4","Functionally normal","","","NA","CRISPR-Based Genome Editing","Base editing","38093011"
"NM_001002295.2(GATA3):c.561G>A (p.Gln187=)","chr10","8058624","G/A","GATA3","0.166","dataset0637","Synonymous","Neutral to the PD1 cell surface activation marker expression in CD4⁺ T cell","PD1 cell surface activation marker expression","4","Functionally normal","","2.41849e-05","NA","CRISPR-Based Genome Editing","Base editing","38093011"
"NM_001002295.2(GATA3):c.562G>A (p.Val188Met)","chr10","8058625","G/A","GATA3","0.166","dataset0637","Missense","Neutral to the PD1 cell surface activation marker expression in CD4⁺ T cell","PD1 cell surface activation marker expression","4","Functionally normal","","","NA","CRISPR-Based Genome Editing","Base editing","38093011"
"NM_001002295.2(GATA3):c.564G>A (p.Val188=)","chr10","8058627","G/A","GATA3","0.166","dataset0637","Synonymous","Neutral to the PD1 cell surface activation marker expression in CD4⁺ T cell","PD1 cell surface activation marker expression","4","Functionally normal","","6.20122e-07","NA","CRISPR-Based Genome Editing","Base editing","38093011"
"NM_001002295.2(GATA3):c.567C>T (p.Pro189=)","chr10","8058630","C/T","GATA3","-0.229","dataset0637","Synonymous","The diminished PD1 cell surface activation marker expression in CD4⁺ T cell","PD1 cell surface activation marker expression","4","Loss-of-function","Likely benign","5.58083e-06","NA","CRISPR-Based Genome Editing","Base editing","38093011"
"NM_001002295.2(GATA3):c.568C>T (p.Leu190=)","chr10","8058631","C/T","GATA3","-0.229","dataset0637","Synonymous","The diminished PD1 cell surface activation marker expression in CD4⁺ T cell","PD1 cell surface activation marker expression","4","Loss-of-function","","3.72019e-06","NA","CRISPR-Based Genome Editing","Base editing","38093011"
"NM_001002295.2(GATA3):c.569T>C (p.Leu190Pro)","chr10","8058632","T/C","GATA3","0.054","dataset0637","Missense","Neutral to the PD1 cell surface activation marker expression in CD4⁺ T cell","PD1 cell surface activation marker expression","4","Functionally normal","Uncertain significance","4.96278e-06","NA","CRISPR-Based Genome Editing","Base editing","38093011"
"NM_001002295.2(GATA3):c.570G>A (p.Leu190=)","chr10","8058633","G/A","GATA3","-0.353","dataset0637","Synonymous","The diminished PD1 cell surface activation marker expression in CD4⁺ T cell","PD1 cell surface activation marker expression","4","Loss-of-function","","","NA","CRISPR-Based Genome Editing","Base editing","38093011"
"NM_001002295.2(GATA3):c.571C>T (p.Pro191Ser)","chr10","8058634","C/T","GATA3","-0.229","dataset0637","Missense","The diminished PD1 cell surface activation marker expression in CD4⁺ T cell","PD1 cell surface activation marker expression","4","Loss-of-function","","0","NA","CRISPR-Based Genome Editing","Base editing","38093011"
"NM_001002295.2(GATA3):c.572C>T (p.Pro191Leu)","chr10","8058635","C/T","GATA3","-0.229","dataset0637","Missense","The diminished PD1 cell surface activation marker expression in CD4⁺ T cell","PD1 cell surface activation marker expression","4","Loss-of-function","Uncertain significance","","NA","CRISPR-Based Genome Editing","Base editing","38093011"
"NM_001002295.2(GATA3):c.573C>T (p.Pro191=)","chr10","8058636","C/T","GATA3","-0.229","dataset0637","Synonymous","The diminished PD1 cell surface activation marker expression in CD4⁺ T cell","PD1 cell surface activation marker expression","4","Loss-of-function","Benign","0.0057922","NA","CRISPR-Based Genome Editing","Base editing","38093011"
"NM_001002295.2(GATA3):c.576C>T (p.Asp192=)","chr10","8058639","C/T","GATA3","-0.229","dataset0637","Synonymous","The diminished PD1 cell surface activation marker expression in CD4⁺ T cell","PD1 cell surface activation marker expression","4","Loss-of-function","","","NA","CRISPR-Based Genome Editing","Base editing","38093011"
"NM_001002295.2(GATA3):c.578G>A (p.Ser193Asn)","chr10","8058641","G/A","GATA3","0.173","dataset0637","Missense","Neutral to the PD1 cell surface activation marker expression in CD4⁺ T cell","PD1 cell surface activation marker expression","4","Functionally normal","","","NA","CRISPR-Based Genome Editing","Base editing","38093011"
"NM_001002295.2(GATA3):c.579C>T (p.Ser193=)","chr10","8058642","C/T","GATA3","-0.229","dataset0637","Synonymous","The diminished PD1 cell surface activation marker expression in CD4⁺ T cell","PD1 cell surface activation marker expression","4","Loss-of-function","","6.19947e-07","NA","CRISPR-Based Genome Editing","Base editing","38093011"
"NM_001002295.2(GATA3):c.581T>C (p.Met194Thr)","chr10","8058644","T/C","GATA3","0.055","dataset0637","Missense","Neutral to the PD1 cell surface activation marker expression in CD4⁺ T cell","PD1 cell surface activation marker expression","4","Functionally normal","","1.24008e-06","NA","CRISPR-Based Genome Editing","Base editing","38093011"
"NM_001002295.2(GATA3):c.582G>A (p.Met194Ile)","chr10","8058645","G/A","GATA3","-0.221","dataset0637","Missense","The diminished PD1 cell surface activation marker expression in CD4⁺ T cell","PD1 cell surface activation marker expression","4","Loss-of-function","","6.19958e-07","NA","CRISPR-Based Genome Editing","Base editing","38093011"
"NM_001002295.2(GATA3):c.585G>A (p.Lys195=)","chr10","8058648","G/A","GATA3","-0.221","dataset0637","Synonymous","The diminished PD1 cell surface activation marker expression in CD4⁺ T cell","PD1 cell surface activation marker expression","4","Loss-of-function","","","NA","CRISPR-Based Genome Editing","Base editing","38093011"
"NM_001002295.2(GATA3):c.586C>T (p.Leu196=)","chr10","8058649","C/T","GATA3","-0.063","dataset0637","Synonymous","Neutral to the PD1 cell surface activation marker expression in CD4⁺ T cell","PD1 cell surface activation marker expression","4","Functionally normal","","","NA","CRISPR-Based Genome Editing","Base editing","38093011"
"NM_001002295.2(GATA3):c.587T>C (p.Leu196Pro)","chr10","8058650","T/C","GATA3","0.076","dataset0637","Missense","Neutral to the PD1 cell surface activation marker expression in CD4⁺ T cell","PD1 cell surface activation marker expression","4","Functionally normal","","","NA","CRISPR-Based Genome Editing","Base editing","38093011"
"NM_001002295.2(GATA3):c.588G>A (p.Leu196=)","chr10","8058651","G/A","GATA3","-0.321","dataset0637","Synonymous","The diminished PD1 cell surface activation marker expression in CD4⁺ T cell","PD1 cell surface activation marker expression","4","Loss-of-function","","","NA","CRISPR-Based Genome Editing","Base editing","38093011"
"NM_001002295.2(GATA3):c.589G>A (p.Glu197Lys)","chr10","8058652","G/A","GATA3","0.324","dataset0637","Missense","The enhanced PD1 cell surface activation marker expression in CD4⁺ T cell","PD1 cell surface activation marker expression","4","Gain-of-function","","","NA","CRISPR-Based Genome Editing","Base editing","38093011"
"NM_001002295.2(GATA3):c.590A>G (p.Glu197Gly)","chr10","8058653","A/G","GATA3","-0.078","dataset0637","Missense","Neutral to the PD1 cell surface activation marker expression in CD4⁺ T cell","PD1 cell surface activation marker expression","4","Functionally normal","","","NA","CRISPR-Based Genome Editing","Base editing","38093011"
"NM_001002295.2(GATA3):c.592T>C (p.Ser198Pro)","chr10","8058655","T/C","GATA3","-0.018","dataset0637","Missense","Neutral to the PD1 cell surface activation marker expression in CD4⁺ T cell","PD1 cell surface activation marker expression","4","Functionally normal","","","NA","CRISPR-Based Genome Editing","Base editing","38093011"
"NM_001002295.2(GATA3):c.593C>T (p.Ser198Leu)","chr10","8058656","C/T","GATA3","-0.063","dataset0637","Missense","Neutral to the PD1 cell surface activation marker expression in CD4⁺ T cell","PD1 cell surface activation marker expression","4","Functionally normal","","","NA","CRISPR-Based Genome Editing","Base editing","38093011"
"NM_001002295.2(GATA3):c.594G>A (p.Ser198=)","chr10","8058657","G/A","GATA3","0.016","dataset0637","Synonymous","Neutral to the PD1 cell surface activation marker expression in CD4⁺ T cell","PD1 cell surface activation marker expression","4","Functionally normal","","1.23997e-06","NA","CRISPR-Based Genome Editing","Base editing","38093011"
"NM_001002295.2(GATA3):c.596C>T (p.Ser199Phe)","chr10","8058659","C/T","GATA3","-0.063","dataset0637","Missense","Neutral to the PD1 cell surface activation marker expression in CD4⁺ T cell","PD1 cell surface activation marker expression","4","Functionally normal","","3.09962e-06","ov:0.2% (1/585):0.200","CRISPR-Based Genome Editing","Base editing","38093011"
"NM_001002295.2(GATA3):c.597C>T (p.Ser199=)","chr10","8058660","C/T","GATA3","-0.063","dataset0637","Synonymous","Neutral to the PD1 cell surface activation marker expression in CD4⁺ T cell","PD1 cell surface activation marker expression","4","Functionally normal","","6.19885e-07","NA","CRISPR-Based Genome Editing","Base editing","38093011"
"NM_001002295.2(GATA3):c.598C>T (p.His200Tyr)","chr10","8058661","C/T","GATA3","-0.063","dataset0637","Missense","Neutral to the PD1 cell surface activation marker expression in CD4⁺ T cell","PD1 cell surface activation marker expression","4","Functionally normal","Uncertain significance","1.30173e-05","NA","CRISPR-Based Genome Editing","Base editing","38093011"
"NM_001002295.2(GATA3):c.603C>T (p.Ser201=)","chr10","8058666","C/T","GATA3","-0.16","dataset0637","Synonymous","Neutral to the PD1 cell surface activation marker expression in CD4⁺ T cell","PD1 cell surface activation marker expression","4","Functionally normal","","","NA","CRISPR-Based Genome Editing","Base editing","38093011"
"NM_001002295.2(GATA3):c.604C>T (p.Arg202Cys)","chr10","8058667","C/T","GATA3","-0.091","dataset0637","Missense","Neutral to the PD1 cell surface activation marker expression in CD4⁺ T cell","PD1 cell surface activation marker expression","4","Functionally normal","Uncertain significance","5.26873e-05","NA","CRISPR-Based Genome Editing","Base editing","38093011"
"NM_001002295.2(GATA3):c.607G>A (p.Gly203Ser)","chr10","8058670","G/A","GATA3","0.112","dataset0637","Missense","Neutral to the PD1 cell surface activation marker expression in CD4⁺ T cell","PD1 cell surface activation marker expression","4","Functionally normal","","","NA","CRISPR-Based Genome Editing","Base editing","38093011"
"NM_001002295.2(GATA3):c.608G>A (p.Gly203Asp)","chr10","8058671","G/A","GATA3","0.112","dataset0637","Missense","Neutral to the PD1 cell surface activation marker expression in CD4⁺ T cell","PD1 cell surface activation marker expression","4","Functionally normal","","","NA","CRISPR-Based Genome Editing","Base editing","38093011"
"NM_001002295.2(GATA3):c.609C>T (p.Gly203=)","chr10","8058672","C/T","GATA3","-0.004","dataset0637","Synonymous","Neutral to the PD1 cell surface activation marker expression in CD4⁺ T cell","PD1 cell surface activation marker expression","4","Functionally normal","","1.23969e-06","NA","CRISPR-Based Genome Editing","Base editing","38093011"
"NM_001002295.2(GATA3):c.610A>G (p.Ser204Gly)","chr10","8058673","A/G","GATA3","0.007","dataset0637","Missense","Neutral to the PD1 cell surface activation marker expression in CD4⁺ T cell","PD1 cell surface activation marker expression","4","Functionally normal","","","NA","CRISPR-Based Genome Editing","Base editing","38093011"
"NM_001002295.2(GATA3):c.611G>A (p.Ser204Asn)","chr10","8058674","G/A","GATA3","0.112","dataset0637","Missense","Neutral to the PD1 cell surface activation marker expression in CD4⁺ T cell","PD1 cell surface activation marker expression","4","Functionally normal","","2.47948e-06","NA","CRISPR-Based Genome Editing","Base editing","38093011"
"NM_001002295.2(GATA3):c.612C>T (p.Ser204=)","chr10","8058675","C/T","GATA3","-0.004","dataset0637","Synonymous","Neutral to the PD1 cell surface activation marker expression in CD4⁺ T cell","PD1 cell surface activation marker expression","4","Functionally normal","","0","NA","CRISPR-Based Genome Editing","Base editing","38093011"
"NM_001002295.2(GATA3):c.613A>G (p.Met205Val)","chr10","8058676","A/G","GATA3","-0.156","dataset0637","Missense","Neutral to the PD1 cell surface activation marker expression in CD4⁺ T cell","PD1 cell surface activation marker expression","4","Functionally normal","","","NA","CRISPR-Based Genome Editing","Base editing","38093011"
"NM_001002295.2(GATA3):c.614T>C (p.Met205Thr)","chr10","8058677","T/C","GATA3","-0.055","dataset0637","Missense","Neutral to the PD1 cell surface activation marker expression in CD4⁺ T cell","PD1 cell surface activation marker expression","4","Functionally normal","","6.19851e-07","NA","CRISPR-Based Genome Editing","Base editing","38093011"
"NM_001002295.2(GATA3):c.615G>A (p.Met205Ile)","chr10","8058678","G/A","GATA3","-0.248","dataset0637","Missense","The diminished PD1 cell surface activation marker expression in CD4⁺ T cell","PD1 cell surface activation marker expression","4","Loss-of-function","","","read:0.6% (1/155):0.220;stad:0.2% (1/440):0.080","CRISPR-Based Genome Editing","Base editing","38093011"
"NM_001002295.2(GATA3):c.619G>A (p.Ala207Thr)","chr10","8058682","G/A","GATA3","0.032","dataset0637","Missense","Neutral to the PD1 cell surface activation marker expression in CD4⁺ T cell","PD1 cell surface activation marker expression","4","Functionally normal","","3.7195e-06","NA","CRISPR-Based Genome Editing","Base editing","38093011"
"NM_001002295.2(GATA3):c.623T>C (p.Leu208Pro)","chr10","8058686","T/C","GATA3","-0.034","dataset0637","Missense","Neutral to the PD1 cell surface activation marker expression in CD4⁺ T cell","PD1 cell surface activation marker expression","4","Functionally normal","","","NA","CRISPR-Based Genome Editing","Base editing","38093011"
"NM_001002295.2(GATA3):c.625G>A (p.Gly209Ser)","chr10","8058688","G/A","GATA3","0.124","dataset0637","Missense","Neutral to the PD1 cell surface activation marker expression in CD4⁺ T cell","PD1 cell surface activation marker expression","4","Functionally normal","","","NA","CRISPR-Based Genome Editing","Base editing","38093011"
"NM_001002295.2(GATA3):c.628G>A (p.Gly210Arg)","chr10","8058691","G/A","GATA3","0.04","dataset0637","Missense","Neutral to the PD1 cell surface activation marker expression in CD4⁺ T cell","PD1 cell surface activation marker expression","4","Functionally normal","","","NA","CRISPR-Based Genome Editing","Base editing","38093011"
"NM_001002295.2(GATA3):c.629G>A (p.Gly210Glu)","chr10","8058692","G/A","GATA3","0.04","dataset0637","Missense","Neutral to the PD1 cell surface activation marker expression in CD4⁺ T cell","PD1 cell surface activation marker expression","4","Functionally normal","Uncertain significance","2.4797e-06","NA","CRISPR-Based Genome Editing","Base editing","38093011"
"NM_001002295.2(GATA3):c.631G>A (p.Ala211Thr)","chr10","8058694","G/A","GATA3","-0.056","dataset0637","Missense","Neutral to the PD1 cell surface activation marker expression in CD4⁺ T cell","PD1 cell surface activation marker expression","4","Functionally normal","Uncertain significance","9.91996e-06","NA","CRISPR-Based Genome Editing","Base editing","38093011"
"NM_001002295.2(GATA3):c.634T>C (p.Ser212Pro)","chr10","8058697","T/C","GATA3","0.042","dataset0637","Missense","Neutral to the PD1 cell surface activation marker expression in CD4⁺ T cell","PD1 cell surface activation marker expression","4","Functionally normal","","","NA","CRISPR-Based Genome Editing","Base editing","38093011"
"NM_001002295.2(GATA3):c.637T>C (p.Ser213Pro)","chr10","8058700","T/C","GATA3","0.064","dataset0637","Missense","Neutral to the PD1 cell surface activation marker expression in CD4⁺ T cell","PD1 cell surface activation marker expression","4","Functionally normal","","","NA","CRISPR-Based Genome Editing","Base editing","38093011"
"NM_001002295.2(GATA3):c.639G>A (p.Ser213=)","chr10","8058702","G/A","GATA3","-0.056","dataset0637","Synonymous","Neutral to the PD1 cell surface activation marker expression in CD4⁺ T cell","PD1 cell surface activation marker expression","4","Functionally normal","","1.92221e-05","NA","CRISPR-Based Genome Editing","Base editing","38093011"
"NM_001002295.2(GATA3):c.642G>A (p.Ser214=)","chr10","8058705","G/A","GATA3","-0.015","dataset0637","Synonymous","Neutral to the PD1 cell surface activation marker expression in CD4⁺ T cell","PD1 cell surface activation marker expression","4","Functionally normal","","","NA","CRISPR-Based Genome Editing","Base editing","38093011"
"NM_001002295.2(GATA3):c.664T>C (p.Tyr222His)","chr10","8058727","T/C","GATA3","-0.092","dataset0637","Missense","Neutral to the PD1 cell surface activation marker expression in CD4⁺ T cell","PD1 cell surface activation marker expression","4","Functionally normal","","","NA","CRISPR-Based Genome Editing","Base editing","38093011"
"NM_001002295.2(GATA3):c.669G>A (p.Pro223=)","chr10","8058732","G/A","GATA3","-0.134","dataset0637","Synonymous","Neutral to the PD1 cell surface activation marker expression in CD4⁺ T cell","PD1 cell surface activation marker expression","4","Functionally normal","","9.55373e-05","NA","CRISPR-Based Genome Editing","Base editing","38093011"
"NM_001002295.2(GATA3):c.673T>C (p.Tyr225His)","chr10","8058736","T/C","GATA3","-0.07","dataset0637","Missense","Neutral to the PD1 cell surface activation marker expression in CD4⁺ T cell","PD1 cell surface activation marker expression","4","Functionally normal","","6.20263e-07","NA","CRISPR-Based Genome Editing","Base editing","38093011"
"NM_001002295.2(GATA3):c.675C>T (p.Tyr225=)","chr10","8058738","C/T","GATA3","-0.192","dataset0637","Synonymous","Neutral to the PD1 cell surface activation marker expression in CD4⁺ T cell","PD1 cell surface activation marker expression","4","Functionally normal","","4.34184e-06","NA","CRISPR-Based Genome Editing","Base editing","38093011"
"NM_001002295.2(GATA3):c.676G>A (p.Val226Met)","chr10","8058739","G/A","GATA3","-0.092","dataset0637","Missense","Neutral to the PD1 cell surface activation marker expression in CD4⁺ T cell","PD1 cell surface activation marker expression","4","Functionally normal","Uncertain significance","1.86095e-06","ucec:0.2% (1/529):0.380","CRISPR-Based Genome Editing","Base editing","38093011"
"NM_001002295.2(GATA3):c.677T>C (p.Val226Ala)","chr10","8058740","T/C","GATA3","-0.043","dataset0637","Missense","Neutral to the PD1 cell surface activation marker expression in CD4⁺ T cell","PD1 cell surface activation marker expression","4","Functionally normal","","","NA","CRISPR-Based Genome Editing","Base editing","38093011"
"NM_001002295.2(GATA3):c.678G>A (p.Val226=)","chr10","8058741","G/A","GATA3","0.044","dataset0637","Synonymous","Neutral to the PD1 cell surface activation marker expression in CD4⁺ T cell","PD1 cell surface activation marker expression","4","Functionally normal","","","NA","CRISPR-Based Genome Editing","Base editing","38093011"
"NM_001002295.2(GATA3):c.679C>T (p.Pro227Ser)","chr10","8058742","C/T","GATA3","-0.192","dataset0637","Missense","Neutral to the PD1 cell surface activation marker expression in CD4⁺ T cell","PD1 cell surface activation marker expression","4","Functionally normal","","6.20284e-07","NA","CRISPR-Based Genome Editing","Base editing","38093011"
"NM_001002295.2(GATA3):c.680C>T (p.Pro227Leu)","chr10","8058743","C/T","GATA3","-0.192","dataset0637","Missense","Neutral to the PD1 cell surface activation marker expression in CD4⁺ T cell","PD1 cell surface activation marker expression","4","Functionally normal","","","NA","CRISPR-Based Genome Editing","Base editing","38093011"
"NM_001002295.2(GATA3):c.681C>T (p.Pro227=)","chr10","8058744","C/T","GATA3","-0.192","dataset0637","Synonymous","Neutral to the PD1 cell surface activation marker expression in CD4⁺ T cell","PD1 cell surface activation marker expression","4","Functionally normal","Likely benign","4.96241e-06","NA","CRISPR-Based Genome Editing","Base editing","38093011"
"NM_001002295.2(GATA3):c.682G>A (p.Glu228Lys)","chr10","8058745","G/A","GATA3","-0.09","dataset0637","Missense","Neutral to the PD1 cell surface activation marker expression in CD4⁺ T cell","PD1 cell surface activation marker expression","4","Functionally normal","","1.24071e-06","stad:0.2% (1/440):0.260","CRISPR-Based Genome Editing","Base editing","38093011"
"NM_001002295.2(GATA3):c.684G>A (p.Glu228=)","chr10","8058747","G/A","GATA3","-0.09","dataset0637","Synonymous","Neutral to the PD1 cell surface activation marker expression in CD4⁺ T cell","PD1 cell surface activation marker expression","4","Functionally normal","","","NA","CRISPR-Based Genome Editing","Base editing","38093011"
"NM_001002295.2(GATA3):c.685T>C (p.Tyr229His)","chr10","8058748","T/C","GATA3","0.004","dataset0637","Missense","Neutral to the PD1 cell surface activation marker expression in CD4⁺ T cell","PD1 cell surface activation marker expression","4","Functionally normal","","","NA","CRISPR-Based Genome Editing","Base editing","38093011"
"NM_001002295.2(GATA3):c.689G>A (p.Ser230Asn)","chr10","8058752","G/A","GATA3","-0.072","dataset0637","Missense","Neutral to the PD1 cell surface activation marker expression in CD4⁺ T cell","PD1 cell surface activation marker expression","4","Functionally normal","","6.20537e-07","NA","CRISPR-Based Genome Editing","Base editing","38093011"
"NM_001002295.2(GATA3):c.691T>C (p.Ser231Pro)","chr10","8058754","T/C","GATA3","-0.022","dataset0637","Missense","Neutral to the PD1 cell surface activation marker expression in CD4⁺ T cell","PD1 cell surface activation marker expression","4","Functionally normal","Uncertain significance","6.20754e-07","NA","CRISPR-Based Genome Editing","Base editing","38093011"
"NM_001002295.2(GATA3):c.694G>A (p.Gly232Arg)","chr10","8058757","G/A","GATA3","-0.047","dataset0637","Missense","Neutral to the PD1 cell surface activation marker expression in CD4⁺ T cell","PD1 cell surface activation marker expression","4","Functionally normal","","1.86194e-06","NA","CRISPR-Based Genome Editing","Base editing","38093011"
"NM_001002295.2(GATA3):c.695G>A (p.Gly232Glu)","chr10","8058758","G/A","GATA3","-0.047","dataset0637","Missense","Neutral to the PD1 cell surface activation marker expression in CD4⁺ T cell","PD1 cell surface activation marker expression","4","Functionally normal","","","NA","CRISPR-Based Genome Editing","Base editing","38093011"
"NM_001002295.2(GATA3):c.698T>C (p.Leu233Pro)","chr10","8058761","T/C","GATA3","0.017","dataset0637","Missense","Neutral to the PD1 cell surface activation marker expression in CD4⁺ T cell","PD1 cell surface activation marker expression","4","Functionally normal","","","NA","CRISPR-Based Genome Editing","Base editing","38093011"
"NM_001002295.2(GATA3):c.699C>T (p.Leu233=)","chr10","8058762","C/T","GATA3","-0.079","dataset0637","Synonymous","Neutral to the PD1 cell surface activation marker expression in CD4⁺ T cell","PD1 cell surface activation marker expression","4","Functionally normal","","","NA","CRISPR-Based Genome Editing","Base editing","38093011"
"NM_001002295.2(GATA3):c.700T>C (p.Phe234Leu)","chr10","8058763","T/C","GATA3","0.048","dataset0637","Missense","Neutral to the PD1 cell surface activation marker expression in CD4⁺ T cell","PD1 cell surface activation marker expression","4","Functionally normal","","","NA","CRISPR-Based Genome Editing","Base editing","38093011"
"NM_001002295.2(GATA3):c.702C>T (p.Phe234=)","chr10","8058765","C/T","GATA3","-0.17","dataset0637","Synonymous","Neutral to the PD1 cell surface activation marker expression in CD4⁺ T cell","PD1 cell surface activation marker expression","4","Functionally normal","","4.96974e-06","NA","CRISPR-Based Genome Editing","Base editing","38093011"
"NM_001002295.2(GATA3):c.703C>T (p.Pro235Ser)","chr10","8058766","C/T","GATA3","-0.072","dataset0637","Missense","Neutral to the PD1 cell surface activation marker expression in CD4⁺ T cell","PD1 cell surface activation marker expression","4","Functionally normal","","","NA","CRISPR-Based Genome Editing","Base editing","38093011"
"NM_001002295.2(GATA3):c.704C>T (p.Pro235Leu)","chr10","8058767","C/T","GATA3","-0.072","dataset0637","Missense","Neutral to the PD1 cell surface activation marker expression in CD4⁺ T cell","PD1 cell surface activation marker expression","4","Functionally normal","","","NA","CRISPR-Based Genome Editing","Base editing","38093011"
"NM_001002295.2(GATA3):c.705C>T (p.Pro235=)","chr10","8058768","C/T","GATA3","-0.072","dataset0637","Synonymous","Neutral to the PD1 cell surface activation marker expression in CD4⁺ T cell","PD1 cell surface activation marker expression","4","Functionally normal","Likely benign","1.55214e-05","NA","CRISPR-Based Genome Editing","Base editing","38093011"
"NM_001002295.2(GATA3):c.706C>T (p.Pro236Ser)","chr10","8058769","C/T","GATA3","-0.072","dataset0637","Missense","Neutral to the PD1 cell surface activation marker expression in CD4⁺ T cell","PD1 cell surface activation marker expression","4","Functionally normal","Uncertain significance","2.48339e-05","NA","CRISPR-Based Genome Editing","Base editing","38093011"
"NM_001002295.2(GATA3):c.707C>T (p.Pro236Leu)","chr10","8058770","C/T","GATA3","-0.072","dataset0637","Missense","Neutral to the PD1 cell surface activation marker expression in CD4⁺ T cell","PD1 cell surface activation marker expression","4","Functionally normal","","1.24165e-06","NA","CRISPR-Based Genome Editing","Base editing","38093011"
"NM_001002295.2(GATA3):c.708C>T (p.Pro236=)","chr10","8058771","C/T","GATA3","-0.072","dataset0637","Synonymous","Neutral to the PD1 cell surface activation marker expression in CD4⁺ T cell","PD1 cell surface activation marker expression","4","Functionally normal","","4.96746e-06","NA","CRISPR-Based Genome Editing","Base editing","38093011"
"NM_001002295.2(GATA3):c.709A>G (p.Ser237Gly)","chr10","8058772","A/G","GATA3","0.172","dataset0637","Missense","Neutral to the PD1 cell surface activation marker expression in CD4⁺ T cell","PD1 cell surface activation marker expression","4","Functionally normal","","","NA","CRISPR-Based Genome Editing","Base editing","38093011"
"NM_001002295.2(GATA3):c.710G>A (p.Ser237Asn)","chr10","8058773","G/A","GATA3","-0.126","dataset0637","Missense","Neutral to the PD1 cell surface activation marker expression in CD4⁺ T cell","PD1 cell surface activation marker expression","4","Functionally normal","","0","NA","CRISPR-Based Genome Editing","Base editing","38093011"
"NM_001002295.2(GATA3):c.711C>T (p.Ser237=)","chr10","8058774","C/T","GATA3","-0.072","dataset0637","Synonymous","Neutral to the PD1 cell surface activation marker expression in CD4⁺ T cell","PD1 cell surface activation marker expression","4","Functionally normal","Likely benign","6.20967e-06","NA","CRISPR-Based Genome Editing","Base editing","38093011"
"NM_001002295.2(GATA3):c.713G>A (p.Ser238Asn)","chr10","8058776","G/A","GATA3","-0.008","dataset0637","Missense","Neutral to the PD1 cell surface activation marker expression in CD4⁺ T cell","PD1 cell surface activation marker expression","4","Functionally normal","","","NA","CRISPR-Based Genome Editing","Base editing","38093011"
"NM_001002295.2(GATA3):c.715C>T (p.Leu239=)","chr10","8058778","C/T","GATA3","-0.109","dataset0637","Synonymous","Neutral to the PD1 cell surface activation marker expression in CD4⁺ T cell","PD1 cell surface activation marker expression","4","Functionally normal","","","NA","CRISPR-Based Genome Editing","Base editing","38093011"
"NM_001002295.2(GATA3):c.717G>A (p.Leu239=)","chr10","8058780","G/A","GATA3","-0.065","dataset0637","Synonymous","Neutral to the PD1 cell surface activation marker expression in CD4⁺ T cell","PD1 cell surface activation marker expression","4","Functionally normal","","0","NA","CRISPR-Based Genome Editing","Base editing","38093011"
"NM_001002295.2(GATA3):c.719T>C (p.Leu240Pro)","chr10","8058782","T/C","GATA3","0.077","dataset0637","Missense","Neutral to the PD1 cell surface activation marker expression in CD4⁺ T cell","PD1 cell surface activation marker expression","4","Functionally normal","","","NA","CRISPR-Based Genome Editing","Base editing","38093011"
"NM_001002295.2(GATA3):c.720G>A (p.Leu240=)","chr10","8058783","G/A","GATA3","-0.065","dataset0637","Synonymous","Neutral to the PD1 cell surface activation marker expression in CD4⁺ T cell","PD1 cell surface activation marker expression","4","Functionally normal","","6.21294e-07","NA","CRISPR-Based Genome Editing","Base editing","38093011"
"NM_001002295.2(GATA3):c.721G>A (p.Gly241Ser)","chr10","8058784","G/A","GATA3","-0.065","dataset0637","Missense","Neutral to the PD1 cell surface activation marker expression in CD4⁺ T cell","PD1 cell surface activation marker expression","4","Functionally normal","","6.21292e-07","NA","CRISPR-Based Genome Editing","Base editing","38093011"
"NM_001002295.2(GATA3):c.722G>A (p.Gly241Asp)","chr10","8058785","G/A","GATA3","-0.065","dataset0637","Missense","Neutral to the PD1 cell surface activation marker expression in CD4⁺ T cell","PD1 cell surface activation marker expression","4","Functionally normal","","","NA","CRISPR-Based Genome Editing","Base editing","38093011"
"NM_001002295.2(GATA3):c.723C>T (p.Gly241=)","chr10","8058786","C/T","GATA3","-0.012","dataset0637","Synonymous","Neutral to the PD1 cell surface activation marker expression in CD4⁺ T cell","PD1 cell surface activation marker expression","4","Functionally normal","","1.24303e-06","NA","CRISPR-Based Genome Editing","Base editing","38093011"
"NM_001002295.2(GATA3):c.724G>A (p.Gly242Ser)","chr10","8058787","G/A","GATA3","-0.067","dataset0637","Missense","Neutral to the PD1 cell surface activation marker expression in CD4⁺ T cell","PD1 cell surface activation marker expression","4","Functionally normal","Likely benign","0.000128007","NA","CRISPR-Based Genome Editing","Base editing","38093011"
"NM_001002295.2(GATA3):c.726C>T (p.Gly242=)","chr10","8058789","C/T","GATA3","-0.012","dataset0637","Synonymous","Neutral to the PD1 cell surface activation marker expression in CD4⁺ T cell","PD1 cell surface activation marker expression","4","Functionally normal","","","NA","CRISPR-Based Genome Editing","Base editing","38093011"
"NM_001002295.2(GATA3):c.727T>C (p.Ser243Pro)","chr10","8058790","T/C","GATA3","0.098","dataset0637","Missense","Neutral to the PD1 cell surface activation marker expression in CD4⁺ T cell","PD1 cell surface activation marker expression","4","Functionally normal","","6.21749e-07","NA","CRISPR-Based Genome Editing","Base editing","38093011"
"NM_001002295.2(GATA3):c.734C>T (p.Thr245Ile)","chr10","8058797","C/T","GATA3","0.059","dataset0637","Missense","Neutral to the PD1 cell surface activation marker expression in CD4⁺ T cell","PD1 cell surface activation marker expression","4","Functionally normal","","3.10955e-06","NA","CRISPR-Based Genome Editing","Base editing","38093011"
"NM_001002295.2(GATA3):c.735C>T (p.Thr245=)","chr10","8058798","C/T","GATA3","0.059","dataset0637","Synonymous","Neutral to the PD1 cell surface activation marker expression in CD4⁺ T cell","PD1 cell surface activation marker expression","4","Functionally normal","Likely benign","1.43072e-05","NA","CRISPR-Based Genome Editing","Base editing","38093011"
"NM_001002295.2(GATA3):c.738C>T (p.Gly246=)","chr10","8058801","C/T","GATA3","0.059","dataset0637","Synonymous","Neutral to the PD1 cell surface activation marker expression in CD4⁺ T cell","PD1 cell surface activation marker expression","4","Functionally normal","","","NA","CRISPR-Based Genome Editing","Base editing","38093011"
"NM_001002295.2(GATA3):c.741C>T (p.Phe247=)","chr10","8058804","C/T","GATA3","-0.036","dataset0637","Synonymous","Neutral to the PD1 cell surface activation marker expression in CD4⁺ T cell","PD1 cell surface activation marker expression","4","Functionally normal","","1.86657e-06","NA","CRISPR-Based Genome Editing","Base editing","38093011"
"NM_001002295.2(GATA3):c.742G>A (p.Gly248Arg)","chr10","8058805","G/A","GATA3","-0.045","dataset0637","Missense","Neutral to the PD1 cell surface activation marker expression in CD4⁺ T cell","PD1 cell surface activation marker expression","4","Functionally normal","Uncertain significance","1.05792e-05","NA","CRISPR-Based Genome Editing","Base editing","38093011"
"NM_001002295.2(GATA3):c.743G>A (p.Gly248Glu)","chr10","8058806","G/A","GATA3","-0.045","dataset0637","Missense","Neutral to the PD1 cell surface activation marker expression in CD4⁺ T cell","PD1 cell surface activation marker expression","4","Functionally normal","","","NA","CRISPR-Based Genome Editing","Base editing","38093011"
"NM_001002295.2(GATA3):c.744A>G (p.Gly248=)","chr10","8058807","A/G","GATA3","-0.026","dataset0637","Synonymous","Neutral to the PD1 cell surface activation marker expression in CD4⁺ T cell","PD1 cell surface activation marker expression","4","Functionally normal","","","NA","CRISPR-Based Genome Editing","Base editing","38093011"
"NM_001002295.2(GATA3):c.745T>C (p.Cys249Arg)","chr10","8058808","T/C","GATA3","-0.04","dataset0637","Missense","Neutral to the PD1 cell surface activation marker expression in CD4⁺ T cell","PD1 cell surface activation marker expression","4","Functionally normal","","6.2239e-07","NA","CRISPR-Based Genome Editing","Base editing","38093011"
"NM_001002295.2(GATA3):c.746G>A (p.Cys249Tyr)","chr10","8058809","G/A","GATA3","-0.033","dataset0637","Missense","Neutral to the PD1 cell surface activation marker expression in CD4⁺ T cell","PD1 cell surface activation marker expression","4","Functionally normal","","6.22522e-07","NA","CRISPR-Based Genome Editing","Base editing","38093011"
"NM_001002295.2(GATA3):c.747C>T (p.Cys249=)","chr10","8058810","C/T","GATA3","-0.015","dataset0637","Synonymous","Neutral to the PD1 cell surface activation marker expression in CD4⁺ T cell","PD1 cell surface activation marker expression","4","Functionally normal","","","NA","CRISPR-Based Genome Editing","Base editing","38093011"
"NM_001002295.2(GATA3):c.748A>G (p.Lys250Glu)","chr10","8058811","A/G","GATA3","0.183","dataset0637","Missense","Neutral to the PD1 cell surface activation marker expression in CD4⁺ T cell","PD1 cell surface activation marker expression","4","Functionally normal","","","NA","CRISPR-Based Genome Editing","Base editing","38093011"
"NM_001002295.2(GATA3):c.750G>A (p.Lys250=)","chr10","8058813","G/A","GATA3","-0.033","dataset0637","Synonymous","Neutral to the PD1 cell surface activation marker expression in CD4⁺ T cell","PD1 cell surface activation marker expression","4","Functionally normal","","","NA","CRISPR-Based Genome Editing","Base editing","38093011"
"NM_001002295.2(GATA3):c.751T>C (p.Ser251Pro)","chr10","8058814","T/C","GATA3","0.033","dataset0637","Missense","Neutral to the PD1 cell surface activation marker expression in CD4⁺ T cell","PD1 cell surface activation marker expression","4","Functionally normal","","","NA","CRISPR-Based Genome Editing","Base editing","38093011"
"NM_001002295.2(GATA3):c.752C>T (p.Ser251Phe)","chr10","8058815","C/T","GATA3","-0.015","dataset0637","Missense","Neutral to the PD1 cell surface activation marker expression in CD4⁺ T cell","PD1 cell surface activation marker expression","4","Functionally normal","","","NA","CRISPR-Based Genome Editing","Base editing","38093011"
"NM_001002295.2(GATA3):c.753C>T (p.Ser251=)","chr10","8058816","C/T","GATA3","-0.015","dataset0637","Synonymous","Neutral to the PD1 cell surface activation marker expression in CD4⁺ T cell","PD1 cell surface activation marker expression","4","Functionally normal","","","NA","CRISPR-Based Genome Editing","Base editing","38093011"
"NM_001002295.2(GATA3):c.757C>T (p.Pro253Ser)","chr10","8058820","C/T","GATA3","0.006","dataset0637","Missense","Neutral to the PD1 cell surface activation marker expression in CD4⁺ T cell","PD1 cell surface activation marker expression","4","Functionally normal","","","NA","CRISPR-Based Genome Editing","Base editing","38093011"
"NM_001002295.2(GATA3):c.758C>T (p.Pro253Leu)","chr10","8058821","C/T","GATA3","0.006","dataset0637","Missense","Neutral to the PD1 cell surface activation marker expression in CD4⁺ T cell","PD1 cell surface activation marker expression","4","Functionally normal","","1.24613e-06","NA","CRISPR-Based Genome Editing","Base editing","38093011"
"NM_001002295.2(GATA3):c.760A>G (p.Lys254Glu)","chr10","8058823","A/G","GATA3","0.096","dataset0637","Missense","Neutral to the PD1 cell surface activation marker expression in CD4⁺ T cell","PD1 cell surface activation marker expression","4","Functionally normal","","","NA","CRISPR-Based Genome Editing","Base editing","38093011"
"NM_001002295.2(GATA3):c.761A>G (p.Lys254Arg)","chr10","8058824","A/G","GATA3","0.096","dataset0637","Missense","Neutral to the PD1 cell surface activation marker expression in CD4⁺ T cell","PD1 cell surface activation marker expression","4","Functionally normal","","","NA","CRISPR-Based Genome Editing","Base editing","38093011"
"NM_001002295.2(GATA3):c.762G>A (p.Lys254=)","chr10","8058825","G/A","GATA3","-0.381","dataset0637","Synonymous","The diminished PD1 cell surface activation marker expression in CD4⁺ T cell","PD1 cell surface activation marker expression","4","Loss-of-function","","","NA","CRISPR-Based Genome Editing","Base editing","38093011"
"NM_001002295.2(GATA3):c.763G>A (p.Ala255Thr)","chr10","8058826","G/A","GATA3","-0.381","dataset0637","Missense","The diminished PD1 cell surface activation marker expression in CD4⁺ T cell","PD1 cell surface activation marker expression","4","Loss-of-function","","0","NA","CRISPR-Based Genome Editing","Base editing","38093011"
"NM_001002295.2(GATA3):c.764C>T (p.Ala255Val)","chr10","8058827","C/T","GATA3","-0.296","dataset0637","Missense","The diminished PD1 cell surface activation marker expression in CD4⁺ T cell","PD1 cell surface activation marker expression","4","Loss-of-function","","","NA","CRISPR-Based Genome Editing","Base editing","38093011"
"NM_001002295.2(GATA3):c.765C>T (p.Ala255=)","chr10","8058828","C/T","GATA3","-0.296","dataset0637","Synonymous","The diminished PD1 cell surface activation marker expression in CD4⁺ T cell","PD1 cell surface activation marker expression","4","Loss-of-function","","","NA","CRISPR-Based Genome Editing","Base editing","38093011"
"NM_001002295.2(GATA3):c.766C>T (p.Arg256Trp)","chr10","8058829","C/T","GATA3","-0.296","dataset0637","Missense","The diminished PD1 cell surface activation marker expression in CD4⁺ T cell","PD1 cell surface activation marker expression","4","Loss-of-function","Uncertain significance","1.24701e-06","NA","CRISPR-Based Genome Editing","Base editing","38093011"
"NM_001002295.2(GATA3):c.767G>A (p.Arg256Gln)","chr10","8058830","G/A","GATA3","-0.028","dataset0637","Missense","Neutral to the PD1 cell surface activation marker expression in CD4⁺ T cell","PD1 cell surface activation marker expression","4","Functionally normal","","1.24707e-06","NA","CRISPR-Based Genome Editing","Base editing","38093011"
"NM_001002295.2(GATA3):c.768G>A (p.Arg256=)","chr10","8058831","G/A","GATA3","0.234","dataset0637","Synonymous","Neutral to the PD1 cell surface activation marker expression in CD4⁺ T cell","PD1 cell surface activation marker expression","4","Functionally normal","","6.23626e-06","NA","CRISPR-Based Genome Editing","Base editing","38093011"
"NM_001002295.2(GATA3):c.769T>C (p.Ser257Pro)","chr10","8058832","T/C","GATA3","-0.034","dataset0637","Missense","Neutral to the PD1 cell surface activation marker expression in CD4⁺ T cell","PD1 cell surface activation marker expression","4","Functionally normal","","","NA","CRISPR-Based Genome Editing","Base editing","38093011"
"NM_001002295.2(GATA3):c.773G>A (p.Ser258Asn)","chr10","8058836","G/A","GATA3","0.234","dataset0637","Missense","Neutral to the PD1 cell surface activation marker expression in CD4⁺ T cell","PD1 cell surface activation marker expression","4","Functionally normal","","","NA","CRISPR-Based Genome Editing","Base editing","38093011"
"NM_001002295.2(GATA3):c.783C>T (p.Gly261=)","chr10","8063997","C/T","GATA3","-0.098","dataset0637","Synonymous","Neutral to the PD1 cell surface activation marker expression in CD4⁺ T cell","PD1 cell surface activation marker expression","4","Functionally normal","","","NA","CRISPR-Based Genome Editing","Base editing","38093011"
"NM_001002295.2(GATA3):c.784A>G (p.Arg262Gly)","chr10","8063998","A/G","GATA3","0.01","dataset0637","Missense","Neutral to the PD1 cell surface activation marker expression in CD4⁺ T cell","PD1 cell surface activation marker expression","4","Functionally normal","","","NA","CRISPR-Based Genome Editing","Base editing","38093011"
"NM_001002295.2(GATA3):c.785G>A (p.Arg262Lys)","chr10","8063999","G/A","GATA3","-0.229","dataset0637","Missense","The diminished PD1 cell surface activation marker expression in CD4⁺ T cell","PD1 cell surface activation marker expression","4","Loss-of-function","","","NA","CRISPR-Based Genome Editing","Base editing","38093011"
"NM_001002295.2(GATA3):c.786G>A (p.Arg262=)","chr10","8064000","G/A","GATA3","-0.229","dataset0637","Synonymous","The diminished PD1 cell surface activation marker expression in CD4⁺ T cell","PD1 cell surface activation marker expression","4","Loss-of-function","","","NA","CRISPR-Based Genome Editing","Base editing","38093011"
"NM_001002295.2(GATA3):c.787G>A (p.Glu263Lys)","chr10","8064001","G/A","GATA3","-0.229","dataset0637","Missense","The diminished PD1 cell surface activation marker expression in CD4⁺ T cell","PD1 cell surface activation marker expression","4","Loss-of-function","","","brca:0.1% (1/1084):0.130","CRISPR-Based Genome Editing","Base editing","38093011"
"NM_001002295.2(GATA3):c.788A>G (p.Glu263Gly)","chr10","8064002","A/G","GATA3","-0.43","dataset0637","Missense","The diminished PD1 cell surface activation marker expression in CD4⁺ T cell","PD1 cell surface activation marker expression","4","Loss-of-function","Uncertain significance","","NA","CRISPR-Based Genome Editing","Base editing","38093011"
"NM_001002295.2(GATA3):c.789G>A (p.Glu263=)","chr10","8064003","G/A","GATA3","-0.229","dataset0637","Synonymous","The diminished PD1 cell surface activation marker expression in CD4⁺ T cell","PD1 cell surface activation marker expression","4","Loss-of-function","","1.23899e-06","NA","CRISPR-Based Genome Editing","Base editing","38093011"
"NM_001002295.2(GATA3):c.790T>C (p.Cys264Arg)","chr10","8064004","T/C","GATA3","-0.083","dataset0637","Missense","Neutral to the PD1 cell surface activation marker expression in CD4⁺ T cell","PD1 cell surface activation marker expression","4","Functionally normal","Conflicting classifications of pathogenicity","","NA","CRISPR-Based Genome Editing","Base editing","38093011"
"NM_001002295.2(GATA3):c.791G>A (p.Cys264Tyr)","chr10","8064005","G/A","GATA3","-0.229","dataset0637","Missense","The diminished PD1 cell surface activation marker expression in CD4⁺ T cell","PD1 cell surface activation marker expression","4","Loss-of-function","Uncertain significance","","NA","CRISPR-Based Genome Editing","Base editing","38093011"
"NM_001002295.2(GATA3):c.792T>C (p.Cys264=)","chr10","8064006","T/C","GATA3","-0.083","dataset0637","Synonymous","Neutral to the PD1 cell surface activation marker expression in CD4⁺ T cell","PD1 cell surface activation marker expression","4","Functionally normal","","","NA","CRISPR-Based Genome Editing","Base editing","38093011"
"NM_001002295.2(GATA3):c.793G>A (p.Val265Met)","chr10","8064007","G/A","GATA3","-0.229","dataset0637","Missense","The diminished PD1 cell surface activation marker expression in CD4⁺ T cell","PD1 cell surface activation marker expression","4","Loss-of-function","","","NA","CRISPR-Based Genome Editing","Base editing","38093011"
"NM_001002295.2(GATA3):c.794T>C (p.Val265Ala)","chr10","8064008","T/C","GATA3","-0.083","dataset0637","Missense","Neutral to the PD1 cell surface activation marker expression in CD4⁺ T cell","PD1 cell surface activation marker expression","4","Functionally normal","","","NA","CRISPR-Based Genome Editing","Base editing","38093011"
"NM_001002295.2(GATA3):c.795G>A (p.Val265=)","chr10","8064009","G/A","GATA3","-0.229","dataset0637","Synonymous","The diminished PD1 cell surface activation marker expression in CD4⁺ T cell","PD1 cell surface activation marker expression","4","Loss-of-function","","6.19503e-07","NA","CRISPR-Based Genome Editing","Base editing","38093011"
"NM_001002295.2(GATA3):c.806C>T (p.Ala269Val)","chr10","8064020","C/T","GATA3","-0.194","dataset0637","Missense","Neutral to the PD1 cell surface activation marker expression in CD4⁺ T cell","PD1 cell surface activation marker expression","4","Functionally normal","","6.19499e-07","NA","CRISPR-Based Genome Editing","Base editing","38093011"
"NM_001002295.2(GATA3):c.807A>G (p.Ala269=)","chr10","8064021","A/G","GATA3","0.152","dataset0637","Synonymous","Neutral to the PD1 cell surface activation marker expression in CD4⁺ T cell","PD1 cell surface activation marker expression","4","Functionally normal","","","NA","CRISPR-Based Genome Editing","Base editing","38093011"
"NM_001002295.2(GATA3):c.808A>G (p.Thr270Ala)","chr10","8064022","A/G","GATA3","-0.284","dataset0637","Missense","The diminished PD1 cell surface activation marker expression in CD4⁺ T cell","PD1 cell surface activation marker expression","4","Loss-of-function","","","NA","CRISPR-Based Genome Editing","Base editing","38093011"
"NM_001002295.2(GATA3):c.809C>T (p.Thr270Ile)","chr10","8064023","C/T","GATA3","-0.194","dataset0637","Missense","Neutral to the PD1 cell surface activation marker expression in CD4⁺ T cell","PD1 cell surface activation marker expression","4","Functionally normal","","","NA","CRISPR-Based Genome Editing","Base editing","38093011"
"NM_001002295.2(GATA3):c.810C>T (p.Thr270=)","chr10","8064024","C/T","GATA3","-0.194","dataset0637","Synonymous","Neutral to the PD1 cell surface activation marker expression in CD4⁺ T cell","PD1 cell surface activation marker expression","4","Functionally normal","","6.19504e-07","NA","CRISPR-Based Genome Editing","Base editing","38093011"
"NM_001002295.2(GATA3):c.812C>T (p.Ser271Leu)","chr10","8064026","C/T","GATA3","-0.194","dataset0637","Missense","Neutral to the PD1 cell surface activation marker expression in CD4⁺ T cell","PD1 cell surface activation marker expression","4","Functionally normal","Uncertain significance","","NA","CRISPR-Based Genome Editing","Base editing","38093011"
"NM_001002295.2(GATA3):c.815C>T (p.Thr272Ile)","chr10","8064029","C/T","GATA3","-0.132","dataset0637","Missense","Neutral to the PD1 cell surface activation marker expression in CD4⁺ T cell","PD1 cell surface activation marker expression","4","Functionally normal","Pathogenic","","NA","CRISPR-Based Genome Editing","Base editing","38093011"
"NM_001002295.2(GATA3):c.816C>T (p.Thr272=)","chr10","8064030","C/T","GATA3","0.118","dataset0637","Synonymous","Neutral to the PD1 cell surface activation marker expression in CD4⁺ T cell","PD1 cell surface activation marker expression","4","Functionally normal","","","NA","CRISPR-Based Genome Editing","Base editing","38093011"
"NM_001002295.2(GATA3):c.817C>T (p.Pro273Ser)","chr10","8064031","C/T","GATA3","0.118","dataset0637","Missense","Neutral to the PD1 cell surface activation marker expression in CD4⁺ T cell","PD1 cell surface activation marker expression","4","Functionally normal","","","NA","CRISPR-Based Genome Editing","Base editing","38093011"
"NM_001002295.2(GATA3):c.818C>T (p.Pro273Leu)","chr10","8064032","C/T","GATA3","0.118","dataset0637","Missense","Neutral to the PD1 cell surface activation marker expression in CD4⁺ T cell","PD1 cell surface activation marker expression","4","Functionally normal","","","NA","CRISPR-Based Genome Editing","Base editing","38093011"
"NM_001002295.2(GATA3):c.819A>G (p.Pro273=)","chr10","8064033","A/G","GATA3","0.185","dataset0637","Synonymous","Neutral to the PD1 cell surface activation marker expression in CD4⁺ T cell","PD1 cell surface activation marker expression","4","Functionally normal","","","NA","CRISPR-Based Genome Editing","Base editing","38093011"
"NM_001002295.2(GATA3):c.820C>T (p.Leu274=)","chr10","8064034","C/T","GATA3","-0.46","dataset0637","Synonymous","The diminished PD1 cell surface activation marker expression in CD4⁺ T cell","PD1 cell surface activation marker expression","4","Loss-of-function","","","NA","CRISPR-Based Genome Editing","Base editing","38093011"
"NM_001002295.2(GATA3):c.822G>A (p.Leu274=)","chr10","8064036","G/A","GATA3","-0.458","dataset0637","Synonymous","The diminished PD1 cell surface activation marker expression in CD4⁺ T cell","PD1 cell surface activation marker expression","4","Loss-of-function","","","NA","CRISPR-Based Genome Editing","Base editing","38093011"
"NM_001002295.2(GATA3):c.824G>A (p.Trp275Ter)","chr10","8064038","G/A","GATA3","-0.458","dataset0637","Nonsense","The diminished PD1 cell surface activation marker expression in CD4⁺ T cell","PD1 cell surface activation marker expression","4","Loss-of-function","","","NA","CRISPR-Based Genome Editing","Base editing","38093011"
"NM_001002295.2(GATA3):c.825G>A (p.Trp275Ter)","chr10","8064039","G/A","GATA3","-0.181","dataset0637","Nonsense","Neutral to the PD1 cell surface activation marker expression in CD4⁺ T cell","PD1 cell surface activation marker expression","4","Functionally normal","Pathogenic","","NA","CRISPR-Based Genome Editing","Base editing","38093011"
"NM_001002295.2(GATA3):c.826C>T (p.Arg276Trp)","chr10","8064040","C/T","GATA3","-0.46","dataset0637","Missense","The diminished PD1 cell surface activation marker expression in CD4⁺ T cell","PD1 cell surface activation marker expression","4","Loss-of-function","Likely pathogenic","","NA","CRISPR-Based Genome Editing","Base editing","38093011"
"NM_001002295.2(GATA3):c.827G>A (p.Arg276Gln)","chr10","8064041","G/A","GATA3","-0.036","dataset0637","Missense","Neutral to the PD1 cell surface activation marker expression in CD4⁺ T cell","PD1 cell surface activation marker expression","4","Functionally normal","Pathogenic","","coad:0.2% (1/439):0.380","CRISPR-Based Genome Editing","Base editing","38093011"
"NM_001002295.2(GATA3):c.828G>A (p.Arg276=)","chr10","8064042","G/A","GATA3","-0.036","dataset0637","Synonymous","Neutral to the PD1 cell surface activation marker expression in CD4⁺ T cell","PD1 cell surface activation marker expression","4","Functionally normal","","","NA","CRISPR-Based Genome Editing","Base editing","38093011"
"NM_001002295.2(GATA3):c.830G>A (p.Arg277Gln)","chr10","8064044","G/A","GATA3","-0.036","dataset0637","Missense","Neutral to the PD1 cell surface activation marker expression in CD4⁺ T cell","PD1 cell surface activation marker expression","4","Functionally normal","Uncertain significance","","ucec:0.2% (1/529):0.150","CRISPR-Based Genome Editing","Base editing","38093011"
"NM_001002295.2(GATA3):c.834T>C (p.Asp278=)","chr10","8064048","T/C","GATA3","0.015","dataset0637","Synonymous","Neutral to the PD1 cell surface activation marker expression in CD4⁺ T cell","PD1 cell surface activation marker expression","4","Functionally normal","","","NA","CRISPR-Based Genome Editing","Base editing","38093011"
"NM_001002295.2(GATA3):c.844C>T (p.His282Tyr)","chr10","8064058","C/T","GATA3","-0.112","dataset0637","Missense","Neutral to the PD1 cell surface activation marker expression in CD4⁺ T cell","PD1 cell surface activation marker expression","4","Functionally normal","","","NA","CRISPR-Based Genome Editing","Base editing","38093011"
"NM_001002295.2(GATA3):c.846C>T (p.His282=)","chr10","8064060","C/T","GATA3","-0.094","dataset0637","Synonymous","Neutral to the PD1 cell surface activation marker expression in CD4⁺ T cell","PD1 cell surface activation marker expression","4","Functionally normal","","1.85853e-06","NA","CRISPR-Based Genome Editing","Base editing","38093011"
"NM_001002295.2(GATA3):c.848A>G (p.Tyr283Cys)","chr10","8064062","A/G","GATA3","0.013","dataset0637","Missense","Neutral to the PD1 cell surface activation marker expression in CD4⁺ T cell","PD1 cell surface activation marker expression","4","Functionally normal","","","NA","CRISPR-Based Genome Editing","Base editing","38093011"
"NM_001002295.2(GATA3):c.849C>T (p.Tyr283=)","chr10","8064063","C/T","GATA3","-0.094","dataset0637","Synonymous","Neutral to the PD1 cell surface activation marker expression in CD4⁺ T cell","PD1 cell surface activation marker expression","4","Functionally normal","Likely benign","2.66407e-05","NA","CRISPR-Based Genome Editing","Base editing","38093011"
"NM_001002295.2(GATA3):c.850C>T (p.Leu284=)","chr10","8064064","C/T","GATA3","-0.094","dataset0637","Synonymous","Neutral to the PD1 cell surface activation marker expression in CD4⁺ T cell","PD1 cell surface activation marker expression","4","Functionally normal","","5.57572e-06","NA","CRISPR-Based Genome Editing","Base editing","38093011"
"NM_001002295.2(GATA3):c.855C>T (p.Cys285=)","chr10","8064069","C/T","GATA3","-0.094","dataset0637","Synonymous","Neutral to the PD1 cell surface activation marker expression in CD4⁺ T cell","PD1 cell surface activation marker expression","4","Functionally normal","","","NA","CRISPR-Based Genome Editing","Base editing","38093011"
"NM_001002295.2(GATA3):c.859G>A (p.Ala287Thr)","chr10","8064073","G/A","GATA3","-0.477","dataset0637","Missense","The diminished PD1 cell surface activation marker expression in CD4⁺ T cell","PD1 cell surface activation marker expression","4","Loss-of-function","Uncertain significance","","NA","CRISPR-Based Genome Editing","Base editing","38093011"
"NM_001002295.2(GATA3):c.863G>A (p.Cys288Tyr)","chr10","8064077","G/A","GATA3","-0.477","dataset0637","Missense","The diminished PD1 cell surface activation marker expression in CD4⁺ T cell","PD1 cell surface activation marker expression","4","Loss-of-function","","","NA","CRISPR-Based Genome Editing","Base editing","38093011"
"NM_001002295.2(GATA3):c.865G>A (p.Gly289Arg)","chr10","8064079","G/A","GATA3","-0.477","dataset0637","Missense","The diminished PD1 cell surface activation marker expression in CD4⁺ T cell","PD1 cell surface activation marker expression","4","Loss-of-function","Uncertain significance","","NA","CRISPR-Based Genome Editing","Base editing","38093011"
"NM_001002295.2(GATA3):c.866G>A (p.Gly289Glu)","chr10","8064080","G/A","GATA3","-0.477","dataset0637","Missense","The diminished PD1 cell surface activation marker expression in CD4⁺ T cell","PD1 cell surface activation marker expression","4","Loss-of-function","","","NA","CRISPR-Based Genome Editing","Base editing","38093011"
"NM_001002295.2(GATA3):c.867G>A (p.Gly289=)","chr10","8064081","G/A","GATA3","-0.477","dataset0637","Synonymous","The diminished PD1 cell surface activation marker expression in CD4⁺ T cell","PD1 cell surface activation marker expression","4","Loss-of-function","","6.19543e-07","NA","CRISPR-Based Genome Editing","Base editing","38093011"
"NM_001002295.2(GATA3):c.868C>T (p.Leu290Phe)","chr10","8064082","C/T","GATA3","-0.503","dataset0637","Missense","The diminished PD1 cell surface activation marker expression in CD4⁺ T cell","PD1 cell surface activation marker expression","4","Loss-of-function","","","NA","CRISPR-Based Genome Editing","Base editing","38093011"
"NM_001002295.2(GATA3):c.869T>C (p.Leu290Pro)","chr10","8064083","T/C","GATA3","-0.389","dataset0637","Missense","The diminished PD1 cell surface activation marker expression in CD4⁺ T cell","PD1 cell surface activation marker expression","4","Loss-of-function","","","NA","CRISPR-Based Genome Editing","Base editing","38093011"
"NM_001002295.2(GATA3):c.870C>T (p.Leu290=)","chr10","8064084","C/T","GATA3","-0.503","dataset0637","Synonymous","The diminished PD1 cell surface activation marker expression in CD4⁺ T cell","PD1 cell surface activation marker expression","4","Loss-of-function","Benign/Likely benign","3.90312e-05","NA","CRISPR-Based Genome Editing","Base editing","38093011"
"NM_001002295.2(GATA3):c.872A>G (p.Tyr291Cys)","chr10","8064086","A/G","GATA3","-0.455","dataset0637","Missense","The diminished PD1 cell surface activation marker expression in CD4⁺ T cell","PD1 cell surface activation marker expression","4","Loss-of-function","Uncertain significance","","NA","CRISPR-Based Genome Editing","Base editing","38093011"
"NM_001002295.2(GATA3):c.874C>T (p.His292Tyr)","chr10","8064088","C/T","GATA3","-0.503","dataset0637","Missense","The diminished PD1 cell surface activation marker expression in CD4⁺ T cell","PD1 cell surface activation marker expression","4","Loss-of-function","","","NA","CRISPR-Based Genome Editing","Base editing","38093011"
"NM_001002295.2(GATA3):c.876C>T (p.His292=)","chr10","8064090","C/T","GATA3","0.087","dataset0637","Synonymous","Neutral to the PD1 cell surface activation marker expression in CD4⁺ T cell","PD1 cell surface activation marker expression","4","Functionally normal","","","NA","CRISPR-Based Genome Editing","Base editing","38093011"
"NM_001002295.2(GATA3):c.877A>G (p.Lys293Glu)","chr10","8064091","A/G","GATA3","-0.033","dataset0637","Missense","Neutral to the PD1 cell surface activation marker expression in CD4⁺ T cell","PD1 cell surface activation marker expression","4","Functionally normal","Uncertain significance","","NA","CRISPR-Based Genome Editing","Base editing","38093011"
"NM_001002295.2(GATA3):c.878A>G (p.Lys293Arg)","chr10","8064092","A/G","GATA3","-0.033","dataset0637","Missense","Neutral to the PD1 cell surface activation marker expression in CD4⁺ T cell","PD1 cell surface activation marker expression","4","Functionally normal","","","NA","CRISPR-Based Genome Editing","Base editing","38093011"
"NM_001002295.2(GATA3):c.879A>G (p.Lys293=)","chr10","8064093","A/G","GATA3","-0.033","dataset0637","Synonymous","Neutral to the PD1 cell surface activation marker expression in CD4⁺ T cell","PD1 cell surface activation marker expression","4","Functionally normal","","3.09781e-06","NA","CRISPR-Based Genome Editing","Base editing","38093011"
"NM_001002295.2(GATA3):c.880A>G (p.Met294Val)","chr10","8064094","A/G","GATA3","-0.033","dataset0637","Missense","Neutral to the PD1 cell surface activation marker expression in CD4⁺ T cell","PD1 cell surface activation marker expression","4","Functionally normal","","6.19523e-07","NA","CRISPR-Based Genome Editing","Base editing","38093011"
"NM_001002295.2(GATA3):c.882G>A (p.Met294Ile)","chr10","8064096","G/A","GATA3","0.047","dataset0637","Missense","Neutral to the PD1 cell surface activation marker expression in CD4⁺ T cell","PD1 cell surface activation marker expression","4","Functionally normal","","","NA","CRISPR-Based Genome Editing","Base editing","38093011"
"NM_001002295.2(GATA3):c.899C>T (p.Pro300Leu)","chr10","8064113","C/T","GATA3","-0.217","dataset0637","Missense","The diminished PD1 cell surface activation marker expression in CD4⁺ T cell","PD1 cell surface activation marker expression","4","Loss-of-function","","","NA","CRISPR-Based Genome Editing","Base editing","38093011"
"NM_001002295.2(GATA3):c.900C>T (p.Pro300=)","chr10","8064114","C/T","GATA3","-0.217","dataset0637","Synonymous","The diminished PD1 cell surface activation marker expression in CD4⁺ T cell","PD1 cell surface activation marker expression","4","Loss-of-function","Likely benign","","NA","CRISPR-Based Genome Editing","Base editing","38093011"
"NM_001002295.2(GATA3):c.901C>T (p.Leu301Phe)","chr10","8064115","C/T","GATA3","-0.217","dataset0637","Missense","The diminished PD1 cell surface activation marker expression in CD4⁺ T cell","PD1 cell surface activation marker expression","4","Loss-of-function","","","NA","CRISPR-Based Genome Editing","Base editing","38093011"
"NM_001002295.2(GATA3):c.903C>T (p.Leu301=)","chr10","8064117","C/T","GATA3","-0.219","dataset0637","Synonymous","The diminished PD1 cell surface activation marker expression in CD4⁺ T cell","PD1 cell surface activation marker expression","4","Loss-of-function","","6.19536e-07","NA","CRISPR-Based Genome Editing","Base editing","38093011"
"NM_001002295.2(GATA3):c.904A>G (p.Ile302Val)","chr10","8064118","A/G","GATA3","-0.06","dataset0637","Missense","Neutral to the PD1 cell surface activation marker expression in CD4⁺ T cell","PD1 cell surface activation marker expression","4","Functionally normal","","","NA","CRISPR-Based Genome Editing","Base editing","38093011"
"NM_001002295.2(GATA3):c.907A>G (p.Lys303Glu)","chr10","8064121","A/G","GATA3","-0.059","dataset0637","Missense","Neutral to the PD1 cell surface activation marker expression in CD4⁺ T cell","PD1 cell surface activation marker expression","4","Functionally normal","","","NA","CRISPR-Based Genome Editing","Base editing","38093011"
"NM_001002295.2(GATA3):c.908A>G (p.Lys303Arg)","chr10","8064122","A/G","GATA3","-0.059","dataset0637","Missense","Neutral to the PD1 cell surface activation marker expression in CD4⁺ T cell","PD1 cell surface activation marker expression","4","Functionally normal","","1.23905e-06","NA","CRISPR-Based Genome Editing","Base editing","38093011"
"NM_001002295.2(GATA3):c.909G>A (p.Lys303=)","chr10","8064123","G/A","GATA3","-0.054","dataset0637","Synonymous","Neutral to the PD1 cell surface activation marker expression in CD4⁺ T cell","PD1 cell surface activation marker expression","4","Functionally normal","","","NA","CRISPR-Based Genome Editing","Base editing","38093011"
"NM_001002295.2(GATA3):c.910C>T (p.Pro304Ser)","chr10","8064124","C/T","GATA3","-0.219","dataset0637","Missense","The diminished PD1 cell surface activation marker expression in CD4⁺ T cell","PD1 cell surface activation marker expression","4","Loss-of-function","","","NA","CRISPR-Based Genome Editing","Base editing","38093011"
"NM_001002295.2(GATA3):c.911C>T (p.Pro304Leu)","chr10","8064125","C/T","GATA3","-0.219","dataset0637","Missense","The diminished PD1 cell surface activation marker expression in CD4⁺ T cell","PD1 cell surface activation marker expression","4","Loss-of-function","","","NA","CRISPR-Based Genome Editing","Base editing","38093011"
"NM_001002295.2(GATA3):c.915G>A (p.Lys305=)","chr10","8064129","G/A","GATA3","0.033","dataset0637","Synonymous","Neutral to the PD1 cell surface activation marker expression in CD4⁺ T cell","PD1 cell surface activation marker expression","4","Functionally normal","Likely benign","1.92065e-05","NA","CRISPR-Based Genome Editing","Base editing","38093011"
"NM_001002295.2(GATA3):c.916C>T (p.Arg306Ter)","chr10","8064130","C/T","GATA3","-0.174","dataset0637","Nonsense","Neutral to the PD1 cell surface activation marker expression in CD4⁺ T cell","PD1 cell surface activation marker expression","4","Functionally normal","Pathogenic","","stad:0.2% (1/440):0.490","CRISPR-Based Genome Editing","Base editing","38093011"
"NM_001002295.2(GATA3):c.917G>A (p.Arg306Gln)","chr10","8064131","G/A","GATA3","-0.137","dataset0637","Missense","Neutral to the PD1 cell surface activation marker expression in CD4⁺ T cell","PD1 cell surface activation marker expression","4","Functionally normal","","6.1953e-07","brca:0.1% (1/1084):0.440;coad:0.2% (1/439):0.130;ucec:0.2% (1/529):0.080","CRISPR-Based Genome Editing","Base editing","38093011"
"NM_001002295.2(GATA3):c.918A>G (p.Arg306=)","chr10","8064132","A/G","GATA3","0.063","dataset0637","Synonymous","Neutral to the PD1 cell surface activation marker expression in CD4⁺ T cell","PD1 cell surface activation marker expression","4","Functionally normal","","","NA","CRISPR-Based Genome Editing","Base editing","38093011"
"NM_001002295.2(GATA3):c.919A>G (p.Arg307Gly)","chr10","8064133","A/G","GATA3","0.063","dataset0637","Missense","Neutral to the PD1 cell surface activation marker expression in CD4⁺ T cell","PD1 cell surface activation marker expression","4","Functionally normal","","","NA","CRISPR-Based Genome Editing","Base editing","38093011"
"NM_001002295.2(GATA3):c.920G>A (p.Arg307Lys)","chr10","8064134","G/A","GATA3","-0.054","dataset0637","Missense","Neutral to the PD1 cell surface activation marker expression in CD4⁺ T cell","PD1 cell surface activation marker expression","4","Functionally normal","","","NA","CRISPR-Based Genome Editing","Base editing","38093011"
"NM_001002295.2(GATA3):c.921G>A (p.Arg307=)","chr10","8064135","G/A","GATA3","-0.042","dataset0637","Synonymous","Neutral to the PD1 cell surface activation marker expression in CD4⁺ T cell","PD1 cell surface activation marker expression","4","Functionally normal","","6.19534e-07","NA","CRISPR-Based Genome Editing","Base editing","38093011"
"NM_001002295.2(GATA3):c.922C>T (p.Leu308=)","chr10","8064136","C/T","GATA3","-0.092","dataset0637","Splice site","Neutral to the PD1 cell surface activation marker expression in CD4⁺ T cell","PD1 cell surface activation marker expression","4","Functionally normal","","","NA","CRISPR-Based Genome Editing","Base editing","38093011"
"NM_001002295.2(GATA3):c.924G>A (p.Leu308=)","chr10","8064138","G/A","GATA3","-0.446","dataset0637","Splice site","The diminished PD1 cell surface activation marker expression in CD4⁺ T cell","PD1 cell surface activation marker expression","4","Loss-of-function","","6.19531e-07","NA","CRISPR-Based Genome Editing","Base editing","38093011"
"NM_001002295.2(GATA3):c.925T>C (p.Ser309Pro)","chr10","8069473","T/C","GATA3","-0.065","dataset0637","Missense","Neutral to the PD1 cell surface activation marker expression in CD4⁺ T cell","PD1 cell surface activation marker expression","4","Functionally normal","","","NA","CRISPR-Based Genome Editing","Base editing","38093011"
"NM_001002295.2(GATA3):c.926C>T (p.Ser309Phe)","chr10","8069474","C/T","GATA3","-0.28","dataset0637","Missense","The diminished PD1 cell surface activation marker expression in CD4⁺ T cell","PD1 cell surface activation marker expression","4","Loss-of-function","","","NA","CRISPR-Based Genome Editing","Base editing","38093011"
"NM_001002295.2(GATA3):c.928G>A (p.Ala310Thr)","chr10","8069476","G/A","GATA3","-0.165","dataset0637","Missense","Neutral to the PD1 cell surface activation marker expression in CD4⁺ T cell","PD1 cell surface activation marker expression","4","Functionally normal","","6.20278e-07","NA","CRISPR-Based Genome Editing","Base editing","38093011"
"NM_001002295.2(GATA3):c.930A>G (p.Ala310=)","chr10","8069478","A/G","GATA3","0.01","dataset0637","Synonymous","Neutral to the PD1 cell surface activation marker expression in CD4⁺ T cell","PD1 cell surface activation marker expression","4","Functionally normal","","","NA","CRISPR-Based Genome Editing","Base editing","38093011"
"NM_001002295.2(GATA3):c.931G>A (p.Ala311Thr)","chr10","8069479","G/A","GATA3","-0.007","dataset0637","Missense","Neutral to the PD1 cell surface activation marker expression in CD4⁺ T cell","PD1 cell surface activation marker expression","4","Functionally normal","","","NA","CRISPR-Based Genome Editing","Base editing","38093011"
"NM_001002295.2(GATA3):c.935G>A (p.Arg312Lys)","chr10","8069483","G/A","GATA3","-0.007","dataset0637","Missense","Neutral to the PD1 cell surface activation marker expression in CD4⁺ T cell","PD1 cell surface activation marker expression","4","Functionally normal","","","NA","CRISPR-Based Genome Editing","Base editing","38093011"
"NM_001002295.2(GATA3):c.936G>A (p.Arg312=)","chr10","8069484","G/A","GATA3","-0.027","dataset0637","Synonymous","Neutral to the PD1 cell surface activation marker expression in CD4⁺ T cell","PD1 cell surface activation marker expression","4","Functionally normal","","4.95718e-06","NA","CRISPR-Based Genome Editing","Base editing","38093011"
"NM_001002295.2(GATA3):c.943G>A (p.Gly315Arg)","chr10","8069491","G/A","GATA3","-0.502","dataset0637","Missense","The diminished PD1 cell surface activation marker expression in CD4⁺ T cell","PD1 cell surface activation marker expression","4","Loss-of-function","","","NA","CRISPR-Based Genome Editing","Base editing","38093011"
"NM_001002295.2(GATA3):c.944G>A (p.Gly315Glu)","chr10","8069492","G/A","GATA3","-0.502","dataset0637","Missense","The diminished PD1 cell surface activation marker expression in CD4⁺ T cell","PD1 cell surface activation marker expression","4","Loss-of-function","","","NA","CRISPR-Based Genome Editing","Base editing","38093011"
"NM_001002295.2(GATA3):c.945G>A (p.Gly315=)","chr10","8069493","G/A","GATA3","-0.502","dataset0637","Synonymous","The diminished PD1 cell surface activation marker expression in CD4⁺ T cell","PD1 cell surface activation marker expression","4","Loss-of-function","","","NA","CRISPR-Based Genome Editing","Base editing","38093011"
"NM_001002295.2(GATA3):c.948G>A (p.Thr316=)","chr10","8069496","G/A","GATA3","-0.502","dataset0637","Synonymous","The diminished PD1 cell surface activation marker expression in CD4⁺ T cell","PD1 cell surface activation marker expression","4","Loss-of-function","Likely benign","2.04525e-05","NA","CRISPR-Based Genome Editing","Base editing","38093011"
"NM_001002295.2(GATA3):c.949T>C (p.Ser317Pro)","chr10","8069497","T/C","GATA3","-0.21","dataset0637","Missense","The diminished PD1 cell surface activation marker expression in CD4⁺ T cell","PD1 cell surface activation marker expression","4","Loss-of-function","","","NA","CRISPR-Based Genome Editing","Base editing","38093011"
"NM_001002295.2(GATA3):c.952T>C (p.Cys318Arg)","chr10","8069500","T/C","GATA3","-0.21","dataset0637","Missense","The diminished PD1 cell surface activation marker expression in CD4⁺ T cell","PD1 cell surface activation marker expression","4","Loss-of-function","","","NA","CRISPR-Based Genome Editing","Base editing","38093011"
"NM_001002295.2(GATA3):c.953G>A (p.Cys318Tyr)","chr10","8069501","G/A","GATA3","-0.502","dataset0637","Missense","The diminished PD1 cell surface activation marker expression in CD4⁺ T cell","PD1 cell surface activation marker expression","4","Loss-of-function","","","NA","CRISPR-Based Genome Editing","Base editing","38093011"
"NM_001002295.2(GATA3):c.962G>A (p.Cys321Tyr)","chr10","8069510","G/A","GATA3","-0.527","dataset0637","Missense","The diminished PD1 cell surface activation marker expression in CD4⁺ T cell","PD1 cell surface activation marker expression","4","Loss-of-function","","","NA","CRISPR-Based Genome Editing","Base editing","38093011"
"NM_001002295.2(GATA3):c.966G>A (p.Gln322=)","chr10","8069514","G/A","GATA3","-0.527","dataset0637","Synonymous","The diminished PD1 cell surface activation marker expression in CD4⁺ T cell","PD1 cell surface activation marker expression","4","Loss-of-function","","","NA","CRISPR-Based Genome Editing","Base editing","38093011"
"NM_001002295.2(GATA3):c.967A>G (p.Thr323Ala)","chr10","8069515","A/G","GATA3","-0.346","dataset0637","Missense","The diminished PD1 cell surface activation marker expression in CD4⁺ T cell","PD1 cell surface activation marker expression","4","Loss-of-function","","","NA","CRISPR-Based Genome Editing","Base editing","38093011"
"NM_001002295.2(GATA3):c.968C>T (p.Thr323Ile)","chr10","8069516","C/T","GATA3","-0.674","dataset0637","Missense","The diminished PD1 cell surface activation marker expression in CD4⁺ T cell","PD1 cell surface activation marker expression","4","Loss-of-function","","","NA","CRISPR-Based Genome Editing","Base editing","38093011"
"NM_001002295.2(GATA3):c.969C>T (p.Thr323=)","chr10","8069517","C/T","GATA3","-0.674","dataset0637","Synonymous","The diminished PD1 cell surface activation marker expression in CD4⁺ T cell","PD1 cell surface activation marker expression","4","Loss-of-function","","","NA","CRISPR-Based Genome Editing","Base editing","38093011"
"NM_001002295.2(GATA3):c.970A>G (p.Thr324Ala)","chr10","8069518","A/G","GATA3","0.224","dataset0637","Missense","Neutral to the PD1 cell surface activation marker expression in CD4⁺ T cell","PD1 cell surface activation marker expression","4","Functionally normal","","","NA","CRISPR-Based Genome Editing","Base editing","38093011"
"NM_001002295.2(GATA3):c.971C>T (p.Thr324Ile)","chr10","8069519","C/T","GATA3","0.095","dataset0637","Missense","Neutral to the PD1 cell surface activation marker expression in CD4⁺ T cell","PD1 cell surface activation marker expression","4","Functionally normal","","","NA","CRISPR-Based Genome Editing","Base editing","38093011"
"NM_001002295.2(GATA3):c.972C>T (p.Thr324=)","chr10","8069520","C/T","GATA3","0.095","dataset0637","Synonymous","Neutral to the PD1 cell surface activation marker expression in CD4⁺ T cell","PD1 cell surface activation marker expression","4","Functionally normal","","","NA","CRISPR-Based Genome Editing","Base editing","38093011"
"NM_001002295.2(GATA3):c.973A>G (p.Thr325Ala)","chr10","8069521","A/G","GATA3","-0.485","dataset0637","Missense","The diminished PD1 cell surface activation marker expression in CD4⁺ T cell","PD1 cell surface activation marker expression","4","Loss-of-function","","","NA","CRISPR-Based Genome Editing","Base editing","38093011"
"NM_001002295.2(GATA3):c.974C>T (p.Thr325Ile)","chr10","8069522","C/T","GATA3","0.095","dataset0637","Missense","Neutral to the PD1 cell surface activation marker expression in CD4⁺ T cell","PD1 cell surface activation marker expression","4","Functionally normal","","","NA","CRISPR-Based Genome Editing","Base editing","38093011"
"NM_001002295.2(GATA3):c.975A>G (p.Thr325=)","chr10","8069523","A/G","GATA3","-0.485","dataset0637","Synonymous","The diminished PD1 cell surface activation marker expression in CD4⁺ T cell","PD1 cell surface activation marker expression","4","Loss-of-function","","6.19612e-07","NA","CRISPR-Based Genome Editing","Base editing","38093011"
"NM_001002295.2(GATA3):c.977C>T (p.Thr326Ile)","chr10","8069525","C/T","GATA3","0.095","dataset0637","Missense","Neutral to the PD1 cell surface activation marker expression in CD4⁺ T cell","PD1 cell surface activation marker expression","4","Functionally normal","","","NA","CRISPR-Based Genome Editing","Base editing","38093011"
"NM_001002295.2(GATA3):c.978C>T (p.Thr326=)","chr10","8069526","C/T","GATA3","-0.108","dataset0637","Synonymous","Neutral to the PD1 cell surface activation marker expression in CD4⁺ T cell","PD1 cell surface activation marker expression","4","Functionally normal","","","NA","CRISPR-Based Genome Editing","Base editing","38093011"
"NM_001002295.2(GATA3):c.980C>T (p.Thr327Ile)","chr10","8069528","C/T","GATA3","-0.108","dataset0637","Missense","Neutral to the PD1 cell surface activation marker expression in CD4⁺ T cell","PD1 cell surface activation marker expression","4","Functionally normal","","","NA","CRISPR-Based Genome Editing","Base editing","38093011"
"NM_001002295.2(GATA3):c.982C>T (p.Leu328Phe)","chr10","8069530","C/T","GATA3","-0.681","dataset0637","Missense","The diminished PD1 cell surface activation marker expression in CD4⁺ T cell","PD1 cell surface activation marker expression","4","Loss-of-function","","6.19539e-07","NA","CRISPR-Based Genome Editing","Base editing","38093011"
"NM_001002295.2(GATA3):c.983T>C (p.Leu328Pro)","chr10","8069531","T/C","GATA3","-0.648","dataset0637","Missense","The diminished PD1 cell surface activation marker expression in CD4⁺ T cell","PD1 cell surface activation marker expression","4","Loss-of-function","","","NA","CRISPR-Based Genome Editing","Base editing","38093011"
"NM_001002295.2(GATA3):c.984C>T (p.Leu328=)","chr10","8069532","C/T","GATA3","-0.067","dataset0637","Synonymous","Neutral to the PD1 cell surface activation marker expression in CD4⁺ T cell","PD1 cell surface activation marker expression","4","Functionally normal","","","NA","CRISPR-Based Genome Editing","Base editing","38093011"
"NM_001002295.2(GATA3):c.985T>C (p.Trp329Arg)","chr10","8069533","T/C","GATA3","-0.648","dataset0637","Missense","The diminished PD1 cell surface activation marker expression in CD4⁺ T cell","PD1 cell surface activation marker expression","4","Loss-of-function","","","NA","CRISPR-Based Genome Editing","Base editing","38093011"
"NM_001002295.2(GATA3):c.986G>A (p.Trp329Ter)","chr10","8069534","G/A","GATA3","0.211","dataset0637","Nonsense","Neutral to the PD1 cell surface activation marker expression in CD4⁺ T cell","PD1 cell surface activation marker expression","4","Functionally normal","","","brca:0.1% (1/1084):0.200","CRISPR-Based Genome Editing","Base editing","38093011"
"NM_001002295.2(GATA3):c.987G>A (p.Trp329Ter)","chr10","8069535","G/A","GATA3","-0.861","dataset0637","Nonsense","The diminished PD1 cell surface activation marker expression in CD4⁺ T cell","PD1 cell surface activation marker expression","4","Loss-of-function","","","NA","CRISPR-Based Genome Editing","Base editing","38093011"
"NM_001002295.2(GATA3):c.988A>G (p.Arg330Gly)","chr10","8069536","A/G","GATA3","-0.454","dataset0637","Missense","The diminished PD1 cell surface activation marker expression in CD4⁺ T cell","PD1 cell surface activation marker expression","4","Loss-of-function","","","NA","CRISPR-Based Genome Editing","Base editing","38093011"
"NM_001002295.2(GATA3):c.989G>A (p.Arg330Lys)","chr10","8069537","G/A","GATA3","-0.861","dataset0637","Missense","The diminished PD1 cell surface activation marker expression in CD4⁺ T cell","PD1 cell surface activation marker expression","4","Loss-of-function","","","brca:0.1% (1/1084):0.290","CRISPR-Based Genome Editing","Base editing","38093011"
"NM_001002295.2(GATA3):c.990G>A (p.Arg330=)","chr10","8069538","G/A","GATA3","-0.861","dataset0637","Synonymous","The diminished PD1 cell surface activation marker expression in CD4⁺ T cell","PD1 cell surface activation marker expression","4","Loss-of-function","Conflicting classifications of pathogenicity","0.000231103","NA","CRISPR-Based Genome Editing","Base editing","38093011"
"NM_001002295.2(GATA3):c.991A>G (p.Arg331Gly)","chr10","8069539","A/G","GATA3","-0.17","dataset0637","Missense","Neutral to the PD1 cell surface activation marker expression in CD4⁺ T cell","PD1 cell surface activation marker expression","4","Functionally normal","","","NA","CRISPR-Based Genome Editing","Base editing","38093011"
"NM_001002295.2(GATA3):c.992G>A (p.Arg331Lys)","chr10","8069540","G/A","GATA3","0.239","dataset0637","Missense","Neutral to the PD1 cell surface activation marker expression in CD4⁺ T cell","PD1 cell surface activation marker expression","4","Functionally normal","","","NA","CRISPR-Based Genome Editing","Base editing","38093011"
"NM_001002295.2(GATA3):c.993G>A (p.Arg331=)","chr10","8069541","G/A","GATA3","0.239","dataset0637","Synonymous","Neutral to the PD1 cell surface activation marker expression in CD4⁺ T cell","PD1 cell surface activation marker expression","4","Functionally normal","","1.23908e-06","NA","CRISPR-Based Genome Editing","Base editing","38093011"
"NM_001002295.2(GATA3):c.996T>C (p.Asn332=)","chr10","8069544","T/C","GATA3","0.068","dataset0637","Synonymous","Neutral to the PD1 cell surface activation marker expression in CD4⁺ T cell","PD1 cell surface activation marker expression","4","Functionally normal","","","NA","CRISPR-Based Genome Editing","Base editing","38093011"
"NM_001002295.2(GATA3):c.1008C>T (p.Asp336=)","chr10","8069556","C/T","GATA3","-0.206","dataset0637","Synonymous","The diminished PD1 cell surface activation marker expression in CD4⁺ T cell","PD1 cell surface activation marker expression","4","Loss-of-function","","","NA","CRISPR-Based Genome Editing","Base editing","38093011"
"NM_001002295.2(GATA3):c.1009C>T (p.Pro337Ser)","chr10","8069557","C/T","GATA3","-0.206","dataset0637","Missense","The diminished PD1 cell surface activation marker expression in CD4⁺ T cell","PD1 cell surface activation marker expression","4","Loss-of-function","","","NA","CRISPR-Based Genome Editing","Base editing","38093011"
"NM_001002295.2(GATA3):c.1010C>T (p.Pro337Leu)","chr10","8069558","C/T","GATA3","-0.206","dataset0637","Missense","The diminished PD1 cell surface activation marker expression in CD4⁺ T cell","PD1 cell surface activation marker expression","4","Loss-of-function","","","NA","CRISPR-Based Genome Editing","Base editing","38093011"
"NM_001002295.2(GATA3):c.1012G>A (p.Val338Ile)","chr10","8069560","G/A","GATA3","-0.427","dataset0637","Missense","The diminished PD1 cell surface activation marker expression in CD4⁺ T cell","PD1 cell surface activation marker expression","4","Loss-of-function","","","NA","CRISPR-Based Genome Editing","Base editing","38093011"
"NM_001002295.2(GATA3):c.1013T>C (p.Val338Ala)","chr10","8069561","T/C","GATA3","-0.611","dataset0637","Missense","The diminished PD1 cell surface activation marker expression in CD4⁺ T cell","PD1 cell surface activation marker expression","4","Loss-of-function","Uncertain significance","","NA","CRISPR-Based Genome Editing","Base editing","38093011"
"NM_001002295.2(GATA3):c.1014C>T (p.Val338=)","chr10","8069562","C/T","GATA3","-0.206","dataset0637","Synonymous","The diminished PD1 cell surface activation marker expression in CD4⁺ T cell","PD1 cell surface activation marker expression","4","Loss-of-function","","6.19522e-07","NA","CRISPR-Based Genome Editing","Base editing","38093011"
"NM_001002295.2(GATA3):c.1015T>C (p.Cys339Arg)","chr10","8069563","T/C","GATA3","-0.611","dataset0637","Missense","The diminished PD1 cell surface activation marker expression in CD4⁺ T cell","PD1 cell surface activation marker expression","4","Loss-of-function","","","NA","CRISPR-Based Genome Editing","Base editing","38093011"
"NM_001002295.2(GATA3):c.1016G>A (p.Cys339Tyr)","chr10","8069564","G/A","GATA3","-0.427","dataset0637","Missense","The diminished PD1 cell surface activation marker expression in CD4⁺ T cell","PD1 cell surface activation marker expression","4","Loss-of-function","Uncertain significance","","NA","CRISPR-Based Genome Editing","Base editing","38093011"
"NM_001002295.2(GATA3):c.1017C>T (p.Cys339=)","chr10","8069565","C/T","GATA3","-0.206","dataset0637","Synonymous","The diminished PD1 cell surface activation marker expression in CD4⁺ T cell","PD1 cell surface activation marker expression","4","Loss-of-function","","","NA","CRISPR-Based Genome Editing","Base editing","38093011"
"NM_001002295.2(GATA3):c.1021G>A (p.Ala341Thr)","chr10","8069569","G/A","GATA3","-0.426","dataset0637","Missense","The diminished PD1 cell surface activation marker expression in CD4⁺ T cell","PD1 cell surface activation marker expression","4","Loss-of-function","","","NA","CRISPR-Based Genome Editing","Base editing","38093011"
"NM_001002295.2(GATA3):c.1024T>C (p.Cys342Arg)","chr10","8069572","T/C","GATA3","-0.584","dataset0637","Missense","The diminished PD1 cell surface activation marker expression in CD4⁺ T cell","PD1 cell surface activation marker expression","4","Loss-of-function","","","NA","CRISPR-Based Genome Editing","Base editing","38093011"
"NM_001002295.2(GATA3):c.1025G>A (p.Cys342Tyr)","chr10","8069573","G/A","GATA3","-0.426","dataset0637","Missense","The diminished PD1 cell surface activation marker expression in CD4⁺ T cell","PD1 cell surface activation marker expression","4","Loss-of-function","Pathogenic","","NA","CRISPR-Based Genome Editing","Base editing","38093011"
"NM_001002295.2(GATA3):c.1026T>C (p.Cys342=)","chr10","8069574","T/C","GATA3","-0.584","dataset0637","Synonymous","The diminished PD1 cell surface activation marker expression in CD4⁺ T cell","PD1 cell surface activation marker expression","4","Loss-of-function","","","NA","CRISPR-Based Genome Editing","Base editing","38093011"
"NM_001002295.2(GATA3):c.1027G>A (p.Gly343Arg)","chr10","8069575","G/A","GATA3","-0.426","dataset0637","Missense","The diminished PD1 cell surface activation marker expression in CD4⁺ T cell","PD1 cell surface activation marker expression","4","Loss-of-function","","","NA","CRISPR-Based Genome Editing","Base editing","38093011"
"NM_001002295.2(GATA3):c.1028G>A (p.Gly343Glu)","chr10","8069576","G/A","GATA3","-0.426","dataset0637","Missense","The diminished PD1 cell surface activation marker expression in CD4⁺ T cell","PD1 cell surface activation marker expression","4","Loss-of-function","","","skcm:0.2% (1/448):0.370","CRISPR-Based Genome Editing","Base editing","38093011"
"NM_001002295.2(GATA3):c.1029G>A (p.Gly343=)","chr10","8069577","G/A","GATA3","-0.426","dataset0637","Synonymous","The diminished PD1 cell surface activation marker expression in CD4⁺ T cell","PD1 cell surface activation marker expression","4","Loss-of-function","","","NA","CRISPR-Based Genome Editing","Base editing","38093011"
"NM_001002295.2(GATA3):c.1038C>T (p.Tyr346=)","chr10","8069586","C/T","GATA3","0.065","dataset0637","Synonymous","Neutral to the PD1 cell surface activation marker expression in CD4⁺ T cell","PD1 cell surface activation marker expression","4","Functionally normal","","6.1952e-07","NA","CRISPR-Based Genome Editing","Base editing","38093011"
"NM_001002295.2(GATA3):c.1039A>G (p.Lys347Glu)","chr10","8069587","A/G","GATA3","0.07","dataset0637","Missense","Neutral to the PD1 cell surface activation marker expression in CD4⁺ T cell","PD1 cell surface activation marker expression","4","Functionally normal","","","NA","CRISPR-Based Genome Editing","Base editing","38093011"
"NM_001002295.2(GATA3):c.1040A>G (p.Lys347Arg)","chr10","8069588","A/G","GATA3","0.07","dataset0637","Missense","Neutral to the PD1 cell surface activation marker expression in CD4⁺ T cell","PD1 cell surface activation marker expression","4","Functionally normal","","","NA","CRISPR-Based Genome Editing","Base editing","38093011"
"NM_001002295.2(GATA3):c.1041G>A (p.Lys347=)","chr10","8069589","G/A","GATA3","-0.264","dataset0637","Synonymous","The diminished PD1 cell surface activation marker expression in CD4⁺ T cell","PD1 cell surface activation marker expression","4","Loss-of-function","","","NA","CRISPR-Based Genome Editing","Base editing","38093011"
"NM_001002295.2(GATA3):c.1042C>T (p.Leu348Phe)","chr10","8069590","C/T","GATA3","-0.408","dataset0637","Missense","The diminished PD1 cell surface activation marker expression in CD4⁺ T cell","PD1 cell surface activation marker expression","4","Loss-of-function","","","NA","CRISPR-Based Genome Editing","Base editing","38093011"
"NM_001002295.2(GATA3):c.1045C>T (p.His349Tyr)","chr10","8069593","C/T","GATA3","-0.408","dataset0637","Missense","The diminished PD1 cell surface activation marker expression in CD4⁺ T cell","PD1 cell surface activation marker expression","4","Loss-of-function","","","NA","CRISPR-Based Genome Editing","Base editing","38093011"
"NM_001002295.2(GATA3):c.1046A>G (p.His349Arg)","chr10","8069594","A/G","GATA3","-0.163","dataset0637","Missense","Neutral to the PD1 cell surface activation marker expression in CD4⁺ T cell","PD1 cell surface activation marker expression","4","Functionally normal","","","NA","CRISPR-Based Genome Editing","Base editing","38093011"
"NM_001002295.2(GATA3):c.1047C>T (p.His349=)","chr10","8069595","C/T","GATA3","-0.408","dataset0637","Synonymous","The diminished PD1 cell surface activation marker expression in CD4⁺ T cell","PD1 cell surface activation marker expression","4","Loss-of-function","","","NA","CRISPR-Based Genome Editing","Base editing","38093011"
"NM_001002295.2(GATA3):c.1048A>G (p.Asn350Asp)","chr10","8069596","A/G","GATA3","-0.163","dataset0637","Missense","Neutral to the PD1 cell surface activation marker expression in CD4⁺ T cell","PD1 cell surface activation marker expression","4","Functionally normal","","","NA","CRISPR-Based Genome Editing","Base editing","38093011"
"NM_001002295.2(GATA3):c.1049A>G (p.Asn350Ser)","chr10","8069597","A/G","GATA3","-0.086","dataset0637","Missense","Neutral to the PD1 cell surface activation marker expression in CD4⁺ T cell","PD1 cell surface activation marker expression","3","Functionally normal","","","NA","CRISPR-Based Genome Editing","Base editing","38093011"
"NM_001002295.2(GATA3):c.1056C>T (p.Asn352=)","chr10","8073744","C/T","GATA3","0.04","dataset0637","Synonymous","Neutral to the PD1 cell surface activation marker expression in CD4⁺ T cell","PD1 cell surface activation marker expression","4","Functionally normal","","","NA","CRISPR-Based Genome Editing","Base editing","38093011"
"NM_001002295.2(GATA3):c.1059A>G (p.Arg353=)","chr10","8073747","A/G","GATA3","-0.353","dataset0637","Synonymous","The diminished PD1 cell surface activation marker expression in CD4⁺ T cell","PD1 cell surface activation marker expression","4","Loss-of-function","","6.19788e-07","NA","CRISPR-Based Genome Editing","Base editing","38093011"
"NM_001002295.2(GATA3):c.1060C>T (p.Pro354Ser)","chr10","8073748","C/T","GATA3","-0.73","dataset0637","Missense","The diminished PD1 cell surface activation marker expression in CD4⁺ T cell","PD1 cell surface activation marker expression","4","Loss-of-function","","","NA","CRISPR-Based Genome Editing","Base editing","38093011"
"NM_001002295.2(GATA3):c.1061C>T (p.Pro354Leu)","chr10","8073749","C/T","GATA3","-0.73","dataset0637","Missense","The diminished PD1 cell surface activation marker expression in CD4⁺ T cell","PD1 cell surface activation marker expression","4","Loss-of-function","Uncertain significance","","NA","CRISPR-Based Genome Editing","Base editing","38093011"
"NM_001002295.2(GATA3):c.1062C>T (p.Pro354=)","chr10","8073750","C/T","GATA3","-0.73","dataset0637","Synonymous","The diminished PD1 cell surface activation marker expression in CD4⁺ T cell","PD1 cell surface activation marker expression","4","Loss-of-function","","3.71868e-06","NA","CRISPR-Based Genome Editing","Base editing","38093011"
"NM_001002295.2(GATA3):c.1063C>T (p.Leu355=)","chr10","8073751","C/T","GATA3","-0.73","dataset0637","Synonymous","The diminished PD1 cell surface activation marker expression in CD4⁺ T cell","PD1 cell surface activation marker expression","4","Loss-of-function","","6.19737e-07","NA","CRISPR-Based Genome Editing","Base editing","38093011"
"NM_001002295.2(GATA3):c.1066A>G (p.Thr356Ala)","chr10","8073754","A/G","GATA3","-0.08","dataset0637","Missense","Neutral to the PD1 cell surface activation marker expression in CD4⁺ T cell","PD1 cell surface activation marker expression","4","Functionally normal","","","NA","CRISPR-Based Genome Editing","Base editing","38093011"
"NM_001002295.2(GATA3):c.1067C>T (p.Thr356Ile)","chr10","8073755","C/T","GATA3","-0.73","dataset0637","Missense","The diminished PD1 cell surface activation marker expression in CD4⁺ T cell","PD1 cell surface activation marker expression","4","Loss-of-function","","6.20079e-07","NA","CRISPR-Based Genome Editing","Base editing","38093011"
"NM_001002295.2(GATA3):c.1071G>A (p.Met357Ile)","chr10","8073759","G/A","GATA3","-0.13","dataset0637","Missense","Neutral to the PD1 cell surface activation marker expression in CD4⁺ T cell","PD1 cell surface activation marker expression","4","Functionally normal","","","NA","CRISPR-Based Genome Editing","Base editing","38093011"
"NM_001002295.2(GATA3):c.1074G>A (p.Lys358=)","chr10","8073762","G/A","GATA3","-0.357","dataset0637","Synonymous","The diminished PD1 cell surface activation marker expression in CD4⁺ T cell","PD1 cell surface activation marker expression","4","Loss-of-function","","","NA","CRISPR-Based Genome Editing","Base editing","38093011"
"NM_001002295.2(GATA3):c.1077G>A (p.Lys359=)","chr10","8073765","G/A","GATA3","-0.357","dataset0637","Synonymous","The diminished PD1 cell surface activation marker expression in CD4⁺ T cell","PD1 cell surface activation marker expression","4","Loss-of-function","","6.19867e-06","NA","CRISPR-Based Genome Editing","Base editing","38093011"
"NM_001002295.2(GATA3):c.1078G>A (p.Glu360Lys)","chr10","8073766","G/A","GATA3","-0.357","dataset0637","Missense","The diminished PD1 cell surface activation marker expression in CD4⁺ T cell","PD1 cell surface activation marker expression","4","Loss-of-function","","","NA","CRISPR-Based Genome Editing","Base editing","38093011"
"NM_001002295.2(GATA3):c.1081G>A (p.Gly361Ser)","chr10","8073769","G/A","GATA3","-0.357","dataset0637","Missense","The diminished PD1 cell surface activation marker expression in CD4⁺ T cell","PD1 cell surface activation marker expression","4","Loss-of-function","","","NA","CRISPR-Based Genome Editing","Base editing","38093011"
"NM_001002295.2(GATA3):c.1082G>A (p.Gly361Asp)","chr10","8073770","G/A","GATA3","-0.357","dataset0637","Missense","The diminished PD1 cell surface activation marker expression in CD4⁺ T cell","PD1 cell surface activation marker expression","4","Loss-of-function","","","NA","CRISPR-Based Genome Editing","Base editing","38093011"
"NM_001002295.2(GATA3):c.1100G>A (p.Arg367Gln)","chr10","8073788","G/A","GATA3","-0.001","dataset0637","Missense","Neutral to the PD1 cell surface activation marker expression in CD4⁺ T cell","PD1 cell surface activation marker expression","4","Functionally normal","","","skcm:0.2% (1/448):0.310","CRISPR-Based Genome Editing","Base editing","38093011"
"NM_001002295.2(GATA3):c.1106T>C (p.Met369Thr)","chr10","8073794","T/C","GATA3","0.037","dataset0637","Missense","Neutral to the PD1 cell surface activation marker expression in CD4⁺ T cell","PD1 cell surface activation marker expression","4","Functionally normal","","1.86015e-06","NA","CRISPR-Based Genome Editing","Base editing","38093011"
"NM_001002295.2(GATA3):c.1107G>A (p.Met369Ile)","chr10","8073795","G/A","GATA3","0.014","dataset0637","Missense","Neutral to the PD1 cell surface activation marker expression in CD4⁺ T cell","PD1 cell surface activation marker expression","4","Functionally normal","Uncertain significance","4.33716e-06","lusc:0.2% (1/487):0.380","CRISPR-Based Genome Editing","Base editing","38093011"
"NM_001002295.2(GATA3):c.1108T>C (p.Ser370Pro)","chr10","8073796","T/C","GATA3","0.021","dataset0637","Missense","Neutral to the PD1 cell surface activation marker expression in CD4⁺ T cell","PD1 cell surface activation marker expression","4","Functionally normal","","","NA","CRISPR-Based Genome Editing","Base editing","38093011"
"NM_001002295.2(GATA3):c.1110T>C (p.Ser370=)","chr10","8073798","T/C","GATA3","0.021","dataset0637","Synonymous","Neutral to the PD1 cell surface activation marker expression in CD4⁺ T cell","PD1 cell surface activation marker expression","4","Functionally normal","","","NA","CRISPR-Based Genome Editing","Base editing","38093011"
"NM_001002295.2(GATA3):c.1112G>A (p.Ser371Asn)","chr10","8073800","G/A","GATA3","-0.045","dataset0637","Missense","Neutral to the PD1 cell surface activation marker expression in CD4⁺ T cell","PD1 cell surface activation marker expression","4","Functionally normal","","","NA","CRISPR-Based Genome Editing","Base editing","38093011"
"NM_001002295.2(GATA3):c.1117T>C (p.Ser373Pro)","chr10","8073805","T/C","GATA3","-0.086","dataset0637","Missense","Neutral to the PD1 cell surface activation marker expression in CD4⁺ T cell","PD1 cell surface activation marker expression","4","Functionally normal","","","NA","CRISPR-Based Genome Editing","Base editing","38093011"
"NM_001002295.2(GATA3):c.1128C>T (p.Cys376=)","chr10","8073816","C/T","GATA3","-0.032","dataset0637","Synonymous","Neutral to the PD1 cell surface activation marker expression in CD4⁺ T cell","PD1 cell surface activation marker expression","4","Functionally normal","","5.57645e-06","NA","CRISPR-Based Genome Editing","Base editing","38093011"
"NM_001002295.2(GATA3):c.1130A>G (p.Lys377Arg)","chr10","8073818","A/G","GATA3","0.044","dataset0637","Missense","Neutral to the PD1 cell surface activation marker expression in CD4⁺ T cell","PD1 cell surface activation marker expression","4","Functionally normal","","","NA","CRISPR-Based Genome Editing","Base editing","38093011"
"NM_001002295.2(GATA3):c.1131A>G (p.Lys377=)","chr10","8073819","A/G","GATA3","0.044","dataset0637","Synonymous","Neutral to the PD1 cell surface activation marker expression in CD4⁺ T cell","PD1 cell surface activation marker expression","4","Functionally normal","","","NA","CRISPR-Based Genome Editing","Base editing","38093011"
"NM_001002295.2(GATA3):c.1132A>G (p.Lys378Glu)","chr10","8073820","A/G","GATA3","0.044","dataset0637","Missense","Neutral to the PD1 cell surface activation marker expression in CD4⁺ T cell","PD1 cell surface activation marker expression","4","Functionally normal","","","NA","CRISPR-Based Genome Editing","Base editing","38093011"
"NM_001002295.2(GATA3):c.1133A>G (p.Lys378Arg)","chr10","8073821","A/G","GATA3","0.072","dataset0637","Missense","Neutral to the PD1 cell surface activation marker expression in CD4⁺ T cell","PD1 cell surface activation marker expression","4","Functionally normal","","","NA","CRISPR-Based Genome Editing","Base editing","38093011"
"NM_001002295.2(GATA3):c.1134A>G (p.Lys378=)","chr10","8073822","A/G","GATA3","0.072","dataset0637","Synonymous","Neutral to the PD1 cell surface activation marker expression in CD4⁺ T cell","PD1 cell surface activation marker expression","4","Functionally normal","Likely benign","","NA","CRISPR-Based Genome Editing","Base editing","38093011"
"NM_001002295.2(GATA3):c.1135G>A (p.Val379Met)","chr10","8073823","G/A","GATA3","-0.102","dataset0637","Missense","Neutral to the PD1 cell surface activation marker expression in CD4⁺ T cell","PD1 cell surface activation marker expression","4","Functionally normal","Uncertain significance","","NA","CRISPR-Based Genome Editing","Base editing","38093011"
"NM_001002295.2(GATA3):c.1136T>C (p.Val379Ala)","chr10","8073824","T/C","GATA3","0.038","dataset0637","Missense","Neutral to the PD1 cell surface activation marker expression in CD4⁺ T cell","PD1 cell surface activation marker expression","4","Functionally normal","","","NA","CRISPR-Based Genome Editing","Base editing","38093011"
"NM_001002295.2(GATA3):c.1137G>A (p.Val379=)","chr10","8073825","G/A","GATA3","-0.102","dataset0637","Synonymous","Neutral to the PD1 cell surface activation marker expression in CD4⁺ T cell","PD1 cell surface activation marker expression","4","Functionally normal","","6.1954e-07","NA","CRISPR-Based Genome Editing","Base editing","38093011"
"NM_001002295.2(GATA3):c.1138C>T (p.His380Tyr)","chr10","8073826","C/T","GATA3","-0.056","dataset0637","Missense","Neutral to the PD1 cell surface activation marker expression in CD4⁺ T cell","PD1 cell surface activation marker expression","4","Functionally normal","","8.05468e-06","NA","CRISPR-Based Genome Editing","Base editing","38093011"
"NM_001002295.2(GATA3):c.1161C>T (p.Pro387=)","chr10","8073849","C/T","GATA3","-0.132","dataset0637","Synonymous","Neutral to the PD1 cell surface activation marker expression in CD4⁺ T cell","PD1 cell surface activation marker expression","4","Functionally normal","Likely benign","2.4781e-06","NA","CRISPR-Based Genome Editing","Base editing","38093011"
"NM_001002295.2(GATA3):c.1163A>G (p.Lys388Arg)","chr10","8073851","A/G","GATA3","-0.038","dataset0637","Missense","Neutral to the PD1 cell surface activation marker expression in CD4⁺ T cell","PD1 cell surface activation marker expression","4","Functionally normal","","","NA","CRISPR-Based Genome Editing","Base editing","38093011"
"NM_001002295.2(GATA3):c.1165A>G (p.Asn389Asp)","chr10","8073853","A/G","GATA3","-0.038","dataset0637","Missense","Neutral to the PD1 cell surface activation marker expression in CD4⁺ T cell","PD1 cell surface activation marker expression","4","Functionally normal","","","NA","CRISPR-Based Genome Editing","Base editing","38093011"
"NM_001002295.2(GATA3):c.1166A>G (p.Asn389Ser)","chr10","8073854","A/G","GATA3","-0.038","dataset0637","Missense","Neutral to the PD1 cell surface activation marker expression in CD4⁺ T cell","PD1 cell surface activation marker expression","4","Functionally normal","","4.58477e-05","NA","CRISPR-Based Genome Editing","Base editing","38093011"
"NM_001002295.2(GATA3):c.1167C>T (p.Asn389=)","chr10","8073855","C/T","GATA3","-0.132","dataset0637","Synonymous","Neutral to the PD1 cell surface activation marker expression in CD4⁺ T cell","PD1 cell surface activation marker expression","4","Functionally normal","","","NA","CRISPR-Based Genome Editing","Base editing","38093011"
"NM_001002295.2(GATA3):c.1168A>G (p.Ser390Gly)","chr10","8073856","A/G","GATA3","-0.038","dataset0637","Missense","Neutral to the PD1 cell surface activation marker expression in CD4⁺ T cell","PD1 cell surface activation marker expression","4","Functionally normal","","6.1951e-07","NA","CRISPR-Based Genome Editing","Base editing","38093011"
"NM_001002295.2(GATA3):c.1169G>A (p.Ser390Asn)","chr10","8073857","G/A","GATA3","-0.161","dataset0637","Missense","Neutral to the PD1 cell surface activation marker expression in CD4⁺ T cell","PD1 cell surface activation marker expression","4","Functionally normal","","","NA","CRISPR-Based Genome Editing","Base editing","38093011"
"NM_001002295.2(GATA3):c.1170C>T (p.Ser390=)","chr10","8073858","C/T","GATA3","-0.132","dataset0637","Synonymous","Neutral to the PD1 cell surface activation marker expression in CD4⁺ T cell","PD1 cell surface activation marker expression","4","Functionally normal","","","NA","CRISPR-Based Genome Editing","Base editing","38093011"
"NM_001002295.2(GATA3):c.1172C>T (p.Ser391Leu)","chr10","8073860","C/T","GATA3","-0.132","dataset0637","Missense","Neutral to the PD1 cell surface activation marker expression in CD4⁺ T cell","PD1 cell surface activation marker expression","4","Functionally normal","","4.33663e-06","blca:0.2% (1/411):0.320","CRISPR-Based Genome Editing","Base editing","38093011"
"NM_001002295.2(GATA3):c.1173G>A (p.Ser391=)","chr10","8073861","G/A","GATA3","0.099","dataset0637","Synonymous","Neutral to the PD1 cell surface activation marker expression in CD4⁺ T cell","PD1 cell surface activation marker expression","4","Functionally normal","Uncertain significance","2.7262e-05","NA","CRISPR-Based Genome Editing","Base editing","38093011"
"NM_001002295.2(GATA3):c.1174T>C (p.Phe392Leu)","chr10","8073862","T/C","GATA3","-0.015","dataset0637","Missense","Neutral to the PD1 cell surface activation marker expression in CD4⁺ T cell","PD1 cell surface activation marker expression","4","Functionally normal","","","NA","CRISPR-Based Genome Editing","Base editing","38093011"
"NM_001002295.2(GATA3):c.1175T>C (p.Phe392Ser)","chr10","8073863","T/C","GATA3","0.045","dataset0637","Missense","Neutral to the PD1 cell surface activation marker expression in CD4⁺ T cell","PD1 cell surface activation marker expression","4","Functionally normal","","","NA","CRISPR-Based Genome Editing","Base editing","38093011"
"NM_001002295.2(GATA3):c.1176T>C (p.Phe392=)","chr10","8073864","T/C","GATA3","0.045","dataset0637","Synonymous","Neutral to the PD1 cell surface activation marker expression in CD4⁺ T cell","PD1 cell surface activation marker expression","4","Functionally normal","","","NA","CRISPR-Based Genome Editing","Base editing","38093011"
"NM_001002295.2(GATA3):c.1196G>A (p.Arg399Lys)","chr10","8073884","G/A","GATA3","-0.046","dataset0637","Missense","Neutral to the PD1 cell surface activation marker expression in CD4⁺ T cell","PD1 cell surface activation marker expression","4","Functionally normal","","","NA","CRISPR-Based Genome Editing","Base editing","38093011"
"NM_001002295.2(GATA3):c.1202T>C (p.Met401Thr)","chr10","8073890","T/C","GATA3","0.01","dataset0637","Missense","Neutral to the PD1 cell surface activation marker expression in CD4⁺ T cell","PD1 cell surface activation marker expression","4","Functionally normal","Uncertain significance","4.33737e-06","NA","CRISPR-Based Genome Editing","Base editing","38093011"
"NM_001002295.2(GATA3):c.1203G>A (p.Met401Ile)","chr10","8073891","G/A","GATA3","-0.168","dataset0637","Missense","Neutral to the PD1 cell surface activation marker expression in CD4⁺ T cell","PD1 cell surface activation marker expression","4","Functionally normal","Uncertain significance","","NA","CRISPR-Based Genome Editing","Base editing","38093011"
"NM_001002295.2(GATA3):c.1204T>C (p.Ser402Pro)","chr10","8073892","T/C","GATA3","0.198","dataset0637","Missense","Neutral to the PD1 cell surface activation marker expression in CD4⁺ T cell","PD1 cell surface activation marker expression","4","Functionally normal","","","NA","CRISPR-Based Genome Editing","Base editing","38093011"
"NM_001002295.2(GATA3):c.1207T>C (p.Ser403Pro)","chr10","8073895","T/C","GATA3","-0.229","dataset0637","Missense","The diminished PD1 cell surface activation marker expression in CD4⁺ T cell","PD1 cell surface activation marker expression","3","Loss-of-function","","","NA","CRISPR-Based Genome Editing","Base editing","38093011"
"NM_001002295.2(GATA3):c.1211T>C (p.Leu404Pro)","chr10","8073899","T/C","GATA3","0.023","dataset0637","Missense","Neutral to the PD1 cell surface activation marker expression in CD4⁺ T cell","PD1 cell surface activation marker expression","4","Functionally normal","","1.23909e-06","NA","CRISPR-Based Genome Editing","Base editing","38093011"
"NM_001002295.2(GATA3):c.1212G>A (p.Leu404=)","chr10","8073900","G/A","GATA3","0.196","dataset0637","Synonymous","Neutral to the PD1 cell surface activation marker expression in CD4⁺ T cell","PD1 cell surface activation marker expression","4","Functionally normal","","","NA","CRISPR-Based Genome Editing","Base editing","38093011"
"NM_001002295.2(GATA3):c.1214G>A (p.Ser405Asn)","chr10","8073902","G/A","GATA3","0.196","dataset0637","Missense","Neutral to the PD1 cell surface activation marker expression in CD4⁺ T cell","PD1 cell surface activation marker expression","4","Functionally normal","","","NA","CRISPR-Based Genome Editing","Base editing","38093011"
"NM_001002295.2(GATA3):c.1220T>C (p.Ile407Thr)","chr10","8073908","T/C","GATA3","0.088","dataset0637","Missense","Neutral to the PD1 cell surface activation marker expression in CD4⁺ T cell","PD1 cell surface activation marker expression","4","Functionally normal","","","NA","CRISPR-Based Genome Editing","Base editing","38093011"
"NM_001002295.2(GATA3):c.1222T>C (p.Ser408Pro)","chr10","8073910","T/C","GATA3","0.088","dataset0637","Missense","Neutral to the PD1 cell surface activation marker expression in CD4⁺ T cell","PD1 cell surface activation marker expression","4","Functionally normal","","","NA","CRISPR-Based Genome Editing","Base editing","38093011"
"NM_001002295.2(GATA3):c.1224G>A (p.Ser408=)","chr10","8073912","G/A","GATA3","-0.162","dataset0637","Synonymous","Neutral to the PD1 cell surface activation marker expression in CD4⁺ T cell","PD1 cell surface activation marker expression","4","Functionally normal","","1.61097e-05","NA","CRISPR-Based Genome Editing","Base editing","38093011"
"NM_001002295.2(GATA3):c.1228T>C (p.Phe410Leu)","chr10","8073916","T/C","GATA3","-0.048","dataset0637","Missense","Neutral to the PD1 cell surface activation marker expression in CD4⁺ T cell","PD1 cell surface activation marker expression","4","Functionally normal","","","NA","CRISPR-Based Genome Editing","Base editing","38093011"
"NM_001002295.2(GATA3):c.1229T>C (p.Phe410Ser)","chr10","8073917","T/C","GATA3","-0.207","dataset0637","Missense","The diminished PD1 cell surface activation marker expression in CD4⁺ T cell","PD1 cell surface activation marker expression","4","Loss-of-function","","","NA","CRISPR-Based Genome Editing","Base editing","38093011"
"NM_001002295.2(GATA3):c.1232G>A (p.Ser411Asn)","chr10","8073920","G/A","GATA3","-0.259","dataset0637","Missense","The diminished PD1 cell surface activation marker expression in CD4⁺ T cell","PD1 cell surface activation marker expression","4","Loss-of-function","","","NA","CRISPR-Based Genome Editing","Base editing","38093011"
"NM_001002295.2(GATA3):c.1241G>A (p.Ser414Asn)","chr10","8073929","G/A","GATA3","-0.072","dataset0637","Missense","Neutral to the PD1 cell surface activation marker expression in CD4⁺ T cell","PD1 cell surface activation marker expression","4","Functionally normal","","6.19547e-07","NA","CRISPR-Based Genome Editing","Base editing","38093011"
"NM_001002295.2(GATA3):c.1248G>A (p.Met416Ile)","chr10","8073936","G/A","GATA3","-0.092","dataset0637","Missense","Neutral to the PD1 cell surface activation marker expression in CD4⁺ T cell","PD1 cell surface activation marker expression","4","Functionally normal","","6.19562e-07","NA","CRISPR-Based Genome Editing","Base editing","38093011"
"NM_001002295.2(GATA3):c.1250T>C (p.Leu417Pro)","chr10","8073938","T/C","GATA3","-0.181","dataset0637","Missense","Neutral to the PD1 cell surface activation marker expression in CD4⁺ T cell","PD1 cell surface activation marker expression","4","Functionally normal","","","NA","CRISPR-Based Genome Editing","Base editing","38093011"
"NM_001002295.2(GATA3):c.1251G>A (p.Leu417=)","chr10","8073939","G/A","GATA3","-0.288","dataset0637","Synonymous","The diminished PD1 cell surface activation marker expression in CD4⁺ T cell","PD1 cell surface activation marker expression","4","Loss-of-function","","","NA","CRISPR-Based Genome Editing","Base editing","38093011"
"NM_001002295.2(GATA3):c.1257G>A (p.Thr419=)","chr10","8073945","G/A","GATA3","0.437","dataset0637","Synonymous","The enhanced PD1 cell surface activation marker expression in CD4⁺ T cell","PD1 cell surface activation marker expression","4","Gain-of-function","Benign","0.0412137","NA","CRISPR-Based Genome Editing","Base editing","38093011"
"NM_001002295.2(GATA3):c.1263G>A (p.Thr421=)","chr10","8073951","G/A","GATA3","-0.41","dataset0637","Synonymous","The diminished PD1 cell surface activation marker expression in CD4⁺ T cell","PD1 cell surface activation marker expression","4","Loss-of-function","","0.000169159","NA","CRISPR-Based Genome Editing","Base editing","38093011"
"NM_001002295.2(GATA3):c.1266G>A (p.Pro422=)","chr10","8073954","G/A","GATA3","0.375","dataset0637","Synonymous","The enhanced PD1 cell surface activation marker expression in CD4⁺ T cell","PD1 cell surface activation marker expression","4","Gain-of-function","Uncertain significance","1.9826e-05","NA","CRISPR-Based Genome Editing","Base editing","38093011"
"NM_001002295.2(GATA3):c.1268T>C (p.Met423Thr)","chr10","8073956","T/C","GATA3","0.062","dataset0637","Missense","Neutral to the PD1 cell surface activation marker expression in CD4⁺ T cell","PD1 cell surface activation marker expression","4","Functionally normal","","6.19525e-07","NA","CRISPR-Based Genome Editing","Base editing","38093011"
"NM_001002295.2(GATA3):c.1269G>A (p.Met423Ile)","chr10","8073957","G/A","GATA3","0.065","dataset0637","Missense","Neutral to the PD1 cell surface activation marker expression in CD4⁺ T cell","PD1 cell surface activation marker expression","4","Functionally normal","","","NA","CRISPR-Based Genome Editing","Base editing","38093011"
"NM_001002295.2(GATA3):c.1273C>T (p.Pro425Ser)","chr10","8073961","C/T","GATA3","-0.269","dataset0637","Missense","The diminished PD1 cell surface activation marker expression in CD4⁺ T cell","PD1 cell surface activation marker expression","4","Loss-of-function","","6.19508e-07","NA","CRISPR-Based Genome Editing","Base editing","38093011"
"NM_001002295.2(GATA3):c.1274C>T (p.Pro425Leu)","chr10","8073962","C/T","GATA3","-0.269","dataset0637","Missense","The diminished PD1 cell surface activation marker expression in CD4⁺ T cell","PD1 cell surface activation marker expression","4","Loss-of-function","","4.95643e-06","NA","CRISPR-Based Genome Editing","Base editing","38093011"
"NM_001002295.2(GATA3):c.1275G>A (p.Pro425=)","chr10","8073963","G/A","GATA3","-0.059","dataset0637","Synonymous","Neutral to the PD1 cell surface activation marker expression in CD4⁺ T cell","PD1 cell surface activation marker expression","4","Functionally normal","Likely benign","9.54144e-05","NA","CRISPR-Based Genome Editing","Base editing","38093011"
"NM_001002295.2(GATA3):c.1276C>T (p.Pro426Ser)","chr10","8073964","C/T","GATA3","-0.269","dataset0637","Missense","The diminished PD1 cell surface activation marker expression in CD4⁺ T cell","PD1 cell surface activation marker expression","4","Loss-of-function","Uncertain significance","8.67389e-06","NA","CRISPR-Based Genome Editing","Base editing","38093011"
"NM_001002295.2(GATA3):c.1277C>T (p.Pro426Leu)","chr10","8073965","C/T","GATA3","-0.269","dataset0637","Missense","The diminished PD1 cell surface activation marker expression in CD4⁺ T cell","PD1 cell surface activation marker expression","4","Loss-of-function","","","NA","CRISPR-Based Genome Editing","Base editing","38093011"
"NM_001002295.2(GATA3):c.1278A>G (p.Pro426=)","chr10","8073966","A/G","GATA3","0.077","dataset0637","Synonymous","Neutral to the PD1 cell surface activation marker expression in CD4⁺ T cell","PD1 cell surface activation marker expression","4","Functionally normal","","","NA","CRISPR-Based Genome Editing","Base editing","38093011"
"NM_001002295.2(GATA3):c.1279T>C (p.Ser427Pro)","chr10","8073967","T/C","GATA3","0.088","dataset0637","Missense","Neutral to the PD1 cell surface activation marker expression in CD4⁺ T cell","PD1 cell surface activation marker expression","4","Functionally normal","","","NA","CRISPR-Based Genome Editing","Base editing","38093011"
"NM_001002295.2(GATA3):c.1280C>T (p.Ser427Phe)","chr10","8073968","C/T","GATA3","-0.269","dataset0637","Missense","The diminished PD1 cell surface activation marker expression in CD4⁺ T cell","PD1 cell surface activation marker expression","4","Loss-of-function","","","skcm:0.2% (1/448):0.330","CRISPR-Based Genome Editing","Base editing","38093011"
"NM_001002295.2(GATA3):c.1281C>T (p.Ser427=)","chr10","8073969","C/T","GATA3","-0.269","dataset0637","Synonymous","The diminished PD1 cell surface activation marker expression in CD4⁺ T cell","PD1 cell surface activation marker expression","4","Loss-of-function","","6.1951e-07","NA","CRISPR-Based Genome Editing","Base editing","38093011"
"NM_001002295.2(GATA3):c.1283G>A (p.Ser428Asn)","chr10","8073971","G/A","GATA3","-0.011","dataset0637","Missense","Neutral to the PD1 cell surface activation marker expression in CD4⁺ T cell","PD1 cell surface activation marker expression","4","Functionally normal","","","NA","CRISPR-Based Genome Editing","Base editing","38093011"
"NM_001002295.2(GATA3):c.1284C>T (p.Ser428=)","chr10","8073972","C/T","GATA3","-0.269","dataset0637","Synonymous","The diminished PD1 cell surface activation marker expression in CD4⁺ T cell","PD1 cell surface activation marker expression","4","Loss-of-function","","","NA","CRISPR-Based Genome Editing","Base editing","38093011"
"NM_001002295.2(GATA3):c.1285C>T (p.Leu429=)","chr10","8073973","C/T","GATA3","-0.269","dataset0637","Synonymous","The diminished PD1 cell surface activation marker expression in CD4⁺ T cell","PD1 cell surface activation marker expression","4","Loss-of-function","","3.09751e-06","NA","CRISPR-Based Genome Editing","Base editing","38093011"
"NM_001002295.2(GATA3):c.1287G>A (p.Leu429=)","chr10","8073975","G/A","GATA3","0.117","dataset0637","Synonymous","Neutral to the PD1 cell surface activation marker expression in CD4⁺ T cell","PD1 cell surface activation marker expression","4","Functionally normal","","","NA","CRISPR-Based Genome Editing","Base editing","38093011"
"NM_001002295.2(GATA3):c.1288T>C (p.Ser430Pro)","chr10","8073976","T/C","GATA3","-0.128","dataset0637","Missense","Neutral to the PD1 cell surface activation marker expression in CD4⁺ T cell","PD1 cell surface activation marker expression","4","Functionally normal","","","NA","CRISPR-Based Genome Editing","Base editing","38093011"
"NM_001002295.2(GATA3):c.1291T>C (p.Phe431Leu)","chr10","8073979","T/C","GATA3","0.159","dataset0637","Missense","Neutral to the PD1 cell surface activation marker expression in CD4⁺ T cell","PD1 cell surface activation marker expression","4","Functionally normal","","6.19523e-07","NA","CRISPR-Based Genome Editing","Base editing","38093011"
"NM_001002295.2(GATA3):c.1292T>C (p.Phe431Ser)","chr10","8073980","T/C","GATA3","0.159","dataset0637","Missense","Neutral to the PD1 cell surface activation marker expression in CD4⁺ T cell","PD1 cell surface activation marker expression","4","Functionally normal","","","NA","CRISPR-Based Genome Editing","Base editing","38093011"
"NM_001002295.2(GATA3):c.1293T>C (p.Phe431=)","chr10","8073981","T/C","GATA3","-0.092","dataset0637","Synonymous","Neutral to the PD1 cell surface activation marker expression in CD4⁺ T cell","PD1 cell surface activation marker expression","4","Functionally normal","","","NA","CRISPR-Based Genome Editing","Base editing","38093011"
"NM_001002295.2(GATA3):c.1294G>A (p.Gly432Arg)","chr10","8073982","G/A","GATA3","-0.245","dataset0637","Missense","The diminished PD1 cell surface activation marker expression in CD4⁺ T cell","PD1 cell surface activation marker expression","4","Loss-of-function","","1.85878e-06","NA","CRISPR-Based Genome Editing","Base editing","38093011"
"NM_001002295.2(GATA3):c.1295G>A (p.Gly432Glu)","chr10","8073983","G/A","GATA3","0.051","dataset0637","Missense","Neutral to the PD1 cell surface activation marker expression in CD4⁺ T cell","PD1 cell surface activation marker expression","4","Functionally normal","","1.23919e-06","NA","CRISPR-Based Genome Editing","Base editing","38093011"
"NM_001002295.2(GATA3):c.1297C>T (p.Pro433Ser)","chr10","8073985","C/T","GATA3","0.254","dataset0637","Missense","Neutral to the PD1 cell surface activation marker expression in CD4⁺ T cell","PD1 cell surface activation marker expression","4","Functionally normal","","6.19518e-07","NA","CRISPR-Based Genome Editing","Base editing","38093011"
"NM_001002295.2(GATA3):c.1298C>T (p.Pro433Leu)","chr10","8073986","C/T","GATA3","0.254","dataset0637","Missense","Neutral to the PD1 cell surface activation marker expression in CD4⁺ T cell","PD1 cell surface activation marker expression","4","Functionally normal","","","NA","CRISPR-Based Genome Editing","Base editing","38093011"
"NM_001002295.2(GATA3):c.1299A>G (p.Pro433=)","chr10","8073987","A/G","GATA3","0.1","dataset0637","Synonymous","Neutral to the PD1 cell surface activation marker expression in CD4⁺ T cell","PD1 cell surface activation marker expression","4","Functionally normal","","","NA","CRISPR-Based Genome Editing","Base editing","38093011"
"NM_001002295.2(GATA3):c.1300C>T (p.His434Tyr)","chr10","8073988","C/T","GATA3","0.254","dataset0637","Missense","Neutral to the PD1 cell surface activation marker expression in CD4⁺ T cell","PD1 cell surface activation marker expression","4","Functionally normal","","6.19513e-07","NA","CRISPR-Based Genome Editing","Base editing","38093011"
"NM_001002295.2(GATA3):c.1301A>G (p.His434Arg)","chr10","8073989","A/G","GATA3","0.1","dataset0637","Missense","Neutral to the PD1 cell surface activation marker expression in CD4⁺ T cell","PD1 cell surface activation marker expression","4","Functionally normal","","","NA","CRISPR-Based Genome Editing","Base editing","38093011"
"NM_001002295.2(GATA3):c.1302C>T (p.His434=)","chr10","8073990","C/T","GATA3","0.254","dataset0637","Synonymous","Neutral to the PD1 cell surface activation marker expression in CD4⁺ T cell","PD1 cell surface activation marker expression","4","Functionally normal","","6.19522e-06","NA","CRISPR-Based Genome Editing","Base editing","38093011"
"NM_001002295.2(GATA3):c.1303C>T (p.His435Tyr)","chr10","8073991","C/T","GATA3","0.254","dataset0637","Missense","Neutral to the PD1 cell surface activation marker expression in CD4⁺ T cell","PD1 cell surface activation marker expression","4","Functionally normal","","","NA","CRISPR-Based Genome Editing","Base editing","38093011"
"NM_001002295.2(GATA3):c.1305C>T (p.His435=)","chr10","8073993","C/T","GATA3","0.254","dataset0637","Synonymous","Neutral to the PD1 cell surface activation marker expression in CD4⁺ T cell","PD1 cell surface activation marker expression","4","Functionally normal","","","NA","CRISPR-Based Genome Editing","Base editing","38093011"
"NM_001002295.2(GATA3):c.1306C>T (p.Pro436Ser)","chr10","8073994","C/T","GATA3","0.254","dataset0637","Missense","Neutral to the PD1 cell surface activation marker expression in CD4⁺ T cell","PD1 cell surface activation marker expression","4","Functionally normal","","1.23903e-06","NA","CRISPR-Based Genome Editing","Base editing","38093011"
"NM_001002295.2(GATA3):c.1307C>T (p.Pro436Leu)","chr10","8073995","C/T","GATA3","0.254","dataset0637","Missense","Neutral to the PD1 cell surface activation marker expression in CD4⁺ T cell","PD1 cell surface activation marker expression","4","Functionally normal","","","NA","CRISPR-Based Genome Editing","Base editing","38093011"
"NM_001002295.2(GATA3):c.1308C>T (p.Pro436=)","chr10","8073996","C/T","GATA3","-0.153","dataset0637","Synonymous","Neutral to the PD1 cell surface activation marker expression in CD4⁺ T cell","PD1 cell surface activation marker expression","4","Functionally normal","","","NA","CRISPR-Based Genome Editing","Base editing","38093011"
"NM_001002295.2(GATA3):c.1309T>C (p.Ser437Pro)","chr10","8073997","T/C","GATA3","0.065","dataset0637","Missense","Neutral to the PD1 cell surface activation marker expression in CD4⁺ T cell","PD1 cell surface activation marker expression","4","Functionally normal","","","NA","CRISPR-Based Genome Editing","Base editing","38093011"
"NM_001002295.2(GATA3):c.1310C>T (p.Ser437Phe)","chr10","8073998","C/T","GATA3","-0.032","dataset0637","Missense","Neutral to the PD1 cell surface activation marker expression in CD4⁺ T cell","PD1 cell surface activation marker expression","4","Functionally normal","","3.09756e-06","NA","CRISPR-Based Genome Editing","Base editing","38093011"
"NM_001002295.2(GATA3):c.1311C>T (p.Ser437=)","chr10","8073999","C/T","GATA3","-0.032","dataset0637","Synonymous","Neutral to the PD1 cell surface activation marker expression in CD4⁺ T cell","PD1 cell surface activation marker expression","4","Functionally normal","","3.09761e-06","NA","CRISPR-Based Genome Editing","Base editing","38093011"
"NM_001002295.2(GATA3):c.1312A>G (p.Ser438Gly)","chr10","8074000","A/G","GATA3","0.098","dataset0637","Missense","Neutral to the PD1 cell surface activation marker expression in CD4⁺ T cell","PD1 cell surface activation marker expression","4","Functionally normal","","","NA","CRISPR-Based Genome Editing","Base editing","38093011"
"NM_001002295.2(GATA3):c.1313G>A (p.Ser438Asn)","chr10","8074001","G/A","GATA3","-0.008","dataset0637","Missense","Neutral to the PD1 cell surface activation marker expression in CD4⁺ T cell","PD1 cell surface activation marker expression","4","Functionally normal","","","NA","CRISPR-Based Genome Editing","Base editing","38093011"
"NM_001002295.2(GATA3):c.1314C>T (p.Ser438=)","chr10","8074002","C/T","GATA3","-0.032","dataset0637","Synonymous","Neutral to the PD1 cell surface activation marker expression in CD4⁺ T cell","PD1 cell surface activation marker expression","4","Functionally normal","","","NA","CRISPR-Based Genome Editing","Base editing","38093011"
"NM_001002295.2(GATA3):c.1315A>G (p.Met439Val)","chr10","8074003","A/G","GATA3","0.098","dataset0637","Missense","Neutral to the PD1 cell surface activation marker expression in CD4⁺ T cell","PD1 cell surface activation marker expression","4","Functionally normal","","","NA","CRISPR-Based Genome Editing","Base editing","38093011"
"NM_001002295.2(GATA3):c.1316T>C (p.Met439Thr)","chr10","8074004","T/C","GATA3","0.136","dataset0637","Missense","Neutral to the PD1 cell surface activation marker expression in CD4⁺ T cell","PD1 cell surface activation marker expression","4","Functionally normal","","","NA","CRISPR-Based Genome Editing","Base editing","38093011"
"NM_001002295.2(GATA3):c.1317G>A (p.Met439Ile)","chr10","8074005","G/A","GATA3","-0.102","dataset0637","Missense","Neutral to the PD1 cell surface activation marker expression in CD4⁺ T cell","PD1 cell surface activation marker expression","4","Functionally normal","","","NA","CRISPR-Based Genome Editing","Base editing","38093011"
"NM_001002295.2(GATA3):c.1318G>A (p.Val440Ile)","chr10","8074006","G/A","GATA3","-0.102","dataset0637","Missense","Neutral to the PD1 cell surface activation marker expression in CD4⁺ T cell","PD1 cell surface activation marker expression","4","Functionally normal","","1.23913e-06","NA","CRISPR-Based Genome Editing","Base editing","38093011"
"NM_001002295.2(GATA3):c.1319T>C (p.Val440Ala)","chr10","8074007","T/C","GATA3","0.237","dataset0637","Missense","Neutral to the PD1 cell surface activation marker expression in CD4⁺ T cell","PD1 cell surface activation marker expression","4","Functionally normal","","","NA","CRISPR-Based Genome Editing","Base editing","38093011"
"NM_001002295.2(GATA3):c.1320C>T (p.Val440=)","chr10","8074008","C/T","GATA3","-0.032","dataset0637","Synonymous","Neutral to the PD1 cell surface activation marker expression in CD4⁺ T cell","PD1 cell surface activation marker expression","4","Functionally normal","","","NA","CRISPR-Based Genome Editing","Base editing","38093011"
"NM_001002295.2(GATA3):c.1324G>A (p.Ala442Thr)","chr10","8074012","G/A","GATA3","0.144","dataset0637","Missense","Neutral to the PD1 cell surface activation marker expression in CD4⁺ T cell","PD1 cell surface activation marker expression","4","Functionally normal","","6.19576e-06","lusc:0.2% (1/487):0.200;stad:0.2% (1/440):0.070","CRISPR-Based Genome Editing","Base editing","38093011"
"NM_001002295.2(GATA3):c.1328T>C (p.Met443Thr)","chr10","8074016","T/C","GATA3","0.042","dataset0637","Missense","Neutral to the PD1 cell surface activation marker expression in CD4⁺ T cell","PD1 cell surface activation marker expression","4","Functionally normal","","","NA","CRISPR-Based Genome Editing","Base editing","38093011"
"NM_001002295.2(GATA3):c.1329G>A (p.Met443Ile)","chr10","8074017","G/A","GATA3","-0.019","dataset0637","Missense","Neutral to the PD1 cell surface activation marker expression in CD4⁺ T cell","PD1 cell surface activation marker expression","4","Functionally normal","","","NA","CRISPR-Based Genome Editing","Base editing","38093011"
"NM_001002295.2(GATA3):c.1330G>A (p.Gly444Ser)","chr10","8074018","G/A","GATA3","-0.128","dataset0637","Missense","Neutral to the PD1 cell surface activation marker expression in CD4⁺ T cell","PD1 cell surface activation marker expression","4","Functionally normal","","","NA","CRISPR-Based Genome Editing","Base editing","38093011"
"NM_001002295.2(GATA3):c.1331G>A (p.Gly444Asp)","chr10","8074019","G/A","GATA3","-0.128","dataset0637","Missense","Neutral to the PD1 cell surface activation marker expression in CD4⁺ T cell","PD1 cell surface activation marker expression","4","Functionally normal","","6.19576e-07","NA","CRISPR-Based Genome Editing","Base editing","38093011"
