"Identifier","Chrom","Position","Ref/Alt","Gene name","Score","Dataset ID","Molecular consequence","Functional description","Phenotype","Cross-assay hits","Functional classification","ClinVar information","Population frequency","TCGA summary","MAVE technique","Mutagenesis strategy","Publication"
"NM_000051.4(ATM):c.19G>A (p.Asp7Asn)","chr11","108227643","G/A","ATM","-0.584","dataset0078","Missense","Neutral to the ATM-mediated anti-cell growth with Olaparib in MCF10A","ATM-mediated anti-cell growth with Olaparib","5","Functionally normal","","","NA","CRISPR-Based Genome Editing","Base editing","33606978"
"NM_000051.4(ATM):c.52G>A (p.Asp18Asn)","chr11","108227676","G/A","ATM","-0.237","dataset0078","Missense","Neutral to the ATM-mediated anti-cell growth with Olaparib in MCF10A","ATM-mediated anti-cell growth with Olaparib","5","Functionally normal","Uncertain significance","","NA","CRISPR-Based Genome Editing","Base editing","33606978"
"NM_000051.4(ATM):c.56G>A (p.Arg19Lys)","chr11","108227680","G/A","ATM","-0.237","dataset0078","Missense","Neutral to the ATM-mediated anti-cell growth with Olaparib in MCF10A","ATM-mediated anti-cell growth with Olaparib","5","Functionally normal","Conflicting classifications of pathogenicity","","NA","CRISPR-Based Genome Editing","Base editing","33606978"
"NM_000051.4(ATM):c.112G>A (p.Glu38Lys)","chr11","108227815","G/A","ATM","-0.235","dataset0078","Missense","Neutral to the ATM-mediated anti-cell growth with Olaparib in MCF10A","ATM-mediated anti-cell growth with Olaparib","5","Functionally normal","Uncertain significance","","NA","CRISPR-Based Genome Editing","Base editing","33606978"
"NM_000051.4(ATM):c.116C>T (p.Thr39Ile)","chr11","108227819","C/T","ATM","-0.606","dataset0078","Missense","Neutral to the ATM-mediated anti-cell growth with Olaparib in MCF10A","ATM-mediated anti-cell growth with Olaparib","5","Functionally normal","Uncertain significance","","NA","CRISPR-Based Genome Editing","Base editing","33606978"
"NM_000051.4(ATM):c.136C>T (p.His46Tyr)","chr11","108227839","C/T","ATM","-0.575","dataset0078","Missense","Neutral to the ATM-mediated anti-cell growth with Olaparib in MCF10A","ATM-mediated anti-cell growth with Olaparib","5","Functionally normal","","","NA","CRISPR-Based Genome Editing","Base editing","33606978"
"NM_000051.4(ATM):c.140C>T (p.Ser47Leu)","chr11","108227843","C/T","ATM","-0.575","dataset0078","Missense","Neutral to the ATM-mediated anti-cell growth with Olaparib in MCF10A","ATM-mediated anti-cell growth with Olaparib","5","Functionally normal","Uncertain significance","","NA","CRISPR-Based Genome Editing","Base editing","33606978"
"NM_000051.4(ATM):c.151C>T (p.Gln51Ter)","chr11","108227854","C/T","ATM","-0.786","dataset0078","Nonsense","Neutral to the ATM-mediated anti-cell growth with Olaparib in MCF10A","ATM-mediated anti-cell growth with Olaparib","5","Functionally normal","Pathogenic","6.19858e-07","NA","CRISPR-Based Genome Editing","Base editing","33606978"
"NM_000051.4(ATM):c.251C>T (p.Ala84Val)","chr11","108229243","C/T","ATM","-0.649","dataset0078","Missense","Neutral to the ATM-mediated anti-cell growth with Olaparib in MCF10A","ATM-mediated anti-cell growth with Olaparib","5","Functionally normal","Conflicting classifications of pathogenicity","1.23949e-06","NA","CRISPR-Based Genome Editing","Base editing","33606978"
"NM_000051.4(ATM):c.254C>T (p.Ser85Leu)","chr11","108229246","C/T","ATM","-0.649","dataset0078","Missense","Neutral to the ATM-mediated anti-cell growth with Olaparib in MCF10A","ATM-mediated anti-cell growth with Olaparib","5","Functionally normal","","","NA","CRISPR-Based Genome Editing","Base editing","33606978"
"NM_000051.4(ATM):c.266C>T (p.Ser89Phe)","chr11","108229258","C/T","ATM","-0.286","dataset0078","Missense","Neutral to the ATM-mediated anti-cell growth with Olaparib in MCF10A","ATM-mediated anti-cell growth with Olaparib","5","Functionally normal","Uncertain significance","","NA","CRISPR-Based Genome Editing","Base editing","33606978"
"NM_000051.4(ATM):c.269G>A (p.Arg90Lys)","chr11","108229261","G/A","ATM","0.035","dataset0078","Missense","Neutral to the ATM-mediated anti-cell growth with Olaparib in MCF10A","ATM-mediated anti-cell growth with Olaparib","5","Functionally normal","","6.19689e-07","NA","CRISPR-Based Genome Editing","Base editing","33606978"
"NM_000051.4(ATM):c.271C>T (p.Gln91Ter)","chr11","108229263","C/T","ATM","-0.286","dataset0078","Nonsense","Neutral to the ATM-mediated anti-cell growth with Olaparib in MCF10A","ATM-mediated anti-cell growth with Olaparib","5","Functionally normal","Pathogenic","","NA","CRISPR-Based Genome Editing","Base editing","33606978"
"NM_000051.4(ATM):c.282G>A (p.Met94Ile)","chr11","108229274","G/A","ATM","-0.336","dataset0078","Missense","Neutral to the ATM-mediated anti-cell growth with Olaparib in MCF10A","ATM-mediated anti-cell growth with Olaparib","5","Functionally normal","Uncertain significance","","NA","CRISPR-Based Genome Editing","Base editing","33606978"
"NM_000051.4(ATM):c.283C>T (p.Gln95Ter)","chr11","108229275","C/T","ATM","-0.315","dataset0078","Nonsense","Neutral to the ATM-mediated anti-cell growth with Olaparib in MCF10A","ATM-mediated anti-cell growth with Olaparib","5","Functionally normal","Pathogenic/Likely pathogenic","6.19792e-07","NA","CRISPR-Based Genome Editing","Base editing","33606978"
"NM_000051.4(ATM):c.286G>A (p.Glu96Lys)","chr11","108229278","G/A","ATM","-0.092","dataset0078","Missense","Neutral to the ATM-mediated anti-cell growth with Olaparib in MCF10A","ATM-mediated anti-cell growth with Olaparib","5","Functionally normal","Uncertain significance","","NA","CRISPR-Based Genome Editing","Base editing","33606978"
"NM_000051.4(ATM):c.355G>A (p.Glu119Lys)","chr11","108235693","G/A","ATM","-0.029","dataset0078","Missense","Neutral to the ATM-mediated anti-cell growth with Olaparib in MCF10A","ATM-mediated anti-cell growth with Olaparib","5","Functionally normal","","","NA","CRISPR-Based Genome Editing","Base editing","33606978"
"NM_000051.4(ATM):c.358C>T (p.Leu120Phe)","chr11","108235696","C/T","ATM","-1.569","dataset0078","Missense","The reduced ATM-mediated anti-cell growth with Olaparib in MCF10A","ATM-mediated anti-cell growth with Olaparib","5","Loss-of-function","","","NA","CRISPR-Based Genome Editing","Base editing","33606978"
"NM_000051.4(ATM):c.395C>T (p.Ser132Phe)","chr11","108235733","C/T","ATM","0.704","dataset0078","Missense","Neutral to the ATM-mediated anti-cell growth with Olaparib in MCF10A","ATM-mediated anti-cell growth with Olaparib","5","Functionally normal","Uncertain significance","6.2022e-06","NA","CRISPR-Based Genome Editing","Base editing","33606978"
"NM_000051.4(ATM):c.448C>T (p.Leu150Phe)","chr11","108235786","C/T","ATM","-0.426","dataset0078","Missense","Neutral to the ATM-mediated anti-cell growth with Olaparib in MCF10A","ATM-mediated anti-cell growth with Olaparib","5","Functionally normal","Uncertain significance","","NA","CRISPR-Based Genome Editing","Base editing","33606978"
"NM_000051.4(ATM):c.452C>T (p.Ser151Phe)","chr11","108235790","C/T","ATM","-0.426","dataset0078","Missense","Neutral to the ATM-mediated anti-cell growth with Olaparib in MCF10A","ATM-mediated anti-cell growth with Olaparib","5","Functionally normal","Uncertain significance","6.19623e-07","NA","CRISPR-Based Genome Editing","Base editing","33606978"
"NM_000051.4(ATM):c.479C>T (p.Ser160Phe)","chr11","108235817","C/T","ATM","-0.403","dataset0078","Missense","Neutral to the ATM-mediated anti-cell growth with Olaparib in MCF10A","ATM-mediated anti-cell growth with Olaparib","5","Functionally normal","Uncertain significance","1.85902e-06","NA","CRISPR-Based Genome Editing","Base editing","33606978"
"NM_000051.4(ATM):c.481C>T (p.Gln161Ter)","chr11","108235819","C/T","ATM","-0.403","dataset0078","Nonsense","Neutral to the ATM-mediated anti-cell growth with Olaparib in MCF10A","ATM-mediated anti-cell growth with Olaparib","5","Functionally normal","","","NA","CRISPR-Based Genome Editing","Base editing","33606978"
"NM_000051.4(ATM):c.547C>T (p.His183Tyr)","chr11","108244003","C/T","ATM","-0.256","dataset0078","Missense","Neutral to the ATM-mediated anti-cell growth with Olaparib in MCF10A","ATM-mediated anti-cell growth with Olaparib","5","Functionally normal","Uncertain significance","","NA","CRISPR-Based Genome Editing","Base editing","33606978"
"NM_000051.4(ATM):c.551G>A (p.Arg184Lys)","chr11","108244007","G/A","ATM","-0.696","dataset0078","Missense","Neutral to the ATM-mediated anti-cell growth with Olaparib in MCF10A","ATM-mediated anti-cell growth with Olaparib","5","Functionally normal","Uncertain significance","","NA","CRISPR-Based Genome Editing","Base editing","33606978"
"NM_000051.4(ATM):c.574C>T (p.His192Tyr)","chr11","108244030","C/T","ATM","0.119","dataset0078","Missense","Neutral to the ATM-mediated anti-cell growth with Olaparib in MCF10A","ATM-mediated anti-cell growth with Olaparib","5","Functionally normal","Uncertain significance","0","NA","CRISPR-Based Genome Editing","Base editing","33606978"
"NM_000051.4(ATM):c.647C>T (p.Ala216Val)","chr11","108244103","C/T","ATM","0.032","dataset0078","Missense","Neutral to the ATM-mediated anti-cell growth with Olaparib in MCF10A","ATM-mediated anti-cell growth with Olaparib","5","Functionally normal","Uncertain significance","","NA","CRISPR-Based Genome Editing","Base editing","33606978"
"NM_000051.4(ATM):c.656G>A (p.Cys219Tyr)","chr11","108244112","G/A","ATM","0.347","dataset0078","Missense","Neutral to the ATM-mediated anti-cell growth with Olaparib in MCF10A","ATM-mediated anti-cell growth with Olaparib","5","Functionally normal","","","NA","CRISPR-Based Genome Editing","Base editing","33606978"
"NM_000051.4(ATM):c.658G>A (p.Ala220Thr)","chr11","108244114","G/A","ATM","0.347","dataset0078","Missense","Neutral to the ATM-mediated anti-cell growth with Olaparib in MCF10A","ATM-mediated anti-cell growth with Olaparib","5","Functionally normal","Conflicting classifications of pathogenicity","3.0986e-06","NA","CRISPR-Based Genome Editing","Base editing","33606978"
"NM_000051.4(ATM):c.664C>T (p.Gln222Ter)","chr11","108244789","C/T","ATM","-0.592","dataset0078","Nonsense","Neutral to the ATM-mediated anti-cell growth with Olaparib in MCF10A","ATM-mediated anti-cell growth with Olaparib","5","Functionally normal","Pathogenic/Likely pathogenic","6.20568e-07","NA","CRISPR-Based Genome Editing","Base editing","33606978"
"NM_000051.4(ATM):c.710C>T (p.Thr237Ile)","chr11","108244835","C/T","ATM","-0.059","dataset0078","Missense","Neutral to the ATM-mediated anti-cell growth with Olaparib in MCF10A","ATM-mediated anti-cell growth with Olaparib","5","Functionally normal","Uncertain significance","6.19693e-07","NA","CRISPR-Based Genome Editing","Base editing","33606978"
"NM_000051.4(ATM):c.733G>A (p.Val245Ile)","chr11","108244858","G/A","ATM","0.095","dataset0078","Missense","Neutral to the ATM-mediated anti-cell growth with Olaparib in MCF10A","ATM-mediated anti-cell growth with Olaparib","5","Functionally normal","Conflicting classifications of pathogenicity","","NA","CRISPR-Based Genome Editing","Base editing","33606978"
"NM_000051.4(ATM):c.748C>T (p.Arg250Ter)","chr11","108244873","C/T","ATM","0.493","dataset0078","Nonsense","Neutral to the ATM-mediated anti-cell growth with Olaparib in MCF10A","ATM-mediated anti-cell growth with Olaparib","5","Functionally normal","Pathogenic","6.19695e-06","blca:0.2% (1/411):0.570;coad:0.5% (2/439):0.250;kirc:0.2% (1/512):0.300;read:1.3% (2/155):0.490;ucec:0.6% (3/529):0.280","CRISPR-Based Genome Editing","Base editing","33606978"
"NM_000051.4(ATM):c.778_779delinsTT (p.Pro260Phe)","chr11","108244903","CC/TT","ATM","-0.26","dataset0078","Missense","Neutral to the ATM-mediated anti-cell growth with Olaparib in MCF10A","ATM-mediated anti-cell growth with Olaparib","5","Functionally normal","","","NA","CRISPR-Based Genome Editing","Base editing","33606978"
"NM_000051.4(ATM):c.778C>T (p.Pro260Ser)","chr11","108244903","C/T","ATM","-0.26","dataset0078","Missense","Neutral to the ATM-mediated anti-cell growth with Olaparib in MCF10A","ATM-mediated anti-cell growth with Olaparib","5","Functionally normal","Uncertain significance","","NA","CRISPR-Based Genome Editing","Base editing","33606978"
"NM_000051.4(ATM):c.779C>T (p.Pro260Leu)","chr11","108244904","C/T","ATM","-0.26","dataset0078","Missense","Neutral to the ATM-mediated anti-cell growth with Olaparib in MCF10A","ATM-mediated anti-cell growth with Olaparib","5","Functionally normal","Uncertain significance","1.23944e-06","NA","CRISPR-Based Genome Editing","Base editing","33606978"
"NM_000051.4(ATM):c.782C>T (p.Thr261Ile)","chr11","108244907","C/T","ATM","-0.26","dataset0078","Missense","Neutral to the ATM-mediated anti-cell growth with Olaparib in MCF10A","ATM-mediated anti-cell growth with Olaparib","5","Functionally normal","","","NA","CRISPR-Based Genome Editing","Base editing","33606978"
"NM_000051.4(ATM):c.797G>A (p.Trp266Ter)","chr11","108244922","G/A","ATM","-1.234","dataset0078","Nonsense","The reduced ATM-mediated anti-cell growth with Olaparib in MCF10A","ATM-mediated anti-cell growth with Olaparib","5","Loss-of-function","Likely pathogenic","6.19879e-07","NA","CRISPR-Based Genome Editing","Base editing","33606978"
"NM_000051.4(ATM):c.883G>A (p.Ala295Thr)","chr11","108245008","G/A","ATM","0.344","dataset0078","Missense","Neutral to the ATM-mediated anti-cell growth with Olaparib in MCF10A","ATM-mediated anti-cell growth with Olaparib","5","Functionally normal","Uncertain significance","","NA","CRISPR-Based Genome Editing","Base editing","33606978"
"NM_000051.4(ATM):c.884C>T (p.Ala295Val)","chr11","108245009","C/T","ATM","-0.124","dataset0078","Missense","Neutral to the ATM-mediated anti-cell growth with Olaparib in MCF10A","ATM-mediated anti-cell growth with Olaparib","5","Functionally normal","Uncertain significance","0","NA","CRISPR-Based Genome Editing","Base editing","33606978"
"NM_000051.4(ATM):c.890C>T (p.Thr297Ile)","chr11","108245015","C/T","ATM","-0.735","dataset0078","Missense","Neutral to the ATM-mediated anti-cell growth with Olaparib in MCF10A","ATM-mediated anti-cell growth with Olaparib","5","Functionally normal","Uncertain significance","","NA","CRISPR-Based Genome Editing","Base editing","33606978"
"NM_000051.4(ATM):c.892C>T (p.Gln298Ter)","chr11","108245017","C/T","ATM","-0.735","dataset0078","Nonsense","Neutral to the ATM-mediated anti-cell growth with Olaparib in MCF10A","ATM-mediated anti-cell growth with Olaparib","5","Functionally normal","Pathogenic","","NA","CRISPR-Based Genome Editing","Base editing","33606978"
"NM_000051.4(ATM):c.901G>A (p.Gly301Ser)","chr11","108245026","G/A","ATM","-0.396","dataset0078","Missense","Neutral to the ATM-mediated anti-cell growth with Olaparib in MCF10A","ATM-mediated anti-cell growth with Olaparib","5","Functionally normal","Conflicting classifications of pathogenicity","","NA","CRISPR-Based Genome Editing","Base editing","33606978"
"NM_000051.4(ATM):c.905C>T (p.Ala302Val)","chr11","108246967","C/T","ATM","-0.26","dataset0078","Missense","Neutral to the ATM-mediated anti-cell growth with Olaparib in MCF10A","ATM-mediated anti-cell growth with Olaparib","5","Functionally normal","Uncertain significance","3.10819e-06","NA","CRISPR-Based Genome Editing","Base editing","33606978"
"NM_000051.4(ATM):c.973C>T (p.His325Tyr)","chr11","108247035","C/T","ATM","0.431","dataset0078","Missense","Neutral to the ATM-mediated anti-cell growth with Olaparib in MCF10A","ATM-mediated anti-cell growth with Olaparib","5","Functionally normal","","6.19863e-07","NA","CRISPR-Based Genome Editing","Base editing","33606978"
"NM_000051.4(ATM):c.1039G>A (p.Glu347Lys)","chr11","108247101","G/A","ATM","-0.316","dataset0078","Missense","Neutral to the ATM-mediated anti-cell growth with Olaparib in MCF10A","ATM-mediated anti-cell growth with Olaparib","5","Functionally normal","","","esca:0.5% (1/182):0.430","CRISPR-Based Genome Editing","Base editing","33606978"
"NM_000051.4(ATM):c.1049C>T (p.Ala350Val)","chr11","108247111","C/T","ATM","-0.123","dataset0078","Missense","Neutral to the ATM-mediated anti-cell growth with Olaparib in MCF10A","ATM-mediated anti-cell growth with Olaparib","5","Functionally normal","Uncertain significance","7.43751e-06","NA","CRISPR-Based Genome Editing","Base editing","33606978"
"NM_000051.4(ATM):c.1060C>T (p.His354Tyr)","chr11","108247122","C/T","ATM","0.293","dataset0078","Missense","Neutral to the ATM-mediated anti-cell growth with Olaparib in MCF10A","ATM-mediated anti-cell growth with Olaparib","5","Functionally normal","Uncertain significance","","NA","CRISPR-Based Genome Editing","Base editing","33606978"
"NM_000051.4(ATM):c.1063C>T (p.Gln355Ter)","chr11","108247125","C/T","ATM","0.293","dataset0078","Nonsense","Neutral to the ATM-mediated anti-cell growth with Olaparib in MCF10A","ATM-mediated anti-cell growth with Olaparib","5","Functionally normal","Pathogenic","","NA","CRISPR-Based Genome Editing","Base editing","33606978"
"NM_000051.4(ATM):c.1216G>A (p.Asp406Asn)","chr11","108249083","G/A","ATM","-0.321","dataset0078","Missense","Neutral to the ATM-mediated anti-cell growth with Olaparib in MCF10A","ATM-mediated anti-cell growth with Olaparib","5","Functionally normal","Uncertain significance","","lusc:0.2% (1/487):0.160","CRISPR-Based Genome Editing","Base editing","33606978"
"NM_000051.4(ATM):c.1289G>A (p.Cys430Tyr)","chr11","108250754","G/A","ATM","0.212","dataset0078","Missense","Neutral to the ATM-mediated anti-cell growth with Olaparib in MCF10A","ATM-mediated anti-cell growth with Olaparib","5","Functionally normal","","","NA","CRISPR-Based Genome Editing","Base editing","33606978"
"NM_000051.4(ATM):c.1330_1331delinsTT (p.Pro444Phe)","chr11","108250795","CC/TT","ATM","0.212","dataset0078","Missense","Neutral to the ATM-mediated anti-cell growth with Olaparib in MCF10A","ATM-mediated anti-cell growth with Olaparib","5","Functionally normal","","","NA","CRISPR-Based Genome Editing","Base editing","33606978"
"NM_000051.4(ATM):c.1330C>T (p.Pro444Ser)","chr11","108250795","C/T","ATM","0.212","dataset0078","Missense","Neutral to the ATM-mediated anti-cell growth with Olaparib in MCF10A","ATM-mediated anti-cell growth with Olaparib","5","Functionally normal","Uncertain significance","","NA","CRISPR-Based Genome Editing","Base editing","33606978"
"NM_000051.4(ATM):c.1331C>T (p.Pro444Leu)","chr11","108250796","C/T","ATM","0.212","dataset0078","Missense","Neutral to the ATM-mediated anti-cell growth with Olaparib in MCF10A","ATM-mediated anti-cell growth with Olaparib","5","Functionally normal","Uncertain significance","","NA","CRISPR-Based Genome Editing","Base editing","33606978"
"NM_000051.4(ATM):c.1333C>T (p.Gln445Ter)","chr11","108250798","C/T","ATM","0.265","dataset0078","Nonsense","Neutral to the ATM-mediated anti-cell growth with Olaparib in MCF10A","ATM-mediated anti-cell growth with Olaparib","5","Functionally normal","Pathogenic","","NA","CRISPR-Based Genome Editing","Base editing","33606978"
"NM_000051.4(ATM):c.1345_1346delinsAA (p.Gly449Lys)","chr11","108250810","GG/AA","ATM","0.836","dataset0078","Missense","Neutral to the ATM-mediated anti-cell growth with Olaparib in MCF10A","ATM-mediated anti-cell growth with Olaparib","5","Functionally normal","","","NA","CRISPR-Based Genome Editing","Base editing","33606978"
"NM_000051.4(ATM):c.1345G>A (p.Gly449Arg)","chr11","108250810","G/A","ATM","0.836","dataset0078","Missense","Neutral to the ATM-mediated anti-cell growth with Olaparib in MCF10A","ATM-mediated anti-cell growth with Olaparib","5","Functionally normal","Uncertain significance","6.19595e-07","NA","CRISPR-Based Genome Editing","Base editing","33606978"
"NM_000051.4(ATM):c.1346G>A (p.Gly449Glu)","chr11","108250811","G/A","ATM","0.406","dataset0078","Missense","Neutral to the ATM-mediated anti-cell growth with Olaparib in MCF10A","ATM-mediated anti-cell growth with Olaparib","5","Functionally normal","Uncertain significance","","NA","CRISPR-Based Genome Editing","Base editing","33606978"
"NM_000051.4(ATM):c.1348G>A (p.Glu450Lys)","chr11","108250813","G/A","ATM","0.367","dataset0078","Missense","Neutral to the ATM-mediated anti-cell growth with Olaparib in MCF10A","ATM-mediated anti-cell growth with Olaparib","5","Functionally normal","Uncertain significance","","NA","CRISPR-Based Genome Editing","Base editing","33606978"
"NM_000051.4(ATM):c.1352G>A (p.Arg451His)","chr11","108250817","G/A","ATM","0.29","dataset0078","Missense","Neutral to the ATM-mediated anti-cell growth with Olaparib in MCF10A","ATM-mediated anti-cell growth with Olaparib","5","Functionally normal","Uncertain significance","1.30118e-05","NA","CRISPR-Based Genome Editing","Base editing","33606978"
"NM_000051.4(ATM):c.1373G>A (p.Cys458Tyr)","chr11","108250838","G/A","ATM","-0.483","dataset0078","Missense","Neutral to the ATM-mediated anti-cell growth with Olaparib in MCF10A","ATM-mediated anti-cell growth with Olaparib","5","Functionally normal","Uncertain significance","1.23905e-06","NA","CRISPR-Based Genome Editing","Base editing","33606978"
"NM_000051.4(ATM):c.1388C>T (p.Ala463Val)","chr11","108250853","C/T","ATM","-0.063","dataset0078","Missense","Neutral to the ATM-mediated anti-cell growth with Olaparib in MCF10A","ATM-mediated anti-cell growth with Olaparib","5","Functionally normal","","","NA","CRISPR-Based Genome Editing","Base editing","33606978"
"NM_000051.4(ATM):c.1394G>A (p.Cys465Tyr)","chr11","108250859","G/A","ATM","0.299","dataset0078","Missense","Neutral to the ATM-mediated anti-cell growth with Olaparib in MCF10A","ATM-mediated anti-cell growth with Olaparib","5","Functionally normal","","","NA","CRISPR-Based Genome Editing","Base editing","33606978"
"NM_000051.4(ATM):c.1433C>T (p.Ser478Leu)","chr11","108250898","C/T","ATM","-0.141","dataset0078","Missense","Neutral to the ATM-mediated anti-cell growth with Olaparib in MCF10A","ATM-mediated anti-cell growth with Olaparib","5","Functionally normal","Uncertain significance","","NA","CRISPR-Based Genome Editing","Base editing","33606978"
"NM_000051.4(ATM):c.1447C>T (p.Leu483Phe)","chr11","108250912","C/T","ATM","-0.572","dataset0078","Missense","Neutral to the ATM-mediated anti-cell growth with Olaparib in MCF10A","ATM-mediated anti-cell growth with Olaparib","5","Functionally normal","Uncertain significance","6.19536e-07","NA","CRISPR-Based Genome Editing","Base editing","33606978"
"NM_000051.4(ATM):c.1487G>A (p.Ser496Asn)","chr11","108250952","G/A","ATM","-0.638","dataset0078","Missense","Neutral to the ATM-mediated anti-cell growth with Olaparib in MCF10A","ATM-mediated anti-cell growth with Olaparib","5","Functionally normal","Uncertain significance","1.425e-05","NA","CRISPR-Based Genome Editing","Base editing","33606978"
"NM_000051.4(ATM):c.1492G>A (p.Glu498Lys)","chr11","108250957","G/A","ATM","-0.638","dataset0078","Missense","Neutral to the ATM-mediated anti-cell growth with Olaparib in MCF10A","ATM-mediated anti-cell growth with Olaparib","5","Functionally normal","","","NA","CRISPR-Based Genome Editing","Base editing","33606978"
"NM_000051.4(ATM):c.1501C>T (p.Gln501Ter)","chr11","108250966","C/T","ATM","0.117","dataset0078","Nonsense","Neutral to the ATM-mediated anti-cell growth with Olaparib in MCF10A","ATM-mediated anti-cell growth with Olaparib","5","Functionally normal","Pathogenic","6.19547e-07","NA","CRISPR-Based Genome Editing","Base editing","33606978"
"NM_000051.4(ATM):c.1522C>T (p.Leu508Phe)","chr11","108250987","C/T","ATM","0.111","dataset0078","Missense","Neutral to the ATM-mediated anti-cell growth with Olaparib in MCF10A","ATM-mediated anti-cell growth with Olaparib","5","Functionally normal","Uncertain significance","1.85865e-06","NA","CRISPR-Based Genome Editing","Base editing","33606978"
"NM_000051.4(ATM):c.1537C>T (p.Gln513Ter)","chr11","108251002","C/T","ATM","0.042","dataset0078","Nonsense","Neutral to the ATM-mediated anti-cell growth with Olaparib in MCF10A","ATM-mediated anti-cell growth with Olaparib","5","Functionally normal","Pathogenic","","NA","CRISPR-Based Genome Editing","Base editing","33606978"
"NM_000051.4(ATM):c.1544G>A (p.Ser515Asn)","chr11","108251009","G/A","ATM","-0.433","dataset0078","Missense","Neutral to the ATM-mediated anti-cell growth with Olaparib in MCF10A","ATM-mediated anti-cell growth with Olaparib","5","Functionally normal","","","NA","CRISPR-Based Genome Editing","Base editing","33606978"
"NM_000051.4(ATM):c.1549G>A (p.Val517Ile)","chr11","108251014","G/A","ATM","-0.433","dataset0078","Missense","Neutral to the ATM-mediated anti-cell growth with Olaparib in MCF10A","ATM-mediated anti-cell growth with Olaparib","5","Functionally normal","Uncertain significance","","NA","CRISPR-Based Genome Editing","Base editing","33606978"
"NM_000051.4(ATM):c.1589C>T (p.Ser530Leu)","chr11","108251054","C/T","ATM","0.437","dataset0078","Missense","Neutral to the ATM-mediated anti-cell growth with Olaparib in MCF10A","ATM-mediated anti-cell growth with Olaparib","5","Functionally normal","Uncertain significance","","NA","CRISPR-Based Genome Editing","Base editing","33606978"
"NM_000051.4(ATM):c.1592C>T (p.Ala531Val)","chr11","108251057","C/T","ATM","0.437","dataset0078","Missense","Neutral to the ATM-mediated anti-cell growth with Olaparib in MCF10A","ATM-mediated anti-cell growth with Olaparib","5","Functionally normal","Uncertain significance","6.19569e-07","NA","CRISPR-Based Genome Editing","Base editing","33606978"
"NM_000051.4(ATM):c.1607G>A (p.Cys536Tyr)","chr11","108251072","G/A","ATM","-0.337","dataset0078","Missense","Neutral to the ATM-mediated anti-cell growth with Olaparib in MCF10A","ATM-mediated anti-cell growth with Olaparib","5","Functionally normal","","","NA","CRISPR-Based Genome Editing","Base editing","33606978"
"NM_000051.4(ATM):c.1613C>T (p.Ala538Val)","chr11","108251842","C/T","ATM","0.217","dataset0078","Missense","Neutral to the ATM-mediated anti-cell growth with Olaparib in MCF10A","ATM-mediated anti-cell growth with Olaparib","5","Functionally normal","Uncertain significance","6.19743e-07","NA","CRISPR-Based Genome Editing","Base editing","33606978"
"NM_000051.4(ATM):c.1640C>T (p.Thr547Ile)","chr11","108251869","C/T","ATM","0.111","dataset0078","Missense","Neutral to the ATM-mediated anti-cell growth with Olaparib in MCF10A","ATM-mediated anti-cell growth with Olaparib","5","Functionally normal","Conflicting classifications of pathogenicity","1.23932e-06","NA","CRISPR-Based Genome Editing","Base editing","33606978"
"NM_000051.4(ATM):c.1643C>T (p.Thr548Ile)","chr11","108251872","C/T","ATM","-0.107","dataset0078","Missense","Neutral to the ATM-mediated anti-cell growth with Olaparib in MCF10A","ATM-mediated anti-cell growth with Olaparib","5","Functionally normal","","","NA","CRISPR-Based Genome Editing","Base editing","33606978"
"NM_000051.4(ATM):c.1654C>T (p.Pro552Ser)","chr11","108251883","C/T","ATM","0.134","dataset0078","Missense","Neutral to the ATM-mediated anti-cell growth with Olaparib in MCF10A","ATM-mediated anti-cell growth with Olaparib","5","Functionally normal","","1.23932e-06","NA","CRISPR-Based Genome Editing","Base editing","33606978"
"NM_000051.4(ATM):c.1655C>T (p.Pro552Leu)","chr11","108251884","C/T","ATM","0.134","dataset0078","Missense","Neutral to the ATM-mediated anti-cell growth with Olaparib in MCF10A","ATM-mediated anti-cell growth with Olaparib","5","Functionally normal","Uncertain significance","","NA","CRISPR-Based Genome Editing","Base editing","33606978"
"NM_000051.4(ATM):c.1657_1658delinsAA (p.Gly553Lys)","chr11","108251886","GG/AA","ATM","-0.634","dataset0078","Missense","Neutral to the ATM-mediated anti-cell growth with Olaparib in MCF10A","ATM-mediated anti-cell growth with Olaparib","5","Functionally normal","","","NA","CRISPR-Based Genome Editing","Base editing","33606978"
"NM_000051.4(ATM):c.1657G>A (p.Gly553Arg)","chr11","108251886","G/A","ATM","-0.634","dataset0078","Missense","Neutral to the ATM-mediated anti-cell growth with Olaparib in MCF10A","ATM-mediated anti-cell growth with Olaparib","5","Functionally normal","Uncertain significance","1.23926e-06","NA","CRISPR-Based Genome Editing","Base editing","33606978"
"NM_000051.4(ATM):c.1658G>A (p.Gly553Glu)","chr11","108251887","G/A","ATM","-0.577","dataset0078","Missense","Neutral to the ATM-mediated anti-cell growth with Olaparib in MCF10A","ATM-mediated anti-cell growth with Olaparib","5","Functionally normal","Uncertain significance","1.23924e-06","NA","CRISPR-Based Genome Editing","Base editing","33606978"
"NM_000051.4(ATM):c.1663G>A (p.Val555Ile)","chr11","108251892","G/A","ATM","-0.519","dataset0078","Missense","Neutral to the ATM-mediated anti-cell growth with Olaparib in MCF10A","ATM-mediated anti-cell growth with Olaparib","5","Functionally normal","Uncertain significance","","NA","CRISPR-Based Genome Editing","Base editing","33606978"
"NM_000051.4(ATM):c.1671G>A (p.Met557Ile)","chr11","108251900","G/A","ATM","-0.013","dataset0078","Missense","Neutral to the ATM-mediated anti-cell growth with Olaparib in MCF10A","ATM-mediated anti-cell growth with Olaparib","5","Functionally normal","Conflicting classifications of pathogenicity","1.85899e-06","NA","CRISPR-Based Genome Editing","Base editing","33606978"
"NM_000051.4(ATM):c.1672_1673delinsAA (p.Gly558Lys)","chr11","108251901","GG/AA","ATM","-0.013","dataset0078","Missense","Neutral to the ATM-mediated anti-cell growth with Olaparib in MCF10A","ATM-mediated anti-cell growth with Olaparib","5","Functionally normal","","","NA","CRISPR-Based Genome Editing","Base editing","33606978"
"NM_000051.4(ATM):c.1672G>A (p.Gly558Arg)","chr11","108251901","G/A","ATM","-0.013","dataset0078","Missense","Neutral to the ATM-mediated anti-cell growth with Olaparib in MCF10A","ATM-mediated anti-cell growth with Olaparib","5","Functionally normal","Uncertain significance","","NA","CRISPR-Based Genome Editing","Base editing","33606978"
"NM_000051.4(ATM):c.1673G>A (p.Gly558Glu)","chr11","108251902","G/A","ATM","-0.013","dataset0078","Missense","Neutral to the ATM-mediated anti-cell growth with Olaparib in MCF10A","ATM-mediated anti-cell growth with Olaparib","5","Functionally normal","Uncertain significance","6.19608e-07","NA","CRISPR-Based Genome Editing","Base editing","33606978"
"NM_000051.4(ATM):c.1786_1787delinsTT (p.Pro596Phe)","chr11","108252015","CC/TT","ATM","-0.099","dataset0078","Missense","Neutral to the ATM-mediated anti-cell growth with Olaparib in MCF10A","ATM-mediated anti-cell growth with Olaparib","5","Functionally normal","","","NA","CRISPR-Based Genome Editing","Base editing","33606978"
"NM_000051.4(ATM):c.1786C>T (p.Pro596Ser)","chr11","108252015","C/T","ATM","-0.099","dataset0078","Missense","Neutral to the ATM-mediated anti-cell growth with Olaparib in MCF10A","ATM-mediated anti-cell growth with Olaparib","5","Functionally normal","","","NA","CRISPR-Based Genome Editing","Base editing","33606978"
"NM_000051.4(ATM):c.1787C>T (p.Pro596Leu)","chr11","108252016","C/T","ATM","-0.099","dataset0078","Missense","Neutral to the ATM-mediated anti-cell growth with Olaparib in MCF10A","ATM-mediated anti-cell growth with Olaparib","5","Functionally normal","Uncertain significance","","NA","CRISPR-Based Genome Editing","Base editing","33606978"
"NM_000051.4(ATM):c.1802G>A (p.Ser601Asn)","chr11","108252031","G/A","ATM","0.348","dataset0078","Missense","Neutral to the ATM-mediated anti-cell growth with Olaparib in MCF10A","ATM-mediated anti-cell growth with Olaparib","5","Functionally normal","Uncertain significance","0","NA","CRISPR-Based Genome Editing","Base editing","33606978"
"NM_000051.4(ATM):c.1810C>T (p.Pro604Ser)","chr11","108252824","C/T","ATM","-0.409","dataset0078","Missense","Neutral to the ATM-mediated anti-cell growth with Olaparib in MCF10A","ATM-mediated anti-cell growth with Olaparib","5","Functionally normal","Conflicting classifications of pathogenicity","0.00224397","NA","CRISPR-Based Genome Editing","Base editing","33606978"
"NM_000051.4(ATM):c.1825G>A (p.Glu609Lys)","chr11","108252839","G/A","ATM","-0.941","dataset0078","Missense","The reduced ATM-mediated anti-cell growth with Olaparib in MCF10A","ATM-mediated anti-cell growth with Olaparib","5","Loss-of-function","Uncertain significance","0","NA","CRISPR-Based Genome Editing","Base editing","33606978"
"NM_000051.4(ATM):c.1882C>T (p.Gln628Ter)","chr11","108252896","C/T","ATM","0.29","dataset0078","Nonsense","Neutral to the ATM-mediated anti-cell growth with Olaparib in MCF10A","ATM-mediated anti-cell growth with Olaparib","5","Functionally normal","Pathogenic/Likely pathogenic","1.86198e-06","luad:0.2% (1/566):0.100;ucec:0.2% (1/529):0.060","CRISPR-Based Genome Editing","Base editing","33606978"
"NM_000051.4(ATM):c.1898G>A (p.Cys633Tyr)","chr11","108252912","G/A","ATM","0.112","dataset0078","Missense","Neutral to the ATM-mediated anti-cell growth with Olaparib in MCF10A","ATM-mediated anti-cell growth with Olaparib","5","Functionally normal","Uncertain significance","6.23456e-07","NA","CRISPR-Based Genome Editing","Base editing","33606978"
"NM_000051.4(ATM):c.1921G>A (p.Glu641Lys)","chr11","108253836","G/A","ATM","-0.65","dataset0078","Missense","Neutral to the ATM-mediated anti-cell growth with Olaparib in MCF10A","ATM-mediated anti-cell growth with Olaparib","5","Functionally normal","","","NA","CRISPR-Based Genome Editing","Base editing","33606978"
"NM_000051.4(ATM):c.1924G>A (p.Glu642Lys)","chr11","108253839","G/A","ATM","-0.51","dataset0078","Missense","Neutral to the ATM-mediated anti-cell growth with Olaparib in MCF10A","ATM-mediated anti-cell growth with Olaparib","5","Functionally normal","Uncertain significance","","brca:0.1% (1/1084):0.710","CRISPR-Based Genome Editing","Base editing","33606978"
"NM_000051.4(ATM):c.1964C>T (p.Thr655Ile)","chr11","108253879","C/T","ATM","-0.052","dataset0078","Missense","Neutral to the ATM-mediated anti-cell growth with Olaparib in MCF10A","ATM-mediated anti-cell growth with Olaparib","5","Functionally normal","Uncertain significance","","NA","CRISPR-Based Genome Editing","Base editing","33606978"
"NM_000051.4(ATM):c.1991C>T (p.Thr664Ile)","chr11","108253906","C/T","ATM","-0.174","dataset0078","Missense","Neutral to the ATM-mediated anti-cell growth with Olaparib in MCF10A","ATM-mediated anti-cell growth with Olaparib","5","Functionally normal","Conflicting classifications of pathogenicity","6.19574e-07","NA","CRISPR-Based Genome Editing","Base editing","33606978"
"NM_000051.4(ATM):c.2006G>A (p.Cys669Tyr)","chr11","108253921","G/A","ATM","0.219","dataset0078","Missense","Neutral to the ATM-mediated anti-cell growth with Olaparib in MCF10A","ATM-mediated anti-cell growth with Olaparib","5","Functionally normal","Uncertain significance","","NA","CRISPR-Based Genome Editing","Base editing","33606978"
"NM_000051.4(ATM):c.2008_2009delinsAA (p.Gly670Asn)","chr11","108253923","GG/AA","ATM","0.219","dataset0078","Missense","Neutral to the ATM-mediated anti-cell growth with Olaparib in MCF10A","ATM-mediated anti-cell growth with Olaparib","5","Functionally normal","","","NA","CRISPR-Based Genome Editing","Base editing","33606978"
"NM_000051.4(ATM):c.2008G>A (p.Gly670Ser)","chr11","108253923","G/A","ATM","0.219","dataset0078","Missense","Neutral to the ATM-mediated anti-cell growth with Olaparib in MCF10A","ATM-mediated anti-cell growth with Olaparib","5","Functionally normal","Uncertain significance","","NA","CRISPR-Based Genome Editing","Base editing","33606978"
"NM_000051.4(ATM):c.2009G>A (p.Gly670Asp)","chr11","108253924","G/A","ATM","0.219","dataset0078","Missense","Neutral to the ATM-mediated anti-cell growth with Olaparib in MCF10A","ATM-mediated anti-cell growth with Olaparib","5","Functionally normal","Uncertain significance","1.85871e-06","NA","CRISPR-Based Genome Editing","Base editing","33606978"
"NM_000051.4(ATM):c.2020C>T (p.His674Tyr)","chr11","108253935","C/T","ATM","0.294","dataset0078","Missense","Neutral to the ATM-mediated anti-cell growth with Olaparib in MCF10A","ATM-mediated anti-cell growth with Olaparib","5","Functionally normal","Uncertain significance","6.19551e-07","NA","CRISPR-Based Genome Editing","Base editing","33606978"
"NM_000051.4(ATM):c.2042C>T (p.Ser681Phe)","chr11","108253957","C/T","ATM","-0.9","dataset0078","Missense","Neutral to the ATM-mediated anti-cell growth with Olaparib in MCF10A","ATM-mediated anti-cell growth with Olaparib","5","Functionally normal","Uncertain significance","1.23907e-06","NA","CRISPR-Based Genome Editing","Base editing","33606978"
"NM_000051.4(ATM):c.2044G>A (p.Val682Ile)","chr11","108253959","G/A","ATM","0.359","dataset0078","Missense","Neutral to the ATM-mediated anti-cell growth with Olaparib in MCF10A","ATM-mediated anti-cell growth with Olaparib","5","Functionally normal","","","NA","CRISPR-Based Genome Editing","Base editing","33606978"
"NM_000051.4(ATM):c.2047C>T (p.His683Tyr)","chr11","108253962","C/T","ATM","-0.9","dataset0078","Missense","Neutral to the ATM-mediated anti-cell growth with Olaparib in MCF10A","ATM-mediated anti-cell growth with Olaparib","5","Functionally normal","Uncertain significance","","NA","CRISPR-Based Genome Editing","Base editing","33606978"
"NM_000051.4(ATM):c.2056C>T (p.Leu686Phe)","chr11","108253971","C/T","ATM","-0.506","dataset0078","Missense","Neutral to the ATM-mediated anti-cell growth with Olaparib in MCF10A","ATM-mediated anti-cell growth with Olaparib","5","Functionally normal","","","NA","CRISPR-Based Genome Editing","Base editing","33606978"
"NM_000051.4(ATM):c.2062G>A (p.Glu688Lys)","chr11","108253977","G/A","ATM","-0.55","dataset0078","Missense","Neutral to the ATM-mediated anti-cell growth with Olaparib in MCF10A","ATM-mediated anti-cell growth with Olaparib","5","Functionally normal","Uncertain significance","6.19616e-06","NA","CRISPR-Based Genome Editing","Base editing","33606978"
"NM_000051.4(ATM):c.2066C>T (p.Ser689Leu)","chr11","108253981","C/T","ATM","-0.159","dataset0078","Missense","Neutral to the ATM-mediated anti-cell growth with Olaparib in MCF10A","ATM-mediated anti-cell growth with Olaparib","5","Functionally normal","Uncertain significance","1.23915e-06","NA","CRISPR-Based Genome Editing","Base editing","33606978"
"NM_000051.4(ATM):c.2135C>T (p.Ser712Leu)","chr11","108256225","C/T","ATM","-0.541","dataset0078","Missense","Neutral to the ATM-mediated anti-cell growth with Olaparib in MCF10A","ATM-mediated anti-cell growth with Olaparib","5","Functionally normal","Uncertain significance","","NA","CRISPR-Based Genome Editing","Base editing","33606978"
"NM_000051.4(ATM):c.2149C>T (p.Arg717Trp)","chr11","108256239","C/T","ATM","-0.452","dataset0078","Missense","Neutral to the ATM-mediated anti-cell growth with Olaparib in MCF10A","ATM-mediated anti-cell growth with Olaparib","5","Functionally normal","Conflicting classifications of pathogenicity","2.67663e-05","NA","CRISPR-Based Genome Editing","Base editing","33606978"
"NM_000051.4(ATM):c.2156C>T (p.Ser719Leu)","chr11","108256246","C/T","ATM","-0.477","dataset0078","Missense","Neutral to the ATM-mediated anti-cell growth with Olaparib in MCF10A","ATM-mediated anti-cell growth with Olaparib","5","Functionally normal","Uncertain significance","","NA","CRISPR-Based Genome Editing","Base editing","33606978"
"NM_000051.4(ATM):c.2161C>T (p.Leu721Phe)","chr11","108256251","C/T","ATM","0.109","dataset0078","Missense","Neutral to the ATM-mediated anti-cell growth with Olaparib in MCF10A","ATM-mediated anti-cell growth with Olaparib","5","Functionally normal","Uncertain significance","","NA","CRISPR-Based Genome Editing","Base editing","33606978"
"NM_000051.4(ATM):c.2167G>A (p.Val723Met)","chr11","108256257","G/A","ATM","-0.239","dataset0078","Missense","Neutral to the ATM-mediated anti-cell growth with Olaparib in MCF10A","ATM-mediated anti-cell growth with Olaparib","5","Functionally normal","Uncertain significance","","NA","CRISPR-Based Genome Editing","Base editing","33606978"
"NM_000051.4(ATM):c.2239C>T (p.Gln747Ter)","chr11","108256329","C/T","ATM","-0.302","dataset0078","Nonsense","Neutral to the ATM-mediated anti-cell growth with Olaparib in MCF10A","ATM-mediated anti-cell growth with Olaparib","5","Functionally normal","Pathogenic/Likely pathogenic","","NA","CRISPR-Based Genome Editing","Base editing","33606978"
"NM_000051.4(ATM):c.2252C>T (p.Ser751Phe)","chr11","108257482","C/T","ATM","1.168","dataset0078","Missense","The enhanced ATM-mediated anti-cell growth with Olaparib in MCF10A","ATM-mediated anti-cell growth with Olaparib","5","Gain-of-function","","","NA","CRISPR-Based Genome Editing","Base editing","33606978"
"NM_000051.4(ATM):c.2340G>A (p.Met780Ile)","chr11","108257570","G/A","ATM","0.189","dataset0078","Missense","Neutral to the ATM-mediated anti-cell growth with Olaparib in MCF10A","ATM-mediated anti-cell growth with Olaparib","5","Functionally normal","","6.19571e-07","NA","CRISPR-Based Genome Editing","Base editing","33606978"
"NM_000051.4(ATM):c.2383C>T (p.Pro795Ser)","chr11","108258992","C/T","ATM","-0.638","dataset0078","Missense","Neutral to the ATM-mediated anti-cell growth with Olaparib in MCF10A","ATM-mediated anti-cell growth with Olaparib","5","Functionally normal","Uncertain significance","","NA","CRISPR-Based Genome Editing","Base editing","33606978"
"NM_000051.4(ATM):c.2384C>T (p.Pro795Leu)","chr11","108258993","C/T","ATM","-0.638","dataset0078","Missense","Neutral to the ATM-mediated anti-cell growth with Olaparib in MCF10A","ATM-mediated anti-cell growth with Olaparib","5","Functionally normal","","","NA","CRISPR-Based Genome Editing","Base editing","33606978"
"NM_000051.4(ATM):c.2401_2402delinsAA (p.Gly801Asn)","chr11","108259010","GG/AA","ATM","0.16","dataset0078","Missense","Neutral to the ATM-mediated anti-cell growth with Olaparib in MCF10A","ATM-mediated anti-cell growth with Olaparib","5","Functionally normal","","","NA","CRISPR-Based Genome Editing","Base editing","33606978"
"NM_000051.4(ATM):c.2401G>A (p.Gly801Ser)","chr11","108259010","G/A","ATM","0.16","dataset0078","Missense","Neutral to the ATM-mediated anti-cell growth with Olaparib in MCF10A","ATM-mediated anti-cell growth with Olaparib","5","Functionally normal","Uncertain significance","","NA","CRISPR-Based Genome Editing","Base editing","33606978"
"NM_000051.4(ATM):c.2402G>A (p.Gly801Asp)","chr11","108259011","G/A","ATM","0.16","dataset0078","Missense","Neutral to the ATM-mediated anti-cell growth with Olaparib in MCF10A","ATM-mediated anti-cell growth with Olaparib","5","Functionally normal","Uncertain significance","6.19688e-07","NA","CRISPR-Based Genome Editing","Base editing","33606978"
"NM_000051.4(ATM):c.2491G>A (p.Asp831Asn)","chr11","108267195","G/A","ATM","-0.495","dataset0078","Missense","Neutral to the ATM-mediated anti-cell growth with Olaparib in MCF10A","ATM-mediated anti-cell growth with Olaparib","5","Functionally normal","Uncertain significance","6.19559e-07","NA","CRISPR-Based Genome Editing","Base editing","33606978"
"NM_000051.4(ATM):c.2500G>A (p.Glu834Lys)","chr11","108267204","G/A","ATM","0.631","dataset0078","Missense","Neutral to the ATM-mediated anti-cell growth with Olaparib in MCF10A","ATM-mediated anti-cell growth with Olaparib","5","Functionally normal","Uncertain significance","","NA","CRISPR-Based Genome Editing","Base editing","33606978"
"NM_000051.4(ATM):c.2503G>A (p.Val835Ile)","chr11","108267207","G/A","ATM","0.631","dataset0078","Missense","Neutral to the ATM-mediated anti-cell growth with Olaparib in MCF10A","ATM-mediated anti-cell growth with Olaparib","5","Functionally normal","","","NA","CRISPR-Based Genome Editing","Base editing","33606978"
"NM_000051.4(ATM):c.2525C>T (p.Thr842Ile)","chr11","108267229","C/T","ATM","-0.4","dataset0078","Missense","Neutral to the ATM-mediated anti-cell growth with Olaparib in MCF10A","ATM-mediated anti-cell growth with Olaparib","5","Functionally normal","Uncertain significance","","NA","CRISPR-Based Genome Editing","Base editing","33606978"
"NM_000051.4(ATM):c.2578G>A (p.Asp860Asn)","chr11","108267282","G/A","ATM","-0.319","dataset0078","Missense","Neutral to the ATM-mediated anti-cell growth with Olaparib in MCF10A","ATM-mediated anti-cell growth with Olaparib","5","Functionally normal","Uncertain significance","3.71754e-06","NA","CRISPR-Based Genome Editing","Base editing","33606978"
"NM_000051.4(ATM):c.2600G>A (p.Ser867Asn)","chr11","108267304","G/A","ATM","-0.049","dataset0078","Missense","Neutral to the ATM-mediated anti-cell growth with Olaparib in MCF10A","ATM-mediated anti-cell growth with Olaparib","5","Functionally normal","Uncertain significance","","NA","CRISPR-Based Genome Editing","Base editing","33606978"
"NM_000051.4(ATM):c.2602G>A (p.Asp868Asn)","chr11","108267306","G/A","ATM","-0.049","dataset0078","Missense","Neutral to the ATM-mediated anti-cell growth with Olaparib in MCF10A","ATM-mediated anti-cell growth with Olaparib","5","Functionally normal","Uncertain significance","","NA","CRISPR-Based Genome Editing","Base editing","33606978"
"NM_000051.4(ATM):c.2630G>A (p.Ser877Asn)","chr11","108267334","G/A","ATM","0.422","dataset0078","Missense","Neutral to the ATM-mediated anti-cell growth with Olaparib in MCF10A","ATM-mediated anti-cell growth with Olaparib","5","Functionally normal","","","NA","CRISPR-Based Genome Editing","Base editing","33606978"
"NM_000051.4(ATM):c.2659G>A (p.Glu887Lys)","chr11","108268430","G/A","ATM","-0.33","dataset0078","Missense","Neutral to the ATM-mediated anti-cell growth with Olaparib in MCF10A","ATM-mediated anti-cell growth with Olaparib","5","Functionally normal","Uncertain significance","6.19675e-07","NA","CRISPR-Based Genome Editing","Base editing","33606978"
"NM_000051.4(ATM):c.2662G>A (p.Glu888Lys)","chr11","108268433","G/A","ATM","-0.33","dataset0078","Missense","Neutral to the ATM-mediated anti-cell growth with Olaparib in MCF10A","ATM-mediated anti-cell growth with Olaparib","5","Functionally normal","Uncertain significance","","NA","CRISPR-Based Genome Editing","Base editing","33606978"
"NM_000051.4(ATM):c.2738C>T (p.Thr913Ile)","chr11","108268509","C/T","ATM","-0.02","dataset0078","Missense","Neutral to the ATM-mediated anti-cell growth with Olaparib in MCF10A","ATM-mediated anti-cell growth with Olaparib","5","Functionally normal","Uncertain significance","","NA","CRISPR-Based Genome Editing","Base editing","33606978"
"NM_000051.4(ATM):c.2756G>A (p.Arg919Lys)","chr11","108268527","G/A","ATM","0.711","dataset0078","Missense","Neutral to the ATM-mediated anti-cell growth with Olaparib in MCF10A","ATM-mediated anti-cell growth with Olaparib","5","Functionally normal","","","NA","CRISPR-Based Genome Editing","Base editing","33606978"
"NM_000051.4(ATM):c.2758G>A (p.Ala920Thr)","chr11","108268529","G/A","ATM","0.711","dataset0078","Missense","Neutral to the ATM-mediated anti-cell growth with Olaparib in MCF10A","ATM-mediated anti-cell growth with Olaparib","5","Functionally normal","Uncertain significance","","NA","CRISPR-Based Genome Editing","Base editing","33606978"
"NM_000051.4(ATM):c.2759C>T (p.Ala920Val)","chr11","108268530","C/T","ATM","0.139","dataset0078","Missense","Neutral to the ATM-mediated anti-cell growth with Olaparib in MCF10A","ATM-mediated anti-cell growth with Olaparib","5","Functionally normal","Uncertain significance","","NA","CRISPR-Based Genome Editing","Base editing","33606978"
"NM_000051.4(ATM):c.2822C>T (p.Ser941Phe)","chr11","108268593","C/T","ATM","-0.258","dataset0078","Missense","Neutral to the ATM-mediated anti-cell growth with Olaparib in MCF10A","ATM-mediated anti-cell growth with Olaparib","5","Functionally normal","Uncertain significance","2.47859e-06","NA","CRISPR-Based Genome Editing","Base editing","33606978"
"NM_000051.4(ATM):c.2824C>T (p.Leu942Phe)","chr11","108268595","C/T","ATM","-0.258","dataset0078","Missense","Neutral to the ATM-mediated anti-cell growth with Olaparib in MCF10A","ATM-mediated anti-cell growth with Olaparib","5","Functionally normal","Uncertain significance","1.11537e-05","NA","CRISPR-Based Genome Editing","Base editing","33606978"
"NM_000051.4(ATM):c.2838G>A (p.Met946Ile)","chr11","108268609","G/A","ATM","0.781","dataset0078","Missense","Neutral to the ATM-mediated anti-cell growth with Olaparib in MCF10A","ATM-mediated anti-cell growth with Olaparib","5","Functionally normal","Uncertain significance","6.19782e-07","NA","CRISPR-Based Genome Editing","Base editing","33606978"
"NM_000051.4(ATM):c.2847G>A (p.Met949Ile)","chr11","108271072","G/A","ATM","-0.02","dataset0078","Missense","Neutral to the ATM-mediated anti-cell growth with Olaparib in MCF10A","ATM-mediated anti-cell growth with Olaparib","5","Functionally normal","Conflicting classifications of pathogenicity","1.23941e-06","NA","CRISPR-Based Genome Editing","Base editing","33606978"
"NM_000051.4(ATM):c.2848C>T (p.Leu950Phe)","chr11","108271073","C/T","ATM","0.226","dataset0078","Missense","Neutral to the ATM-mediated anti-cell growth with Olaparib in MCF10A","ATM-mediated anti-cell growth with Olaparib","5","Functionally normal","Uncertain significance","2.8508e-05","NA","CRISPR-Based Genome Editing","Base editing","33606978"
"NM_000051.4(ATM):c.2893G>A (p.Asp965Asn)","chr11","108271118","G/A","ATM","-0.85","dataset0078","Missense","Neutral to the ATM-mediated anti-cell growth with Olaparib in MCF10A","ATM-mediated anti-cell growth with Olaparib","5","Functionally normal","","","NA","CRISPR-Based Genome Editing","Base editing","33606978"
"NM_000051.4(ATM):c.2896G>A (p.Val966Ile)","chr11","108271121","G/A","ATM","-0.577","dataset0078","Missense","Neutral to the ATM-mediated anti-cell growth with Olaparib in MCF10A","ATM-mediated anti-cell growth with Olaparib","5","Functionally normal","Uncertain significance","","NA","CRISPR-Based Genome Editing","Base editing","33606978"
"NM_000051.4(ATM):c.2902G>A (p.Glu968Lys)","chr11","108271127","G/A","ATM","-0.533","dataset0078","Missense","Neutral to the ATM-mediated anti-cell growth with Olaparib in MCF10A","ATM-mediated anti-cell growth with Olaparib","5","Functionally normal","","","NA","CRISPR-Based Genome Editing","Base editing","33606978"
"NM_000051.4(ATM):c.2986C>T (p.His996Tyr)","chr11","108271315","C/T","ATM","-0.081","dataset0078","Missense","Neutral to the ATM-mediated anti-cell growth with Olaparib in MCF10A","ATM-mediated anti-cell growth with Olaparib","5","Functionally normal","Uncertain significance","","NA","CRISPR-Based Genome Editing","Base editing","33606978"
"NM_000051.4(ATM):c.2992G>A (p.Val998Met)","chr11","108271321","G/A","ATM","-0.029","dataset0078","Missense","Neutral to the ATM-mediated anti-cell growth with Olaparib in MCF10A","ATM-mediated anti-cell growth with Olaparib","5","Functionally normal","Uncertain significance","1.85941e-06","NA","CRISPR-Based Genome Editing","Base editing","33606978"
"NM_000051.4(ATM):c.3018G>A (p.Met1006Ile)","chr11","108271347","G/A","ATM","0.04","dataset0078","Missense","Neutral to the ATM-mediated anti-cell growth with Olaparib in MCF10A","ATM-mediated anti-cell growth with Olaparib","5","Functionally normal","Uncertain significance","","NA","CRISPR-Based Genome Editing","Base editing","33606978"
"NM_000051.4(ATM):c.3019G>A (p.Asp1007Asn)","chr11","108271348","G/A","ATM","0.04","dataset0078","Missense","Neutral to the ATM-mediated anti-cell growth with Olaparib in MCF10A","ATM-mediated anti-cell growth with Olaparib","5","Functionally normal","","","NA","CRISPR-Based Genome Editing","Base editing","33606978"
"NM_000051.4(ATM):c.3032C>T (p.Thr1011Ile)","chr11","108271361","C/T","ATM","0.087","dataset0078","Missense","Neutral to the ATM-mediated anti-cell growth with Olaparib in MCF10A","ATM-mediated anti-cell growth with Olaparib","5","Functionally normal","Uncertain significance","","NA","CRISPR-Based Genome Editing","Base editing","33606978"
"NM_000051.4(ATM):c.3049C>T (p.Gln1017Ter)","chr11","108271378","C/T","ATM","0.164","dataset0078","Nonsense","Neutral to the ATM-mediated anti-cell growth with Olaparib in MCF10A","ATM-mediated anti-cell growth with Olaparib","5","Functionally normal","Pathogenic/Likely pathogenic","6.19556e-07","NA","CRISPR-Based Genome Editing","Base editing","33606978"
"NM_000051.4(ATM):c.3059C>T (p.Thr1020Ile)","chr11","108271388","C/T","ATM","0.282","dataset0078","Missense","Neutral to the ATM-mediated anti-cell growth with Olaparib in MCF10A","ATM-mediated anti-cell growth with Olaparib","5","Functionally normal","Uncertain significance","9.29329e-06","NA","CRISPR-Based Genome Editing","Base editing","33606978"
"NM_000051.4(ATM):c.3079C>T (p.His1027Tyr)","chr11","108272533","C/T","ATM","-0.032","dataset0078","Missense","Neutral to the ATM-mediated anti-cell growth with Olaparib in MCF10A","ATM-mediated anti-cell growth with Olaparib","5","Functionally normal","","","NA","CRISPR-Based Genome Editing","Base editing","33606978"
"NM_000051.4(ATM):c.3136C>T (p.Leu1046Phe)","chr11","108272590","C/T","ATM","-0.18","dataset0078","Missense","Neutral to the ATM-mediated anti-cell growth with Olaparib in MCF10A","ATM-mediated anti-cell growth with Olaparib","5","Functionally normal","Uncertain significance","6.19676e-07","NA","CRISPR-Based Genome Editing","Base editing","33606978"
"NM_000051.4(ATM):c.3151G>A (p.Glu1051Lys)","chr11","108272605","G/A","ATM","-0.307","dataset0078","Missense","Neutral to the ATM-mediated anti-cell growth with Olaparib in MCF10A","ATM-mediated anti-cell growth with Olaparib","5","Functionally normal","","","NA","CRISPR-Based Genome Editing","Base editing","33606978"
"NM_000051.4(ATM):c.3155C>T (p.Ala1052Val)","chr11","108272723","C/T","ATM","-0.356","dataset0078","Missense","Neutral to the ATM-mediated anti-cell growth with Olaparib in MCF10A","ATM-mediated anti-cell growth with Olaparib","5","Functionally normal","Conflicting classifications of pathogenicity","3.09832e-06","NA","CRISPR-Based Genome Editing","Base editing","33606978"
"NM_000051.4(ATM):c.3160C>T (p.Pro1054Ser)","chr11","108272728","C/T","ATM","-0.34","dataset0078","Missense","Neutral to the ATM-mediated anti-cell growth with Olaparib in MCF10A","ATM-mediated anti-cell growth with Olaparib","5","Functionally normal","Uncertain significance","3.71775e-06","NA","CRISPR-Based Genome Editing","Base editing","33606978"
"NM_000051.4(ATM):c.3175G>A (p.Ala1059Thr)","chr11","108272743","G/A","ATM","-0.041","dataset0078","Missense","Neutral to the ATM-mediated anti-cell growth with Olaparib in MCF10A","ATM-mediated anti-cell growth with Olaparib","5","Functionally normal","Conflicting classifications of pathogenicity","1.17736e-05","NA","CRISPR-Based Genome Editing","Base editing","33606978"
"NM_000051.4(ATM):c.3176C>T (p.Ala1059Val)","chr11","108272744","C/T","ATM","0.076","dataset0078","Missense","Neutral to the ATM-mediated anti-cell growth with Olaparib in MCF10A","ATM-mediated anti-cell growth with Olaparib","5","Functionally normal","Uncertain significance","3.09835e-06","NA","CRISPR-Based Genome Editing","Base editing","33606978"
"NM_000051.4(ATM):c.3192G>A (p.Met1064Ile)","chr11","108272760","G/A","ATM","-0.424","dataset0078","Missense","Neutral to the ATM-mediated anti-cell growth with Olaparib in MCF10A","ATM-mediated anti-cell growth with Olaparib","5","Functionally normal","Conflicting classifications of pathogenicity","6.19591e-07","NA","CRISPR-Based Genome Editing","Base editing","33606978"
"NM_000051.4(ATM):c.3193_3194delinsAA (p.Gly1065Lys)","chr11","108272761","GG/AA","ATM","-0.424","dataset0078","Missense","Neutral to the ATM-mediated anti-cell growth with Olaparib in MCF10A","ATM-mediated anti-cell growth with Olaparib","5","Functionally normal","","","NA","CRISPR-Based Genome Editing","Base editing","33606978"
"NM_000051.4(ATM):c.3193G>A (p.Gly1065Arg)","chr11","108272761","G/A","ATM","-0.424","dataset0078","Missense","Neutral to the ATM-mediated anti-cell growth with Olaparib in MCF10A","ATM-mediated anti-cell growth with Olaparib","5","Functionally normal","","","NA","CRISPR-Based Genome Editing","Base editing","33606978"
"NM_000051.4(ATM):c.3194G>A (p.Gly1065Glu)","chr11","108272762","G/A","ATM","-0.424","dataset0078","Missense","Neutral to the ATM-mediated anti-cell growth with Olaparib in MCF10A","ATM-mediated anti-cell growth with Olaparib","5","Functionally normal","Uncertain significance","1.23914e-06","NA","CRISPR-Based Genome Editing","Base editing","33606978"
"NM_000051.4(ATM):c.3247C>T (p.His1083Tyr)","chr11","108272815","C/T","ATM","-0.534","dataset0078","Missense","Neutral to the ATM-mediated anti-cell growth with Olaparib in MCF10A","ATM-mediated anti-cell growth with Olaparib","5","Functionally normal","Uncertain significance","1.23922e-06","NA","CRISPR-Based Genome Editing","Base editing","33606978"
"NM_000051.4(ATM):c.3250C>T (p.Gln1084Ter)","chr11","108272818","C/T","ATM","-0.534","dataset0078","Nonsense","Neutral to the ATM-mediated anti-cell growth with Olaparib in MCF10A","ATM-mediated anti-cell growth with Olaparib","5","Functionally normal","Pathogenic","","NA","CRISPR-Based Genome Editing","Base editing","33606978"
"NM_000051.4(ATM):c.3265G>A (p.Ala1089Thr)","chr11","108272833","G/A","ATM","-0.105","dataset0078","Missense","Neutral to the ATM-mediated anti-cell growth with Olaparib in MCF10A","ATM-mediated anti-cell growth with Olaparib","5","Functionally normal","Uncertain significance","6.19624e-07","NA","CRISPR-Based Genome Editing","Base editing","33606978"
"NM_000051.4(ATM):c.3266C>T (p.Ala1089Val)","chr11","108272834","C/T","ATM","-0.009","dataset0078","Missense","Neutral to the ATM-mediated anti-cell growth with Olaparib in MCF10A","ATM-mediated anti-cell growth with Olaparib","5","Functionally normal","Uncertain significance","","NA","CRISPR-Based Genome Editing","Base editing","33606978"
"NM_000051.4(ATM):c.3268G>A (p.Ala1090Thr)","chr11","108272836","G/A","ATM","-0.105","dataset0078","Missense","Neutral to the ATM-mediated anti-cell growth with Olaparib in MCF10A","ATM-mediated anti-cell growth with Olaparib","5","Functionally normal","Uncertain significance","","NA","CRISPR-Based Genome Editing","Base editing","33606978"
"NM_000051.4(ATM):c.3269C>T (p.Ala1090Val)","chr11","108272837","C/T","ATM","-0.009","dataset0078","Missense","Neutral to the ATM-mediated anti-cell growth with Olaparib in MCF10A","ATM-mediated anti-cell growth with Olaparib","5","Functionally normal","Uncertain significance","1.23915e-06","NA","CRISPR-Based Genome Editing","Base editing","33606978"
"NM_000051.4(ATM):c.3275C>T (p.Ser1092Leu)","chr11","108272843","C/T","ATM","-0.291","dataset0078","Missense","Neutral to the ATM-mediated anti-cell growth with Olaparib in MCF10A","ATM-mediated anti-cell growth with Olaparib","5","Functionally normal","Uncertain significance","6.19587e-07","NA","CRISPR-Based Genome Editing","Base editing","33606978"
"NM_000051.4(ATM):c.3299C>T (p.Thr1100Met)","chr11","108279505","C/T","ATM","-0.736","dataset0078","Missense","Neutral to the ATM-mediated anti-cell growth with Olaparib in MCF10A","ATM-mediated anti-cell growth with Olaparib","5","Functionally normal","Conflicting classifications of pathogenicity","1.05569e-05","NA","CRISPR-Based Genome Editing","Base editing","33606978"
"NM_000051.4(ATM):c.3307G>A (p.Asp1103Asn)","chr11","108279513","G/A","ATM","0.284","dataset0078","Missense","Neutral to the ATM-mediated anti-cell growth with Olaparib in MCF10A","ATM-mediated anti-cell growth with Olaparib","5","Functionally normal","Conflicting classifications of pathogenicity","6.20157e-07","NA","CRISPR-Based Genome Editing","Base editing","33606978"
"NM_000051.4(ATM):c.3368C>T (p.Ala1123Val)","chr11","108279574","C/T","ATM","-0.266","dataset0078","Missense","Neutral to the ATM-mediated anti-cell growth with Olaparib in MCF10A","ATM-mediated anti-cell growth with Olaparib","5","Functionally normal","Uncertain significance","","NA","CRISPR-Based Genome Editing","Base editing","33606978"
"NM_000051.4(ATM):c.3413C>T (p.Ala1138Val)","chr11","108281005","C/T","ATM","-0.049","dataset0078","Missense","Neutral to the ATM-mediated anti-cell growth with Olaparib in MCF10A","ATM-mediated anti-cell growth with Olaparib","5","Functionally normal","Uncertain significance","","NA","CRISPR-Based Genome Editing","Base editing","33606978"
"NM_000051.4(ATM):c.3424G>A (p.Glu1142Lys)","chr11","108281016","G/A","ATM","0.046","dataset0078","Missense","Neutral to the ATM-mediated anti-cell growth with Olaparib in MCF10A","ATM-mediated anti-cell growth with Olaparib","5","Functionally normal","Uncertain significance","6.20024e-07","NA","CRISPR-Based Genome Editing","Base editing","33606978"
"NM_000051.4(ATM):c.3436G>A (p.Glu1146Lys)","chr11","108281028","G/A","ATM","0.225","dataset0078","Missense","Neutral to the ATM-mediated anti-cell growth with Olaparib in MCF10A","ATM-mediated anti-cell growth with Olaparib","5","Functionally normal","Uncertain significance","","NA","CRISPR-Based Genome Editing","Base editing","33606978"
"NM_000051.4(ATM):c.3496_3497delinsTT (p.Pro1166Phe)","chr11","108281088","CC/TT","ATM","-0.2","dataset0078","Missense","Neutral to the ATM-mediated anti-cell growth with Olaparib in MCF10A","ATM-mediated anti-cell growth with Olaparib","5","Functionally normal","","","NA","CRISPR-Based Genome Editing","Base editing","33606978"
"NM_000051.4(ATM):c.3496C>T (p.Pro1166Ser)","chr11","108281088","C/T","ATM","-0.2","dataset0078","Missense","Neutral to the ATM-mediated anti-cell growth with Olaparib in MCF10A","ATM-mediated anti-cell growth with Olaparib","5","Functionally normal","Uncertain significance","","NA","CRISPR-Based Genome Editing","Base editing","33606978"
"NM_000051.4(ATM):c.3497C>T (p.Pro1166Leu)","chr11","108281089","C/T","ATM","-0.2","dataset0078","Missense","Neutral to the ATM-mediated anti-cell growth with Olaparib in MCF10A","ATM-mediated anti-cell growth with Olaparib","5","Functionally normal","","","NA","CRISPR-Based Genome Editing","Base editing","33606978"
"NM_000051.4(ATM):c.3503G>A (p.Cys1168Tyr)","chr11","108281095","G/A","ATM","0.577","dataset0078","Missense","Neutral to the ATM-mediated anti-cell growth with Olaparib in MCF10A","ATM-mediated anti-cell growth with Olaparib","5","Functionally normal","Uncertain significance","","NA","CRISPR-Based Genome Editing","Base editing","33606978"
"NM_000051.4(ATM):c.3505G>A (p.Glu1169Lys)","chr11","108281097","G/A","ATM","0.577","dataset0078","Missense","Neutral to the ATM-mediated anti-cell growth with Olaparib in MCF10A","ATM-mediated anti-cell growth with Olaparib","5","Functionally normal","Uncertain significance","6.81591e-06","NA","CRISPR-Based Genome Editing","Base editing","33606978"
"NM_000051.4(ATM):c.3514G>A (p.Ala1172Thr)","chr11","108281106","G/A","ATM","-0.141","dataset0078","Missense","Neutral to the ATM-mediated anti-cell growth with Olaparib in MCF10A","ATM-mediated anti-cell growth with Olaparib","5","Functionally normal","","","NA","CRISPR-Based Genome Editing","Base editing","33606978"
"NM_000051.4(ATM):c.3536C>T (p.Ser1179Phe)","chr11","108281128","C/T","ATM","-0.271","dataset0078","Missense","Neutral to the ATM-mediated anti-cell growth with Olaparib in MCF10A","ATM-mediated anti-cell growth with Olaparib","5","Functionally normal","","","NA","CRISPR-Based Genome Editing","Base editing","33606978"
"NM_000051.4(ATM):c.3544G>A (p.Glu1182Lys)","chr11","108281136","G/A","ATM","-0.101","dataset0078","Missense","Neutral to the ATM-mediated anti-cell growth with Olaparib in MCF10A","ATM-mediated anti-cell growth with Olaparib","5","Functionally normal","Uncertain significance","","NA","CRISPR-Based Genome Editing","Base editing","33606978"
"NM_000051.4(ATM):c.3559_3560delinsTT (p.Pro1187Phe)","chr11","108281151","CC/TT","ATM","-0.492","dataset0078","Missense","Neutral to the ATM-mediated anti-cell growth with Olaparib in MCF10A","ATM-mediated anti-cell growth with Olaparib","5","Functionally normal","","","NA","CRISPR-Based Genome Editing","Base editing","33606978"
"NM_000051.4(ATM):c.3559C>T (p.Pro1187Ser)","chr11","108281151","C/T","ATM","-0.492","dataset0078","Missense","Neutral to the ATM-mediated anti-cell growth with Olaparib in MCF10A","ATM-mediated anti-cell growth with Olaparib","5","Functionally normal","Uncertain significance","1.85895e-06","NA","CRISPR-Based Genome Editing","Base editing","33606978"
"NM_000051.4(ATM):c.3560C>T (p.Pro1187Leu)","chr11","108281152","C/T","ATM","-0.492","dataset0078","Missense","Neutral to the ATM-mediated anti-cell growth with Olaparib in MCF10A","ATM-mediated anti-cell growth with Olaparib","5","Functionally normal","","","NA","CRISPR-Based Genome Editing","Base editing","33606978"
"NM_000051.4(ATM):c.3562C>T (p.His1188Tyr)","chr11","108281154","C/T","ATM","-0.492","dataset0078","Missense","Neutral to the ATM-mediated anti-cell growth with Olaparib in MCF10A","ATM-mediated anti-cell growth with Olaparib","5","Functionally normal","Uncertain significance","6.1963e-07","NA","CRISPR-Based Genome Editing","Base editing","33606978"
"NM_000051.4(ATM):c.3613C>T (p.Arg1205Cys)","chr11","108282746","C/T","ATM","-0.379","dataset0078","Missense","Neutral to the ATM-mediated anti-cell growth with Olaparib in MCF10A","ATM-mediated anti-cell growth with Olaparib","5","Functionally normal","Conflicting classifications of pathogenicity","1.11584e-05","ucec:0.2% (1/529):0.480","CRISPR-Based Genome Editing","Base editing","33606978"
"NM_000051.4(ATM):c.3632C>T (p.Ala1211Val)","chr11","108282765","C/T","ATM","-0.021","dataset0078","Missense","Neutral to the ATM-mediated anti-cell growth with Olaparib in MCF10A","ATM-mediated anti-cell growth with Olaparib","5","Functionally normal","Uncertain significance","","NA","CRISPR-Based Genome Editing","Base editing","33606978"
"NM_000051.4(ATM):c.3635C>T (p.Ser1212Phe)","chr11","108282768","C/T","ATM","-0.021","dataset0078","Missense","Neutral to the ATM-mediated anti-cell growth with Olaparib in MCF10A","ATM-mediated anti-cell growth with Olaparib","5","Functionally normal","","","NA","CRISPR-Based Genome Editing","Base editing","33606978"
"NM_000051.4(ATM):c.3637C>T (p.His1213Tyr)","chr11","108282770","C/T","ATM","-0.021","dataset0078","Missense","Neutral to the ATM-mediated anti-cell growth with Olaparib in MCF10A","ATM-mediated anti-cell growth with Olaparib","5","Functionally normal","Uncertain significance","","NA","CRISPR-Based Genome Editing","Base editing","33606978"
"NM_000051.4(ATM):c.3785G>A (p.Arg1262Lys)","chr11","108284265","G/A","ATM","0.598","dataset0078","Missense","Neutral to the ATM-mediated anti-cell growth with Olaparib in MCF10A","ATM-mediated anti-cell growth with Olaparib","5","Functionally normal","Uncertain significance","","NA","CRISPR-Based Genome Editing","Base editing","33606978"
"NM_000051.4(ATM):c.3788G>A (p.Ser1263Asn)","chr11","108284268","G/A","ATM","0.598","dataset0078","Missense","Neutral to the ATM-mediated anti-cell growth with Olaparib in MCF10A","ATM-mediated anti-cell growth with Olaparib","5","Functionally normal","","","NA","CRISPR-Based Genome Editing","Base editing","33606978"
"NM_000051.4(ATM):c.3815C>T (p.Ala1272Val)","chr11","108284295","C/T","ATM","-0.349","dataset0078","Missense","Neutral to the ATM-mediated anti-cell growth with Olaparib in MCF10A","ATM-mediated anti-cell growth with Olaparib","5","Functionally normal","","","NA","CRISPR-Based Genome Editing","Base editing","33606978"
"NM_000051.4(ATM):c.3820C>T (p.Gln1274Ter)","chr11","108284300","C/T","ATM","-0.538","dataset0078","Nonsense","Neutral to the ATM-mediated anti-cell growth with Olaparib in MCF10A","ATM-mediated anti-cell growth with Olaparib","5","Functionally normal","Conflicting classifications of pathogenicity","6.19708e-07","NA","CRISPR-Based Genome Editing","Base editing","33606978"
"NM_000051.4(ATM):c.3829G>A (p.Glu1277Lys)","chr11","108284309","G/A","ATM","-0.024","dataset0078","Missense","Neutral to the ATM-mediated anti-cell growth with Olaparib in MCF10A","ATM-mediated anti-cell growth with Olaparib","5","Functionally normal","","","NA","CRISPR-Based Genome Editing","Base editing","33606978"
"NM_000051.4(ATM):c.3886_3887delinsTT (p.Pro1296Phe)","chr11","108284366","CC/TT","ATM","0.096","dataset0078","Missense","Neutral to the ATM-mediated anti-cell growth with Olaparib in MCF10A","ATM-mediated anti-cell growth with Olaparib","5","Functionally normal","","","NA","CRISPR-Based Genome Editing","Base editing","33606978"
"NM_000051.4(ATM):c.3886C>T (p.Pro1296Ser)","chr11","108284366","C/T","ATM","0.096","dataset0078","Missense","Neutral to the ATM-mediated anti-cell growth with Olaparib in MCF10A","ATM-mediated anti-cell growth with Olaparib","5","Functionally normal","Conflicting classifications of pathogenicity","","NA","CRISPR-Based Genome Editing","Base editing","33606978"
"NM_000051.4(ATM):c.3887C>T (p.Pro1296Leu)","chr11","108284367","C/T","ATM","0.096","dataset0078","Missense","Neutral to the ATM-mediated anti-cell growth with Olaparib in MCF10A","ATM-mediated anti-cell growth with Olaparib","5","Functionally normal","Uncertain significance","","NA","CRISPR-Based Genome Editing","Base editing","33606978"
"NM_000051.4(ATM):c.3901G>A (p.Glu1301Lys)","chr11","108284381","G/A","ATM","-0.073","dataset0078","Missense","Neutral to the ATM-mediated anti-cell growth with Olaparib in MCF10A","ATM-mediated anti-cell growth with Olaparib","5","Functionally normal","Uncertain significance","","blca:0.2% (1/411):0.280","CRISPR-Based Genome Editing","Base editing","33606978"
"NM_000051.4(ATM):c.3904_3905delinsAA (p.Gly1302Asn)","chr11","108284384","GG/AA","ATM","-0.073","dataset0078","Missense","Neutral to the ATM-mediated anti-cell growth with Olaparib in MCF10A","ATM-mediated anti-cell growth with Olaparib","5","Functionally normal","","","NA","CRISPR-Based Genome Editing","Base editing","33606978"
"NM_000051.4(ATM):c.3904G>A (p.Gly1302Ser)","chr11","108284384","G/A","ATM","-0.073","dataset0078","Missense","Neutral to the ATM-mediated anti-cell growth with Olaparib in MCF10A","ATM-mediated anti-cell growth with Olaparib","5","Functionally normal","Conflicting classifications of pathogenicity","1.23929e-06","NA","CRISPR-Based Genome Editing","Base editing","33606978"
"NM_000051.4(ATM):c.3905G>A (p.Gly1302Asp)","chr11","108284385","G/A","ATM","-0.073","dataset0078","Missense","Neutral to the ATM-mediated anti-cell growth with Olaparib in MCF10A","ATM-mediated anti-cell growth with Olaparib","5","Functionally normal","Uncertain significance","6.19626e-07","NA","CRISPR-Based Genome Editing","Base editing","33606978"
"NM_000051.4(ATM):c.3908C>T (p.Thr1303Ile)","chr11","108284388","C/T","ATM","-0.111","dataset0078","Missense","Neutral to the ATM-mediated anti-cell growth with Olaparib in MCF10A","ATM-mediated anti-cell growth with Olaparib","5","Functionally normal","Uncertain significance","","NA","CRISPR-Based Genome Editing","Base editing","33606978"
"NM_000051.4(ATM):c.3911G>A (p.Arg1304Lys)","chr11","108284391","G/A","ATM","-0.126","dataset0078","Missense","Neutral to the ATM-mediated anti-cell growth with Olaparib in MCF10A","ATM-mediated anti-cell growth with Olaparib","5","Functionally normal","","","blca:0.2% (1/411):0.290","CRISPR-Based Genome Editing","Base editing","33606978"
"NM_000051.4(ATM):c.3913G>A (p.Asp1305Asn)","chr11","108284393","G/A","ATM","-0.126","dataset0078","Missense","Neutral to the ATM-mediated anti-cell growth with Olaparib in MCF10A","ATM-mediated anti-cell growth with Olaparib","5","Functionally normal","","","NA","CRISPR-Based Genome Editing","Base editing","33606978"
"NM_000051.4(ATM):c.3924G>A (p.Met1308Ile)","chr11","108284404","G/A","ATM","-0.589","dataset0078","Missense","Neutral to the ATM-mediated anti-cell growth with Olaparib in MCF10A","ATM-mediated anti-cell growth with Olaparib","5","Functionally normal","","","NA","CRISPR-Based Genome Editing","Base editing","33606978"
"NM_000051.4(ATM):c.3925G>A (p.Ala1309Thr)","chr11","108284405","G/A","ATM","-0.589","dataset0078","Missense","Neutral to the ATM-mediated anti-cell growth with Olaparib in MCF10A","ATM-mediated anti-cell growth with Olaparib","5","Functionally normal","Benign","0.00113514","NA","CRISPR-Based Genome Editing","Base editing","33606978"
"NM_000051.4(ATM):c.3963G>A (p.Met1321Ile)","chr11","108284443","G/A","ATM","-0.327","dataset0078","Missense","Neutral to the ATM-mediated anti-cell growth with Olaparib in MCF10A","ATM-mediated anti-cell growth with Olaparib","5","Functionally normal","Conflicting classifications of pathogenicity","2.97415e-05","NA","CRISPR-Based Genome Editing","Base editing","33606978"
"NM_000051.4(ATM):c.4021C>T (p.Pro1341Ser)","chr11","108287627","C/T","ATM","0.219","dataset0078","Missense","Neutral to the ATM-mediated anti-cell growth with Olaparib in MCF10A","ATM-mediated anti-cell growth with Olaparib","5","Functionally normal","","","NA","CRISPR-Based Genome Editing","Base editing","33606978"
"NM_000051.4(ATM):c.4036G>A (p.Glu1346Lys)","chr11","108287642","G/A","ATM","0.023","dataset0078","Missense","Neutral to the ATM-mediated anti-cell growth with Olaparib in MCF10A","ATM-mediated anti-cell growth with Olaparib","5","Functionally normal","","6.19697e-07","NA","CRISPR-Based Genome Editing","Base editing","33606978"
"NM_000051.4(ATM):c.4075G>A (p.Ala1359Thr)","chr11","108287681","G/A","ATM","-0.038","dataset0078","Missense","Neutral to the ATM-mediated anti-cell growth with Olaparib in MCF10A","ATM-mediated anti-cell growth with Olaparib","5","Functionally normal","Uncertain significance","6.19695e-07","NA","CRISPR-Based Genome Editing","Base editing","33606978"
"NM_000051.4(ATM):c.4079G>A (p.Ser1360Asn)","chr11","108287685","G/A","ATM","-0.038","dataset0078","Missense","Neutral to the ATM-mediated anti-cell growth with Olaparib in MCF10A","ATM-mediated anti-cell growth with Olaparib","5","Functionally normal","Uncertain significance","6.81793e-06","NA","CRISPR-Based Genome Editing","Base editing","33606978"
"NM_000051.4(ATM):c.4093C>T (p.Leu1365Phe)","chr11","108287699","C/T","ATM","0.309","dataset0078","Missense","Neutral to the ATM-mediated anti-cell growth with Olaparib in MCF10A","ATM-mediated anti-cell growth with Olaparib","5","Functionally normal","Uncertain significance","","NA","CRISPR-Based Genome Editing","Base editing","33606978"
"NM_000051.4(ATM):c.4108_4109delinsAA (p.Gly1370Lys)","chr11","108287714","GG/AA","ATM","-0.006","dataset0078","Missense","Neutral to the ATM-mediated anti-cell growth with Olaparib in MCF10A","ATM-mediated anti-cell growth with Olaparib","5","Functionally normal","","","NA","CRISPR-Based Genome Editing","Base editing","33606978"
"NM_000051.4(ATM):c.4108G>A (p.Gly1370Arg)","chr11","108287714","G/A","ATM","-0.006","dataset0078","Missense","Neutral to the ATM-mediated anti-cell growth with Olaparib in MCF10A","ATM-mediated anti-cell growth with Olaparib","5","Functionally normal","","","NA","CRISPR-Based Genome Editing","Base editing","33606978"
"NM_000051.4(ATM):c.4109G>A (p.Gly1370Glu)","chr11","108287715","G/A","ATM","-0.006","dataset0078","Missense","Neutral to the ATM-mediated anti-cell growth with Olaparib in MCF10A","ATM-mediated anti-cell growth with Olaparib","5","Functionally normal","","","NA","CRISPR-Based Genome Editing","Base editing","33606978"
"NM_000051.4(ATM):c.4111G>A (p.Asp1371Asn)","chr11","108288978","G/A","ATM","-0.278","dataset0078","Missense","Neutral to the ATM-mediated anti-cell growth with Olaparib in MCF10A","ATM-mediated anti-cell growth with Olaparib","5","Functionally normal","Uncertain significance","","NA","CRISPR-Based Genome Editing","Base editing","33606978"
"NM_000051.4(ATM):c.4153G>A (p.Val1385Met)","chr11","108289020","G/A","ATM","0.033","dataset0078","Missense","Neutral to the ATM-mediated anti-cell growth with Olaparib in MCF10A","ATM-mediated anti-cell growth with Olaparib","5","Functionally normal","Uncertain significance","","NA","CRISPR-Based Genome Editing","Base editing","33606978"
"NM_000051.4(ATM):c.4162G>A (p.Ala1388Thr)","chr11","108289029","G/A","ATM","-0.133","dataset0078","Missense","Neutral to the ATM-mediated anti-cell growth with Olaparib in MCF10A","ATM-mediated anti-cell growth with Olaparib","5","Functionally normal","Uncertain significance","","NA","CRISPR-Based Genome Editing","Base editing","33606978"
"NM_000051.4(ATM):c.4187G>A (p.Cys1396Tyr)","chr11","108289054","G/A","ATM","-0.203","dataset0078","Missense","Neutral to the ATM-mediated anti-cell growth with Olaparib in MCF10A","ATM-mediated anti-cell growth with Olaparib","5","Functionally normal","","","NA","CRISPR-Based Genome Editing","Base editing","33606978"
"NM_000051.4(ATM):c.4216G>A (p.Glu1406Lys)","chr11","108289083","G/A","ATM","0.218","dataset0078","Missense","Neutral to the ATM-mediated anti-cell growth with Olaparib in MCF10A","ATM-mediated anti-cell growth with Olaparib","5","Functionally normal","","","NA","CRISPR-Based Genome Editing","Base editing","33606978"
"NM_000051.4(ATM):c.4261G>A (p.Ala1421Thr)","chr11","108289626","G/A","ATM","-0.644","dataset0078","Missense","Neutral to the ATM-mediated anti-cell growth with Olaparib in MCF10A","ATM-mediated anti-cell growth with Olaparib","5","Functionally normal","Uncertain significance","","NA","CRISPR-Based Genome Editing","Base editing","33606978"
"NM_000051.4(ATM):c.4279G>A (p.Ala1427Thr)","chr11","108289644","G/A","ATM","0.126","dataset0078","Missense","Neutral to the ATM-mediated anti-cell growth with Olaparib in MCF10A","ATM-mediated anti-cell growth with Olaparib","5","Functionally normal","Conflicting classifications of pathogenicity","4.28256e-05","NA","CRISPR-Based Genome Editing","Base editing","33606978"
"NM_000051.4(ATM):c.4282G>A (p.Glu1428Lys)","chr11","108289647","G/A","ATM","0.126","dataset0078","Missense","Neutral to the ATM-mediated anti-cell growth with Olaparib in MCF10A","ATM-mediated anti-cell growth with Olaparib","5","Functionally normal","Uncertain significance","2.48265e-06","NA","CRISPR-Based Genome Editing","Base editing","33606978"
"NM_000051.4(ATM):c.4420C>T (p.His1474Tyr)","chr11","108289785","C/T","ATM","-0.357","dataset0078","Missense","Neutral to the ATM-mediated anti-cell growth with Olaparib in MCF10A","ATM-mediated anti-cell growth with Olaparib","5","Functionally normal","","","NA","CRISPR-Based Genome Editing","Base editing","33606978"
"NM_000051.4(ATM):c.4438C>T (p.Pro1480Ser)","chr11","108292620","C/T","ATM","0.04","dataset0078","Missense","Neutral to the ATM-mediated anti-cell growth with Olaparib in MCF10A","ATM-mediated anti-cell growth with Olaparib","5","Functionally normal","Uncertain significance","","NA","CRISPR-Based Genome Editing","Base editing","33606978"
"NM_000051.4(ATM):c.4445G>A (p.Cys1482Tyr)","chr11","108292627","G/A","ATM","-0.63","dataset0078","Missense","Neutral to the ATM-mediated anti-cell growth with Olaparib in MCF10A","ATM-mediated anti-cell growth with Olaparib","5","Functionally normal","Conflicting classifications of pathogenicity","2.10752e-05","NA","CRISPR-Based Genome Editing","Base editing","33606978"
"NM_000051.4(ATM):c.4453G>A (p.Asp1485Asn)","chr11","108292635","G/A","ATM","0.25","dataset0078","Missense","Neutral to the ATM-mediated anti-cell growth with Olaparib in MCF10A","ATM-mediated anti-cell growth with Olaparib","5","Functionally normal","","6.19649e-07","NA","CRISPR-Based Genome Editing","Base editing","33606978"
"NM_000051.4(ATM):c.4456G>A (p.Val1486Met)","chr11","108292638","G/A","ATM","0.25","dataset0078","Missense","Neutral to the ATM-mediated anti-cell growth with Olaparib in MCF10A","ATM-mediated anti-cell growth with Olaparib","5","Functionally normal","Uncertain significance","1.23946e-06","NA","CRISPR-Based Genome Editing","Base editing","33606978"
"NM_000051.4(ATM):c.4496G>A (p.Ser1499Asn)","chr11","108292678","G/A","ATM","0.558","dataset0078","Missense","Neutral to the ATM-mediated anti-cell growth with Olaparib in MCF10A","ATM-mediated anti-cell growth with Olaparib","5","Functionally normal","","","NA","CRISPR-Based Genome Editing","Base editing","33606978"
"NM_000051.4(ATM):c.4511C>T (p.Thr1504Ile)","chr11","108292693","C/T","ATM","-0.272","dataset0078","Missense","Neutral to the ATM-mediated anti-cell growth with Olaparib in MCF10A","ATM-mediated anti-cell growth with Olaparib","5","Functionally normal","Uncertain significance","6.19625e-07","NA","CRISPR-Based Genome Editing","Base editing","33606978"
"NM_000051.4(ATM):c.4514C>T (p.Ala1505Val)","chr11","108292696","C/T","ATM","-0.272","dataset0078","Missense","Neutral to the ATM-mediated anti-cell growth with Olaparib in MCF10A","ATM-mediated anti-cell growth with Olaparib","5","Functionally normal","Uncertain significance","","NA","CRISPR-Based Genome Editing","Base editing","33606978"
"NM_000051.4(ATM):c.4526G>A (p.Cys1509Tyr)","chr11","108292708","G/A","ATM","0.299","dataset0078","Missense","Neutral to the ATM-mediated anti-cell growth with Olaparib in MCF10A","ATM-mediated anti-cell growth with Olaparib","5","Functionally normal","Uncertain significance","","NA","CRISPR-Based Genome Editing","Base editing","33606978"
"NM_000051.4(ATM):c.4531G>A (p.Asp1511Asn)","chr11","108292713","G/A","ATM","0.402","dataset0078","Missense","Neutral to the ATM-mediated anti-cell growth with Olaparib in MCF10A","ATM-mediated anti-cell growth with Olaparib","5","Functionally normal","Uncertain significance","","NA","CRISPR-Based Genome Editing","Base editing","33606978"
"NM_000051.4(ATM):c.4534G>A (p.Ala1512Thr)","chr11","108292716","G/A","ATM","0.402","dataset0078","Missense","Neutral to the ATM-mediated anti-cell growth with Olaparib in MCF10A","ATM-mediated anti-cell growth with Olaparib","5","Functionally normal","Uncertain significance","4.33732e-06","NA","CRISPR-Based Genome Editing","Base editing","33606978"
"NM_000051.4(ATM):c.4546C>T (p.His1516Tyr)","chr11","108292728","C/T","ATM","-0.171","dataset0078","Missense","Neutral to the ATM-mediated anti-cell growth with Olaparib in MCF10A","ATM-mediated anti-cell growth with Olaparib","5","Functionally normal","Uncertain significance","1.85906e-06","NA","CRISPR-Based Genome Editing","Base editing","33606978"
"NM_000051.4(ATM):c.4549C>T (p.Leu1517Phe)","chr11","108292731","C/T","ATM","-0.171","dataset0078","Missense","Neutral to the ATM-mediated anti-cell growth with Olaparib in MCF10A","ATM-mediated anti-cell growth with Olaparib","5","Functionally normal","Uncertain significance","8.0548e-06","NA","CRISPR-Based Genome Editing","Base editing","33606978"
"NM_000051.4(ATM):c.4561G>A (p.Val1521Ile)","chr11","108292743","G/A","ATM","-0.897","dataset0078","Missense","Neutral to the ATM-mediated anti-cell growth with Olaparib in MCF10A","ATM-mediated anti-cell growth with Olaparib","5","Functionally normal","Uncertain significance","","NA","CRISPR-Based Genome Editing","Base editing","33606978"
"NM_000051.4(ATM):c.4564_4565delinsAA (p.Gly1522Asn)","chr11","108292746","GG/AA","ATM","-0.897","dataset0078","Missense","Neutral to the ATM-mediated anti-cell growth with Olaparib in MCF10A","ATM-mediated anti-cell growth with Olaparib","5","Functionally normal","","","NA","CRISPR-Based Genome Editing","Base editing","33606978"
"NM_000051.4(ATM):c.4564G>A (p.Gly1522Ser)","chr11","108292746","G/A","ATM","-0.897","dataset0078","Missense","Neutral to the ATM-mediated anti-cell growth with Olaparib in MCF10A","ATM-mediated anti-cell growth with Olaparib","5","Functionally normal","Uncertain significance","4.95767e-06","NA","CRISPR-Based Genome Editing","Base editing","33606978"
"NM_000051.4(ATM):c.4565G>A (p.Gly1522Asp)","chr11","108292747","G/A","ATM","-0.897","dataset0078","Missense","Neutral to the ATM-mediated anti-cell growth with Olaparib in MCF10A","ATM-mediated anti-cell growth with Olaparib","5","Functionally normal","Uncertain significance","","NA","CRISPR-Based Genome Editing","Base editing","33606978"
"NM_000051.4(ATM):c.4576_4577delinsTT (p.Pro1526Phe)","chr11","108292758","CC/TT","ATM","-1.456","dataset0078","Missense","The reduced ATM-mediated anti-cell growth with Olaparib in MCF10A","ATM-mediated anti-cell growth with Olaparib","5","Loss-of-function","","","NA","CRISPR-Based Genome Editing","Base editing","33606978"
"NM_000051.4(ATM):c.4576C>T (p.Pro1526Ser)","chr11","108292758","C/T","ATM","-1.456","dataset0078","Missense","The reduced ATM-mediated anti-cell growth with Olaparib in MCF10A","ATM-mediated anti-cell growth with Olaparib","5","Loss-of-function","Conflicting classifications of pathogenicity","6.19587e-07","NA","CRISPR-Based Genome Editing","Base editing","33606978"
"NM_000051.4(ATM):c.4577C>T (p.Pro1526Leu)","chr11","108292759","C/T","ATM","-0.882","dataset0078","Missense","Neutral to the ATM-mediated anti-cell growth with Olaparib in MCF10A","ATM-mediated anti-cell growth with Olaparib","5","Functionally normal","Uncertain significance","1.8589e-06","NA","CRISPR-Based Genome Editing","Base editing","33606978"
"NM_000051.4(ATM):c.4579C>T (p.Leu1527Phe)","chr11","108292761","C/T","ATM","-0.882","dataset0078","Missense","Neutral to the ATM-mediated anti-cell growth with Olaparib in MCF10A","ATM-mediated anti-cell growth with Olaparib","5","Functionally normal","Uncertain significance","1.23917e-06","NA","CRISPR-Based Genome Editing","Base editing","33606978"
"NM_000051.4(ATM):c.4594G>A (p.Val1532Met)","chr11","108292776","G/A","ATM","0.156","dataset0078","Missense","Neutral to the ATM-mediated anti-cell growth with Olaparib in MCF10A","ATM-mediated anti-cell growth with Olaparib","5","Functionally normal","Uncertain significance","","NA","CRISPR-Based Genome Editing","Base editing","33606978"
"NM_000051.4(ATM):c.4597G>A (p.Glu1533Lys)","chr11","108292779","G/A","ATM","0.078","dataset0078","Missense","Neutral to the ATM-mediated anti-cell growth with Olaparib in MCF10A","ATM-mediated anti-cell growth with Olaparib","5","Functionally normal","","","NA","CRISPR-Based Genome Editing","Base editing","33606978"
"NM_000051.4(ATM):c.4697C>T (p.Pro1566Leu)","chr11","108293398","C/T","ATM","-0.508","dataset0078","Missense","Neutral to the ATM-mediated anti-cell growth with Olaparib in MCF10A","ATM-mediated anti-cell growth with Olaparib","5","Functionally normal","","","NA","CRISPR-Based Genome Editing","Base editing","33606978"
"NM_000051.4(ATM):c.4702C>T (p.His1568Tyr)","chr11","108293403","C/T","ATM","-0.508","dataset0078","Missense","Neutral to the ATM-mediated anti-cell growth with Olaparib in MCF10A","ATM-mediated anti-cell growth with Olaparib","5","Functionally normal","Conflicting classifications of pathogenicity","6.20744e-06","NA","CRISPR-Based Genome Editing","Base editing","33606978"
"NM_000051.4(ATM):c.4705G>A (p.Val1569Ile)","chr11","108293406","G/A","ATM","-0.177","dataset0078","Missense","Neutral to the ATM-mediated anti-cell growth with Olaparib in MCF10A","ATM-mediated anti-cell growth with Olaparib","5","Functionally normal","Uncertain significance","","NA","CRISPR-Based Genome Editing","Base editing","33606978"
"NM_000051.4(ATM):c.4708G>A (p.Val1570Ile)","chr11","108293409","G/A","ATM","-0.177","dataset0078","Missense","Neutral to the ATM-mediated anti-cell growth with Olaparib in MCF10A","ATM-mediated anti-cell growth with Olaparib","5","Functionally normal","Uncertain significance","","NA","CRISPR-Based Genome Editing","Base editing","33606978"
"NM_000051.4(ATM):c.4717G>A (p.Asp1573Asn)","chr11","108293418","G/A","ATM","-0.018","dataset0078","Missense","Neutral to the ATM-mediated anti-cell growth with Olaparib in MCF10A","ATM-mediated anti-cell growth with Olaparib","5","Functionally normal","","","NA","CRISPR-Based Genome Editing","Base editing","33606978"
"NM_000051.4(ATM):c.4759_4760delinsTT (p.Pro1587Phe)","chr11","108293460","CC/TT","ATM","0.266","dataset0078","Missense","Neutral to the ATM-mediated anti-cell growth with Olaparib in MCF10A","ATM-mediated anti-cell growth with Olaparib","5","Functionally normal","","","NA","CRISPR-Based Genome Editing","Base editing","33606978"
"NM_000051.4(ATM):c.4759C>T (p.Pro1587Ser)","chr11","108293460","C/T","ATM","0.174","dataset0078","Missense","Neutral to the ATM-mediated anti-cell growth with Olaparib in MCF10A","ATM-mediated anti-cell growth with Olaparib","5","Functionally normal","","","NA","CRISPR-Based Genome Editing","Base editing","33606978"
"NM_000051.4(ATM):c.4760C>T (p.Pro1587Leu)","chr11","108293461","C/T","ATM","0.266","dataset0078","Missense","Neutral to the ATM-mediated anti-cell growth with Olaparib in MCF10A","ATM-mediated anti-cell growth with Olaparib","5","Functionally normal","","","NA","CRISPR-Based Genome Editing","Base editing","33606978"
"NM_000051.4(ATM):c.4774G>A (p.Glu1592Lys)","chr11","108293475","G/A","ATM","-1.159","dataset0078","Missense","The reduced ATM-mediated anti-cell growth with Olaparib in MCF10A","ATM-mediated anti-cell growth with Olaparib","5","Loss-of-function","","","NA","CRISPR-Based Genome Editing","Base editing","33606978"
"NM_000051.4(ATM):c.4802G>A (p.Ser1601Asn)","chr11","108294952","G/A","ATM","-0.478","dataset0078","Missense","Neutral to the ATM-mediated anti-cell growth with Olaparib in MCF10A","ATM-mediated anti-cell growth with Olaparib","5","Functionally normal","Conflicting classifications of pathogenicity","3.22217e-05","NA","CRISPR-Based Genome Editing","Base editing","33606978"
"NM_000051.4(ATM):c.4804G>A (p.Val1602Ile)","chr11","108294954","G/A","ATM","-0.478","dataset0078","Missense","Neutral to the ATM-mediated anti-cell growth with Olaparib in MCF10A","ATM-mediated anti-cell growth with Olaparib","5","Functionally normal","Uncertain significance","","NA","CRISPR-Based Genome Editing","Base editing","33606978"
"NM_000051.4(ATM):c.4819C>T (p.Pro1607Ser)","chr11","108294969","C/T","ATM","-0.033","dataset0078","Missense","Neutral to the ATM-mediated anti-cell growth with Olaparib in MCF10A","ATM-mediated anti-cell growth with Olaparib","5","Functionally normal","","","NA","CRISPR-Based Genome Editing","Base editing","33606978"
"NM_000051.4(ATM):c.4820C>T (p.Pro1607Leu)","chr11","108294970","C/T","ATM","-0.033","dataset0078","Missense","Neutral to the ATM-mediated anti-cell growth with Olaparib in MCF10A","ATM-mediated anti-cell growth with Olaparib","5","Functionally normal","Uncertain significance","","NA","CRISPR-Based Genome Editing","Base editing","33606978"
"NM_000051.4(ATM):c.4826C>T (p.Thr1609Ile)","chr11","108294976","C/T","ATM","-0.04","dataset0078","Missense","Neutral to the ATM-mediated anti-cell growth with Olaparib in MCF10A","ATM-mediated anti-cell growth with Olaparib","5","Functionally normal","Uncertain significance","","NA","CRISPR-Based Genome Editing","Base editing","33606978"
"NM_000051.4(ATM):c.4831C>T (p.Leu1611Phe)","chr11","108294981","C/T","ATM","-0.04","dataset0078","Missense","Neutral to the ATM-mediated anti-cell growth with Olaparib in MCF10A","ATM-mediated anti-cell growth with Olaparib","5","Functionally normal","Uncertain significance","","NA","CRISPR-Based Genome Editing","Base editing","33606978"
"NM_000051.4(ATM):c.4834G>A (p.Glu1612Lys)","chr11","108294984","G/A","ATM","-0.004","dataset0078","Missense","Neutral to the ATM-mediated anti-cell growth with Olaparib in MCF10A","ATM-mediated anti-cell growth with Olaparib","5","Functionally normal","","6.19619e-07","NA","CRISPR-Based Genome Editing","Base editing","33606978"
"NM_000051.4(ATM):c.4837_4838delinsAA (p.Gly1613Lys)","chr11","108294987","GG/AA","ATM","-0.004","dataset0078","Missense","Neutral to the ATM-mediated anti-cell growth with Olaparib in MCF10A","ATM-mediated anti-cell growth with Olaparib","5","Functionally normal","","","NA","CRISPR-Based Genome Editing","Base editing","33606978"
"NM_000051.4(ATM):c.4837G>A (p.Gly1613Arg)","chr11","108294987","G/A","ATM","-0.004","dataset0078","Missense","Neutral to the ATM-mediated anti-cell growth with Olaparib in MCF10A","ATM-mediated anti-cell growth with Olaparib","5","Functionally normal","","","NA","CRISPR-Based Genome Editing","Base editing","33606978"
"NM_000051.4(ATM):c.4838G>A (p.Gly1613Glu)","chr11","108294988","G/A","ATM","-0.004","dataset0078","Missense","Neutral to the ATM-mediated anti-cell growth with Olaparib in MCF10A","ATM-mediated anti-cell growth with Olaparib","5","Functionally normal","Uncertain significance","","NA","CRISPR-Based Genome Editing","Base editing","33606978"
"NM_000051.4(ATM):c.4849C>T (p.Leu1617Phe)","chr11","108294999","C/T","ATM","-0.406","dataset0078","Missense","Neutral to the ATM-mediated anti-cell growth with Olaparib in MCF10A","ATM-mediated anti-cell growth with Olaparib","5","Functionally normal","","","NA","CRISPR-Based Genome Editing","Base editing","33606978"
"NM_000051.4(ATM):c.4870C>T (p.His1624Tyr)","chr11","108295020","C/T","ATM","-0.304","dataset0078","Missense","Neutral to the ATM-mediated anti-cell growth with Olaparib in MCF10A","ATM-mediated anti-cell growth with Olaparib","5","Functionally normal","","","NA","CRISPR-Based Genome Editing","Base editing","33606978"
"NM_000051.4(ATM):c.4915C>T (p.Pro1639Ser)","chr11","108297292","C/T","ATM","-0.259","dataset0078","Missense","Neutral to the ATM-mediated anti-cell growth with Olaparib in MCF10A","ATM-mediated anti-cell growth with Olaparib","5","Functionally normal","Uncertain significance","","NA","CRISPR-Based Genome Editing","Base editing","33606978"
"NM_000051.4(ATM):c.4916C>T (p.Pro1639Leu)","chr11","108297293","C/T","ATM","-0.259","dataset0078","Missense","Neutral to the ATM-mediated anti-cell growth with Olaparib in MCF10A","ATM-mediated anti-cell growth with Olaparib","5","Functionally normal","Uncertain significance","1.23969e-05","NA","CRISPR-Based Genome Editing","Base editing","33606978"
"NM_000051.4(ATM):c.4918C>T (p.Gln1640Ter)","chr11","108297295","C/T","ATM","-0.259","dataset0078","Nonsense","Neutral to the ATM-mediated anti-cell growth with Olaparib in MCF10A","ATM-mediated anti-cell growth with Olaparib","5","Functionally normal","Pathogenic","","NA","CRISPR-Based Genome Editing","Base editing","33606978"
"NM_000051.4(ATM):c.4932G>A (p.Met1644Ile)","chr11","108297309","G/A","ATM","-0.052","dataset0078","Missense","Neutral to the ATM-mediated anti-cell growth with Olaparib in MCF10A","ATM-mediated anti-cell growth with Olaparib","5","Functionally normal","Uncertain significance","1.23929e-06","ucec:0.2% (1/529):0.280","CRISPR-Based Genome Editing","Base editing","33606978"
"NM_000051.4(ATM):c.4933G>A (p.Val1645Met)","chr11","108297310","G/A","ATM","-0.052","dataset0078","Missense","Neutral to the ATM-mediated anti-cell growth with Olaparib in MCF10A","ATM-mediated anti-cell growth with Olaparib","5","Functionally normal","","","NA","CRISPR-Based Genome Editing","Base editing","33606978"
"NM_000051.4(ATM):c.4973C>T (p.Ala1658Val)","chr11","108297350","C/T","ATM","-0.524","dataset0078","Missense","Neutral to the ATM-mediated anti-cell growth with Olaparib in MCF10A","ATM-mediated anti-cell growth with Olaparib","5","Functionally normal","","","ucec:0.2% (1/529):0.270","CRISPR-Based Genome Editing","Base editing","33606978"
"NM_000051.4(ATM):c.4996G>A (p.Glu1666Lys)","chr11","108297373","G/A","ATM","-0.472","dataset0078","Missense","Neutral to the ATM-mediated anti-cell growth with Olaparib in MCF10A","ATM-mediated anti-cell growth with Olaparib","5","Functionally normal","Uncertain significance","","NA","CRISPR-Based Genome Editing","Base editing","33606978"
"NM_000051.4(ATM):c.4999G>A (p.Val1667Ile)","chr11","108297376","G/A","ATM","-0.472","dataset0078","Missense","Neutral to the ATM-mediated anti-cell growth with Olaparib in MCF10A","ATM-mediated anti-cell growth with Olaparib","5","Functionally normal","Uncertain significance","","NA","CRISPR-Based Genome Editing","Base editing","33606978"
"NM_000051.4(ATM):c.5009C>T (p.Ala1670Val)","chr11","108299717","C/T","ATM","0.023","dataset0078","Missense","Neutral to the ATM-mediated anti-cell growth with Olaparib in MCF10A","ATM-mediated anti-cell growth with Olaparib","5","Functionally normal","Conflicting classifications of pathogenicity","7.43748e-06","NA","CRISPR-Based Genome Editing","Base editing","33606978"
"NM_000051.4(ATM):c.5072G>A (p.Ser1691Asn)","chr11","108299780","G/A","ATM","0.593","dataset0078","Missense","Neutral to the ATM-mediated anti-cell growth with Olaparib in MCF10A","ATM-mediated anti-cell growth with Olaparib","5","Functionally normal","","6.19584e-07","NA","CRISPR-Based Genome Editing","Base editing","33606978"
"NM_000051.4(ATM):c.5110G>A (p.Glu1704Lys)","chr11","108299818","G/A","ATM","-0.549","dataset0078","Missense","Neutral to the ATM-mediated anti-cell growth with Olaparib in MCF10A","ATM-mediated anti-cell growth with Olaparib","5","Functionally normal","","6.19639e-07","NA","CRISPR-Based Genome Editing","Base editing","33606978"
"NM_000051.4(ATM):c.5113G>A (p.Asp1705Asn)","chr11","108299821","G/A","ATM","-0.162","dataset0078","Missense","Neutral to the ATM-mediated anti-cell growth with Olaparib in MCF10A","ATM-mediated anti-cell growth with Olaparib","5","Functionally normal","Conflicting classifications of pathogenicity","6.19638e-07","blca:0.2% (1/411):0.190","CRISPR-Based Genome Editing","Base editing","33606978"
"NM_000051.4(ATM):c.5147C>T (p.Thr1716Ile)","chr11","108299855","C/T","ATM","-0.516","dataset0078","Missense","Neutral to the ATM-mediated anti-cell growth with Olaparib in MCF10A","ATM-mediated anti-cell growth with Olaparib","5","Functionally normal","Uncertain significance","","NA","CRISPR-Based Genome Editing","Base editing","33606978"
"NM_000051.4(ATM):c.5162C>T (p.Thr1721Ile)","chr11","108299870","C/T","ATM","-0.294","dataset0078","Missense","Neutral to the ATM-mediated anti-cell growth with Olaparib in MCF10A","ATM-mediated anti-cell growth with Olaparib","5","Functionally normal","Uncertain significance","","NA","CRISPR-Based Genome Editing","Base editing","33606978"
"NM_000051.4(ATM):c.5167G>A (p.Val1723Ile)","chr11","108299875","G/A","ATM","-0.268","dataset0078","Missense","Neutral to the ATM-mediated anti-cell growth with Olaparib in MCF10A","ATM-mediated anti-cell growth with Olaparib","5","Functionally normal","Uncertain significance","1.23952e-06","NA","CRISPR-Based Genome Editing","Base editing","33606978"
"NM_000051.4(ATM):c.5170G>A (p.Glu1724Lys)","chr11","108299878","G/A","ATM","-0.282","dataset0078","Missense","Neutral to the ATM-mediated anti-cell growth with Olaparib in MCF10A","ATM-mediated anti-cell growth with Olaparib","5","Functionally normal","","","NA","CRISPR-Based Genome Editing","Base editing","33606978"
"NM_000051.4(ATM):c.5224G>A (p.Ala1742Thr)","chr11","108301694","G/A","ATM","-0.646","dataset0078","Missense","Neutral to the ATM-mediated anti-cell growth with Olaparib in MCF10A","ATM-mediated anti-cell growth with Olaparib","5","Functionally normal","","","NA","CRISPR-Based Genome Editing","Base editing","33606978"
"NM_000051.4(ATM):c.5234C>T (p.Thr1745Ile)","chr11","108301704","C/T","ATM","-0.033","dataset0078","Missense","Neutral to the ATM-mediated anti-cell growth with Olaparib in MCF10A","ATM-mediated anti-cell growth with Olaparib","5","Functionally normal","","","NA","CRISPR-Based Genome Editing","Base editing","33606978"
"NM_000051.4(ATM):c.5243G>A (p.Ser1748Asn)","chr11","108301713","G/A","ATM","-0.911","dataset0078","Missense","Neutral to the ATM-mediated anti-cell growth with Olaparib in MCF10A","ATM-mediated anti-cell growth with Olaparib","5","Functionally normal","","","NA","CRISPR-Based Genome Editing","Base editing","33606978"
"NM_000051.4(ATM):c.5267C>T (p.Thr1756Ile)","chr11","108301737","C/T","ATM","-0.711","dataset0078","Missense","Neutral to the ATM-mediated anti-cell growth with Olaparib in MCF10A","ATM-mediated anti-cell growth with Olaparib","5","Functionally normal","","","NA","CRISPR-Based Genome Editing","Base editing","33606978"
"NM_000051.4(ATM):c.5303G>A (p.Arg1768Lys)","chr11","108301773","G/A","ATM","0.234","dataset0078","Missense","Neutral to the ATM-mediated anti-cell growth with Olaparib in MCF10A","ATM-mediated anti-cell growth with Olaparib","5","Functionally normal","Uncertain significance","","NA","CRISPR-Based Genome Editing","Base editing","33606978"
"NM_000051.4(ATM):c.5312G>A (p.Arg1771Lys)","chr11","108301782","G/A","ATM","-0.372","dataset0078","Missense","Neutral to the ATM-mediated anti-cell growth with Olaparib in MCF10A","ATM-mediated anti-cell growth with Olaparib","5","Functionally normal","Uncertain significance","0","NA","CRISPR-Based Genome Editing","Base editing","33606978"
"NM_000051.4(ATM):c.5347G>A (p.Glu1783Lys)","chr11","108302880","G/A","ATM","-0.927","dataset0078","Missense","The reduced ATM-mediated anti-cell growth with Olaparib in MCF10A","ATM-mediated anti-cell growth with Olaparib","5","Loss-of-function","Uncertain significance","","NA","CRISPR-Based Genome Editing","Base editing","33606978"
"NM_000051.4(ATM):c.5353C>T (p.Pro1785Ser)","chr11","108302886","C/T","ATM","-0.049","dataset0078","Missense","Neutral to the ATM-mediated anti-cell growth with Olaparib in MCF10A","ATM-mediated anti-cell growth with Olaparib","5","Functionally normal","Uncertain significance","","NA","CRISPR-Based Genome Editing","Base editing","33606978"
"NM_000051.4(ATM):c.5368G>A (p.Asp1790Asn)","chr11","108302901","G/A","ATM","-0.014","dataset0078","Missense","Neutral to the ATM-mediated anti-cell growth with Olaparib in MCF10A","ATM-mediated anti-cell growth with Olaparib","5","Functionally normal","Uncertain significance","","NA","CRISPR-Based Genome Editing","Base editing","33606978"
"NM_000051.4(ATM):c.5371G>A (p.Asp1791Asn)","chr11","108302904","G/A","ATM","-0.014","dataset0078","Missense","Neutral to the ATM-mediated anti-cell growth with Olaparib in MCF10A","ATM-mediated anti-cell growth with Olaparib","5","Functionally normal","Uncertain significance","","NA","CRISPR-Based Genome Editing","Base editing","33606978"
"NM_000051.4(ATM):c.5384G>A (p.Trp1795Ter)","chr11","108302917","G/A","ATM","-0.366","dataset0078","Nonsense","Neutral to the ATM-mediated anti-cell growth with Olaparib in MCF10A","ATM-mediated anti-cell growth with Olaparib","5","Functionally normal","","","NA","CRISPR-Based Genome Editing","Base editing","33606978"
"NM_000051.4(ATM):c.5407G>A (p.Asp1803Asn)","chr11","108302940","G/A","ATM","-0.114","dataset0078","Missense","Neutral to the ATM-mediated anti-cell growth with Olaparib in MCF10A","ATM-mediated anti-cell growth with Olaparib","5","Functionally normal","","","NA","CRISPR-Based Genome Editing","Base editing","33606978"
"NM_000051.4(ATM):c.5423C>T (p.Thr1808Ile)","chr11","108302956","C/T","ATM","0.326","dataset0078","Missense","Neutral to the ATM-mediated anti-cell growth with Olaparib in MCF10A","ATM-mediated anti-cell growth with Olaparib","5","Functionally normal","Uncertain significance","6.19785e-07","NA","CRISPR-Based Genome Editing","Base editing","33606978"
"NM_000051.4(ATM):c.5435C>T (p.Ala1812Val)","chr11","108302968","C/T","ATM","-0.258","dataset0078","Missense","Neutral to the ATM-mediated anti-cell growth with Olaparib in MCF10A","ATM-mediated anti-cell growth with Olaparib","5","Functionally normal","Uncertain significance","8.05766e-06","ucec:0.2% (1/529):0.330","CRISPR-Based Genome Editing","Base editing","33606978"
"NM_000051.4(ATM):c.5542G>A (p.Asp1848Asn)","chr11","108304720","G/A","ATM","-0.4","dataset0078","Missense","Neutral to the ATM-mediated anti-cell growth with Olaparib in MCF10A","ATM-mediated anti-cell growth with Olaparib","5","Functionally normal","","","NA","CRISPR-Based Genome Editing","Base editing","33606978"
"NM_000051.4(ATM):c.5554C>T (p.Gln1852Ter)","chr11","108304732","C/T","ATM","-0.073","dataset0078","Nonsense","Neutral to the ATM-mediated anti-cell growth with Olaparib in MCF10A","ATM-mediated anti-cell growth with Olaparib","5","Functionally normal","Pathogenic/Likely pathogenic","3.09824e-06","NA","CRISPR-Based Genome Editing","Base editing","33606978"
"NM_000051.4(ATM):c.5573G>A (p.Trp1858Ter)","chr11","108304751","G/A","ATM","0.173","dataset0078","Nonsense","Neutral to the ATM-mediated anti-cell growth with Olaparib in MCF10A","ATM-mediated anti-cell growth with Olaparib","5","Functionally normal","Pathogenic/Likely pathogenic","","NA","CRISPR-Based Genome Editing","Base editing","33606978"
"NM_000051.4(ATM):c.5584C>T (p.Leu1862Phe)","chr11","108304762","C/T","ATM","0.149","dataset0078","Missense","Neutral to the ATM-mediated anti-cell growth with Olaparib in MCF10A","ATM-mediated anti-cell growth with Olaparib","5","Functionally normal","Uncertain significance","6.19583e-07","NA","CRISPR-Based Genome Editing","Base editing","33606978"
"NM_000051.4(ATM):c.5588C>T (p.Ser1863Phe)","chr11","108304766","C/T","ATM","0.388","dataset0078","Missense","Neutral to the ATM-mediated anti-cell growth with Olaparib in MCF10A","ATM-mediated anti-cell growth with Olaparib","5","Functionally normal","Uncertain significance","","NA","CRISPR-Based Genome Editing","Base editing","33606978"
"NM_000051.4(ATM):c.5648C>T (p.Ser1883Phe)","chr11","108304826","C/T","ATM","-0.089","dataset0078","Missense","Neutral to the ATM-mediated anti-cell growth with Olaparib in MCF10A","ATM-mediated anti-cell growth with Olaparib","5","Functionally normal","Uncertain significance","","NA","CRISPR-Based Genome Editing","Base editing","33606978"
"NM_000051.4(ATM):c.5651C>T (p.Thr1884Ile)","chr11","108304829","C/T","ATM","-0.089","dataset0078","Missense","Neutral to the ATM-mediated anti-cell growth with Olaparib in MCF10A","ATM-mediated anti-cell growth with Olaparib","5","Functionally normal","Uncertain significance","6.19541e-07","NA","CRISPR-Based Genome Editing","Base editing","33606978"
"NM_000051.4(ATM):c.5656_5657delinsTT (p.Pro1886Phe)","chr11","108304834","CC/TT","ATM","-0.129","dataset0078","Missense","Neutral to the ATM-mediated anti-cell growth with Olaparib in MCF10A","ATM-mediated anti-cell growth with Olaparib","5","Functionally normal","","","NA","CRISPR-Based Genome Editing","Base editing","33606978"
"NM_000051.4(ATM):c.5656C>T (p.Pro1886Ser)","chr11","108304834","C/T","ATM","-0.129","dataset0078","Missense","Neutral to the ATM-mediated anti-cell growth with Olaparib in MCF10A","ATM-mediated anti-cell growth with Olaparib","5","Functionally normal","Uncertain significance","","NA","CRISPR-Based Genome Editing","Base editing","33606978"
"NM_000051.4(ATM):c.5657C>T (p.Pro1886Leu)","chr11","108304835","C/T","ATM","-0.129","dataset0078","Missense","Neutral to the ATM-mediated anti-cell growth with Olaparib in MCF10A","ATM-mediated anti-cell growth with Olaparib","5","Functionally normal","","6.19559e-07","NA","CRISPR-Based Genome Editing","Base editing","33606978"
"NM_000051.4(ATM):c.5659G>A (p.Ala1887Thr)","chr11","108304837","G/A","ATM","0.153","dataset0078","Missense","Neutral to the ATM-mediated anti-cell growth with Olaparib in MCF10A","ATM-mediated anti-cell growth with Olaparib","5","Functionally normal","Uncertain significance","","NA","CRISPR-Based Genome Editing","Base editing","33606978"
"NM_000051.4(ATM):c.5660C>T (p.Ala1887Val)","chr11","108304838","C/T","ATM","-0.129","dataset0078","Missense","Neutral to the ATM-mediated anti-cell growth with Olaparib in MCF10A","ATM-mediated anti-cell growth with Olaparib","5","Functionally normal","Uncertain significance","","NA","CRISPR-Based Genome Editing","Base editing","33606978"
"NM_000051.4(ATM):c.5668G>A (p.Asp1890Asn)","chr11","108304846","G/A","ATM","-0.092","dataset0078","Missense","Neutral to the ATM-mediated anti-cell growth with Olaparib in MCF10A","ATM-mediated anti-cell growth with Olaparib","5","Functionally normal","","","NA","CRISPR-Based Genome Editing","Base editing","33606978"
"NM_000051.4(ATM):c.5674G>A (p.Glu1892Lys)","chr11","108304852","G/A","ATM","0.09","dataset0078","Missense","Neutral to the ATM-mediated anti-cell growth with Olaparib in MCF10A","ATM-mediated anti-cell growth with Olaparib","5","Functionally normal","Uncertain significance","3.09856e-06","NA","CRISPR-Based Genome Editing","Base editing","33606978"
"NM_000051.4(ATM):c.5723C>T (p.Thr1908Ile)","chr11","108307945","C/T","ATM","0.057","dataset0078","Missense","Neutral to the ATM-mediated anti-cell growth with Olaparib in MCF10A","ATM-mediated anti-cell growth with Olaparib","5","Functionally normal","Uncertain significance","","NA","CRISPR-Based Genome Editing","Base editing","33606978"
"NM_000051.4(ATM):c.5843G>A (p.Cys1948Tyr)","chr11","108310240","G/A","ATM","0.564","dataset0078","Missense","Neutral to the ATM-mediated anti-cell growth with Olaparib in MCF10A","ATM-mediated anti-cell growth with Olaparib","5","Functionally normal","","6.19771e-07","NA","CRISPR-Based Genome Editing","Base editing","33606978"
"NM_000051.4(ATM):c.5845G>A (p.Ala1949Thr)","chr11","108310242","G/A","ATM","0.564","dataset0078","Missense","Neutral to the ATM-mediated anti-cell growth with Olaparib in MCF10A","ATM-mediated anti-cell growth with Olaparib","5","Functionally normal","Uncertain significance","","NA","CRISPR-Based Genome Editing","Base editing","33606978"
"NM_000051.4(ATM):c.5885C>T (p.Ala1962Val)","chr11","108310282","C/T","ATM","0.282","dataset0078","Missense","Neutral to the ATM-mediated anti-cell growth with Olaparib in MCF10A","ATM-mediated anti-cell growth with Olaparib","5","Functionally normal","","1.85961e-06","NA","CRISPR-Based Genome Editing","Base editing","33606978"
"NM_000051.4(ATM):c.5908C>T (p.Gln1970Ter)","chr11","108310305","C/T","ATM","-0.848","dataset0078","Nonsense","Neutral to the ATM-mediated anti-cell growth with Olaparib in MCF10A","ATM-mediated anti-cell growth with Olaparib","5","Functionally normal","Pathogenic","2.54234e-05","NA","CRISPR-Based Genome Editing","Base editing","33606978"
"NM_000051.4(ATM):c.5923C>T (p.Leu1975Phe)","chr11","108312415","C/T","ATM","-0.25","dataset0078","Missense","Neutral to the ATM-mediated anti-cell growth with Olaparib in MCF10A","ATM-mediated anti-cell growth with Olaparib","5","Functionally normal","","","NA","CRISPR-Based Genome Editing","Base editing","33606978"
"NM_000051.4(ATM):c.5963G>A (p.Ser1988Asn)","chr11","108312455","G/A","ATM","0.664","dataset0078","Missense","Neutral to the ATM-mediated anti-cell growth with Olaparib in MCF10A","ATM-mediated anti-cell growth with Olaparib","5","Functionally normal","","","NA","CRISPR-Based Genome Editing","Base editing","33606978"
"NM_000051.4(ATM):c.5990C>T (p.Thr1997Ile)","chr11","108312482","C/T","ATM","-0.075","dataset0078","Missense","Neutral to the ATM-mediated anti-cell growth with Olaparib in MCF10A","ATM-mediated anti-cell growth with Olaparib","5","Functionally normal","Uncertain significance","","NA","CRISPR-Based Genome Editing","Base editing","33606978"
"NM_000051.4(ATM):c.6004C>T (p.Gln2002Ter)","chr11","108312496","C/T","ATM","-0.393","dataset0078","Nonsense","Neutral to the ATM-mediated anti-cell growth with Olaparib in MCF10A","ATM-mediated anti-cell growth with Olaparib","5","Functionally normal","Pathogenic","","NA","CRISPR-Based Genome Editing","Base editing","33606978"
"NM_000051.4(ATM):c.6043C>T (p.Pro2015Ser)","chr11","108315859","C/T","ATM","-0.02","dataset0078","Missense","Neutral to the ATM-mediated anti-cell growth with Olaparib in MCF10A","ATM-mediated anti-cell growth with Olaparib","5","Functionally normal","","0","NA","CRISPR-Based Genome Editing","Base editing","33606978"
"NM_000051.4(ATM):c.6044C>T (p.Pro2015Leu)","chr11","108315860","C/T","ATM","-0.02","dataset0078","Missense","Neutral to the ATM-mediated anti-cell growth with Olaparib in MCF10A","ATM-mediated anti-cell growth with Olaparib","5","Functionally normal","Uncertain significance","","NA","CRISPR-Based Genome Editing","Base editing","33606978"
"NM_000051.4(ATM):c.6058_6059delinsAA (p.Gly2020Asn)","chr11","108315874","GG/AA","ATM","-0.341","dataset0078","Missense","Neutral to the ATM-mediated anti-cell growth with Olaparib in MCF10A","ATM-mediated anti-cell growth with Olaparib","5","Functionally normal","","","NA","CRISPR-Based Genome Editing","Base editing","33606978"
"NM_000051.4(ATM):c.6058G>A (p.Gly2020Ser)","chr11","108315874","G/A","ATM","-0.341","dataset0078","Missense","Neutral to the ATM-mediated anti-cell growth with Olaparib in MCF10A","ATM-mediated anti-cell growth with Olaparib","5","Functionally normal","","","NA","CRISPR-Based Genome Editing","Base editing","33606978"
"NM_000051.4(ATM):c.6059G>A (p.Gly2020Asp)","chr11","108315875","G/A","ATM","-0.341","dataset0078","Missense","Neutral to the ATM-mediated anti-cell growth with Olaparib in MCF10A","ATM-mediated anti-cell growth with Olaparib","5","Functionally normal","Uncertain significance","6.19861e-07","NA","CRISPR-Based Genome Editing","Base editing","33606978"
"NM_000051.4(ATM):c.6062G>A (p.Cys2021Tyr)","chr11","108315878","G/A","ATM","-0.341","dataset0078","Missense","Neutral to the ATM-mediated anti-cell growth with Olaparib in MCF10A","ATM-mediated anti-cell growth with Olaparib","5","Functionally normal","Uncertain significance","1.85993e-06","NA","CRISPR-Based Genome Editing","Base editing","33606978"
"NM_000051.4(ATM):c.6112C>T (p.His2038Tyr)","chr11","108316027","C/T","ATM","-0.836","dataset0078","Missense","Neutral to the ATM-mediated anti-cell growth with Olaparib in MCF10A","ATM-mediated anti-cell growth with Olaparib","5","Functionally normal","Uncertain significance","","NA","CRISPR-Based Genome Editing","Base editing","33606978"
"NM_000051.4(ATM):c.6154G>A (p.Glu2052Lys)","chr11","108316069","G/A","ATM","-0.206","dataset0078","Missense","Neutral to the ATM-mediated anti-cell growth with Olaparib in MCF10A","ATM-mediated anti-cell growth with Olaparib","5","Functionally normal","Conflicting classifications of pathogenicity","3.03586e-05","NA","CRISPR-Based Genome Editing","Base editing","33606978"
"NM_000051.4(ATM):c.6166_6167delinsTT (p.Pro2056Phe)","chr11","108316081","CC/TT","ATM","-0.31","dataset0078","Missense","Neutral to the ATM-mediated anti-cell growth with Olaparib in MCF10A","ATM-mediated anti-cell growth with Olaparib","5","Functionally normal","","","NA","CRISPR-Based Genome Editing","Base editing","33606978"
"NM_000051.4(ATM):c.6166C>T (p.Pro2056Ser)","chr11","108316081","C/T","ATM","-0.31","dataset0078","Missense","Neutral to the ATM-mediated anti-cell growth with Olaparib in MCF10A","ATM-mediated anti-cell growth with Olaparib","5","Functionally normal","Conflicting classifications of pathogenicity","","skcm:0.2% (1/448):0.290","CRISPR-Based Genome Editing","Base editing","33606978"
"NM_000051.4(ATM):c.6167C>T (p.Pro2056Leu)","chr11","108316082","C/T","ATM","-0.31","dataset0078","Missense","Neutral to the ATM-mediated anti-cell growth with Olaparib in MCF10A","ATM-mediated anti-cell growth with Olaparib","5","Functionally normal","Uncertain significance","6.19528e-07","NA","CRISPR-Based Genome Editing","Base editing","33606978"
"NM_000051.4(ATM):c.6170C>T (p.Ser2057Leu)","chr11","108316085","C/T","ATM","0.058","dataset0078","Missense","Neutral to the ATM-mediated anti-cell growth with Olaparib in MCF10A","ATM-mediated anti-cell growth with Olaparib","5","Functionally normal","Uncertain significance","","NA","CRISPR-Based Genome Editing","Base editing","33606978"
"NM_000051.4(ATM):c.6173C>T (p.Ser2058Leu)","chr11","108316088","C/T","ATM","0.058","dataset0078","Missense","Neutral to the ATM-mediated anti-cell growth with Olaparib in MCF10A","ATM-mediated anti-cell growth with Olaparib","5","Functionally normal","Uncertain significance","","NA","CRISPR-Based Genome Editing","Base editing","33606978"
"NM_000051.4(ATM):c.6181C>T (p.Gln2061Ter)","chr11","108316096","C/T","ATM","0.29","dataset0078","Nonsense","Neutral to the ATM-mediated anti-cell growth with Olaparib in MCF10A","ATM-mediated anti-cell growth with Olaparib","5","Functionally normal","Pathogenic","","NA","CRISPR-Based Genome Editing","Base editing","33606978"
"NM_000051.4(ATM):c.6184G>A (p.Ala2062Thr)","chr11","108316099","G/A","ATM","0.138","dataset0078","Missense","Neutral to the ATM-mediated anti-cell growth with Olaparib in MCF10A","ATM-mediated anti-cell growth with Olaparib","5","Functionally normal","","","NA","CRISPR-Based Genome Editing","Base editing","33606978"
"NM_000051.4(ATM):c.6187G>A (p.Gly2063Arg)","chr11","108316102","G/A","ATM","0.366","dataset0078","Missense","Neutral to the ATM-mediated anti-cell growth with Olaparib in MCF10A","ATM-mediated anti-cell growth with Olaparib","5","Functionally normal","","","NA","CRISPR-Based Genome Editing","Base editing","33606978"
"NM_000051.4(ATM):c.6200C>T (p.Ala2067Val)","chr11","108317374","C/T","ATM","-0.348","dataset0078","Missense","Neutral to the ATM-mediated anti-cell growth with Olaparib in MCF10A","ATM-mediated anti-cell growth with Olaparib","5","Functionally normal","","","NA","CRISPR-Based Genome Editing","Base editing","33606978"
"NM_000051.4(ATM):c.6215G>A (p.Gly2072Glu)","chr11","108317389","G/A","ATM","-0.003","dataset0078","Missense","Neutral to the ATM-mediated anti-cell growth with Olaparib in MCF10A","ATM-mediated anti-cell growth with Olaparib","5","Functionally normal","Uncertain significance","","NA","CRISPR-Based Genome Editing","Base editing","33606978"
"NM_000051.4(ATM):c.6229C>T (p.Leu2077Phe)","chr11","108317403","C/T","ATM","-0.56","dataset0078","Missense","Neutral to the ATM-mediated anti-cell growth with Olaparib in MCF10A","ATM-mediated anti-cell growth with Olaparib","5","Functionally normal","Uncertain significance","","NA","CRISPR-Based Genome Editing","Base editing","33606978"
"NM_000051.4(ATM):c.6233C>T (p.Ser2078Phe)","chr11","108317407","C/T","ATM","-0.442","dataset0078","Missense","Neutral to the ATM-mediated anti-cell growth with Olaparib in MCF10A","ATM-mediated anti-cell growth with Olaparib","5","Functionally normal","Uncertain significance","","NA","CRISPR-Based Genome Editing","Base editing","33606978"
"NM_000051.4(ATM):c.6248G>A (p.Gly2083Glu)","chr11","108317422","G/A","ATM","-0.093","dataset0078","Missense","Neutral to the ATM-mediated anti-cell growth with Olaparib in MCF10A","ATM-mediated anti-cell growth with Olaparib","5","Functionally normal","Uncertain significance","6.20277e-07","NA","CRISPR-Based Genome Editing","Base editing","33606978"
"NM_000051.4(ATM):c.6253G>A (p.Asp2085Asn)","chr11","108317427","G/A","ATM","-0.093","dataset0078","Missense","Neutral to the ATM-mediated anti-cell growth with Olaparib in MCF10A","ATM-mediated anti-cell growth with Olaparib","5","Functionally normal","","","NA","CRISPR-Based Genome Editing","Base editing","33606978"
"NM_000051.4(ATM):c.6292C>T (p.Leu2098Phe)","chr11","108317466","C/T","ATM","0.599","dataset0078","Missense","Neutral to the ATM-mediated anti-cell growth with Olaparib in MCF10A","ATM-mediated anti-cell growth with Olaparib","5","Functionally normal","","","NA","CRISPR-Based Genome Editing","Base editing","33606978"
"NM_000051.4(ATM):c.6295C>T (p.His2099Tyr)","chr11","108317469","C/T","ATM","0.296","dataset0078","Missense","Neutral to the ATM-mediated anti-cell growth with Olaparib in MCF10A","ATM-mediated anti-cell growth with Olaparib","5","Functionally normal","","","skcm:0.2% (1/448):0.560","CRISPR-Based Genome Editing","Base editing","33606978"
"NM_000051.4(ATM):c.6308C>T (p.Ala2103Val)","chr11","108317482","C/T","ATM","0.073","dataset0078","Missense","Neutral to the ATM-mediated anti-cell growth with Olaparib in MCF10A","ATM-mediated anti-cell growth with Olaparib","5","Functionally normal","","","NA","CRISPR-Based Genome Editing","Base editing","33606978"
"NM_000051.4(ATM):c.6391G>A (p.Ala2131Thr)","chr11","108319997","G/A","ATM","-0.378","dataset0078","Missense","Neutral to the ATM-mediated anti-cell growth with Olaparib in MCF10A","ATM-mediated anti-cell growth with Olaparib","5","Functionally normal","Uncertain significance","","NA","CRISPR-Based Genome Editing","Base editing","33606978"
"NM_000051.4(ATM):c.6505C>T (p.Leu2169Phe)","chr11","108321353","C/T","ATM","-0.288","dataset0078","Missense","Neutral to the ATM-mediated anti-cell growth with Olaparib in MCF10A","ATM-mediated anti-cell growth with Olaparib","5","Functionally normal","Uncertain significance","","NA","CRISPR-Based Genome Editing","Base editing","33606978"
"NM_000051.4(ATM):c.6512C>T (p.Pro2171Leu)","chr11","108321360","C/T","ATM","0.445","dataset0078","Missense","Neutral to the ATM-mediated anti-cell growth with Olaparib in MCF10A","ATM-mediated anti-cell growth with Olaparib","5","Functionally normal","","","NA","CRISPR-Based Genome Editing","Base editing","33606978"
"NM_000051.4(ATM):c.6515C>T (p.Thr2172Ile)","chr11","108321363","C/T","ATM","0.445","dataset0078","Missense","Neutral to the ATM-mediated anti-cell growth with Olaparib in MCF10A","ATM-mediated anti-cell growth with Olaparib","5","Functionally normal","Uncertain significance","","NA","CRISPR-Based Genome Editing","Base editing","33606978"
"NM_000051.4(ATM):c.6517C>T (p.Leu2173Phe)","chr11","108321365","C/T","ATM","0.445","dataset0078","Missense","Neutral to the ATM-mediated anti-cell growth with Olaparib in MCF10A","ATM-mediated anti-cell growth with Olaparib","5","Functionally normal","Uncertain significance","6.1955e-07","NA","CRISPR-Based Genome Editing","Base editing","33606978"
"NM_000051.4(ATM):c.6529C>T (p.Gln2177Ter)","chr11","108321377","C/T","ATM","0.061","dataset0078","Nonsense","Neutral to the ATM-mediated anti-cell growth with Olaparib in MCF10A","ATM-mediated anti-cell growth with Olaparib","5","Functionally normal","Pathogenic/Likely pathogenic","","NA","CRISPR-Based Genome Editing","Base editing","33606978"
"NM_000051.4(ATM):c.6532G>A (p.Ala2178Thr)","chr11","108321380","G/A","ATM","-0.055","dataset0078","Missense","Neutral to the ATM-mediated anti-cell growth with Olaparib in MCF10A","ATM-mediated anti-cell growth with Olaparib","5","Functionally normal","","","NA","CRISPR-Based Genome Editing","Base editing","33606978"
"NM_000051.4(ATM):c.6551G>A (p.Ser2184Asn)","chr11","108321399","G/A","ATM","-0.77","dataset0078","Missense","Neutral to the ATM-mediated anti-cell growth with Olaparib in MCF10A","ATM-mediated anti-cell growth with Olaparib","5","Functionally normal","","","NA","CRISPR-Based Genome Editing","Base editing","33606978"
"NM_000051.4(ATM):c.6622C>T (p.His2208Tyr)","chr11","108325359","C/T","ATM","-0.251","dataset0078","Missense","Neutral to the ATM-mediated anti-cell growth with Olaparib in MCF10A","ATM-mediated anti-cell growth with Olaparib","5","Functionally normal","Uncertain significance","6.22685e-07","NA","CRISPR-Based Genome Editing","Base editing","33606978"
"NM_000051.4(ATM):c.6644G>A (p.Ser2215Asn)","chr11","108325381","G/A","ATM","0.467","dataset0078","Missense","Neutral to the ATM-mediated anti-cell growth with Olaparib in MCF10A","ATM-mediated anti-cell growth with Olaparib","5","Functionally normal","","","NA","CRISPR-Based Genome Editing","Base editing","33606978"
"NM_000051.4(ATM):c.6646G>A (p.Asp2216Asn)","chr11","108325383","G/A","ATM","0.467","dataset0078","Missense","Neutral to the ATM-mediated anti-cell growth with Olaparib in MCF10A","ATM-mediated anti-cell growth with Olaparib","5","Functionally normal","Uncertain significance","","NA","CRISPR-Based Genome Editing","Base editing","33606978"
"NM_000051.4(ATM):c.6658C>T (p.Gln2220Ter)","chr11","108325395","C/T","ATM","0.066","dataset0078","Nonsense","Neutral to the ATM-mediated anti-cell growth with Olaparib in MCF10A","ATM-mediated anti-cell growth with Olaparib","5","Functionally normal","Pathogenic","6.1983e-07","NA","CRISPR-Based Genome Editing","Base editing","33606978"
"NM_000051.4(ATM):c.6674C>T (p.Ala2225Val)","chr11","108325411","C/T","ATM","-0.182","dataset0078","Missense","Neutral to the ATM-mediated anti-cell growth with Olaparib in MCF10A","ATM-mediated anti-cell growth with Olaparib","5","Functionally normal","Uncertain significance","1.23932e-06","NA","CRISPR-Based Genome Editing","Base editing","33606978"
"NM_000051.4(ATM):c.6679C>T (p.Arg2227Cys)","chr11","108325416","C/T","ATM","-0.182","dataset0078","Missense","Neutral to the ATM-mediated anti-cell growth with Olaparib in MCF10A","ATM-mediated anti-cell growth with Olaparib","5","Functionally normal","Pathogenic/Likely pathogenic","6.81735e-06","NA","CRISPR-Based Genome Editing","Base editing","33606978"
"NM_000051.4(ATM):c.6680G>A (p.Arg2227His)","chr11","108325417","G/A","ATM","0.331","dataset0078","Missense","Neutral to the ATM-mediated anti-cell growth with Olaparib in MCF10A","ATM-mediated anti-cell growth with Olaparib","5","Functionally normal","Uncertain significance","3.09892e-06","NA","CRISPR-Based Genome Editing","Base editing","33606978"
"NM_000051.4(ATM):c.6717G>A (p.Met2239Ile)","chr11","108325454","G/A","ATM","-0.026","dataset0078","Missense","Neutral to the ATM-mediated anti-cell growth with Olaparib in MCF10A","ATM-mediated anti-cell growth with Olaparib","5","Functionally normal","Uncertain significance","","NA","CRISPR-Based Genome Editing","Base editing","33606978"
"NM_000051.4(ATM):c.6718G>A (p.Asp2240Asn)","chr11","108325455","G/A","ATM","-0.026","dataset0078","Missense","Neutral to the ATM-mediated anti-cell growth with Olaparib in MCF10A","ATM-mediated anti-cell growth with Olaparib","5","Functionally normal","Uncertain significance","","NA","CRISPR-Based Genome Editing","Base editing","33606978"
"NM_000051.4(ATM):c.6725C>T (p.Ser2242Leu)","chr11","108325462","C/T","ATM","0.185","dataset0078","Missense","Neutral to the ATM-mediated anti-cell growth with Olaparib in MCF10A","ATM-mediated anti-cell growth with Olaparib","5","Functionally normal","","6.19676e-07","NA","CRISPR-Based Genome Editing","Base editing","33606978"
"NM_000051.4(ATM):c.6727C>T (p.Gln2243Ter)","chr11","108325464","C/T","ATM","0.185","dataset0078","Nonsense","Neutral to the ATM-mediated anti-cell growth with Olaparib in MCF10A","ATM-mediated anti-cell growth with Olaparib","5","Functionally normal","Pathogenic","","NA","CRISPR-Based Genome Editing","Base editing","33606978"
"NM_000051.4(ATM):c.6791C>T (p.Thr2264Ile)","chr11","108325528","C/T","ATM","0.247","dataset0078","Missense","Neutral to the ATM-mediated anti-cell growth with Olaparib in MCF10A","ATM-mediated anti-cell growth with Olaparib","5","Functionally normal","Uncertain significance","6.23085e-07","NA","CRISPR-Based Genome Editing","Base editing","33606978"
"NM_000051.4(ATM):c.6940C>T (p.Gln2314Ter)","chr11","108326190","C/T","ATM","-0.393","dataset0078","Nonsense","Neutral to the ATM-mediated anti-cell growth with Olaparib in MCF10A","ATM-mediated anti-cell growth with Olaparib","5","Functionally normal","","","NA","CRISPR-Based Genome Editing","Base editing","33606978"
"NM_000051.4(ATM):c.6974C>T (p.Ala2325Val)","chr11","108326224","C/T","ATM","-0.554","dataset0078","Missense","Neutral to the ATM-mediated anti-cell growth with Olaparib in MCF10A","ATM-mediated anti-cell growth with Olaparib","5","Functionally normal","Conflicting classifications of pathogenicity","1.36354e-05","NA","CRISPR-Based Genome Editing","Base editing","33606978"
"NM_000051.4(ATM):c.6998C>T (p.Thr2333Ile)","chr11","108327667","C/T","ATM","0.362","dataset0078","Missense","Neutral to the ATM-mediated anti-cell growth with Olaparib in MCF10A","ATM-mediated anti-cell growth with Olaparib","5","Functionally normal","Conflicting classifications of pathogenicity","4.27574e-05","hnsc:0.2% (1/523):0.330","CRISPR-Based Genome Editing","Base editing","33606978"
"NM_000051.4(ATM):c.7006G>A (p.Glu2336Lys)","chr11","108327675","G/A","ATM","0.078","dataset0078","Missense","Neutral to the ATM-mediated anti-cell growth with Olaparib in MCF10A","ATM-mediated anti-cell growth with Olaparib","5","Functionally normal","","","NA","CRISPR-Based Genome Editing","Base editing","33606978"
"NM_000051.4(ATM):c.7043C>T (p.Thr2348Met)","chr11","108327712","C/T","ATM","-0.01","dataset0078","Missense","Neutral to the ATM-mediated anti-cell growth with Olaparib in MCF10A","ATM-mediated anti-cell growth with Olaparib","5","Functionally normal","Uncertain significance","1.85872e-06","ucec:0.2% (1/529):0.670","CRISPR-Based Genome Editing","Base editing","33606978"
"NM_000051.4(ATM):c.7072C>T (p.Gln2358Ter)","chr11","108327741","C/T","ATM","-0.577","dataset0078","Nonsense","Neutral to the ATM-mediated anti-cell growth with Olaparib in MCF10A","ATM-mediated anti-cell growth with Olaparib","5","Functionally normal","Pathogenic","1.23936e-06","NA","CRISPR-Based Genome Editing","Base editing","33606978"
"NM_000051.4(ATM):c.7091C>T (p.Ala2364Val)","chr11","108329022","C/T","ATM","-0.006","dataset0078","Missense","Neutral to the ATM-mediated anti-cell growth with Olaparib in MCF10A","ATM-mediated anti-cell growth with Olaparib","5","Functionally normal","Uncertain significance","","NA","CRISPR-Based Genome Editing","Base editing","33606978"
"NM_000051.4(ATM):c.7103C>T (p.Ala2368Val)","chr11","108329034","C/T","ATM","-0.69","dataset0078","Missense","Neutral to the ATM-mediated anti-cell growth with Olaparib in MCF10A","ATM-mediated anti-cell growth with Olaparib","5","Functionally normal","Uncertain significance","","NA","CRISPR-Based Genome Editing","Base editing","33606978"
"NM_000051.4(ATM):c.7157C>T (p.Ala2386Val)","chr11","108329088","C/T","ATM","-0.067","dataset0078","Missense","Neutral to the ATM-mediated anti-cell growth with Olaparib in MCF10A","ATM-mediated anti-cell growth with Olaparib","5","Functionally normal","","","NA","CRISPR-Based Genome Editing","Base editing","33606978"
"NM_000051.4(ATM):c.7259C>T (p.Ala2420Val)","chr11","108329190","C/T","ATM","-0.23","dataset0078","Missense","Neutral to the ATM-mediated anti-cell growth with Olaparib in MCF10A","ATM-mediated anti-cell growth with Olaparib","5","Functionally normal","","","NA","CRISPR-Based Genome Editing","Base editing","33606978"
"NM_000051.4(ATM):c.7264G>A (p.Glu2422Lys)","chr11","108329195","G/A","ATM","-0.259","dataset0078","Missense","Neutral to the ATM-mediated anti-cell growth with Olaparib in MCF10A","ATM-mediated anti-cell growth with Olaparib","5","Functionally normal","Uncertain significance","1.23924e-06","NA","CRISPR-Based Genome Editing","Base editing","33606978"
"NM_000051.4(ATM):c.7267G>A (p.Glu2423Lys)","chr11","108329198","G/A","ATM","-0.259","dataset0078","Missense","Neutral to the ATM-mediated anti-cell growth with Olaparib in MCF10A","ATM-mediated anti-cell growth with Olaparib","5","Functionally normal","Uncertain significance","","NA","CRISPR-Based Genome Editing","Base editing","33606978"
"NM_000051.4(ATM):c.7274G>A (p.Gly2425Asp)","chr11","108329205","G/A","ATM","-0.018","dataset0078","Missense","Neutral to the ATM-mediated anti-cell growth with Olaparib in MCF10A","ATM-mediated anti-cell growth with Olaparib","5","Functionally normal","Uncertain significance","","NA","CRISPR-Based Genome Editing","Base editing","33606978"
"NM_000051.4(ATM):c.7288C>T (p.His2430Tyr)","chr11","108329219","C/T","ATM","-0.42","dataset0078","Missense","Neutral to the ATM-mediated anti-cell growth with Olaparib in MCF10A","ATM-mediated anti-cell growth with Olaparib","5","Functionally normal","Uncertain significance","","NA","CRISPR-Based Genome Editing","Base editing","33606978"
"NM_000051.4(ATM):c.7297C>T (p.Gln2433Ter)","chr11","108329228","C/T","ATM","0.148","dataset0078","Nonsense","Neutral to the ATM-mediated anti-cell growth with Olaparib in MCF10A","ATM-mediated anti-cell growth with Olaparib","5","Functionally normal","Pathogenic","","skcm:0.2% (1/448):0.700;ucec:0.2% (1/529):0.290","CRISPR-Based Genome Editing","Base editing","33606978"
"NM_000051.4(ATM):c.7301C>T (p.Thr2434Ile)","chr11","108329232","C/T","ATM","0.148","dataset0078","Missense","Neutral to the ATM-mediated anti-cell growth with Olaparib in MCF10A","ATM-mediated anti-cell growth with Olaparib","5","Functionally normal","Uncertain significance","","NA","CRISPR-Based Genome Editing","Base editing","33606978"
"NM_000051.4(ATM):c.7324C>T (p.Gln2442Ter)","chr11","108330230","C/T","ATM","0.671","dataset0078","Nonsense","Neutral to the ATM-mediated anti-cell growth with Olaparib in MCF10A","ATM-mediated anti-cell growth with Olaparib","5","Functionally normal","","","NA","CRISPR-Based Genome Editing","Base editing","33606978"
"NM_000051.4(ATM):c.7327C>T (p.Arg2443Ter)","chr11","108330233","C/T","ATM","0.671","dataset0078","Nonsense","Neutral to the ATM-mediated anti-cell growth with Olaparib in MCF10A","ATM-mediated anti-cell growth with Olaparib","5","Functionally normal","Pathogenic/Likely pathogenic","3.71735e-06","coad:0.2% (1/439):0.360","CRISPR-Based Genome Editing","Base editing","33606978"
"NM_000051.4(ATM):c.7352C>T (p.Ala2451Val)","chr11","108330258","C/T","ATM","-0.079","dataset0078","Missense","Neutral to the ATM-mediated anti-cell growth with Olaparib in MCF10A","ATM-mediated anti-cell growth with Olaparib","5","Functionally normal","Uncertain significance","0","NA","CRISPR-Based Genome Editing","Base editing","33606978"
"NM_000051.4(ATM):c.7357C>T (p.Arg2453Cys)","chr11","108330263","C/T","ATM","-0.079","dataset0078","Missense","Neutral to the ATM-mediated anti-cell growth with Olaparib in MCF10A","ATM-mediated anti-cell growth with Olaparib","5","Functionally normal","Uncertain significance","1.6109e-05","NA","CRISPR-Based Genome Editing","Base editing","33606978"
"NM_000051.4(ATM):c.7369G>A (p.Glu2457Lys)","chr11","108330275","G/A","ATM","0.841","dataset0078","Missense","Neutral to the ATM-mediated anti-cell growth with Olaparib in MCF10A","ATM-mediated anti-cell growth with Olaparib","5","Functionally normal","","","NA","CRISPR-Based Genome Editing","Base editing","33606978"
"NM_000051.4(ATM):c.7372G>A (p.Asp2458Asn)","chr11","108330278","G/A","ATM","0.841","dataset0078","Missense","Neutral to the ATM-mediated anti-cell growth with Olaparib in MCF10A","ATM-mediated anti-cell growth with Olaparib","5","Functionally normal","","","NA","CRISPR-Based Genome Editing","Base editing","33606978"
"NM_000051.4(ATM):c.7456C>T (p.Arg2486Ter)","chr11","108330362","C/T","ATM","-0.189","dataset0078","Nonsense","Neutral to the ATM-mediated anti-cell growth with Olaparib in MCF10A","ATM-mediated anti-cell growth with Olaparib","5","Functionally normal","Pathogenic/Likely pathogenic","4.33679e-06","NA","CRISPR-Based Genome Editing","Base editing","33606978"
"NM_000051.4(ATM):c.7468C>T (p.Leu2490Phe)","chr11","108330374","C/T","ATM","-0.331","dataset0078","Missense","Neutral to the ATM-mediated anti-cell growth with Olaparib in MCF10A","ATM-mediated anti-cell growth with Olaparib","5","Functionally normal","Uncertain significance","2.47813e-06","NA","CRISPR-Based Genome Editing","Base editing","33606978"
"NM_000051.4(ATM):c.7472G>A (p.Trp2491Ter)","chr11","108330378","G/A","ATM","-0.719","dataset0078","Nonsense","Neutral to the ATM-mediated anti-cell growth with Olaparib in MCF10A","ATM-mediated anti-cell growth with Olaparib","5","Functionally normal","","","NA","CRISPR-Based Genome Editing","Base editing","33606978"
"NM_000051.4(ATM):c.7486_7487delinsAA (p.Gly2496Lys)","chr11","108330392","GG/AA","ATM","-0.956","dataset0078","Missense","The reduced ATM-mediated anti-cell growth with Olaparib in MCF10A","ATM-mediated anti-cell growth with Olaparib","5","Loss-of-function","","","NA","CRISPR-Based Genome Editing","Base editing","33606978"
"NM_000051.4(ATM):c.7486G>A (p.Gly2496Arg)","chr11","108330392","G/A","ATM","-0.442","dataset0078","Missense","Neutral to the ATM-mediated anti-cell growth with Olaparib in MCF10A","ATM-mediated anti-cell growth with Olaparib","5","Functionally normal","Uncertain significance","","NA","CRISPR-Based Genome Editing","Base editing","33606978"
"NM_000051.4(ATM):c.7487G>A (p.Gly2496Glu)","chr11","108330393","G/A","ATM","-0.956","dataset0078","Missense","The reduced ATM-mediated anti-cell growth with Olaparib in MCF10A","ATM-mediated anti-cell growth with Olaparib","5","Loss-of-function","Conflicting classifications of pathogenicity","6.19543e-07","NA","CRISPR-Based Genome Editing","Base editing","33606978"
"NM_000051.4(ATM):c.7552_7553delinsTT (p.Pro2518Phe)","chr11","108331480","CC/TT","ATM","0.062","dataset0078","Missense","Neutral to the ATM-mediated anti-cell growth with Olaparib in MCF10A","ATM-mediated anti-cell growth with Olaparib","5","Functionally normal","","","NA","CRISPR-Based Genome Editing","Base editing","33606978"
"NM_000051.4(ATM):c.7552C>T (p.Pro2518Ser)","chr11","108331480","C/T","ATM","0.062","dataset0078","Missense","Neutral to the ATM-mediated anti-cell growth with Olaparib in MCF10A","ATM-mediated anti-cell growth with Olaparib","5","Functionally normal","Uncertain significance","2.97644e-05","NA","CRISPR-Based Genome Editing","Base editing","33606978"
"NM_000051.4(ATM):c.7553C>T (p.Pro2518Leu)","chr11","108331481","C/T","ATM","0.062","dataset0078","Missense","Neutral to the ATM-mediated anti-cell growth with Olaparib in MCF10A","ATM-mediated anti-cell growth with Olaparib","5","Functionally normal","Uncertain significance","1.24014e-06","NA","CRISPR-Based Genome Editing","Base editing","33606978"
"NM_000051.4(ATM):c.7555C>T (p.Leu2519Phe)","chr11","108331483","C/T","ATM","0.062","dataset0078","Missense","Neutral to the ATM-mediated anti-cell growth with Olaparib in MCF10A","ATM-mediated anti-cell growth with Olaparib","5","Functionally normal","","","NA","CRISPR-Based Genome Editing","Base editing","33606978"
"NM_000051.4(ATM):c.7564C>T (p.Gln2522Ter)","chr11","108331492","C/T","ATM","0.075","dataset0078","Nonsense","Neutral to the ATM-mediated anti-cell growth with Olaparib in MCF10A","ATM-mediated anti-cell growth with Olaparib","5","Functionally normal","Pathogenic","","NA","CRISPR-Based Genome Editing","Base editing","33606978"
"NM_000051.4(ATM):c.7570G>A (p.Ala2524Thr)","chr11","108331498","G/A","ATM","-0.535","dataset0078","Missense","Neutral to the ATM-mediated anti-cell growth with Olaparib in MCF10A","ATM-mediated anti-cell growth with Olaparib","5","Functionally normal","Uncertain significance","0","NA","CRISPR-Based Genome Editing","Base editing","33606978"
"NM_000051.4(ATM):c.7581G>A (p.Met2527Ile)","chr11","108331509","G/A","ATM","-0.12","dataset0078","Missense","Neutral to the ATM-mediated anti-cell growth with Olaparib in MCF10A","ATM-mediated anti-cell growth with Olaparib","5","Functionally normal","Uncertain significance","","NA","CRISPR-Based Genome Editing","Base editing","33606978"
"NM_000051.4(ATM):c.7582_7583delinsAA (p.Gly2528Lys)","chr11","108331510","GG/AA","ATM","-0.12","dataset0078","Missense","Neutral to the ATM-mediated anti-cell growth with Olaparib in MCF10A","ATM-mediated anti-cell growth with Olaparib","5","Functionally normal","","","NA","CRISPR-Based Genome Editing","Base editing","33606978"
"NM_000051.4(ATM):c.7582G>A (p.Gly2528Arg)","chr11","108331510","G/A","ATM","-0.12","dataset0078","Missense","Neutral to the ATM-mediated anti-cell growth with Olaparib in MCF10A","ATM-mediated anti-cell growth with Olaparib","5","Functionally normal","","","NA","CRISPR-Based Genome Editing","Base editing","33606978"
"NM_000051.4(ATM):c.7583G>A (p.Gly2528Glu)","chr11","108331511","G/A","ATM","-0.12","dataset0078","Missense","Neutral to the ATM-mediated anti-cell growth with Olaparib in MCF10A","ATM-mediated anti-cell growth with Olaparib","5","Functionally normal","","","NA","CRISPR-Based Genome Editing","Base editing","33606978"
"NM_000051.4(ATM):c.7586C>T (p.Thr2529Ile)","chr11","108331514","C/T","ATM","0.839","dataset0078","Missense","Neutral to the ATM-mediated anti-cell growth with Olaparib in MCF10A","ATM-mediated anti-cell growth with Olaparib","5","Functionally normal","Uncertain significance","","NA","CRISPR-Based Genome Editing","Base editing","33606978"
"NM_000051.4(ATM):c.7601G>A (p.Gly2534Asp)","chr11","108331529","G/A","ATM","0.336","dataset0078","Missense","Neutral to the ATM-mediated anti-cell growth with Olaparib in MCF10A","ATM-mediated anti-cell growth with Olaparib","5","Functionally normal","","6.20476e-07","NA","CRISPR-Based Genome Editing","Base editing","33606978"
"NM_000051.4(ATM):c.7606G>A (p.Gly2536Arg)","chr11","108331534","G/A","ATM","0.336","dataset0078","Missense","Neutral to the ATM-mediated anti-cell growth with Olaparib in MCF10A","ATM-mediated anti-cell growth with Olaparib","5","Functionally normal","","","NA","CRISPR-Based Genome Editing","Base editing","33606978"
"NM_000051.4(ATM):c.7618G>A (p.Val2540Ile)","chr11","108331546","G/A","ATM","-0.46","dataset0078","Missense","Neutral to the ATM-mediated anti-cell growth with Olaparib in MCF10A","ATM-mediated anti-cell growth with Olaparib","5","Functionally normal","Conflicting classifications of pathogenicity","8.49916e-05","NA","CRISPR-Based Genome Editing","Base editing","33606978"
"NM_000051.4(ATM):c.7667C>T (p.Thr2556Ile)","chr11","108331916","C/T","ATM","-0.57","dataset0078","Missense","Neutral to the ATM-mediated anti-cell growth with Olaparib in MCF10A","ATM-mediated anti-cell growth with Olaparib","5","Functionally normal","","6.196e-07","NA","CRISPR-Based Genome Editing","Base editing","33606978"
"NM_000051.4(ATM):c.7703G>A (p.Arg2568Lys)","chr11","108331952","G/A","ATM","0.374","dataset0078","Missense","Neutral to the ATM-mediated anti-cell growth with Olaparib in MCF10A","ATM-mediated anti-cell growth with Olaparib","5","Functionally normal","Uncertain significance","","NA","CRISPR-Based Genome Editing","Base editing","33606978"
"NM_000051.4(ATM):c.7705G>A (p.Asp2569Asn)","chr11","108331954","G/A","ATM","0.374","dataset0078","Missense","Neutral to the ATM-mediated anti-cell growth with Olaparib in MCF10A","ATM-mediated anti-cell growth with Olaparib","5","Functionally normal","Uncertain significance","6.19573e-07","NA","CRISPR-Based Genome Editing","Base editing","33606978"
"NM_000051.4(ATM):c.7739G>A (p.Arg2580Lys)","chr11","108331988","G/A","ATM","-0.18","dataset0078","Missense","Neutral to the ATM-mediated anti-cell growth with Olaparib in MCF10A","ATM-mediated anti-cell growth with Olaparib","5","Functionally normal","Conflicting classifications of pathogenicity","2.47826e-06","NA","CRISPR-Based Genome Editing","Base editing","33606978"
"NM_000051.4(ATM):c.7742G>A (p.Ser2581Asn)","chr11","108331991","G/A","ATM","-0.18","dataset0078","Missense","Neutral to the ATM-mediated anti-cell growth with Olaparib in MCF10A","ATM-mediated anti-cell growth with Olaparib","5","Functionally normal","Uncertain significance","","NA","CRISPR-Based Genome Editing","Base editing","33606978"
"NM_000051.4(ATM):c.7856G>A (p.Ser2619Asn)","chr11","108332829","G/A","ATM","-0.285","dataset0078","Missense","Neutral to the ATM-mediated anti-cell growth with Olaparib in MCF10A","ATM-mediated anti-cell growth with Olaparib","5","Functionally normal","","","NA","CRISPR-Based Genome Editing","Base editing","33606978"
"NM_000051.4(ATM):c.7858G>A (p.Val2620Ile)","chr11","108332831","G/A","ATM","-0.285","dataset0078","Missense","Neutral to the ATM-mediated anti-cell growth with Olaparib in MCF10A","ATM-mediated anti-cell growth with Olaparib","5","Functionally normal","","","NA","CRISPR-Based Genome Editing","Base editing","33606978"
"NM_000051.4(ATM):c.7993_7994delinsTT (p.Pro2665Phe)","chr11","108333951","CC/TT","ATM","-0.517","dataset0078","Missense","Neutral to the ATM-mediated anti-cell growth with Olaparib in MCF10A","ATM-mediated anti-cell growth with Olaparib","5","Functionally normal","","","NA","CRISPR-Based Genome Editing","Base editing","33606978"
"NM_000051.4(ATM):c.7993C>T (p.Pro2665Ser)","chr11","108333951","C/T","ATM","-0.517","dataset0078","Missense","Neutral to the ATM-mediated anti-cell growth with Olaparib in MCF10A","ATM-mediated anti-cell growth with Olaparib","5","Functionally normal","","","NA","CRISPR-Based Genome Editing","Base editing","33606978"
"NM_000051.4(ATM):c.7994C>T (p.Pro2665Leu)","chr11","108333952","C/T","ATM","-0.517","dataset0078","Missense","Neutral to the ATM-mediated anti-cell growth with Olaparib in MCF10A","ATM-mediated anti-cell growth with Olaparib","5","Functionally normal","Uncertain significance","","NA","CRISPR-Based Genome Editing","Base editing","33606978"
"NM_000051.4(ATM):c.8017C>T (p.His2673Tyr)","chr11","108334975","C/T","ATM","-0.306","dataset0078","Missense","Neutral to the ATM-mediated anti-cell growth with Olaparib in MCF10A","ATM-mediated anti-cell growth with Olaparib","5","Functionally normal","Uncertain significance","","NA","CRISPR-Based Genome Editing","Base editing","33606978"
"NM_000051.4(ATM):c.8021C>T (p.Thr2674Ile)","chr11","108334979","C/T","ATM","-0.682","dataset0078","Missense","Neutral to the ATM-mediated anti-cell growth with Olaparib in MCF10A","ATM-mediated anti-cell growth with Olaparib","5","Functionally normal","Uncertain significance","","NA","CRISPR-Based Genome Editing","Base editing","33606978"
"NM_000051.4(ATM):c.8032_8033delinsAA (p.Gly2678Lys)","chr11","108334990","GG/AA","ATM","-0.212","dataset0078","Missense","Neutral to the ATM-mediated anti-cell growth with Olaparib in MCF10A","ATM-mediated anti-cell growth with Olaparib","5","Functionally normal","","","NA","CRISPR-Based Genome Editing","Base editing","33606978"
"NM_000051.4(ATM):c.8032G>A (p.Gly2678Arg)","chr11","108334990","G/A","ATM","-0.212","dataset0078","Missense","Neutral to the ATM-mediated anti-cell growth with Olaparib in MCF10A","ATM-mediated anti-cell growth with Olaparib","5","Functionally normal","Conflicting classifications of pathogenicity","4.95814e-06","NA","CRISPR-Based Genome Editing","Base editing","33606978"
"NM_000051.4(ATM):c.8033G>A (p.Gly2678Glu)","chr11","108334991","G/A","ATM","-0.212","dataset0078","Missense","Neutral to the ATM-mediated anti-cell growth with Olaparib in MCF10A","ATM-mediated anti-cell growth with Olaparib","5","Functionally normal","Likely benign","","NA","CRISPR-Based Genome Editing","Base editing","33606978"
"NM_000051.4(ATM):c.8063C>T (p.Ala2688Val)","chr11","108335021","C/T","ATM","0.32","dataset0078","Missense","Neutral to the ATM-mediated anti-cell growth with Olaparib in MCF10A","ATM-mediated anti-cell growth with Olaparib","5","Functionally normal","Uncertain significance","1.23926e-06","NA","CRISPR-Based Genome Editing","Base editing","33606978"
"NM_000051.4(ATM):c.8111G>A (p.Cys2704Tyr)","chr11","108335069","G/A","ATM","-0.107","dataset0078","Missense","Neutral to the ATM-mediated anti-cell growth with Olaparib in MCF10A","ATM-mediated anti-cell growth with Olaparib","5","Functionally normal","Uncertain significance","1.23907e-06","NA","CRISPR-Based Genome Editing","Base editing","33606978"
"NM_000051.4(ATM):c.8113G>A (p.Val2705Ile)","chr11","108335071","G/A","ATM","-0.107","dataset0078","Missense","Neutral to the ATM-mediated anti-cell growth with Olaparib in MCF10A","ATM-mediated anti-cell growth with Olaparib","5","Functionally normal","Conflicting classifications of pathogenicity","9.91328e-06","NA","CRISPR-Based Genome Editing","Base editing","33606978"
"NM_000051.4(ATM):c.8120C>T (p.Ser2707Phe)","chr11","108335078","C/T","ATM","0.598","dataset0078","Missense","Neutral to the ATM-mediated anti-cell growth with Olaparib in MCF10A","ATM-mediated anti-cell growth with Olaparib","5","Functionally normal","Uncertain significance","","NA","CRISPR-Based Genome Editing","Base editing","33606978"
"NM_000051.4(ATM):c.8135G>A (p.Arg2712Lys)","chr11","108335093","G/A","ATM","-0.888","dataset0078","Missense","Neutral to the ATM-mediated anti-cell growth with Olaparib in MCF10A","ATM-mediated anti-cell growth with Olaparib","5","Functionally normal","Uncertain significance","","NA","CRISPR-Based Genome Editing","Base editing","33606978"
"NM_000051.4(ATM):c.8138G>A (p.Arg2713Lys)","chr11","108335096","G/A","ATM","-0.888","dataset0078","Missense","Neutral to the ATM-mediated anti-cell growth with Olaparib in MCF10A","ATM-mediated anti-cell growth with Olaparib","5","Functionally normal","Uncertain significance","6.19556e-07","blca:0.5% (2/411):0.315","CRISPR-Based Genome Editing","Base editing","33606978"
"NM_000051.4(ATM):c.8173G>A (p.Asp2725Asn)","chr11","108335866","G/A","ATM","-0.069","dataset0078","Missense","Neutral to the ATM-mediated anti-cell growth with Olaparib in MCF10A","ATM-mediated anti-cell growth with Olaparib","5","Functionally normal","Uncertain significance","","NA","CRISPR-Based Genome Editing","Base editing","33606978"
"NM_000051.4(ATM):c.8179G>A (p.Val2727Ile)","chr11","108335872","G/A","ATM","-0.051","dataset0078","Missense","Neutral to the ATM-mediated anti-cell growth with Olaparib in MCF10A","ATM-mediated anti-cell growth with Olaparib","5","Functionally normal","","","NA","CRISPR-Based Genome Editing","Base editing","33606978"
"NM_000051.4(ATM):c.8210C>T (p.Thr2737Ile)","chr11","108335903","C/T","ATM","-1.083","dataset0078","Missense","The reduced ATM-mediated anti-cell growth with Olaparib in MCF10A","ATM-mediated anti-cell growth with Olaparib","5","Loss-of-function","Uncertain significance","","ucec:0.2% (1/529):0.270","CRISPR-Based Genome Editing","Base editing","33606978"
"NM_000051.4(ATM):c.8218C>T (p.Gln2740Ter)","chr11","108335911","C/T","ATM","-0.452","dataset0078","Nonsense","Neutral to the ATM-mediated anti-cell growth with Olaparib in MCF10A","ATM-mediated anti-cell growth with Olaparib","5","Functionally normal","Pathogenic","","NA","CRISPR-Based Genome Editing","Base editing","33606978"
"NM_000051.4(ATM):c.8228C>T (p.Thr2743Met)","chr11","108335921","C/T","ATM","-0.836","dataset0078","Missense","Neutral to the ATM-mediated anti-cell growth with Olaparib in MCF10A","ATM-mediated anti-cell growth with Olaparib","5","Functionally normal","Uncertain significance","1.2394e-05","coad:0.2% (1/439):0.220","CRISPR-Based Genome Editing","Base editing","33606978"
"NM_000051.4(ATM):c.8252C>T (p.Thr2751Ile)","chr11","108335945","C/T","ATM","-0.271","dataset0078","Missense","Neutral to the ATM-mediated anti-cell growth with Olaparib in MCF10A","ATM-mediated anti-cell growth with Olaparib","5","Functionally normal","Uncertain significance","6.21372e-07","NA","CRISPR-Based Genome Editing","Base editing","33606978"
"NM_000051.4(ATM):c.8275_8276delinsTT (p.Pro2759Phe)","chr11","108343228","CC/TT","ATM","-0.184","dataset0078","Missense","Neutral to the ATM-mediated anti-cell growth with Olaparib in MCF10A","ATM-mediated anti-cell growth with Olaparib","5","Functionally normal","","","NA","CRISPR-Based Genome Editing","Base editing","33606978"
"NM_000051.4(ATM):c.8275C>T (p.Pro2759Ser)","chr11","108343228","C/T","ATM","-0.184","dataset0078","Missense","Neutral to the ATM-mediated anti-cell growth with Olaparib in MCF10A","ATM-mediated anti-cell growth with Olaparib","5","Functionally normal","Uncertain significance","1.85899e-06","skcm:0.2% (1/448):0.380","CRISPR-Based Genome Editing","Base editing","33606978"
"NM_000051.4(ATM):c.8276C>T (p.Pro2759Leu)","chr11","108343229","C/T","ATM","-0.184","dataset0078","Missense","Neutral to the ATM-mediated anti-cell growth with Olaparib in MCF10A","ATM-mediated anti-cell growth with Olaparib","5","Functionally normal","Uncertain significance","","NA","CRISPR-Based Genome Editing","Base editing","33606978"
"NM_000051.4(ATM):c.8278C>T (p.Leu2760Phe)","chr11","108343231","C/T","ATM","-0.184","dataset0078","Missense","Neutral to the ATM-mediated anti-cell growth with Olaparib in MCF10A","ATM-mediated anti-cell growth with Olaparib","5","Functionally normal","Uncertain significance","1.85883e-06","NA","CRISPR-Based Genome Editing","Base editing","33606978"
"NM_000051.4(ATM):c.8287C>T (p.Arg2763Ter)","chr11","108343240","C/T","ATM","-0.269","dataset0078","Nonsense","Neutral to the ATM-mediated anti-cell growth with Olaparib in MCF10A","ATM-mediated anti-cell growth with Olaparib","5","Functionally normal","Pathogenic","2.47868e-06","stad:0.2% (1/440):0.220;ucec:0.2% (1/529):0.210","CRISPR-Based Genome Editing","Base editing","33606978"
"NM_000051.4(ATM):c.8291G>A (p.Ser2764Asn)","chr11","108343244","G/A","ATM","0.141","dataset0078","Missense","Neutral to the ATM-mediated anti-cell growth with Olaparib in MCF10A","ATM-mediated anti-cell growth with Olaparib","5","Functionally normal","","","NA","CRISPR-Based Genome Editing","Base editing","33606978"
"NM_000051.4(ATM):c.8293_8294delinsAA (p.Gly2765Asn)","chr11","108343246","GG/AA","ATM","0.043","dataset0078","Missense","Neutral to the ATM-mediated anti-cell growth with Olaparib in MCF10A","ATM-mediated anti-cell growth with Olaparib","5","Functionally normal","","","NA","CRISPR-Based Genome Editing","Base editing","33606978"
"NM_000051.4(ATM):c.8293G>A (p.Gly2765Ser)","chr11","108343246","G/A","ATM","0.043","dataset0078","Missense","Neutral to the ATM-mediated anti-cell growth with Olaparib in MCF10A","ATM-mediated anti-cell growth with Olaparib","5","Functionally normal","Pathogenic/Likely pathogenic","4.33716e-06","kirp:0.4% (1/283):0.060","CRISPR-Based Genome Editing","Base editing","33606978"
"NM_000051.4(ATM):c.8294G>A (p.Gly2765Asp)","chr11","108343247","G/A","ATM","0.043","dataset0078","Missense","Neutral to the ATM-mediated anti-cell growth with Olaparib in MCF10A","ATM-mediated anti-cell growth with Olaparib","5","Functionally normal","Conflicting classifications of pathogenicity","6.19586e-07","NA","CRISPR-Based Genome Editing","Base editing","33606978"
"NM_000051.4(ATM):c.8296G>A (p.Val2766Ile)","chr11","108343249","G/A","ATM","0.005","dataset0078","Missense","Neutral to the ATM-mediated anti-cell growth with Olaparib in MCF10A","ATM-mediated anti-cell growth with Olaparib","5","Functionally normal","Uncertain significance","6.19576e-07","NA","CRISPR-Based Genome Editing","Base editing","33606978"
"NM_000051.4(ATM):c.8299C>T (p.Leu2767Phe)","chr11","108343252","C/T","ATM","-0.82","dataset0078","Missense","Neutral to the ATM-mediated anti-cell growth with Olaparib in MCF10A","ATM-mediated anti-cell growth with Olaparib","5","Functionally normal","Uncertain significance","","NA","CRISPR-Based Genome Editing","Base editing","33606978"
"NM_000051.4(ATM):c.8312C>T (p.Thr2771Ile)","chr11","108343265","C/T","ATM","-0.231","dataset0078","Missense","Neutral to the ATM-mediated anti-cell growth with Olaparib in MCF10A","ATM-mediated anti-cell growth with Olaparib","5","Functionally normal","Uncertain significance","2.47839e-06","NA","CRISPR-Based Genome Editing","Base editing","33606978"
"NM_000051.4(ATM):c.8338C>T (p.Leu2780Phe)","chr11","108343291","C/T","ATM","-0.411","dataset0078","Missense","Neutral to the ATM-mediated anti-cell growth with Olaparib in MCF10A","ATM-mediated anti-cell growth with Olaparib","5","Functionally normal","","","NA","CRISPR-Based Genome Editing","Base editing","33606978"
"NM_000051.4(ATM):c.8341G>A (p.Val2781Ile)","chr11","108343294","G/A","ATM","-0.333","dataset0078","Missense","Neutral to the ATM-mediated anti-cell growth with Olaparib in MCF10A","ATM-mediated anti-cell growth with Olaparib","5","Functionally normal","","","NA","CRISPR-Based Genome Editing","Base editing","33606978"
"NM_000051.4(ATM):c.8392G>A (p.Ala2798Thr)","chr11","108343345","G/A","ATM","-0.53","dataset0078","Missense","Neutral to the ATM-mediated anti-cell growth with Olaparib in MCF10A","ATM-mediated anti-cell growth with Olaparib","5","Functionally normal","","","NA","CRISPR-Based Genome Editing","Base editing","33606978"
"NM_000051.4(ATM):c.8404C>T (p.Gln2802Ter)","chr11","108343357","C/T","ATM","-0.181","dataset0078","Nonsense","Neutral to the ATM-mediated anti-cell growth with Olaparib in MCF10A","ATM-mediated anti-cell growth with Olaparib","5","Functionally normal","","","NA","CRISPR-Based Genome Editing","Base editing","33606978"
"NM_000051.4(ATM):c.8418G>A (p.Met2806Ile)","chr11","108343371","G/A","ATM","-0.135","dataset0078","Missense","Neutral to the ATM-mediated anti-cell growth with Olaparib in MCF10A","ATM-mediated anti-cell growth with Olaparib","5","Functionally normal","Conflicting classifications of pathogenicity","","NA","CRISPR-Based Genome Editing","Base editing","33606978"
"NM_000051.4(ATM):c.8488G>A (p.Val2830Ile)","chr11","108345812","G/A","ATM","-0.537","dataset0078","Missense","Neutral to the ATM-mediated anti-cell growth with Olaparib in MCF10A","ATM-mediated anti-cell growth with Olaparib","5","Functionally normal","","","NA","CRISPR-Based Genome Editing","Base editing","33606978"
"NM_000051.4(ATM):c.8494C>T (p.Arg2832Cys)","chr11","108345818","C/T","ATM","-0.068","dataset0078","Missense","Neutral to the ATM-mediated anti-cell growth with Olaparib in MCF10A","ATM-mediated anti-cell growth with Olaparib","5","Functionally normal","Likely pathogenic","1.85912e-05","luad:0.2% (1/566):0.240;stad:0.2% (1/440):0.200;ucec:0.2% (1/529):0.350","CRISPR-Based Genome Editing","Base editing","33606978"
"NM_000051.4(ATM):c.8504G>A (p.Cys2835Tyr)","chr11","108345828","G/A","ATM","0.2","dataset0078","Missense","Neutral to the ATM-mediated anti-cell growth with Olaparib in MCF10A","ATM-mediated anti-cell growth with Olaparib","5","Functionally normal","Uncertain significance","6.19644e-07","NA","CRISPR-Based Genome Editing","Base editing","33606978"
"NM_000051.4(ATM):c.8508G>A (p.Met2836Ile)","chr11","108345832","G/A","ATM","-0.63","dataset0078","Missense","Neutral to the ATM-mediated anti-cell growth with Olaparib in MCF10A","ATM-mediated anti-cell growth with Olaparib","5","Functionally normal","Uncertain significance","6.19629e-07","NA","CRISPR-Based Genome Editing","Base editing","33606978"
"NM_000051.4(ATM):c.8509G>A (p.Glu2837Lys)","chr11","108345833","G/A","ATM","-0.63","dataset0078","Missense","Neutral to the ATM-mediated anti-cell growth with Olaparib in MCF10A","ATM-mediated anti-cell growth with Olaparib","5","Functionally normal","","","NA","CRISPR-Based Genome Editing","Base editing","33606978"
"NM_000051.4(ATM):c.8539G>A (p.Glu2847Lys)","chr11","108345863","G/A","ATM","0.345","dataset0078","Missense","Neutral to the ATM-mediated anti-cell growth with Olaparib in MCF10A","ATM-mediated anti-cell growth with Olaparib","5","Functionally normal","Uncertain significance","","NA","CRISPR-Based Genome Editing","Base editing","33606978"
"NM_000051.4(ATM):c.8570C>T (p.Ala2857Val)","chr11","108345894","C/T","ATM","-0.231","dataset0078","Missense","Neutral to the ATM-mediated anti-cell growth with Olaparib in MCF10A","ATM-mediated anti-cell growth with Olaparib","5","Functionally normal","","","NA","CRISPR-Based Genome Editing","Base editing","33606978"
"NM_000051.4(ATM):c.8599_8600delinsAA (p.Gly2867Lys)","chr11","108347293","GG/AA","ATM","-0.04","dataset0078","Missense","Neutral to the ATM-mediated anti-cell growth with Olaparib in MCF10A","ATM-mediated anti-cell growth with Olaparib","5","Functionally normal","","","NA","CRISPR-Based Genome Editing","Base editing","33606978"
"NM_000051.4(ATM):c.8599G>A (p.Gly2867Arg)","chr11","108347293","G/A","ATM","-0.04","dataset0078","Missense","Neutral to the ATM-mediated anti-cell growth with Olaparib in MCF10A","ATM-mediated anti-cell growth with Olaparib","5","Functionally normal","","1.24224e-06","NA","CRISPR-Based Genome Editing","Base editing","33606978"
"NM_000051.4(ATM):c.8600G>A (p.Gly2867Glu)","chr11","108347294","G/A","ATM","-0.04","dataset0078","Missense","Neutral to the ATM-mediated anti-cell growth with Olaparib in MCF10A","ATM-mediated anti-cell growth with Olaparib","5","Functionally normal","Uncertain significance","","NA","CRISPR-Based Genome Editing","Base editing","33606978"
"NM_000051.4(ATM):c.8653C>T (p.Leu2885Phe)","chr11","108347347","C/T","ATM","-0.153","dataset0078","Missense","Neutral to the ATM-mediated anti-cell growth with Olaparib in MCF10A","ATM-mediated anti-cell growth with Olaparib","5","Functionally normal","Uncertain significance","1.24541e-06","NA","CRISPR-Based Genome Editing","Base editing","33606978"
"NM_000051.4(ATM):c.8716G>A (p.Val2906Ile)","chr11","108353810","G/A","ATM","-0.558","dataset0078","Missense","Neutral to the ATM-mediated anti-cell growth with Olaparib in MCF10A","ATM-mediated anti-cell growth with Olaparib","5","Functionally normal","Uncertain significance","8.67421e-06","NA","CRISPR-Based Genome Editing","Base editing","33606978"
"NM_000051.4(ATM):c.8726G>A (p.Arg2909Lys)","chr11","108353820","G/A","ATM","0.048","dataset0078","Missense","Neutral to the ATM-mediated anti-cell growth with Olaparib in MCF10A","ATM-mediated anti-cell growth with Olaparib","5","Functionally normal","Uncertain significance","6.19566e-07","NA","CRISPR-Based Genome Editing","Base editing","33606978"
"NM_000051.4(ATM):c.8728C>T (p.Leu2910Phe)","chr11","108353822","C/T","ATM","-0.347","dataset0078","Missense","Neutral to the ATM-mediated anti-cell growth with Olaparib in MCF10A","ATM-mediated anti-cell growth with Olaparib","5","Functionally normal","Uncertain significance","6.19553e-07","NA","CRISPR-Based Genome Editing","Base editing","33606978"
"NM_000051.4(ATM):c.8732C>T (p.Thr2911Ile)","chr11","108353826","C/T","ATM","0.679","dataset0078","Missense","Neutral to the ATM-mediated anti-cell growth with Olaparib in MCF10A","ATM-mediated anti-cell growth with Olaparib","5","Functionally normal","Conflicting classifications of pathogenicity","","NA","CRISPR-Based Genome Editing","Base editing","33606978"
"NM_000051.4(ATM):c.8735G>A (p.Arg2912Lys)","chr11","108353829","G/A","ATM","-0.617","dataset0078","Missense","Neutral to the ATM-mediated anti-cell growth with Olaparib in MCF10A","ATM-mediated anti-cell growth with Olaparib","5","Functionally normal","","6.19546e-07","NA","CRISPR-Based Genome Editing","Base editing","33606978"
"NM_000051.4(ATM):c.8737G>A (p.Asp2913Asn)","chr11","108353831","G/A","ATM","-0.617","dataset0078","Missense","Neutral to the ATM-mediated anti-cell growth with Olaparib in MCF10A","ATM-mediated anti-cell growth with Olaparib","5","Functionally normal","","","NA","CRISPR-Based Genome Editing","Base editing","33606978"
"NM_000051.4(ATM):c.8749_8750delinsAA (p.Gly2917Asn)","chr11","108353843","GG/AA","ATM","-0.707","dataset0078","Missense","Neutral to the ATM-mediated anti-cell growth with Olaparib in MCF10A","ATM-mediated anti-cell growth with Olaparib","5","Functionally normal","","","NA","CRISPR-Based Genome Editing","Base editing","33606978"
"NM_000051.4(ATM):c.8749G>A (p.Gly2917Ser)","chr11","108353843","G/A","ATM","-0.707","dataset0078","Missense","Neutral to the ATM-mediated anti-cell growth with Olaparib in MCF10A","ATM-mediated anti-cell growth with Olaparib","5","Functionally normal","Uncertain significance","","NA","CRISPR-Based Genome Editing","Base editing","33606978"
"NM_000051.4(ATM):c.8750G>A (p.Gly2917Asp)","chr11","108353844","G/A","ATM","-0.707","dataset0078","Missense","Neutral to the ATM-mediated anti-cell growth with Olaparib in MCF10A","ATM-mediated anti-cell growth with Olaparib","5","Functionally normal","Uncertain significance","","NA","CRISPR-Based Genome Editing","Base editing","33606978"
"NM_000051.4(ATM):c.8816G>A (p.Arg2939Lys)","chr11","108354840","G/A","ATM","0.287","dataset0078","Missense","Neutral to the ATM-mediated anti-cell growth with Olaparib in MCF10A","ATM-mediated anti-cell growth with Olaparib","5","Functionally normal","","","NA","CRISPR-Based Genome Editing","Base editing","33606978"
"NM_000051.4(ATM):c.8831C>T (p.Thr2944Ile)","chr11","108354855","C/T","ATM","-0.303","dataset0078","Missense","Neutral to the ATM-mediated anti-cell growth with Olaparib in MCF10A","ATM-mediated anti-cell growth with Olaparib","5","Functionally normal","Uncertain significance","","NA","CRISPR-Based Genome Editing","Base editing","33606978"
"NM_000051.4(ATM):c.8886G>A (p.Met2962Ile)","chr11","108365117","G/A","ATM","0.036","dataset0078","Missense","Neutral to the ATM-mediated anti-cell growth with Olaparib in MCF10A","ATM-mediated anti-cell growth with Olaparib","5","Functionally normal","Uncertain significance","","NA","CRISPR-Based Genome Editing","Base editing","33606978"
"NM_000051.4(ATM):c.8899G>A (p.Ala2967Thr)","chr11","108365130","G/A","ATM","-0.428","dataset0078","Missense","Neutral to the ATM-mediated anti-cell growth with Olaparib in MCF10A","ATM-mediated anti-cell growth with Olaparib","5","Functionally normal","","","NA","CRISPR-Based Genome Editing","Base editing","33606978"
"NM_000051.4(ATM):c.8900C>T (p.Ala2967Val)","chr11","108365131","C/T","ATM","-0.259","dataset0078","Missense","Neutral to the ATM-mediated anti-cell growth with Olaparib in MCF10A","ATM-mediated anti-cell growth with Olaparib","5","Functionally normal","Uncertain significance","","NA","CRISPR-Based Genome Editing","Base editing","33606978"
"NM_000051.4(ATM):c.8935G>A (p.Glu2979Lys)","chr11","108365166","G/A","ATM","0.499","dataset0078","Missense","Neutral to the ATM-mediated anti-cell growth with Olaparib in MCF10A","ATM-mediated anti-cell growth with Olaparib","5","Functionally normal","","","NA","CRISPR-Based Genome Editing","Base editing","33606978"
"NM_000051.4(ATM):c.8959G>A (p.Asp2987Asn)","chr11","108365190","G/A","ATM","0.101","dataset0078","Missense","Neutral to the ATM-mediated anti-cell growth with Olaparib in MCF10A","ATM-mediated anti-cell growth with Olaparib","5","Functionally normal","","6.19496e-07","NA","CRISPR-Based Genome Editing","Base editing","33606978"
"NM_000051.4(ATM):c.8962G>A (p.Asp2988Asn)","chr11","108365193","G/A","ATM","0.101","dataset0078","Missense","Neutral to the ATM-mediated anti-cell growth with Olaparib in MCF10A","ATM-mediated anti-cell growth with Olaparib","5","Functionally normal","Uncertain significance","6.195e-07","hnsc:0.2% (1/523):0.070","CRISPR-Based Genome Editing","Base editing","33606978"
"NM_000051.4(ATM):c.9002G>A (p.Ser3001Asn)","chr11","108365339","G/A","ATM","-0.09","dataset0078","Missense","Neutral to the ATM-mediated anti-cell growth with Olaparib in MCF10A","ATM-mediated anti-cell growth with Olaparib","5","Functionally normal","Conflicting classifications of pathogenicity","6.19496e-06","NA","CRISPR-Based Genome Editing","Base editing","33606978"
"NM_000051.4(ATM):c.9013G>A (p.Val3005Ile)","chr11","108365350","G/A","ATM","0.374","dataset0078","Missense","Neutral to the ATM-mediated anti-cell growth with Olaparib in MCF10A","ATM-mediated anti-cell growth with Olaparib","5","Functionally normal","Likely benign","","NA","CRISPR-Based Genome Editing","Base editing","33606978"
"NM_000051.4(ATM):c.9016G>A (p.Ala3006Thr)","chr11","108365353","G/A","ATM","0.374","dataset0078","Missense","Neutral to the ATM-mediated anti-cell growth with Olaparib in MCF10A","ATM-mediated anti-cell growth with Olaparib","5","Functionally normal","Uncertain significance","","NA","CRISPR-Based Genome Editing","Base editing","33606978"
"NM_000051.4(ATM):c.9040C>T (p.Gln3014Ter)","chr11","108365377","C/T","ATM","-0.065","dataset0078","Nonsense","Neutral to the ATM-mediated anti-cell growth with Olaparib in MCF10A","ATM-mediated anti-cell growth with Olaparib","5","Functionally normal","Pathogenic/Likely pathogenic","","NA","CRISPR-Based Genome Editing","Base editing","33606978"
"NM_000051.4(ATM):c.9071C>T (p.Thr3024Ile)","chr11","108365408","C/T","ATM","0.008","dataset0078","Missense","Neutral to the ATM-mediated anti-cell growth with Olaparib in MCF10A","ATM-mediated anti-cell growth with Olaparib","5","Functionally normal","Uncertain significance","8.67374e-06","NA","CRISPR-Based Genome Editing","Base editing","33606978"
"NM_000051.4(ATM):c.9133C>T (p.Leu3045Phe)","chr11","108365470","C/T","ATM","-1.232","dataset0078","Missense","The reduced ATM-mediated anti-cell growth with Olaparib in MCF10A","ATM-mediated anti-cell growth with Olaparib","5","Loss-of-function","Uncertain significance","","NA","CRISPR-Based Genome Editing","Base editing","33606978"
"NM_000051.4(ATM):c.9139C>T (p.Arg3047Ter)","chr11","108365476","C/T","ATM","0.354","dataset0078","Nonsense","Neutral to the ATM-mediated anti-cell growth with Olaparib in MCF10A","ATM-mediated anti-cell growth with Olaparib","5","Functionally normal","Pathogenic","1.61092e-05","brca:0.1% (1/1084):0.400;ucec:0.2% (1/529):0.230","CRISPR-Based Genome Editing","Base editing","33606978"
"NM_000051.4(ATM):c.9140G>A (p.Arg3047Gln)","chr11","108365477","G/A","ATM","-0.442","dataset0078","Missense","Neutral to the ATM-mediated anti-cell growth with Olaparib in MCF10A","ATM-mediated anti-cell growth with Olaparib","5","Functionally normal","Uncertain significance","6.19518e-07","NA","CRISPR-Based Genome Editing","Base editing","33606978"
"NM_000051.4(ATM):c.9148C>T (p.Pro3050Ser)","chr11","108365485","C/T","ATM","-0.499","dataset0078","Missense","Neutral to the ATM-mediated anti-cell growth with Olaparib in MCF10A","ATM-mediated anti-cell growth with Olaparib","5","Functionally normal","Uncertain significance","","NA","CRISPR-Based Genome Editing","Base editing","33606978"
"NM_000051.4(ATM):c.9149C>T (p.Pro3050Leu)","chr11","108365486","C/T","ATM","-0.499","dataset0078","Missense","Neutral to the ATM-mediated anti-cell growth with Olaparib in MCF10A","ATM-mediated anti-cell growth with Olaparib","5","Functionally normal","Uncertain significance","1.05326e-05","NA","CRISPR-Based Genome Editing","Base editing","33606978"
"NM_000051.4(ATM):c.9155G>A (p.Trp3052Ter)","chr11","108365492","G/A","ATM","-0.503","dataset0078","Nonsense","Neutral to the ATM-mediated anti-cell growth with Olaparib in MCF10A","ATM-mediated anti-cell growth with Olaparib","5","Functionally normal","Uncertain significance","","NA","CRISPR-Based Genome Editing","Base editing","33606978"
"NM_000051.4(ATM):c.9164G>A (p.Trp3055Ter)","chr11","108365501","G/A","ATM","-0.161","dataset0078","Nonsense","Neutral to the ATM-mediated anti-cell growth with Olaparib in MCF10A","ATM-mediated anti-cell growth with Olaparib","5","Functionally normal","Uncertain significance","","NA","CRISPR-Based Genome Editing","Base editing","33606978"
"NM_000051.4(ATM):c.9166G>A (p.Val3056Met)","chr11","108365503","G/A","ATM","-0.161","dataset0078","Missense","Neutral to the ATM-mediated anti-cell growth with Olaparib in MCF10A","ATM-mediated anti-cell growth with Olaparib","5","Functionally normal","Uncertain significance","","NA","CRISPR-Based Genome Editing","Base editing","33606978"
"NM_000051.4(ATM):c.19G>A (p.Asp7Asn)","chr11","108227643","G/A","ATM","-0.161","dataset0079","Missense","Neutral to the ATM-mediated anti-cell growth with Cisplatin in MCF10A","ATM-mediated anti-cell growth with Cisplatin","5","Functionally normal","","","NA","CRISPR-Based Genome Editing","Base editing","33606978"
"NM_000051.4(ATM):c.52G>A (p.Asp18Asn)","chr11","108227676","G/A","ATM","-0.267","dataset0079","Missense","Neutral to the ATM-mediated anti-cell growth with Cisplatin in MCF10A","ATM-mediated anti-cell growth with Cisplatin","5","Functionally normal","Uncertain significance","","NA","CRISPR-Based Genome Editing","Base editing","33606978"
"NM_000051.4(ATM):c.56G>A (p.Arg19Lys)","chr11","108227680","G/A","ATM","-0.267","dataset0079","Missense","Neutral to the ATM-mediated anti-cell growth with Cisplatin in MCF10A","ATM-mediated anti-cell growth with Cisplatin","5","Functionally normal","Conflicting classifications of pathogenicity","","NA","CRISPR-Based Genome Editing","Base editing","33606978"
"NM_000051.4(ATM):c.112G>A (p.Glu38Lys)","chr11","108227815","G/A","ATM","-0.013","dataset0079","Missense","Neutral to the ATM-mediated anti-cell growth with Cisplatin in MCF10A","ATM-mediated anti-cell growth with Cisplatin","5","Functionally normal","Uncertain significance","","NA","CRISPR-Based Genome Editing","Base editing","33606978"
"NM_000051.4(ATM):c.116C>T (p.Thr39Ile)","chr11","108227819","C/T","ATM","-0.195","dataset0079","Missense","Neutral to the ATM-mediated anti-cell growth with Cisplatin in MCF10A","ATM-mediated anti-cell growth with Cisplatin","5","Functionally normal","Uncertain significance","","NA","CRISPR-Based Genome Editing","Base editing","33606978"
"NM_000051.4(ATM):c.136C>T (p.His46Tyr)","chr11","108227839","C/T","ATM","-0.451","dataset0079","Missense","Neutral to the ATM-mediated anti-cell growth with Cisplatin in MCF10A","ATM-mediated anti-cell growth with Cisplatin","5","Functionally normal","","","NA","CRISPR-Based Genome Editing","Base editing","33606978"
"NM_000051.4(ATM):c.140C>T (p.Ser47Leu)","chr11","108227843","C/T","ATM","-0.451","dataset0079","Missense","Neutral to the ATM-mediated anti-cell growth with Cisplatin in MCF10A","ATM-mediated anti-cell growth with Cisplatin","5","Functionally normal","Uncertain significance","","NA","CRISPR-Based Genome Editing","Base editing","33606978"
"NM_000051.4(ATM):c.151C>T (p.Gln51Ter)","chr11","108227854","C/T","ATM","-0.801","dataset0079","Nonsense","Neutral to the ATM-mediated anti-cell growth with Cisplatin in MCF10A","ATM-mediated anti-cell growth with Cisplatin","5","Functionally normal","Pathogenic","6.19858e-07","NA","CRISPR-Based Genome Editing","Base editing","33606978"
"NM_000051.4(ATM):c.251C>T (p.Ala84Val)","chr11","108229243","C/T","ATM","-0.901","dataset0079","Missense","Neutral to the ATM-mediated anti-cell growth with Cisplatin in MCF10A","ATM-mediated anti-cell growth with Cisplatin","5","Functionally normal","Conflicting classifications of pathogenicity","1.23949e-06","NA","CRISPR-Based Genome Editing","Base editing","33606978"
"NM_000051.4(ATM):c.254C>T (p.Ser85Leu)","chr11","108229246","C/T","ATM","-0.901","dataset0079","Missense","Neutral to the ATM-mediated anti-cell growth with Cisplatin in MCF10A","ATM-mediated anti-cell growth with Cisplatin","5","Functionally normal","","","NA","CRISPR-Based Genome Editing","Base editing","33606978"
"NM_000051.4(ATM):c.266C>T (p.Ser89Phe)","chr11","108229258","C/T","ATM","-0.578","dataset0079","Missense","Neutral to the ATM-mediated anti-cell growth with Cisplatin in MCF10A","ATM-mediated anti-cell growth with Cisplatin","5","Functionally normal","Uncertain significance","","NA","CRISPR-Based Genome Editing","Base editing","33606978"
"NM_000051.4(ATM):c.269G>A (p.Arg90Lys)","chr11","108229261","G/A","ATM","-0.066","dataset0079","Missense","Neutral to the ATM-mediated anti-cell growth with Cisplatin in MCF10A","ATM-mediated anti-cell growth with Cisplatin","5","Functionally normal","","6.19689e-07","NA","CRISPR-Based Genome Editing","Base editing","33606978"
"NM_000051.4(ATM):c.271C>T (p.Gln91Ter)","chr11","108229263","C/T","ATM","-0.578","dataset0079","Nonsense","Neutral to the ATM-mediated anti-cell growth with Cisplatin in MCF10A","ATM-mediated anti-cell growth with Cisplatin","5","Functionally normal","Pathogenic","","NA","CRISPR-Based Genome Editing","Base editing","33606978"
"NM_000051.4(ATM):c.282G>A (p.Met94Ile)","chr11","108229274","G/A","ATM","-0.074","dataset0079","Missense","Neutral to the ATM-mediated anti-cell growth with Cisplatin in MCF10A","ATM-mediated anti-cell growth with Cisplatin","5","Functionally normal","Uncertain significance","","NA","CRISPR-Based Genome Editing","Base editing","33606978"
"NM_000051.4(ATM):c.283C>T (p.Gln95Ter)","chr11","108229275","C/T","ATM","-0.184","dataset0079","Nonsense","Neutral to the ATM-mediated anti-cell growth with Cisplatin in MCF10A","ATM-mediated anti-cell growth with Cisplatin","5","Functionally normal","Pathogenic/Likely pathogenic","6.19792e-07","NA","CRISPR-Based Genome Editing","Base editing","33606978"
"NM_000051.4(ATM):c.286G>A (p.Glu96Lys)","chr11","108229278","G/A","ATM","0.173","dataset0079","Missense","Neutral to the ATM-mediated anti-cell growth with Cisplatin in MCF10A","ATM-mediated anti-cell growth with Cisplatin","5","Functionally normal","Uncertain significance","","NA","CRISPR-Based Genome Editing","Base editing","33606978"
"NM_000051.4(ATM):c.355G>A (p.Glu119Lys)","chr11","108235693","G/A","ATM","-0.242","dataset0079","Missense","Neutral to the ATM-mediated anti-cell growth with Cisplatin in MCF10A","ATM-mediated anti-cell growth with Cisplatin","5","Functionally normal","","","NA","CRISPR-Based Genome Editing","Base editing","33606978"
"NM_000051.4(ATM):c.358C>T (p.Leu120Phe)","chr11","108235696","C/T","ATM","-1.574","dataset0079","Missense","The reduced ATM-mediated anti-cell growth with Cisplatin in MCF10A","ATM-mediated anti-cell growth with Cisplatin","5","Loss-of-function","","","NA","CRISPR-Based Genome Editing","Base editing","33606978"
"NM_000051.4(ATM):c.395C>T (p.Ser132Phe)","chr11","108235733","C/T","ATM","0.415","dataset0079","Missense","Neutral to the ATM-mediated anti-cell growth with Cisplatin in MCF10A","ATM-mediated anti-cell growth with Cisplatin","5","Functionally normal","Uncertain significance","6.2022e-06","NA","CRISPR-Based Genome Editing","Base editing","33606978"
"NM_000051.4(ATM):c.448C>T (p.Leu150Phe)","chr11","108235786","C/T","ATM","-0.646","dataset0079","Missense","Neutral to the ATM-mediated anti-cell growth with Cisplatin in MCF10A","ATM-mediated anti-cell growth with Cisplatin","5","Functionally normal","Uncertain significance","","NA","CRISPR-Based Genome Editing","Base editing","33606978"
"NM_000051.4(ATM):c.452C>T (p.Ser151Phe)","chr11","108235790","C/T","ATM","-0.646","dataset0079","Missense","Neutral to the ATM-mediated anti-cell growth with Cisplatin in MCF10A","ATM-mediated anti-cell growth with Cisplatin","5","Functionally normal","Uncertain significance","6.19623e-07","NA","CRISPR-Based Genome Editing","Base editing","33606978"
"NM_000051.4(ATM):c.479C>T (p.Ser160Phe)","chr11","108235817","C/T","ATM","-1.009","dataset0079","Missense","The reduced ATM-mediated anti-cell growth with Cisplatin in MCF10A","ATM-mediated anti-cell growth with Cisplatin","5","Loss-of-function","Uncertain significance","1.85902e-06","NA","CRISPR-Based Genome Editing","Base editing","33606978"
"NM_000051.4(ATM):c.481C>T (p.Gln161Ter)","chr11","108235819","C/T","ATM","-1.009","dataset0079","Nonsense","The reduced ATM-mediated anti-cell growth with Cisplatin in MCF10A","ATM-mediated anti-cell growth with Cisplatin","5","Loss-of-function","","","NA","CRISPR-Based Genome Editing","Base editing","33606978"
"NM_000051.4(ATM):c.547C>T (p.His183Tyr)","chr11","108244003","C/T","ATM","-0.224","dataset0079","Missense","Neutral to the ATM-mediated anti-cell growth with Cisplatin in MCF10A","ATM-mediated anti-cell growth with Cisplatin","5","Functionally normal","Uncertain significance","","NA","CRISPR-Based Genome Editing","Base editing","33606978"
"NM_000051.4(ATM):c.551G>A (p.Arg184Lys)","chr11","108244007","G/A","ATM","-0.207","dataset0079","Missense","Neutral to the ATM-mediated anti-cell growth with Cisplatin in MCF10A","ATM-mediated anti-cell growth with Cisplatin","5","Functionally normal","Uncertain significance","","NA","CRISPR-Based Genome Editing","Base editing","33606978"
"NM_000051.4(ATM):c.574C>T (p.His192Tyr)","chr11","108244030","C/T","ATM","-0.316","dataset0079","Missense","Neutral to the ATM-mediated anti-cell growth with Cisplatin in MCF10A","ATM-mediated anti-cell growth with Cisplatin","5","Functionally normal","Uncertain significance","0","NA","CRISPR-Based Genome Editing","Base editing","33606978"
"NM_000051.4(ATM):c.647C>T (p.Ala216Val)","chr11","108244103","C/T","ATM","-0.392","dataset0079","Missense","Neutral to the ATM-mediated anti-cell growth with Cisplatin in MCF10A","ATM-mediated anti-cell growth with Cisplatin","5","Functionally normal","Uncertain significance","","NA","CRISPR-Based Genome Editing","Base editing","33606978"
"NM_000051.4(ATM):c.656G>A (p.Cys219Tyr)","chr11","108244112","G/A","ATM","0.138","dataset0079","Missense","Neutral to the ATM-mediated anti-cell growth with Cisplatin in MCF10A","ATM-mediated anti-cell growth with Cisplatin","5","Functionally normal","","","NA","CRISPR-Based Genome Editing","Base editing","33606978"
"NM_000051.4(ATM):c.658G>A (p.Ala220Thr)","chr11","108244114","G/A","ATM","0.138","dataset0079","Missense","Neutral to the ATM-mediated anti-cell growth with Cisplatin in MCF10A","ATM-mediated anti-cell growth with Cisplatin","5","Functionally normal","Conflicting classifications of pathogenicity","3.0986e-06","NA","CRISPR-Based Genome Editing","Base editing","33606978"
"NM_000051.4(ATM):c.664C>T (p.Gln222Ter)","chr11","108244789","C/T","ATM","-0.462","dataset0079","Nonsense","Neutral to the ATM-mediated anti-cell growth with Cisplatin in MCF10A","ATM-mediated anti-cell growth with Cisplatin","5","Functionally normal","Pathogenic/Likely pathogenic","6.20568e-07","NA","CRISPR-Based Genome Editing","Base editing","33606978"
"NM_000051.4(ATM):c.710C>T (p.Thr237Ile)","chr11","108244835","C/T","ATM","-0.011","dataset0079","Missense","Neutral to the ATM-mediated anti-cell growth with Cisplatin in MCF10A","ATM-mediated anti-cell growth with Cisplatin","5","Functionally normal","Uncertain significance","6.19693e-07","NA","CRISPR-Based Genome Editing","Base editing","33606978"
"NM_000051.4(ATM):c.733G>A (p.Val245Ile)","chr11","108244858","G/A","ATM","-0.099","dataset0079","Missense","Neutral to the ATM-mediated anti-cell growth with Cisplatin in MCF10A","ATM-mediated anti-cell growth with Cisplatin","5","Functionally normal","Conflicting classifications of pathogenicity","","NA","CRISPR-Based Genome Editing","Base editing","33606978"
"NM_000051.4(ATM):c.748C>T (p.Arg250Ter)","chr11","108244873","C/T","ATM","0.38","dataset0079","Nonsense","Neutral to the ATM-mediated anti-cell growth with Cisplatin in MCF10A","ATM-mediated anti-cell growth with Cisplatin","5","Functionally normal","Pathogenic","6.19695e-06","blca:0.2% (1/411):0.570;coad:0.5% (2/439):0.250;kirc:0.2% (1/512):0.300;read:1.3% (2/155):0.490;ucec:0.6% (3/529):0.280","CRISPR-Based Genome Editing","Base editing","33606978"
"NM_000051.4(ATM):c.778_779delinsTT (p.Pro260Phe)","chr11","108244903","CC/TT","ATM","-0.43","dataset0079","Missense","Neutral to the ATM-mediated anti-cell growth with Cisplatin in MCF10A","ATM-mediated anti-cell growth with Cisplatin","5","Functionally normal","","","NA","CRISPR-Based Genome Editing","Base editing","33606978"
"NM_000051.4(ATM):c.778C>T (p.Pro260Ser)","chr11","108244903","C/T","ATM","-0.43","dataset0079","Missense","Neutral to the ATM-mediated anti-cell growth with Cisplatin in MCF10A","ATM-mediated anti-cell growth with Cisplatin","5","Functionally normal","Uncertain significance","","NA","CRISPR-Based Genome Editing","Base editing","33606978"
"NM_000051.4(ATM):c.779C>T (p.Pro260Leu)","chr11","108244904","C/T","ATM","-0.43","dataset0079","Missense","Neutral to the ATM-mediated anti-cell growth with Cisplatin in MCF10A","ATM-mediated anti-cell growth with Cisplatin","5","Functionally normal","Uncertain significance","1.23944e-06","NA","CRISPR-Based Genome Editing","Base editing","33606978"
"NM_000051.4(ATM):c.782C>T (p.Thr261Ile)","chr11","108244907","C/T","ATM","-0.43","dataset0079","Missense","Neutral to the ATM-mediated anti-cell growth with Cisplatin in MCF10A","ATM-mediated anti-cell growth with Cisplatin","5","Functionally normal","","","NA","CRISPR-Based Genome Editing","Base editing","33606978"
"NM_000051.4(ATM):c.797G>A (p.Trp266Ter)","chr11","108244922","G/A","ATM","-1.729","dataset0079","Nonsense","The reduced ATM-mediated anti-cell growth with Cisplatin in MCF10A","ATM-mediated anti-cell growth with Cisplatin","5","Loss-of-function","Likely pathogenic","6.19879e-07","NA","CRISPR-Based Genome Editing","Base editing","33606978"
"NM_000051.4(ATM):c.883G>A (p.Ala295Thr)","chr11","108245008","G/A","ATM","0.944","dataset0079","Missense","The enhanced ATM-mediated anti-cell growth with Cisplatin in MCF10A","ATM-mediated anti-cell growth with Cisplatin","5","Gain-of-function","Uncertain significance","","NA","CRISPR-Based Genome Editing","Base editing","33606978"
"NM_000051.4(ATM):c.884C>T (p.Ala295Val)","chr11","108245009","C/T","ATM","-1.253","dataset0079","Missense","The reduced ATM-mediated anti-cell growth with Cisplatin in MCF10A","ATM-mediated anti-cell growth with Cisplatin","5","Loss-of-function","Uncertain significance","0","NA","CRISPR-Based Genome Editing","Base editing","33606978"
"NM_000051.4(ATM):c.890C>T (p.Thr297Ile)","chr11","108245015","C/T","ATM","-1.097","dataset0079","Missense","The reduced ATM-mediated anti-cell growth with Cisplatin in MCF10A","ATM-mediated anti-cell growth with Cisplatin","5","Loss-of-function","Uncertain significance","","NA","CRISPR-Based Genome Editing","Base editing","33606978"
"NM_000051.4(ATM):c.892C>T (p.Gln298Ter)","chr11","108245017","C/T","ATM","-1.097","dataset0079","Nonsense","The reduced ATM-mediated anti-cell growth with Cisplatin in MCF10A","ATM-mediated anti-cell growth with Cisplatin","5","Loss-of-function","Pathogenic","","NA","CRISPR-Based Genome Editing","Base editing","33606978"
"NM_000051.4(ATM):c.901G>A (p.Gly301Ser)","chr11","108245026","G/A","ATM","-0.703","dataset0079","Missense","Neutral to the ATM-mediated anti-cell growth with Cisplatin in MCF10A","ATM-mediated anti-cell growth with Cisplatin","5","Functionally normal","Conflicting classifications of pathogenicity","","NA","CRISPR-Based Genome Editing","Base editing","33606978"
"NM_000051.4(ATM):c.905C>T (p.Ala302Val)","chr11","108246967","C/T","ATM","-0.581","dataset0079","Missense","Neutral to the ATM-mediated anti-cell growth with Cisplatin in MCF10A","ATM-mediated anti-cell growth with Cisplatin","5","Functionally normal","Uncertain significance","3.10819e-06","NA","CRISPR-Based Genome Editing","Base editing","33606978"
"NM_000051.4(ATM):c.973C>T (p.His325Tyr)","chr11","108247035","C/T","ATM","0.451","dataset0079","Missense","Neutral to the ATM-mediated anti-cell growth with Cisplatin in MCF10A","ATM-mediated anti-cell growth with Cisplatin","5","Functionally normal","","6.19863e-07","NA","CRISPR-Based Genome Editing","Base editing","33606978"
"NM_000051.4(ATM):c.1039G>A (p.Glu347Lys)","chr11","108247101","G/A","ATM","-0.549","dataset0079","Missense","Neutral to the ATM-mediated anti-cell growth with Cisplatin in MCF10A","ATM-mediated anti-cell growth with Cisplatin","5","Functionally normal","","","esca:0.5% (1/182):0.430","CRISPR-Based Genome Editing","Base editing","33606978"
"NM_000051.4(ATM):c.1049C>T (p.Ala350Val)","chr11","108247111","C/T","ATM","-0.259","dataset0079","Missense","Neutral to the ATM-mediated anti-cell growth with Cisplatin in MCF10A","ATM-mediated anti-cell growth with Cisplatin","5","Functionally normal","Uncertain significance","7.43751e-06","NA","CRISPR-Based Genome Editing","Base editing","33606978"
"NM_000051.4(ATM):c.1060C>T (p.His354Tyr)","chr11","108247122","C/T","ATM","-1.026","dataset0079","Missense","The reduced ATM-mediated anti-cell growth with Cisplatin in MCF10A","ATM-mediated anti-cell growth with Cisplatin","5","Loss-of-function","Uncertain significance","","NA","CRISPR-Based Genome Editing","Base editing","33606978"
"NM_000051.4(ATM):c.1063C>T (p.Gln355Ter)","chr11","108247125","C/T","ATM","-1.026","dataset0079","Nonsense","The reduced ATM-mediated anti-cell growth with Cisplatin in MCF10A","ATM-mediated anti-cell growth with Cisplatin","5","Loss-of-function","Pathogenic","","NA","CRISPR-Based Genome Editing","Base editing","33606978"
"NM_000051.4(ATM):c.1216G>A (p.Asp406Asn)","chr11","108249083","G/A","ATM","-0.14","dataset0079","Missense","Neutral to the ATM-mediated anti-cell growth with Cisplatin in MCF10A","ATM-mediated anti-cell growth with Cisplatin","5","Functionally normal","Uncertain significance","","lusc:0.2% (1/487):0.160","CRISPR-Based Genome Editing","Base editing","33606978"
"NM_000051.4(ATM):c.1289G>A (p.Cys430Tyr)","chr11","108250754","G/A","ATM","0.067","dataset0079","Missense","Neutral to the ATM-mediated anti-cell growth with Cisplatin in MCF10A","ATM-mediated anti-cell growth with Cisplatin","5","Functionally normal","","","NA","CRISPR-Based Genome Editing","Base editing","33606978"
"NM_000051.4(ATM):c.1330_1331delinsTT (p.Pro444Phe)","chr11","108250795","CC/TT","ATM","-0.125","dataset0079","Missense","Neutral to the ATM-mediated anti-cell growth with Cisplatin in MCF10A","ATM-mediated anti-cell growth with Cisplatin","5","Functionally normal","","","NA","CRISPR-Based Genome Editing","Base editing","33606978"
"NM_000051.4(ATM):c.1330C>T (p.Pro444Ser)","chr11","108250795","C/T","ATM","-0.125","dataset0079","Missense","Neutral to the ATM-mediated anti-cell growth with Cisplatin in MCF10A","ATM-mediated anti-cell growth with Cisplatin","5","Functionally normal","Uncertain significance","","NA","CRISPR-Based Genome Editing","Base editing","33606978"
"NM_000051.4(ATM):c.1331C>T (p.Pro444Leu)","chr11","108250796","C/T","ATM","-0.125","dataset0079","Missense","Neutral to the ATM-mediated anti-cell growth with Cisplatin in MCF10A","ATM-mediated anti-cell growth with Cisplatin","5","Functionally normal","Uncertain significance","","NA","CRISPR-Based Genome Editing","Base editing","33606978"
"NM_000051.4(ATM):c.1333C>T (p.Gln445Ter)","chr11","108250798","C/T","ATM","-0.621","dataset0079","Nonsense","Neutral to the ATM-mediated anti-cell growth with Cisplatin in MCF10A","ATM-mediated anti-cell growth with Cisplatin","5","Functionally normal","Pathogenic","","NA","CRISPR-Based Genome Editing","Base editing","33606978"
"NM_000051.4(ATM):c.1345_1346delinsAA (p.Gly449Lys)","chr11","108250810","GG/AA","ATM","0.511","dataset0079","Missense","Neutral to the ATM-mediated anti-cell growth with Cisplatin in MCF10A","ATM-mediated anti-cell growth with Cisplatin","5","Functionally normal","","","NA","CRISPR-Based Genome Editing","Base editing","33606978"
"NM_000051.4(ATM):c.1345G>A (p.Gly449Arg)","chr11","108250810","G/A","ATM","0.511","dataset0079","Missense","Neutral to the ATM-mediated anti-cell growth with Cisplatin in MCF10A","ATM-mediated anti-cell growth with Cisplatin","5","Functionally normal","Uncertain significance","6.19595e-07","NA","CRISPR-Based Genome Editing","Base editing","33606978"
"NM_000051.4(ATM):c.1346G>A (p.Gly449Glu)","chr11","108250811","G/A","ATM","0.208","dataset0079","Missense","Neutral to the ATM-mediated anti-cell growth with Cisplatin in MCF10A","ATM-mediated anti-cell growth with Cisplatin","5","Functionally normal","Uncertain significance","","NA","CRISPR-Based Genome Editing","Base editing","33606978"
"NM_000051.4(ATM):c.1348G>A (p.Glu450Lys)","chr11","108250813","G/A","ATM","0.306","dataset0079","Missense","Neutral to the ATM-mediated anti-cell growth with Cisplatin in MCF10A","ATM-mediated anti-cell growth with Cisplatin","5","Functionally normal","Uncertain significance","","NA","CRISPR-Based Genome Editing","Base editing","33606978"
"NM_000051.4(ATM):c.1352G>A (p.Arg451His)","chr11","108250817","G/A","ATM","0.503","dataset0079","Missense","Neutral to the ATM-mediated anti-cell growth with Cisplatin in MCF10A","ATM-mediated anti-cell growth with Cisplatin","5","Functionally normal","Uncertain significance","1.30118e-05","NA","CRISPR-Based Genome Editing","Base editing","33606978"
"NM_000051.4(ATM):c.1373G>A (p.Cys458Tyr)","chr11","108250838","G/A","ATM","-0.609","dataset0079","Missense","Neutral to the ATM-mediated anti-cell growth with Cisplatin in MCF10A","ATM-mediated anti-cell growth with Cisplatin","5","Functionally normal","Uncertain significance","1.23905e-06","NA","CRISPR-Based Genome Editing","Base editing","33606978"
"NM_000051.4(ATM):c.1388C>T (p.Ala463Val)","chr11","108250853","C/T","ATM","-0.123","dataset0079","Missense","Neutral to the ATM-mediated anti-cell growth with Cisplatin in MCF10A","ATM-mediated anti-cell growth with Cisplatin","5","Functionally normal","","","NA","CRISPR-Based Genome Editing","Base editing","33606978"
"NM_000051.4(ATM):c.1394G>A (p.Cys465Tyr)","chr11","108250859","G/A","ATM","-0.252","dataset0079","Missense","Neutral to the ATM-mediated anti-cell growth with Cisplatin in MCF10A","ATM-mediated anti-cell growth with Cisplatin","5","Functionally normal","","","NA","CRISPR-Based Genome Editing","Base editing","33606978"
"NM_000051.4(ATM):c.1433C>T (p.Ser478Leu)","chr11","108250898","C/T","ATM","-0.021","dataset0079","Missense","Neutral to the ATM-mediated anti-cell growth with Cisplatin in MCF10A","ATM-mediated anti-cell growth with Cisplatin","5","Functionally normal","Uncertain significance","","NA","CRISPR-Based Genome Editing","Base editing","33606978"
"NM_000051.4(ATM):c.1447C>T (p.Leu483Phe)","chr11","108250912","C/T","ATM","-0.282","dataset0079","Missense","Neutral to the ATM-mediated anti-cell growth with Cisplatin in MCF10A","ATM-mediated anti-cell growth with Cisplatin","5","Functionally normal","Uncertain significance","6.19536e-07","NA","CRISPR-Based Genome Editing","Base editing","33606978"
"NM_000051.4(ATM):c.1487G>A (p.Ser496Asn)","chr11","108250952","G/A","ATM","-0.461","dataset0079","Missense","Neutral to the ATM-mediated anti-cell growth with Cisplatin in MCF10A","ATM-mediated anti-cell growth with Cisplatin","5","Functionally normal","Uncertain significance","1.425e-05","NA","CRISPR-Based Genome Editing","Base editing","33606978"
"NM_000051.4(ATM):c.1492G>A (p.Glu498Lys)","chr11","108250957","G/A","ATM","-0.461","dataset0079","Missense","Neutral to the ATM-mediated anti-cell growth with Cisplatin in MCF10A","ATM-mediated anti-cell growth with Cisplatin","5","Functionally normal","","","NA","CRISPR-Based Genome Editing","Base editing","33606978"
"NM_000051.4(ATM):c.1501C>T (p.Gln501Ter)","chr11","108250966","C/T","ATM","-0.2","dataset0079","Nonsense","Neutral to the ATM-mediated anti-cell growth with Cisplatin in MCF10A","ATM-mediated anti-cell growth with Cisplatin","5","Functionally normal","Pathogenic","6.19547e-07","NA","CRISPR-Based Genome Editing","Base editing","33606978"
"NM_000051.4(ATM):c.1522C>T (p.Leu508Phe)","chr11","108250987","C/T","ATM","0.301","dataset0079","Missense","Neutral to the ATM-mediated anti-cell growth with Cisplatin in MCF10A","ATM-mediated anti-cell growth with Cisplatin","5","Functionally normal","Uncertain significance","1.85865e-06","NA","CRISPR-Based Genome Editing","Base editing","33606978"
"NM_000051.4(ATM):c.1537C>T (p.Gln513Ter)","chr11","108251002","C/T","ATM","-1.338","dataset0079","Nonsense","The reduced ATM-mediated anti-cell growth with Cisplatin in MCF10A","ATM-mediated anti-cell growth with Cisplatin","5","Loss-of-function","Pathogenic","","NA","CRISPR-Based Genome Editing","Base editing","33606978"
"NM_000051.4(ATM):c.1544G>A (p.Ser515Asn)","chr11","108251009","G/A","ATM","-0.803","dataset0079","Missense","Neutral to the ATM-mediated anti-cell growth with Cisplatin in MCF10A","ATM-mediated anti-cell growth with Cisplatin","5","Functionally normal","","","NA","CRISPR-Based Genome Editing","Base editing","33606978"
"NM_000051.4(ATM):c.1549G>A (p.Val517Ile)","chr11","108251014","G/A","ATM","-0.803","dataset0079","Missense","Neutral to the ATM-mediated anti-cell growth with Cisplatin in MCF10A","ATM-mediated anti-cell growth with Cisplatin","5","Functionally normal","Uncertain significance","","NA","CRISPR-Based Genome Editing","Base editing","33606978"
"NM_000051.4(ATM):c.1589C>T (p.Ser530Leu)","chr11","108251054","C/T","ATM","-0.138","dataset0079","Missense","Neutral to the ATM-mediated anti-cell growth with Cisplatin in MCF10A","ATM-mediated anti-cell growth with Cisplatin","5","Functionally normal","Uncertain significance","","NA","CRISPR-Based Genome Editing","Base editing","33606978"
"NM_000051.4(ATM):c.1592C>T (p.Ala531Val)","chr11","108251057","C/T","ATM","-0.138","dataset0079","Missense","Neutral to the ATM-mediated anti-cell growth with Cisplatin in MCF10A","ATM-mediated anti-cell growth with Cisplatin","5","Functionally normal","Uncertain significance","6.19569e-07","NA","CRISPR-Based Genome Editing","Base editing","33606978"
"NM_000051.4(ATM):c.1607G>A (p.Cys536Tyr)","chr11","108251072","G/A","ATM","-1.086","dataset0079","Missense","The reduced ATM-mediated anti-cell growth with Cisplatin in MCF10A","ATM-mediated anti-cell growth with Cisplatin","5","Loss-of-function","","","NA","CRISPR-Based Genome Editing","Base editing","33606978"
"NM_000051.4(ATM):c.1613C>T (p.Ala538Val)","chr11","108251842","C/T","ATM","0.146","dataset0079","Missense","Neutral to the ATM-mediated anti-cell growth with Cisplatin in MCF10A","ATM-mediated anti-cell growth with Cisplatin","5","Functionally normal","Uncertain significance","6.19743e-07","NA","CRISPR-Based Genome Editing","Base editing","33606978"
"NM_000051.4(ATM):c.1640C>T (p.Thr547Ile)","chr11","108251869","C/T","ATM","0.024","dataset0079","Missense","Neutral to the ATM-mediated anti-cell growth with Cisplatin in MCF10A","ATM-mediated anti-cell growth with Cisplatin","5","Functionally normal","Conflicting classifications of pathogenicity","1.23932e-06","NA","CRISPR-Based Genome Editing","Base editing","33606978"
"NM_000051.4(ATM):c.1643C>T (p.Thr548Ile)","chr11","108251872","C/T","ATM","-0.139","dataset0079","Missense","Neutral to the ATM-mediated anti-cell growth with Cisplatin in MCF10A","ATM-mediated anti-cell growth with Cisplatin","5","Functionally normal","","","NA","CRISPR-Based Genome Editing","Base editing","33606978"
"NM_000051.4(ATM):c.1654C>T (p.Pro552Ser)","chr11","108251883","C/T","ATM","-0.361","dataset0079","Missense","Neutral to the ATM-mediated anti-cell growth with Cisplatin in MCF10A","ATM-mediated anti-cell growth with Cisplatin","5","Functionally normal","","1.23932e-06","NA","CRISPR-Based Genome Editing","Base editing","33606978"
"NM_000051.4(ATM):c.1655C>T (p.Pro552Leu)","chr11","108251884","C/T","ATM","-0.361","dataset0079","Missense","Neutral to the ATM-mediated anti-cell growth with Cisplatin in MCF10A","ATM-mediated anti-cell growth with Cisplatin","5","Functionally normal","Uncertain significance","","NA","CRISPR-Based Genome Editing","Base editing","33606978"
"NM_000051.4(ATM):c.1657_1658delinsAA (p.Gly553Lys)","chr11","108251886","GG/AA","ATM","-0.128","dataset0079","Missense","Neutral to the ATM-mediated anti-cell growth with Cisplatin in MCF10A","ATM-mediated anti-cell growth with Cisplatin","5","Functionally normal","","","NA","CRISPR-Based Genome Editing","Base editing","33606978"
"NM_000051.4(ATM):c.1657G>A (p.Gly553Arg)","chr11","108251886","G/A","ATM","-0.128","dataset0079","Missense","Neutral to the ATM-mediated anti-cell growth with Cisplatin in MCF10A","ATM-mediated anti-cell growth with Cisplatin","5","Functionally normal","Uncertain significance","1.23926e-06","NA","CRISPR-Based Genome Editing","Base editing","33606978"
"NM_000051.4(ATM):c.1658G>A (p.Gly553Glu)","chr11","108251887","G/A","ATM","-0.024","dataset0079","Missense","Neutral to the ATM-mediated anti-cell growth with Cisplatin in MCF10A","ATM-mediated anti-cell growth with Cisplatin","5","Functionally normal","Uncertain significance","1.23924e-06","NA","CRISPR-Based Genome Editing","Base editing","33606978"
"NM_000051.4(ATM):c.1663G>A (p.Val555Ile)","chr11","108251892","G/A","ATM","0.081","dataset0079","Missense","Neutral to the ATM-mediated anti-cell growth with Cisplatin in MCF10A","ATM-mediated anti-cell growth with Cisplatin","5","Functionally normal","Uncertain significance","","NA","CRISPR-Based Genome Editing","Base editing","33606978"
"NM_000051.4(ATM):c.1671G>A (p.Met557Ile)","chr11","108251900","G/A","ATM","-0.587","dataset0079","Missense","Neutral to the ATM-mediated anti-cell growth with Cisplatin in MCF10A","ATM-mediated anti-cell growth with Cisplatin","5","Functionally normal","Conflicting classifications of pathogenicity","1.85899e-06","NA","CRISPR-Based Genome Editing","Base editing","33606978"
"NM_000051.4(ATM):c.1672_1673delinsAA (p.Gly558Lys)","chr11","108251901","GG/AA","ATM","-0.587","dataset0079","Missense","Neutral to the ATM-mediated anti-cell growth with Cisplatin in MCF10A","ATM-mediated anti-cell growth with Cisplatin","5","Functionally normal","","","NA","CRISPR-Based Genome Editing","Base editing","33606978"
"NM_000051.4(ATM):c.1672G>A (p.Gly558Arg)","chr11","108251901","G/A","ATM","-0.587","dataset0079","Missense","Neutral to the ATM-mediated anti-cell growth with Cisplatin in MCF10A","ATM-mediated anti-cell growth with Cisplatin","5","Functionally normal","Uncertain significance","","NA","CRISPR-Based Genome Editing","Base editing","33606978"
"NM_000051.4(ATM):c.1673G>A (p.Gly558Glu)","chr11","108251902","G/A","ATM","-0.587","dataset0079","Missense","Neutral to the ATM-mediated anti-cell growth with Cisplatin in MCF10A","ATM-mediated anti-cell growth with Cisplatin","5","Functionally normal","Uncertain significance","6.19608e-07","NA","CRISPR-Based Genome Editing","Base editing","33606978"
"NM_000051.4(ATM):c.1786_1787delinsTT (p.Pro596Phe)","chr11","108252015","CC/TT","ATM","0.335","dataset0079","Missense","Neutral to the ATM-mediated anti-cell growth with Cisplatin in MCF10A","ATM-mediated anti-cell growth with Cisplatin","5","Functionally normal","","","NA","CRISPR-Based Genome Editing","Base editing","33606978"
"NM_000051.4(ATM):c.1786C>T (p.Pro596Ser)","chr11","108252015","C/T","ATM","0.335","dataset0079","Missense","Neutral to the ATM-mediated anti-cell growth with Cisplatin in MCF10A","ATM-mediated anti-cell growth with Cisplatin","5","Functionally normal","","","NA","CRISPR-Based Genome Editing","Base editing","33606978"
"NM_000051.4(ATM):c.1787C>T (p.Pro596Leu)","chr11","108252016","C/T","ATM","0.335","dataset0079","Missense","Neutral to the ATM-mediated anti-cell growth with Cisplatin in MCF10A","ATM-mediated anti-cell growth with Cisplatin","5","Functionally normal","Uncertain significance","","NA","CRISPR-Based Genome Editing","Base editing","33606978"
"NM_000051.4(ATM):c.1802G>A (p.Ser601Asn)","chr11","108252031","G/A","ATM","-2.053","dataset0079","Missense","The reduced ATM-mediated anti-cell growth with Cisplatin in MCF10A","ATM-mediated anti-cell growth with Cisplatin","5","Loss-of-function","Uncertain significance","0","NA","CRISPR-Based Genome Editing","Base editing","33606978"
"NM_000051.4(ATM):c.1810C>T (p.Pro604Ser)","chr11","108252824","C/T","ATM","-0.415","dataset0079","Missense","Neutral to the ATM-mediated anti-cell growth with Cisplatin in MCF10A","ATM-mediated anti-cell growth with Cisplatin","5","Functionally normal","Conflicting classifications of pathogenicity","0.00224397","NA","CRISPR-Based Genome Editing","Base editing","33606978"
"NM_000051.4(ATM):c.1825G>A (p.Glu609Lys)","chr11","108252839","G/A","ATM","-1.537","dataset0079","Missense","The reduced ATM-mediated anti-cell growth with Cisplatin in MCF10A","ATM-mediated anti-cell growth with Cisplatin","5","Loss-of-function","Uncertain significance","0","NA","CRISPR-Based Genome Editing","Base editing","33606978"
"NM_000051.4(ATM):c.1882C>T (p.Gln628Ter)","chr11","108252896","C/T","ATM","0.051","dataset0079","Nonsense","Neutral to the ATM-mediated anti-cell growth with Cisplatin in MCF10A","ATM-mediated anti-cell growth with Cisplatin","5","Functionally normal","Pathogenic/Likely pathogenic","1.86198e-06","luad:0.2% (1/566):0.100;ucec:0.2% (1/529):0.060","CRISPR-Based Genome Editing","Base editing","33606978"
"NM_000051.4(ATM):c.1898G>A (p.Cys633Tyr)","chr11","108252912","G/A","ATM","-0.037","dataset0079","Missense","Neutral to the ATM-mediated anti-cell growth with Cisplatin in MCF10A","ATM-mediated anti-cell growth with Cisplatin","5","Functionally normal","Uncertain significance","6.23456e-07","NA","CRISPR-Based Genome Editing","Base editing","33606978"
"NM_000051.4(ATM):c.1921G>A (p.Glu641Lys)","chr11","108253836","G/A","ATM","-1.379","dataset0079","Missense","The reduced ATM-mediated anti-cell growth with Cisplatin in MCF10A","ATM-mediated anti-cell growth with Cisplatin","5","Loss-of-function","","","NA","CRISPR-Based Genome Editing","Base editing","33606978"
"NM_000051.4(ATM):c.1924G>A (p.Glu642Lys)","chr11","108253839","G/A","ATM","-1.097","dataset0079","Missense","The reduced ATM-mediated anti-cell growth with Cisplatin in MCF10A","ATM-mediated anti-cell growth with Cisplatin","5","Loss-of-function","Uncertain significance","","brca:0.1% (1/1084):0.710","CRISPR-Based Genome Editing","Base editing","33606978"
"NM_000051.4(ATM):c.1964C>T (p.Thr655Ile)","chr11","108253879","C/T","ATM","-0.079","dataset0079","Missense","Neutral to the ATM-mediated anti-cell growth with Cisplatin in MCF10A","ATM-mediated anti-cell growth with Cisplatin","5","Functionally normal","Uncertain significance","","NA","CRISPR-Based Genome Editing","Base editing","33606978"
"NM_000051.4(ATM):c.1991C>T (p.Thr664Ile)","chr11","108253906","C/T","ATM","-0.268","dataset0079","Missense","Neutral to the ATM-mediated anti-cell growth with Cisplatin in MCF10A","ATM-mediated anti-cell growth with Cisplatin","5","Functionally normal","Conflicting classifications of pathogenicity","6.19574e-07","NA","CRISPR-Based Genome Editing","Base editing","33606978"
"NM_000051.4(ATM):c.2006G>A (p.Cys669Tyr)","chr11","108253921","G/A","ATM","0.191","dataset0079","Missense","Neutral to the ATM-mediated anti-cell growth with Cisplatin in MCF10A","ATM-mediated anti-cell growth with Cisplatin","5","Functionally normal","Uncertain significance","","NA","CRISPR-Based Genome Editing","Base editing","33606978"
"NM_000051.4(ATM):c.2008_2009delinsAA (p.Gly670Asn)","chr11","108253923","GG/AA","ATM","0.191","dataset0079","Missense","Neutral to the ATM-mediated anti-cell growth with Cisplatin in MCF10A","ATM-mediated anti-cell growth with Cisplatin","5","Functionally normal","","","NA","CRISPR-Based Genome Editing","Base editing","33606978"
"NM_000051.4(ATM):c.2008G>A (p.Gly670Ser)","chr11","108253923","G/A","ATM","0.191","dataset0079","Missense","Neutral to the ATM-mediated anti-cell growth with Cisplatin in MCF10A","ATM-mediated anti-cell growth with Cisplatin","5","Functionally normal","Uncertain significance","","NA","CRISPR-Based Genome Editing","Base editing","33606978"
"NM_000051.4(ATM):c.2009G>A (p.Gly670Asp)","chr11","108253924","G/A","ATM","0.191","dataset0079","Missense","Neutral to the ATM-mediated anti-cell growth with Cisplatin in MCF10A","ATM-mediated anti-cell growth with Cisplatin","5","Functionally normal","Uncertain significance","1.85871e-06","NA","CRISPR-Based Genome Editing","Base editing","33606978"
"NM_000051.4(ATM):c.2020C>T (p.His674Tyr)","chr11","108253935","C/T","ATM","0.1","dataset0079","Missense","Neutral to the ATM-mediated anti-cell growth with Cisplatin in MCF10A","ATM-mediated anti-cell growth with Cisplatin","5","Functionally normal","Uncertain significance","6.19551e-07","NA","CRISPR-Based Genome Editing","Base editing","33606978"
"NM_000051.4(ATM):c.2042C>T (p.Ser681Phe)","chr11","108253957","C/T","ATM","-0.744","dataset0079","Missense","Neutral to the ATM-mediated anti-cell growth with Cisplatin in MCF10A","ATM-mediated anti-cell growth with Cisplatin","5","Functionally normal","Uncertain significance","1.23907e-06","NA","CRISPR-Based Genome Editing","Base editing","33606978"
"NM_000051.4(ATM):c.2044G>A (p.Val682Ile)","chr11","108253959","G/A","ATM","-0.391","dataset0079","Missense","Neutral to the ATM-mediated anti-cell growth with Cisplatin in MCF10A","ATM-mediated anti-cell growth with Cisplatin","5","Functionally normal","","","NA","CRISPR-Based Genome Editing","Base editing","33606978"
"NM_000051.4(ATM):c.2047C>T (p.His683Tyr)","chr11","108253962","C/T","ATM","-0.744","dataset0079","Missense","Neutral to the ATM-mediated anti-cell growth with Cisplatin in MCF10A","ATM-mediated anti-cell growth with Cisplatin","5","Functionally normal","Uncertain significance","","NA","CRISPR-Based Genome Editing","Base editing","33606978"
"NM_000051.4(ATM):c.2056C>T (p.Leu686Phe)","chr11","108253971","C/T","ATM","-0.228","dataset0079","Missense","Neutral to the ATM-mediated anti-cell growth with Cisplatin in MCF10A","ATM-mediated anti-cell growth with Cisplatin","5","Functionally normal","","","NA","CRISPR-Based Genome Editing","Base editing","33606978"
"NM_000051.4(ATM):c.2062G>A (p.Glu688Lys)","chr11","108253977","G/A","ATM","-0.326","dataset0079","Missense","Neutral to the ATM-mediated anti-cell growth with Cisplatin in MCF10A","ATM-mediated anti-cell growth with Cisplatin","5","Functionally normal","Uncertain significance","6.19616e-06","NA","CRISPR-Based Genome Editing","Base editing","33606978"
"NM_000051.4(ATM):c.2066C>T (p.Ser689Leu)","chr11","108253981","C/T","ATM","0.312","dataset0079","Missense","Neutral to the ATM-mediated anti-cell growth with Cisplatin in MCF10A","ATM-mediated anti-cell growth with Cisplatin","5","Functionally normal","Uncertain significance","1.23915e-06","NA","CRISPR-Based Genome Editing","Base editing","33606978"
"NM_000051.4(ATM):c.2135C>T (p.Ser712Leu)","chr11","108256225","C/T","ATM","-0.724","dataset0079","Missense","Neutral to the ATM-mediated anti-cell growth with Cisplatin in MCF10A","ATM-mediated anti-cell growth with Cisplatin","5","Functionally normal","Uncertain significance","","NA","CRISPR-Based Genome Editing","Base editing","33606978"
"NM_000051.4(ATM):c.2149C>T (p.Arg717Trp)","chr11","108256239","C/T","ATM","-0.504","dataset0079","Missense","Neutral to the ATM-mediated anti-cell growth with Cisplatin in MCF10A","ATM-mediated anti-cell growth with Cisplatin","5","Functionally normal","Conflicting classifications of pathogenicity","2.67663e-05","NA","CRISPR-Based Genome Editing","Base editing","33606978"
"NM_000051.4(ATM):c.2156C>T (p.Ser719Leu)","chr11","108256246","C/T","ATM","-0.295","dataset0079","Missense","Neutral to the ATM-mediated anti-cell growth with Cisplatin in MCF10A","ATM-mediated anti-cell growth with Cisplatin","5","Functionally normal","Uncertain significance","","NA","CRISPR-Based Genome Editing","Base editing","33606978"
"NM_000051.4(ATM):c.2161C>T (p.Leu721Phe)","chr11","108256251","C/T","ATM","0.63","dataset0079","Missense","Neutral to the ATM-mediated anti-cell growth with Cisplatin in MCF10A","ATM-mediated anti-cell growth with Cisplatin","5","Functionally normal","Uncertain significance","","NA","CRISPR-Based Genome Editing","Base editing","33606978"
"NM_000051.4(ATM):c.2167G>A (p.Val723Met)","chr11","108256257","G/A","ATM","0.206","dataset0079","Missense","Neutral to the ATM-mediated anti-cell growth with Cisplatin in MCF10A","ATM-mediated anti-cell growth with Cisplatin","5","Functionally normal","Uncertain significance","","NA","CRISPR-Based Genome Editing","Base editing","33606978"
"NM_000051.4(ATM):c.2239C>T (p.Gln747Ter)","chr11","108256329","C/T","ATM","-1.97","dataset0079","Nonsense","The reduced ATM-mediated anti-cell growth with Cisplatin in MCF10A","ATM-mediated anti-cell growth with Cisplatin","5","Loss-of-function","Pathogenic/Likely pathogenic","","NA","CRISPR-Based Genome Editing","Base editing","33606978"
"NM_000051.4(ATM):c.2252C>T (p.Ser751Phe)","chr11","108257482","C/T","ATM","0.066","dataset0079","Missense","Neutral to the ATM-mediated anti-cell growth with Cisplatin in MCF10A","ATM-mediated anti-cell growth with Cisplatin","5","Functionally normal","","","NA","CRISPR-Based Genome Editing","Base editing","33606978"
"NM_000051.4(ATM):c.2340G>A (p.Met780Ile)","chr11","108257570","G/A","ATM","-0.189","dataset0079","Missense","Neutral to the ATM-mediated anti-cell growth with Cisplatin in MCF10A","ATM-mediated anti-cell growth with Cisplatin","5","Functionally normal","","6.19571e-07","NA","CRISPR-Based Genome Editing","Base editing","33606978"
"NM_000051.4(ATM):c.2383C>T (p.Pro795Ser)","chr11","108258992","C/T","ATM","-0.456","dataset0079","Missense","Neutral to the ATM-mediated anti-cell growth with Cisplatin in MCF10A","ATM-mediated anti-cell growth with Cisplatin","5","Functionally normal","Uncertain significance","","NA","CRISPR-Based Genome Editing","Base editing","33606978"
"NM_000051.4(ATM):c.2384C>T (p.Pro795Leu)","chr11","108258993","C/T","ATM","-0.456","dataset0079","Missense","Neutral to the ATM-mediated anti-cell growth with Cisplatin in MCF10A","ATM-mediated anti-cell growth with Cisplatin","5","Functionally normal","","","NA","CRISPR-Based Genome Editing","Base editing","33606978"
"NM_000051.4(ATM):c.2401_2402delinsAA (p.Gly801Asn)","chr11","108259010","GG/AA","ATM","0.043","dataset0079","Missense","Neutral to the ATM-mediated anti-cell growth with Cisplatin in MCF10A","ATM-mediated anti-cell growth with Cisplatin","5","Functionally normal","","","NA","CRISPR-Based Genome Editing","Base editing","33606978"
"NM_000051.4(ATM):c.2401G>A (p.Gly801Ser)","chr11","108259010","G/A","ATM","0.043","dataset0079","Missense","Neutral to the ATM-mediated anti-cell growth with Cisplatin in MCF10A","ATM-mediated anti-cell growth with Cisplatin","5","Functionally normal","Uncertain significance","","NA","CRISPR-Based Genome Editing","Base editing","33606978"
"NM_000051.4(ATM):c.2402G>A (p.Gly801Asp)","chr11","108259011","G/A","ATM","0.043","dataset0079","Missense","Neutral to the ATM-mediated anti-cell growth with Cisplatin in MCF10A","ATM-mediated anti-cell growth with Cisplatin","5","Functionally normal","Uncertain significance","6.19688e-07","NA","CRISPR-Based Genome Editing","Base editing","33606978"
"NM_000051.4(ATM):c.2491G>A (p.Asp831Asn)","chr11","108267195","G/A","ATM","-0.421","dataset0079","Missense","Neutral to the ATM-mediated anti-cell growth with Cisplatin in MCF10A","ATM-mediated anti-cell growth with Cisplatin","5","Functionally normal","Uncertain significance","6.19559e-07","NA","CRISPR-Based Genome Editing","Base editing","33606978"
"NM_000051.4(ATM):c.2500G>A (p.Glu834Lys)","chr11","108267204","G/A","ATM","0.255","dataset0079","Missense","Neutral to the ATM-mediated anti-cell growth with Cisplatin in MCF10A","ATM-mediated anti-cell growth with Cisplatin","5","Functionally normal","Uncertain significance","","NA","CRISPR-Based Genome Editing","Base editing","33606978"
"NM_000051.4(ATM):c.2503G>A (p.Val835Ile)","chr11","108267207","G/A","ATM","0.255","dataset0079","Missense","Neutral to the ATM-mediated anti-cell growth with Cisplatin in MCF10A","ATM-mediated anti-cell growth with Cisplatin","5","Functionally normal","","","NA","CRISPR-Based Genome Editing","Base editing","33606978"
"NM_000051.4(ATM):c.2525C>T (p.Thr842Ile)","chr11","108267229","C/T","ATM","-0.147","dataset0079","Missense","Neutral to the ATM-mediated anti-cell growth with Cisplatin in MCF10A","ATM-mediated anti-cell growth with Cisplatin","5","Functionally normal","Uncertain significance","","NA","CRISPR-Based Genome Editing","Base editing","33606978"
"NM_000051.4(ATM):c.2578G>A (p.Asp860Asn)","chr11","108267282","G/A","ATM","-0.868","dataset0079","Missense","Neutral to the ATM-mediated anti-cell growth with Cisplatin in MCF10A","ATM-mediated anti-cell growth with Cisplatin","5","Functionally normal","Uncertain significance","3.71754e-06","NA","CRISPR-Based Genome Editing","Base editing","33606978"
"NM_000051.4(ATM):c.2600G>A (p.Ser867Asn)","chr11","108267304","G/A","ATM","-0.053","dataset0079","Missense","Neutral to the ATM-mediated anti-cell growth with Cisplatin in MCF10A","ATM-mediated anti-cell growth with Cisplatin","5","Functionally normal","Uncertain significance","","NA","CRISPR-Based Genome Editing","Base editing","33606978"
"NM_000051.4(ATM):c.2602G>A (p.Asp868Asn)","chr11","108267306","G/A","ATM","-0.053","dataset0079","Missense","Neutral to the ATM-mediated anti-cell growth with Cisplatin in MCF10A","ATM-mediated anti-cell growth with Cisplatin","5","Functionally normal","Uncertain significance","","NA","CRISPR-Based Genome Editing","Base editing","33606978"
"NM_000051.4(ATM):c.2630G>A (p.Ser877Asn)","chr11","108267334","G/A","ATM","0.573","dataset0079","Missense","Neutral to the ATM-mediated anti-cell growth with Cisplatin in MCF10A","ATM-mediated anti-cell growth with Cisplatin","5","Functionally normal","","","NA","CRISPR-Based Genome Editing","Base editing","33606978"
"NM_000051.4(ATM):c.2659G>A (p.Glu887Lys)","chr11","108268430","G/A","ATM","-0.365","dataset0079","Missense","Neutral to the ATM-mediated anti-cell growth with Cisplatin in MCF10A","ATM-mediated anti-cell growth with Cisplatin","5","Functionally normal","Uncertain significance","6.19675e-07","NA","CRISPR-Based Genome Editing","Base editing","33606978"
"NM_000051.4(ATM):c.2662G>A (p.Glu888Lys)","chr11","108268433","G/A","ATM","-0.365","dataset0079","Missense","Neutral to the ATM-mediated anti-cell growth with Cisplatin in MCF10A","ATM-mediated anti-cell growth with Cisplatin","5","Functionally normal","Uncertain significance","","NA","CRISPR-Based Genome Editing","Base editing","33606978"
"NM_000051.4(ATM):c.2738C>T (p.Thr913Ile)","chr11","108268509","C/T","ATM","-0.049","dataset0079","Missense","Neutral to the ATM-mediated anti-cell growth with Cisplatin in MCF10A","ATM-mediated anti-cell growth with Cisplatin","5","Functionally normal","Uncertain significance","","NA","CRISPR-Based Genome Editing","Base editing","33606978"
"NM_000051.4(ATM):c.2756G>A (p.Arg919Lys)","chr11","108268527","G/A","ATM","0.238","dataset0079","Missense","Neutral to the ATM-mediated anti-cell growth with Cisplatin in MCF10A","ATM-mediated anti-cell growth with Cisplatin","5","Functionally normal","","","NA","CRISPR-Based Genome Editing","Base editing","33606978"
"NM_000051.4(ATM):c.2758G>A (p.Ala920Thr)","chr11","108268529","G/A","ATM","0.238","dataset0079","Missense","Neutral to the ATM-mediated anti-cell growth with Cisplatin in MCF10A","ATM-mediated anti-cell growth with Cisplatin","5","Functionally normal","Uncertain significance","","NA","CRISPR-Based Genome Editing","Base editing","33606978"
"NM_000051.4(ATM):c.2759C>T (p.Ala920Val)","chr11","108268530","C/T","ATM","-0.255","dataset0079","Missense","Neutral to the ATM-mediated anti-cell growth with Cisplatin in MCF10A","ATM-mediated anti-cell growth with Cisplatin","5","Functionally normal","Uncertain significance","","NA","CRISPR-Based Genome Editing","Base editing","33606978"
"NM_000051.4(ATM):c.2822C>T (p.Ser941Phe)","chr11","108268593","C/T","ATM","-0.597","dataset0079","Missense","Neutral to the ATM-mediated anti-cell growth with Cisplatin in MCF10A","ATM-mediated anti-cell growth with Cisplatin","5","Functionally normal","Uncertain significance","2.47859e-06","NA","CRISPR-Based Genome Editing","Base editing","33606978"
"NM_000051.4(ATM):c.2824C>T (p.Leu942Phe)","chr11","108268595","C/T","ATM","-0.597","dataset0079","Missense","Neutral to the ATM-mediated anti-cell growth with Cisplatin in MCF10A","ATM-mediated anti-cell growth with Cisplatin","5","Functionally normal","Uncertain significance","1.11537e-05","NA","CRISPR-Based Genome Editing","Base editing","33606978"
"NM_000051.4(ATM):c.2838G>A (p.Met946Ile)","chr11","108268609","G/A","ATM","-1.263","dataset0079","Missense","The reduced ATM-mediated anti-cell growth with Cisplatin in MCF10A","ATM-mediated anti-cell growth with Cisplatin","5","Loss-of-function","Uncertain significance","6.19782e-07","NA","CRISPR-Based Genome Editing","Base editing","33606978"
"NM_000051.4(ATM):c.2847G>A (p.Met949Ile)","chr11","108271072","G/A","ATM","-0.83","dataset0079","Missense","Neutral to the ATM-mediated anti-cell growth with Cisplatin in MCF10A","ATM-mediated anti-cell growth with Cisplatin","5","Functionally normal","Conflicting classifications of pathogenicity","1.23941e-06","NA","CRISPR-Based Genome Editing","Base editing","33606978"
"NM_000051.4(ATM):c.2848C>T (p.Leu950Phe)","chr11","108271073","C/T","ATM","0.387","dataset0079","Missense","Neutral to the ATM-mediated anti-cell growth with Cisplatin in MCF10A","ATM-mediated anti-cell growth with Cisplatin","5","Functionally normal","Uncertain significance","2.8508e-05","NA","CRISPR-Based Genome Editing","Base editing","33606978"
"NM_000051.4(ATM):c.2893G>A (p.Asp965Asn)","chr11","108271118","G/A","ATM","-0.808","dataset0079","Missense","Neutral to the ATM-mediated anti-cell growth with Cisplatin in MCF10A","ATM-mediated anti-cell growth with Cisplatin","5","Functionally normal","","","NA","CRISPR-Based Genome Editing","Base editing","33606978"
"NM_000051.4(ATM):c.2896G>A (p.Val966Ile)","chr11","108271121","G/A","ATM","-0.631","dataset0079","Missense","Neutral to the ATM-mediated anti-cell growth with Cisplatin in MCF10A","ATM-mediated anti-cell growth with Cisplatin","5","Functionally normal","Uncertain significance","","NA","CRISPR-Based Genome Editing","Base editing","33606978"
"NM_000051.4(ATM):c.2902G>A (p.Glu968Lys)","chr11","108271127","G/A","ATM","-0.386","dataset0079","Missense","Neutral to the ATM-mediated anti-cell growth with Cisplatin in MCF10A","ATM-mediated anti-cell growth with Cisplatin","5","Functionally normal","","","NA","CRISPR-Based Genome Editing","Base editing","33606978"
"NM_000051.4(ATM):c.2986C>T (p.His996Tyr)","chr11","108271315","C/T","ATM","-0.474","dataset0079","Missense","Neutral to the ATM-mediated anti-cell growth with Cisplatin in MCF10A","ATM-mediated anti-cell growth with Cisplatin","5","Functionally normal","Uncertain significance","","NA","CRISPR-Based Genome Editing","Base editing","33606978"
"NM_000051.4(ATM):c.2992G>A (p.Val998Met)","chr11","108271321","G/A","ATM","-0.221","dataset0079","Missense","Neutral to the ATM-mediated anti-cell growth with Cisplatin in MCF10A","ATM-mediated anti-cell growth with Cisplatin","5","Functionally normal","Uncertain significance","1.85941e-06","NA","CRISPR-Based Genome Editing","Base editing","33606978"
"NM_000051.4(ATM):c.3018G>A (p.Met1006Ile)","chr11","108271347","G/A","ATM","-0.166","dataset0079","Missense","Neutral to the ATM-mediated anti-cell growth with Cisplatin in MCF10A","ATM-mediated anti-cell growth with Cisplatin","5","Functionally normal","Uncertain significance","","NA","CRISPR-Based Genome Editing","Base editing","33606978"
"NM_000051.4(ATM):c.3019G>A (p.Asp1007Asn)","chr11","108271348","G/A","ATM","-0.166","dataset0079","Missense","Neutral to the ATM-mediated anti-cell growth with Cisplatin in MCF10A","ATM-mediated anti-cell growth with Cisplatin","5","Functionally normal","","","NA","CRISPR-Based Genome Editing","Base editing","33606978"
"NM_000051.4(ATM):c.3032C>T (p.Thr1011Ile)","chr11","108271361","C/T","ATM","-0.177","dataset0079","Missense","Neutral to the ATM-mediated anti-cell growth with Cisplatin in MCF10A","ATM-mediated anti-cell growth with Cisplatin","5","Functionally normal","Uncertain significance","","NA","CRISPR-Based Genome Editing","Base editing","33606978"
"NM_000051.4(ATM):c.3049C>T (p.Gln1017Ter)","chr11","108271378","C/T","ATM","-0.439","dataset0079","Nonsense","Neutral to the ATM-mediated anti-cell growth with Cisplatin in MCF10A","ATM-mediated anti-cell growth with Cisplatin","5","Functionally normal","Pathogenic/Likely pathogenic","6.19556e-07","NA","CRISPR-Based Genome Editing","Base editing","33606978"
"NM_000051.4(ATM):c.3059C>T (p.Thr1020Ile)","chr11","108271388","C/T","ATM","-0.031","dataset0079","Missense","Neutral to the ATM-mediated anti-cell growth with Cisplatin in MCF10A","ATM-mediated anti-cell growth with Cisplatin","5","Functionally normal","Uncertain significance","9.29329e-06","NA","CRISPR-Based Genome Editing","Base editing","33606978"
"NM_000051.4(ATM):c.3079C>T (p.His1027Tyr)","chr11","108272533","C/T","ATM","-0.164","dataset0079","Missense","Neutral to the ATM-mediated anti-cell growth with Cisplatin in MCF10A","ATM-mediated anti-cell growth with Cisplatin","5","Functionally normal","","","NA","CRISPR-Based Genome Editing","Base editing","33606978"
"NM_000051.4(ATM):c.3136C>T (p.Leu1046Phe)","chr11","108272590","C/T","ATM","-0.428","dataset0079","Missense","Neutral to the ATM-mediated anti-cell growth with Cisplatin in MCF10A","ATM-mediated anti-cell growth with Cisplatin","5","Functionally normal","Uncertain significance","6.19676e-07","NA","CRISPR-Based Genome Editing","Base editing","33606978"
"NM_000051.4(ATM):c.3151G>A (p.Glu1051Lys)","chr11","108272605","G/A","ATM","-0.12","dataset0079","Missense","Neutral to the ATM-mediated anti-cell growth with Cisplatin in MCF10A","ATM-mediated anti-cell growth with Cisplatin","5","Functionally normal","","","NA","CRISPR-Based Genome Editing","Base editing","33606978"
"NM_000051.4(ATM):c.3155C>T (p.Ala1052Val)","chr11","108272723","C/T","ATM","0.098","dataset0079","Missense","Neutral to the ATM-mediated anti-cell growth with Cisplatin in MCF10A","ATM-mediated anti-cell growth with Cisplatin","5","Functionally normal","Conflicting classifications of pathogenicity","3.09832e-06","NA","CRISPR-Based Genome Editing","Base editing","33606978"
"NM_000051.4(ATM):c.3160C>T (p.Pro1054Ser)","chr11","108272728","C/T","ATM","0.125","dataset0079","Missense","Neutral to the ATM-mediated anti-cell growth with Cisplatin in MCF10A","ATM-mediated anti-cell growth with Cisplatin","5","Functionally normal","Uncertain significance","3.71775e-06","NA","CRISPR-Based Genome Editing","Base editing","33606978"
"NM_000051.4(ATM):c.3175G>A (p.Ala1059Thr)","chr11","108272743","G/A","ATM","-0.316","dataset0079","Missense","Neutral to the ATM-mediated anti-cell growth with Cisplatin in MCF10A","ATM-mediated anti-cell growth with Cisplatin","5","Functionally normal","Conflicting classifications of pathogenicity","1.17736e-05","NA","CRISPR-Based Genome Editing","Base editing","33606978"
"NM_000051.4(ATM):c.3176C>T (p.Ala1059Val)","chr11","108272744","C/T","ATM","-0.181","dataset0079","Missense","Neutral to the ATM-mediated anti-cell growth with Cisplatin in MCF10A","ATM-mediated anti-cell growth with Cisplatin","5","Functionally normal","Uncertain significance","3.09835e-06","NA","CRISPR-Based Genome Editing","Base editing","33606978"
"NM_000051.4(ATM):c.3192G>A (p.Met1064Ile)","chr11","108272760","G/A","ATM","-0.249","dataset0079","Missense","Neutral to the ATM-mediated anti-cell growth with Cisplatin in MCF10A","ATM-mediated anti-cell growth with Cisplatin","5","Functionally normal","Conflicting classifications of pathogenicity","6.19591e-07","NA","CRISPR-Based Genome Editing","Base editing","33606978"
"NM_000051.4(ATM):c.3193_3194delinsAA (p.Gly1065Lys)","chr11","108272761","GG/AA","ATM","-0.249","dataset0079","Missense","Neutral to the ATM-mediated anti-cell growth with Cisplatin in MCF10A","ATM-mediated anti-cell growth with Cisplatin","5","Functionally normal","","","NA","CRISPR-Based Genome Editing","Base editing","33606978"
"NM_000051.4(ATM):c.3193G>A (p.Gly1065Arg)","chr11","108272761","G/A","ATM","-0.249","dataset0079","Missense","Neutral to the ATM-mediated anti-cell growth with Cisplatin in MCF10A","ATM-mediated anti-cell growth with Cisplatin","5","Functionally normal","","","NA","CRISPR-Based Genome Editing","Base editing","33606978"
"NM_000051.4(ATM):c.3194G>A (p.Gly1065Glu)","chr11","108272762","G/A","ATM","-0.249","dataset0079","Missense","Neutral to the ATM-mediated anti-cell growth with Cisplatin in MCF10A","ATM-mediated anti-cell growth with Cisplatin","5","Functionally normal","Uncertain significance","1.23914e-06","NA","CRISPR-Based Genome Editing","Base editing","33606978"
"NM_000051.4(ATM):c.3247C>T (p.His1083Tyr)","chr11","108272815","C/T","ATM","-1.177","dataset0079","Missense","The reduced ATM-mediated anti-cell growth with Cisplatin in MCF10A","ATM-mediated anti-cell growth with Cisplatin","5","Loss-of-function","Uncertain significance","1.23922e-06","NA","CRISPR-Based Genome Editing","Base editing","33606978"
"NM_000051.4(ATM):c.3250C>T (p.Gln1084Ter)","chr11","108272818","C/T","ATM","-1.177","dataset0079","Nonsense","The reduced ATM-mediated anti-cell growth with Cisplatin in MCF10A","ATM-mediated anti-cell growth with Cisplatin","5","Loss-of-function","Pathogenic","","NA","CRISPR-Based Genome Editing","Base editing","33606978"
"NM_000051.4(ATM):c.3265G>A (p.Ala1089Thr)","chr11","108272833","G/A","ATM","0.173","dataset0079","Missense","Neutral to the ATM-mediated anti-cell growth with Cisplatin in MCF10A","ATM-mediated anti-cell growth with Cisplatin","5","Functionally normal","Uncertain significance","6.19624e-07","NA","CRISPR-Based Genome Editing","Base editing","33606978"
"NM_000051.4(ATM):c.3266C>T (p.Ala1089Val)","chr11","108272834","C/T","ATM","-0.448","dataset0079","Missense","Neutral to the ATM-mediated anti-cell growth with Cisplatin in MCF10A","ATM-mediated anti-cell growth with Cisplatin","5","Functionally normal","Uncertain significance","","NA","CRISPR-Based Genome Editing","Base editing","33606978"
"NM_000051.4(ATM):c.3268G>A (p.Ala1090Thr)","chr11","108272836","G/A","ATM","0.173","dataset0079","Missense","Neutral to the ATM-mediated anti-cell growth with Cisplatin in MCF10A","ATM-mediated anti-cell growth with Cisplatin","5","Functionally normal","Uncertain significance","","NA","CRISPR-Based Genome Editing","Base editing","33606978"
"NM_000051.4(ATM):c.3269C>T (p.Ala1090Val)","chr11","108272837","C/T","ATM","-0.448","dataset0079","Missense","Neutral to the ATM-mediated anti-cell growth with Cisplatin in MCF10A","ATM-mediated anti-cell growth with Cisplatin","5","Functionally normal","Uncertain significance","1.23915e-06","NA","CRISPR-Based Genome Editing","Base editing","33606978"
"NM_000051.4(ATM):c.3275C>T (p.Ser1092Leu)","chr11","108272843","C/T","ATM","-0.097","dataset0079","Missense","Neutral to the ATM-mediated anti-cell growth with Cisplatin in MCF10A","ATM-mediated anti-cell growth with Cisplatin","5","Functionally normal","Uncertain significance","6.19587e-07","NA","CRISPR-Based Genome Editing","Base editing","33606978"
"NM_000051.4(ATM):c.3299C>T (p.Thr1100Met)","chr11","108279505","C/T","ATM","-0.499","dataset0079","Missense","Neutral to the ATM-mediated anti-cell growth with Cisplatin in MCF10A","ATM-mediated anti-cell growth with Cisplatin","5","Functionally normal","Conflicting classifications of pathogenicity","1.05569e-05","NA","CRISPR-Based Genome Editing","Base editing","33606978"
"NM_000051.4(ATM):c.3307G>A (p.Asp1103Asn)","chr11","108279513","G/A","ATM","-0.241","dataset0079","Missense","Neutral to the ATM-mediated anti-cell growth with Cisplatin in MCF10A","ATM-mediated anti-cell growth with Cisplatin","5","Functionally normal","Conflicting classifications of pathogenicity","6.20157e-07","NA","CRISPR-Based Genome Editing","Base editing","33606978"
"NM_000051.4(ATM):c.3368C>T (p.Ala1123Val)","chr11","108279574","C/T","ATM","-0.296","dataset0079","Missense","Neutral to the ATM-mediated anti-cell growth with Cisplatin in MCF10A","ATM-mediated anti-cell growth with Cisplatin","5","Functionally normal","Uncertain significance","","NA","CRISPR-Based Genome Editing","Base editing","33606978"
"NM_000051.4(ATM):c.3413C>T (p.Ala1138Val)","chr11","108281005","C/T","ATM","-0.197","dataset0079","Missense","Neutral to the ATM-mediated anti-cell growth with Cisplatin in MCF10A","ATM-mediated anti-cell growth with Cisplatin","5","Functionally normal","Uncertain significance","","NA","CRISPR-Based Genome Editing","Base editing","33606978"
"NM_000051.4(ATM):c.3424G>A (p.Glu1142Lys)","chr11","108281016","G/A","ATM","0.185","dataset0079","Missense","Neutral to the ATM-mediated anti-cell growth with Cisplatin in MCF10A","ATM-mediated anti-cell growth with Cisplatin","5","Functionally normal","Uncertain significance","6.20024e-07","NA","CRISPR-Based Genome Editing","Base editing","33606978"
"NM_000051.4(ATM):c.3436G>A (p.Glu1146Lys)","chr11","108281028","G/A","ATM","-0.546","dataset0079","Missense","Neutral to the ATM-mediated anti-cell growth with Cisplatin in MCF10A","ATM-mediated anti-cell growth with Cisplatin","5","Functionally normal","Uncertain significance","","NA","CRISPR-Based Genome Editing","Base editing","33606978"
"NM_000051.4(ATM):c.3496_3497delinsTT (p.Pro1166Phe)","chr11","108281088","CC/TT","ATM","0.12","dataset0079","Missense","Neutral to the ATM-mediated anti-cell growth with Cisplatin in MCF10A","ATM-mediated anti-cell growth with Cisplatin","5","Functionally normal","","","NA","CRISPR-Based Genome Editing","Base editing","33606978"
"NM_000051.4(ATM):c.3496C>T (p.Pro1166Ser)","chr11","108281088","C/T","ATM","0.12","dataset0079","Missense","Neutral to the ATM-mediated anti-cell growth with Cisplatin in MCF10A","ATM-mediated anti-cell growth with Cisplatin","5","Functionally normal","Uncertain significance","","NA","CRISPR-Based Genome Editing","Base editing","33606978"
"NM_000051.4(ATM):c.3497C>T (p.Pro1166Leu)","chr11","108281089","C/T","ATM","0.12","dataset0079","Missense","Neutral to the ATM-mediated anti-cell growth with Cisplatin in MCF10A","ATM-mediated anti-cell growth with Cisplatin","5","Functionally normal","","","NA","CRISPR-Based Genome Editing","Base editing","33606978"
"NM_000051.4(ATM):c.3503G>A (p.Cys1168Tyr)","chr11","108281095","G/A","ATM","0.786","dataset0079","Missense","Neutral to the ATM-mediated anti-cell growth with Cisplatin in MCF10A","ATM-mediated anti-cell growth with Cisplatin","5","Functionally normal","Uncertain significance","","NA","CRISPR-Based Genome Editing","Base editing","33606978"
"NM_000051.4(ATM):c.3505G>A (p.Glu1169Lys)","chr11","108281097","G/A","ATM","0.786","dataset0079","Missense","Neutral to the ATM-mediated anti-cell growth with Cisplatin in MCF10A","ATM-mediated anti-cell growth with Cisplatin","5","Functionally normal","Uncertain significance","6.81591e-06","NA","CRISPR-Based Genome Editing","Base editing","33606978"
"NM_000051.4(ATM):c.3514G>A (p.Ala1172Thr)","chr11","108281106","G/A","ATM","-0.108","dataset0079","Missense","Neutral to the ATM-mediated anti-cell growth with Cisplatin in MCF10A","ATM-mediated anti-cell growth with Cisplatin","5","Functionally normal","","","NA","CRISPR-Based Genome Editing","Base editing","33606978"
"NM_000051.4(ATM):c.3536C>T (p.Ser1179Phe)","chr11","108281128","C/T","ATM","-0.369","dataset0079","Missense","Neutral to the ATM-mediated anti-cell growth with Cisplatin in MCF10A","ATM-mediated anti-cell growth with Cisplatin","5","Functionally normal","","","NA","CRISPR-Based Genome Editing","Base editing","33606978"
"NM_000051.4(ATM):c.3544G>A (p.Glu1182Lys)","chr11","108281136","G/A","ATM","-0.189","dataset0079","Missense","Neutral to the ATM-mediated anti-cell growth with Cisplatin in MCF10A","ATM-mediated anti-cell growth with Cisplatin","5","Functionally normal","Uncertain significance","","NA","CRISPR-Based Genome Editing","Base editing","33606978"
"NM_000051.4(ATM):c.3559_3560delinsTT (p.Pro1187Phe)","chr11","108281151","CC/TT","ATM","0.251","dataset0079","Missense","Neutral to the ATM-mediated anti-cell growth with Cisplatin in MCF10A","ATM-mediated anti-cell growth with Cisplatin","5","Functionally normal","","","NA","CRISPR-Based Genome Editing","Base editing","33606978"
"NM_000051.4(ATM):c.3559C>T (p.Pro1187Ser)","chr11","108281151","C/T","ATM","0.251","dataset0079","Missense","Neutral to the ATM-mediated anti-cell growth with Cisplatin in MCF10A","ATM-mediated anti-cell growth with Cisplatin","5","Functionally normal","Uncertain significance","1.85895e-06","NA","CRISPR-Based Genome Editing","Base editing","33606978"
"NM_000051.4(ATM):c.3560C>T (p.Pro1187Leu)","chr11","108281152","C/T","ATM","0.251","dataset0079","Missense","Neutral to the ATM-mediated anti-cell growth with Cisplatin in MCF10A","ATM-mediated anti-cell growth with Cisplatin","5","Functionally normal","","","NA","CRISPR-Based Genome Editing","Base editing","33606978"
"NM_000051.4(ATM):c.3562C>T (p.His1188Tyr)","chr11","108281154","C/T","ATM","0.251","dataset0079","Missense","Neutral to the ATM-mediated anti-cell growth with Cisplatin in MCF10A","ATM-mediated anti-cell growth with Cisplatin","5","Functionally normal","Uncertain significance","6.1963e-07","NA","CRISPR-Based Genome Editing","Base editing","33606978"
"NM_000051.4(ATM):c.3613C>T (p.Arg1205Cys)","chr11","108282746","C/T","ATM","-0.57","dataset0079","Missense","Neutral to the ATM-mediated anti-cell growth with Cisplatin in MCF10A","ATM-mediated anti-cell growth with Cisplatin","5","Functionally normal","Conflicting classifications of pathogenicity","1.11584e-05","ucec:0.2% (1/529):0.480","CRISPR-Based Genome Editing","Base editing","33606978"
"NM_000051.4(ATM):c.3632C>T (p.Ala1211Val)","chr11","108282765","C/T","ATM","-0.064","dataset0079","Missense","Neutral to the ATM-mediated anti-cell growth with Cisplatin in MCF10A","ATM-mediated anti-cell growth with Cisplatin","5","Functionally normal","Uncertain significance","","NA","CRISPR-Based Genome Editing","Base editing","33606978"
"NM_000051.4(ATM):c.3635C>T (p.Ser1212Phe)","chr11","108282768","C/T","ATM","-0.064","dataset0079","Missense","Neutral to the ATM-mediated anti-cell growth with Cisplatin in MCF10A","ATM-mediated anti-cell growth with Cisplatin","5","Functionally normal","","","NA","CRISPR-Based Genome Editing","Base editing","33606978"
"NM_000051.4(ATM):c.3637C>T (p.His1213Tyr)","chr11","108282770","C/T","ATM","-0.064","dataset0079","Missense","Neutral to the ATM-mediated anti-cell growth with Cisplatin in MCF10A","ATM-mediated anti-cell growth with Cisplatin","5","Functionally normal","Uncertain significance","","NA","CRISPR-Based Genome Editing","Base editing","33606978"
"NM_000051.4(ATM):c.3785G>A (p.Arg1262Lys)","chr11","108284265","G/A","ATM","0.719","dataset0079","Missense","Neutral to the ATM-mediated anti-cell growth with Cisplatin in MCF10A","ATM-mediated anti-cell growth with Cisplatin","5","Functionally normal","Uncertain significance","","NA","CRISPR-Based Genome Editing","Base editing","33606978"
"NM_000051.4(ATM):c.3788G>A (p.Ser1263Asn)","chr11","108284268","G/A","ATM","0.719","dataset0079","Missense","Neutral to the ATM-mediated anti-cell growth with Cisplatin in MCF10A","ATM-mediated anti-cell growth with Cisplatin","5","Functionally normal","","","NA","CRISPR-Based Genome Editing","Base editing","33606978"
"NM_000051.4(ATM):c.3815C>T (p.Ala1272Val)","chr11","108284295","C/T","ATM","-0.418","dataset0079","Missense","Neutral to the ATM-mediated anti-cell growth with Cisplatin in MCF10A","ATM-mediated anti-cell growth with Cisplatin","5","Functionally normal","","","NA","CRISPR-Based Genome Editing","Base editing","33606978"
"NM_000051.4(ATM):c.3820C>T (p.Gln1274Ter)","chr11","108284300","C/T","ATM","-1.582","dataset0079","Nonsense","The reduced ATM-mediated anti-cell growth with Cisplatin in MCF10A","ATM-mediated anti-cell growth with Cisplatin","5","Loss-of-function","Conflicting classifications of pathogenicity","6.19708e-07","NA","CRISPR-Based Genome Editing","Base editing","33606978"
"NM_000051.4(ATM):c.3829G>A (p.Glu1277Lys)","chr11","108284309","G/A","ATM","0.021","dataset0079","Missense","Neutral to the ATM-mediated anti-cell growth with Cisplatin in MCF10A","ATM-mediated anti-cell growth with Cisplatin","5","Functionally normal","","","NA","CRISPR-Based Genome Editing","Base editing","33606978"
"NM_000051.4(ATM):c.3886_3887delinsTT (p.Pro1296Phe)","chr11","108284366","CC/TT","ATM","-0.192","dataset0079","Missense","Neutral to the ATM-mediated anti-cell growth with Cisplatin in MCF10A","ATM-mediated anti-cell growth with Cisplatin","5","Functionally normal","","","NA","CRISPR-Based Genome Editing","Base editing","33606978"
"NM_000051.4(ATM):c.3886C>T (p.Pro1296Ser)","chr11","108284366","C/T","ATM","-0.192","dataset0079","Missense","Neutral to the ATM-mediated anti-cell growth with Cisplatin in MCF10A","ATM-mediated anti-cell growth with Cisplatin","5","Functionally normal","Conflicting classifications of pathogenicity","","NA","CRISPR-Based Genome Editing","Base editing","33606978"
"NM_000051.4(ATM):c.3887C>T (p.Pro1296Leu)","chr11","108284367","C/T","ATM","-0.192","dataset0079","Missense","Neutral to the ATM-mediated anti-cell growth with Cisplatin in MCF10A","ATM-mediated anti-cell growth with Cisplatin","5","Functionally normal","Uncertain significance","","NA","CRISPR-Based Genome Editing","Base editing","33606978"
"NM_000051.4(ATM):c.3901G>A (p.Glu1301Lys)","chr11","108284381","G/A","ATM","-0.705","dataset0079","Missense","Neutral to the ATM-mediated anti-cell growth with Cisplatin in MCF10A","ATM-mediated anti-cell growth with Cisplatin","5","Functionally normal","Uncertain significance","","blca:0.2% (1/411):0.280","CRISPR-Based Genome Editing","Base editing","33606978"
"NM_000051.4(ATM):c.3904_3905delinsAA (p.Gly1302Asn)","chr11","108284384","GG/AA","ATM","-0.705","dataset0079","Missense","Neutral to the ATM-mediated anti-cell growth with Cisplatin in MCF10A","ATM-mediated anti-cell growth with Cisplatin","5","Functionally normal","","","NA","CRISPR-Based Genome Editing","Base editing","33606978"
"NM_000051.4(ATM):c.3904G>A (p.Gly1302Ser)","chr11","108284384","G/A","ATM","-0.705","dataset0079","Missense","Neutral to the ATM-mediated anti-cell growth with Cisplatin in MCF10A","ATM-mediated anti-cell growth with Cisplatin","5","Functionally normal","Conflicting classifications of pathogenicity","1.23929e-06","NA","CRISPR-Based Genome Editing","Base editing","33606978"
"NM_000051.4(ATM):c.3905G>A (p.Gly1302Asp)","chr11","108284385","G/A","ATM","-0.705","dataset0079","Missense","Neutral to the ATM-mediated anti-cell growth with Cisplatin in MCF10A","ATM-mediated anti-cell growth with Cisplatin","5","Functionally normal","Uncertain significance","6.19626e-07","NA","CRISPR-Based Genome Editing","Base editing","33606978"
"NM_000051.4(ATM):c.3908C>T (p.Thr1303Ile)","chr11","108284388","C/T","ATM","-0.107","dataset0079","Missense","Neutral to the ATM-mediated anti-cell growth with Cisplatin in MCF10A","ATM-mediated anti-cell growth with Cisplatin","5","Functionally normal","Uncertain significance","","NA","CRISPR-Based Genome Editing","Base editing","33606978"
"NM_000051.4(ATM):c.3911G>A (p.Arg1304Lys)","chr11","108284391","G/A","ATM","-0.285","dataset0079","Missense","Neutral to the ATM-mediated anti-cell growth with Cisplatin in MCF10A","ATM-mediated anti-cell growth with Cisplatin","5","Functionally normal","","","blca:0.2% (1/411):0.290","CRISPR-Based Genome Editing","Base editing","33606978"
"NM_000051.4(ATM):c.3913G>A (p.Asp1305Asn)","chr11","108284393","G/A","ATM","-0.285","dataset0079","Missense","Neutral to the ATM-mediated anti-cell growth with Cisplatin in MCF10A","ATM-mediated anti-cell growth with Cisplatin","5","Functionally normal","","","NA","CRISPR-Based Genome Editing","Base editing","33606978"
"NM_000051.4(ATM):c.3924G>A (p.Met1308Ile)","chr11","108284404","G/A","ATM","0.116","dataset0079","Missense","Neutral to the ATM-mediated anti-cell growth with Cisplatin in MCF10A","ATM-mediated anti-cell growth with Cisplatin","5","Functionally normal","","","NA","CRISPR-Based Genome Editing","Base editing","33606978"
"NM_000051.4(ATM):c.3925G>A (p.Ala1309Thr)","chr11","108284405","G/A","ATM","0.116","dataset0079","Missense","Neutral to the ATM-mediated anti-cell growth with Cisplatin in MCF10A","ATM-mediated anti-cell growth with Cisplatin","5","Functionally normal","Benign","0.00113514","NA","CRISPR-Based Genome Editing","Base editing","33606978"
"NM_000051.4(ATM):c.3963G>A (p.Met1321Ile)","chr11","108284443","G/A","ATM","-0.618","dataset0079","Missense","Neutral to the ATM-mediated anti-cell growth with Cisplatin in MCF10A","ATM-mediated anti-cell growth with Cisplatin","5","Functionally normal","Conflicting classifications of pathogenicity","2.97415e-05","NA","CRISPR-Based Genome Editing","Base editing","33606978"
"NM_000051.4(ATM):c.4021C>T (p.Pro1341Ser)","chr11","108287627","C/T","ATM","-0.24","dataset0079","Missense","Neutral to the ATM-mediated anti-cell growth with Cisplatin in MCF10A","ATM-mediated anti-cell growth with Cisplatin","5","Functionally normal","","","NA","CRISPR-Based Genome Editing","Base editing","33606978"
"NM_000051.4(ATM):c.4036G>A (p.Glu1346Lys)","chr11","108287642","G/A","ATM","0.294","dataset0079","Missense","Neutral to the ATM-mediated anti-cell growth with Cisplatin in MCF10A","ATM-mediated anti-cell growth with Cisplatin","5","Functionally normal","","6.19697e-07","NA","CRISPR-Based Genome Editing","Base editing","33606978"
"NM_000051.4(ATM):c.4075G>A (p.Ala1359Thr)","chr11","108287681","G/A","ATM","0.296","dataset0079","Missense","Neutral to the ATM-mediated anti-cell growth with Cisplatin in MCF10A","ATM-mediated anti-cell growth with Cisplatin","5","Functionally normal","Uncertain significance","6.19695e-07","NA","CRISPR-Based Genome Editing","Base editing","33606978"
"NM_000051.4(ATM):c.4079G>A (p.Ser1360Asn)","chr11","108287685","G/A","ATM","0.296","dataset0079","Missense","Neutral to the ATM-mediated anti-cell growth with Cisplatin in MCF10A","ATM-mediated anti-cell growth with Cisplatin","5","Functionally normal","Uncertain significance","6.81793e-06","NA","CRISPR-Based Genome Editing","Base editing","33606978"
"NM_000051.4(ATM):c.4093C>T (p.Leu1365Phe)","chr11","108287699","C/T","ATM","-0.086","dataset0079","Missense","Neutral to the ATM-mediated anti-cell growth with Cisplatin in MCF10A","ATM-mediated anti-cell growth with Cisplatin","5","Functionally normal","Uncertain significance","","NA","CRISPR-Based Genome Editing","Base editing","33606978"
"NM_000051.4(ATM):c.4108_4109delinsAA (p.Gly1370Lys)","chr11","108287714","GG/AA","ATM","-1.518","dataset0079","Missense","The reduced ATM-mediated anti-cell growth with Cisplatin in MCF10A","ATM-mediated anti-cell growth with Cisplatin","5","Loss-of-function","","","NA","CRISPR-Based Genome Editing","Base editing","33606978"
"NM_000051.4(ATM):c.4108G>A (p.Gly1370Arg)","chr11","108287714","G/A","ATM","-1.518","dataset0079","Missense","The reduced ATM-mediated anti-cell growth with Cisplatin in MCF10A","ATM-mediated anti-cell growth with Cisplatin","5","Loss-of-function","","","NA","CRISPR-Based Genome Editing","Base editing","33606978"
"NM_000051.4(ATM):c.4109G>A (p.Gly1370Glu)","chr11","108287715","G/A","ATM","-1.518","dataset0079","Missense","The reduced ATM-mediated anti-cell growth with Cisplatin in MCF10A","ATM-mediated anti-cell growth with Cisplatin","5","Loss-of-function","","","NA","CRISPR-Based Genome Editing","Base editing","33606978"
"NM_000051.4(ATM):c.4111G>A (p.Asp1371Asn)","chr11","108288978","G/A","ATM","-0.384","dataset0079","Missense","Neutral to the ATM-mediated anti-cell growth with Cisplatin in MCF10A","ATM-mediated anti-cell growth with Cisplatin","5","Functionally normal","Uncertain significance","","NA","CRISPR-Based Genome Editing","Base editing","33606978"
"NM_000051.4(ATM):c.4153G>A (p.Val1385Met)","chr11","108289020","G/A","ATM","0.167","dataset0079","Missense","Neutral to the ATM-mediated anti-cell growth with Cisplatin in MCF10A","ATM-mediated anti-cell growth with Cisplatin","5","Functionally normal","Uncertain significance","","NA","CRISPR-Based Genome Editing","Base editing","33606978"
"NM_000051.4(ATM):c.4162G>A (p.Ala1388Thr)","chr11","108289029","G/A","ATM","-0.61","dataset0079","Missense","Neutral to the ATM-mediated anti-cell growth with Cisplatin in MCF10A","ATM-mediated anti-cell growth with Cisplatin","5","Functionally normal","Uncertain significance","","NA","CRISPR-Based Genome Editing","Base editing","33606978"
"NM_000051.4(ATM):c.4187G>A (p.Cys1396Tyr)","chr11","108289054","G/A","ATM","0.03","dataset0079","Missense","Neutral to the ATM-mediated anti-cell growth with Cisplatin in MCF10A","ATM-mediated anti-cell growth with Cisplatin","5","Functionally normal","","","NA","CRISPR-Based Genome Editing","Base editing","33606978"
"NM_000051.4(ATM):c.4216G>A (p.Glu1406Lys)","chr11","108289083","G/A","ATM","0.402","dataset0079","Missense","Neutral to the ATM-mediated anti-cell growth with Cisplatin in MCF10A","ATM-mediated anti-cell growth with Cisplatin","5","Functionally normal","","","NA","CRISPR-Based Genome Editing","Base editing","33606978"
"NM_000051.4(ATM):c.4261G>A (p.Ala1421Thr)","chr11","108289626","G/A","ATM","-1.392","dataset0079","Missense","The reduced ATM-mediated anti-cell growth with Cisplatin in MCF10A","ATM-mediated anti-cell growth with Cisplatin","5","Loss-of-function","Uncertain significance","","NA","CRISPR-Based Genome Editing","Base editing","33606978"
"NM_000051.4(ATM):c.4279G>A (p.Ala1427Thr)","chr11","108289644","G/A","ATM","0.102","dataset0079","Missense","Neutral to the ATM-mediated anti-cell growth with Cisplatin in MCF10A","ATM-mediated anti-cell growth with Cisplatin","5","Functionally normal","Conflicting classifications of pathogenicity","4.28256e-05","NA","CRISPR-Based Genome Editing","Base editing","33606978"
"NM_000051.4(ATM):c.4282G>A (p.Glu1428Lys)","chr11","108289647","G/A","ATM","0.102","dataset0079","Missense","Neutral to the ATM-mediated anti-cell growth with Cisplatin in MCF10A","ATM-mediated anti-cell growth with Cisplatin","5","Functionally normal","Uncertain significance","2.48265e-06","NA","CRISPR-Based Genome Editing","Base editing","33606978"
"NM_000051.4(ATM):c.4420C>T (p.His1474Tyr)","chr11","108289785","C/T","ATM","-0.172","dataset0079","Missense","Neutral to the ATM-mediated anti-cell growth with Cisplatin in MCF10A","ATM-mediated anti-cell growth with Cisplatin","5","Functionally normal","","","NA","CRISPR-Based Genome Editing","Base editing","33606978"
"NM_000051.4(ATM):c.4438C>T (p.Pro1480Ser)","chr11","108292620","C/T","ATM","-0.134","dataset0079","Missense","Neutral to the ATM-mediated anti-cell growth with Cisplatin in MCF10A","ATM-mediated anti-cell growth with Cisplatin","5","Functionally normal","Uncertain significance","","NA","CRISPR-Based Genome Editing","Base editing","33606978"
"NM_000051.4(ATM):c.4445G>A (p.Cys1482Tyr)","chr11","108292627","G/A","ATM","-0.504","dataset0079","Missense","Neutral to the ATM-mediated anti-cell growth with Cisplatin in MCF10A","ATM-mediated anti-cell growth with Cisplatin","5","Functionally normal","Conflicting classifications of pathogenicity","2.10752e-05","NA","CRISPR-Based Genome Editing","Base editing","33606978"
"NM_000051.4(ATM):c.4453G>A (p.Asp1485Asn)","chr11","108292635","G/A","ATM","0.366","dataset0079","Missense","Neutral to the ATM-mediated anti-cell growth with Cisplatin in MCF10A","ATM-mediated anti-cell growth with Cisplatin","5","Functionally normal","","6.19649e-07","NA","CRISPR-Based Genome Editing","Base editing","33606978"
"NM_000051.4(ATM):c.4456G>A (p.Val1486Met)","chr11","108292638","G/A","ATM","0.366","dataset0079","Missense","Neutral to the ATM-mediated anti-cell growth with Cisplatin in MCF10A","ATM-mediated anti-cell growth with Cisplatin","5","Functionally normal","Uncertain significance","1.23946e-06","NA","CRISPR-Based Genome Editing","Base editing","33606978"
"NM_000051.4(ATM):c.4496G>A (p.Ser1499Asn)","chr11","108292678","G/A","ATM","-0.587","dataset0079","Missense","Neutral to the ATM-mediated anti-cell growth with Cisplatin in MCF10A","ATM-mediated anti-cell growth with Cisplatin","5","Functionally normal","","","NA","CRISPR-Based Genome Editing","Base editing","33606978"
"NM_000051.4(ATM):c.4511C>T (p.Thr1504Ile)","chr11","108292693","C/T","ATM","-0.136","dataset0079","Missense","Neutral to the ATM-mediated anti-cell growth with Cisplatin in MCF10A","ATM-mediated anti-cell growth with Cisplatin","5","Functionally normal","Uncertain significance","6.19625e-07","NA","CRISPR-Based Genome Editing","Base editing","33606978"
"NM_000051.4(ATM):c.4514C>T (p.Ala1505Val)","chr11","108292696","C/T","ATM","-0.136","dataset0079","Missense","Neutral to the ATM-mediated anti-cell growth with Cisplatin in MCF10A","ATM-mediated anti-cell growth with Cisplatin","5","Functionally normal","Uncertain significance","","NA","CRISPR-Based Genome Editing","Base editing","33606978"
"NM_000051.4(ATM):c.4526G>A (p.Cys1509Tyr)","chr11","108292708","G/A","ATM","-0.342","dataset0079","Missense","Neutral to the ATM-mediated anti-cell growth with Cisplatin in MCF10A","ATM-mediated anti-cell growth with Cisplatin","5","Functionally normal","Uncertain significance","","NA","CRISPR-Based Genome Editing","Base editing","33606978"
"NM_000051.4(ATM):c.4531G>A (p.Asp1511Asn)","chr11","108292713","G/A","ATM","1.145","dataset0079","Missense","The enhanced ATM-mediated anti-cell growth with Cisplatin in MCF10A","ATM-mediated anti-cell growth with Cisplatin","5","Gain-of-function","Uncertain significance","","NA","CRISPR-Based Genome Editing","Base editing","33606978"
"NM_000051.4(ATM):c.4534G>A (p.Ala1512Thr)","chr11","108292716","G/A","ATM","1.145","dataset0079","Missense","The enhanced ATM-mediated anti-cell growth with Cisplatin in MCF10A","ATM-mediated anti-cell growth with Cisplatin","5","Gain-of-function","Uncertain significance","4.33732e-06","NA","CRISPR-Based Genome Editing","Base editing","33606978"
"NM_000051.4(ATM):c.4546C>T (p.His1516Tyr)","chr11","108292728","C/T","ATM","0.282","dataset0079","Missense","Neutral to the ATM-mediated anti-cell growth with Cisplatin in MCF10A","ATM-mediated anti-cell growth with Cisplatin","5","Functionally normal","Uncertain significance","1.85906e-06","NA","CRISPR-Based Genome Editing","Base editing","33606978"
"NM_000051.4(ATM):c.4549C>T (p.Leu1517Phe)","chr11","108292731","C/T","ATM","0.282","dataset0079","Missense","Neutral to the ATM-mediated anti-cell growth with Cisplatin in MCF10A","ATM-mediated anti-cell growth with Cisplatin","5","Functionally normal","Uncertain significance","8.0548e-06","NA","CRISPR-Based Genome Editing","Base editing","33606978"
"NM_000051.4(ATM):c.4561G>A (p.Val1521Ile)","chr11","108292743","G/A","ATM","-0.832","dataset0079","Missense","Neutral to the ATM-mediated anti-cell growth with Cisplatin in MCF10A","ATM-mediated anti-cell growth with Cisplatin","5","Functionally normal","Uncertain significance","","NA","CRISPR-Based Genome Editing","Base editing","33606978"
"NM_000051.4(ATM):c.4564_4565delinsAA (p.Gly1522Asn)","chr11","108292746","GG/AA","ATM","-0.832","dataset0079","Missense","Neutral to the ATM-mediated anti-cell growth with Cisplatin in MCF10A","ATM-mediated anti-cell growth with Cisplatin","5","Functionally normal","","","NA","CRISPR-Based Genome Editing","Base editing","33606978"
"NM_000051.4(ATM):c.4564G>A (p.Gly1522Ser)","chr11","108292746","G/A","ATM","-0.832","dataset0079","Missense","Neutral to the ATM-mediated anti-cell growth with Cisplatin in MCF10A","ATM-mediated anti-cell growth with Cisplatin","5","Functionally normal","Uncertain significance","4.95767e-06","NA","CRISPR-Based Genome Editing","Base editing","33606978"
"NM_000051.4(ATM):c.4565G>A (p.Gly1522Asp)","chr11","108292747","G/A","ATM","-0.832","dataset0079","Missense","Neutral to the ATM-mediated anti-cell growth with Cisplatin in MCF10A","ATM-mediated anti-cell growth with Cisplatin","5","Functionally normal","Uncertain significance","","NA","CRISPR-Based Genome Editing","Base editing","33606978"
"NM_000051.4(ATM):c.4576_4577delinsTT (p.Pro1526Phe)","chr11","108292758","CC/TT","ATM","-1.476","dataset0079","Missense","The reduced ATM-mediated anti-cell growth with Cisplatin in MCF10A","ATM-mediated anti-cell growth with Cisplatin","5","Loss-of-function","","","NA","CRISPR-Based Genome Editing","Base editing","33606978"
"NM_000051.4(ATM):c.4576C>T (p.Pro1526Ser)","chr11","108292758","C/T","ATM","-1.476","dataset0079","Missense","The reduced ATM-mediated anti-cell growth with Cisplatin in MCF10A","ATM-mediated anti-cell growth with Cisplatin","5","Loss-of-function","Conflicting classifications of pathogenicity","6.19587e-07","NA","CRISPR-Based Genome Editing","Base editing","33606978"
"NM_000051.4(ATM):c.4577C>T (p.Pro1526Leu)","chr11","108292759","C/T","ATM","-1.042","dataset0079","Missense","The reduced ATM-mediated anti-cell growth with Cisplatin in MCF10A","ATM-mediated anti-cell growth with Cisplatin","5","Loss-of-function","Uncertain significance","1.8589e-06","NA","CRISPR-Based Genome Editing","Base editing","33606978"
"NM_000051.4(ATM):c.4579C>T (p.Leu1527Phe)","chr11","108292761","C/T","ATM","-1.042","dataset0079","Missense","The reduced ATM-mediated anti-cell growth with Cisplatin in MCF10A","ATM-mediated anti-cell growth with Cisplatin","5","Loss-of-function","Uncertain significance","1.23917e-06","NA","CRISPR-Based Genome Editing","Base editing","33606978"
"NM_000051.4(ATM):c.4594G>A (p.Val1532Met)","chr11","108292776","G/A","ATM","0.258","dataset0079","Missense","Neutral to the ATM-mediated anti-cell growth with Cisplatin in MCF10A","ATM-mediated anti-cell growth with Cisplatin","5","Functionally normal","Uncertain significance","","NA","CRISPR-Based Genome Editing","Base editing","33606978"
"NM_000051.4(ATM):c.4597G>A (p.Glu1533Lys)","chr11","108292779","G/A","ATM","0.119","dataset0079","Missense","Neutral to the ATM-mediated anti-cell growth with Cisplatin in MCF10A","ATM-mediated anti-cell growth with Cisplatin","5","Functionally normal","","","NA","CRISPR-Based Genome Editing","Base editing","33606978"
"NM_000051.4(ATM):c.4697C>T (p.Pro1566Leu)","chr11","108293398","C/T","ATM","0.037","dataset0079","Missense","Neutral to the ATM-mediated anti-cell growth with Cisplatin in MCF10A","ATM-mediated anti-cell growth with Cisplatin","5","Functionally normal","","","NA","CRISPR-Based Genome Editing","Base editing","33606978"
"NM_000051.4(ATM):c.4702C>T (p.His1568Tyr)","chr11","108293403","C/T","ATM","0.037","dataset0079","Missense","Neutral to the ATM-mediated anti-cell growth with Cisplatin in MCF10A","ATM-mediated anti-cell growth with Cisplatin","5","Functionally normal","Conflicting classifications of pathogenicity","6.20744e-06","NA","CRISPR-Based Genome Editing","Base editing","33606978"
"NM_000051.4(ATM):c.4705G>A (p.Val1569Ile)","chr11","108293406","G/A","ATM","-0.55","dataset0079","Missense","Neutral to the ATM-mediated anti-cell growth with Cisplatin in MCF10A","ATM-mediated anti-cell growth with Cisplatin","5","Functionally normal","Uncertain significance","","NA","CRISPR-Based Genome Editing","Base editing","33606978"
"NM_000051.4(ATM):c.4708G>A (p.Val1570Ile)","chr11","108293409","G/A","ATM","-0.55","dataset0079","Missense","Neutral to the ATM-mediated anti-cell growth with Cisplatin in MCF10A","ATM-mediated anti-cell growth with Cisplatin","5","Functionally normal","Uncertain significance","","NA","CRISPR-Based Genome Editing","Base editing","33606978"
"NM_000051.4(ATM):c.4717G>A (p.Asp1573Asn)","chr11","108293418","G/A","ATM","-0.943","dataset0079","Missense","The reduced ATM-mediated anti-cell growth with Cisplatin in MCF10A","ATM-mediated anti-cell growth with Cisplatin","5","Loss-of-function","","","NA","CRISPR-Based Genome Editing","Base editing","33606978"
"NM_000051.4(ATM):c.4759_4760delinsTT (p.Pro1587Phe)","chr11","108293460","CC/TT","ATM","-0.211","dataset0079","Missense","Neutral to the ATM-mediated anti-cell growth with Cisplatin in MCF10A","ATM-mediated anti-cell growth with Cisplatin","5","Functionally normal","","","NA","CRISPR-Based Genome Editing","Base editing","33606978"
"NM_000051.4(ATM):c.4759C>T (p.Pro1587Ser)","chr11","108293460","C/T","ATM","-0.07","dataset0079","Missense","Neutral to the ATM-mediated anti-cell growth with Cisplatin in MCF10A","ATM-mediated anti-cell growth with Cisplatin","5","Functionally normal","","","NA","CRISPR-Based Genome Editing","Base editing","33606978"
"NM_000051.4(ATM):c.4760C>T (p.Pro1587Leu)","chr11","108293461","C/T","ATM","-0.211","dataset0079","Missense","Neutral to the ATM-mediated anti-cell growth with Cisplatin in MCF10A","ATM-mediated anti-cell growth with Cisplatin","5","Functionally normal","","","NA","CRISPR-Based Genome Editing","Base editing","33606978"
"NM_000051.4(ATM):c.4774G>A (p.Glu1592Lys)","chr11","108293475","G/A","ATM","-0.278","dataset0079","Missense","Neutral to the ATM-mediated anti-cell growth with Cisplatin in MCF10A","ATM-mediated anti-cell growth with Cisplatin","5","Functionally normal","","","NA","CRISPR-Based Genome Editing","Base editing","33606978"
"NM_000051.4(ATM):c.4802G>A (p.Ser1601Asn)","chr11","108294952","G/A","ATM","-0.837","dataset0079","Missense","Neutral to the ATM-mediated anti-cell growth with Cisplatin in MCF10A","ATM-mediated anti-cell growth with Cisplatin","5","Functionally normal","Conflicting classifications of pathogenicity","3.22217e-05","NA","CRISPR-Based Genome Editing","Base editing","33606978"
"NM_000051.4(ATM):c.4804G>A (p.Val1602Ile)","chr11","108294954","G/A","ATM","-0.837","dataset0079","Missense","Neutral to the ATM-mediated anti-cell growth with Cisplatin in MCF10A","ATM-mediated anti-cell growth with Cisplatin","5","Functionally normal","Uncertain significance","","NA","CRISPR-Based Genome Editing","Base editing","33606978"
"NM_000051.4(ATM):c.4819C>T (p.Pro1607Ser)","chr11","108294969","C/T","ATM","0.417","dataset0079","Missense","Neutral to the ATM-mediated anti-cell growth with Cisplatin in MCF10A","ATM-mediated anti-cell growth with Cisplatin","5","Functionally normal","","","NA","CRISPR-Based Genome Editing","Base editing","33606978"
"NM_000051.4(ATM):c.4820C>T (p.Pro1607Leu)","chr11","108294970","C/T","ATM","0.417","dataset0079","Missense","Neutral to the ATM-mediated anti-cell growth with Cisplatin in MCF10A","ATM-mediated anti-cell growth with Cisplatin","5","Functionally normal","Uncertain significance","","NA","CRISPR-Based Genome Editing","Base editing","33606978"
"NM_000051.4(ATM):c.4826C>T (p.Thr1609Ile)","chr11","108294976","C/T","ATM","-0.606","dataset0079","Missense","Neutral to the ATM-mediated anti-cell growth with Cisplatin in MCF10A","ATM-mediated anti-cell growth with Cisplatin","5","Functionally normal","Uncertain significance","","NA","CRISPR-Based Genome Editing","Base editing","33606978"
"NM_000051.4(ATM):c.4831C>T (p.Leu1611Phe)","chr11","108294981","C/T","ATM","-0.606","dataset0079","Missense","Neutral to the ATM-mediated anti-cell growth with Cisplatin in MCF10A","ATM-mediated anti-cell growth with Cisplatin","5","Functionally normal","Uncertain significance","","NA","CRISPR-Based Genome Editing","Base editing","33606978"
"NM_000051.4(ATM):c.4834G>A (p.Glu1612Lys)","chr11","108294984","G/A","ATM","-0.107","dataset0079","Missense","Neutral to the ATM-mediated anti-cell growth with Cisplatin in MCF10A","ATM-mediated anti-cell growth with Cisplatin","5","Functionally normal","","6.19619e-07","NA","CRISPR-Based Genome Editing","Base editing","33606978"
"NM_000051.4(ATM):c.4837_4838delinsAA (p.Gly1613Lys)","chr11","108294987","GG/AA","ATM","-0.107","dataset0079","Missense","Neutral to the ATM-mediated anti-cell growth with Cisplatin in MCF10A","ATM-mediated anti-cell growth with Cisplatin","5","Functionally normal","","","NA","CRISPR-Based Genome Editing","Base editing","33606978"
"NM_000051.4(ATM):c.4837G>A (p.Gly1613Arg)","chr11","108294987","G/A","ATM","-0.107","dataset0079","Missense","Neutral to the ATM-mediated anti-cell growth with Cisplatin in MCF10A","ATM-mediated anti-cell growth with Cisplatin","5","Functionally normal","","","NA","CRISPR-Based Genome Editing","Base editing","33606978"
"NM_000051.4(ATM):c.4838G>A (p.Gly1613Glu)","chr11","108294988","G/A","ATM","-0.107","dataset0079","Missense","Neutral to the ATM-mediated anti-cell growth with Cisplatin in MCF10A","ATM-mediated anti-cell growth with Cisplatin","5","Functionally normal","Uncertain significance","","NA","CRISPR-Based Genome Editing","Base editing","33606978"
"NM_000051.4(ATM):c.4849C>T (p.Leu1617Phe)","chr11","108294999","C/T","ATM","0.132","dataset0079","Missense","Neutral to the ATM-mediated anti-cell growth with Cisplatin in MCF10A","ATM-mediated anti-cell growth with Cisplatin","5","Functionally normal","","","NA","CRISPR-Based Genome Editing","Base editing","33606978"
"NM_000051.4(ATM):c.4870C>T (p.His1624Tyr)","chr11","108295020","C/T","ATM","-0.488","dataset0079","Missense","Neutral to the ATM-mediated anti-cell growth with Cisplatin in MCF10A","ATM-mediated anti-cell growth with Cisplatin","5","Functionally normal","","","NA","CRISPR-Based Genome Editing","Base editing","33606978"
"NM_000051.4(ATM):c.4915C>T (p.Pro1639Ser)","chr11","108297292","C/T","ATM","-0.742","dataset0079","Missense","Neutral to the ATM-mediated anti-cell growth with Cisplatin in MCF10A","ATM-mediated anti-cell growth with Cisplatin","5","Functionally normal","Uncertain significance","","NA","CRISPR-Based Genome Editing","Base editing","33606978"
"NM_000051.4(ATM):c.4916C>T (p.Pro1639Leu)","chr11","108297293","C/T","ATM","-0.742","dataset0079","Missense","Neutral to the ATM-mediated anti-cell growth with Cisplatin in MCF10A","ATM-mediated anti-cell growth with Cisplatin","5","Functionally normal","Uncertain significance","1.23969e-05","NA","CRISPR-Based Genome Editing","Base editing","33606978"
"NM_000051.4(ATM):c.4918C>T (p.Gln1640Ter)","chr11","108297295","C/T","ATM","-0.742","dataset0079","Nonsense","Neutral to the ATM-mediated anti-cell growth with Cisplatin in MCF10A","ATM-mediated anti-cell growth with Cisplatin","5","Functionally normal","Pathogenic","","NA","CRISPR-Based Genome Editing","Base editing","33606978"
"NM_000051.4(ATM):c.4932G>A (p.Met1644Ile)","chr11","108297309","G/A","ATM","-0.436","dataset0079","Missense","Neutral to the ATM-mediated anti-cell growth with Cisplatin in MCF10A","ATM-mediated anti-cell growth with Cisplatin","5","Functionally normal","Uncertain significance","1.23929e-06","ucec:0.2% (1/529):0.280","CRISPR-Based Genome Editing","Base editing","33606978"
"NM_000051.4(ATM):c.4933G>A (p.Val1645Met)","chr11","108297310","G/A","ATM","-0.436","dataset0079","Missense","Neutral to the ATM-mediated anti-cell growth with Cisplatin in MCF10A","ATM-mediated anti-cell growth with Cisplatin","5","Functionally normal","","","NA","CRISPR-Based Genome Editing","Base editing","33606978"
"NM_000051.4(ATM):c.4973C>T (p.Ala1658Val)","chr11","108297350","C/T","ATM","-0.764","dataset0079","Missense","Neutral to the ATM-mediated anti-cell growth with Cisplatin in MCF10A","ATM-mediated anti-cell growth with Cisplatin","5","Functionally normal","","","ucec:0.2% (1/529):0.270","CRISPR-Based Genome Editing","Base editing","33606978"
"NM_000051.4(ATM):c.4996G>A (p.Glu1666Lys)","chr11","108297373","G/A","ATM","-0.838","dataset0079","Missense","Neutral to the ATM-mediated anti-cell growth with Cisplatin in MCF10A","ATM-mediated anti-cell growth with Cisplatin","5","Functionally normal","Uncertain significance","","NA","CRISPR-Based Genome Editing","Base editing","33606978"
"NM_000051.4(ATM):c.4999G>A (p.Val1667Ile)","chr11","108297376","G/A","ATM","-0.838","dataset0079","Missense","Neutral to the ATM-mediated anti-cell growth with Cisplatin in MCF10A","ATM-mediated anti-cell growth with Cisplatin","5","Functionally normal","Uncertain significance","","NA","CRISPR-Based Genome Editing","Base editing","33606978"
"NM_000051.4(ATM):c.5009C>T (p.Ala1670Val)","chr11","108299717","C/T","ATM","-0.054","dataset0079","Missense","Neutral to the ATM-mediated anti-cell growth with Cisplatin in MCF10A","ATM-mediated anti-cell growth with Cisplatin","5","Functionally normal","Conflicting classifications of pathogenicity","7.43748e-06","NA","CRISPR-Based Genome Editing","Base editing","33606978"
"NM_000051.4(ATM):c.5072G>A (p.Ser1691Asn)","chr11","108299780","G/A","ATM","0.033","dataset0079","Missense","Neutral to the ATM-mediated anti-cell growth with Cisplatin in MCF10A","ATM-mediated anti-cell growth with Cisplatin","5","Functionally normal","","6.19584e-07","NA","CRISPR-Based Genome Editing","Base editing","33606978"
"NM_000051.4(ATM):c.5110G>A (p.Glu1704Lys)","chr11","108299818","G/A","ATM","-0.782","dataset0079","Missense","Neutral to the ATM-mediated anti-cell growth with Cisplatin in MCF10A","ATM-mediated anti-cell growth with Cisplatin","5","Functionally normal","","6.19639e-07","NA","CRISPR-Based Genome Editing","Base editing","33606978"
"NM_000051.4(ATM):c.5113G>A (p.Asp1705Asn)","chr11","108299821","G/A","ATM","-0.591","dataset0079","Missense","Neutral to the ATM-mediated anti-cell growth with Cisplatin in MCF10A","ATM-mediated anti-cell growth with Cisplatin","5","Functionally normal","Conflicting classifications of pathogenicity","6.19638e-07","blca:0.2% (1/411):0.190","CRISPR-Based Genome Editing","Base editing","33606978"
"NM_000051.4(ATM):c.5147C>T (p.Thr1716Ile)","chr11","108299855","C/T","ATM","-0.812","dataset0079","Missense","Neutral to the ATM-mediated anti-cell growth with Cisplatin in MCF10A","ATM-mediated anti-cell growth with Cisplatin","5","Functionally normal","Uncertain significance","","NA","CRISPR-Based Genome Editing","Base editing","33606978"
"NM_000051.4(ATM):c.5162C>T (p.Thr1721Ile)","chr11","108299870","C/T","ATM","0.013","dataset0079","Missense","Neutral to the ATM-mediated anti-cell growth with Cisplatin in MCF10A","ATM-mediated anti-cell growth with Cisplatin","5","Functionally normal","Uncertain significance","","NA","CRISPR-Based Genome Editing","Base editing","33606978"
"NM_000051.4(ATM):c.5167G>A (p.Val1723Ile)","chr11","108299875","G/A","ATM","-0.086","dataset0079","Missense","Neutral to the ATM-mediated anti-cell growth with Cisplatin in MCF10A","ATM-mediated anti-cell growth with Cisplatin","5","Functionally normal","Uncertain significance","1.23952e-06","NA","CRISPR-Based Genome Editing","Base editing","33606978"
"NM_000051.4(ATM):c.5170G>A (p.Glu1724Lys)","chr11","108299878","G/A","ATM","0.285","dataset0079","Missense","Neutral to the ATM-mediated anti-cell growth with Cisplatin in MCF10A","ATM-mediated anti-cell growth with Cisplatin","5","Functionally normal","","","NA","CRISPR-Based Genome Editing","Base editing","33606978"
"NM_000051.4(ATM):c.5224G>A (p.Ala1742Thr)","chr11","108301694","G/A","ATM","-0.871","dataset0079","Missense","Neutral to the ATM-mediated anti-cell growth with Cisplatin in MCF10A","ATM-mediated anti-cell growth with Cisplatin","5","Functionally normal","","","NA","CRISPR-Based Genome Editing","Base editing","33606978"
"NM_000051.4(ATM):c.5234C>T (p.Thr1745Ile)","chr11","108301704","C/T","ATM","0.162","dataset0079","Missense","Neutral to the ATM-mediated anti-cell growth with Cisplatin in MCF10A","ATM-mediated anti-cell growth with Cisplatin","5","Functionally normal","","","NA","CRISPR-Based Genome Editing","Base editing","33606978"
"NM_000051.4(ATM):c.5243G>A (p.Ser1748Asn)","chr11","108301713","G/A","ATM","-0.372","dataset0079","Missense","Neutral to the ATM-mediated anti-cell growth with Cisplatin in MCF10A","ATM-mediated anti-cell growth with Cisplatin","5","Functionally normal","","","NA","CRISPR-Based Genome Editing","Base editing","33606978"
"NM_000051.4(ATM):c.5267C>T (p.Thr1756Ile)","chr11","108301737","C/T","ATM","-0.671","dataset0079","Missense","Neutral to the ATM-mediated anti-cell growth with Cisplatin in MCF10A","ATM-mediated anti-cell growth with Cisplatin","5","Functionally normal","","","NA","CRISPR-Based Genome Editing","Base editing","33606978"
"NM_000051.4(ATM):c.5303G>A (p.Arg1768Lys)","chr11","108301773","G/A","ATM","-0.218","dataset0079","Missense","Neutral to the ATM-mediated anti-cell growth with Cisplatin in MCF10A","ATM-mediated anti-cell growth with Cisplatin","5","Functionally normal","Uncertain significance","","NA","CRISPR-Based Genome Editing","Base editing","33606978"
"NM_000051.4(ATM):c.5312G>A (p.Arg1771Lys)","chr11","108301782","G/A","ATM","-0.678","dataset0079","Missense","Neutral to the ATM-mediated anti-cell growth with Cisplatin in MCF10A","ATM-mediated anti-cell growth with Cisplatin","5","Functionally normal","Uncertain significance","0","NA","CRISPR-Based Genome Editing","Base editing","33606978"
"NM_000051.4(ATM):c.5347G>A (p.Glu1783Lys)","chr11","108302880","G/A","ATM","-1.503","dataset0079","Missense","The reduced ATM-mediated anti-cell growth with Cisplatin in MCF10A","ATM-mediated anti-cell growth with Cisplatin","5","Loss-of-function","Uncertain significance","","NA","CRISPR-Based Genome Editing","Base editing","33606978"
"NM_000051.4(ATM):c.5353C>T (p.Pro1785Ser)","chr11","108302886","C/T","ATM","0.165","dataset0079","Missense","Neutral to the ATM-mediated anti-cell growth with Cisplatin in MCF10A","ATM-mediated anti-cell growth with Cisplatin","5","Functionally normal","Uncertain significance","","NA","CRISPR-Based Genome Editing","Base editing","33606978"
"NM_000051.4(ATM):c.5368G>A (p.Asp1790Asn)","chr11","108302901","G/A","ATM","-0.516","dataset0079","Missense","Neutral to the ATM-mediated anti-cell growth with Cisplatin in MCF10A","ATM-mediated anti-cell growth with Cisplatin","5","Functionally normal","Uncertain significance","","NA","CRISPR-Based Genome Editing","Base editing","33606978"
"NM_000051.4(ATM):c.5371G>A (p.Asp1791Asn)","chr11","108302904","G/A","ATM","-0.516","dataset0079","Missense","Neutral to the ATM-mediated anti-cell growth with Cisplatin in MCF10A","ATM-mediated anti-cell growth with Cisplatin","5","Functionally normal","Uncertain significance","","NA","CRISPR-Based Genome Editing","Base editing","33606978"
"NM_000051.4(ATM):c.5384G>A (p.Trp1795Ter)","chr11","108302917","G/A","ATM","-1.18","dataset0079","Nonsense","The reduced ATM-mediated anti-cell growth with Cisplatin in MCF10A","ATM-mediated anti-cell growth with Cisplatin","5","Loss-of-function","","","NA","CRISPR-Based Genome Editing","Base editing","33606978"
"NM_000051.4(ATM):c.5407G>A (p.Asp1803Asn)","chr11","108302940","G/A","ATM","0.314","dataset0079","Missense","Neutral to the ATM-mediated anti-cell growth with Cisplatin in MCF10A","ATM-mediated anti-cell growth with Cisplatin","5","Functionally normal","","","NA","CRISPR-Based Genome Editing","Base editing","33606978"
"NM_000051.4(ATM):c.5423C>T (p.Thr1808Ile)","chr11","108302956","C/T","ATM","0.139","dataset0079","Missense","Neutral to the ATM-mediated anti-cell growth with Cisplatin in MCF10A","ATM-mediated anti-cell growth with Cisplatin","5","Functionally normal","Uncertain significance","6.19785e-07","NA","CRISPR-Based Genome Editing","Base editing","33606978"
"NM_000051.4(ATM):c.5435C>T (p.Ala1812Val)","chr11","108302968","C/T","ATM","-0.03","dataset0079","Missense","Neutral to the ATM-mediated anti-cell growth with Cisplatin in MCF10A","ATM-mediated anti-cell growth with Cisplatin","5","Functionally normal","Uncertain significance","8.05766e-06","ucec:0.2% (1/529):0.330","CRISPR-Based Genome Editing","Base editing","33606978"
"NM_000051.4(ATM):c.5542G>A (p.Asp1848Asn)","chr11","108304720","G/A","ATM","0.096","dataset0079","Missense","Neutral to the ATM-mediated anti-cell growth with Cisplatin in MCF10A","ATM-mediated anti-cell growth with Cisplatin","5","Functionally normal","","","NA","CRISPR-Based Genome Editing","Base editing","33606978"
"NM_000051.4(ATM):c.5554C>T (p.Gln1852Ter)","chr11","108304732","C/T","ATM","-0.054","dataset0079","Nonsense","Neutral to the ATM-mediated anti-cell growth with Cisplatin in MCF10A","ATM-mediated anti-cell growth with Cisplatin","5","Functionally normal","Pathogenic/Likely pathogenic","3.09824e-06","NA","CRISPR-Based Genome Editing","Base editing","33606978"
"NM_000051.4(ATM):c.5573G>A (p.Trp1858Ter)","chr11","108304751","G/A","ATM","0.024","dataset0079","Nonsense","Neutral to the ATM-mediated anti-cell growth with Cisplatin in MCF10A","ATM-mediated anti-cell growth with Cisplatin","5","Functionally normal","Pathogenic/Likely pathogenic","","NA","CRISPR-Based Genome Editing","Base editing","33606978"
"NM_000051.4(ATM):c.5584C>T (p.Leu1862Phe)","chr11","108304762","C/T","ATM","0.338","dataset0079","Missense","Neutral to the ATM-mediated anti-cell growth with Cisplatin in MCF10A","ATM-mediated anti-cell growth with Cisplatin","5","Functionally normal","Uncertain significance","6.19583e-07","NA","CRISPR-Based Genome Editing","Base editing","33606978"
"NM_000051.4(ATM):c.5588C>T (p.Ser1863Phe)","chr11","108304766","C/T","ATM","-0.048","dataset0079","Missense","Neutral to the ATM-mediated anti-cell growth with Cisplatin in MCF10A","ATM-mediated anti-cell growth with Cisplatin","5","Functionally normal","Uncertain significance","","NA","CRISPR-Based Genome Editing","Base editing","33606978"
"NM_000051.4(ATM):c.5648C>T (p.Ser1883Phe)","chr11","108304826","C/T","ATM","-0.062","dataset0079","Missense","Neutral to the ATM-mediated anti-cell growth with Cisplatin in MCF10A","ATM-mediated anti-cell growth with Cisplatin","5","Functionally normal","Uncertain significance","","NA","CRISPR-Based Genome Editing","Base editing","33606978"
"NM_000051.4(ATM):c.5651C>T (p.Thr1884Ile)","chr11","108304829","C/T","ATM","-0.062","dataset0079","Missense","Neutral to the ATM-mediated anti-cell growth with Cisplatin in MCF10A","ATM-mediated anti-cell growth with Cisplatin","5","Functionally normal","Uncertain significance","6.19541e-07","NA","CRISPR-Based Genome Editing","Base editing","33606978"
"NM_000051.4(ATM):c.5656_5657delinsTT (p.Pro1886Phe)","chr11","108304834","CC/TT","ATM","0.427","dataset0079","Missense","Neutral to the ATM-mediated anti-cell growth with Cisplatin in MCF10A","ATM-mediated anti-cell growth with Cisplatin","5","Functionally normal","","","NA","CRISPR-Based Genome Editing","Base editing","33606978"
"NM_000051.4(ATM):c.5656C>T (p.Pro1886Ser)","chr11","108304834","C/T","ATM","0.427","dataset0079","Missense","Neutral to the ATM-mediated anti-cell growth with Cisplatin in MCF10A","ATM-mediated anti-cell growth with Cisplatin","5","Functionally normal","Uncertain significance","","NA","CRISPR-Based Genome Editing","Base editing","33606978"
"NM_000051.4(ATM):c.5657C>T (p.Pro1886Leu)","chr11","108304835","C/T","ATM","0.427","dataset0079","Missense","Neutral to the ATM-mediated anti-cell growth with Cisplatin in MCF10A","ATM-mediated anti-cell growth with Cisplatin","5","Functionally normal","","6.19559e-07","NA","CRISPR-Based Genome Editing","Base editing","33606978"
"NM_000051.4(ATM):c.5659G>A (p.Ala1887Thr)","chr11","108304837","G/A","ATM","-0.023","dataset0079","Missense","Neutral to the ATM-mediated anti-cell growth with Cisplatin in MCF10A","ATM-mediated anti-cell growth with Cisplatin","5","Functionally normal","Uncertain significance","","NA","CRISPR-Based Genome Editing","Base editing","33606978"
"NM_000051.4(ATM):c.5660C>T (p.Ala1887Val)","chr11","108304838","C/T","ATM","0.427","dataset0079","Missense","Neutral to the ATM-mediated anti-cell growth with Cisplatin in MCF10A","ATM-mediated anti-cell growth with Cisplatin","5","Functionally normal","Uncertain significance","","NA","CRISPR-Based Genome Editing","Base editing","33606978"
"NM_000051.4(ATM):c.5668G>A (p.Asp1890Asn)","chr11","108304846","G/A","ATM","-0.414","dataset0079","Missense","Neutral to the ATM-mediated anti-cell growth with Cisplatin in MCF10A","ATM-mediated anti-cell growth with Cisplatin","5","Functionally normal","","","NA","CRISPR-Based Genome Editing","Base editing","33606978"
"NM_000051.4(ATM):c.5674G>A (p.Glu1892Lys)","chr11","108304852","G/A","ATM","-0.125","dataset0079","Missense","Neutral to the ATM-mediated anti-cell growth with Cisplatin in MCF10A","ATM-mediated anti-cell growth with Cisplatin","5","Functionally normal","Uncertain significance","3.09856e-06","NA","CRISPR-Based Genome Editing","Base editing","33606978"
"NM_000051.4(ATM):c.5723C>T (p.Thr1908Ile)","chr11","108307945","C/T","ATM","0.215","dataset0079","Missense","Neutral to the ATM-mediated anti-cell growth with Cisplatin in MCF10A","ATM-mediated anti-cell growth with Cisplatin","5","Functionally normal","Uncertain significance","","NA","CRISPR-Based Genome Editing","Base editing","33606978"
"NM_000051.4(ATM):c.5843G>A (p.Cys1948Tyr)","chr11","108310240","G/A","ATM","0.669","dataset0079","Missense","Neutral to the ATM-mediated anti-cell growth with Cisplatin in MCF10A","ATM-mediated anti-cell growth with Cisplatin","5","Functionally normal","","6.19771e-07","NA","CRISPR-Based Genome Editing","Base editing","33606978"
"NM_000051.4(ATM):c.5845G>A (p.Ala1949Thr)","chr11","108310242","G/A","ATM","0.669","dataset0079","Missense","Neutral to the ATM-mediated anti-cell growth with Cisplatin in MCF10A","ATM-mediated anti-cell growth with Cisplatin","5","Functionally normal","Uncertain significance","","NA","CRISPR-Based Genome Editing","Base editing","33606978"
"NM_000051.4(ATM):c.5885C>T (p.Ala1962Val)","chr11","108310282","C/T","ATM","-0.242","dataset0079","Missense","Neutral to the ATM-mediated anti-cell growth with Cisplatin in MCF10A","ATM-mediated anti-cell growth with Cisplatin","5","Functionally normal","","1.85961e-06","NA","CRISPR-Based Genome Editing","Base editing","33606978"
"NM_000051.4(ATM):c.5908C>T (p.Gln1970Ter)","chr11","108310305","C/T","ATM","-1.033","dataset0079","Nonsense","The reduced ATM-mediated anti-cell growth with Cisplatin in MCF10A","ATM-mediated anti-cell growth with Cisplatin","5","Loss-of-function","Pathogenic","2.54234e-05","NA","CRISPR-Based Genome Editing","Base editing","33606978"
"NM_000051.4(ATM):c.5923C>T (p.Leu1975Phe)","chr11","108312415","C/T","ATM","-0.161","dataset0079","Missense","Neutral to the ATM-mediated anti-cell growth with Cisplatin in MCF10A","ATM-mediated anti-cell growth with Cisplatin","5","Functionally normal","","","NA","CRISPR-Based Genome Editing","Base editing","33606978"
"NM_000051.4(ATM):c.5963G>A (p.Ser1988Asn)","chr11","108312455","G/A","ATM","0.008","dataset0079","Missense","Neutral to the ATM-mediated anti-cell growth with Cisplatin in MCF10A","ATM-mediated anti-cell growth with Cisplatin","5","Functionally normal","","","NA","CRISPR-Based Genome Editing","Base editing","33606978"
"NM_000051.4(ATM):c.5990C>T (p.Thr1997Ile)","chr11","108312482","C/T","ATM","-0.534","dataset0079","Missense","Neutral to the ATM-mediated anti-cell growth with Cisplatin in MCF10A","ATM-mediated anti-cell growth with Cisplatin","5","Functionally normal","Uncertain significance","","NA","CRISPR-Based Genome Editing","Base editing","33606978"
"NM_000051.4(ATM):c.6004C>T (p.Gln2002Ter)","chr11","108312496","C/T","ATM","-0.622","dataset0079","Nonsense","Neutral to the ATM-mediated anti-cell growth with Cisplatin in MCF10A","ATM-mediated anti-cell growth with Cisplatin","5","Functionally normal","Pathogenic","","NA","CRISPR-Based Genome Editing","Base editing","33606978"
"NM_000051.4(ATM):c.6043C>T (p.Pro2015Ser)","chr11","108315859","C/T","ATM","-0.184","dataset0079","Missense","Neutral to the ATM-mediated anti-cell growth with Cisplatin in MCF10A","ATM-mediated anti-cell growth with Cisplatin","5","Functionally normal","","0","NA","CRISPR-Based Genome Editing","Base editing","33606978"
"NM_000051.4(ATM):c.6044C>T (p.Pro2015Leu)","chr11","108315860","C/T","ATM","-0.184","dataset0079","Missense","Neutral to the ATM-mediated anti-cell growth with Cisplatin in MCF10A","ATM-mediated anti-cell growth with Cisplatin","5","Functionally normal","Uncertain significance","","NA","CRISPR-Based Genome Editing","Base editing","33606978"
"NM_000051.4(ATM):c.6058_6059delinsAA (p.Gly2020Asn)","chr11","108315874","GG/AA","ATM","-0.545","dataset0079","Missense","Neutral to the ATM-mediated anti-cell growth with Cisplatin in MCF10A","ATM-mediated anti-cell growth with Cisplatin","5","Functionally normal","","","NA","CRISPR-Based Genome Editing","Base editing","33606978"
"NM_000051.4(ATM):c.6058G>A (p.Gly2020Ser)","chr11","108315874","G/A","ATM","-0.545","dataset0079","Missense","Neutral to the ATM-mediated anti-cell growth with Cisplatin in MCF10A","ATM-mediated anti-cell growth with Cisplatin","5","Functionally normal","","","NA","CRISPR-Based Genome Editing","Base editing","33606978"
"NM_000051.4(ATM):c.6059G>A (p.Gly2020Asp)","chr11","108315875","G/A","ATM","-0.545","dataset0079","Missense","Neutral to the ATM-mediated anti-cell growth with Cisplatin in MCF10A","ATM-mediated anti-cell growth with Cisplatin","5","Functionally normal","Uncertain significance","6.19861e-07","NA","CRISPR-Based Genome Editing","Base editing","33606978"
"NM_000051.4(ATM):c.6062G>A (p.Cys2021Tyr)","chr11","108315878","G/A","ATM","-0.545","dataset0079","Missense","Neutral to the ATM-mediated anti-cell growth with Cisplatin in MCF10A","ATM-mediated anti-cell growth with Cisplatin","5","Functionally normal","Uncertain significance","1.85993e-06","NA","CRISPR-Based Genome Editing","Base editing","33606978"
"NM_000051.4(ATM):c.6112C>T (p.His2038Tyr)","chr11","108316027","C/T","ATM","-0.498","dataset0079","Missense","Neutral to the ATM-mediated anti-cell growth with Cisplatin in MCF10A","ATM-mediated anti-cell growth with Cisplatin","5","Functionally normal","Uncertain significance","","NA","CRISPR-Based Genome Editing","Base editing","33606978"
"NM_000051.4(ATM):c.6154G>A (p.Glu2052Lys)","chr11","108316069","G/A","ATM","-0.146","dataset0079","Missense","Neutral to the ATM-mediated anti-cell growth with Cisplatin in MCF10A","ATM-mediated anti-cell growth with Cisplatin","5","Functionally normal","Conflicting classifications of pathogenicity","3.03586e-05","NA","CRISPR-Based Genome Editing","Base editing","33606978"
"NM_000051.4(ATM):c.6166_6167delinsTT (p.Pro2056Phe)","chr11","108316081","CC/TT","ATM","-0.75","dataset0079","Missense","Neutral to the ATM-mediated anti-cell growth with Cisplatin in MCF10A","ATM-mediated anti-cell growth with Cisplatin","5","Functionally normal","","","NA","CRISPR-Based Genome Editing","Base editing","33606978"
"NM_000051.4(ATM):c.6166C>T (p.Pro2056Ser)","chr11","108316081","C/T","ATM","-0.75","dataset0079","Missense","Neutral to the ATM-mediated anti-cell growth with Cisplatin in MCF10A","ATM-mediated anti-cell growth with Cisplatin","5","Functionally normal","Conflicting classifications of pathogenicity","","skcm:0.2% (1/448):0.290","CRISPR-Based Genome Editing","Base editing","33606978"
"NM_000051.4(ATM):c.6167C>T (p.Pro2056Leu)","chr11","108316082","C/T","ATM","-0.75","dataset0079","Missense","Neutral to the ATM-mediated anti-cell growth with Cisplatin in MCF10A","ATM-mediated anti-cell growth with Cisplatin","5","Functionally normal","Uncertain significance","6.19528e-07","NA","CRISPR-Based Genome Editing","Base editing","33606978"
"NM_000051.4(ATM):c.6170C>T (p.Ser2057Leu)","chr11","108316085","C/T","ATM","-0.193","dataset0079","Missense","Neutral to the ATM-mediated anti-cell growth with Cisplatin in MCF10A","ATM-mediated anti-cell growth with Cisplatin","5","Functionally normal","Uncertain significance","","NA","CRISPR-Based Genome Editing","Base editing","33606978"
"NM_000051.4(ATM):c.6173C>T (p.Ser2058Leu)","chr11","108316088","C/T","ATM","-0.193","dataset0079","Missense","Neutral to the ATM-mediated anti-cell growth with Cisplatin in MCF10A","ATM-mediated anti-cell growth with Cisplatin","5","Functionally normal","Uncertain significance","","NA","CRISPR-Based Genome Editing","Base editing","33606978"
"NM_000051.4(ATM):c.6181C>T (p.Gln2061Ter)","chr11","108316096","C/T","ATM","-0.745","dataset0079","Nonsense","Neutral to the ATM-mediated anti-cell growth with Cisplatin in MCF10A","ATM-mediated anti-cell growth with Cisplatin","5","Functionally normal","Pathogenic","","NA","CRISPR-Based Genome Editing","Base editing","33606978"
"NM_000051.4(ATM):c.6184G>A (p.Ala2062Thr)","chr11","108316099","G/A","ATM","0.095","dataset0079","Missense","Neutral to the ATM-mediated anti-cell growth with Cisplatin in MCF10A","ATM-mediated anti-cell growth with Cisplatin","5","Functionally normal","","","NA","CRISPR-Based Genome Editing","Base editing","33606978"
"NM_000051.4(ATM):c.6187G>A (p.Gly2063Arg)","chr11","108316102","G/A","ATM","0.229","dataset0079","Missense","Neutral to the ATM-mediated anti-cell growth with Cisplatin in MCF10A","ATM-mediated anti-cell growth with Cisplatin","5","Functionally normal","","","NA","CRISPR-Based Genome Editing","Base editing","33606978"
"NM_000051.4(ATM):c.6200C>T (p.Ala2067Val)","chr11","108317374","C/T","ATM","-0.288","dataset0079","Missense","Neutral to the ATM-mediated anti-cell growth with Cisplatin in MCF10A","ATM-mediated anti-cell growth with Cisplatin","5","Functionally normal","","","NA","CRISPR-Based Genome Editing","Base editing","33606978"
"NM_000051.4(ATM):c.6215G>A (p.Gly2072Glu)","chr11","108317389","G/A","ATM","-0.431","dataset0079","Missense","Neutral to the ATM-mediated anti-cell growth with Cisplatin in MCF10A","ATM-mediated anti-cell growth with Cisplatin","5","Functionally normal","Uncertain significance","","NA","CRISPR-Based Genome Editing","Base editing","33606978"
"NM_000051.4(ATM):c.6229C>T (p.Leu2077Phe)","chr11","108317403","C/T","ATM","-1.169","dataset0079","Missense","The reduced ATM-mediated anti-cell growth with Cisplatin in MCF10A","ATM-mediated anti-cell growth with Cisplatin","5","Loss-of-function","Uncertain significance","","NA","CRISPR-Based Genome Editing","Base editing","33606978"
"NM_000051.4(ATM):c.6233C>T (p.Ser2078Phe)","chr11","108317407","C/T","ATM","-0.88","dataset0079","Missense","Neutral to the ATM-mediated anti-cell growth with Cisplatin in MCF10A","ATM-mediated anti-cell growth with Cisplatin","5","Functionally normal","Uncertain significance","","NA","CRISPR-Based Genome Editing","Base editing","33606978"
"NM_000051.4(ATM):c.6248G>A (p.Gly2083Glu)","chr11","108317422","G/A","ATM","-0.05","dataset0079","Missense","Neutral to the ATM-mediated anti-cell growth with Cisplatin in MCF10A","ATM-mediated anti-cell growth with Cisplatin","5","Functionally normal","Uncertain significance","6.20277e-07","NA","CRISPR-Based Genome Editing","Base editing","33606978"
"NM_000051.4(ATM):c.6253G>A (p.Asp2085Asn)","chr11","108317427","G/A","ATM","-0.05","dataset0079","Missense","Neutral to the ATM-mediated anti-cell growth with Cisplatin in MCF10A","ATM-mediated anti-cell growth with Cisplatin","5","Functionally normal","","","NA","CRISPR-Based Genome Editing","Base editing","33606978"
"NM_000051.4(ATM):c.6292C>T (p.Leu2098Phe)","chr11","108317466","C/T","ATM","0.67","dataset0079","Missense","Neutral to the ATM-mediated anti-cell growth with Cisplatin in MCF10A","ATM-mediated anti-cell growth with Cisplatin","5","Functionally normal","","","NA","CRISPR-Based Genome Editing","Base editing","33606978"
"NM_000051.4(ATM):c.6295C>T (p.His2099Tyr)","chr11","108317469","C/T","ATM","0.426","dataset0079","Missense","Neutral to the ATM-mediated anti-cell growth with Cisplatin in MCF10A","ATM-mediated anti-cell growth with Cisplatin","5","Functionally normal","","","skcm:0.2% (1/448):0.560","CRISPR-Based Genome Editing","Base editing","33606978"
"NM_000051.4(ATM):c.6308C>T (p.Ala2103Val)","chr11","108317482","C/T","ATM","-0.338","dataset0079","Missense","Neutral to the ATM-mediated anti-cell growth with Cisplatin in MCF10A","ATM-mediated anti-cell growth with Cisplatin","5","Functionally normal","","","NA","CRISPR-Based Genome Editing","Base editing","33606978"
"NM_000051.4(ATM):c.6391G>A (p.Ala2131Thr)","chr11","108319997","G/A","ATM","-0.187","dataset0079","Missense","Neutral to the ATM-mediated anti-cell growth with Cisplatin in MCF10A","ATM-mediated anti-cell growth with Cisplatin","5","Functionally normal","Uncertain significance","","NA","CRISPR-Based Genome Editing","Base editing","33606978"
"NM_000051.4(ATM):c.6505C>T (p.Leu2169Phe)","chr11","108321353","C/T","ATM","-0.658","dataset0079","Missense","Neutral to the ATM-mediated anti-cell growth with Cisplatin in MCF10A","ATM-mediated anti-cell growth with Cisplatin","5","Functionally normal","Uncertain significance","","NA","CRISPR-Based Genome Editing","Base editing","33606978"
"NM_000051.4(ATM):c.6512C>T (p.Pro2171Leu)","chr11","108321360","C/T","ATM","1.586","dataset0079","Missense","The enhanced ATM-mediated anti-cell growth with Cisplatin in MCF10A","ATM-mediated anti-cell growth with Cisplatin","5","Gain-of-function","","","NA","CRISPR-Based Genome Editing","Base editing","33606978"
"NM_000051.4(ATM):c.6515C>T (p.Thr2172Ile)","chr11","108321363","C/T","ATM","1.586","dataset0079","Missense","The enhanced ATM-mediated anti-cell growth with Cisplatin in MCF10A","ATM-mediated anti-cell growth with Cisplatin","5","Gain-of-function","Uncertain significance","","NA","CRISPR-Based Genome Editing","Base editing","33606978"
"NM_000051.4(ATM):c.6517C>T (p.Leu2173Phe)","chr11","108321365","C/T","ATM","1.586","dataset0079","Missense","The enhanced ATM-mediated anti-cell growth with Cisplatin in MCF10A","ATM-mediated anti-cell growth with Cisplatin","5","Gain-of-function","Uncertain significance","6.1955e-07","NA","CRISPR-Based Genome Editing","Base editing","33606978"
"NM_000051.4(ATM):c.6529C>T (p.Gln2177Ter)","chr11","108321377","C/T","ATM","-0.371","dataset0079","Nonsense","Neutral to the ATM-mediated anti-cell growth with Cisplatin in MCF10A","ATM-mediated anti-cell growth with Cisplatin","5","Functionally normal","Pathogenic/Likely pathogenic","","NA","CRISPR-Based Genome Editing","Base editing","33606978"
"NM_000051.4(ATM):c.6532G>A (p.Ala2178Thr)","chr11","108321380","G/A","ATM","-0.133","dataset0079","Missense","Neutral to the ATM-mediated anti-cell growth with Cisplatin in MCF10A","ATM-mediated anti-cell growth with Cisplatin","5","Functionally normal","","","NA","CRISPR-Based Genome Editing","Base editing","33606978"
"NM_000051.4(ATM):c.6551G>A (p.Ser2184Asn)","chr11","108321399","G/A","ATM","-0.598","dataset0079","Missense","Neutral to the ATM-mediated anti-cell growth with Cisplatin in MCF10A","ATM-mediated anti-cell growth with Cisplatin","5","Functionally normal","","","NA","CRISPR-Based Genome Editing","Base editing","33606978"
"NM_000051.4(ATM):c.6622C>T (p.His2208Tyr)","chr11","108325359","C/T","ATM","-0.428","dataset0079","Missense","Neutral to the ATM-mediated anti-cell growth with Cisplatin in MCF10A","ATM-mediated anti-cell growth with Cisplatin","5","Functionally normal","Uncertain significance","6.22685e-07","NA","CRISPR-Based Genome Editing","Base editing","33606978"
"NM_000051.4(ATM):c.6644G>A (p.Ser2215Asn)","chr11","108325381","G/A","ATM","0.584","dataset0079","Missense","Neutral to the ATM-mediated anti-cell growth with Cisplatin in MCF10A","ATM-mediated anti-cell growth with Cisplatin","5","Functionally normal","","","NA","CRISPR-Based Genome Editing","Base editing","33606978"
"NM_000051.4(ATM):c.6646G>A (p.Asp2216Asn)","chr11","108325383","G/A","ATM","0.584","dataset0079","Missense","Neutral to the ATM-mediated anti-cell growth with Cisplatin in MCF10A","ATM-mediated anti-cell growth with Cisplatin","5","Functionally normal","Uncertain significance","","NA","CRISPR-Based Genome Editing","Base editing","33606978"
"NM_000051.4(ATM):c.6658C>T (p.Gln2220Ter)","chr11","108325395","C/T","ATM","-1.159","dataset0079","Nonsense","The reduced ATM-mediated anti-cell growth with Cisplatin in MCF10A","ATM-mediated anti-cell growth with Cisplatin","5","Loss-of-function","Pathogenic","6.1983e-07","NA","CRISPR-Based Genome Editing","Base editing","33606978"
"NM_000051.4(ATM):c.6674C>T (p.Ala2225Val)","chr11","108325411","C/T","ATM","0.029","dataset0079","Missense","Neutral to the ATM-mediated anti-cell growth with Cisplatin in MCF10A","ATM-mediated anti-cell growth with Cisplatin","5","Functionally normal","Uncertain significance","1.23932e-06","NA","CRISPR-Based Genome Editing","Base editing","33606978"
"NM_000051.4(ATM):c.6679C>T (p.Arg2227Cys)","chr11","108325416","C/T","ATM","0.029","dataset0079","Missense","Neutral to the ATM-mediated anti-cell growth with Cisplatin in MCF10A","ATM-mediated anti-cell growth with Cisplatin","5","Functionally normal","Pathogenic/Likely pathogenic","6.81735e-06","NA","CRISPR-Based Genome Editing","Base editing","33606978"
"NM_000051.4(ATM):c.6680G>A (p.Arg2227His)","chr11","108325417","G/A","ATM","0.342","dataset0079","Missense","Neutral to the ATM-mediated anti-cell growth with Cisplatin in MCF10A","ATM-mediated anti-cell growth with Cisplatin","5","Functionally normal","Uncertain significance","3.09892e-06","NA","CRISPR-Based Genome Editing","Base editing","33606978"
"NM_000051.4(ATM):c.6717G>A (p.Met2239Ile)","chr11","108325454","G/A","ATM","-0.11","dataset0079","Missense","Neutral to the ATM-mediated anti-cell growth with Cisplatin in MCF10A","ATM-mediated anti-cell growth with Cisplatin","5","Functionally normal","Uncertain significance","","NA","CRISPR-Based Genome Editing","Base editing","33606978"
"NM_000051.4(ATM):c.6718G>A (p.Asp2240Asn)","chr11","108325455","G/A","ATM","-0.11","dataset0079","Missense","Neutral to the ATM-mediated anti-cell growth with Cisplatin in MCF10A","ATM-mediated anti-cell growth with Cisplatin","5","Functionally normal","Uncertain significance","","NA","CRISPR-Based Genome Editing","Base editing","33606978"
"NM_000051.4(ATM):c.6725C>T (p.Ser2242Leu)","chr11","108325462","C/T","ATM","-0.153","dataset0079","Missense","Neutral to the ATM-mediated anti-cell growth with Cisplatin in MCF10A","ATM-mediated anti-cell growth with Cisplatin","5","Functionally normal","","6.19676e-07","NA","CRISPR-Based Genome Editing","Base editing","33606978"
"NM_000051.4(ATM):c.6727C>T (p.Gln2243Ter)","chr11","108325464","C/T","ATM","-0.153","dataset0079","Nonsense","Neutral to the ATM-mediated anti-cell growth with Cisplatin in MCF10A","ATM-mediated anti-cell growth with Cisplatin","5","Functionally normal","Pathogenic","","NA","CRISPR-Based Genome Editing","Base editing","33606978"
"NM_000051.4(ATM):c.6791C>T (p.Thr2264Ile)","chr11","108325528","C/T","ATM","-0.411","dataset0079","Missense","Neutral to the ATM-mediated anti-cell growth with Cisplatin in MCF10A","ATM-mediated anti-cell growth with Cisplatin","5","Functionally normal","Uncertain significance","6.23085e-07","NA","CRISPR-Based Genome Editing","Base editing","33606978"
"NM_000051.4(ATM):c.6940C>T (p.Gln2314Ter)","chr11","108326190","C/T","ATM","-0.216","dataset0079","Nonsense","Neutral to the ATM-mediated anti-cell growth with Cisplatin in MCF10A","ATM-mediated anti-cell growth with Cisplatin","5","Functionally normal","","","NA","CRISPR-Based Genome Editing","Base editing","33606978"
"NM_000051.4(ATM):c.6974C>T (p.Ala2325Val)","chr11","108326224","C/T","ATM","-0.608","dataset0079","Missense","Neutral to the ATM-mediated anti-cell growth with Cisplatin in MCF10A","ATM-mediated anti-cell growth with Cisplatin","5","Functionally normal","Conflicting classifications of pathogenicity","1.36354e-05","NA","CRISPR-Based Genome Editing","Base editing","33606978"
"NM_000051.4(ATM):c.6998C>T (p.Thr2333Ile)","chr11","108327667","C/T","ATM","0.094","dataset0079","Missense","Neutral to the ATM-mediated anti-cell growth with Cisplatin in MCF10A","ATM-mediated anti-cell growth with Cisplatin","5","Functionally normal","Conflicting classifications of pathogenicity","4.27574e-05","hnsc:0.2% (1/523):0.330","CRISPR-Based Genome Editing","Base editing","33606978"
"NM_000051.4(ATM):c.7006G>A (p.Glu2336Lys)","chr11","108327675","G/A","ATM","0.345","dataset0079","Missense","Neutral to the ATM-mediated anti-cell growth with Cisplatin in MCF10A","ATM-mediated anti-cell growth with Cisplatin","5","Functionally normal","","","NA","CRISPR-Based Genome Editing","Base editing","33606978"
"NM_000051.4(ATM):c.7043C>T (p.Thr2348Met)","chr11","108327712","C/T","ATM","-0.4","dataset0079","Missense","Neutral to the ATM-mediated anti-cell growth with Cisplatin in MCF10A","ATM-mediated anti-cell growth with Cisplatin","5","Functionally normal","Uncertain significance","1.85872e-06","ucec:0.2% (1/529):0.670","CRISPR-Based Genome Editing","Base editing","33606978"
"NM_000051.4(ATM):c.7072C>T (p.Gln2358Ter)","chr11","108327741","C/T","ATM","-0.596","dataset0079","Nonsense","Neutral to the ATM-mediated anti-cell growth with Cisplatin in MCF10A","ATM-mediated anti-cell growth with Cisplatin","5","Functionally normal","Pathogenic","1.23936e-06","NA","CRISPR-Based Genome Editing","Base editing","33606978"
"NM_000051.4(ATM):c.7091C>T (p.Ala2364Val)","chr11","108329022","C/T","ATM","-0.287","dataset0079","Missense","Neutral to the ATM-mediated anti-cell growth with Cisplatin in MCF10A","ATM-mediated anti-cell growth with Cisplatin","5","Functionally normal","Uncertain significance","","NA","CRISPR-Based Genome Editing","Base editing","33606978"
"NM_000051.4(ATM):c.7103C>T (p.Ala2368Val)","chr11","108329034","C/T","ATM","0.103","dataset0079","Missense","Neutral to the ATM-mediated anti-cell growth with Cisplatin in MCF10A","ATM-mediated anti-cell growth with Cisplatin","5","Functionally normal","Uncertain significance","","NA","CRISPR-Based Genome Editing","Base editing","33606978"
"NM_000051.4(ATM):c.7157C>T (p.Ala2386Val)","chr11","108329088","C/T","ATM","-0.294","dataset0079","Missense","Neutral to the ATM-mediated anti-cell growth with Cisplatin in MCF10A","ATM-mediated anti-cell growth with Cisplatin","5","Functionally normal","","","NA","CRISPR-Based Genome Editing","Base editing","33606978"
"NM_000051.4(ATM):c.7259C>T (p.Ala2420Val)","chr11","108329190","C/T","ATM","-0.591","dataset0079","Missense","Neutral to the ATM-mediated anti-cell growth with Cisplatin in MCF10A","ATM-mediated anti-cell growth with Cisplatin","5","Functionally normal","","","NA","CRISPR-Based Genome Editing","Base editing","33606978"
"NM_000051.4(ATM):c.7264G>A (p.Glu2422Lys)","chr11","108329195","G/A","ATM","0.103","dataset0079","Missense","Neutral to the ATM-mediated anti-cell growth with Cisplatin in MCF10A","ATM-mediated anti-cell growth with Cisplatin","5","Functionally normal","Uncertain significance","1.23924e-06","NA","CRISPR-Based Genome Editing","Base editing","33606978"
"NM_000051.4(ATM):c.7267G>A (p.Glu2423Lys)","chr11","108329198","G/A","ATM","0.103","dataset0079","Missense","Neutral to the ATM-mediated anti-cell growth with Cisplatin in MCF10A","ATM-mediated anti-cell growth with Cisplatin","5","Functionally normal","Uncertain significance","","NA","CRISPR-Based Genome Editing","Base editing","33606978"
"NM_000051.4(ATM):c.7274G>A (p.Gly2425Asp)","chr11","108329205","G/A","ATM","-0.12","dataset0079","Missense","Neutral to the ATM-mediated anti-cell growth with Cisplatin in MCF10A","ATM-mediated anti-cell growth with Cisplatin","5","Functionally normal","Uncertain significance","","NA","CRISPR-Based Genome Editing","Base editing","33606978"
"NM_000051.4(ATM):c.7288C>T (p.His2430Tyr)","chr11","108329219","C/T","ATM","-0.261","dataset0079","Missense","Neutral to the ATM-mediated anti-cell growth with Cisplatin in MCF10A","ATM-mediated anti-cell growth with Cisplatin","5","Functionally normal","Uncertain significance","","NA","CRISPR-Based Genome Editing","Base editing","33606978"
"NM_000051.4(ATM):c.7297C>T (p.Gln2433Ter)","chr11","108329228","C/T","ATM","-0.478","dataset0079","Nonsense","Neutral to the ATM-mediated anti-cell growth with Cisplatin in MCF10A","ATM-mediated anti-cell growth with Cisplatin","5","Functionally normal","Pathogenic","","skcm:0.2% (1/448):0.700;ucec:0.2% (1/529):0.290","CRISPR-Based Genome Editing","Base editing","33606978"
"NM_000051.4(ATM):c.7301C>T (p.Thr2434Ile)","chr11","108329232","C/T","ATM","-0.478","dataset0079","Missense","Neutral to the ATM-mediated anti-cell growth with Cisplatin in MCF10A","ATM-mediated anti-cell growth with Cisplatin","5","Functionally normal","Uncertain significance","","NA","CRISPR-Based Genome Editing","Base editing","33606978"
"NM_000051.4(ATM):c.7324C>T (p.Gln2442Ter)","chr11","108330230","C/T","ATM","-1.458","dataset0079","Nonsense","The reduced ATM-mediated anti-cell growth with Cisplatin in MCF10A","ATM-mediated anti-cell growth with Cisplatin","5","Loss-of-function","","","NA","CRISPR-Based Genome Editing","Base editing","33606978"
"NM_000051.4(ATM):c.7327C>T (p.Arg2443Ter)","chr11","108330233","C/T","ATM","-1.458","dataset0079","Nonsense","The reduced ATM-mediated anti-cell growth with Cisplatin in MCF10A","ATM-mediated anti-cell growth with Cisplatin","5","Loss-of-function","Pathogenic/Likely pathogenic","3.71735e-06","coad:0.2% (1/439):0.360","CRISPR-Based Genome Editing","Base editing","33606978"
"NM_000051.4(ATM):c.7352C>T (p.Ala2451Val)","chr11","108330258","C/T","ATM","0.089","dataset0079","Missense","Neutral to the ATM-mediated anti-cell growth with Cisplatin in MCF10A","ATM-mediated anti-cell growth with Cisplatin","5","Functionally normal","Uncertain significance","0","NA","CRISPR-Based Genome Editing","Base editing","33606978"
"NM_000051.4(ATM):c.7357C>T (p.Arg2453Cys)","chr11","108330263","C/T","ATM","0.089","dataset0079","Missense","Neutral to the ATM-mediated anti-cell growth with Cisplatin in MCF10A","ATM-mediated anti-cell growth with Cisplatin","5","Functionally normal","Uncertain significance","1.6109e-05","NA","CRISPR-Based Genome Editing","Base editing","33606978"
"NM_000051.4(ATM):c.7369G>A (p.Glu2457Lys)","chr11","108330275","G/A","ATM","0.519","dataset0079","Missense","Neutral to the ATM-mediated anti-cell growth with Cisplatin in MCF10A","ATM-mediated anti-cell growth with Cisplatin","5","Functionally normal","","","NA","CRISPR-Based Genome Editing","Base editing","33606978"
"NM_000051.4(ATM):c.7372G>A (p.Asp2458Asn)","chr11","108330278","G/A","ATM","0.519","dataset0079","Missense","Neutral to the ATM-mediated anti-cell growth with Cisplatin in MCF10A","ATM-mediated anti-cell growth with Cisplatin","5","Functionally normal","","","NA","CRISPR-Based Genome Editing","Base editing","33606978"
"NM_000051.4(ATM):c.7456C>T (p.Arg2486Ter)","chr11","108330362","C/T","ATM","-1.359","dataset0079","Nonsense","The reduced ATM-mediated anti-cell growth with Cisplatin in MCF10A","ATM-mediated anti-cell growth with Cisplatin","5","Loss-of-function","Pathogenic/Likely pathogenic","4.33679e-06","NA","CRISPR-Based Genome Editing","Base editing","33606978"
"NM_000051.4(ATM):c.7468C>T (p.Leu2490Phe)","chr11","108330374","C/T","ATM","0.021","dataset0079","Missense","Neutral to the ATM-mediated anti-cell growth with Cisplatin in MCF10A","ATM-mediated anti-cell growth with Cisplatin","5","Functionally normal","Uncertain significance","2.47813e-06","NA","CRISPR-Based Genome Editing","Base editing","33606978"
"NM_000051.4(ATM):c.7472G>A (p.Trp2491Ter)","chr11","108330378","G/A","ATM","-1.108","dataset0079","Nonsense","The reduced ATM-mediated anti-cell growth with Cisplatin in MCF10A","ATM-mediated anti-cell growth with Cisplatin","5","Loss-of-function","","","NA","CRISPR-Based Genome Editing","Base editing","33606978"
"NM_000051.4(ATM):c.7486_7487delinsAA (p.Gly2496Lys)","chr11","108330392","GG/AA","ATM","-1.211","dataset0079","Missense","The reduced ATM-mediated anti-cell growth with Cisplatin in MCF10A","ATM-mediated anti-cell growth with Cisplatin","5","Loss-of-function","","","NA","CRISPR-Based Genome Editing","Base editing","33606978"
"NM_000051.4(ATM):c.7486G>A (p.Gly2496Arg)","chr11","108330392","G/A","ATM","-0.865","dataset0079","Missense","Neutral to the ATM-mediated anti-cell growth with Cisplatin in MCF10A","ATM-mediated anti-cell growth with Cisplatin","5","Functionally normal","Uncertain significance","","NA","CRISPR-Based Genome Editing","Base editing","33606978"
"NM_000051.4(ATM):c.7487G>A (p.Gly2496Glu)","chr11","108330393","G/A","ATM","-1.211","dataset0079","Missense","The reduced ATM-mediated anti-cell growth with Cisplatin in MCF10A","ATM-mediated anti-cell growth with Cisplatin","5","Loss-of-function","Conflicting classifications of pathogenicity","6.19543e-07","NA","CRISPR-Based Genome Editing","Base editing","33606978"
"NM_000051.4(ATM):c.7552_7553delinsTT (p.Pro2518Phe)","chr11","108331480","CC/TT","ATM","0.453","dataset0079","Missense","Neutral to the ATM-mediated anti-cell growth with Cisplatin in MCF10A","ATM-mediated anti-cell growth with Cisplatin","5","Functionally normal","","","NA","CRISPR-Based Genome Editing","Base editing","33606978"
"NM_000051.4(ATM):c.7552C>T (p.Pro2518Ser)","chr11","108331480","C/T","ATM","0.453","dataset0079","Missense","Neutral to the ATM-mediated anti-cell growth with Cisplatin in MCF10A","ATM-mediated anti-cell growth with Cisplatin","5","Functionally normal","Uncertain significance","2.97644e-05","NA","CRISPR-Based Genome Editing","Base editing","33606978"
"NM_000051.4(ATM):c.7553C>T (p.Pro2518Leu)","chr11","108331481","C/T","ATM","0.453","dataset0079","Missense","Neutral to the ATM-mediated anti-cell growth with Cisplatin in MCF10A","ATM-mediated anti-cell growth with Cisplatin","5","Functionally normal","Uncertain significance","1.24014e-06","NA","CRISPR-Based Genome Editing","Base editing","33606978"
"NM_000051.4(ATM):c.7555C>T (p.Leu2519Phe)","chr11","108331483","C/T","ATM","0.453","dataset0079","Missense","Neutral to the ATM-mediated anti-cell growth with Cisplatin in MCF10A","ATM-mediated anti-cell growth with Cisplatin","5","Functionally normal","","","NA","CRISPR-Based Genome Editing","Base editing","33606978"
"NM_000051.4(ATM):c.7564C>T (p.Gln2522Ter)","chr11","108331492","C/T","ATM","0.053","dataset0079","Nonsense","Neutral to the ATM-mediated anti-cell growth with Cisplatin in MCF10A","ATM-mediated anti-cell growth with Cisplatin","5","Functionally normal","Pathogenic","","NA","CRISPR-Based Genome Editing","Base editing","33606978"
"NM_000051.4(ATM):c.7570G>A (p.Ala2524Thr)","chr11","108331498","G/A","ATM","-0.702","dataset0079","Missense","Neutral to the ATM-mediated anti-cell growth with Cisplatin in MCF10A","ATM-mediated anti-cell growth with Cisplatin","5","Functionally normal","Uncertain significance","0","NA","CRISPR-Based Genome Editing","Base editing","33606978"
"NM_000051.4(ATM):c.7581G>A (p.Met2527Ile)","chr11","108331509","G/A","ATM","-0.008","dataset0079","Missense","Neutral to the ATM-mediated anti-cell growth with Cisplatin in MCF10A","ATM-mediated anti-cell growth with Cisplatin","5","Functionally normal","Uncertain significance","","NA","CRISPR-Based Genome Editing","Base editing","33606978"
"NM_000051.4(ATM):c.7582_7583delinsAA (p.Gly2528Lys)","chr11","108331510","GG/AA","ATM","-0.008","dataset0079","Missense","Neutral to the ATM-mediated anti-cell growth with Cisplatin in MCF10A","ATM-mediated anti-cell growth with Cisplatin","5","Functionally normal","","","NA","CRISPR-Based Genome Editing","Base editing","33606978"
"NM_000051.4(ATM):c.7582G>A (p.Gly2528Arg)","chr11","108331510","G/A","ATM","-0.008","dataset0079","Missense","Neutral to the ATM-mediated anti-cell growth with Cisplatin in MCF10A","ATM-mediated anti-cell growth with Cisplatin","5","Functionally normal","","","NA","CRISPR-Based Genome Editing","Base editing","33606978"
"NM_000051.4(ATM):c.7583G>A (p.Gly2528Glu)","chr11","108331511","G/A","ATM","-0.008","dataset0079","Missense","Neutral to the ATM-mediated anti-cell growth with Cisplatin in MCF10A","ATM-mediated anti-cell growth with Cisplatin","5","Functionally normal","","","NA","CRISPR-Based Genome Editing","Base editing","33606978"
"NM_000051.4(ATM):c.7586C>T (p.Thr2529Ile)","chr11","108331514","C/T","ATM","0.317","dataset0079","Missense","Neutral to the ATM-mediated anti-cell growth with Cisplatin in MCF10A","ATM-mediated anti-cell growth with Cisplatin","5","Functionally normal","Uncertain significance","","NA","CRISPR-Based Genome Editing","Base editing","33606978"
"NM_000051.4(ATM):c.7601G>A (p.Gly2534Asp)","chr11","108331529","G/A","ATM","0.465","dataset0079","Missense","Neutral to the ATM-mediated anti-cell growth with Cisplatin in MCF10A","ATM-mediated anti-cell growth with Cisplatin","5","Functionally normal","","6.20476e-07","NA","CRISPR-Based Genome Editing","Base editing","33606978"
"NM_000051.4(ATM):c.7606G>A (p.Gly2536Arg)","chr11","108331534","G/A","ATM","0.465","dataset0079","Missense","Neutral to the ATM-mediated anti-cell growth with Cisplatin in MCF10A","ATM-mediated anti-cell growth with Cisplatin","5","Functionally normal","","","NA","CRISPR-Based Genome Editing","Base editing","33606978"
"NM_000051.4(ATM):c.7618G>A (p.Val2540Ile)","chr11","108331546","G/A","ATM","0.005","dataset0079","Missense","Neutral to the ATM-mediated anti-cell growth with Cisplatin in MCF10A","ATM-mediated anti-cell growth with Cisplatin","5","Functionally normal","Conflicting classifications of pathogenicity","8.49916e-05","NA","CRISPR-Based Genome Editing","Base editing","33606978"
"NM_000051.4(ATM):c.7667C>T (p.Thr2556Ile)","chr11","108331916","C/T","ATM","-0.43","dataset0079","Missense","Neutral to the ATM-mediated anti-cell growth with Cisplatin in MCF10A","ATM-mediated anti-cell growth with Cisplatin","5","Functionally normal","","6.196e-07","NA","CRISPR-Based Genome Editing","Base editing","33606978"
"NM_000051.4(ATM):c.7703G>A (p.Arg2568Lys)","chr11","108331952","G/A","ATM","0.072","dataset0079","Missense","Neutral to the ATM-mediated anti-cell growth with Cisplatin in MCF10A","ATM-mediated anti-cell growth with Cisplatin","5","Functionally normal","Uncertain significance","","NA","CRISPR-Based Genome Editing","Base editing","33606978"
"NM_000051.4(ATM):c.7705G>A (p.Asp2569Asn)","chr11","108331954","G/A","ATM","0.072","dataset0079","Missense","Neutral to the ATM-mediated anti-cell growth with Cisplatin in MCF10A","ATM-mediated anti-cell growth with Cisplatin","5","Functionally normal","Uncertain significance","6.19573e-07","NA","CRISPR-Based Genome Editing","Base editing","33606978"
"NM_000051.4(ATM):c.7739G>A (p.Arg2580Lys)","chr11","108331988","G/A","ATM","-0.425","dataset0079","Missense","Neutral to the ATM-mediated anti-cell growth with Cisplatin in MCF10A","ATM-mediated anti-cell growth with Cisplatin","5","Functionally normal","Conflicting classifications of pathogenicity","2.47826e-06","NA","CRISPR-Based Genome Editing","Base editing","33606978"
"NM_000051.4(ATM):c.7742G>A (p.Ser2581Asn)","chr11","108331991","G/A","ATM","-0.425","dataset0079","Missense","Neutral to the ATM-mediated anti-cell growth with Cisplatin in MCF10A","ATM-mediated anti-cell growth with Cisplatin","5","Functionally normal","Uncertain significance","","NA","CRISPR-Based Genome Editing","Base editing","33606978"
"NM_000051.4(ATM):c.7856G>A (p.Ser2619Asn)","chr11","108332829","G/A","ATM","-0.179","dataset0079","Missense","Neutral to the ATM-mediated anti-cell growth with Cisplatin in MCF10A","ATM-mediated anti-cell growth with Cisplatin","5","Functionally normal","","","NA","CRISPR-Based Genome Editing","Base editing","33606978"
"NM_000051.4(ATM):c.7858G>A (p.Val2620Ile)","chr11","108332831","G/A","ATM","-0.179","dataset0079","Missense","Neutral to the ATM-mediated anti-cell growth with Cisplatin in MCF10A","ATM-mediated anti-cell growth with Cisplatin","5","Functionally normal","","","NA","CRISPR-Based Genome Editing","Base editing","33606978"
"NM_000051.4(ATM):c.7993_7994delinsTT (p.Pro2665Phe)","chr11","108333951","CC/TT","ATM","-0.158","dataset0079","Missense","Neutral to the ATM-mediated anti-cell growth with Cisplatin in MCF10A","ATM-mediated anti-cell growth with Cisplatin","5","Functionally normal","","","NA","CRISPR-Based Genome Editing","Base editing","33606978"
"NM_000051.4(ATM):c.7993C>T (p.Pro2665Ser)","chr11","108333951","C/T","ATM","-0.158","dataset0079","Missense","Neutral to the ATM-mediated anti-cell growth with Cisplatin in MCF10A","ATM-mediated anti-cell growth with Cisplatin","5","Functionally normal","","","NA","CRISPR-Based Genome Editing","Base editing","33606978"
"NM_000051.4(ATM):c.7994C>T (p.Pro2665Leu)","chr11","108333952","C/T","ATM","-0.158","dataset0079","Missense","Neutral to the ATM-mediated anti-cell growth with Cisplatin in MCF10A","ATM-mediated anti-cell growth with Cisplatin","5","Functionally normal","Uncertain significance","","NA","CRISPR-Based Genome Editing","Base editing","33606978"
"NM_000051.4(ATM):c.8017C>T (p.His2673Tyr)","chr11","108334975","C/T","ATM","-0.192","dataset0079","Missense","Neutral to the ATM-mediated anti-cell growth with Cisplatin in MCF10A","ATM-mediated anti-cell growth with Cisplatin","5","Functionally normal","Uncertain significance","","NA","CRISPR-Based Genome Editing","Base editing","33606978"
"NM_000051.4(ATM):c.8021C>T (p.Thr2674Ile)","chr11","108334979","C/T","ATM","-0.446","dataset0079","Missense","Neutral to the ATM-mediated anti-cell growth with Cisplatin in MCF10A","ATM-mediated anti-cell growth with Cisplatin","5","Functionally normal","Uncertain significance","","NA","CRISPR-Based Genome Editing","Base editing","33606978"
"NM_000051.4(ATM):c.8032_8033delinsAA (p.Gly2678Lys)","chr11","108334990","GG/AA","ATM","-0.314","dataset0079","Missense","Neutral to the ATM-mediated anti-cell growth with Cisplatin in MCF10A","ATM-mediated anti-cell growth with Cisplatin","5","Functionally normal","","","NA","CRISPR-Based Genome Editing","Base editing","33606978"
"NM_000051.4(ATM):c.8032G>A (p.Gly2678Arg)","chr11","108334990","G/A","ATM","-0.314","dataset0079","Missense","Neutral to the ATM-mediated anti-cell growth with Cisplatin in MCF10A","ATM-mediated anti-cell growth with Cisplatin","5","Functionally normal","Conflicting classifications of pathogenicity","4.95814e-06","NA","CRISPR-Based Genome Editing","Base editing","33606978"
"NM_000051.4(ATM):c.8033G>A (p.Gly2678Glu)","chr11","108334991","G/A","ATM","-0.314","dataset0079","Missense","Neutral to the ATM-mediated anti-cell growth with Cisplatin in MCF10A","ATM-mediated anti-cell growth with Cisplatin","5","Functionally normal","Likely benign","","NA","CRISPR-Based Genome Editing","Base editing","33606978"
"NM_000051.4(ATM):c.8063C>T (p.Ala2688Val)","chr11","108335021","C/T","ATM","0.061","dataset0079","Missense","Neutral to the ATM-mediated anti-cell growth with Cisplatin in MCF10A","ATM-mediated anti-cell growth with Cisplatin","5","Functionally normal","Uncertain significance","1.23926e-06","NA","CRISPR-Based Genome Editing","Base editing","33606978"
"NM_000051.4(ATM):c.8111G>A (p.Cys2704Tyr)","chr11","108335069","G/A","ATM","-0.143","dataset0079","Missense","Neutral to the ATM-mediated anti-cell growth with Cisplatin in MCF10A","ATM-mediated anti-cell growth with Cisplatin","5","Functionally normal","Uncertain significance","1.23907e-06","NA","CRISPR-Based Genome Editing","Base editing","33606978"
"NM_000051.4(ATM):c.8113G>A (p.Val2705Ile)","chr11","108335071","G/A","ATM","-0.143","dataset0079","Missense","Neutral to the ATM-mediated anti-cell growth with Cisplatin in MCF10A","ATM-mediated anti-cell growth with Cisplatin","5","Functionally normal","Conflicting classifications of pathogenicity","9.91328e-06","NA","CRISPR-Based Genome Editing","Base editing","33606978"
"NM_000051.4(ATM):c.8120C>T (p.Ser2707Phe)","chr11","108335078","C/T","ATM","-2.239","dataset0079","Missense","The reduced ATM-mediated anti-cell growth with Cisplatin in MCF10A","ATM-mediated anti-cell growth with Cisplatin","5","Loss-of-function","Uncertain significance","","NA","CRISPR-Based Genome Editing","Base editing","33606978"
"NM_000051.4(ATM):c.8135G>A (p.Arg2712Lys)","chr11","108335093","G/A","ATM","-1.243","dataset0079","Missense","The reduced ATM-mediated anti-cell growth with Cisplatin in MCF10A","ATM-mediated anti-cell growth with Cisplatin","5","Loss-of-function","Uncertain significance","","NA","CRISPR-Based Genome Editing","Base editing","33606978"
"NM_000051.4(ATM):c.8138G>A (p.Arg2713Lys)","chr11","108335096","G/A","ATM","-1.243","dataset0079","Missense","The reduced ATM-mediated anti-cell growth with Cisplatin in MCF10A","ATM-mediated anti-cell growth with Cisplatin","5","Loss-of-function","Uncertain significance","6.19556e-07","blca:0.5% (2/411):0.315","CRISPR-Based Genome Editing","Base editing","33606978"
"NM_000051.4(ATM):c.8173G>A (p.Asp2725Asn)","chr11","108335866","G/A","ATM","-0.366","dataset0079","Missense","Neutral to the ATM-mediated anti-cell growth with Cisplatin in MCF10A","ATM-mediated anti-cell growth with Cisplatin","5","Functionally normal","Uncertain significance","","NA","CRISPR-Based Genome Editing","Base editing","33606978"
"NM_000051.4(ATM):c.8179G>A (p.Val2727Ile)","chr11","108335872","G/A","ATM","0.145","dataset0079","Missense","Neutral to the ATM-mediated anti-cell growth with Cisplatin in MCF10A","ATM-mediated anti-cell growth with Cisplatin","5","Functionally normal","","","NA","CRISPR-Based Genome Editing","Base editing","33606978"
"NM_000051.4(ATM):c.8210C>T (p.Thr2737Ile)","chr11","108335903","C/T","ATM","-0.548","dataset0079","Missense","Neutral to the ATM-mediated anti-cell growth with Cisplatin in MCF10A","ATM-mediated anti-cell growth with Cisplatin","5","Functionally normal","Uncertain significance","","ucec:0.2% (1/529):0.270","CRISPR-Based Genome Editing","Base editing","33606978"
"NM_000051.4(ATM):c.8218C>T (p.Gln2740Ter)","chr11","108335911","C/T","ATM","-0.211","dataset0079","Nonsense","Neutral to the ATM-mediated anti-cell growth with Cisplatin in MCF10A","ATM-mediated anti-cell growth with Cisplatin","5","Functionally normal","Pathogenic","","NA","CRISPR-Based Genome Editing","Base editing","33606978"
"NM_000051.4(ATM):c.8228C>T (p.Thr2743Met)","chr11","108335921","C/T","ATM","-0.889","dataset0079","Missense","Neutral to the ATM-mediated anti-cell growth with Cisplatin in MCF10A","ATM-mediated anti-cell growth with Cisplatin","5","Functionally normal","Uncertain significance","1.2394e-05","coad:0.2% (1/439):0.220","CRISPR-Based Genome Editing","Base editing","33606978"
"NM_000051.4(ATM):c.8252C>T (p.Thr2751Ile)","chr11","108335945","C/T","ATM","-0.466","dataset0079","Missense","Neutral to the ATM-mediated anti-cell growth with Cisplatin in MCF10A","ATM-mediated anti-cell growth with Cisplatin","5","Functionally normal","Uncertain significance","6.21372e-07","NA","CRISPR-Based Genome Editing","Base editing","33606978"
"NM_000051.4(ATM):c.8275_8276delinsTT (p.Pro2759Phe)","chr11","108343228","CC/TT","ATM","-1.265","dataset0079","Missense","The reduced ATM-mediated anti-cell growth with Cisplatin in MCF10A","ATM-mediated anti-cell growth with Cisplatin","5","Loss-of-function","","","NA","CRISPR-Based Genome Editing","Base editing","33606978"
"NM_000051.4(ATM):c.8275C>T (p.Pro2759Ser)","chr11","108343228","C/T","ATM","-1.265","dataset0079","Missense","The reduced ATM-mediated anti-cell growth with Cisplatin in MCF10A","ATM-mediated anti-cell growth with Cisplatin","5","Loss-of-function","Uncertain significance","1.85899e-06","skcm:0.2% (1/448):0.380","CRISPR-Based Genome Editing","Base editing","33606978"
"NM_000051.4(ATM):c.8276C>T (p.Pro2759Leu)","chr11","108343229","C/T","ATM","-1.265","dataset0079","Missense","The reduced ATM-mediated anti-cell growth with Cisplatin in MCF10A","ATM-mediated anti-cell growth with Cisplatin","5","Loss-of-function","Uncertain significance","","NA","CRISPR-Based Genome Editing","Base editing","33606978"
"NM_000051.4(ATM):c.8278C>T (p.Leu2760Phe)","chr11","108343231","C/T","ATM","-1.265","dataset0079","Missense","The reduced ATM-mediated anti-cell growth with Cisplatin in MCF10A","ATM-mediated anti-cell growth with Cisplatin","5","Loss-of-function","Uncertain significance","1.85883e-06","NA","CRISPR-Based Genome Editing","Base editing","33606978"
"NM_000051.4(ATM):c.8287C>T (p.Arg2763Ter)","chr11","108343240","C/T","ATM","0.258","dataset0079","Nonsense","Neutral to the ATM-mediated anti-cell growth with Cisplatin in MCF10A","ATM-mediated anti-cell growth with Cisplatin","5","Functionally normal","Pathogenic","2.47868e-06","stad:0.2% (1/440):0.220;ucec:0.2% (1/529):0.210","CRISPR-Based Genome Editing","Base editing","33606978"
"NM_000051.4(ATM):c.8291G>A (p.Ser2764Asn)","chr11","108343244","G/A","ATM","-1.799","dataset0079","Missense","The reduced ATM-mediated anti-cell growth with Cisplatin in MCF10A","ATM-mediated anti-cell growth with Cisplatin","5","Loss-of-function","","","NA","CRISPR-Based Genome Editing","Base editing","33606978"
"NM_000051.4(ATM):c.8293_8294delinsAA (p.Gly2765Asn)","chr11","108343246","GG/AA","ATM","-1.67","dataset0079","Missense","The reduced ATM-mediated anti-cell growth with Cisplatin in MCF10A","ATM-mediated anti-cell growth with Cisplatin","5","Loss-of-function","","","NA","CRISPR-Based Genome Editing","Base editing","33606978"
"NM_000051.4(ATM):c.8293G>A (p.Gly2765Ser)","chr11","108343246","G/A","ATM","-1.67","dataset0079","Missense","The reduced ATM-mediated anti-cell growth with Cisplatin in MCF10A","ATM-mediated anti-cell growth with Cisplatin","5","Loss-of-function","Pathogenic/Likely pathogenic","4.33716e-06","kirp:0.4% (1/283):0.060","CRISPR-Based Genome Editing","Base editing","33606978"
"NM_000051.4(ATM):c.8294G>A (p.Gly2765Asp)","chr11","108343247","G/A","ATM","-1.67","dataset0079","Missense","The reduced ATM-mediated anti-cell growth with Cisplatin in MCF10A","ATM-mediated anti-cell growth with Cisplatin","5","Loss-of-function","Conflicting classifications of pathogenicity","6.19586e-07","NA","CRISPR-Based Genome Editing","Base editing","33606978"
"NM_000051.4(ATM):c.8296G>A (p.Val2766Ile)","chr11","108343249","G/A","ATM","-1.554","dataset0079","Missense","The reduced ATM-mediated anti-cell growth with Cisplatin in MCF10A","ATM-mediated anti-cell growth with Cisplatin","5","Loss-of-function","Uncertain significance","6.19576e-07","NA","CRISPR-Based Genome Editing","Base editing","33606978"
"NM_000051.4(ATM):c.8299C>T (p.Leu2767Phe)","chr11","108343252","C/T","ATM","-0.161","dataset0079","Missense","Neutral to the ATM-mediated anti-cell growth with Cisplatin in MCF10A","ATM-mediated anti-cell growth with Cisplatin","5","Functionally normal","Uncertain significance","","NA","CRISPR-Based Genome Editing","Base editing","33606978"
"NM_000051.4(ATM):c.8312C>T (p.Thr2771Ile)","chr11","108343265","C/T","ATM","-0.5","dataset0079","Missense","Neutral to the ATM-mediated anti-cell growth with Cisplatin in MCF10A","ATM-mediated anti-cell growth with Cisplatin","5","Functionally normal","Uncertain significance","2.47839e-06","NA","CRISPR-Based Genome Editing","Base editing","33606978"
"NM_000051.4(ATM):c.8338C>T (p.Leu2780Phe)","chr11","108343291","C/T","ATM","-0.669","dataset0079","Missense","Neutral to the ATM-mediated anti-cell growth with Cisplatin in MCF10A","ATM-mediated anti-cell growth with Cisplatin","5","Functionally normal","","","NA","CRISPR-Based Genome Editing","Base editing","33606978"
"NM_000051.4(ATM):c.8341G>A (p.Val2781Ile)","chr11","108343294","G/A","ATM","0.108","dataset0079","Missense","Neutral to the ATM-mediated anti-cell growth with Cisplatin in MCF10A","ATM-mediated anti-cell growth with Cisplatin","5","Functionally normal","","","NA","CRISPR-Based Genome Editing","Base editing","33606978"
"NM_000051.4(ATM):c.8392G>A (p.Ala2798Thr)","chr11","108343345","G/A","ATM","-0.511","dataset0079","Missense","Neutral to the ATM-mediated anti-cell growth with Cisplatin in MCF10A","ATM-mediated anti-cell growth with Cisplatin","5","Functionally normal","","","NA","CRISPR-Based Genome Editing","Base editing","33606978"
"NM_000051.4(ATM):c.8404C>T (p.Gln2802Ter)","chr11","108343357","C/T","ATM","-0.729","dataset0079","Nonsense","Neutral to the ATM-mediated anti-cell growth with Cisplatin in MCF10A","ATM-mediated anti-cell growth with Cisplatin","5","Functionally normal","","","NA","CRISPR-Based Genome Editing","Base editing","33606978"
"NM_000051.4(ATM):c.8418G>A (p.Met2806Ile)","chr11","108343371","G/A","ATM","-0.21","dataset0079","Missense","Neutral to the ATM-mediated anti-cell growth with Cisplatin in MCF10A","ATM-mediated anti-cell growth with Cisplatin","5","Functionally normal","Conflicting classifications of pathogenicity","","NA","CRISPR-Based Genome Editing","Base editing","33606978"
"NM_000051.4(ATM):c.8488G>A (p.Val2830Ile)","chr11","108345812","G/A","ATM","-0.689","dataset0079","Missense","Neutral to the ATM-mediated anti-cell growth with Cisplatin in MCF10A","ATM-mediated anti-cell growth with Cisplatin","5","Functionally normal","","","NA","CRISPR-Based Genome Editing","Base editing","33606978"
"NM_000051.4(ATM):c.8494C>T (p.Arg2832Cys)","chr11","108345818","C/T","ATM","-0.379","dataset0079","Missense","Neutral to the ATM-mediated anti-cell growth with Cisplatin in MCF10A","ATM-mediated anti-cell growth with Cisplatin","5","Functionally normal","Likely pathogenic","1.85912e-05","luad:0.2% (1/566):0.240;stad:0.2% (1/440):0.200;ucec:0.2% (1/529):0.350","CRISPR-Based Genome Editing","Base editing","33606978"
"NM_000051.4(ATM):c.8504G>A (p.Cys2835Tyr)","chr11","108345828","G/A","ATM","0.514","dataset0079","Missense","Neutral to the ATM-mediated anti-cell growth with Cisplatin in MCF10A","ATM-mediated anti-cell growth with Cisplatin","5","Functionally normal","Uncertain significance","6.19644e-07","NA","CRISPR-Based Genome Editing","Base editing","33606978"
"NM_000051.4(ATM):c.8508G>A (p.Met2836Ile)","chr11","108345832","G/A","ATM","-0.472","dataset0079","Missense","Neutral to the ATM-mediated anti-cell growth with Cisplatin in MCF10A","ATM-mediated anti-cell growth with Cisplatin","5","Functionally normal","Uncertain significance","6.19629e-07","NA","CRISPR-Based Genome Editing","Base editing","33606978"
"NM_000051.4(ATM):c.8509G>A (p.Glu2837Lys)","chr11","108345833","G/A","ATM","-0.472","dataset0079","Missense","Neutral to the ATM-mediated anti-cell growth with Cisplatin in MCF10A","ATM-mediated anti-cell growth with Cisplatin","5","Functionally normal","","","NA","CRISPR-Based Genome Editing","Base editing","33606978"
"NM_000051.4(ATM):c.8539G>A (p.Glu2847Lys)","chr11","108345863","G/A","ATM","-0.078","dataset0079","Missense","Neutral to the ATM-mediated anti-cell growth with Cisplatin in MCF10A","ATM-mediated anti-cell growth with Cisplatin","5","Functionally normal","Uncertain significance","","NA","CRISPR-Based Genome Editing","Base editing","33606978"
"NM_000051.4(ATM):c.8570C>T (p.Ala2857Val)","chr11","108345894","C/T","ATM","-0.347","dataset0079","Missense","Neutral to the ATM-mediated anti-cell growth with Cisplatin in MCF10A","ATM-mediated anti-cell growth with Cisplatin","5","Functionally normal","","","NA","CRISPR-Based Genome Editing","Base editing","33606978"
"NM_000051.4(ATM):c.8599_8600delinsAA (p.Gly2867Lys)","chr11","108347293","GG/AA","ATM","-1.191","dataset0079","Missense","The reduced ATM-mediated anti-cell growth with Cisplatin in MCF10A","ATM-mediated anti-cell growth with Cisplatin","5","Loss-of-function","","","NA","CRISPR-Based Genome Editing","Base editing","33606978"
"NM_000051.4(ATM):c.8599G>A (p.Gly2867Arg)","chr11","108347293","G/A","ATM","-1.191","dataset0079","Missense","The reduced ATM-mediated anti-cell growth with Cisplatin in MCF10A","ATM-mediated anti-cell growth with Cisplatin","5","Loss-of-function","","1.24224e-06","NA","CRISPR-Based Genome Editing","Base editing","33606978"
"NM_000051.4(ATM):c.8600G>A (p.Gly2867Glu)","chr11","108347294","G/A","ATM","-1.191","dataset0079","Missense","The reduced ATM-mediated anti-cell growth with Cisplatin in MCF10A","ATM-mediated anti-cell growth with Cisplatin","5","Loss-of-function","Uncertain significance","","NA","CRISPR-Based Genome Editing","Base editing","33606978"
"NM_000051.4(ATM):c.8653C>T (p.Leu2885Phe)","chr11","108347347","C/T","ATM","0.005","dataset0079","Missense","Neutral to the ATM-mediated anti-cell growth with Cisplatin in MCF10A","ATM-mediated anti-cell growth with Cisplatin","5","Functionally normal","Uncertain significance","1.24541e-06","NA","CRISPR-Based Genome Editing","Base editing","33606978"
"NM_000051.4(ATM):c.8716G>A (p.Val2906Ile)","chr11","108353810","G/A","ATM","-0.917","dataset0079","Missense","The reduced ATM-mediated anti-cell growth with Cisplatin in MCF10A","ATM-mediated anti-cell growth with Cisplatin","5","Loss-of-function","Uncertain significance","8.67421e-06","NA","CRISPR-Based Genome Editing","Base editing","33606978"
"NM_000051.4(ATM):c.8726G>A (p.Arg2909Lys)","chr11","108353820","G/A","ATM","-1.841","dataset0079","Missense","The reduced ATM-mediated anti-cell growth with Cisplatin in MCF10A","ATM-mediated anti-cell growth with Cisplatin","5","Loss-of-function","Uncertain significance","6.19566e-07","NA","CRISPR-Based Genome Editing","Base editing","33606978"
"NM_000051.4(ATM):c.8728C>T (p.Leu2910Phe)","chr11","108353822","C/T","ATM","-0.117","dataset0079","Missense","Neutral to the ATM-mediated anti-cell growth with Cisplatin in MCF10A","ATM-mediated anti-cell growth with Cisplatin","5","Functionally normal","Uncertain significance","6.19553e-07","NA","CRISPR-Based Genome Editing","Base editing","33606978"
"NM_000051.4(ATM):c.8732C>T (p.Thr2911Ile)","chr11","108353826","C/T","ATM","-2.138","dataset0079","Missense","The reduced ATM-mediated anti-cell growth with Cisplatin in MCF10A","ATM-mediated anti-cell growth with Cisplatin","5","Loss-of-function","Conflicting classifications of pathogenicity","","NA","CRISPR-Based Genome Editing","Base editing","33606978"
"NM_000051.4(ATM):c.8735G>A (p.Arg2912Lys)","chr11","108353829","G/A","ATM","0.106","dataset0079","Missense","Neutral to the ATM-mediated anti-cell growth with Cisplatin in MCF10A","ATM-mediated anti-cell growth with Cisplatin","5","Functionally normal","","6.19546e-07","NA","CRISPR-Based Genome Editing","Base editing","33606978"
"NM_000051.4(ATM):c.8737G>A (p.Asp2913Asn)","chr11","108353831","G/A","ATM","0.106","dataset0079","Missense","Neutral to the ATM-mediated anti-cell growth with Cisplatin in MCF10A","ATM-mediated anti-cell growth with Cisplatin","5","Functionally normal","","","NA","CRISPR-Based Genome Editing","Base editing","33606978"
"NM_000051.4(ATM):c.8749_8750delinsAA (p.Gly2917Asn)","chr11","108353843","GG/AA","ATM","0.044","dataset0079","Missense","Neutral to the ATM-mediated anti-cell growth with Cisplatin in MCF10A","ATM-mediated anti-cell growth with Cisplatin","5","Functionally normal","","","NA","CRISPR-Based Genome Editing","Base editing","33606978"
"NM_000051.4(ATM):c.8749G>A (p.Gly2917Ser)","chr11","108353843","G/A","ATM","0.044","dataset0079","Missense","Neutral to the ATM-mediated anti-cell growth with Cisplatin in MCF10A","ATM-mediated anti-cell growth with Cisplatin","5","Functionally normal","Uncertain significance","","NA","CRISPR-Based Genome Editing","Base editing","33606978"
"NM_000051.4(ATM):c.8750G>A (p.Gly2917Asp)","chr11","108353844","G/A","ATM","0.044","dataset0079","Missense","Neutral to the ATM-mediated anti-cell growth with Cisplatin in MCF10A","ATM-mediated anti-cell growth with Cisplatin","5","Functionally normal","Uncertain significance","","NA","CRISPR-Based Genome Editing","Base editing","33606978"
"NM_000051.4(ATM):c.8816G>A (p.Arg2939Lys)","chr11","108354840","G/A","ATM","0.571","dataset0079","Missense","Neutral to the ATM-mediated anti-cell growth with Cisplatin in MCF10A","ATM-mediated anti-cell growth with Cisplatin","5","Functionally normal","","","NA","CRISPR-Based Genome Editing","Base editing","33606978"
"NM_000051.4(ATM):c.8831C>T (p.Thr2944Ile)","chr11","108354855","C/T","ATM","-0.324","dataset0079","Missense","Neutral to the ATM-mediated anti-cell growth with Cisplatin in MCF10A","ATM-mediated anti-cell growth with Cisplatin","5","Functionally normal","Uncertain significance","","NA","CRISPR-Based Genome Editing","Base editing","33606978"
"NM_000051.4(ATM):c.8886G>A (p.Met2962Ile)","chr11","108365117","G/A","ATM","-0.079","dataset0079","Missense","Neutral to the ATM-mediated anti-cell growth with Cisplatin in MCF10A","ATM-mediated anti-cell growth with Cisplatin","5","Functionally normal","Uncertain significance","","NA","CRISPR-Based Genome Editing","Base editing","33606978"
"NM_000051.4(ATM):c.8899G>A (p.Ala2967Thr)","chr11","108365130","G/A","ATM","-0.442","dataset0079","Missense","Neutral to the ATM-mediated anti-cell growth with Cisplatin in MCF10A","ATM-mediated anti-cell growth with Cisplatin","5","Functionally normal","","","NA","CRISPR-Based Genome Editing","Base editing","33606978"
"NM_000051.4(ATM):c.8900C>T (p.Ala2967Val)","chr11","108365131","C/T","ATM","-0.051","dataset0079","Missense","Neutral to the ATM-mediated anti-cell growth with Cisplatin in MCF10A","ATM-mediated anti-cell growth with Cisplatin","5","Functionally normal","Uncertain significance","","NA","CRISPR-Based Genome Editing","Base editing","33606978"
"NM_000051.4(ATM):c.8935G>A (p.Glu2979Lys)","chr11","108365166","G/A","ATM","1.016","dataset0079","Missense","The enhanced ATM-mediated anti-cell growth with Cisplatin in MCF10A","ATM-mediated anti-cell growth with Cisplatin","5","Gain-of-function","","","NA","CRISPR-Based Genome Editing","Base editing","33606978"
"NM_000051.4(ATM):c.8959G>A (p.Asp2987Asn)","chr11","108365190","G/A","ATM","0.072","dataset0079","Missense","Neutral to the ATM-mediated anti-cell growth with Cisplatin in MCF10A","ATM-mediated anti-cell growth with Cisplatin","5","Functionally normal","","6.19496e-07","NA","CRISPR-Based Genome Editing","Base editing","33606978"
"NM_000051.4(ATM):c.8962G>A (p.Asp2988Asn)","chr11","108365193","G/A","ATM","0.072","dataset0079","Missense","Neutral to the ATM-mediated anti-cell growth with Cisplatin in MCF10A","ATM-mediated anti-cell growth with Cisplatin","5","Functionally normal","Uncertain significance","6.195e-07","hnsc:0.2% (1/523):0.070","CRISPR-Based Genome Editing","Base editing","33606978"
"NM_000051.4(ATM):c.9002G>A (p.Ser3001Asn)","chr11","108365339","G/A","ATM","-0.189","dataset0079","Missense","Neutral to the ATM-mediated anti-cell growth with Cisplatin in MCF10A","ATM-mediated anti-cell growth with Cisplatin","5","Functionally normal","Conflicting classifications of pathogenicity","6.19496e-06","NA","CRISPR-Based Genome Editing","Base editing","33606978"
"NM_000051.4(ATM):c.9013G>A (p.Val3005Ile)","chr11","108365350","G/A","ATM","0.254","dataset0079","Missense","Neutral to the ATM-mediated anti-cell growth with Cisplatin in MCF10A","ATM-mediated anti-cell growth with Cisplatin","5","Functionally normal","Likely benign","","NA","CRISPR-Based Genome Editing","Base editing","33606978"
"NM_000051.4(ATM):c.9016G>A (p.Ala3006Thr)","chr11","108365353","G/A","ATM","0.254","dataset0079","Missense","Neutral to the ATM-mediated anti-cell growth with Cisplatin in MCF10A","ATM-mediated anti-cell growth with Cisplatin","5","Functionally normal","Uncertain significance","","NA","CRISPR-Based Genome Editing","Base editing","33606978"
"NM_000051.4(ATM):c.9040C>T (p.Gln3014Ter)","chr11","108365377","C/T","ATM","-0.992","dataset0079","Nonsense","The reduced ATM-mediated anti-cell growth with Cisplatin in MCF10A","ATM-mediated anti-cell growth with Cisplatin","5","Loss-of-function","Pathogenic/Likely pathogenic","","NA","CRISPR-Based Genome Editing","Base editing","33606978"
"NM_000051.4(ATM):c.9071C>T (p.Thr3024Ile)","chr11","108365408","C/T","ATM","0.504","dataset0079","Missense","Neutral to the ATM-mediated anti-cell growth with Cisplatin in MCF10A","ATM-mediated anti-cell growth with Cisplatin","5","Functionally normal","Uncertain significance","8.67374e-06","NA","CRISPR-Based Genome Editing","Base editing","33606978"
"NM_000051.4(ATM):c.9133C>T (p.Leu3045Phe)","chr11","108365470","C/T","ATM","-1.119","dataset0079","Missense","The reduced ATM-mediated anti-cell growth with Cisplatin in MCF10A","ATM-mediated anti-cell growth with Cisplatin","5","Loss-of-function","Uncertain significance","","NA","CRISPR-Based Genome Editing","Base editing","33606978"
"NM_000051.4(ATM):c.9139C>T (p.Arg3047Ter)","chr11","108365476","C/T","ATM","-0.442","dataset0079","Nonsense","Neutral to the ATM-mediated anti-cell growth with Cisplatin in MCF10A","ATM-mediated anti-cell growth with Cisplatin","5","Functionally normal","Pathogenic","1.61092e-05","brca:0.1% (1/1084):0.400;ucec:0.2% (1/529):0.230","CRISPR-Based Genome Editing","Base editing","33606978"
"NM_000051.4(ATM):c.9140G>A (p.Arg3047Gln)","chr11","108365477","G/A","ATM","-0.801","dataset0079","Missense","Neutral to the ATM-mediated anti-cell growth with Cisplatin in MCF10A","ATM-mediated anti-cell growth with Cisplatin","5","Functionally normal","Uncertain significance","6.19518e-07","NA","CRISPR-Based Genome Editing","Base editing","33606978"
"NM_000051.4(ATM):c.9148C>T (p.Pro3050Ser)","chr11","108365485","C/T","ATM","-0.319","dataset0079","Missense","Neutral to the ATM-mediated anti-cell growth with Cisplatin in MCF10A","ATM-mediated anti-cell growth with Cisplatin","5","Functionally normal","Uncertain significance","","NA","CRISPR-Based Genome Editing","Base editing","33606978"
"NM_000051.4(ATM):c.9149C>T (p.Pro3050Leu)","chr11","108365486","C/T","ATM","-0.319","dataset0079","Missense","Neutral to the ATM-mediated anti-cell growth with Cisplatin in MCF10A","ATM-mediated anti-cell growth with Cisplatin","5","Functionally normal","Uncertain significance","1.05326e-05","NA","CRISPR-Based Genome Editing","Base editing","33606978"
"NM_000051.4(ATM):c.9155G>A (p.Trp3052Ter)","chr11","108365492","G/A","ATM","-1.035","dataset0079","Nonsense","The reduced ATM-mediated anti-cell growth with Cisplatin in MCF10A","ATM-mediated anti-cell growth with Cisplatin","5","Loss-of-function","Uncertain significance","","NA","CRISPR-Based Genome Editing","Base editing","33606978"
"NM_000051.4(ATM):c.9164G>A (p.Trp3055Ter)","chr11","108365501","G/A","ATM","0.028","dataset0079","Nonsense","Neutral to the ATM-mediated anti-cell growth with Cisplatin in MCF10A","ATM-mediated anti-cell growth with Cisplatin","5","Functionally normal","Uncertain significance","","NA","CRISPR-Based Genome Editing","Base editing","33606978"
"NM_000051.4(ATM):c.9166G>A (p.Val3056Met)","chr11","108365503","G/A","ATM","0.028","dataset0079","Missense","Neutral to the ATM-mediated anti-cell growth with Cisplatin in MCF10A","ATM-mediated anti-cell growth with Cisplatin","5","Functionally normal","Uncertain significance","","NA","CRISPR-Based Genome Editing","Base editing","33606978"
"NM_000051.4(ATM):c.19G>A (p.Asp7Asn)","chr11","108227643","G/A","ATM","-0.203","dataset0080","Missense","Neutral to the ATM-mediated anti-cell growth with Camptothecin in MCF10A","ATM-mediated anti-cell growth with Camptothecin","5","Functionally normal","","","NA","CRISPR-Based Genome Editing","Base editing","33606978"
"NM_000051.4(ATM):c.52G>A (p.Asp18Asn)","chr11","108227676","G/A","ATM","-0.268","dataset0080","Missense","Neutral to the ATM-mediated anti-cell growth with Camptothecin in MCF10A","ATM-mediated anti-cell growth with Camptothecin","5","Functionally normal","Uncertain significance","","NA","CRISPR-Based Genome Editing","Base editing","33606978"
"NM_000051.4(ATM):c.56G>A (p.Arg19Lys)","chr11","108227680","G/A","ATM","-0.268","dataset0080","Missense","Neutral to the ATM-mediated anti-cell growth with Camptothecin in MCF10A","ATM-mediated anti-cell growth with Camptothecin","5","Functionally normal","Conflicting classifications of pathogenicity","","NA","CRISPR-Based Genome Editing","Base editing","33606978"
"NM_000051.4(ATM):c.112G>A (p.Glu38Lys)","chr11","108227815","G/A","ATM","0.281","dataset0080","Missense","Neutral to the ATM-mediated anti-cell growth with Camptothecin in MCF10A","ATM-mediated anti-cell growth with Camptothecin","5","Functionally normal","Uncertain significance","","NA","CRISPR-Based Genome Editing","Base editing","33606978"
"NM_000051.4(ATM):c.116C>T (p.Thr39Ile)","chr11","108227819","C/T","ATM","0.189","dataset0080","Missense","Neutral to the ATM-mediated anti-cell growth with Camptothecin in MCF10A","ATM-mediated anti-cell growth with Camptothecin","5","Functionally normal","Uncertain significance","","NA","CRISPR-Based Genome Editing","Base editing","33606978"
"NM_000051.4(ATM):c.136C>T (p.His46Tyr)","chr11","108227839","C/T","ATM","-0.441","dataset0080","Missense","Neutral to the ATM-mediated anti-cell growth with Camptothecin in MCF10A","ATM-mediated anti-cell growth with Camptothecin","5","Functionally normal","","","NA","CRISPR-Based Genome Editing","Base editing","33606978"
"NM_000051.4(ATM):c.140C>T (p.Ser47Leu)","chr11","108227843","C/T","ATM","-0.441","dataset0080","Missense","Neutral to the ATM-mediated anti-cell growth with Camptothecin in MCF10A","ATM-mediated anti-cell growth with Camptothecin","5","Functionally normal","Uncertain significance","","NA","CRISPR-Based Genome Editing","Base editing","33606978"
"NM_000051.4(ATM):c.151C>T (p.Gln51Ter)","chr11","108227854","C/T","ATM","-0.486","dataset0080","Nonsense","Neutral to the ATM-mediated anti-cell growth with Camptothecin in MCF10A","ATM-mediated anti-cell growth with Camptothecin","5","Functionally normal","Pathogenic","6.19858e-07","NA","CRISPR-Based Genome Editing","Base editing","33606978"
"NM_000051.4(ATM):c.251C>T (p.Ala84Val)","chr11","108229243","C/T","ATM","-1.04","dataset0080","Missense","The reduced ATM-mediated anti-cell growth with Camptothecin in MCF10A","ATM-mediated anti-cell growth with Camptothecin","5","Loss-of-function","Conflicting classifications of pathogenicity","1.23949e-06","NA","CRISPR-Based Genome Editing","Base editing","33606978"
"NM_000051.4(ATM):c.254C>T (p.Ser85Leu)","chr11","108229246","C/T","ATM","-1.04","dataset0080","Missense","The reduced ATM-mediated anti-cell growth with Camptothecin in MCF10A","ATM-mediated anti-cell growth with Camptothecin","5","Loss-of-function","","","NA","CRISPR-Based Genome Editing","Base editing","33606978"
"NM_000051.4(ATM):c.266C>T (p.Ser89Phe)","chr11","108229258","C/T","ATM","0.233","dataset0080","Missense","Neutral to the ATM-mediated anti-cell growth with Camptothecin in MCF10A","ATM-mediated anti-cell growth with Camptothecin","5","Functionally normal","Uncertain significance","","NA","CRISPR-Based Genome Editing","Base editing","33606978"
"NM_000051.4(ATM):c.269G>A (p.Arg90Lys)","chr11","108229261","G/A","ATM","-0.517","dataset0080","Missense","Neutral to the ATM-mediated anti-cell growth with Camptothecin in MCF10A","ATM-mediated anti-cell growth with Camptothecin","5","Functionally normal","","6.19689e-07","NA","CRISPR-Based Genome Editing","Base editing","33606978"
"NM_000051.4(ATM):c.271C>T (p.Gln91Ter)","chr11","108229263","C/T","ATM","0.233","dataset0080","Nonsense","Neutral to the ATM-mediated anti-cell growth with Camptothecin in MCF10A","ATM-mediated anti-cell growth with Camptothecin","5","Functionally normal","Pathogenic","","NA","CRISPR-Based Genome Editing","Base editing","33606978"
"NM_000051.4(ATM):c.282G>A (p.Met94Ile)","chr11","108229274","G/A","ATM","0.169","dataset0080","Missense","Neutral to the ATM-mediated anti-cell growth with Camptothecin in MCF10A","ATM-mediated anti-cell growth with Camptothecin","5","Functionally normal","Uncertain significance","","NA","CRISPR-Based Genome Editing","Base editing","33606978"
"NM_000051.4(ATM):c.283C>T (p.Gln95Ter)","chr11","108229275","C/T","ATM","0.0","dataset0080","Nonsense","Neutral to the ATM-mediated anti-cell growth with Camptothecin in MCF10A","ATM-mediated anti-cell growth with Camptothecin","5","Functionally normal","Pathogenic/Likely pathogenic","6.19792e-07","NA","CRISPR-Based Genome Editing","Base editing","33606978"
"NM_000051.4(ATM):c.286G>A (p.Glu96Lys)","chr11","108229278","G/A","ATM","0.622","dataset0080","Missense","Neutral to the ATM-mediated anti-cell growth with Camptothecin in MCF10A","ATM-mediated anti-cell growth with Camptothecin","5","Functionally normal","Uncertain significance","","NA","CRISPR-Based Genome Editing","Base editing","33606978"
"NM_000051.4(ATM):c.355G>A (p.Glu119Lys)","chr11","108235693","G/A","ATM","-0.491","dataset0080","Missense","Neutral to the ATM-mediated anti-cell growth with Camptothecin in MCF10A","ATM-mediated anti-cell growth with Camptothecin","5","Functionally normal","","","NA","CRISPR-Based Genome Editing","Base editing","33606978"
"NM_000051.4(ATM):c.358C>T (p.Leu120Phe)","chr11","108235696","C/T","ATM","-0.519","dataset0080","Missense","Neutral to the ATM-mediated anti-cell growth with Camptothecin in MCF10A","ATM-mediated anti-cell growth with Camptothecin","5","Functionally normal","","","NA","CRISPR-Based Genome Editing","Base editing","33606978"
"NM_000051.4(ATM):c.395C>T (p.Ser132Phe)","chr11","108235733","C/T","ATM","0.138","dataset0080","Missense","Neutral to the ATM-mediated anti-cell growth with Camptothecin in MCF10A","ATM-mediated anti-cell growth with Camptothecin","5","Functionally normal","Uncertain significance","6.2022e-06","NA","CRISPR-Based Genome Editing","Base editing","33606978"
"NM_000051.4(ATM):c.448C>T (p.Leu150Phe)","chr11","108235786","C/T","ATM","0.043","dataset0080","Missense","Neutral to the ATM-mediated anti-cell growth with Camptothecin in MCF10A","ATM-mediated anti-cell growth with Camptothecin","5","Functionally normal","Uncertain significance","","NA","CRISPR-Based Genome Editing","Base editing","33606978"
"NM_000051.4(ATM):c.452C>T (p.Ser151Phe)","chr11","108235790","C/T","ATM","0.043","dataset0080","Missense","Neutral to the ATM-mediated anti-cell growth with Camptothecin in MCF10A","ATM-mediated anti-cell growth with Camptothecin","5","Functionally normal","Uncertain significance","6.19623e-07","NA","CRISPR-Based Genome Editing","Base editing","33606978"
"NM_000051.4(ATM):c.479C>T (p.Ser160Phe)","chr11","108235817","C/T","ATM","-0.004","dataset0080","Missense","Neutral to the ATM-mediated anti-cell growth with Camptothecin in MCF10A","ATM-mediated anti-cell growth with Camptothecin","5","Functionally normal","Uncertain significance","1.85902e-06","NA","CRISPR-Based Genome Editing","Base editing","33606978"
"NM_000051.4(ATM):c.481C>T (p.Gln161Ter)","chr11","108235819","C/T","ATM","-0.004","dataset0080","Nonsense","Neutral to the ATM-mediated anti-cell growth with Camptothecin in MCF10A","ATM-mediated anti-cell growth with Camptothecin","5","Functionally normal","","","NA","CRISPR-Based Genome Editing","Base editing","33606978"
"NM_000051.4(ATM):c.547C>T (p.His183Tyr)","chr11","108244003","C/T","ATM","-0.061","dataset0080","Missense","Neutral to the ATM-mediated anti-cell growth with Camptothecin in MCF10A","ATM-mediated anti-cell growth with Camptothecin","5","Functionally normal","Uncertain significance","","NA","CRISPR-Based Genome Editing","Base editing","33606978"
"NM_000051.4(ATM):c.551G>A (p.Arg184Lys)","chr11","108244007","G/A","ATM","-0.372","dataset0080","Missense","Neutral to the ATM-mediated anti-cell growth with Camptothecin in MCF10A","ATM-mediated anti-cell growth with Camptothecin","5","Functionally normal","Uncertain significance","","NA","CRISPR-Based Genome Editing","Base editing","33606978"
"NM_000051.4(ATM):c.574C>T (p.His192Tyr)","chr11","108244030","C/T","ATM","0.145","dataset0080","Missense","Neutral to the ATM-mediated anti-cell growth with Camptothecin in MCF10A","ATM-mediated anti-cell growth with Camptothecin","5","Functionally normal","Uncertain significance","0","NA","CRISPR-Based Genome Editing","Base editing","33606978"
"NM_000051.4(ATM):c.647C>T (p.Ala216Val)","chr11","108244103","C/T","ATM","0.227","dataset0080","Missense","Neutral to the ATM-mediated anti-cell growth with Camptothecin in MCF10A","ATM-mediated anti-cell growth with Camptothecin","5","Functionally normal","Uncertain significance","","NA","CRISPR-Based Genome Editing","Base editing","33606978"
"NM_000051.4(ATM):c.656G>A (p.Cys219Tyr)","chr11","108244112","G/A","ATM","-0.072","dataset0080","Missense","Neutral to the ATM-mediated anti-cell growth with Camptothecin in MCF10A","ATM-mediated anti-cell growth with Camptothecin","5","Functionally normal","","","NA","CRISPR-Based Genome Editing","Base editing","33606978"
"NM_000051.4(ATM):c.658G>A (p.Ala220Thr)","chr11","108244114","G/A","ATM","-0.072","dataset0080","Missense","Neutral to the ATM-mediated anti-cell growth with Camptothecin in MCF10A","ATM-mediated anti-cell growth with Camptothecin","5","Functionally normal","Conflicting classifications of pathogenicity","3.0986e-06","NA","CRISPR-Based Genome Editing","Base editing","33606978"
"NM_000051.4(ATM):c.664C>T (p.Gln222Ter)","chr11","108244789","C/T","ATM","-0.215","dataset0080","Nonsense","Neutral to the ATM-mediated anti-cell growth with Camptothecin in MCF10A","ATM-mediated anti-cell growth with Camptothecin","5","Functionally normal","Pathogenic/Likely pathogenic","6.20568e-07","NA","CRISPR-Based Genome Editing","Base editing","33606978"
"NM_000051.4(ATM):c.710C>T (p.Thr237Ile)","chr11","108244835","C/T","ATM","0.005","dataset0080","Missense","Neutral to the ATM-mediated anti-cell growth with Camptothecin in MCF10A","ATM-mediated anti-cell growth with Camptothecin","5","Functionally normal","Uncertain significance","6.19693e-07","NA","CRISPR-Based Genome Editing","Base editing","33606978"
"NM_000051.4(ATM):c.733G>A (p.Val245Ile)","chr11","108244858","G/A","ATM","0.128","dataset0080","Missense","Neutral to the ATM-mediated anti-cell growth with Camptothecin in MCF10A","ATM-mediated anti-cell growth with Camptothecin","5","Functionally normal","Conflicting classifications of pathogenicity","","NA","CRISPR-Based Genome Editing","Base editing","33606978"
"NM_000051.4(ATM):c.748C>T (p.Arg250Ter)","chr11","108244873","C/T","ATM","0.518","dataset0080","Nonsense","Neutral to the ATM-mediated anti-cell growth with Camptothecin in MCF10A","ATM-mediated anti-cell growth with Camptothecin","5","Functionally normal","Pathogenic","6.19695e-06","blca:0.2% (1/411):0.570;coad:0.5% (2/439):0.250;kirc:0.2% (1/512):0.300;read:1.3% (2/155):0.490;ucec:0.6% (3/529):0.280","CRISPR-Based Genome Editing","Base editing","33606978"
"NM_000051.4(ATM):c.778_779delinsTT (p.Pro260Phe)","chr11","108244903","CC/TT","ATM","0.441","dataset0080","Missense","Neutral to the ATM-mediated anti-cell growth with Camptothecin in MCF10A","ATM-mediated anti-cell growth with Camptothecin","5","Functionally normal","","","NA","CRISPR-Based Genome Editing","Base editing","33606978"
"NM_000051.4(ATM):c.778C>T (p.Pro260Ser)","chr11","108244903","C/T","ATM","0.441","dataset0080","Missense","Neutral to the ATM-mediated anti-cell growth with Camptothecin in MCF10A","ATM-mediated anti-cell growth with Camptothecin","5","Functionally normal","Uncertain significance","","NA","CRISPR-Based Genome Editing","Base editing","33606978"
"NM_000051.4(ATM):c.779C>T (p.Pro260Leu)","chr11","108244904","C/T","ATM","0.441","dataset0080","Missense","Neutral to the ATM-mediated anti-cell growth with Camptothecin in MCF10A","ATM-mediated anti-cell growth with Camptothecin","5","Functionally normal","Uncertain significance","1.23944e-06","NA","CRISPR-Based Genome Editing","Base editing","33606978"
"NM_000051.4(ATM):c.782C>T (p.Thr261Ile)","chr11","108244907","C/T","ATM","0.441","dataset0080","Missense","Neutral to the ATM-mediated anti-cell growth with Camptothecin in MCF10A","ATM-mediated anti-cell growth with Camptothecin","5","Functionally normal","","","NA","CRISPR-Based Genome Editing","Base editing","33606978"
"NM_000051.4(ATM):c.797G>A (p.Trp266Ter)","chr11","108244922","G/A","ATM","-0.882","dataset0080","Nonsense","The reduced ATM-mediated anti-cell growth with Camptothecin in MCF10A","ATM-mediated anti-cell growth with Camptothecin","5","Loss-of-function","Likely pathogenic","6.19879e-07","NA","CRISPR-Based Genome Editing","Base editing","33606978"
"NM_000051.4(ATM):c.883G>A (p.Ala295Thr)","chr11","108245008","G/A","ATM","0.342","dataset0080","Missense","Neutral to the ATM-mediated anti-cell growth with Camptothecin in MCF10A","ATM-mediated anti-cell growth with Camptothecin","5","Functionally normal","Uncertain significance","","NA","CRISPR-Based Genome Editing","Base editing","33606978"
"NM_000051.4(ATM):c.884C>T (p.Ala295Val)","chr11","108245009","C/T","ATM","-0.312","dataset0080","Missense","Neutral to the ATM-mediated anti-cell growth with Camptothecin in MCF10A","ATM-mediated anti-cell growth with Camptothecin","5","Functionally normal","Uncertain significance","0","NA","CRISPR-Based Genome Editing","Base editing","33606978"
"NM_000051.4(ATM):c.890C>T (p.Thr297Ile)","chr11","108245015","C/T","ATM","-0.202","dataset0080","Missense","Neutral to the ATM-mediated anti-cell growth with Camptothecin in MCF10A","ATM-mediated anti-cell growth with Camptothecin","5","Functionally normal","Uncertain significance","","NA","CRISPR-Based Genome Editing","Base editing","33606978"
"NM_000051.4(ATM):c.892C>T (p.Gln298Ter)","chr11","108245017","C/T","ATM","-0.202","dataset0080","Nonsense","Neutral to the ATM-mediated anti-cell growth with Camptothecin in MCF10A","ATM-mediated anti-cell growth with Camptothecin","5","Functionally normal","Pathogenic","","NA","CRISPR-Based Genome Editing","Base editing","33606978"
"NM_000051.4(ATM):c.901G>A (p.Gly301Ser)","chr11","108245026","G/A","ATM","-0.76","dataset0080","Missense","Neutral to the ATM-mediated anti-cell growth with Camptothecin in MCF10A","ATM-mediated anti-cell growth with Camptothecin","5","Functionally normal","Conflicting classifications of pathogenicity","","NA","CRISPR-Based Genome Editing","Base editing","33606978"
"NM_000051.4(ATM):c.905C>T (p.Ala302Val)","chr11","108246967","C/T","ATM","-0.927","dataset0080","Missense","The reduced ATM-mediated anti-cell growth with Camptothecin in MCF10A","ATM-mediated anti-cell growth with Camptothecin","5","Loss-of-function","Uncertain significance","3.10819e-06","NA","CRISPR-Based Genome Editing","Base editing","33606978"
"NM_000051.4(ATM):c.973C>T (p.His325Tyr)","chr11","108247035","C/T","ATM","0.532","dataset0080","Missense","Neutral to the ATM-mediated anti-cell growth with Camptothecin in MCF10A","ATM-mediated anti-cell growth with Camptothecin","5","Functionally normal","","6.19863e-07","NA","CRISPR-Based Genome Editing","Base editing","33606978"
"NM_000051.4(ATM):c.1039G>A (p.Glu347Lys)","chr11","108247101","G/A","ATM","-0.553","dataset0080","Missense","Neutral to the ATM-mediated anti-cell growth with Camptothecin in MCF10A","ATM-mediated anti-cell growth with Camptothecin","5","Functionally normal","","","esca:0.5% (1/182):0.430","CRISPR-Based Genome Editing","Base editing","33606978"
"NM_000051.4(ATM):c.1049C>T (p.Ala350Val)","chr11","108247111","C/T","ATM","-0.435","dataset0080","Missense","Neutral to the ATM-mediated anti-cell growth with Camptothecin in MCF10A","ATM-mediated anti-cell growth with Camptothecin","5","Functionally normal","Uncertain significance","7.43751e-06","NA","CRISPR-Based Genome Editing","Base editing","33606978"
"NM_000051.4(ATM):c.1060C>T (p.His354Tyr)","chr11","108247122","C/T","ATM","0.691","dataset0080","Missense","Neutral to the ATM-mediated anti-cell growth with Camptothecin in MCF10A","ATM-mediated anti-cell growth with Camptothecin","5","Functionally normal","Uncertain significance","","NA","CRISPR-Based Genome Editing","Base editing","33606978"
"NM_000051.4(ATM):c.1063C>T (p.Gln355Ter)","chr11","108247125","C/T","ATM","0.691","dataset0080","Nonsense","Neutral to the ATM-mediated anti-cell growth with Camptothecin in MCF10A","ATM-mediated anti-cell growth with Camptothecin","5","Functionally normal","Pathogenic","","NA","CRISPR-Based Genome Editing","Base editing","33606978"
"NM_000051.4(ATM):c.1216G>A (p.Asp406Asn)","chr11","108249083","G/A","ATM","0.234","dataset0080","Missense","Neutral to the ATM-mediated anti-cell growth with Camptothecin in MCF10A","ATM-mediated anti-cell growth with Camptothecin","5","Functionally normal","Uncertain significance","","lusc:0.2% (1/487):0.160","CRISPR-Based Genome Editing","Base editing","33606978"
"NM_000051.4(ATM):c.1289G>A (p.Cys430Tyr)","chr11","108250754","G/A","ATM","-0.202","dataset0080","Missense","Neutral to the ATM-mediated anti-cell growth with Camptothecin in MCF10A","ATM-mediated anti-cell growth with Camptothecin","5","Functionally normal","","","NA","CRISPR-Based Genome Editing","Base editing","33606978"
"NM_000051.4(ATM):c.1330_1331delinsTT (p.Pro444Phe)","chr11","108250795","CC/TT","ATM","0.29","dataset0080","Missense","Neutral to the ATM-mediated anti-cell growth with Camptothecin in MCF10A","ATM-mediated anti-cell growth with Camptothecin","5","Functionally normal","","","NA","CRISPR-Based Genome Editing","Base editing","33606978"
"NM_000051.4(ATM):c.1330C>T (p.Pro444Ser)","chr11","108250795","C/T","ATM","0.29","dataset0080","Missense","Neutral to the ATM-mediated anti-cell growth with Camptothecin in MCF10A","ATM-mediated anti-cell growth with Camptothecin","5","Functionally normal","Uncertain significance","","NA","CRISPR-Based Genome Editing","Base editing","33606978"
"NM_000051.4(ATM):c.1331C>T (p.Pro444Leu)","chr11","108250796","C/T","ATM","0.29","dataset0080","Missense","Neutral to the ATM-mediated anti-cell growth with Camptothecin in MCF10A","ATM-mediated anti-cell growth with Camptothecin","5","Functionally normal","Uncertain significance","","NA","CRISPR-Based Genome Editing","Base editing","33606978"
"NM_000051.4(ATM):c.1333C>T (p.Gln445Ter)","chr11","108250798","C/T","ATM","0.353","dataset0080","Nonsense","Neutral to the ATM-mediated anti-cell growth with Camptothecin in MCF10A","ATM-mediated anti-cell growth with Camptothecin","5","Functionally normal","Pathogenic","","NA","CRISPR-Based Genome Editing","Base editing","33606978"
"NM_000051.4(ATM):c.1345_1346delinsAA (p.Gly449Lys)","chr11","108250810","GG/AA","ATM","0.381","dataset0080","Missense","Neutral to the ATM-mediated anti-cell growth with Camptothecin in MCF10A","ATM-mediated anti-cell growth with Camptothecin","5","Functionally normal","","","NA","CRISPR-Based Genome Editing","Base editing","33606978"
"NM_000051.4(ATM):c.1345G>A (p.Gly449Arg)","chr11","108250810","G/A","ATM","0.381","dataset0080","Missense","Neutral to the ATM-mediated anti-cell growth with Camptothecin in MCF10A","ATM-mediated anti-cell growth with Camptothecin","5","Functionally normal","Uncertain significance","6.19595e-07","NA","CRISPR-Based Genome Editing","Base editing","33606978"
"NM_000051.4(ATM):c.1346G>A (p.Gly449Glu)","chr11","108250811","G/A","ATM","0.163","dataset0080","Missense","Neutral to the ATM-mediated anti-cell growth with Camptothecin in MCF10A","ATM-mediated anti-cell growth with Camptothecin","5","Functionally normal","Uncertain significance","","NA","CRISPR-Based Genome Editing","Base editing","33606978"
"NM_000051.4(ATM):c.1348G>A (p.Glu450Lys)","chr11","108250813","G/A","ATM","0.431","dataset0080","Missense","Neutral to the ATM-mediated anti-cell growth with Camptothecin in MCF10A","ATM-mediated anti-cell growth with Camptothecin","5","Functionally normal","Uncertain significance","","NA","CRISPR-Based Genome Editing","Base editing","33606978"
"NM_000051.4(ATM):c.1352G>A (p.Arg451His)","chr11","108250817","G/A","ATM","0.966","dataset0080","Missense","Neutral to the ATM-mediated anti-cell growth with Camptothecin in MCF10A","ATM-mediated anti-cell growth with Camptothecin","5","Functionally normal","Uncertain significance","1.30118e-05","NA","CRISPR-Based Genome Editing","Base editing","33606978"
"NM_000051.4(ATM):c.1373G>A (p.Cys458Tyr)","chr11","108250838","G/A","ATM","-0.263","dataset0080","Missense","Neutral to the ATM-mediated anti-cell growth with Camptothecin in MCF10A","ATM-mediated anti-cell growth with Camptothecin","5","Functionally normal","Uncertain significance","1.23905e-06","NA","CRISPR-Based Genome Editing","Base editing","33606978"
"NM_000051.4(ATM):c.1388C>T (p.Ala463Val)","chr11","108250853","C/T","ATM","-0.156","dataset0080","Missense","Neutral to the ATM-mediated anti-cell growth with Camptothecin in MCF10A","ATM-mediated anti-cell growth with Camptothecin","5","Functionally normal","","","NA","CRISPR-Based Genome Editing","Base editing","33606978"
"NM_000051.4(ATM):c.1394G>A (p.Cys465Tyr)","chr11","108250859","G/A","ATM","-0.089","dataset0080","Missense","Neutral to the ATM-mediated anti-cell growth with Camptothecin in MCF10A","ATM-mediated anti-cell growth with Camptothecin","5","Functionally normal","","","NA","CRISPR-Based Genome Editing","Base editing","33606978"
"NM_000051.4(ATM):c.1433C>T (p.Ser478Leu)","chr11","108250898","C/T","ATM","-0.067","dataset0080","Missense","Neutral to the ATM-mediated anti-cell growth with Camptothecin in MCF10A","ATM-mediated anti-cell growth with Camptothecin","5","Functionally normal","Uncertain significance","","NA","CRISPR-Based Genome Editing","Base editing","33606978"
"NM_000051.4(ATM):c.1447C>T (p.Leu483Phe)","chr11","108250912","C/T","ATM","-0.061","dataset0080","Missense","Neutral to the ATM-mediated anti-cell growth with Camptothecin in MCF10A","ATM-mediated anti-cell growth with Camptothecin","5","Functionally normal","Uncertain significance","6.19536e-07","NA","CRISPR-Based Genome Editing","Base editing","33606978"
"NM_000051.4(ATM):c.1487G>A (p.Ser496Asn)","chr11","108250952","G/A","ATM","-1.207","dataset0080","Missense","The reduced ATM-mediated anti-cell growth with Camptothecin in MCF10A","ATM-mediated anti-cell growth with Camptothecin","5","Loss-of-function","Uncertain significance","1.425e-05","NA","CRISPR-Based Genome Editing","Base editing","33606978"
"NM_000051.4(ATM):c.1492G>A (p.Glu498Lys)","chr11","108250957","G/A","ATM","-1.207","dataset0080","Missense","The reduced ATM-mediated anti-cell growth with Camptothecin in MCF10A","ATM-mediated anti-cell growth with Camptothecin","5","Loss-of-function","","","NA","CRISPR-Based Genome Editing","Base editing","33606978"
"NM_000051.4(ATM):c.1501C>T (p.Gln501Ter)","chr11","108250966","C/T","ATM","-0.053","dataset0080","Nonsense","Neutral to the ATM-mediated anti-cell growth with Camptothecin in MCF10A","ATM-mediated anti-cell growth with Camptothecin","5","Functionally normal","Pathogenic","6.19547e-07","NA","CRISPR-Based Genome Editing","Base editing","33606978"
"NM_000051.4(ATM):c.1522C>T (p.Leu508Phe)","chr11","108250987","C/T","ATM","0.29","dataset0080","Missense","Neutral to the ATM-mediated anti-cell growth with Camptothecin in MCF10A","ATM-mediated anti-cell growth with Camptothecin","5","Functionally normal","Uncertain significance","1.85865e-06","NA","CRISPR-Based Genome Editing","Base editing","33606978"
"NM_000051.4(ATM):c.1537C>T (p.Gln513Ter)","chr11","108251002","C/T","ATM","-0.493","dataset0080","Nonsense","Neutral to the ATM-mediated anti-cell growth with Camptothecin in MCF10A","ATM-mediated anti-cell growth with Camptothecin","5","Functionally normal","Pathogenic","","NA","CRISPR-Based Genome Editing","Base editing","33606978"
"NM_000051.4(ATM):c.1544G>A (p.Ser515Asn)","chr11","108251009","G/A","ATM","-0.142","dataset0080","Missense","Neutral to the ATM-mediated anti-cell growth with Camptothecin in MCF10A","ATM-mediated anti-cell growth with Camptothecin","5","Functionally normal","","","NA","CRISPR-Based Genome Editing","Base editing","33606978"
"NM_000051.4(ATM):c.1549G>A (p.Val517Ile)","chr11","108251014","G/A","ATM","-0.142","dataset0080","Missense","Neutral to the ATM-mediated anti-cell growth with Camptothecin in MCF10A","ATM-mediated anti-cell growth with Camptothecin","5","Functionally normal","Uncertain significance","","NA","CRISPR-Based Genome Editing","Base editing","33606978"
"NM_000051.4(ATM):c.1589C>T (p.Ser530Leu)","chr11","108251054","C/T","ATM","-0.211","dataset0080","Missense","Neutral to the ATM-mediated anti-cell growth with Camptothecin in MCF10A","ATM-mediated anti-cell growth with Camptothecin","5","Functionally normal","Uncertain significance","","NA","CRISPR-Based Genome Editing","Base editing","33606978"
"NM_000051.4(ATM):c.1592C>T (p.Ala531Val)","chr11","108251057","C/T","ATM","-0.211","dataset0080","Missense","Neutral to the ATM-mediated anti-cell growth with Camptothecin in MCF10A","ATM-mediated anti-cell growth with Camptothecin","5","Functionally normal","Uncertain significance","6.19569e-07","NA","CRISPR-Based Genome Editing","Base editing","33606978"
"NM_000051.4(ATM):c.1607G>A (p.Cys536Tyr)","chr11","108251072","G/A","ATM","0.326","dataset0080","Missense","Neutral to the ATM-mediated anti-cell growth with Camptothecin in MCF10A","ATM-mediated anti-cell growth with Camptothecin","5","Functionally normal","","","NA","CRISPR-Based Genome Editing","Base editing","33606978"
"NM_000051.4(ATM):c.1613C>T (p.Ala538Val)","chr11","108251842","C/T","ATM","0.102","dataset0080","Missense","Neutral to the ATM-mediated anti-cell growth with Camptothecin in MCF10A","ATM-mediated anti-cell growth with Camptothecin","5","Functionally normal","Uncertain significance","6.19743e-07","NA","CRISPR-Based Genome Editing","Base editing","33606978"
"NM_000051.4(ATM):c.1640C>T (p.Thr547Ile)","chr11","108251869","C/T","ATM","-0.225","dataset0080","Missense","Neutral to the ATM-mediated anti-cell growth with Camptothecin in MCF10A","ATM-mediated anti-cell growth with Camptothecin","5","Functionally normal","Conflicting classifications of pathogenicity","1.23932e-06","NA","CRISPR-Based Genome Editing","Base editing","33606978"
"NM_000051.4(ATM):c.1643C>T (p.Thr548Ile)","chr11","108251872","C/T","ATM","-0.253","dataset0080","Missense","Neutral to the ATM-mediated anti-cell growth with Camptothecin in MCF10A","ATM-mediated anti-cell growth with Camptothecin","5","Functionally normal","","","NA","CRISPR-Based Genome Editing","Base editing","33606978"
"NM_000051.4(ATM):c.1654C>T (p.Pro552Ser)","chr11","108251883","C/T","ATM","-0.292","dataset0080","Missense","Neutral to the ATM-mediated anti-cell growth with Camptothecin in MCF10A","ATM-mediated anti-cell growth with Camptothecin","5","Functionally normal","","1.23932e-06","NA","CRISPR-Based Genome Editing","Base editing","33606978"
"NM_000051.4(ATM):c.1655C>T (p.Pro552Leu)","chr11","108251884","C/T","ATM","-0.292","dataset0080","Missense","Neutral to the ATM-mediated anti-cell growth with Camptothecin in MCF10A","ATM-mediated anti-cell growth with Camptothecin","5","Functionally normal","Uncertain significance","","NA","CRISPR-Based Genome Editing","Base editing","33606978"
"NM_000051.4(ATM):c.1657_1658delinsAA (p.Gly553Lys)","chr11","108251886","GG/AA","ATM","-0.416","dataset0080","Missense","Neutral to the ATM-mediated anti-cell growth with Camptothecin in MCF10A","ATM-mediated anti-cell growth with Camptothecin","5","Functionally normal","","","NA","CRISPR-Based Genome Editing","Base editing","33606978"
"NM_000051.4(ATM):c.1657G>A (p.Gly553Arg)","chr11","108251886","G/A","ATM","-0.416","dataset0080","Missense","Neutral to the ATM-mediated anti-cell growth with Camptothecin in MCF10A","ATM-mediated anti-cell growth with Camptothecin","5","Functionally normal","Uncertain significance","1.23926e-06","NA","CRISPR-Based Genome Editing","Base editing","33606978"
"NM_000051.4(ATM):c.1658G>A (p.Gly553Glu)","chr11","108251887","G/A","ATM","-0.126","dataset0080","Missense","Neutral to the ATM-mediated anti-cell growth with Camptothecin in MCF10A","ATM-mediated anti-cell growth with Camptothecin","5","Functionally normal","Uncertain significance","1.23924e-06","NA","CRISPR-Based Genome Editing","Base editing","33606978"
"NM_000051.4(ATM):c.1663G>A (p.Val555Ile)","chr11","108251892","G/A","ATM","0.163","dataset0080","Missense","Neutral to the ATM-mediated anti-cell growth with Camptothecin in MCF10A","ATM-mediated anti-cell growth with Camptothecin","5","Functionally normal","Uncertain significance","","NA","CRISPR-Based Genome Editing","Base editing","33606978"
"NM_000051.4(ATM):c.1671G>A (p.Met557Ile)","chr11","108251900","G/A","ATM","0.299","dataset0080","Missense","Neutral to the ATM-mediated anti-cell growth with Camptothecin in MCF10A","ATM-mediated anti-cell growth with Camptothecin","5","Functionally normal","Conflicting classifications of pathogenicity","1.85899e-06","NA","CRISPR-Based Genome Editing","Base editing","33606978"
"NM_000051.4(ATM):c.1672_1673delinsAA (p.Gly558Lys)","chr11","108251901","GG/AA","ATM","0.299","dataset0080","Missense","Neutral to the ATM-mediated anti-cell growth with Camptothecin in MCF10A","ATM-mediated anti-cell growth with Camptothecin","5","Functionally normal","","","NA","CRISPR-Based Genome Editing","Base editing","33606978"
"NM_000051.4(ATM):c.1672G>A (p.Gly558Arg)","chr11","108251901","G/A","ATM","0.299","dataset0080","Missense","Neutral to the ATM-mediated anti-cell growth with Camptothecin in MCF10A","ATM-mediated anti-cell growth with Camptothecin","5","Functionally normal","Uncertain significance","","NA","CRISPR-Based Genome Editing","Base editing","33606978"
"NM_000051.4(ATM):c.1673G>A (p.Gly558Glu)","chr11","108251902","G/A","ATM","0.299","dataset0080","Missense","Neutral to the ATM-mediated anti-cell growth with Camptothecin in MCF10A","ATM-mediated anti-cell growth with Camptothecin","5","Functionally normal","Uncertain significance","6.19608e-07","NA","CRISPR-Based Genome Editing","Base editing","33606978"
"NM_000051.4(ATM):c.1786_1787delinsTT (p.Pro596Phe)","chr11","108252015","CC/TT","ATM","-0.231","dataset0080","Missense","Neutral to the ATM-mediated anti-cell growth with Camptothecin in MCF10A","ATM-mediated anti-cell growth with Camptothecin","5","Functionally normal","","","NA","CRISPR-Based Genome Editing","Base editing","33606978"
"NM_000051.4(ATM):c.1786C>T (p.Pro596Ser)","chr11","108252015","C/T","ATM","-0.231","dataset0080","Missense","Neutral to the ATM-mediated anti-cell growth with Camptothecin in MCF10A","ATM-mediated anti-cell growth with Camptothecin","5","Functionally normal","","","NA","CRISPR-Based Genome Editing","Base editing","33606978"
"NM_000051.4(ATM):c.1787C>T (p.Pro596Leu)","chr11","108252016","C/T","ATM","-0.231","dataset0080","Missense","Neutral to the ATM-mediated anti-cell growth with Camptothecin in MCF10A","ATM-mediated anti-cell growth with Camptothecin","5","Functionally normal","Uncertain significance","","NA","CRISPR-Based Genome Editing","Base editing","33606978"
"NM_000051.4(ATM):c.1802G>A (p.Ser601Asn)","chr11","108252031","G/A","ATM","1.109","dataset0080","Missense","The enhanced ATM-mediated anti-cell growth with Camptothecin in MCF10A","ATM-mediated anti-cell growth with Camptothecin","5","Gain-of-function","Uncertain significance","0","NA","CRISPR-Based Genome Editing","Base editing","33606978"
"NM_000051.4(ATM):c.1810C>T (p.Pro604Ser)","chr11","108252824","C/T","ATM","-0.493","dataset0080","Missense","Neutral to the ATM-mediated anti-cell growth with Camptothecin in MCF10A","ATM-mediated anti-cell growth with Camptothecin","5","Functionally normal","Conflicting classifications of pathogenicity","0.00224397","NA","CRISPR-Based Genome Editing","Base editing","33606978"
"NM_000051.4(ATM):c.1825G>A (p.Glu609Lys)","chr11","108252839","G/A","ATM","-0.766","dataset0080","Missense","Neutral to the ATM-mediated anti-cell growth with Camptothecin in MCF10A","ATM-mediated anti-cell growth with Camptothecin","5","Functionally normal","Uncertain significance","0","NA","CRISPR-Based Genome Editing","Base editing","33606978"
"NM_000051.4(ATM):c.1882C>T (p.Gln628Ter)","chr11","108252896","C/T","ATM","-0.029","dataset0080","Nonsense","Neutral to the ATM-mediated anti-cell growth with Camptothecin in MCF10A","ATM-mediated anti-cell growth with Camptothecin","5","Functionally normal","Pathogenic/Likely pathogenic","1.86198e-06","luad:0.2% (1/566):0.100;ucec:0.2% (1/529):0.060","CRISPR-Based Genome Editing","Base editing","33606978"
"NM_000051.4(ATM):c.1898G>A (p.Cys633Tyr)","chr11","108252912","G/A","ATM","0.058","dataset0080","Missense","Neutral to the ATM-mediated anti-cell growth with Camptothecin in MCF10A","ATM-mediated anti-cell growth with Camptothecin","5","Functionally normal","Uncertain significance","6.23456e-07","NA","CRISPR-Based Genome Editing","Base editing","33606978"
"NM_000051.4(ATM):c.1921G>A (p.Glu641Lys)","chr11","108253836","G/A","ATM","-0.164","dataset0080","Missense","Neutral to the ATM-mediated anti-cell growth with Camptothecin in MCF10A","ATM-mediated anti-cell growth with Camptothecin","5","Functionally normal","","","NA","CRISPR-Based Genome Editing","Base editing","33606978"
"NM_000051.4(ATM):c.1924G>A (p.Glu642Lys)","chr11","108253839","G/A","ATM","-0.197","dataset0080","Missense","Neutral to the ATM-mediated anti-cell growth with Camptothecin in MCF10A","ATM-mediated anti-cell growth with Camptothecin","5","Functionally normal","Uncertain significance","","brca:0.1% (1/1084):0.710","CRISPR-Based Genome Editing","Base editing","33606978"
"NM_000051.4(ATM):c.1964C>T (p.Thr655Ile)","chr11","108253879","C/T","ATM","-0.048","dataset0080","Missense","Neutral to the ATM-mediated anti-cell growth with Camptothecin in MCF10A","ATM-mediated anti-cell growth with Camptothecin","5","Functionally normal","Uncertain significance","","NA","CRISPR-Based Genome Editing","Base editing","33606978"
"NM_000051.4(ATM):c.1991C>T (p.Thr664Ile)","chr11","108253906","C/T","ATM","0.376","dataset0080","Missense","Neutral to the ATM-mediated anti-cell growth with Camptothecin in MCF10A","ATM-mediated anti-cell growth with Camptothecin","5","Functionally normal","Conflicting classifications of pathogenicity","6.19574e-07","NA","CRISPR-Based Genome Editing","Base editing","33606978"
"NM_000051.4(ATM):c.2006G>A (p.Cys669Tyr)","chr11","108253921","G/A","ATM","0.186","dataset0080","Missense","Neutral to the ATM-mediated anti-cell growth with Camptothecin in MCF10A","ATM-mediated anti-cell growth with Camptothecin","5","Functionally normal","Uncertain significance","","NA","CRISPR-Based Genome Editing","Base editing","33606978"
"NM_000051.4(ATM):c.2008_2009delinsAA (p.Gly670Asn)","chr11","108253923","GG/AA","ATM","0.186","dataset0080","Missense","Neutral to the ATM-mediated anti-cell growth with Camptothecin in MCF10A","ATM-mediated anti-cell growth with Camptothecin","5","Functionally normal","","","NA","CRISPR-Based Genome Editing","Base editing","33606978"
"NM_000051.4(ATM):c.2008G>A (p.Gly670Ser)","chr11","108253923","G/A","ATM","0.186","dataset0080","Missense","Neutral to the ATM-mediated anti-cell growth with Camptothecin in MCF10A","ATM-mediated anti-cell growth with Camptothecin","5","Functionally normal","Uncertain significance","","NA","CRISPR-Based Genome Editing","Base editing","33606978"
"NM_000051.4(ATM):c.2009G>A (p.Gly670Asp)","chr11","108253924","G/A","ATM","0.186","dataset0080","Missense","Neutral to the ATM-mediated anti-cell growth with Camptothecin in MCF10A","ATM-mediated anti-cell growth with Camptothecin","5","Functionally normal","Uncertain significance","1.85871e-06","NA","CRISPR-Based Genome Editing","Base editing","33606978"
"NM_000051.4(ATM):c.2020C>T (p.His674Tyr)","chr11","108253935","C/T","ATM","-0.025","dataset0080","Missense","Neutral to the ATM-mediated anti-cell growth with Camptothecin in MCF10A","ATM-mediated anti-cell growth with Camptothecin","5","Functionally normal","Uncertain significance","6.19551e-07","NA","CRISPR-Based Genome Editing","Base editing","33606978"
"NM_000051.4(ATM):c.2042C>T (p.Ser681Phe)","chr11","108253957","C/T","ATM","-0.036","dataset0080","Missense","Neutral to the ATM-mediated anti-cell growth with Camptothecin in MCF10A","ATM-mediated anti-cell growth with Camptothecin","5","Functionally normal","Uncertain significance","1.23907e-06","NA","CRISPR-Based Genome Editing","Base editing","33606978"
"NM_000051.4(ATM):c.2044G>A (p.Val682Ile)","chr11","108253959","G/A","ATM","-0.416","dataset0080","Missense","Neutral to the ATM-mediated anti-cell growth with Camptothecin in MCF10A","ATM-mediated anti-cell growth with Camptothecin","5","Functionally normal","","","NA","CRISPR-Based Genome Editing","Base editing","33606978"
"NM_000051.4(ATM):c.2047C>T (p.His683Tyr)","chr11","108253962","C/T","ATM","-0.036","dataset0080","Missense","Neutral to the ATM-mediated anti-cell growth with Camptothecin in MCF10A","ATM-mediated anti-cell growth with Camptothecin","5","Functionally normal","Uncertain significance","","NA","CRISPR-Based Genome Editing","Base editing","33606978"
"NM_000051.4(ATM):c.2056C>T (p.Leu686Phe)","chr11","108253971","C/T","ATM","-0.246","dataset0080","Missense","Neutral to the ATM-mediated anti-cell growth with Camptothecin in MCF10A","ATM-mediated anti-cell growth with Camptothecin","5","Functionally normal","","","NA","CRISPR-Based Genome Editing","Base editing","33606978"
"NM_000051.4(ATM):c.2062G>A (p.Glu688Lys)","chr11","108253977","G/A","ATM","-0.512","dataset0080","Missense","Neutral to the ATM-mediated anti-cell growth with Camptothecin in MCF10A","ATM-mediated anti-cell growth with Camptothecin","5","Functionally normal","Uncertain significance","6.19616e-06","NA","CRISPR-Based Genome Editing","Base editing","33606978"
"NM_000051.4(ATM):c.2066C>T (p.Ser689Leu)","chr11","108253981","C/T","ATM","0.072","dataset0080","Missense","Neutral to the ATM-mediated anti-cell growth with Camptothecin in MCF10A","ATM-mediated anti-cell growth with Camptothecin","5","Functionally normal","Uncertain significance","1.23915e-06","NA","CRISPR-Based Genome Editing","Base editing","33606978"
"NM_000051.4(ATM):c.2135C>T (p.Ser712Leu)","chr11","108256225","C/T","ATM","0.114","dataset0080","Missense","Neutral to the ATM-mediated anti-cell growth with Camptothecin in MCF10A","ATM-mediated anti-cell growth with Camptothecin","5","Functionally normal","Uncertain significance","","NA","CRISPR-Based Genome Editing","Base editing","33606978"
"NM_000051.4(ATM):c.2149C>T (p.Arg717Trp)","chr11","108256239","C/T","ATM","-0.114","dataset0080","Missense","Neutral to the ATM-mediated anti-cell growth with Camptothecin in MCF10A","ATM-mediated anti-cell growth with Camptothecin","5","Functionally normal","Conflicting classifications of pathogenicity","2.67663e-05","NA","CRISPR-Based Genome Editing","Base editing","33606978"
"NM_000051.4(ATM):c.2156C>T (p.Ser719Leu)","chr11","108256246","C/T","ATM","0.484","dataset0080","Missense","Neutral to the ATM-mediated anti-cell growth with Camptothecin in MCF10A","ATM-mediated anti-cell growth with Camptothecin","5","Functionally normal","Uncertain significance","","NA","CRISPR-Based Genome Editing","Base editing","33606978"
"NM_000051.4(ATM):c.2161C>T (p.Leu721Phe)","chr11","108256251","C/T","ATM","0.052","dataset0080","Missense","Neutral to the ATM-mediated anti-cell growth with Camptothecin in MCF10A","ATM-mediated anti-cell growth with Camptothecin","5","Functionally normal","Uncertain significance","","NA","CRISPR-Based Genome Editing","Base editing","33606978"
"NM_000051.4(ATM):c.2167G>A (p.Val723Met)","chr11","108256257","G/A","ATM","0.269","dataset0080","Missense","Neutral to the ATM-mediated anti-cell growth with Camptothecin in MCF10A","ATM-mediated anti-cell growth with Camptothecin","5","Functionally normal","Uncertain significance","","NA","CRISPR-Based Genome Editing","Base editing","33606978"
"NM_000051.4(ATM):c.2239C>T (p.Gln747Ter)","chr11","108256329","C/T","ATM","0.084","dataset0080","Nonsense","Neutral to the ATM-mediated anti-cell growth with Camptothecin in MCF10A","ATM-mediated anti-cell growth with Camptothecin","5","Functionally normal","Pathogenic/Likely pathogenic","","NA","CRISPR-Based Genome Editing","Base editing","33606978"
"NM_000051.4(ATM):c.2252C>T (p.Ser751Phe)","chr11","108257482","C/T","ATM","0.492","dataset0080","Missense","Neutral to the ATM-mediated anti-cell growth with Camptothecin in MCF10A","ATM-mediated anti-cell growth with Camptothecin","5","Functionally normal","","","NA","CRISPR-Based Genome Editing","Base editing","33606978"
"NM_000051.4(ATM):c.2340G>A (p.Met780Ile)","chr11","108257570","G/A","ATM","-0.227","dataset0080","Missense","Neutral to the ATM-mediated anti-cell growth with Camptothecin in MCF10A","ATM-mediated anti-cell growth with Camptothecin","5","Functionally normal","","6.19571e-07","NA","CRISPR-Based Genome Editing","Base editing","33606978"
"NM_000051.4(ATM):c.2383C>T (p.Pro795Ser)","chr11","108258992","C/T","ATM","-0.166","dataset0080","Missense","Neutral to the ATM-mediated anti-cell growth with Camptothecin in MCF10A","ATM-mediated anti-cell growth with Camptothecin","5","Functionally normal","Uncertain significance","","NA","CRISPR-Based Genome Editing","Base editing","33606978"
"NM_000051.4(ATM):c.2384C>T (p.Pro795Leu)","chr11","108258993","C/T","ATM","-0.166","dataset0080","Missense","Neutral to the ATM-mediated anti-cell growth with Camptothecin in MCF10A","ATM-mediated anti-cell growth with Camptothecin","5","Functionally normal","","","NA","CRISPR-Based Genome Editing","Base editing","33606978"
"NM_000051.4(ATM):c.2401_2402delinsAA (p.Gly801Asn)","chr11","108259010","GG/AA","ATM","-0.029","dataset0080","Missense","Neutral to the ATM-mediated anti-cell growth with Camptothecin in MCF10A","ATM-mediated anti-cell growth with Camptothecin","5","Functionally normal","","","NA","CRISPR-Based Genome Editing","Base editing","33606978"
"NM_000051.4(ATM):c.2401G>A (p.Gly801Ser)","chr11","108259010","G/A","ATM","-0.029","dataset0080","Missense","Neutral to the ATM-mediated anti-cell growth with Camptothecin in MCF10A","ATM-mediated anti-cell growth with Camptothecin","5","Functionally normal","Uncertain significance","","NA","CRISPR-Based Genome Editing","Base editing","33606978"
"NM_000051.4(ATM):c.2402G>A (p.Gly801Asp)","chr11","108259011","G/A","ATM","-0.029","dataset0080","Missense","Neutral to the ATM-mediated anti-cell growth with Camptothecin in MCF10A","ATM-mediated anti-cell growth with Camptothecin","5","Functionally normal","Uncertain significance","6.19688e-07","NA","CRISPR-Based Genome Editing","Base editing","33606978"
"NM_000051.4(ATM):c.2491G>A (p.Asp831Asn)","chr11","108267195","G/A","ATM","-0.701","dataset0080","Missense","Neutral to the ATM-mediated anti-cell growth with Camptothecin in MCF10A","ATM-mediated anti-cell growth with Camptothecin","5","Functionally normal","Uncertain significance","6.19559e-07","NA","CRISPR-Based Genome Editing","Base editing","33606978"
"NM_000051.4(ATM):c.2500G>A (p.Glu834Lys)","chr11","108267204","G/A","ATM","0.263","dataset0080","Missense","Neutral to the ATM-mediated anti-cell growth with Camptothecin in MCF10A","ATM-mediated anti-cell growth with Camptothecin","5","Functionally normal","Uncertain significance","","NA","CRISPR-Based Genome Editing","Base editing","33606978"
"NM_000051.4(ATM):c.2503G>A (p.Val835Ile)","chr11","108267207","G/A","ATM","0.263","dataset0080","Missense","Neutral to the ATM-mediated anti-cell growth with Camptothecin in MCF10A","ATM-mediated anti-cell growth with Camptothecin","5","Functionally normal","","","NA","CRISPR-Based Genome Editing","Base editing","33606978"
"NM_000051.4(ATM):c.2525C>T (p.Thr842Ile)","chr11","108267229","C/T","ATM","0.048","dataset0080","Missense","Neutral to the ATM-mediated anti-cell growth with Camptothecin in MCF10A","ATM-mediated anti-cell growth with Camptothecin","5","Functionally normal","Uncertain significance","","NA","CRISPR-Based Genome Editing","Base editing","33606978"
"NM_000051.4(ATM):c.2578G>A (p.Asp860Asn)","chr11","108267282","G/A","ATM","-0.217","dataset0080","Missense","Neutral to the ATM-mediated anti-cell growth with Camptothecin in MCF10A","ATM-mediated anti-cell growth with Camptothecin","5","Functionally normal","Uncertain significance","3.71754e-06","NA","CRISPR-Based Genome Editing","Base editing","33606978"
"NM_000051.4(ATM):c.2600G>A (p.Ser867Asn)","chr11","108267304","G/A","ATM","0.054","dataset0080","Missense","Neutral to the ATM-mediated anti-cell growth with Camptothecin in MCF10A","ATM-mediated anti-cell growth with Camptothecin","5","Functionally normal","Uncertain significance","","NA","CRISPR-Based Genome Editing","Base editing","33606978"
"NM_000051.4(ATM):c.2602G>A (p.Asp868Asn)","chr11","108267306","G/A","ATM","0.054","dataset0080","Missense","Neutral to the ATM-mediated anti-cell growth with Camptothecin in MCF10A","ATM-mediated anti-cell growth with Camptothecin","5","Functionally normal","Uncertain significance","","NA","CRISPR-Based Genome Editing","Base editing","33606978"
"NM_000051.4(ATM):c.2630G>A (p.Ser877Asn)","chr11","108267334","G/A","ATM","-0.073","dataset0080","Missense","Neutral to the ATM-mediated anti-cell growth with Camptothecin in MCF10A","ATM-mediated anti-cell growth with Camptothecin","5","Functionally normal","","","NA","CRISPR-Based Genome Editing","Base editing","33606978"
"NM_000051.4(ATM):c.2659G>A (p.Glu887Lys)","chr11","108268430","G/A","ATM","0.106","dataset0080","Missense","Neutral to the ATM-mediated anti-cell growth with Camptothecin in MCF10A","ATM-mediated anti-cell growth with Camptothecin","5","Functionally normal","Uncertain significance","6.19675e-07","NA","CRISPR-Based Genome Editing","Base editing","33606978"
"NM_000051.4(ATM):c.2662G>A (p.Glu888Lys)","chr11","108268433","G/A","ATM","0.106","dataset0080","Missense","Neutral to the ATM-mediated anti-cell growth with Camptothecin in MCF10A","ATM-mediated anti-cell growth with Camptothecin","5","Functionally normal","Uncertain significance","","NA","CRISPR-Based Genome Editing","Base editing","33606978"
"NM_000051.4(ATM):c.2738C>T (p.Thr913Ile)","chr11","108268509","C/T","ATM","0.036","dataset0080","Missense","Neutral to the ATM-mediated anti-cell growth with Camptothecin in MCF10A","ATM-mediated anti-cell growth with Camptothecin","5","Functionally normal","Uncertain significance","","NA","CRISPR-Based Genome Editing","Base editing","33606978"
"NM_000051.4(ATM):c.2756G>A (p.Arg919Lys)","chr11","108268527","G/A","ATM","0.105","dataset0080","Missense","Neutral to the ATM-mediated anti-cell growth with Camptothecin in MCF10A","ATM-mediated anti-cell growth with Camptothecin","5","Functionally normal","","","NA","CRISPR-Based Genome Editing","Base editing","33606978"
"NM_000051.4(ATM):c.2758G>A (p.Ala920Thr)","chr11","108268529","G/A","ATM","0.105","dataset0080","Missense","Neutral to the ATM-mediated anti-cell growth with Camptothecin in MCF10A","ATM-mediated anti-cell growth with Camptothecin","5","Functionally normal","Uncertain significance","","NA","CRISPR-Based Genome Editing","Base editing","33606978"
"NM_000051.4(ATM):c.2759C>T (p.Ala920Val)","chr11","108268530","C/T","ATM","0.515","dataset0080","Missense","Neutral to the ATM-mediated anti-cell growth with Camptothecin in MCF10A","ATM-mediated anti-cell growth with Camptothecin","5","Functionally normal","Uncertain significance","","NA","CRISPR-Based Genome Editing","Base editing","33606978"
"NM_000051.4(ATM):c.2822C>T (p.Ser941Phe)","chr11","108268593","C/T","ATM","-0.299","dataset0080","Missense","Neutral to the ATM-mediated anti-cell growth with Camptothecin in MCF10A","ATM-mediated anti-cell growth with Camptothecin","5","Functionally normal","Uncertain significance","2.47859e-06","NA","CRISPR-Based Genome Editing","Base editing","33606978"
"NM_000051.4(ATM):c.2824C>T (p.Leu942Phe)","chr11","108268595","C/T","ATM","-0.299","dataset0080","Missense","Neutral to the ATM-mediated anti-cell growth with Camptothecin in MCF10A","ATM-mediated anti-cell growth with Camptothecin","5","Functionally normal","Uncertain significance","1.11537e-05","NA","CRISPR-Based Genome Editing","Base editing","33606978"
"NM_000051.4(ATM):c.2838G>A (p.Met946Ile)","chr11","108268609","G/A","ATM","1.305","dataset0080","Missense","The enhanced ATM-mediated anti-cell growth with Camptothecin in MCF10A","ATM-mediated anti-cell growth with Camptothecin","5","Gain-of-function","Uncertain significance","6.19782e-07","NA","CRISPR-Based Genome Editing","Base editing","33606978"
"NM_000051.4(ATM):c.2847G>A (p.Met949Ile)","chr11","108271072","G/A","ATM","-1.054","dataset0080","Missense","The reduced ATM-mediated anti-cell growth with Camptothecin in MCF10A","ATM-mediated anti-cell growth with Camptothecin","5","Loss-of-function","Conflicting classifications of pathogenicity","1.23941e-06","NA","CRISPR-Based Genome Editing","Base editing","33606978"
"NM_000051.4(ATM):c.2848C>T (p.Leu950Phe)","chr11","108271073","C/T","ATM","0.657","dataset0080","Missense","Neutral to the ATM-mediated anti-cell growth with Camptothecin in MCF10A","ATM-mediated anti-cell growth with Camptothecin","5","Functionally normal","Uncertain significance","2.8508e-05","NA","CRISPR-Based Genome Editing","Base editing","33606978"
"NM_000051.4(ATM):c.2893G>A (p.Asp965Asn)","chr11","108271118","G/A","ATM","-0.45","dataset0080","Missense","Neutral to the ATM-mediated anti-cell growth with Camptothecin in MCF10A","ATM-mediated anti-cell growth with Camptothecin","5","Functionally normal","","","NA","CRISPR-Based Genome Editing","Base editing","33606978"
"NM_000051.4(ATM):c.2896G>A (p.Val966Ile)","chr11","108271121","G/A","ATM","-0.354","dataset0080","Missense","Neutral to the ATM-mediated anti-cell growth with Camptothecin in MCF10A","ATM-mediated anti-cell growth with Camptothecin","5","Functionally normal","Uncertain significance","","NA","CRISPR-Based Genome Editing","Base editing","33606978"
"NM_000051.4(ATM):c.2902G>A (p.Glu968Lys)","chr11","108271127","G/A","ATM","-0.792","dataset0080","Missense","Neutral to the ATM-mediated anti-cell growth with Camptothecin in MCF10A","ATM-mediated anti-cell growth with Camptothecin","5","Functionally normal","","","NA","CRISPR-Based Genome Editing","Base editing","33606978"
"NM_000051.4(ATM):c.2986C>T (p.His996Tyr)","chr11","108271315","C/T","ATM","0.118","dataset0080","Missense","Neutral to the ATM-mediated anti-cell growth with Camptothecin in MCF10A","ATM-mediated anti-cell growth with Camptothecin","5","Functionally normal","Uncertain significance","","NA","CRISPR-Based Genome Editing","Base editing","33606978"
"NM_000051.4(ATM):c.2992G>A (p.Val998Met)","chr11","108271321","G/A","ATM","0.304","dataset0080","Missense","Neutral to the ATM-mediated anti-cell growth with Camptothecin in MCF10A","ATM-mediated anti-cell growth with Camptothecin","5","Functionally normal","Uncertain significance","1.85941e-06","NA","CRISPR-Based Genome Editing","Base editing","33606978"
"NM_000051.4(ATM):c.3018G>A (p.Met1006Ile)","chr11","108271347","G/A","ATM","-0.145","dataset0080","Missense","Neutral to the ATM-mediated anti-cell growth with Camptothecin in MCF10A","ATM-mediated anti-cell growth with Camptothecin","5","Functionally normal","Uncertain significance","","NA","CRISPR-Based Genome Editing","Base editing","33606978"
"NM_000051.4(ATM):c.3019G>A (p.Asp1007Asn)","chr11","108271348","G/A","ATM","-0.145","dataset0080","Missense","Neutral to the ATM-mediated anti-cell growth with Camptothecin in MCF10A","ATM-mediated anti-cell growth with Camptothecin","5","Functionally normal","","","NA","CRISPR-Based Genome Editing","Base editing","33606978"
"NM_000051.4(ATM):c.3032C>T (p.Thr1011Ile)","chr11","108271361","C/T","ATM","-0.637","dataset0080","Missense","Neutral to the ATM-mediated anti-cell growth with Camptothecin in MCF10A","ATM-mediated anti-cell growth with Camptothecin","5","Functionally normal","Uncertain significance","","NA","CRISPR-Based Genome Editing","Base editing","33606978"
"NM_000051.4(ATM):c.3049C>T (p.Gln1017Ter)","chr11","108271378","C/T","ATM","0.237","dataset0080","Nonsense","Neutral to the ATM-mediated anti-cell growth with Camptothecin in MCF10A","ATM-mediated anti-cell growth with Camptothecin","5","Functionally normal","Pathogenic/Likely pathogenic","6.19556e-07","NA","CRISPR-Based Genome Editing","Base editing","33606978"
"NM_000051.4(ATM):c.3059C>T (p.Thr1020Ile)","chr11","108271388","C/T","ATM","0.102","dataset0080","Missense","Neutral to the ATM-mediated anti-cell growth with Camptothecin in MCF10A","ATM-mediated anti-cell growth with Camptothecin","5","Functionally normal","Uncertain significance","9.29329e-06","NA","CRISPR-Based Genome Editing","Base editing","33606978"
"NM_000051.4(ATM):c.3079C>T (p.His1027Tyr)","chr11","108272533","C/T","ATM","-0.317","dataset0080","Missense","Neutral to the ATM-mediated anti-cell growth with Camptothecin in MCF10A","ATM-mediated anti-cell growth with Camptothecin","5","Functionally normal","","","NA","CRISPR-Based Genome Editing","Base editing","33606978"
"NM_000051.4(ATM):c.3136C>T (p.Leu1046Phe)","chr11","108272590","C/T","ATM","-0.373","dataset0080","Missense","Neutral to the ATM-mediated anti-cell growth with Camptothecin in MCF10A","ATM-mediated anti-cell growth with Camptothecin","5","Functionally normal","Uncertain significance","6.19676e-07","NA","CRISPR-Based Genome Editing","Base editing","33606978"
"NM_000051.4(ATM):c.3151G>A (p.Glu1051Lys)","chr11","108272605","G/A","ATM","-0.046","dataset0080","Missense","Neutral to the ATM-mediated anti-cell growth with Camptothecin in MCF10A","ATM-mediated anti-cell growth with Camptothecin","5","Functionally normal","","","NA","CRISPR-Based Genome Editing","Base editing","33606978"
"NM_000051.4(ATM):c.3155C>T (p.Ala1052Val)","chr11","108272723","C/T","ATM","-0.067","dataset0080","Missense","Neutral to the ATM-mediated anti-cell growth with Camptothecin in MCF10A","ATM-mediated anti-cell growth with Camptothecin","5","Functionally normal","Conflicting classifications of pathogenicity","3.09832e-06","NA","CRISPR-Based Genome Editing","Base editing","33606978"
"NM_000051.4(ATM):c.3160C>T (p.Pro1054Ser)","chr11","108272728","C/T","ATM","-0.064","dataset0080","Missense","Neutral to the ATM-mediated anti-cell growth with Camptothecin in MCF10A","ATM-mediated anti-cell growth with Camptothecin","5","Functionally normal","Uncertain significance","3.71775e-06","NA","CRISPR-Based Genome Editing","Base editing","33606978"
"NM_000051.4(ATM):c.3175G>A (p.Ala1059Thr)","chr11","108272743","G/A","ATM","0.37","dataset0080","Missense","Neutral to the ATM-mediated anti-cell growth with Camptothecin in MCF10A","ATM-mediated anti-cell growth with Camptothecin","5","Functionally normal","Conflicting classifications of pathogenicity","1.17736e-05","NA","CRISPR-Based Genome Editing","Base editing","33606978"
"NM_000051.4(ATM):c.3176C>T (p.Ala1059Val)","chr11","108272744","C/T","ATM","-0.165","dataset0080","Missense","Neutral to the ATM-mediated anti-cell growth with Camptothecin in MCF10A","ATM-mediated anti-cell growth with Camptothecin","5","Functionally normal","Uncertain significance","3.09835e-06","NA","CRISPR-Based Genome Editing","Base editing","33606978"
"NM_000051.4(ATM):c.3192G>A (p.Met1064Ile)","chr11","108272760","G/A","ATM","0.23","dataset0080","Missense","Neutral to the ATM-mediated anti-cell growth with Camptothecin in MCF10A","ATM-mediated anti-cell growth with Camptothecin","5","Functionally normal","Conflicting classifications of pathogenicity","6.19591e-07","NA","CRISPR-Based Genome Editing","Base editing","33606978"
"NM_000051.4(ATM):c.3193_3194delinsAA (p.Gly1065Lys)","chr11","108272761","GG/AA","ATM","0.23","dataset0080","Missense","Neutral to the ATM-mediated anti-cell growth with Camptothecin in MCF10A","ATM-mediated anti-cell growth with Camptothecin","5","Functionally normal","","","NA","CRISPR-Based Genome Editing","Base editing","33606978"
"NM_000051.4(ATM):c.3193G>A (p.Gly1065Arg)","chr11","108272761","G/A","ATM","0.23","dataset0080","Missense","Neutral to the ATM-mediated anti-cell growth with Camptothecin in MCF10A","ATM-mediated anti-cell growth with Camptothecin","5","Functionally normal","","","NA","CRISPR-Based Genome Editing","Base editing","33606978"
"NM_000051.4(ATM):c.3194G>A (p.Gly1065Glu)","chr11","108272762","G/A","ATM","0.23","dataset0080","Missense","Neutral to the ATM-mediated anti-cell growth with Camptothecin in MCF10A","ATM-mediated anti-cell growth with Camptothecin","5","Functionally normal","Uncertain significance","1.23914e-06","NA","CRISPR-Based Genome Editing","Base editing","33606978"
"NM_000051.4(ATM):c.3247C>T (p.His1083Tyr)","chr11","108272815","C/T","ATM","-0.209","dataset0080","Missense","Neutral to the ATM-mediated anti-cell growth with Camptothecin in MCF10A","ATM-mediated anti-cell growth with Camptothecin","5","Functionally normal","Uncertain significance","1.23922e-06","NA","CRISPR-Based Genome Editing","Base editing","33606978"
"NM_000051.4(ATM):c.3250C>T (p.Gln1084Ter)","chr11","108272818","C/T","ATM","-0.209","dataset0080","Nonsense","Neutral to the ATM-mediated anti-cell growth with Camptothecin in MCF10A","ATM-mediated anti-cell growth with Camptothecin","5","Functionally normal","Pathogenic","","NA","CRISPR-Based Genome Editing","Base editing","33606978"
"NM_000051.4(ATM):c.3265G>A (p.Ala1089Thr)","chr11","108272833","G/A","ATM","-0.103","dataset0080","Missense","Neutral to the ATM-mediated anti-cell growth with Camptothecin in MCF10A","ATM-mediated anti-cell growth with Camptothecin","5","Functionally normal","Uncertain significance","6.19624e-07","NA","CRISPR-Based Genome Editing","Base editing","33606978"
"NM_000051.4(ATM):c.3266C>T (p.Ala1089Val)","chr11","108272834","C/T","ATM","0.002","dataset0080","Missense","Neutral to the ATM-mediated anti-cell growth with Camptothecin in MCF10A","ATM-mediated anti-cell growth with Camptothecin","5","Functionally normal","Uncertain significance","","NA","CRISPR-Based Genome Editing","Base editing","33606978"
"NM_000051.4(ATM):c.3268G>A (p.Ala1090Thr)","chr11","108272836","G/A","ATM","-0.103","dataset0080","Missense","Neutral to the ATM-mediated anti-cell growth with Camptothecin in MCF10A","ATM-mediated anti-cell growth with Camptothecin","5","Functionally normal","Uncertain significance","","NA","CRISPR-Based Genome Editing","Base editing","33606978"
"NM_000051.4(ATM):c.3269C>T (p.Ala1090Val)","chr11","108272837","C/T","ATM","0.002","dataset0080","Missense","Neutral to the ATM-mediated anti-cell growth with Camptothecin in MCF10A","ATM-mediated anti-cell growth with Camptothecin","5","Functionally normal","Uncertain significance","1.23915e-06","NA","CRISPR-Based Genome Editing","Base editing","33606978"
"NM_000051.4(ATM):c.3275C>T (p.Ser1092Leu)","chr11","108272843","C/T","ATM","-0.385","dataset0080","Missense","Neutral to the ATM-mediated anti-cell growth with Camptothecin in MCF10A","ATM-mediated anti-cell growth with Camptothecin","5","Functionally normal","Uncertain significance","6.19587e-07","NA","CRISPR-Based Genome Editing","Base editing","33606978"
"NM_000051.4(ATM):c.3299C>T (p.Thr1100Met)","chr11","108279505","C/T","ATM","-0.469","dataset0080","Missense","Neutral to the ATM-mediated anti-cell growth with Camptothecin in MCF10A","ATM-mediated anti-cell growth with Camptothecin","5","Functionally normal","Conflicting classifications of pathogenicity","1.05569e-05","NA","CRISPR-Based Genome Editing","Base editing","33606978"
"NM_000051.4(ATM):c.3307G>A (p.Asp1103Asn)","chr11","108279513","G/A","ATM","-0.105","dataset0080","Missense","Neutral to the ATM-mediated anti-cell growth with Camptothecin in MCF10A","ATM-mediated anti-cell growth with Camptothecin","5","Functionally normal","Conflicting classifications of pathogenicity","6.20157e-07","NA","CRISPR-Based Genome Editing","Base editing","33606978"
"NM_000051.4(ATM):c.3368C>T (p.Ala1123Val)","chr11","108279574","C/T","ATM","-0.405","dataset0080","Missense","Neutral to the ATM-mediated anti-cell growth with Camptothecin in MCF10A","ATM-mediated anti-cell growth with Camptothecin","5","Functionally normal","Uncertain significance","","NA","CRISPR-Based Genome Editing","Base editing","33606978"
"NM_000051.4(ATM):c.3413C>T (p.Ala1138Val)","chr11","108281005","C/T","ATM","0.466","dataset0080","Missense","Neutral to the ATM-mediated anti-cell growth with Camptothecin in MCF10A","ATM-mediated anti-cell growth with Camptothecin","5","Functionally normal","Uncertain significance","","NA","CRISPR-Based Genome Editing","Base editing","33606978"
"NM_000051.4(ATM):c.3424G>A (p.Glu1142Lys)","chr11","108281016","G/A","ATM","0.489","dataset0080","Missense","Neutral to the ATM-mediated anti-cell growth with Camptothecin in MCF10A","ATM-mediated anti-cell growth with Camptothecin","5","Functionally normal","Uncertain significance","6.20024e-07","NA","CRISPR-Based Genome Editing","Base editing","33606978"
"NM_000051.4(ATM):c.3436G>A (p.Glu1146Lys)","chr11","108281028","G/A","ATM","-0.372","dataset0080","Missense","Neutral to the ATM-mediated anti-cell growth with Camptothecin in MCF10A","ATM-mediated anti-cell growth with Camptothecin","5","Functionally normal","Uncertain significance","","NA","CRISPR-Based Genome Editing","Base editing","33606978"
"NM_000051.4(ATM):c.3496_3497delinsTT (p.Pro1166Phe)","chr11","108281088","CC/TT","ATM","-0.327","dataset0080","Missense","Neutral to the ATM-mediated anti-cell growth with Camptothecin in MCF10A","ATM-mediated anti-cell growth with Camptothecin","5","Functionally normal","","","NA","CRISPR-Based Genome Editing","Base editing","33606978"
"NM_000051.4(ATM):c.3496C>T (p.Pro1166Ser)","chr11","108281088","C/T","ATM","-0.327","dataset0080","Missense","Neutral to the ATM-mediated anti-cell growth with Camptothecin in MCF10A","ATM-mediated anti-cell growth with Camptothecin","5","Functionally normal","Uncertain significance","","NA","CRISPR-Based Genome Editing","Base editing","33606978"
"NM_000051.4(ATM):c.3497C>T (p.Pro1166Leu)","chr11","108281089","C/T","ATM","-0.327","dataset0080","Missense","Neutral to the ATM-mediated anti-cell growth with Camptothecin in MCF10A","ATM-mediated anti-cell growth with Camptothecin","5","Functionally normal","","","NA","CRISPR-Based Genome Editing","Base editing","33606978"
"NM_000051.4(ATM):c.3503G>A (p.Cys1168Tyr)","chr11","108281095","G/A","ATM","0.299","dataset0080","Missense","Neutral to the ATM-mediated anti-cell growth with Camptothecin in MCF10A","ATM-mediated anti-cell growth with Camptothecin","5","Functionally normal","Uncertain significance","","NA","CRISPR-Based Genome Editing","Base editing","33606978"
"NM_000051.4(ATM):c.3505G>A (p.Glu1169Lys)","chr11","108281097","G/A","ATM","0.299","dataset0080","Missense","Neutral to the ATM-mediated anti-cell growth with Camptothecin in MCF10A","ATM-mediated anti-cell growth with Camptothecin","5","Functionally normal","Uncertain significance","6.81591e-06","NA","CRISPR-Based Genome Editing","Base editing","33606978"
"NM_000051.4(ATM):c.3514G>A (p.Ala1172Thr)","chr11","108281106","G/A","ATM","0.044","dataset0080","Missense","Neutral to the ATM-mediated anti-cell growth with Camptothecin in MCF10A","ATM-mediated anti-cell growth with Camptothecin","5","Functionally normal","","","NA","CRISPR-Based Genome Editing","Base editing","33606978"
"NM_000051.4(ATM):c.3536C>T (p.Ser1179Phe)","chr11","108281128","C/T","ATM","0.064","dataset0080","Missense","Neutral to the ATM-mediated anti-cell growth with Camptothecin in MCF10A","ATM-mediated anti-cell growth with Camptothecin","5","Functionally normal","","","NA","CRISPR-Based Genome Editing","Base editing","33606978"
"NM_000051.4(ATM):c.3544G>A (p.Glu1182Lys)","chr11","108281136","G/A","ATM","-0.37","dataset0080","Missense","Neutral to the ATM-mediated anti-cell growth with Camptothecin in MCF10A","ATM-mediated anti-cell growth with Camptothecin","5","Functionally normal","Uncertain significance","","NA","CRISPR-Based Genome Editing","Base editing","33606978"
"NM_000051.4(ATM):c.3559_3560delinsTT (p.Pro1187Phe)","chr11","108281151","CC/TT","ATM","-0.428","dataset0080","Missense","Neutral to the ATM-mediated anti-cell growth with Camptothecin in MCF10A","ATM-mediated anti-cell growth with Camptothecin","5","Functionally normal","","","NA","CRISPR-Based Genome Editing","Base editing","33606978"
"NM_000051.4(ATM):c.3559C>T (p.Pro1187Ser)","chr11","108281151","C/T","ATM","-0.428","dataset0080","Missense","Neutral to the ATM-mediated anti-cell growth with Camptothecin in MCF10A","ATM-mediated anti-cell growth with Camptothecin","5","Functionally normal","Uncertain significance","1.85895e-06","NA","CRISPR-Based Genome Editing","Base editing","33606978"
"NM_000051.4(ATM):c.3560C>T (p.Pro1187Leu)","chr11","108281152","C/T","ATM","-0.428","dataset0080","Missense","Neutral to the ATM-mediated anti-cell growth with Camptothecin in MCF10A","ATM-mediated anti-cell growth with Camptothecin","5","Functionally normal","","","NA","CRISPR-Based Genome Editing","Base editing","33606978"
"NM_000051.4(ATM):c.3562C>T (p.His1188Tyr)","chr11","108281154","C/T","ATM","-0.428","dataset0080","Missense","Neutral to the ATM-mediated anti-cell growth with Camptothecin in MCF10A","ATM-mediated anti-cell growth with Camptothecin","5","Functionally normal","Uncertain significance","6.1963e-07","NA","CRISPR-Based Genome Editing","Base editing","33606978"
"NM_000051.4(ATM):c.3613C>T (p.Arg1205Cys)","chr11","108282746","C/T","ATM","0.016","dataset0080","Missense","Neutral to the ATM-mediated anti-cell growth with Camptothecin in MCF10A","ATM-mediated anti-cell growth with Camptothecin","5","Functionally normal","Conflicting classifications of pathogenicity","1.11584e-05","ucec:0.2% (1/529):0.480","CRISPR-Based Genome Editing","Base editing","33606978"
"NM_000051.4(ATM):c.3632C>T (p.Ala1211Val)","chr11","108282765","C/T","ATM","-0.178","dataset0080","Missense","Neutral to the ATM-mediated anti-cell growth with Camptothecin in MCF10A","ATM-mediated anti-cell growth with Camptothecin","5","Functionally normal","Uncertain significance","","NA","CRISPR-Based Genome Editing","Base editing","33606978"
"NM_000051.4(ATM):c.3635C>T (p.Ser1212Phe)","chr11","108282768","C/T","ATM","-0.178","dataset0080","Missense","Neutral to the ATM-mediated anti-cell growth with Camptothecin in MCF10A","ATM-mediated anti-cell growth with Camptothecin","5","Functionally normal","","","NA","CRISPR-Based Genome Editing","Base editing","33606978"
"NM_000051.4(ATM):c.3637C>T (p.His1213Tyr)","chr11","108282770","C/T","ATM","-0.178","dataset0080","Missense","Neutral to the ATM-mediated anti-cell growth with Camptothecin in MCF10A","ATM-mediated anti-cell growth with Camptothecin","5","Functionally normal","Uncertain significance","","NA","CRISPR-Based Genome Editing","Base editing","33606978"
"NM_000051.4(ATM):c.3785G>A (p.Arg1262Lys)","chr11","108284265","G/A","ATM","0.18","dataset0080","Missense","Neutral to the ATM-mediated anti-cell growth with Camptothecin in MCF10A","ATM-mediated anti-cell growth with Camptothecin","5","Functionally normal","Uncertain significance","","NA","CRISPR-Based Genome Editing","Base editing","33606978"
"NM_000051.4(ATM):c.3788G>A (p.Ser1263Asn)","chr11","108284268","G/A","ATM","0.18","dataset0080","Missense","Neutral to the ATM-mediated anti-cell growth with Camptothecin in MCF10A","ATM-mediated anti-cell growth with Camptothecin","5","Functionally normal","","","NA","CRISPR-Based Genome Editing","Base editing","33606978"
"NM_000051.4(ATM):c.3815C>T (p.Ala1272Val)","chr11","108284295","C/T","ATM","-0.075","dataset0080","Missense","Neutral to the ATM-mediated anti-cell growth with Camptothecin in MCF10A","ATM-mediated anti-cell growth with Camptothecin","5","Functionally normal","","","NA","CRISPR-Based Genome Editing","Base editing","33606978"
"NM_000051.4(ATM):c.3820C>T (p.Gln1274Ter)","chr11","108284300","C/T","ATM","-0.399","dataset0080","Nonsense","Neutral to the ATM-mediated anti-cell growth with Camptothecin in MCF10A","ATM-mediated anti-cell growth with Camptothecin","5","Functionally normal","Conflicting classifications of pathogenicity","6.19708e-07","NA","CRISPR-Based Genome Editing","Base editing","33606978"
"NM_000051.4(ATM):c.3829G>A (p.Glu1277Lys)","chr11","108284309","G/A","ATM","0.185","dataset0080","Missense","Neutral to the ATM-mediated anti-cell growth with Camptothecin in MCF10A","ATM-mediated anti-cell growth with Camptothecin","5","Functionally normal","","","NA","CRISPR-Based Genome Editing","Base editing","33606978"
"NM_000051.4(ATM):c.3886_3887delinsTT (p.Pro1296Phe)","chr11","108284366","CC/TT","ATM","-0.171","dataset0080","Missense","Neutral to the ATM-mediated anti-cell growth with Camptothecin in MCF10A","ATM-mediated anti-cell growth with Camptothecin","5","Functionally normal","","","NA","CRISPR-Based Genome Editing","Base editing","33606978"
"NM_000051.4(ATM):c.3886C>T (p.Pro1296Ser)","chr11","108284366","C/T","ATM","-0.171","dataset0080","Missense","Neutral to the ATM-mediated anti-cell growth with Camptothecin in MCF10A","ATM-mediated anti-cell growth with Camptothecin","5","Functionally normal","Conflicting classifications of pathogenicity","","NA","CRISPR-Based Genome Editing","Base editing","33606978"
"NM_000051.4(ATM):c.3887C>T (p.Pro1296Leu)","chr11","108284367","C/T","ATM","-0.171","dataset0080","Missense","Neutral to the ATM-mediated anti-cell growth with Camptothecin in MCF10A","ATM-mediated anti-cell growth with Camptothecin","5","Functionally normal","Uncertain significance","","NA","CRISPR-Based Genome Editing","Base editing","33606978"
"NM_000051.4(ATM):c.3901G>A (p.Glu1301Lys)","chr11","108284381","G/A","ATM","-0.364","dataset0080","Missense","Neutral to the ATM-mediated anti-cell growth with Camptothecin in MCF10A","ATM-mediated anti-cell growth with Camptothecin","5","Functionally normal","Uncertain significance","","blca:0.2% (1/411):0.280","CRISPR-Based Genome Editing","Base editing","33606978"
"NM_000051.4(ATM):c.3904_3905delinsAA (p.Gly1302Asn)","chr11","108284384","GG/AA","ATM","-0.364","dataset0080","Missense","Neutral to the ATM-mediated anti-cell growth with Camptothecin in MCF10A","ATM-mediated anti-cell growth with Camptothecin","5","Functionally normal","","","NA","CRISPR-Based Genome Editing","Base editing","33606978"
"NM_000051.4(ATM):c.3904G>A (p.Gly1302Ser)","chr11","108284384","G/A","ATM","-0.364","dataset0080","Missense","Neutral to the ATM-mediated anti-cell growth with Camptothecin in MCF10A","ATM-mediated anti-cell growth with Camptothecin","5","Functionally normal","Conflicting classifications of pathogenicity","1.23929e-06","NA","CRISPR-Based Genome Editing","Base editing","33606978"
"NM_000051.4(ATM):c.3905G>A (p.Gly1302Asp)","chr11","108284385","G/A","ATM","-0.364","dataset0080","Missense","Neutral to the ATM-mediated anti-cell growth with Camptothecin in MCF10A","ATM-mediated anti-cell growth with Camptothecin","5","Functionally normal","Uncertain significance","6.19626e-07","NA","CRISPR-Based Genome Editing","Base editing","33606978"
"NM_000051.4(ATM):c.3908C>T (p.Thr1303Ile)","chr11","108284388","C/T","ATM","-0.171","dataset0080","Missense","Neutral to the ATM-mediated anti-cell growth with Camptothecin in MCF10A","ATM-mediated anti-cell growth with Camptothecin","5","Functionally normal","Uncertain significance","","NA","CRISPR-Based Genome Editing","Base editing","33606978"
"NM_000051.4(ATM):c.3911G>A (p.Arg1304Lys)","chr11","108284391","G/A","ATM","-0.17","dataset0080","Missense","Neutral to the ATM-mediated anti-cell growth with Camptothecin in MCF10A","ATM-mediated anti-cell growth with Camptothecin","5","Functionally normal","","","blca:0.2% (1/411):0.290","CRISPR-Based Genome Editing","Base editing","33606978"
"NM_000051.4(ATM):c.3913G>A (p.Asp1305Asn)","chr11","108284393","G/A","ATM","-0.17","dataset0080","Missense","Neutral to the ATM-mediated anti-cell growth with Camptothecin in MCF10A","ATM-mediated anti-cell growth with Camptothecin","5","Functionally normal","","","NA","CRISPR-Based Genome Editing","Base editing","33606978"
"NM_000051.4(ATM):c.3924G>A (p.Met1308Ile)","chr11","108284404","G/A","ATM","-0.461","dataset0080","Missense","Neutral to the ATM-mediated anti-cell growth with Camptothecin in MCF10A","ATM-mediated anti-cell growth with Camptothecin","5","Functionally normal","","","NA","CRISPR-Based Genome Editing","Base editing","33606978"
"NM_000051.4(ATM):c.3925G>A (p.Ala1309Thr)","chr11","108284405","G/A","ATM","-0.461","dataset0080","Missense","Neutral to the ATM-mediated anti-cell growth with Camptothecin in MCF10A","ATM-mediated anti-cell growth with Camptothecin","5","Functionally normal","Benign","0.00113514","NA","CRISPR-Based Genome Editing","Base editing","33606978"
"NM_000051.4(ATM):c.3963G>A (p.Met1321Ile)","chr11","108284443","G/A","ATM","-0.654","dataset0080","Missense","Neutral to the ATM-mediated anti-cell growth with Camptothecin in MCF10A","ATM-mediated anti-cell growth with Camptothecin","5","Functionally normal","Conflicting classifications of pathogenicity","2.97415e-05","NA","CRISPR-Based Genome Editing","Base editing","33606978"
"NM_000051.4(ATM):c.4021C>T (p.Pro1341Ser)","chr11","108287627","C/T","ATM","0.373","dataset0080","Missense","Neutral to the ATM-mediated anti-cell growth with Camptothecin in MCF10A","ATM-mediated anti-cell growth with Camptothecin","5","Functionally normal","","","NA","CRISPR-Based Genome Editing","Base editing","33606978"
"NM_000051.4(ATM):c.4036G>A (p.Glu1346Lys)","chr11","108287642","G/A","ATM","0.176","dataset0080","Missense","Neutral to the ATM-mediated anti-cell growth with Camptothecin in MCF10A","ATM-mediated anti-cell growth with Camptothecin","5","Functionally normal","","6.19697e-07","NA","CRISPR-Based Genome Editing","Base editing","33606978"
"NM_000051.4(ATM):c.4075G>A (p.Ala1359Thr)","chr11","108287681","G/A","ATM","0.174","dataset0080","Missense","Neutral to the ATM-mediated anti-cell growth with Camptothecin in MCF10A","ATM-mediated anti-cell growth with Camptothecin","5","Functionally normal","Uncertain significance","6.19695e-07","NA","CRISPR-Based Genome Editing","Base editing","33606978"
"NM_000051.4(ATM):c.4079G>A (p.Ser1360Asn)","chr11","108287685","G/A","ATM","0.174","dataset0080","Missense","Neutral to the ATM-mediated anti-cell growth with Camptothecin in MCF10A","ATM-mediated anti-cell growth with Camptothecin","5","Functionally normal","Uncertain significance","6.81793e-06","NA","CRISPR-Based Genome Editing","Base editing","33606978"
"NM_000051.4(ATM):c.4093C>T (p.Leu1365Phe)","chr11","108287699","C/T","ATM","0.032","dataset0080","Missense","Neutral to the ATM-mediated anti-cell growth with Camptothecin in MCF10A","ATM-mediated anti-cell growth with Camptothecin","5","Functionally normal","Uncertain significance","","NA","CRISPR-Based Genome Editing","Base editing","33606978"
"NM_000051.4(ATM):c.4108_4109delinsAA (p.Gly1370Lys)","chr11","108287714","GG/AA","ATM","0.396","dataset0080","Missense","Neutral to the ATM-mediated anti-cell growth with Camptothecin in MCF10A","ATM-mediated anti-cell growth with Camptothecin","5","Functionally normal","","","NA","CRISPR-Based Genome Editing","Base editing","33606978"
"NM_000051.4(ATM):c.4108G>A (p.Gly1370Arg)","chr11","108287714","G/A","ATM","0.396","dataset0080","Missense","Neutral to the ATM-mediated anti-cell growth with Camptothecin in MCF10A","ATM-mediated anti-cell growth with Camptothecin","5","Functionally normal","","","NA","CRISPR-Based Genome Editing","Base editing","33606978"
"NM_000051.4(ATM):c.4109G>A (p.Gly1370Glu)","chr11","108287715","G/A","ATM","0.396","dataset0080","Missense","Neutral to the ATM-mediated anti-cell growth with Camptothecin in MCF10A","ATM-mediated anti-cell growth with Camptothecin","5","Functionally normal","","","NA","CRISPR-Based Genome Editing","Base editing","33606978"
"NM_000051.4(ATM):c.4111G>A (p.Asp1371Asn)","chr11","108288978","G/A","ATM","-0.017","dataset0080","Missense","Neutral to the ATM-mediated anti-cell growth with Camptothecin in MCF10A","ATM-mediated anti-cell growth with Camptothecin","5","Functionally normal","Uncertain significance","","NA","CRISPR-Based Genome Editing","Base editing","33606978"
"NM_000051.4(ATM):c.4153G>A (p.Val1385Met)","chr11","108289020","G/A","ATM","0.565","dataset0080","Missense","Neutral to the ATM-mediated anti-cell growth with Camptothecin in MCF10A","ATM-mediated anti-cell growth with Camptothecin","5","Functionally normal","Uncertain significance","","NA","CRISPR-Based Genome Editing","Base editing","33606978"
"NM_000051.4(ATM):c.4162G>A (p.Ala1388Thr)","chr11","108289029","G/A","ATM","0.189","dataset0080","Missense","Neutral to the ATM-mediated anti-cell growth with Camptothecin in MCF10A","ATM-mediated anti-cell growth with Camptothecin","5","Functionally normal","Uncertain significance","","NA","CRISPR-Based Genome Editing","Base editing","33606978"
"NM_000051.4(ATM):c.4187G>A (p.Cys1396Tyr)","chr11","108289054","G/A","ATM","-0.262","dataset0080","Missense","Neutral to the ATM-mediated anti-cell growth with Camptothecin in MCF10A","ATM-mediated anti-cell growth with Camptothecin","5","Functionally normal","","","NA","CRISPR-Based Genome Editing","Base editing","33606978"
"NM_000051.4(ATM):c.4216G>A (p.Glu1406Lys)","chr11","108289083","G/A","ATM","-0.467","dataset0080","Missense","Neutral to the ATM-mediated anti-cell growth with Camptothecin in MCF10A","ATM-mediated anti-cell growth with Camptothecin","5","Functionally normal","","","NA","CRISPR-Based Genome Editing","Base editing","33606978"
"NM_000051.4(ATM):c.4261G>A (p.Ala1421Thr)","chr11","108289626","G/A","ATM","-0.547","dataset0080","Missense","Neutral to the ATM-mediated anti-cell growth with Camptothecin in MCF10A","ATM-mediated anti-cell growth with Camptothecin","5","Functionally normal","Uncertain significance","","NA","CRISPR-Based Genome Editing","Base editing","33606978"
"NM_000051.4(ATM):c.4279G>A (p.Ala1427Thr)","chr11","108289644","G/A","ATM","-0.126","dataset0080","Missense","Neutral to the ATM-mediated anti-cell growth with Camptothecin in MCF10A","ATM-mediated anti-cell growth with Camptothecin","5","Functionally normal","Conflicting classifications of pathogenicity","4.28256e-05","NA","CRISPR-Based Genome Editing","Base editing","33606978"
"NM_000051.4(ATM):c.4282G>A (p.Glu1428Lys)","chr11","108289647","G/A","ATM","-0.126","dataset0080","Missense","Neutral to the ATM-mediated anti-cell growth with Camptothecin in MCF10A","ATM-mediated anti-cell growth with Camptothecin","5","Functionally normal","Uncertain significance","2.48265e-06","NA","CRISPR-Based Genome Editing","Base editing","33606978"
"NM_000051.4(ATM):c.4420C>T (p.His1474Tyr)","chr11","108289785","C/T","ATM","0.416","dataset0080","Missense","Neutral to the ATM-mediated anti-cell growth with Camptothecin in MCF10A","ATM-mediated anti-cell growth with Camptothecin","5","Functionally normal","","","NA","CRISPR-Based Genome Editing","Base editing","33606978"
"NM_000051.4(ATM):c.4438C>T (p.Pro1480Ser)","chr11","108292620","C/T","ATM","0.016","dataset0080","Missense","Neutral to the ATM-mediated anti-cell growth with Camptothecin in MCF10A","ATM-mediated anti-cell growth with Camptothecin","5","Functionally normal","Uncertain significance","","NA","CRISPR-Based Genome Editing","Base editing","33606978"
"NM_000051.4(ATM):c.4445G>A (p.Cys1482Tyr)","chr11","108292627","G/A","ATM","-0.429","dataset0080","Missense","Neutral to the ATM-mediated anti-cell growth with Camptothecin in MCF10A","ATM-mediated anti-cell growth with Camptothecin","5","Functionally normal","Conflicting classifications of pathogenicity","2.10752e-05","NA","CRISPR-Based Genome Editing","Base editing","33606978"
"NM_000051.4(ATM):c.4453G>A (p.Asp1485Asn)","chr11","108292635","G/A","ATM","0.268","dataset0080","Missense","Neutral to the ATM-mediated anti-cell growth with Camptothecin in MCF10A","ATM-mediated anti-cell growth with Camptothecin","5","Functionally normal","","6.19649e-07","NA","CRISPR-Based Genome Editing","Base editing","33606978"
"NM_000051.4(ATM):c.4456G>A (p.Val1486Met)","chr11","108292638","G/A","ATM","0.268","dataset0080","Missense","Neutral to the ATM-mediated anti-cell growth with Camptothecin in MCF10A","ATM-mediated anti-cell growth with Camptothecin","5","Functionally normal","Uncertain significance","1.23946e-06","NA","CRISPR-Based Genome Editing","Base editing","33606978"
"NM_000051.4(ATM):c.4496G>A (p.Ser1499Asn)","chr11","108292678","G/A","ATM","-0.313","dataset0080","Missense","Neutral to the ATM-mediated anti-cell growth with Camptothecin in MCF10A","ATM-mediated anti-cell growth with Camptothecin","5","Functionally normal","","","NA","CRISPR-Based Genome Editing","Base editing","33606978"
"NM_000051.4(ATM):c.4511C>T (p.Thr1504Ile)","chr11","108292693","C/T","ATM","-0.054","dataset0080","Missense","Neutral to the ATM-mediated anti-cell growth with Camptothecin in MCF10A","ATM-mediated anti-cell growth with Camptothecin","5","Functionally normal","Uncertain significance","6.19625e-07","NA","CRISPR-Based Genome Editing","Base editing","33606978"
"NM_000051.4(ATM):c.4514C>T (p.Ala1505Val)","chr11","108292696","C/T","ATM","-0.054","dataset0080","Missense","Neutral to the ATM-mediated anti-cell growth with Camptothecin in MCF10A","ATM-mediated anti-cell growth with Camptothecin","5","Functionally normal","Uncertain significance","","NA","CRISPR-Based Genome Editing","Base editing","33606978"
"NM_000051.4(ATM):c.4526G>A (p.Cys1509Tyr)","chr11","108292708","G/A","ATM","0.389","dataset0080","Missense","Neutral to the ATM-mediated anti-cell growth with Camptothecin in MCF10A","ATM-mediated anti-cell growth with Camptothecin","5","Functionally normal","Uncertain significance","","NA","CRISPR-Based Genome Editing","Base editing","33606978"
"NM_000051.4(ATM):c.4531G>A (p.Asp1511Asn)","chr11","108292713","G/A","ATM","0.743","dataset0080","Missense","Neutral to the ATM-mediated anti-cell growth with Camptothecin in MCF10A","ATM-mediated anti-cell growth with Camptothecin","5","Functionally normal","Uncertain significance","","NA","CRISPR-Based Genome Editing","Base editing","33606978"
"NM_000051.4(ATM):c.4534G>A (p.Ala1512Thr)","chr11","108292716","G/A","ATM","0.743","dataset0080","Missense","Neutral to the ATM-mediated anti-cell growth with Camptothecin in MCF10A","ATM-mediated anti-cell growth with Camptothecin","5","Functionally normal","Uncertain significance","4.33732e-06","NA","CRISPR-Based Genome Editing","Base editing","33606978"
"NM_000051.4(ATM):c.4546C>T (p.His1516Tyr)","chr11","108292728","C/T","ATM","-0.42","dataset0080","Missense","Neutral to the ATM-mediated anti-cell growth with Camptothecin in MCF10A","ATM-mediated anti-cell growth with Camptothecin","5","Functionally normal","Uncertain significance","1.85906e-06","NA","CRISPR-Based Genome Editing","Base editing","33606978"
"NM_000051.4(ATM):c.4549C>T (p.Leu1517Phe)","chr11","108292731","C/T","ATM","-0.42","dataset0080","Missense","Neutral to the ATM-mediated anti-cell growth with Camptothecin in MCF10A","ATM-mediated anti-cell growth with Camptothecin","5","Functionally normal","Uncertain significance","8.0548e-06","NA","CRISPR-Based Genome Editing","Base editing","33606978"
"NM_000051.4(ATM):c.4561G>A (p.Val1521Ile)","chr11","108292743","G/A","ATM","-0.563","dataset0080","Missense","Neutral to the ATM-mediated anti-cell growth with Camptothecin in MCF10A","ATM-mediated anti-cell growth with Camptothecin","5","Functionally normal","Uncertain significance","","NA","CRISPR-Based Genome Editing","Base editing","33606978"
"NM_000051.4(ATM):c.4564_4565delinsAA (p.Gly1522Asn)","chr11","108292746","GG/AA","ATM","-0.563","dataset0080","Missense","Neutral to the ATM-mediated anti-cell growth with Camptothecin in MCF10A","ATM-mediated anti-cell growth with Camptothecin","5","Functionally normal","","","NA","CRISPR-Based Genome Editing","Base editing","33606978"
"NM_000051.4(ATM):c.4564G>A (p.Gly1522Ser)","chr11","108292746","G/A","ATM","-0.563","dataset0080","Missense","Neutral to the ATM-mediated anti-cell growth with Camptothecin in MCF10A","ATM-mediated anti-cell growth with Camptothecin","5","Functionally normal","Uncertain significance","4.95767e-06","NA","CRISPR-Based Genome Editing","Base editing","33606978"
"NM_000051.4(ATM):c.4565G>A (p.Gly1522Asp)","chr11","108292747","G/A","ATM","-0.563","dataset0080","Missense","Neutral to the ATM-mediated anti-cell growth with Camptothecin in MCF10A","ATM-mediated anti-cell growth with Camptothecin","5","Functionally normal","Uncertain significance","","NA","CRISPR-Based Genome Editing","Base editing","33606978"
"NM_000051.4(ATM):c.4576_4577delinsTT (p.Pro1526Phe)","chr11","108292758","CC/TT","ATM","-1.469","dataset0080","Missense","The reduced ATM-mediated anti-cell growth with Camptothecin in MCF10A","ATM-mediated anti-cell growth with Camptothecin","5","Loss-of-function","","","NA","CRISPR-Based Genome Editing","Base editing","33606978"
"NM_000051.4(ATM):c.4576C>T (p.Pro1526Ser)","chr11","108292758","C/T","ATM","-1.469","dataset0080","Missense","The reduced ATM-mediated anti-cell growth with Camptothecin in MCF10A","ATM-mediated anti-cell growth with Camptothecin","5","Loss-of-function","Conflicting classifications of pathogenicity","6.19587e-07","NA","CRISPR-Based Genome Editing","Base editing","33606978"
"NM_000051.4(ATM):c.4577C>T (p.Pro1526Leu)","chr11","108292759","C/T","ATM","-1.019","dataset0080","Missense","The reduced ATM-mediated anti-cell growth with Camptothecin in MCF10A","ATM-mediated anti-cell growth with Camptothecin","5","Loss-of-function","Uncertain significance","1.8589e-06","NA","CRISPR-Based Genome Editing","Base editing","33606978"
"NM_000051.4(ATM):c.4579C>T (p.Leu1527Phe)","chr11","108292761","C/T","ATM","-1.019","dataset0080","Missense","The reduced ATM-mediated anti-cell growth with Camptothecin in MCF10A","ATM-mediated anti-cell growth with Camptothecin","5","Loss-of-function","Uncertain significance","1.23917e-06","NA","CRISPR-Based Genome Editing","Base editing","33606978"
"NM_000051.4(ATM):c.4594G>A (p.Val1532Met)","chr11","108292776","G/A","ATM","0.083","dataset0080","Missense","Neutral to the ATM-mediated anti-cell growth with Camptothecin in MCF10A","ATM-mediated anti-cell growth with Camptothecin","5","Functionally normal","Uncertain significance","","NA","CRISPR-Based Genome Editing","Base editing","33606978"
"NM_000051.4(ATM):c.4597G>A (p.Glu1533Lys)","chr11","108292779","G/A","ATM","-0.073","dataset0080","Missense","Neutral to the ATM-mediated anti-cell growth with Camptothecin in MCF10A","ATM-mediated anti-cell growth with Camptothecin","5","Functionally normal","","","NA","CRISPR-Based Genome Editing","Base editing","33606978"
"NM_000051.4(ATM):c.4697C>T (p.Pro1566Leu)","chr11","108293398","C/T","ATM","-0.008","dataset0080","Missense","Neutral to the ATM-mediated anti-cell growth with Camptothecin in MCF10A","ATM-mediated anti-cell growth with Camptothecin","5","Functionally normal","","","NA","CRISPR-Based Genome Editing","Base editing","33606978"
"NM_000051.4(ATM):c.4702C>T (p.His1568Tyr)","chr11","108293403","C/T","ATM","-0.008","dataset0080","Missense","Neutral to the ATM-mediated anti-cell growth with Camptothecin in MCF10A","ATM-mediated anti-cell growth with Camptothecin","5","Functionally normal","Conflicting classifications of pathogenicity","6.20744e-06","NA","CRISPR-Based Genome Editing","Base editing","33606978"
"NM_000051.4(ATM):c.4705G>A (p.Val1569Ile)","chr11","108293406","G/A","ATM","0.225","dataset0080","Missense","Neutral to the ATM-mediated anti-cell growth with Camptothecin in MCF10A","ATM-mediated anti-cell growth with Camptothecin","5","Functionally normal","Uncertain significance","","NA","CRISPR-Based Genome Editing","Base editing","33606978"
"NM_000051.4(ATM):c.4708G>A (p.Val1570Ile)","chr11","108293409","G/A","ATM","0.225","dataset0080","Missense","Neutral to the ATM-mediated anti-cell growth with Camptothecin in MCF10A","ATM-mediated anti-cell growth with Camptothecin","5","Functionally normal","Uncertain significance","","NA","CRISPR-Based Genome Editing","Base editing","33606978"
"NM_000051.4(ATM):c.4717G>A (p.Asp1573Asn)","chr11","108293418","G/A","ATM","-0.511","dataset0080","Missense","Neutral to the ATM-mediated anti-cell growth with Camptothecin in MCF10A","ATM-mediated anti-cell growth with Camptothecin","5","Functionally normal","","","NA","CRISPR-Based Genome Editing","Base editing","33606978"
"NM_000051.4(ATM):c.4759_4760delinsTT (p.Pro1587Phe)","chr11","108293460","CC/TT","ATM","-0.223","dataset0080","Missense","Neutral to the ATM-mediated anti-cell growth with Camptothecin in MCF10A","ATM-mediated anti-cell growth with Camptothecin","5","Functionally normal","","","NA","CRISPR-Based Genome Editing","Base editing","33606978"
"NM_000051.4(ATM):c.4759C>T (p.Pro1587Ser)","chr11","108293460","C/T","ATM","-0.232","dataset0080","Missense","Neutral to the ATM-mediated anti-cell growth with Camptothecin in MCF10A","ATM-mediated anti-cell growth with Camptothecin","5","Functionally normal","","","NA","CRISPR-Based Genome Editing","Base editing","33606978"
"NM_000051.4(ATM):c.4760C>T (p.Pro1587Leu)","chr11","108293461","C/T","ATM","-0.223","dataset0080","Missense","Neutral to the ATM-mediated anti-cell growth with Camptothecin in MCF10A","ATM-mediated anti-cell growth with Camptothecin","5","Functionally normal","","","NA","CRISPR-Based Genome Editing","Base editing","33606978"
"NM_000051.4(ATM):c.4774G>A (p.Glu1592Lys)","chr11","108293475","G/A","ATM","-0.494","dataset0080","Missense","Neutral to the ATM-mediated anti-cell growth with Camptothecin in MCF10A","ATM-mediated anti-cell growth with Camptothecin","5","Functionally normal","","","NA","CRISPR-Based Genome Editing","Base editing","33606978"
"NM_000051.4(ATM):c.4802G>A (p.Ser1601Asn)","chr11","108294952","G/A","ATM","-0.306","dataset0080","Missense","Neutral to the ATM-mediated anti-cell growth with Camptothecin in MCF10A","ATM-mediated anti-cell growth with Camptothecin","5","Functionally normal","Conflicting classifications of pathogenicity","3.22217e-05","NA","CRISPR-Based Genome Editing","Base editing","33606978"
"NM_000051.4(ATM):c.4804G>A (p.Val1602Ile)","chr11","108294954","G/A","ATM","-0.306","dataset0080","Missense","Neutral to the ATM-mediated anti-cell growth with Camptothecin in MCF10A","ATM-mediated anti-cell growth with Camptothecin","5","Functionally normal","Uncertain significance","","NA","CRISPR-Based Genome Editing","Base editing","33606978"
"NM_000051.4(ATM):c.4819C>T (p.Pro1607Ser)","chr11","108294969","C/T","ATM","-0.211","dataset0080","Missense","Neutral to the ATM-mediated anti-cell growth with Camptothecin in MCF10A","ATM-mediated anti-cell growth with Camptothecin","5","Functionally normal","","","NA","CRISPR-Based Genome Editing","Base editing","33606978"
"NM_000051.4(ATM):c.4820C>T (p.Pro1607Leu)","chr11","108294970","C/T","ATM","-0.211","dataset0080","Missense","Neutral to the ATM-mediated anti-cell growth with Camptothecin in MCF10A","ATM-mediated anti-cell growth with Camptothecin","5","Functionally normal","Uncertain significance","","NA","CRISPR-Based Genome Editing","Base editing","33606978"
"NM_000051.4(ATM):c.4826C>T (p.Thr1609Ile)","chr11","108294976","C/T","ATM","-0.107","dataset0080","Missense","Neutral to the ATM-mediated anti-cell growth with Camptothecin in MCF10A","ATM-mediated anti-cell growth with Camptothecin","5","Functionally normal","Uncertain significance","","NA","CRISPR-Based Genome Editing","Base editing","33606978"
"NM_000051.4(ATM):c.4831C>T (p.Leu1611Phe)","chr11","108294981","C/T","ATM","-0.107","dataset0080","Missense","Neutral to the ATM-mediated anti-cell growth with Camptothecin in MCF10A","ATM-mediated anti-cell growth with Camptothecin","5","Functionally normal","Uncertain significance","","NA","CRISPR-Based Genome Editing","Base editing","33606978"
"NM_000051.4(ATM):c.4834G>A (p.Glu1612Lys)","chr11","108294984","G/A","ATM","-0.091","dataset0080","Missense","Neutral to the ATM-mediated anti-cell growth with Camptothecin in MCF10A","ATM-mediated anti-cell growth with Camptothecin","5","Functionally normal","","6.19619e-07","NA","CRISPR-Based Genome Editing","Base editing","33606978"
"NM_000051.4(ATM):c.4837_4838delinsAA (p.Gly1613Lys)","chr11","108294987","GG/AA","ATM","-0.091","dataset0080","Missense","Neutral to the ATM-mediated anti-cell growth with Camptothecin in MCF10A","ATM-mediated anti-cell growth with Camptothecin","5","Functionally normal","","","NA","CRISPR-Based Genome Editing","Base editing","33606978"
"NM_000051.4(ATM):c.4837G>A (p.Gly1613Arg)","chr11","108294987","G/A","ATM","-0.091","dataset0080","Missense","Neutral to the ATM-mediated anti-cell growth with Camptothecin in MCF10A","ATM-mediated anti-cell growth with Camptothecin","5","Functionally normal","","","NA","CRISPR-Based Genome Editing","Base editing","33606978"
"NM_000051.4(ATM):c.4838G>A (p.Gly1613Glu)","chr11","108294988","G/A","ATM","-0.091","dataset0080","Missense","Neutral to the ATM-mediated anti-cell growth with Camptothecin in MCF10A","ATM-mediated anti-cell growth with Camptothecin","5","Functionally normal","Uncertain significance","","NA","CRISPR-Based Genome Editing","Base editing","33606978"
"NM_000051.4(ATM):c.4849C>T (p.Leu1617Phe)","chr11","108294999","C/T","ATM","0.036","dataset0080","Missense","Neutral to the ATM-mediated anti-cell growth with Camptothecin in MCF10A","ATM-mediated anti-cell growth with Camptothecin","5","Functionally normal","","","NA","CRISPR-Based Genome Editing","Base editing","33606978"
"NM_000051.4(ATM):c.4870C>T (p.His1624Tyr)","chr11","108295020","C/T","ATM","-0.236","dataset0080","Missense","Neutral to the ATM-mediated anti-cell growth with Camptothecin in MCF10A","ATM-mediated anti-cell growth with Camptothecin","5","Functionally normal","","","NA","CRISPR-Based Genome Editing","Base editing","33606978"
"NM_000051.4(ATM):c.4915C>T (p.Pro1639Ser)","chr11","108297292","C/T","ATM","-0.397","dataset0080","Missense","Neutral to the ATM-mediated anti-cell growth with Camptothecin in MCF10A","ATM-mediated anti-cell growth with Camptothecin","5","Functionally normal","Uncertain significance","","NA","CRISPR-Based Genome Editing","Base editing","33606978"
"NM_000051.4(ATM):c.4916C>T (p.Pro1639Leu)","chr11","108297293","C/T","ATM","-0.397","dataset0080","Missense","Neutral to the ATM-mediated anti-cell growth with Camptothecin in MCF10A","ATM-mediated anti-cell growth with Camptothecin","5","Functionally normal","Uncertain significance","1.23969e-05","NA","CRISPR-Based Genome Editing","Base editing","33606978"
"NM_000051.4(ATM):c.4918C>T (p.Gln1640Ter)","chr11","108297295","C/T","ATM","-0.397","dataset0080","Nonsense","Neutral to the ATM-mediated anti-cell growth with Camptothecin in MCF10A","ATM-mediated anti-cell growth with Camptothecin","5","Functionally normal","Pathogenic","","NA","CRISPR-Based Genome Editing","Base editing","33606978"
"NM_000051.4(ATM):c.4932G>A (p.Met1644Ile)","chr11","108297309","G/A","ATM","-0.081","dataset0080","Missense","Neutral to the ATM-mediated anti-cell growth with Camptothecin in MCF10A","ATM-mediated anti-cell growth with Camptothecin","5","Functionally normal","Uncertain significance","1.23929e-06","ucec:0.2% (1/529):0.280","CRISPR-Based Genome Editing","Base editing","33606978"
"NM_000051.4(ATM):c.4933G>A (p.Val1645Met)","chr11","108297310","G/A","ATM","-0.081","dataset0080","Missense","Neutral to the ATM-mediated anti-cell growth with Camptothecin in MCF10A","ATM-mediated anti-cell growth with Camptothecin","5","Functionally normal","","","NA","CRISPR-Based Genome Editing","Base editing","33606978"
"NM_000051.4(ATM):c.4973C>T (p.Ala1658Val)","chr11","108297350","C/T","ATM","-0.395","dataset0080","Missense","Neutral to the ATM-mediated anti-cell growth with Camptothecin in MCF10A","ATM-mediated anti-cell growth with Camptothecin","5","Functionally normal","","","ucec:0.2% (1/529):0.270","CRISPR-Based Genome Editing","Base editing","33606978"
"NM_000051.4(ATM):c.4996G>A (p.Glu1666Lys)","chr11","108297373","G/A","ATM","-0.323","dataset0080","Missense","Neutral to the ATM-mediated anti-cell growth with Camptothecin in MCF10A","ATM-mediated anti-cell growth with Camptothecin","5","Functionally normal","Uncertain significance","","NA","CRISPR-Based Genome Editing","Base editing","33606978"
"NM_000051.4(ATM):c.4999G>A (p.Val1667Ile)","chr11","108297376","G/A","ATM","-0.323","dataset0080","Missense","Neutral to the ATM-mediated anti-cell growth with Camptothecin in MCF10A","ATM-mediated anti-cell growth with Camptothecin","5","Functionally normal","Uncertain significance","","NA","CRISPR-Based Genome Editing","Base editing","33606978"
"NM_000051.4(ATM):c.5009C>T (p.Ala1670Val)","chr11","108299717","C/T","ATM","-0.124","dataset0080","Missense","Neutral to the ATM-mediated anti-cell growth with Camptothecin in MCF10A","ATM-mediated anti-cell growth with Camptothecin","5","Functionally normal","Conflicting classifications of pathogenicity","7.43748e-06","NA","CRISPR-Based Genome Editing","Base editing","33606978"
"NM_000051.4(ATM):c.5072G>A (p.Ser1691Asn)","chr11","108299780","G/A","ATM","0.411","dataset0080","Missense","Neutral to the ATM-mediated anti-cell growth with Camptothecin in MCF10A","ATM-mediated anti-cell growth with Camptothecin","5","Functionally normal","","6.19584e-07","NA","CRISPR-Based Genome Editing","Base editing","33606978"
"NM_000051.4(ATM):c.5110G>A (p.Glu1704Lys)","chr11","108299818","G/A","ATM","-0.294","dataset0080","Missense","Neutral to the ATM-mediated anti-cell growth with Camptothecin in MCF10A","ATM-mediated anti-cell growth with Camptothecin","5","Functionally normal","","6.19639e-07","NA","CRISPR-Based Genome Editing","Base editing","33606978"
"NM_000051.4(ATM):c.5113G>A (p.Asp1705Asn)","chr11","108299821","G/A","ATM","-0.142","dataset0080","Missense","Neutral to the ATM-mediated anti-cell growth with Camptothecin in MCF10A","ATM-mediated anti-cell growth with Camptothecin","5","Functionally normal","Conflicting classifications of pathogenicity","6.19638e-07","blca:0.2% (1/411):0.190","CRISPR-Based Genome Editing","Base editing","33606978"
"NM_000051.4(ATM):c.5147C>T (p.Thr1716Ile)","chr11","108299855","C/T","ATM","-0.095","dataset0080","Missense","Neutral to the ATM-mediated anti-cell growth with Camptothecin in MCF10A","ATM-mediated anti-cell growth with Camptothecin","5","Functionally normal","Uncertain significance","","NA","CRISPR-Based Genome Editing","Base editing","33606978"
"NM_000051.4(ATM):c.5162C>T (p.Thr1721Ile)","chr11","108299870","C/T","ATM","0.357","dataset0080","Missense","Neutral to the ATM-mediated anti-cell growth with Camptothecin in MCF10A","ATM-mediated anti-cell growth with Camptothecin","5","Functionally normal","Uncertain significance","","NA","CRISPR-Based Genome Editing","Base editing","33606978"
"NM_000051.4(ATM):c.5167G>A (p.Val1723Ile)","chr11","108299875","G/A","ATM","0.037","dataset0080","Missense","Neutral to the ATM-mediated anti-cell growth with Camptothecin in MCF10A","ATM-mediated anti-cell growth with Camptothecin","5","Functionally normal","Uncertain significance","1.23952e-06","NA","CRISPR-Based Genome Editing","Base editing","33606978"
"NM_000051.4(ATM):c.5170G>A (p.Glu1724Lys)","chr11","108299878","G/A","ATM","0.161","dataset0080","Missense","Neutral to the ATM-mediated anti-cell growth with Camptothecin in MCF10A","ATM-mediated anti-cell growth with Camptothecin","5","Functionally normal","","","NA","CRISPR-Based Genome Editing","Base editing","33606978"
"NM_000051.4(ATM):c.5224G>A (p.Ala1742Thr)","chr11","108301694","G/A","ATM","-0.132","dataset0080","Missense","Neutral to the ATM-mediated anti-cell growth with Camptothecin in MCF10A","ATM-mediated anti-cell growth with Camptothecin","5","Functionally normal","","","NA","CRISPR-Based Genome Editing","Base editing","33606978"
"NM_000051.4(ATM):c.5234C>T (p.Thr1745Ile)","chr11","108301704","C/T","ATM","0.302","dataset0080","Missense","Neutral to the ATM-mediated anti-cell growth with Camptothecin in MCF10A","ATM-mediated anti-cell growth with Camptothecin","5","Functionally normal","","","NA","CRISPR-Based Genome Editing","Base editing","33606978"
"NM_000051.4(ATM):c.5243G>A (p.Ser1748Asn)","chr11","108301713","G/A","ATM","-0.042","dataset0080","Missense","Neutral to the ATM-mediated anti-cell growth with Camptothecin in MCF10A","ATM-mediated anti-cell growth with Camptothecin","5","Functionally normal","","","NA","CRISPR-Based Genome Editing","Base editing","33606978"
"NM_000051.4(ATM):c.5267C>T (p.Thr1756Ile)","chr11","108301737","C/T","ATM","-0.49","dataset0080","Missense","Neutral to the ATM-mediated anti-cell growth with Camptothecin in MCF10A","ATM-mediated anti-cell growth with Camptothecin","5","Functionally normal","","","NA","CRISPR-Based Genome Editing","Base editing","33606978"
"NM_000051.4(ATM):c.5303G>A (p.Arg1768Lys)","chr11","108301773","G/A","ATM","-0.295","dataset0080","Missense","Neutral to the ATM-mediated anti-cell growth with Camptothecin in MCF10A","ATM-mediated anti-cell growth with Camptothecin","5","Functionally normal","Uncertain significance","","NA","CRISPR-Based Genome Editing","Base editing","33606978"
"NM_000051.4(ATM):c.5312G>A (p.Arg1771Lys)","chr11","108301782","G/A","ATM","-0.221","dataset0080","Missense","Neutral to the ATM-mediated anti-cell growth with Camptothecin in MCF10A","ATM-mediated anti-cell growth with Camptothecin","5","Functionally normal","Uncertain significance","0","NA","CRISPR-Based Genome Editing","Base editing","33606978"
"NM_000051.4(ATM):c.5347G>A (p.Glu1783Lys)","chr11","108302880","G/A","ATM","-0.446","dataset0080","Missense","Neutral to the ATM-mediated anti-cell growth with Camptothecin in MCF10A","ATM-mediated anti-cell growth with Camptothecin","5","Functionally normal","Uncertain significance","","NA","CRISPR-Based Genome Editing","Base editing","33606978"
"NM_000051.4(ATM):c.5353C>T (p.Pro1785Ser)","chr11","108302886","C/T","ATM","-0.087","dataset0080","Missense","Neutral to the ATM-mediated anti-cell growth with Camptothecin in MCF10A","ATM-mediated anti-cell growth with Camptothecin","5","Functionally normal","Uncertain significance","","NA","CRISPR-Based Genome Editing","Base editing","33606978"
"NM_000051.4(ATM):c.5368G>A (p.Asp1790Asn)","chr11","108302901","G/A","ATM","-0.222","dataset0080","Missense","Neutral to the ATM-mediated anti-cell growth with Camptothecin in MCF10A","ATM-mediated anti-cell growth with Camptothecin","5","Functionally normal","Uncertain significance","","NA","CRISPR-Based Genome Editing","Base editing","33606978"
"NM_000051.4(ATM):c.5371G>A (p.Asp1791Asn)","chr11","108302904","G/A","ATM","-0.222","dataset0080","Missense","Neutral to the ATM-mediated anti-cell growth with Camptothecin in MCF10A","ATM-mediated anti-cell growth with Camptothecin","5","Functionally normal","Uncertain significance","","NA","CRISPR-Based Genome Editing","Base editing","33606978"
"NM_000051.4(ATM):c.5384G>A (p.Trp1795Ter)","chr11","108302917","G/A","ATM","-0.271","dataset0080","Nonsense","Neutral to the ATM-mediated anti-cell growth with Camptothecin in MCF10A","ATM-mediated anti-cell growth with Camptothecin","5","Functionally normal","","","NA","CRISPR-Based Genome Editing","Base editing","33606978"
"NM_000051.4(ATM):c.5407G>A (p.Asp1803Asn)","chr11","108302940","G/A","ATM","0.075","dataset0080","Missense","Neutral to the ATM-mediated anti-cell growth with Camptothecin in MCF10A","ATM-mediated anti-cell growth with Camptothecin","5","Functionally normal","","","NA","CRISPR-Based Genome Editing","Base editing","33606978"
"NM_000051.4(ATM):c.5423C>T (p.Thr1808Ile)","chr11","108302956","C/T","ATM","0.079","dataset0080","Missense","Neutral to the ATM-mediated anti-cell growth with Camptothecin in MCF10A","ATM-mediated anti-cell growth with Camptothecin","5","Functionally normal","Uncertain significance","6.19785e-07","NA","CRISPR-Based Genome Editing","Base editing","33606978"
"NM_000051.4(ATM):c.5435C>T (p.Ala1812Val)","chr11","108302968","C/T","ATM","-0.108","dataset0080","Missense","Neutral to the ATM-mediated anti-cell growth with Camptothecin in MCF10A","ATM-mediated anti-cell growth with Camptothecin","5","Functionally normal","Uncertain significance","8.05766e-06","ucec:0.2% (1/529):0.330","CRISPR-Based Genome Editing","Base editing","33606978"
"NM_000051.4(ATM):c.5542G>A (p.Asp1848Asn)","chr11","108304720","G/A","ATM","0.214","dataset0080","Missense","Neutral to the ATM-mediated anti-cell growth with Camptothecin in MCF10A","ATM-mediated anti-cell growth with Camptothecin","5","Functionally normal","","","NA","CRISPR-Based Genome Editing","Base editing","33606978"
"NM_000051.4(ATM):c.5554C>T (p.Gln1852Ter)","chr11","108304732","C/T","ATM","-0.014","dataset0080","Nonsense","Neutral to the ATM-mediated anti-cell growth with Camptothecin in MCF10A","ATM-mediated anti-cell growth with Camptothecin","5","Functionally normal","Pathogenic/Likely pathogenic","3.09824e-06","NA","CRISPR-Based Genome Editing","Base editing","33606978"
"NM_000051.4(ATM):c.5573G>A (p.Trp1858Ter)","chr11","108304751","G/A","ATM","0.265","dataset0080","Nonsense","Neutral to the ATM-mediated anti-cell growth with Camptothecin in MCF10A","ATM-mediated anti-cell growth with Camptothecin","5","Functionally normal","Pathogenic/Likely pathogenic","","NA","CRISPR-Based Genome Editing","Base editing","33606978"
"NM_000051.4(ATM):c.5584C>T (p.Leu1862Phe)","chr11","108304762","C/T","ATM","-0.135","dataset0080","Missense","Neutral to the ATM-mediated anti-cell growth with Camptothecin in MCF10A","ATM-mediated anti-cell growth with Camptothecin","5","Functionally normal","Uncertain significance","6.19583e-07","NA","CRISPR-Based Genome Editing","Base editing","33606978"
"NM_000051.4(ATM):c.5588C>T (p.Ser1863Phe)","chr11","108304766","C/T","ATM","-0.227","dataset0080","Missense","Neutral to the ATM-mediated anti-cell growth with Camptothecin in MCF10A","ATM-mediated anti-cell growth with Camptothecin","5","Functionally normal","Uncertain significance","","NA","CRISPR-Based Genome Editing","Base editing","33606978"
"NM_000051.4(ATM):c.5648C>T (p.Ser1883Phe)","chr11","108304826","C/T","ATM","-0.199","dataset0080","Missense","Neutral to the ATM-mediated anti-cell growth with Camptothecin in MCF10A","ATM-mediated anti-cell growth with Camptothecin","5","Functionally normal","Uncertain significance","","NA","CRISPR-Based Genome Editing","Base editing","33606978"
"NM_000051.4(ATM):c.5651C>T (p.Thr1884Ile)","chr11","108304829","C/T","ATM","-0.199","dataset0080","Missense","Neutral to the ATM-mediated anti-cell growth with Camptothecin in MCF10A","ATM-mediated anti-cell growth with Camptothecin","5","Functionally normal","Uncertain significance","6.19541e-07","NA","CRISPR-Based Genome Editing","Base editing","33606978"
"NM_000051.4(ATM):c.5656_5657delinsTT (p.Pro1886Phe)","chr11","108304834","CC/TT","ATM","-0.183","dataset0080","Missense","Neutral to the ATM-mediated anti-cell growth with Camptothecin in MCF10A","ATM-mediated anti-cell growth with Camptothecin","5","Functionally normal","","","NA","CRISPR-Based Genome Editing","Base editing","33606978"
"NM_000051.4(ATM):c.5656C>T (p.Pro1886Ser)","chr11","108304834","C/T","ATM","-0.183","dataset0080","Missense","Neutral to the ATM-mediated anti-cell growth with Camptothecin in MCF10A","ATM-mediated anti-cell growth with Camptothecin","5","Functionally normal","Uncertain significance","","NA","CRISPR-Based Genome Editing","Base editing","33606978"
"NM_000051.4(ATM):c.5657C>T (p.Pro1886Leu)","chr11","108304835","C/T","ATM","-0.183","dataset0080","Missense","Neutral to the ATM-mediated anti-cell growth with Camptothecin in MCF10A","ATM-mediated anti-cell growth with Camptothecin","5","Functionally normal","","6.19559e-07","NA","CRISPR-Based Genome Editing","Base editing","33606978"
"NM_000051.4(ATM):c.5659G>A (p.Ala1887Thr)","chr11","108304837","G/A","ATM","-0.472","dataset0080","Missense","Neutral to the ATM-mediated anti-cell growth with Camptothecin in MCF10A","ATM-mediated anti-cell growth with Camptothecin","5","Functionally normal","Uncertain significance","","NA","CRISPR-Based Genome Editing","Base editing","33606978"
"NM_000051.4(ATM):c.5660C>T (p.Ala1887Val)","chr11","108304838","C/T","ATM","-0.183","dataset0080","Missense","Neutral to the ATM-mediated anti-cell growth with Camptothecin in MCF10A","ATM-mediated anti-cell growth with Camptothecin","5","Functionally normal","Uncertain significance","","NA","CRISPR-Based Genome Editing","Base editing","33606978"
"NM_000051.4(ATM):c.5668G>A (p.Asp1890Asn)","chr11","108304846","G/A","ATM","-0.707","dataset0080","Missense","Neutral to the ATM-mediated anti-cell growth with Camptothecin in MCF10A","ATM-mediated anti-cell growth with Camptothecin","5","Functionally normal","","","NA","CRISPR-Based Genome Editing","Base editing","33606978"
"NM_000051.4(ATM):c.5674G>A (p.Glu1892Lys)","chr11","108304852","G/A","ATM","0.05","dataset0080","Missense","Neutral to the ATM-mediated anti-cell growth with Camptothecin in MCF10A","ATM-mediated anti-cell growth with Camptothecin","5","Functionally normal","Uncertain significance","3.09856e-06","NA","CRISPR-Based Genome Editing","Base editing","33606978"
"NM_000051.4(ATM):c.5723C>T (p.Thr1908Ile)","chr11","108307945","C/T","ATM","-0.039","dataset0080","Missense","Neutral to the ATM-mediated anti-cell growth with Camptothecin in MCF10A","ATM-mediated anti-cell growth with Camptothecin","5","Functionally normal","Uncertain significance","","NA","CRISPR-Based Genome Editing","Base editing","33606978"
"NM_000051.4(ATM):c.5843G>A (p.Cys1948Tyr)","chr11","108310240","G/A","ATM","0.556","dataset0080","Missense","Neutral to the ATM-mediated anti-cell growth with Camptothecin in MCF10A","ATM-mediated anti-cell growth with Camptothecin","5","Functionally normal","","6.19771e-07","NA","CRISPR-Based Genome Editing","Base editing","33606978"
"NM_000051.4(ATM):c.5845G>A (p.Ala1949Thr)","chr11","108310242","G/A","ATM","0.556","dataset0080","Missense","Neutral to the ATM-mediated anti-cell growth with Camptothecin in MCF10A","ATM-mediated anti-cell growth with Camptothecin","5","Functionally normal","Uncertain significance","","NA","CRISPR-Based Genome Editing","Base editing","33606978"
"NM_000051.4(ATM):c.5885C>T (p.Ala1962Val)","chr11","108310282","C/T","ATM","-0.293","dataset0080","Missense","Neutral to the ATM-mediated anti-cell growth with Camptothecin in MCF10A","ATM-mediated anti-cell growth with Camptothecin","5","Functionally normal","","1.85961e-06","NA","CRISPR-Based Genome Editing","Base editing","33606978"
"NM_000051.4(ATM):c.5908C>T (p.Gln1970Ter)","chr11","108310305","C/T","ATM","-0.251","dataset0080","Nonsense","Neutral to the ATM-mediated anti-cell growth with Camptothecin in MCF10A","ATM-mediated anti-cell growth with Camptothecin","5","Functionally normal","Pathogenic","2.54234e-05","NA","CRISPR-Based Genome Editing","Base editing","33606978"
"NM_000051.4(ATM):c.5923C>T (p.Leu1975Phe)","chr11","108312415","C/T","ATM","0.036","dataset0080","Missense","Neutral to the ATM-mediated anti-cell growth with Camptothecin in MCF10A","ATM-mediated anti-cell growth with Camptothecin","5","Functionally normal","","","NA","CRISPR-Based Genome Editing","Base editing","33606978"
"NM_000051.4(ATM):c.5963G>A (p.Ser1988Asn)","chr11","108312455","G/A","ATM","0.352","dataset0080","Missense","Neutral to the ATM-mediated anti-cell growth with Camptothecin in MCF10A","ATM-mediated anti-cell growth with Camptothecin","5","Functionally normal","","","NA","CRISPR-Based Genome Editing","Base editing","33606978"
"NM_000051.4(ATM):c.5990C>T (p.Thr1997Ile)","chr11","108312482","C/T","ATM","0.29","dataset0080","Missense","Neutral to the ATM-mediated anti-cell growth with Camptothecin in MCF10A","ATM-mediated anti-cell growth with Camptothecin","5","Functionally normal","Uncertain significance","","NA","CRISPR-Based Genome Editing","Base editing","33606978"
"NM_000051.4(ATM):c.6004C>T (p.Gln2002Ter)","chr11","108312496","C/T","ATM","-0.195","dataset0080","Nonsense","Neutral to the ATM-mediated anti-cell growth with Camptothecin in MCF10A","ATM-mediated anti-cell growth with Camptothecin","5","Functionally normal","Pathogenic","","NA","CRISPR-Based Genome Editing","Base editing","33606978"
"NM_000051.4(ATM):c.6043C>T (p.Pro2015Ser)","chr11","108315859","C/T","ATM","0.099","dataset0080","Missense","Neutral to the ATM-mediated anti-cell growth with Camptothecin in MCF10A","ATM-mediated anti-cell growth with Camptothecin","5","Functionally normal","","0","NA","CRISPR-Based Genome Editing","Base editing","33606978"
"NM_000051.4(ATM):c.6044C>T (p.Pro2015Leu)","chr11","108315860","C/T","ATM","0.099","dataset0080","Missense","Neutral to the ATM-mediated anti-cell growth with Camptothecin in MCF10A","ATM-mediated anti-cell growth with Camptothecin","5","Functionally normal","Uncertain significance","","NA","CRISPR-Based Genome Editing","Base editing","33606978"
"NM_000051.4(ATM):c.6058_6059delinsAA (p.Gly2020Asn)","chr11","108315874","GG/AA","ATM","-0.463","dataset0080","Missense","Neutral to the ATM-mediated anti-cell growth with Camptothecin in MCF10A","ATM-mediated anti-cell growth with Camptothecin","5","Functionally normal","","","NA","CRISPR-Based Genome Editing","Base editing","33606978"
"NM_000051.4(ATM):c.6058G>A (p.Gly2020Ser)","chr11","108315874","G/A","ATM","-0.463","dataset0080","Missense","Neutral to the ATM-mediated anti-cell growth with Camptothecin in MCF10A","ATM-mediated anti-cell growth with Camptothecin","5","Functionally normal","","","NA","CRISPR-Based Genome Editing","Base editing","33606978"
"NM_000051.4(ATM):c.6059G>A (p.Gly2020Asp)","chr11","108315875","G/A","ATM","-0.463","dataset0080","Missense","Neutral to the ATM-mediated anti-cell growth with Camptothecin in MCF10A","ATM-mediated anti-cell growth with Camptothecin","5","Functionally normal","Uncertain significance","6.19861e-07","NA","CRISPR-Based Genome Editing","Base editing","33606978"
"NM_000051.4(ATM):c.6062G>A (p.Cys2021Tyr)","chr11","108315878","G/A","ATM","-0.463","dataset0080","Missense","Neutral to the ATM-mediated anti-cell growth with Camptothecin in MCF10A","ATM-mediated anti-cell growth with Camptothecin","5","Functionally normal","Uncertain significance","1.85993e-06","NA","CRISPR-Based Genome Editing","Base editing","33606978"
"NM_000051.4(ATM):c.6112C>T (p.His2038Tyr)","chr11","108316027","C/T","ATM","-0.757","dataset0080","Missense","Neutral to the ATM-mediated anti-cell growth with Camptothecin in MCF10A","ATM-mediated anti-cell growth with Camptothecin","5","Functionally normal","Uncertain significance","","NA","CRISPR-Based Genome Editing","Base editing","33606978"
"NM_000051.4(ATM):c.6154G>A (p.Glu2052Lys)","chr11","108316069","G/A","ATM","-0.196","dataset0080","Missense","Neutral to the ATM-mediated anti-cell growth with Camptothecin in MCF10A","ATM-mediated anti-cell growth with Camptothecin","5","Functionally normal","Conflicting classifications of pathogenicity","3.03586e-05","NA","CRISPR-Based Genome Editing","Base editing","33606978"
"NM_000051.4(ATM):c.6166_6167delinsTT (p.Pro2056Phe)","chr11","108316081","CC/TT","ATM","-0.376","dataset0080","Missense","Neutral to the ATM-mediated anti-cell growth with Camptothecin in MCF10A","ATM-mediated anti-cell growth with Camptothecin","5","Functionally normal","","","NA","CRISPR-Based Genome Editing","Base editing","33606978"
"NM_000051.4(ATM):c.6166C>T (p.Pro2056Ser)","chr11","108316081","C/T","ATM","-0.376","dataset0080","Missense","Neutral to the ATM-mediated anti-cell growth with Camptothecin in MCF10A","ATM-mediated anti-cell growth with Camptothecin","5","Functionally normal","Conflicting classifications of pathogenicity","","skcm:0.2% (1/448):0.290","CRISPR-Based Genome Editing","Base editing","33606978"
"NM_000051.4(ATM):c.6167C>T (p.Pro2056Leu)","chr11","108316082","C/T","ATM","-0.376","dataset0080","Missense","Neutral to the ATM-mediated anti-cell growth with Camptothecin in MCF10A","ATM-mediated anti-cell growth with Camptothecin","5","Functionally normal","Uncertain significance","6.19528e-07","NA","CRISPR-Based Genome Editing","Base editing","33606978"
"NM_000051.4(ATM):c.6170C>T (p.Ser2057Leu)","chr11","108316085","C/T","ATM","-0.121","dataset0080","Missense","Neutral to the ATM-mediated anti-cell growth with Camptothecin in MCF10A","ATM-mediated anti-cell growth with Camptothecin","5","Functionally normal","Uncertain significance","","NA","CRISPR-Based Genome Editing","Base editing","33606978"
"NM_000051.4(ATM):c.6173C>T (p.Ser2058Leu)","chr11","108316088","C/T","ATM","-0.121","dataset0080","Missense","Neutral to the ATM-mediated anti-cell growth with Camptothecin in MCF10A","ATM-mediated anti-cell growth with Camptothecin","5","Functionally normal","Uncertain significance","","NA","CRISPR-Based Genome Editing","Base editing","33606978"
"NM_000051.4(ATM):c.6181C>T (p.Gln2061Ter)","chr11","108316096","C/T","ATM","0.408","dataset0080","Nonsense","Neutral to the ATM-mediated anti-cell growth with Camptothecin in MCF10A","ATM-mediated anti-cell growth with Camptothecin","5","Functionally normal","Pathogenic","","NA","CRISPR-Based Genome Editing","Base editing","33606978"
"NM_000051.4(ATM):c.6184G>A (p.Ala2062Thr)","chr11","108316099","G/A","ATM","0.209","dataset0080","Missense","Neutral to the ATM-mediated anti-cell growth with Camptothecin in MCF10A","ATM-mediated anti-cell growth with Camptothecin","5","Functionally normal","","","NA","CRISPR-Based Genome Editing","Base editing","33606978"
"NM_000051.4(ATM):c.6187G>A (p.Gly2063Arg)","chr11","108316102","G/A","ATM","0.462","dataset0080","Missense","Neutral to the ATM-mediated anti-cell growth with Camptothecin in MCF10A","ATM-mediated anti-cell growth with Camptothecin","5","Functionally normal","","","NA","CRISPR-Based Genome Editing","Base editing","33606978"
"NM_000051.4(ATM):c.6200C>T (p.Ala2067Val)","chr11","108317374","C/T","ATM","-0.161","dataset0080","Missense","Neutral to the ATM-mediated anti-cell growth with Camptothecin in MCF10A","ATM-mediated anti-cell growth with Camptothecin","5","Functionally normal","","","NA","CRISPR-Based Genome Editing","Base editing","33606978"
"NM_000051.4(ATM):c.6215G>A (p.Gly2072Glu)","chr11","108317389","G/A","ATM","-0.076","dataset0080","Missense","Neutral to the ATM-mediated anti-cell growth with Camptothecin in MCF10A","ATM-mediated anti-cell growth with Camptothecin","5","Functionally normal","Uncertain significance","","NA","CRISPR-Based Genome Editing","Base editing","33606978"
"NM_000051.4(ATM):c.6229C>T (p.Leu2077Phe)","chr11","108317403","C/T","ATM","-0.612","dataset0080","Missense","Neutral to the ATM-mediated anti-cell growth with Camptothecin in MCF10A","ATM-mediated anti-cell growth with Camptothecin","5","Functionally normal","Uncertain significance","","NA","CRISPR-Based Genome Editing","Base editing","33606978"
"NM_000051.4(ATM):c.6233C>T (p.Ser2078Phe)","chr11","108317407","C/T","ATM","-0.344","dataset0080","Missense","Neutral to the ATM-mediated anti-cell growth with Camptothecin in MCF10A","ATM-mediated anti-cell growth with Camptothecin","5","Functionally normal","Uncertain significance","","NA","CRISPR-Based Genome Editing","Base editing","33606978"
"NM_000051.4(ATM):c.6248G>A (p.Gly2083Glu)","chr11","108317422","G/A","ATM","-0.266","dataset0080","Missense","Neutral to the ATM-mediated anti-cell growth with Camptothecin in MCF10A","ATM-mediated anti-cell growth with Camptothecin","5","Functionally normal","Uncertain significance","6.20277e-07","NA","CRISPR-Based Genome Editing","Base editing","33606978"
"NM_000051.4(ATM):c.6253G>A (p.Asp2085Asn)","chr11","108317427","G/A","ATM","-0.266","dataset0080","Missense","Neutral to the ATM-mediated anti-cell growth with Camptothecin in MCF10A","ATM-mediated anti-cell growth with Camptothecin","5","Functionally normal","","","NA","CRISPR-Based Genome Editing","Base editing","33606978"
"NM_000051.4(ATM):c.6292C>T (p.Leu2098Phe)","chr11","108317466","C/T","ATM","0.344","dataset0080","Missense","Neutral to the ATM-mediated anti-cell growth with Camptothecin in MCF10A","ATM-mediated anti-cell growth with Camptothecin","5","Functionally normal","","","NA","CRISPR-Based Genome Editing","Base editing","33606978"
"NM_000051.4(ATM):c.6295C>T (p.His2099Tyr)","chr11","108317469","C/T","ATM","0.355","dataset0080","Missense","Neutral to the ATM-mediated anti-cell growth with Camptothecin in MCF10A","ATM-mediated anti-cell growth with Camptothecin","5","Functionally normal","","","skcm:0.2% (1/448):0.560","CRISPR-Based Genome Editing","Base editing","33606978"
"NM_000051.4(ATM):c.6308C>T (p.Ala2103Val)","chr11","108317482","C/T","ATM","0.056","dataset0080","Missense","Neutral to the ATM-mediated anti-cell growth with Camptothecin in MCF10A","ATM-mediated anti-cell growth with Camptothecin","5","Functionally normal","","","NA","CRISPR-Based Genome Editing","Base editing","33606978"
"NM_000051.4(ATM):c.6391G>A (p.Ala2131Thr)","chr11","108319997","G/A","ATM","0.158","dataset0080","Missense","Neutral to the ATM-mediated anti-cell growth with Camptothecin in MCF10A","ATM-mediated anti-cell growth with Camptothecin","5","Functionally normal","Uncertain significance","","NA","CRISPR-Based Genome Editing","Base editing","33606978"
"NM_000051.4(ATM):c.6505C>T (p.Leu2169Phe)","chr11","108321353","C/T","ATM","-0.046","dataset0080","Missense","Neutral to the ATM-mediated anti-cell growth with Camptothecin in MCF10A","ATM-mediated anti-cell growth with Camptothecin","5","Functionally normal","Uncertain significance","","NA","CRISPR-Based Genome Editing","Base editing","33606978"
"NM_000051.4(ATM):c.6512C>T (p.Pro2171Leu)","chr11","108321360","C/T","ATM","0.372","dataset0080","Missense","Neutral to the ATM-mediated anti-cell growth with Camptothecin in MCF10A","ATM-mediated anti-cell growth with Camptothecin","5","Functionally normal","","","NA","CRISPR-Based Genome Editing","Base editing","33606978"
"NM_000051.4(ATM):c.6515C>T (p.Thr2172Ile)","chr11","108321363","C/T","ATM","0.372","dataset0080","Missense","Neutral to the ATM-mediated anti-cell growth with Camptothecin in MCF10A","ATM-mediated anti-cell growth with Camptothecin","5","Functionally normal","Uncertain significance","","NA","CRISPR-Based Genome Editing","Base editing","33606978"
"NM_000051.4(ATM):c.6517C>T (p.Leu2173Phe)","chr11","108321365","C/T","ATM","0.372","dataset0080","Missense","Neutral to the ATM-mediated anti-cell growth with Camptothecin in MCF10A","ATM-mediated anti-cell growth with Camptothecin","5","Functionally normal","Uncertain significance","6.1955e-07","NA","CRISPR-Based Genome Editing","Base editing","33606978"
"NM_000051.4(ATM):c.6529C>T (p.Gln2177Ter)","chr11","108321377","C/T","ATM","-0.471","dataset0080","Nonsense","Neutral to the ATM-mediated anti-cell growth with Camptothecin in MCF10A","ATM-mediated anti-cell growth with Camptothecin","5","Functionally normal","Pathogenic/Likely pathogenic","","NA","CRISPR-Based Genome Editing","Base editing","33606978"
"NM_000051.4(ATM):c.6532G>A (p.Ala2178Thr)","chr11","108321380","G/A","ATM","-0.222","dataset0080","Missense","Neutral to the ATM-mediated anti-cell growth with Camptothecin in MCF10A","ATM-mediated anti-cell growth with Camptothecin","5","Functionally normal","","","NA","CRISPR-Based Genome Editing","Base editing","33606978"
"NM_000051.4(ATM):c.6551G>A (p.Ser2184Asn)","chr11","108321399","G/A","ATM","-0.549","dataset0080","Missense","Neutral to the ATM-mediated anti-cell growth with Camptothecin in MCF10A","ATM-mediated anti-cell growth with Camptothecin","5","Functionally normal","","","NA","CRISPR-Based Genome Editing","Base editing","33606978"
"NM_000051.4(ATM):c.6622C>T (p.His2208Tyr)","chr11","108325359","C/T","ATM","-0.207","dataset0080","Missense","Neutral to the ATM-mediated anti-cell growth with Camptothecin in MCF10A","ATM-mediated anti-cell growth with Camptothecin","5","Functionally normal","Uncertain significance","6.22685e-07","NA","CRISPR-Based Genome Editing","Base editing","33606978"
"NM_000051.4(ATM):c.6644G>A (p.Ser2215Asn)","chr11","108325381","G/A","ATM","0.147","dataset0080","Missense","Neutral to the ATM-mediated anti-cell growth with Camptothecin in MCF10A","ATM-mediated anti-cell growth with Camptothecin","5","Functionally normal","","","NA","CRISPR-Based Genome Editing","Base editing","33606978"
"NM_000051.4(ATM):c.6646G>A (p.Asp2216Asn)","chr11","108325383","G/A","ATM","0.147","dataset0080","Missense","Neutral to the ATM-mediated anti-cell growth with Camptothecin in MCF10A","ATM-mediated anti-cell growth with Camptothecin","5","Functionally normal","Uncertain significance","","NA","CRISPR-Based Genome Editing","Base editing","33606978"
"NM_000051.4(ATM):c.6658C>T (p.Gln2220Ter)","chr11","108325395","C/T","ATM","0.464","dataset0080","Nonsense","Neutral to the ATM-mediated anti-cell growth with Camptothecin in MCF10A","ATM-mediated anti-cell growth with Camptothecin","5","Functionally normal","Pathogenic","6.1983e-07","NA","CRISPR-Based Genome Editing","Base editing","33606978"
"NM_000051.4(ATM):c.6674C>T (p.Ala2225Val)","chr11","108325411","C/T","ATM","0.165","dataset0080","Missense","Neutral to the ATM-mediated anti-cell growth with Camptothecin in MCF10A","ATM-mediated anti-cell growth with Camptothecin","5","Functionally normal","Uncertain significance","1.23932e-06","NA","CRISPR-Based Genome Editing","Base editing","33606978"
"NM_000051.4(ATM):c.6679C>T (p.Arg2227Cys)","chr11","108325416","C/T","ATM","0.165","dataset0080","Missense","Neutral to the ATM-mediated anti-cell growth with Camptothecin in MCF10A","ATM-mediated anti-cell growth with Camptothecin","5","Functionally normal","Pathogenic/Likely pathogenic","6.81735e-06","NA","CRISPR-Based Genome Editing","Base editing","33606978"
"NM_000051.4(ATM):c.6680G>A (p.Arg2227His)","chr11","108325417","G/A","ATM","0.181","dataset0080","Missense","Neutral to the ATM-mediated anti-cell growth with Camptothecin in MCF10A","ATM-mediated anti-cell growth with Camptothecin","5","Functionally normal","Uncertain significance","3.09892e-06","NA","CRISPR-Based Genome Editing","Base editing","33606978"
"NM_000051.4(ATM):c.6717G>A (p.Met2239Ile)","chr11","108325454","G/A","ATM","-0.363","dataset0080","Missense","Neutral to the ATM-mediated anti-cell growth with Camptothecin in MCF10A","ATM-mediated anti-cell growth with Camptothecin","5","Functionally normal","Uncertain significance","","NA","CRISPR-Based Genome Editing","Base editing","33606978"
"NM_000051.4(ATM):c.6718G>A (p.Asp2240Asn)","chr11","108325455","G/A","ATM","-0.363","dataset0080","Missense","Neutral to the ATM-mediated anti-cell growth with Camptothecin in MCF10A","ATM-mediated anti-cell growth with Camptothecin","5","Functionally normal","Uncertain significance","","NA","CRISPR-Based Genome Editing","Base editing","33606978"
"NM_000051.4(ATM):c.6725C>T (p.Ser2242Leu)","chr11","108325462","C/T","ATM","-0.174","dataset0080","Missense","Neutral to the ATM-mediated anti-cell growth with Camptothecin in MCF10A","ATM-mediated anti-cell growth with Camptothecin","5","Functionally normal","","6.19676e-07","NA","CRISPR-Based Genome Editing","Base editing","33606978"
"NM_000051.4(ATM):c.6727C>T (p.Gln2243Ter)","chr11","108325464","C/T","ATM","-0.174","dataset0080","Nonsense","Neutral to the ATM-mediated anti-cell growth with Camptothecin in MCF10A","ATM-mediated anti-cell growth with Camptothecin","5","Functionally normal","Pathogenic","","NA","CRISPR-Based Genome Editing","Base editing","33606978"
"NM_000051.4(ATM):c.6791C>T (p.Thr2264Ile)","chr11","108325528","C/T","ATM","-0.268","dataset0080","Missense","Neutral to the ATM-mediated anti-cell growth with Camptothecin in MCF10A","ATM-mediated anti-cell growth with Camptothecin","5","Functionally normal","Uncertain significance","6.23085e-07","NA","CRISPR-Based Genome Editing","Base editing","33606978"
"NM_000051.4(ATM):c.6940C>T (p.Gln2314Ter)","chr11","108326190","C/T","ATM","-0.133","dataset0080","Nonsense","Neutral to the ATM-mediated anti-cell growth with Camptothecin in MCF10A","ATM-mediated anti-cell growth with Camptothecin","5","Functionally normal","","","NA","CRISPR-Based Genome Editing","Base editing","33606978"
"NM_000051.4(ATM):c.6974C>T (p.Ala2325Val)","chr11","108326224","C/T","ATM","-0.5","dataset0080","Missense","Neutral to the ATM-mediated anti-cell growth with Camptothecin in MCF10A","ATM-mediated anti-cell growth with Camptothecin","5","Functionally normal","Conflicting classifications of pathogenicity","1.36354e-05","NA","CRISPR-Based Genome Editing","Base editing","33606978"
"NM_000051.4(ATM):c.6998C>T (p.Thr2333Ile)","chr11","108327667","C/T","ATM","0.039","dataset0080","Missense","Neutral to the ATM-mediated anti-cell growth with Camptothecin in MCF10A","ATM-mediated anti-cell growth with Camptothecin","5","Functionally normal","Conflicting classifications of pathogenicity","4.27574e-05","hnsc:0.2% (1/523):0.330","CRISPR-Based Genome Editing","Base editing","33606978"
"NM_000051.4(ATM):c.7006G>A (p.Glu2336Lys)","chr11","108327675","G/A","ATM","0.347","dataset0080","Missense","Neutral to the ATM-mediated anti-cell growth with Camptothecin in MCF10A","ATM-mediated anti-cell growth with Camptothecin","5","Functionally normal","","","NA","CRISPR-Based Genome Editing","Base editing","33606978"
"NM_000051.4(ATM):c.7043C>T (p.Thr2348Met)","chr11","108327712","C/T","ATM","0.024","dataset0080","Missense","Neutral to the ATM-mediated anti-cell growth with Camptothecin in MCF10A","ATM-mediated anti-cell growth with Camptothecin","5","Functionally normal","Uncertain significance","1.85872e-06","ucec:0.2% (1/529):0.670","CRISPR-Based Genome Editing","Base editing","33606978"
"NM_000051.4(ATM):c.7072C>T (p.Gln2358Ter)","chr11","108327741","C/T","ATM","-0.624","dataset0080","Nonsense","Neutral to the ATM-mediated anti-cell growth with Camptothecin in MCF10A","ATM-mediated anti-cell growth with Camptothecin","5","Functionally normal","Pathogenic","1.23936e-06","NA","CRISPR-Based Genome Editing","Base editing","33606978"
"NM_000051.4(ATM):c.7091C>T (p.Ala2364Val)","chr11","108329022","C/T","ATM","-0.72","dataset0080","Missense","Neutral to the ATM-mediated anti-cell growth with Camptothecin in MCF10A","ATM-mediated anti-cell growth with Camptothecin","5","Functionally normal","Uncertain significance","","NA","CRISPR-Based Genome Editing","Base editing","33606978"
"NM_000051.4(ATM):c.7103C>T (p.Ala2368Val)","chr11","108329034","C/T","ATM","0.112","dataset0080","Missense","Neutral to the ATM-mediated anti-cell growth with Camptothecin in MCF10A","ATM-mediated anti-cell growth with Camptothecin","5","Functionally normal","Uncertain significance","","NA","CRISPR-Based Genome Editing","Base editing","33606978"
"NM_000051.4(ATM):c.7157C>T (p.Ala2386Val)","chr11","108329088","C/T","ATM","-0.616","dataset0080","Missense","Neutral to the ATM-mediated anti-cell growth with Camptothecin in MCF10A","ATM-mediated anti-cell growth with Camptothecin","5","Functionally normal","","","NA","CRISPR-Based Genome Editing","Base editing","33606978"
"NM_000051.4(ATM):c.7259C>T (p.Ala2420Val)","chr11","108329190","C/T","ATM","-0.202","dataset0080","Missense","Neutral to the ATM-mediated anti-cell growth with Camptothecin in MCF10A","ATM-mediated anti-cell growth with Camptothecin","5","Functionally normal","","","NA","CRISPR-Based Genome Editing","Base editing","33606978"
"NM_000051.4(ATM):c.7264G>A (p.Glu2422Lys)","chr11","108329195","G/A","ATM","-0.032","dataset0080","Missense","Neutral to the ATM-mediated anti-cell growth with Camptothecin in MCF10A","ATM-mediated anti-cell growth with Camptothecin","5","Functionally normal","Uncertain significance","1.23924e-06","NA","CRISPR-Based Genome Editing","Base editing","33606978"
"NM_000051.4(ATM):c.7267G>A (p.Glu2423Lys)","chr11","108329198","G/A","ATM","-0.032","dataset0080","Missense","Neutral to the ATM-mediated anti-cell growth with Camptothecin in MCF10A","ATM-mediated anti-cell growth with Camptothecin","5","Functionally normal","Uncertain significance","","NA","CRISPR-Based Genome Editing","Base editing","33606978"
"NM_000051.4(ATM):c.7274G>A (p.Gly2425Asp)","chr11","108329205","G/A","ATM","-0.151","dataset0080","Missense","Neutral to the ATM-mediated anti-cell growth with Camptothecin in MCF10A","ATM-mediated anti-cell growth with Camptothecin","5","Functionally normal","Uncertain significance","","NA","CRISPR-Based Genome Editing","Base editing","33606978"
"NM_000051.4(ATM):c.7288C>T (p.His2430Tyr)","chr11","108329219","C/T","ATM","0.181","dataset0080","Missense","Neutral to the ATM-mediated anti-cell growth with Camptothecin in MCF10A","ATM-mediated anti-cell growth with Camptothecin","5","Functionally normal","Uncertain significance","","NA","CRISPR-Based Genome Editing","Base editing","33606978"
"NM_000051.4(ATM):c.7297C>T (p.Gln2433Ter)","chr11","108329228","C/T","ATM","-0.314","dataset0080","Nonsense","Neutral to the ATM-mediated anti-cell growth with Camptothecin in MCF10A","ATM-mediated anti-cell growth with Camptothecin","5","Functionally normal","Pathogenic","","skcm:0.2% (1/448):0.700;ucec:0.2% (1/529):0.290","CRISPR-Based Genome Editing","Base editing","33606978"
"NM_000051.4(ATM):c.7301C>T (p.Thr2434Ile)","chr11","108329232","C/T","ATM","-0.314","dataset0080","Missense","Neutral to the ATM-mediated anti-cell growth with Camptothecin in MCF10A","ATM-mediated anti-cell growth with Camptothecin","5","Functionally normal","Uncertain significance","","NA","CRISPR-Based Genome Editing","Base editing","33606978"
"NM_000051.4(ATM):c.7324C>T (p.Gln2442Ter)","chr11","108330230","C/T","ATM","0.789","dataset0080","Nonsense","Neutral to the ATM-mediated anti-cell growth with Camptothecin in MCF10A","ATM-mediated anti-cell growth with Camptothecin","5","Functionally normal","","","NA","CRISPR-Based Genome Editing","Base editing","33606978"
"NM_000051.4(ATM):c.7327C>T (p.Arg2443Ter)","chr11","108330233","C/T","ATM","0.789","dataset0080","Nonsense","Neutral to the ATM-mediated anti-cell growth with Camptothecin in MCF10A","ATM-mediated anti-cell growth with Camptothecin","5","Functionally normal","Pathogenic/Likely pathogenic","3.71735e-06","coad:0.2% (1/439):0.360","CRISPR-Based Genome Editing","Base editing","33606978"
"NM_000051.4(ATM):c.7352C>T (p.Ala2451Val)","chr11","108330258","C/T","ATM","-0.306","dataset0080","Missense","Neutral to the ATM-mediated anti-cell growth with Camptothecin in MCF10A","ATM-mediated anti-cell growth with Camptothecin","5","Functionally normal","Uncertain significance","0","NA","CRISPR-Based Genome Editing","Base editing","33606978"
"NM_000051.4(ATM):c.7357C>T (p.Arg2453Cys)","chr11","108330263","C/T","ATM","-0.306","dataset0080","Missense","Neutral to the ATM-mediated anti-cell growth with Camptothecin in MCF10A","ATM-mediated anti-cell growth with Camptothecin","5","Functionally normal","Uncertain significance","1.6109e-05","NA","CRISPR-Based Genome Editing","Base editing","33606978"
"NM_000051.4(ATM):c.7369G>A (p.Glu2457Lys)","chr11","108330275","G/A","ATM","0.521","dataset0080","Missense","Neutral to the ATM-mediated anti-cell growth with Camptothecin in MCF10A","ATM-mediated anti-cell growth with Camptothecin","5","Functionally normal","","","NA","CRISPR-Based Genome Editing","Base editing","33606978"
"NM_000051.4(ATM):c.7372G>A (p.Asp2458Asn)","chr11","108330278","G/A","ATM","0.521","dataset0080","Missense","Neutral to the ATM-mediated anti-cell growth with Camptothecin in MCF10A","ATM-mediated anti-cell growth with Camptothecin","5","Functionally normal","","","NA","CRISPR-Based Genome Editing","Base editing","33606978"
"NM_000051.4(ATM):c.7456C>T (p.Arg2486Ter)","chr11","108330362","C/T","ATM","0.631","dataset0080","Nonsense","Neutral to the ATM-mediated anti-cell growth with Camptothecin in MCF10A","ATM-mediated anti-cell growth with Camptothecin","5","Functionally normal","Pathogenic/Likely pathogenic","4.33679e-06","NA","CRISPR-Based Genome Editing","Base editing","33606978"
"NM_000051.4(ATM):c.7468C>T (p.Leu2490Phe)","chr11","108330374","C/T","ATM","-0.102","dataset0080","Missense","Neutral to the ATM-mediated anti-cell growth with Camptothecin in MCF10A","ATM-mediated anti-cell growth with Camptothecin","5","Functionally normal","Uncertain significance","2.47813e-06","NA","CRISPR-Based Genome Editing","Base editing","33606978"
"NM_000051.4(ATM):c.7472G>A (p.Trp2491Ter)","chr11","108330378","G/A","ATM","-0.486","dataset0080","Nonsense","Neutral to the ATM-mediated anti-cell growth with Camptothecin in MCF10A","ATM-mediated anti-cell growth with Camptothecin","5","Functionally normal","","","NA","CRISPR-Based Genome Editing","Base editing","33606978"
"NM_000051.4(ATM):c.7486_7487delinsAA (p.Gly2496Lys)","chr11","108330392","GG/AA","ATM","-1.032","dataset0080","Missense","The reduced ATM-mediated anti-cell growth with Camptothecin in MCF10A","ATM-mediated anti-cell growth with Camptothecin","5","Loss-of-function","","","NA","CRISPR-Based Genome Editing","Base editing","33606978"
"NM_000051.4(ATM):c.7486G>A (p.Gly2496Arg)","chr11","108330392","G/A","ATM","-0.607","dataset0080","Missense","Neutral to the ATM-mediated anti-cell growth with Camptothecin in MCF10A","ATM-mediated anti-cell growth with Camptothecin","5","Functionally normal","Uncertain significance","","NA","CRISPR-Based Genome Editing","Base editing","33606978"
"NM_000051.4(ATM):c.7487G>A (p.Gly2496Glu)","chr11","108330393","G/A","ATM","-1.032","dataset0080","Missense","The reduced ATM-mediated anti-cell growth with Camptothecin in MCF10A","ATM-mediated anti-cell growth with Camptothecin","5","Loss-of-function","Conflicting classifications of pathogenicity","6.19543e-07","NA","CRISPR-Based Genome Editing","Base editing","33606978"
"NM_000051.4(ATM):c.7552_7553delinsTT (p.Pro2518Phe)","chr11","108331480","CC/TT","ATM","-0.219","dataset0080","Missense","Neutral to the ATM-mediated anti-cell growth with Camptothecin in MCF10A","ATM-mediated anti-cell growth with Camptothecin","5","Functionally normal","","","NA","CRISPR-Based Genome Editing","Base editing","33606978"
"NM_000051.4(ATM):c.7552C>T (p.Pro2518Ser)","chr11","108331480","C/T","ATM","-0.219","dataset0080","Missense","Neutral to the ATM-mediated anti-cell growth with Camptothecin in MCF10A","ATM-mediated anti-cell growth with Camptothecin","5","Functionally normal","Uncertain significance","2.97644e-05","NA","CRISPR-Based Genome Editing","Base editing","33606978"
"NM_000051.4(ATM):c.7553C>T (p.Pro2518Leu)","chr11","108331481","C/T","ATM","-0.219","dataset0080","Missense","Neutral to the ATM-mediated anti-cell growth with Camptothecin in MCF10A","ATM-mediated anti-cell growth with Camptothecin","5","Functionally normal","Uncertain significance","1.24014e-06","NA","CRISPR-Based Genome Editing","Base editing","33606978"
"NM_000051.4(ATM):c.7555C>T (p.Leu2519Phe)","chr11","108331483","C/T","ATM","-0.219","dataset0080","Missense","Neutral to the ATM-mediated anti-cell growth with Camptothecin in MCF10A","ATM-mediated anti-cell growth with Camptothecin","5","Functionally normal","","","NA","CRISPR-Based Genome Editing","Base editing","33606978"
"NM_000051.4(ATM):c.7564C>T (p.Gln2522Ter)","chr11","108331492","C/T","ATM","-0.206","dataset0080","Nonsense","Neutral to the ATM-mediated anti-cell growth with Camptothecin in MCF10A","ATM-mediated anti-cell growth with Camptothecin","5","Functionally normal","Pathogenic","","NA","CRISPR-Based Genome Editing","Base editing","33606978"
"NM_000051.4(ATM):c.7570G>A (p.Ala2524Thr)","chr11","108331498","G/A","ATM","-0.548","dataset0080","Missense","Neutral to the ATM-mediated anti-cell growth with Camptothecin in MCF10A","ATM-mediated anti-cell growth with Camptothecin","5","Functionally normal","Uncertain significance","0","NA","CRISPR-Based Genome Editing","Base editing","33606978"
"NM_000051.4(ATM):c.7581G>A (p.Met2527Ile)","chr11","108331509","G/A","ATM","-0.121","dataset0080","Missense","Neutral to the ATM-mediated anti-cell growth with Camptothecin in MCF10A","ATM-mediated anti-cell growth with Camptothecin","5","Functionally normal","Uncertain significance","","NA","CRISPR-Based Genome Editing","Base editing","33606978"
"NM_000051.4(ATM):c.7582_7583delinsAA (p.Gly2528Lys)","chr11","108331510","GG/AA","ATM","-0.121","dataset0080","Missense","Neutral to the ATM-mediated anti-cell growth with Camptothecin in MCF10A","ATM-mediated anti-cell growth with Camptothecin","5","Functionally normal","","","NA","CRISPR-Based Genome Editing","Base editing","33606978"
"NM_000051.4(ATM):c.7582G>A (p.Gly2528Arg)","chr11","108331510","G/A","ATM","-0.121","dataset0080","Missense","Neutral to the ATM-mediated anti-cell growth with Camptothecin in MCF10A","ATM-mediated anti-cell growth with Camptothecin","5","Functionally normal","","","NA","CRISPR-Based Genome Editing","Base editing","33606978"
"NM_000051.4(ATM):c.7583G>A (p.Gly2528Glu)","chr11","108331511","G/A","ATM","-0.121","dataset0080","Missense","Neutral to the ATM-mediated anti-cell growth with Camptothecin in MCF10A","ATM-mediated anti-cell growth with Camptothecin","5","Functionally normal","","","NA","CRISPR-Based Genome Editing","Base editing","33606978"
"NM_000051.4(ATM):c.7586C>T (p.Thr2529Ile)","chr11","108331514","C/T","ATM","0.344","dataset0080","Missense","Neutral to the ATM-mediated anti-cell growth with Camptothecin in MCF10A","ATM-mediated anti-cell growth with Camptothecin","5","Functionally normal","Uncertain significance","","NA","CRISPR-Based Genome Editing","Base editing","33606978"
"NM_000051.4(ATM):c.7601G>A (p.Gly2534Asp)","chr11","108331529","G/A","ATM","0.027","dataset0080","Missense","Neutral to the ATM-mediated anti-cell growth with Camptothecin in MCF10A","ATM-mediated anti-cell growth with Camptothecin","5","Functionally normal","","6.20476e-07","NA","CRISPR-Based Genome Editing","Base editing","33606978"
"NM_000051.4(ATM):c.7606G>A (p.Gly2536Arg)","chr11","108331534","G/A","ATM","0.027","dataset0080","Missense","Neutral to the ATM-mediated anti-cell growth with Camptothecin in MCF10A","ATM-mediated anti-cell growth with Camptothecin","5","Functionally normal","","","NA","CRISPR-Based Genome Editing","Base editing","33606978"
"NM_000051.4(ATM):c.7618G>A (p.Val2540Ile)","chr11","108331546","G/A","ATM","-0.538","dataset0080","Missense","Neutral to the ATM-mediated anti-cell growth with Camptothecin in MCF10A","ATM-mediated anti-cell growth with Camptothecin","5","Functionally normal","Conflicting classifications of pathogenicity","8.49916e-05","NA","CRISPR-Based Genome Editing","Base editing","33606978"
"NM_000051.4(ATM):c.7667C>T (p.Thr2556Ile)","chr11","108331916","C/T","ATM","0.045","dataset0080","Missense","Neutral to the ATM-mediated anti-cell growth with Camptothecin in MCF10A","ATM-mediated anti-cell growth with Camptothecin","5","Functionally normal","","6.196e-07","NA","CRISPR-Based Genome Editing","Base editing","33606978"
"NM_000051.4(ATM):c.7703G>A (p.Arg2568Lys)","chr11","108331952","G/A","ATM","0.516","dataset0080","Missense","Neutral to the ATM-mediated anti-cell growth with Camptothecin in MCF10A","ATM-mediated anti-cell growth with Camptothecin","5","Functionally normal","Uncertain significance","","NA","CRISPR-Based Genome Editing","Base editing","33606978"
"NM_000051.4(ATM):c.7705G>A (p.Asp2569Asn)","chr11","108331954","G/A","ATM","0.516","dataset0080","Missense","Neutral to the ATM-mediated anti-cell growth with Camptothecin in MCF10A","ATM-mediated anti-cell growth with Camptothecin","5","Functionally normal","Uncertain significance","6.19573e-07","NA","CRISPR-Based Genome Editing","Base editing","33606978"
"NM_000051.4(ATM):c.7739G>A (p.Arg2580Lys)","chr11","108331988","G/A","ATM","-0.055","dataset0080","Missense","Neutral to the ATM-mediated anti-cell growth with Camptothecin in MCF10A","ATM-mediated anti-cell growth with Camptothecin","5","Functionally normal","Conflicting classifications of pathogenicity","2.47826e-06","NA","CRISPR-Based Genome Editing","Base editing","33606978"
"NM_000051.4(ATM):c.7742G>A (p.Ser2581Asn)","chr11","108331991","G/A","ATM","-0.055","dataset0080","Missense","Neutral to the ATM-mediated anti-cell growth with Camptothecin in MCF10A","ATM-mediated anti-cell growth with Camptothecin","5","Functionally normal","Uncertain significance","","NA","CRISPR-Based Genome Editing","Base editing","33606978"
"NM_000051.4(ATM):c.7856G>A (p.Ser2619Asn)","chr11","108332829","G/A","ATM","0.095","dataset0080","Missense","Neutral to the ATM-mediated anti-cell growth with Camptothecin in MCF10A","ATM-mediated anti-cell growth with Camptothecin","5","Functionally normal","","","NA","CRISPR-Based Genome Editing","Base editing","33606978"
"NM_000051.4(ATM):c.7858G>A (p.Val2620Ile)","chr11","108332831","G/A","ATM","0.095","dataset0080","Missense","Neutral to the ATM-mediated anti-cell growth with Camptothecin in MCF10A","ATM-mediated anti-cell growth with Camptothecin","5","Functionally normal","","","NA","CRISPR-Based Genome Editing","Base editing","33606978"
"NM_000051.4(ATM):c.7993_7994delinsTT (p.Pro2665Phe)","chr11","108333951","CC/TT","ATM","-0.085","dataset0080","Missense","Neutral to the ATM-mediated anti-cell growth with Camptothecin in MCF10A","ATM-mediated anti-cell growth with Camptothecin","5","Functionally normal","","","NA","CRISPR-Based Genome Editing","Base editing","33606978"
"NM_000051.4(ATM):c.7993C>T (p.Pro2665Ser)","chr11","108333951","C/T","ATM","-0.085","dataset0080","Missense","Neutral to the ATM-mediated anti-cell growth with Camptothecin in MCF10A","ATM-mediated anti-cell growth with Camptothecin","5","Functionally normal","","","NA","CRISPR-Based Genome Editing","Base editing","33606978"
"NM_000051.4(ATM):c.7994C>T (p.Pro2665Leu)","chr11","108333952","C/T","ATM","-0.085","dataset0080","Missense","Neutral to the ATM-mediated anti-cell growth with Camptothecin in MCF10A","ATM-mediated anti-cell growth with Camptothecin","5","Functionally normal","Uncertain significance","","NA","CRISPR-Based Genome Editing","Base editing","33606978"
"NM_000051.4(ATM):c.8017C>T (p.His2673Tyr)","chr11","108334975","C/T","ATM","-0.295","dataset0080","Missense","Neutral to the ATM-mediated anti-cell growth with Camptothecin in MCF10A","ATM-mediated anti-cell growth with Camptothecin","5","Functionally normal","Uncertain significance","","NA","CRISPR-Based Genome Editing","Base editing","33606978"
"NM_000051.4(ATM):c.8021C>T (p.Thr2674Ile)","chr11","108334979","C/T","ATM","0.091","dataset0080","Missense","Neutral to the ATM-mediated anti-cell growth with Camptothecin in MCF10A","ATM-mediated anti-cell growth with Camptothecin","5","Functionally normal","Uncertain significance","","NA","CRISPR-Based Genome Editing","Base editing","33606978"
"NM_000051.4(ATM):c.8032_8033delinsAA (p.Gly2678Lys)","chr11","108334990","GG/AA","ATM","0.055","dataset0080","Missense","Neutral to the ATM-mediated anti-cell growth with Camptothecin in MCF10A","ATM-mediated anti-cell growth with Camptothecin","5","Functionally normal","","","NA","CRISPR-Based Genome Editing","Base editing","33606978"
"NM_000051.4(ATM):c.8032G>A (p.Gly2678Arg)","chr11","108334990","G/A","ATM","0.055","dataset0080","Missense","Neutral to the ATM-mediated anti-cell growth with Camptothecin in MCF10A","ATM-mediated anti-cell growth with Camptothecin","5","Functionally normal","Conflicting classifications of pathogenicity","4.95814e-06","NA","CRISPR-Based Genome Editing","Base editing","33606978"
"NM_000051.4(ATM):c.8033G>A (p.Gly2678Glu)","chr11","108334991","G/A","ATM","0.055","dataset0080","Missense","Neutral to the ATM-mediated anti-cell growth with Camptothecin in MCF10A","ATM-mediated anti-cell growth with Camptothecin","5","Functionally normal","Likely benign","","NA","CRISPR-Based Genome Editing","Base editing","33606978"
"NM_000051.4(ATM):c.8063C>T (p.Ala2688Val)","chr11","108335021","C/T","ATM","0.955","dataset0080","Missense","Neutral to the ATM-mediated anti-cell growth with Camptothecin in MCF10A","ATM-mediated anti-cell growth with Camptothecin","5","Functionally normal","Uncertain significance","1.23926e-06","NA","CRISPR-Based Genome Editing","Base editing","33606978"
"NM_000051.4(ATM):c.8111G>A (p.Cys2704Tyr)","chr11","108335069","G/A","ATM","-0.046","dataset0080","Missense","Neutral to the ATM-mediated anti-cell growth with Camptothecin in MCF10A","ATM-mediated anti-cell growth with Camptothecin","5","Functionally normal","Uncertain significance","1.23907e-06","NA","CRISPR-Based Genome Editing","Base editing","33606978"
"NM_000051.4(ATM):c.8113G>A (p.Val2705Ile)","chr11","108335071","G/A","ATM","-0.046","dataset0080","Missense","Neutral to the ATM-mediated anti-cell growth with Camptothecin in MCF10A","ATM-mediated anti-cell growth with Camptothecin","5","Functionally normal","Conflicting classifications of pathogenicity","9.91328e-06","NA","CRISPR-Based Genome Editing","Base editing","33606978"
"NM_000051.4(ATM):c.8120C>T (p.Ser2707Phe)","chr11","108335078","C/T","ATM","1.035","dataset0080","Missense","The enhanced ATM-mediated anti-cell growth with Camptothecin in MCF10A","ATM-mediated anti-cell growth with Camptothecin","5","Gain-of-function","Uncertain significance","","NA","CRISPR-Based Genome Editing","Base editing","33606978"
"NM_000051.4(ATM):c.8135G>A (p.Arg2712Lys)","chr11","108335093","G/A","ATM","-0.952","dataset0080","Missense","The reduced ATM-mediated anti-cell growth with Camptothecin in MCF10A","ATM-mediated anti-cell growth with Camptothecin","5","Loss-of-function","Uncertain significance","","NA","CRISPR-Based Genome Editing","Base editing","33606978"
"NM_000051.4(ATM):c.8138G>A (p.Arg2713Lys)","chr11","108335096","G/A","ATM","-0.952","dataset0080","Missense","The reduced ATM-mediated anti-cell growth with Camptothecin in MCF10A","ATM-mediated anti-cell growth with Camptothecin","5","Loss-of-function","Uncertain significance","6.19556e-07","blca:0.5% (2/411):0.315","CRISPR-Based Genome Editing","Base editing","33606978"
"NM_000051.4(ATM):c.8173G>A (p.Asp2725Asn)","chr11","108335866","G/A","ATM","0.654","dataset0080","Missense","Neutral to the ATM-mediated anti-cell growth with Camptothecin in MCF10A","ATM-mediated anti-cell growth with Camptothecin","5","Functionally normal","Uncertain significance","","NA","CRISPR-Based Genome Editing","Base editing","33606978"
"NM_000051.4(ATM):c.8179G>A (p.Val2727Ile)","chr11","108335872","G/A","ATM","0.423","dataset0080","Missense","Neutral to the ATM-mediated anti-cell growth with Camptothecin in MCF10A","ATM-mediated anti-cell growth with Camptothecin","5","Functionally normal","","","NA","CRISPR-Based Genome Editing","Base editing","33606978"
"NM_000051.4(ATM):c.8210C>T (p.Thr2737Ile)","chr11","108335903","C/T","ATM","-0.948","dataset0080","Missense","The reduced ATM-mediated anti-cell growth with Camptothecin in MCF10A","ATM-mediated anti-cell growth with Camptothecin","5","Loss-of-function","Uncertain significance","","ucec:0.2% (1/529):0.270","CRISPR-Based Genome Editing","Base editing","33606978"
"NM_000051.4(ATM):c.8218C>T (p.Gln2740Ter)","chr11","108335911","C/T","ATM","-0.275","dataset0080","Nonsense","Neutral to the ATM-mediated anti-cell growth with Camptothecin in MCF10A","ATM-mediated anti-cell growth with Camptothecin","5","Functionally normal","Pathogenic","","NA","CRISPR-Based Genome Editing","Base editing","33606978"
"NM_000051.4(ATM):c.8228C>T (p.Thr2743Met)","chr11","108335921","C/T","ATM","-0.952","dataset0080","Missense","The reduced ATM-mediated anti-cell growth with Camptothecin in MCF10A","ATM-mediated anti-cell growth with Camptothecin","5","Loss-of-function","Uncertain significance","1.2394e-05","coad:0.2% (1/439):0.220","CRISPR-Based Genome Editing","Base editing","33606978"
"NM_000051.4(ATM):c.8252C>T (p.Thr2751Ile)","chr11","108335945","C/T","ATM","-0.542","dataset0080","Missense","Neutral to the ATM-mediated anti-cell growth with Camptothecin in MCF10A","ATM-mediated anti-cell growth with Camptothecin","5","Functionally normal","Uncertain significance","6.21372e-07","NA","CRISPR-Based Genome Editing","Base editing","33606978"
"NM_000051.4(ATM):c.8275_8276delinsTT (p.Pro2759Phe)","chr11","108343228","CC/TT","ATM","0.169","dataset0080","Missense","Neutral to the ATM-mediated anti-cell growth with Camptothecin in MCF10A","ATM-mediated anti-cell growth with Camptothecin","5","Functionally normal","","","NA","CRISPR-Based Genome Editing","Base editing","33606978"
"NM_000051.4(ATM):c.8275C>T (p.Pro2759Ser)","chr11","108343228","C/T","ATM","0.169","dataset0080","Missense","Neutral to the ATM-mediated anti-cell growth with Camptothecin in MCF10A","ATM-mediated anti-cell growth with Camptothecin","5","Functionally normal","Uncertain significance","1.85899e-06","skcm:0.2% (1/448):0.380","CRISPR-Based Genome Editing","Base editing","33606978"
"NM_000051.4(ATM):c.8276C>T (p.Pro2759Leu)","chr11","108343229","C/T","ATM","0.169","dataset0080","Missense","Neutral to the ATM-mediated anti-cell growth with Camptothecin in MCF10A","ATM-mediated anti-cell growth with Camptothecin","5","Functionally normal","Uncertain significance","","NA","CRISPR-Based Genome Editing","Base editing","33606978"
"NM_000051.4(ATM):c.8278C>T (p.Leu2760Phe)","chr11","108343231","C/T","ATM","0.169","dataset0080","Missense","Neutral to the ATM-mediated anti-cell growth with Camptothecin in MCF10A","ATM-mediated anti-cell growth with Camptothecin","5","Functionally normal","Uncertain significance","1.85883e-06","NA","CRISPR-Based Genome Editing","Base editing","33606978"
"NM_000051.4(ATM):c.8287C>T (p.Arg2763Ter)","chr11","108343240","C/T","ATM","-0.017","dataset0080","Nonsense","Neutral to the ATM-mediated anti-cell growth with Camptothecin in MCF10A","ATM-mediated anti-cell growth with Camptothecin","5","Functionally normal","Pathogenic","2.47868e-06","stad:0.2% (1/440):0.220;ucec:0.2% (1/529):0.210","CRISPR-Based Genome Editing","Base editing","33606978"
"NM_000051.4(ATM):c.8291G>A (p.Ser2764Asn)","chr11","108343244","G/A","ATM","0.26","dataset0080","Missense","Neutral to the ATM-mediated anti-cell growth with Camptothecin in MCF10A","ATM-mediated anti-cell growth with Camptothecin","5","Functionally normal","","","NA","CRISPR-Based Genome Editing","Base editing","33606978"
"NM_000051.4(ATM):c.8293_8294delinsAA (p.Gly2765Asn)","chr11","108343246","GG/AA","ATM","0.278","dataset0080","Missense","Neutral to the ATM-mediated anti-cell growth with Camptothecin in MCF10A","ATM-mediated anti-cell growth with Camptothecin","5","Functionally normal","","","NA","CRISPR-Based Genome Editing","Base editing","33606978"
"NM_000051.4(ATM):c.8293G>A (p.Gly2765Ser)","chr11","108343246","G/A","ATM","0.278","dataset0080","Missense","Neutral to the ATM-mediated anti-cell growth with Camptothecin in MCF10A","ATM-mediated anti-cell growth with Camptothecin","5","Functionally normal","Pathogenic/Likely pathogenic","4.33716e-06","kirp:0.4% (1/283):0.060","CRISPR-Based Genome Editing","Base editing","33606978"
"NM_000051.4(ATM):c.8294G>A (p.Gly2765Asp)","chr11","108343247","G/A","ATM","0.278","dataset0080","Missense","Neutral to the ATM-mediated anti-cell growth with Camptothecin in MCF10A","ATM-mediated anti-cell growth with Camptothecin","5","Functionally normal","Conflicting classifications of pathogenicity","6.19586e-07","NA","CRISPR-Based Genome Editing","Base editing","33606978"
"NM_000051.4(ATM):c.8296G>A (p.Val2766Ile)","chr11","108343249","G/A","ATM","0.485","dataset0080","Missense","Neutral to the ATM-mediated anti-cell growth with Camptothecin in MCF10A","ATM-mediated anti-cell growth with Camptothecin","5","Functionally normal","Uncertain significance","6.19576e-07","NA","CRISPR-Based Genome Editing","Base editing","33606978"
"NM_000051.4(ATM):c.8299C>T (p.Leu2767Phe)","chr11","108343252","C/T","ATM","-0.628","dataset0080","Missense","Neutral to the ATM-mediated anti-cell growth with Camptothecin in MCF10A","ATM-mediated anti-cell growth with Camptothecin","5","Functionally normal","Uncertain significance","","NA","CRISPR-Based Genome Editing","Base editing","33606978"
"NM_000051.4(ATM):c.8312C>T (p.Thr2771Ile)","chr11","108343265","C/T","ATM","-0.706","dataset0080","Missense","Neutral to the ATM-mediated anti-cell growth with Camptothecin in MCF10A","ATM-mediated anti-cell growth with Camptothecin","5","Functionally normal","Uncertain significance","2.47839e-06","NA","CRISPR-Based Genome Editing","Base editing","33606978"
"NM_000051.4(ATM):c.8338C>T (p.Leu2780Phe)","chr11","108343291","C/T","ATM","-0.098","dataset0080","Missense","Neutral to the ATM-mediated anti-cell growth with Camptothecin in MCF10A","ATM-mediated anti-cell growth with Camptothecin","5","Functionally normal","","","NA","CRISPR-Based Genome Editing","Base editing","33606978"
"NM_000051.4(ATM):c.8341G>A (p.Val2781Ile)","chr11","108343294","G/A","ATM","-0.225","dataset0080","Missense","Neutral to the ATM-mediated anti-cell growth with Camptothecin in MCF10A","ATM-mediated anti-cell growth with Camptothecin","5","Functionally normal","","","NA","CRISPR-Based Genome Editing","Base editing","33606978"
"NM_000051.4(ATM):c.8392G>A (p.Ala2798Thr)","chr11","108343345","G/A","ATM","-0.6","dataset0080","Missense","Neutral to the ATM-mediated anti-cell growth with Camptothecin in MCF10A","ATM-mediated anti-cell growth with Camptothecin","5","Functionally normal","","","NA","CRISPR-Based Genome Editing","Base editing","33606978"
"NM_000051.4(ATM):c.8404C>T (p.Gln2802Ter)","chr11","108343357","C/T","ATM","0.211","dataset0080","Nonsense","Neutral to the ATM-mediated anti-cell growth with Camptothecin in MCF10A","ATM-mediated anti-cell growth with Camptothecin","5","Functionally normal","","","NA","CRISPR-Based Genome Editing","Base editing","33606978"
"NM_000051.4(ATM):c.8418G>A (p.Met2806Ile)","chr11","108343371","G/A","ATM","-0.309","dataset0080","Missense","Neutral to the ATM-mediated anti-cell growth with Camptothecin in MCF10A","ATM-mediated anti-cell growth with Camptothecin","5","Functionally normal","Conflicting classifications of pathogenicity","","NA","CRISPR-Based Genome Editing","Base editing","33606978"
"NM_000051.4(ATM):c.8488G>A (p.Val2830Ile)","chr11","108345812","G/A","ATM","-0.742","dataset0080","Missense","Neutral to the ATM-mediated anti-cell growth with Camptothecin in MCF10A","ATM-mediated anti-cell growth with Camptothecin","5","Functionally normal","","","NA","CRISPR-Based Genome Editing","Base editing","33606978"
"NM_000051.4(ATM):c.8494C>T (p.Arg2832Cys)","chr11","108345818","C/T","ATM","-0.145","dataset0080","Missense","Neutral to the ATM-mediated anti-cell growth with Camptothecin in MCF10A","ATM-mediated anti-cell growth with Camptothecin","5","Functionally normal","Likely pathogenic","1.85912e-05","luad:0.2% (1/566):0.240;stad:0.2% (1/440):0.200;ucec:0.2% (1/529):0.350","CRISPR-Based Genome Editing","Base editing","33606978"
"NM_000051.4(ATM):c.8504G>A (p.Cys2835Tyr)","chr11","108345828","G/A","ATM","-0.035","dataset0080","Missense","Neutral to the ATM-mediated anti-cell growth with Camptothecin in MCF10A","ATM-mediated anti-cell growth with Camptothecin","5","Functionally normal","Uncertain significance","6.19644e-07","NA","CRISPR-Based Genome Editing","Base editing","33606978"
"NM_000051.4(ATM):c.8508G>A (p.Met2836Ile)","chr11","108345832","G/A","ATM","-0.537","dataset0080","Missense","Neutral to the ATM-mediated anti-cell growth with Camptothecin in MCF10A","ATM-mediated anti-cell growth with Camptothecin","5","Functionally normal","Uncertain significance","6.19629e-07","NA","CRISPR-Based Genome Editing","Base editing","33606978"
"NM_000051.4(ATM):c.8509G>A (p.Glu2837Lys)","chr11","108345833","G/A","ATM","-0.537","dataset0080","Missense","Neutral to the ATM-mediated anti-cell growth with Camptothecin in MCF10A","ATM-mediated anti-cell growth with Camptothecin","5","Functionally normal","","","NA","CRISPR-Based Genome Editing","Base editing","33606978"
"NM_000051.4(ATM):c.8539G>A (p.Glu2847Lys)","chr11","108345863","G/A","ATM","0.627","dataset0080","Missense","Neutral to the ATM-mediated anti-cell growth with Camptothecin in MCF10A","ATM-mediated anti-cell growth with Camptothecin","5","Functionally normal","Uncertain significance","","NA","CRISPR-Based Genome Editing","Base editing","33606978"
"NM_000051.4(ATM):c.8570C>T (p.Ala2857Val)","chr11","108345894","C/T","ATM","0.313","dataset0080","Missense","Neutral to the ATM-mediated anti-cell growth with Camptothecin in MCF10A","ATM-mediated anti-cell growth with Camptothecin","5","Functionally normal","","","NA","CRISPR-Based Genome Editing","Base editing","33606978"
"NM_000051.4(ATM):c.8599_8600delinsAA (p.Gly2867Lys)","chr11","108347293","GG/AA","ATM","-0.131","dataset0080","Missense","Neutral to the ATM-mediated anti-cell growth with Camptothecin in MCF10A","ATM-mediated anti-cell growth with Camptothecin","5","Functionally normal","","","NA","CRISPR-Based Genome Editing","Base editing","33606978"
"NM_000051.4(ATM):c.8599G>A (p.Gly2867Arg)","chr11","108347293","G/A","ATM","-0.131","dataset0080","Missense","Neutral to the ATM-mediated anti-cell growth with Camptothecin in MCF10A","ATM-mediated anti-cell growth with Camptothecin","5","Functionally normal","","1.24224e-06","NA","CRISPR-Based Genome Editing","Base editing","33606978"
"NM_000051.4(ATM):c.8600G>A (p.Gly2867Glu)","chr11","108347294","G/A","ATM","-0.131","dataset0080","Missense","Neutral to the ATM-mediated anti-cell growth with Camptothecin in MCF10A","ATM-mediated anti-cell growth with Camptothecin","5","Functionally normal","Uncertain significance","","NA","CRISPR-Based Genome Editing","Base editing","33606978"
"NM_000051.4(ATM):c.8653C>T (p.Leu2885Phe)","chr11","108347347","C/T","ATM","-0.674","dataset0080","Missense","Neutral to the ATM-mediated anti-cell growth with Camptothecin in MCF10A","ATM-mediated anti-cell growth with Camptothecin","5","Functionally normal","Uncertain significance","1.24541e-06","NA","CRISPR-Based Genome Editing","Base editing","33606978"
"NM_000051.4(ATM):c.8716G>A (p.Val2906Ile)","chr11","108353810","G/A","ATM","-0.365","dataset0080","Missense","Neutral to the ATM-mediated anti-cell growth with Camptothecin in MCF10A","ATM-mediated anti-cell growth with Camptothecin","5","Functionally normal","Uncertain significance","8.67421e-06","NA","CRISPR-Based Genome Editing","Base editing","33606978"
"NM_000051.4(ATM):c.8726G>A (p.Arg2909Lys)","chr11","108353820","G/A","ATM","-0.482","dataset0080","Missense","Neutral to the ATM-mediated anti-cell growth with Camptothecin in MCF10A","ATM-mediated anti-cell growth with Camptothecin","5","Functionally normal","Uncertain significance","6.19566e-07","NA","CRISPR-Based Genome Editing","Base editing","33606978"
"NM_000051.4(ATM):c.8728C>T (p.Leu2910Phe)","chr11","108353822","C/T","ATM","-0.402","dataset0080","Missense","Neutral to the ATM-mediated anti-cell growth with Camptothecin in MCF10A","ATM-mediated anti-cell growth with Camptothecin","5","Functionally normal","Uncertain significance","6.19553e-07","NA","CRISPR-Based Genome Editing","Base editing","33606978"
"NM_000051.4(ATM):c.8732C>T (p.Thr2911Ile)","chr11","108353826","C/T","ATM","0.936","dataset0080","Missense","Neutral to the ATM-mediated anti-cell growth with Camptothecin in MCF10A","ATM-mediated anti-cell growth with Camptothecin","5","Functionally normal","Conflicting classifications of pathogenicity","","NA","CRISPR-Based Genome Editing","Base editing","33606978"
"NM_000051.4(ATM):c.8735G>A (p.Arg2912Lys)","chr11","108353829","G/A","ATM","-0.399","dataset0080","Missense","Neutral to the ATM-mediated anti-cell growth with Camptothecin in MCF10A","ATM-mediated anti-cell growth with Camptothecin","5","Functionally normal","","6.19546e-07","NA","CRISPR-Based Genome Editing","Base editing","33606978"
"NM_000051.4(ATM):c.8737G>A (p.Asp2913Asn)","chr11","108353831","G/A","ATM","-0.399","dataset0080","Missense","Neutral to the ATM-mediated anti-cell growth with Camptothecin in MCF10A","ATM-mediated anti-cell growth with Camptothecin","5","Functionally normal","","","NA","CRISPR-Based Genome Editing","Base editing","33606978"
"NM_000051.4(ATM):c.8749_8750delinsAA (p.Gly2917Asn)","chr11","108353843","GG/AA","ATM","-0.424","dataset0080","Missense","Neutral to the ATM-mediated anti-cell growth with Camptothecin in MCF10A","ATM-mediated anti-cell growth with Camptothecin","5","Functionally normal","","","NA","CRISPR-Based Genome Editing","Base editing","33606978"
"NM_000051.4(ATM):c.8749G>A (p.Gly2917Ser)","chr11","108353843","G/A","ATM","-0.424","dataset0080","Missense","Neutral to the ATM-mediated anti-cell growth with Camptothecin in MCF10A","ATM-mediated anti-cell growth with Camptothecin","5","Functionally normal","Uncertain significance","","NA","CRISPR-Based Genome Editing","Base editing","33606978"
"NM_000051.4(ATM):c.8750G>A (p.Gly2917Asp)","chr11","108353844","G/A","ATM","-0.424","dataset0080","Missense","Neutral to the ATM-mediated anti-cell growth with Camptothecin in MCF10A","ATM-mediated anti-cell growth with Camptothecin","5","Functionally normal","Uncertain significance","","NA","CRISPR-Based Genome Editing","Base editing","33606978"
"NM_000051.4(ATM):c.8816G>A (p.Arg2939Lys)","chr11","108354840","G/A","ATM","0.26","dataset0080","Missense","Neutral to the ATM-mediated anti-cell growth with Camptothecin in MCF10A","ATM-mediated anti-cell growth with Camptothecin","5","Functionally normal","","","NA","CRISPR-Based Genome Editing","Base editing","33606978"
"NM_000051.4(ATM):c.8831C>T (p.Thr2944Ile)","chr11","108354855","C/T","ATM","-0.237","dataset0080","Missense","Neutral to the ATM-mediated anti-cell growth with Camptothecin in MCF10A","ATM-mediated anti-cell growth with Camptothecin","5","Functionally normal","Uncertain significance","","NA","CRISPR-Based Genome Editing","Base editing","33606978"
"NM_000051.4(ATM):c.8886G>A (p.Met2962Ile)","chr11","108365117","G/A","ATM","0.399","dataset0080","Missense","Neutral to the ATM-mediated anti-cell growth with Camptothecin in MCF10A","ATM-mediated anti-cell growth with Camptothecin","5","Functionally normal","Uncertain significance","","NA","CRISPR-Based Genome Editing","Base editing","33606978"
"NM_000051.4(ATM):c.8899G>A (p.Ala2967Thr)","chr11","108365130","G/A","ATM","-0.432","dataset0080","Missense","Neutral to the ATM-mediated anti-cell growth with Camptothecin in MCF10A","ATM-mediated anti-cell growth with Camptothecin","5","Functionally normal","","","NA","CRISPR-Based Genome Editing","Base editing","33606978"
"NM_000051.4(ATM):c.8900C>T (p.Ala2967Val)","chr11","108365131","C/T","ATM","0.251","dataset0080","Missense","Neutral to the ATM-mediated anti-cell growth with Camptothecin in MCF10A","ATM-mediated anti-cell growth with Camptothecin","5","Functionally normal","Uncertain significance","","NA","CRISPR-Based Genome Editing","Base editing","33606978"
"NM_000051.4(ATM):c.8935G>A (p.Glu2979Lys)","chr11","108365166","G/A","ATM","0.531","dataset0080","Missense","Neutral to the ATM-mediated anti-cell growth with Camptothecin in MCF10A","ATM-mediated anti-cell growth with Camptothecin","5","Functionally normal","","","NA","CRISPR-Based Genome Editing","Base editing","33606978"
"NM_000051.4(ATM):c.8959G>A (p.Asp2987Asn)","chr11","108365190","G/A","ATM","0.099","dataset0080","Missense","Neutral to the ATM-mediated anti-cell growth with Camptothecin in MCF10A","ATM-mediated anti-cell growth with Camptothecin","5","Functionally normal","","6.19496e-07","NA","CRISPR-Based Genome Editing","Base editing","33606978"
"NM_000051.4(ATM):c.8962G>A (p.Asp2988Asn)","chr11","108365193","G/A","ATM","0.099","dataset0080","Missense","Neutral to the ATM-mediated anti-cell growth with Camptothecin in MCF10A","ATM-mediated anti-cell growth with Camptothecin","5","Functionally normal","Uncertain significance","6.195e-07","hnsc:0.2% (1/523):0.070","CRISPR-Based Genome Editing","Base editing","33606978"
"NM_000051.4(ATM):c.9002G>A (p.Ser3001Asn)","chr11","108365339","G/A","ATM","-0.472","dataset0080","Missense","Neutral to the ATM-mediated anti-cell growth with Camptothecin in MCF10A","ATM-mediated anti-cell growth with Camptothecin","5","Functionally normal","Conflicting classifications of pathogenicity","6.19496e-06","NA","CRISPR-Based Genome Editing","Base editing","33606978"
"NM_000051.4(ATM):c.9013G>A (p.Val3005Ile)","chr11","108365350","G/A","ATM","-0.623","dataset0080","Missense","Neutral to the ATM-mediated anti-cell growth with Camptothecin in MCF10A","ATM-mediated anti-cell growth with Camptothecin","5","Functionally normal","Likely benign","","NA","CRISPR-Based Genome Editing","Base editing","33606978"
"NM_000051.4(ATM):c.9016G>A (p.Ala3006Thr)","chr11","108365353","G/A","ATM","-0.623","dataset0080","Missense","Neutral to the ATM-mediated anti-cell growth with Camptothecin in MCF10A","ATM-mediated anti-cell growth with Camptothecin","5","Functionally normal","Uncertain significance","","NA","CRISPR-Based Genome Editing","Base editing","33606978"
"NM_000051.4(ATM):c.9040C>T (p.Gln3014Ter)","chr11","108365377","C/T","ATM","-0.023","dataset0080","Nonsense","Neutral to the ATM-mediated anti-cell growth with Camptothecin in MCF10A","ATM-mediated anti-cell growth with Camptothecin","5","Functionally normal","Pathogenic/Likely pathogenic","","NA","CRISPR-Based Genome Editing","Base editing","33606978"
"NM_000051.4(ATM):c.9071C>T (p.Thr3024Ile)","chr11","108365408","C/T","ATM","-0.133","dataset0080","Missense","Neutral to the ATM-mediated anti-cell growth with Camptothecin in MCF10A","ATM-mediated anti-cell growth with Camptothecin","5","Functionally normal","Uncertain significance","8.67374e-06","NA","CRISPR-Based Genome Editing","Base editing","33606978"
"NM_000051.4(ATM):c.9133C>T (p.Leu3045Phe)","chr11","108365470","C/T","ATM","-0.952","dataset0080","Missense","The reduced ATM-mediated anti-cell growth with Camptothecin in MCF10A","ATM-mediated anti-cell growth with Camptothecin","5","Loss-of-function","Uncertain significance","","NA","CRISPR-Based Genome Editing","Base editing","33606978"
"NM_000051.4(ATM):c.9139C>T (p.Arg3047Ter)","chr11","108365476","C/T","ATM","0.336","dataset0080","Nonsense","Neutral to the ATM-mediated anti-cell growth with Camptothecin in MCF10A","ATM-mediated anti-cell growth with Camptothecin","5","Functionally normal","Pathogenic","1.61092e-05","brca:0.1% (1/1084):0.400;ucec:0.2% (1/529):0.230","CRISPR-Based Genome Editing","Base editing","33606978"
"NM_000051.4(ATM):c.9140G>A (p.Arg3047Gln)","chr11","108365477","G/A","ATM","-0.311","dataset0080","Missense","Neutral to the ATM-mediated anti-cell growth with Camptothecin in MCF10A","ATM-mediated anti-cell growth with Camptothecin","5","Functionally normal","Uncertain significance","6.19518e-07","NA","CRISPR-Based Genome Editing","Base editing","33606978"
"NM_000051.4(ATM):c.9148C>T (p.Pro3050Ser)","chr11","108365485","C/T","ATM","-0.163","dataset0080","Missense","Neutral to the ATM-mediated anti-cell growth with Camptothecin in MCF10A","ATM-mediated anti-cell growth with Camptothecin","5","Functionally normal","Uncertain significance","","NA","CRISPR-Based Genome Editing","Base editing","33606978"
"NM_000051.4(ATM):c.9149C>T (p.Pro3050Leu)","chr11","108365486","C/T","ATM","-0.163","dataset0080","Missense","Neutral to the ATM-mediated anti-cell growth with Camptothecin in MCF10A","ATM-mediated anti-cell growth with Camptothecin","5","Functionally normal","Uncertain significance","1.05326e-05","NA","CRISPR-Based Genome Editing","Base editing","33606978"
"NM_000051.4(ATM):c.9155G>A (p.Trp3052Ter)","chr11","108365492","G/A","ATM","-0.019","dataset0080","Nonsense","Neutral to the ATM-mediated anti-cell growth with Camptothecin in MCF10A","ATM-mediated anti-cell growth with Camptothecin","5","Functionally normal","Uncertain significance","","NA","CRISPR-Based Genome Editing","Base editing","33606978"
"NM_000051.4(ATM):c.9164G>A (p.Trp3055Ter)","chr11","108365501","G/A","ATM","0.006","dataset0080","Nonsense","Neutral to the ATM-mediated anti-cell growth with Camptothecin in MCF10A","ATM-mediated anti-cell growth with Camptothecin","5","Functionally normal","Uncertain significance","","NA","CRISPR-Based Genome Editing","Base editing","33606978"
"NM_000051.4(ATM):c.9166G>A (p.Val3056Met)","chr11","108365503","G/A","ATM","0.006","dataset0080","Missense","Neutral to the ATM-mediated anti-cell growth with Camptothecin in MCF10A","ATM-mediated anti-cell growth with Camptothecin","5","Functionally normal","Uncertain significance","","NA","CRISPR-Based Genome Editing","Base editing","33606978"
"NM_000051.4(ATM):c.19G>A (p.Asp7Asn)","chr11","108227643","G/A","ATM","-0.224","dataset0081","Missense","Neutral to the ATM-mediated anti-cell growth in MCF10A","ATM-mediated anti-cell growth","5","Functionally normal","","","NA","CRISPR-Based Genome Editing","Base editing","33606978"
"NM_000051.4(ATM):c.52G>A (p.Asp18Asn)","chr11","108227676","G/A","ATM","0.167","dataset0081","Missense","Neutral to the ATM-mediated anti-cell growth in MCF10A","ATM-mediated anti-cell growth","5","Functionally normal","Uncertain significance","","NA","CRISPR-Based Genome Editing","Base editing","33606978"
"NM_000051.4(ATM):c.56G>A (p.Arg19Lys)","chr11","108227680","G/A","ATM","0.167","dataset0081","Missense","Neutral to the ATM-mediated anti-cell growth in MCF10A","ATM-mediated anti-cell growth","5","Functionally normal","Conflicting classifications of pathogenicity","","NA","CRISPR-Based Genome Editing","Base editing","33606978"
"NM_000051.4(ATM):c.112G>A (p.Glu38Lys)","chr11","108227815","G/A","ATM","-0.164","dataset0081","Missense","Neutral to the ATM-mediated anti-cell growth in MCF10A","ATM-mediated anti-cell growth","5","Functionally normal","Uncertain significance","","NA","CRISPR-Based Genome Editing","Base editing","33606978"
"NM_000051.4(ATM):c.116C>T (p.Thr39Ile)","chr11","108227819","C/T","ATM","-0.888","dataset0081","Missense","Neutral to the ATM-mediated anti-cell growth in MCF10A","ATM-mediated anti-cell growth","5","Functionally normal","Uncertain significance","","NA","CRISPR-Based Genome Editing","Base editing","33606978"
"NM_000051.4(ATM):c.136C>T (p.His46Tyr)","chr11","108227839","C/T","ATM","-0.429","dataset0081","Missense","Neutral to the ATM-mediated anti-cell growth in MCF10A","ATM-mediated anti-cell growth","5","Functionally normal","","","NA","CRISPR-Based Genome Editing","Base editing","33606978"
"NM_000051.4(ATM):c.140C>T (p.Ser47Leu)","chr11","108227843","C/T","ATM","-0.429","dataset0081","Missense","Neutral to the ATM-mediated anti-cell growth in MCF10A","ATM-mediated anti-cell growth","5","Functionally normal","Uncertain significance","","NA","CRISPR-Based Genome Editing","Base editing","33606978"
"NM_000051.4(ATM):c.151C>T (p.Gln51Ter)","chr11","108227854","C/T","ATM","0.056","dataset0081","Nonsense","Neutral to the ATM-mediated anti-cell growth in MCF10A","ATM-mediated anti-cell growth","5","Functionally normal","Pathogenic","6.19858e-07","NA","CRISPR-Based Genome Editing","Base editing","33606978"
"NM_000051.4(ATM):c.251C>T (p.Ala84Val)","chr11","108229243","C/T","ATM","-0.364","dataset0081","Missense","Neutral to the ATM-mediated anti-cell growth in MCF10A","ATM-mediated anti-cell growth","5","Functionally normal","Conflicting classifications of pathogenicity","1.23949e-06","NA","CRISPR-Based Genome Editing","Base editing","33606978"
"NM_000051.4(ATM):c.254C>T (p.Ser85Leu)","chr11","108229246","C/T","ATM","-0.364","dataset0081","Missense","Neutral to the ATM-mediated anti-cell growth in MCF10A","ATM-mediated anti-cell growth","5","Functionally normal","","","NA","CRISPR-Based Genome Editing","Base editing","33606978"
"NM_000051.4(ATM):c.266C>T (p.Ser89Phe)","chr11","108229258","C/T","ATM","-0.603","dataset0081","Missense","Neutral to the ATM-mediated anti-cell growth in MCF10A","ATM-mediated anti-cell growth","5","Functionally normal","Uncertain significance","","NA","CRISPR-Based Genome Editing","Base editing","33606978"
"NM_000051.4(ATM):c.269G>A (p.Arg90Lys)","chr11","108229261","G/A","ATM","-0.205","dataset0081","Missense","Neutral to the ATM-mediated anti-cell growth in MCF10A","ATM-mediated anti-cell growth","5","Functionally normal","","6.19689e-07","NA","CRISPR-Based Genome Editing","Base editing","33606978"
"NM_000051.4(ATM):c.271C>T (p.Gln91Ter)","chr11","108229263","C/T","ATM","-0.603","dataset0081","Nonsense","Neutral to the ATM-mediated anti-cell growth in MCF10A","ATM-mediated anti-cell growth","5","Functionally normal","Pathogenic","","NA","CRISPR-Based Genome Editing","Base editing","33606978"
"NM_000051.4(ATM):c.282G>A (p.Met94Ile)","chr11","108229274","G/A","ATM","0.199","dataset0081","Missense","Neutral to the ATM-mediated anti-cell growth in MCF10A","ATM-mediated anti-cell growth","5","Functionally normal","Uncertain significance","","NA","CRISPR-Based Genome Editing","Base editing","33606978"
"NM_000051.4(ATM):c.283C>T (p.Gln95Ter)","chr11","108229275","C/T","ATM","0.086","dataset0081","Nonsense","Neutral to the ATM-mediated anti-cell growth in MCF10A","ATM-mediated anti-cell growth","5","Functionally normal","Pathogenic/Likely pathogenic","6.19792e-07","NA","CRISPR-Based Genome Editing","Base editing","33606978"
"NM_000051.4(ATM):c.286G>A (p.Glu96Lys)","chr11","108229278","G/A","ATM","0.376","dataset0081","Missense","Neutral to the ATM-mediated anti-cell growth in MCF10A","ATM-mediated anti-cell growth","5","Functionally normal","Uncertain significance","","NA","CRISPR-Based Genome Editing","Base editing","33606978"
"NM_000051.4(ATM):c.355G>A (p.Glu119Lys)","chr11","108235693","G/A","ATM","0.02","dataset0081","Missense","Neutral to the ATM-mediated anti-cell growth in MCF10A","ATM-mediated anti-cell growth","5","Functionally normal","","","NA","CRISPR-Based Genome Editing","Base editing","33606978"
"NM_000051.4(ATM):c.358C>T (p.Leu120Phe)","chr11","108235696","C/T","ATM","-1.305","dataset0081","Missense","The reduced ATM-mediated anti-cell growth in MCF10A","ATM-mediated anti-cell growth","5","Loss-of-function","","","NA","CRISPR-Based Genome Editing","Base editing","33606978"
"NM_000051.4(ATM):c.395C>T (p.Ser132Phe)","chr11","108235733","C/T","ATM","0.841","dataset0081","Missense","Neutral to the ATM-mediated anti-cell growth in MCF10A","ATM-mediated anti-cell growth","5","Functionally normal","Uncertain significance","6.2022e-06","NA","CRISPR-Based Genome Editing","Base editing","33606978"
"NM_000051.4(ATM):c.448C>T (p.Leu150Phe)","chr11","108235786","C/T","ATM","0.162","dataset0081","Missense","Neutral to the ATM-mediated anti-cell growth in MCF10A","ATM-mediated anti-cell growth","5","Functionally normal","Uncertain significance","","NA","CRISPR-Based Genome Editing","Base editing","33606978"
"NM_000051.4(ATM):c.452C>T (p.Ser151Phe)","chr11","108235790","C/T","ATM","0.162","dataset0081","Missense","Neutral to the ATM-mediated anti-cell growth in MCF10A","ATM-mediated anti-cell growth","5","Functionally normal","Uncertain significance","6.19623e-07","NA","CRISPR-Based Genome Editing","Base editing","33606978"
"NM_000051.4(ATM):c.479C>T (p.Ser160Phe)","chr11","108235817","C/T","ATM","-1.068","dataset0081","Missense","The reduced ATM-mediated anti-cell growth in MCF10A","ATM-mediated anti-cell growth","5","Loss-of-function","Uncertain significance","1.85902e-06","NA","CRISPR-Based Genome Editing","Base editing","33606978"
"NM_000051.4(ATM):c.481C>T (p.Gln161Ter)","chr11","108235819","C/T","ATM","-1.068","dataset0081","Nonsense","The reduced ATM-mediated anti-cell growth in MCF10A","ATM-mediated anti-cell growth","5","Loss-of-function","","","NA","CRISPR-Based Genome Editing","Base editing","33606978"
"NM_000051.4(ATM):c.547C>T (p.His183Tyr)","chr11","108244003","C/T","ATM","0.264","dataset0081","Missense","Neutral to the ATM-mediated anti-cell growth in MCF10A","ATM-mediated anti-cell growth","5","Functionally normal","Uncertain significance","","NA","CRISPR-Based Genome Editing","Base editing","33606978"
"NM_000051.4(ATM):c.551G>A (p.Arg184Lys)","chr11","108244007","G/A","ATM","-0.397","dataset0081","Missense","Neutral to the ATM-mediated anti-cell growth in MCF10A","ATM-mediated anti-cell growth","5","Functionally normal","Uncertain significance","","NA","CRISPR-Based Genome Editing","Base editing","33606978"
"NM_000051.4(ATM):c.574C>T (p.His192Tyr)","chr11","108244030","C/T","ATM","0.324","dataset0081","Missense","Neutral to the ATM-mediated anti-cell growth in MCF10A","ATM-mediated anti-cell growth","5","Functionally normal","Uncertain significance","0","NA","CRISPR-Based Genome Editing","Base editing","33606978"
"NM_000051.4(ATM):c.647C>T (p.Ala216Val)","chr11","108244103","C/T","ATM","-0.119","dataset0081","Missense","Neutral to the ATM-mediated anti-cell growth in MCF10A","ATM-mediated anti-cell growth","5","Functionally normal","Uncertain significance","","NA","CRISPR-Based Genome Editing","Base editing","33606978"
"NM_000051.4(ATM):c.656G>A (p.Cys219Tyr)","chr11","108244112","G/A","ATM","-0.23","dataset0081","Missense","Neutral to the ATM-mediated anti-cell growth in MCF10A","ATM-mediated anti-cell growth","5","Functionally normal","","","NA","CRISPR-Based Genome Editing","Base editing","33606978"
"NM_000051.4(ATM):c.658G>A (p.Ala220Thr)","chr11","108244114","G/A","ATM","-0.23","dataset0081","Missense","Neutral to the ATM-mediated anti-cell growth in MCF10A","ATM-mediated anti-cell growth","5","Functionally normal","Conflicting classifications of pathogenicity","3.0986e-06","NA","CRISPR-Based Genome Editing","Base editing","33606978"
"NM_000051.4(ATM):c.664C>T (p.Gln222Ter)","chr11","108244789","C/T","ATM","-1.296","dataset0081","Nonsense","The reduced ATM-mediated anti-cell growth in MCF10A","ATM-mediated anti-cell growth","5","Loss-of-function","Pathogenic/Likely pathogenic","6.20568e-07","NA","CRISPR-Based Genome Editing","Base editing","33606978"
"NM_000051.4(ATM):c.710C>T (p.Thr237Ile)","chr11","108244835","C/T","ATM","-0.232","dataset0081","Missense","Neutral to the ATM-mediated anti-cell growth in MCF10A","ATM-mediated anti-cell growth","5","Functionally normal","Uncertain significance","6.19693e-07","NA","CRISPR-Based Genome Editing","Base editing","33606978"
"NM_000051.4(ATM):c.733G>A (p.Val245Ile)","chr11","108244858","G/A","ATM","0.161","dataset0081","Missense","Neutral to the ATM-mediated anti-cell growth in MCF10A","ATM-mediated anti-cell growth","5","Functionally normal","Conflicting classifications of pathogenicity","","NA","CRISPR-Based Genome Editing","Base editing","33606978"
"NM_000051.4(ATM):c.748C>T (p.Arg250Ter)","chr11","108244873","C/T","ATM","0.055","dataset0081","Nonsense","Neutral to the ATM-mediated anti-cell growth in MCF10A","ATM-mediated anti-cell growth","5","Functionally normal","Pathogenic","6.19695e-06","blca:0.2% (1/411):0.570;coad:0.5% (2/439):0.250;kirc:0.2% (1/512):0.300;read:1.3% (2/155):0.490;ucec:0.6% (3/529):0.280","CRISPR-Based Genome Editing","Base editing","33606978"
"NM_000051.4(ATM):c.778_779delinsTT (p.Pro260Phe)","chr11","108244903","CC/TT","ATM","-0.25","dataset0081","Missense","Neutral to the ATM-mediated anti-cell growth in MCF10A","ATM-mediated anti-cell growth","5","Functionally normal","","","NA","CRISPR-Based Genome Editing","Base editing","33606978"
"NM_000051.4(ATM):c.778C>T (p.Pro260Ser)","chr11","108244903","C/T","ATM","-0.25","dataset0081","Missense","Neutral to the ATM-mediated anti-cell growth in MCF10A","ATM-mediated anti-cell growth","5","Functionally normal","Uncertain significance","","NA","CRISPR-Based Genome Editing","Base editing","33606978"
"NM_000051.4(ATM):c.779C>T (p.Pro260Leu)","chr11","108244904","C/T","ATM","-0.25","dataset0081","Missense","Neutral to the ATM-mediated anti-cell growth in MCF10A","ATM-mediated anti-cell growth","5","Functionally normal","Uncertain significance","1.23944e-06","NA","CRISPR-Based Genome Editing","Base editing","33606978"
"NM_000051.4(ATM):c.782C>T (p.Thr261Ile)","chr11","108244907","C/T","ATM","-0.25","dataset0081","Missense","Neutral to the ATM-mediated anti-cell growth in MCF10A","ATM-mediated anti-cell growth","5","Functionally normal","","","NA","CRISPR-Based Genome Editing","Base editing","33606978"
"NM_000051.4(ATM):c.797G>A (p.Trp266Ter)","chr11","108244922","G/A","ATM","-1.175","dataset0081","Nonsense","The reduced ATM-mediated anti-cell growth in MCF10A","ATM-mediated anti-cell growth","5","Loss-of-function","Likely pathogenic","6.19879e-07","NA","CRISPR-Based Genome Editing","Base editing","33606978"
"NM_000051.4(ATM):c.883G>A (p.Ala295Thr)","chr11","108245008","G/A","ATM","0.241","dataset0081","Missense","Neutral to the ATM-mediated anti-cell growth in MCF10A","ATM-mediated anti-cell growth","5","Functionally normal","Uncertain significance","","NA","CRISPR-Based Genome Editing","Base editing","33606978"
"NM_000051.4(ATM):c.884C>T (p.Ala295Val)","chr11","108245009","C/T","ATM","-0.379","dataset0081","Missense","Neutral to the ATM-mediated anti-cell growth in MCF10A","ATM-mediated anti-cell growth","5","Functionally normal","Uncertain significance","0","NA","CRISPR-Based Genome Editing","Base editing","33606978"
"NM_000051.4(ATM):c.890C>T (p.Thr297Ile)","chr11","108245015","C/T","ATM","0.625","dataset0081","Missense","Neutral to the ATM-mediated anti-cell growth in MCF10A","ATM-mediated anti-cell growth","5","Functionally normal","Uncertain significance","","NA","CRISPR-Based Genome Editing","Base editing","33606978"
"NM_000051.4(ATM):c.892C>T (p.Gln298Ter)","chr11","108245017","C/T","ATM","0.625","dataset0081","Nonsense","Neutral to the ATM-mediated anti-cell growth in MCF10A","ATM-mediated anti-cell growth","5","Functionally normal","Pathogenic","","NA","CRISPR-Based Genome Editing","Base editing","33606978"
"NM_000051.4(ATM):c.901G>A (p.Gly301Ser)","chr11","108245026","G/A","ATM","-0.425","dataset0081","Missense","Neutral to the ATM-mediated anti-cell growth in MCF10A","ATM-mediated anti-cell growth","5","Functionally normal","Conflicting classifications of pathogenicity","","NA","CRISPR-Based Genome Editing","Base editing","33606978"
"NM_000051.4(ATM):c.905C>T (p.Ala302Val)","chr11","108246967","C/T","ATM","-1.112","dataset0081","Missense","The reduced ATM-mediated anti-cell growth in MCF10A","ATM-mediated anti-cell growth","5","Loss-of-function","Uncertain significance","3.10819e-06","NA","CRISPR-Based Genome Editing","Base editing","33606978"
"NM_000051.4(ATM):c.973C>T (p.His325Tyr)","chr11","108247035","C/T","ATM","0.37","dataset0081","Missense","Neutral to the ATM-mediated anti-cell growth in MCF10A","ATM-mediated anti-cell growth","5","Functionally normal","","6.19863e-07","NA","CRISPR-Based Genome Editing","Base editing","33606978"
"NM_000051.4(ATM):c.1039G>A (p.Glu347Lys)","chr11","108247101","G/A","ATM","-0.741","dataset0081","Missense","Neutral to the ATM-mediated anti-cell growth in MCF10A","ATM-mediated anti-cell growth","5","Functionally normal","","","esca:0.5% (1/182):0.430","CRISPR-Based Genome Editing","Base editing","33606978"
"NM_000051.4(ATM):c.1049C>T (p.Ala350Val)","chr11","108247111","C/T","ATM","-0.407","dataset0081","Missense","Neutral to the ATM-mediated anti-cell growth in MCF10A","ATM-mediated anti-cell growth","5","Functionally normal","Uncertain significance","7.43751e-06","NA","CRISPR-Based Genome Editing","Base editing","33606978"
"NM_000051.4(ATM):c.1060C>T (p.His354Tyr)","chr11","108247122","C/T","ATM","-0.495","dataset0081","Missense","Neutral to the ATM-mediated anti-cell growth in MCF10A","ATM-mediated anti-cell growth","5","Functionally normal","Uncertain significance","","NA","CRISPR-Based Genome Editing","Base editing","33606978"
"NM_000051.4(ATM):c.1063C>T (p.Gln355Ter)","chr11","108247125","C/T","ATM","-0.495","dataset0081","Nonsense","Neutral to the ATM-mediated anti-cell growth in MCF10A","ATM-mediated anti-cell growth","5","Functionally normal","Pathogenic","","NA","CRISPR-Based Genome Editing","Base editing","33606978"
"NM_000051.4(ATM):c.1216G>A (p.Asp406Asn)","chr11","108249083","G/A","ATM","0.352","dataset0081","Missense","Neutral to the ATM-mediated anti-cell growth in MCF10A","ATM-mediated anti-cell growth","5","Functionally normal","Uncertain significance","","lusc:0.2% (1/487):0.160","CRISPR-Based Genome Editing","Base editing","33606978"
"NM_000051.4(ATM):c.1289G>A (p.Cys430Tyr)","chr11","108250754","G/A","ATM","0.214","dataset0081","Missense","Neutral to the ATM-mediated anti-cell growth in MCF10A","ATM-mediated anti-cell growth","5","Functionally normal","","","NA","CRISPR-Based Genome Editing","Base editing","33606978"
"NM_000051.4(ATM):c.1330_1331delinsTT (p.Pro444Phe)","chr11","108250795","CC/TT","ATM","0.028","dataset0081","Missense","Neutral to the ATM-mediated anti-cell growth in MCF10A","ATM-mediated anti-cell growth","5","Functionally normal","","","NA","CRISPR-Based Genome Editing","Base editing","33606978"
"NM_000051.4(ATM):c.1330C>T (p.Pro444Ser)","chr11","108250795","C/T","ATM","0.028","dataset0081","Missense","Neutral to the ATM-mediated anti-cell growth in MCF10A","ATM-mediated anti-cell growth","5","Functionally normal","Uncertain significance","","NA","CRISPR-Based Genome Editing","Base editing","33606978"
"NM_000051.4(ATM):c.1331C>T (p.Pro444Leu)","chr11","108250796","C/T","ATM","0.028","dataset0081","Missense","Neutral to the ATM-mediated anti-cell growth in MCF10A","ATM-mediated anti-cell growth","5","Functionally normal","Uncertain significance","","NA","CRISPR-Based Genome Editing","Base editing","33606978"
"NM_000051.4(ATM):c.1333C>T (p.Gln445Ter)","chr11","108250798","C/T","ATM","-0.449","dataset0081","Nonsense","Neutral to the ATM-mediated anti-cell growth in MCF10A","ATM-mediated anti-cell growth","5","Functionally normal","Pathogenic","","NA","CRISPR-Based Genome Editing","Base editing","33606978"
"NM_000051.4(ATM):c.1345_1346delinsAA (p.Gly449Lys)","chr11","108250810","GG/AA","ATM","0.74","dataset0081","Missense","Neutral to the ATM-mediated anti-cell growth in MCF10A","ATM-mediated anti-cell growth","5","Functionally normal","","","NA","CRISPR-Based Genome Editing","Base editing","33606978"
"NM_000051.4(ATM):c.1345G>A (p.Gly449Arg)","chr11","108250810","G/A","ATM","0.74","dataset0081","Missense","Neutral to the ATM-mediated anti-cell growth in MCF10A","ATM-mediated anti-cell growth","5","Functionally normal","Uncertain significance","6.19595e-07","NA","CRISPR-Based Genome Editing","Base editing","33606978"
"NM_000051.4(ATM):c.1346G>A (p.Gly449Glu)","chr11","108250811","G/A","ATM","0.215","dataset0081","Missense","Neutral to the ATM-mediated anti-cell growth in MCF10A","ATM-mediated anti-cell growth","5","Functionally normal","Uncertain significance","","NA","CRISPR-Based Genome Editing","Base editing","33606978"
"NM_000051.4(ATM):c.1348G>A (p.Glu450Lys)","chr11","108250813","G/A","ATM","0.409","dataset0081","Missense","Neutral to the ATM-mediated anti-cell growth in MCF10A","ATM-mediated anti-cell growth","5","Functionally normal","Uncertain significance","","NA","CRISPR-Based Genome Editing","Base editing","33606978"
"NM_000051.4(ATM):c.1352G>A (p.Arg451His)","chr11","108250817","G/A","ATM","0.797","dataset0081","Missense","Neutral to the ATM-mediated anti-cell growth in MCF10A","ATM-mediated anti-cell growth","5","Functionally normal","Uncertain significance","1.30118e-05","NA","CRISPR-Based Genome Editing","Base editing","33606978"
"NM_000051.4(ATM):c.1373G>A (p.Cys458Tyr)","chr11","108250838","G/A","ATM","-0.201","dataset0081","Missense","Neutral to the ATM-mediated anti-cell growth in MCF10A","ATM-mediated anti-cell growth","5","Functionally normal","Uncertain significance","1.23905e-06","NA","CRISPR-Based Genome Editing","Base editing","33606978"
"NM_000051.4(ATM):c.1388C>T (p.Ala463Val)","chr11","108250853","C/T","ATM","-0.129","dataset0081","Missense","Neutral to the ATM-mediated anti-cell growth in MCF10A","ATM-mediated anti-cell growth","5","Functionally normal","","","NA","CRISPR-Based Genome Editing","Base editing","33606978"
"NM_000051.4(ATM):c.1394G>A (p.Cys465Tyr)","chr11","108250859","G/A","ATM","0.031","dataset0081","Missense","Neutral to the ATM-mediated anti-cell growth in MCF10A","ATM-mediated anti-cell growth","5","Functionally normal","","","NA","CRISPR-Based Genome Editing","Base editing","33606978"
"NM_000051.4(ATM):c.1433C>T (p.Ser478Leu)","chr11","108250898","C/T","ATM","0.104","dataset0081","Missense","Neutral to the ATM-mediated anti-cell growth in MCF10A","ATM-mediated anti-cell growth","5","Functionally normal","Uncertain significance","","NA","CRISPR-Based Genome Editing","Base editing","33606978"
"NM_000051.4(ATM):c.1447C>T (p.Leu483Phe)","chr11","108250912","C/T","ATM","0.547","dataset0081","Missense","Neutral to the ATM-mediated anti-cell growth in MCF10A","ATM-mediated anti-cell growth","5","Functionally normal","Uncertain significance","6.19536e-07","NA","CRISPR-Based Genome Editing","Base editing","33606978"
"NM_000051.4(ATM):c.1487G>A (p.Ser496Asn)","chr11","108250952","G/A","ATM","-0.798","dataset0081","Missense","Neutral to the ATM-mediated anti-cell growth in MCF10A","ATM-mediated anti-cell growth","5","Functionally normal","Uncertain significance","1.425e-05","NA","CRISPR-Based Genome Editing","Base editing","33606978"
"NM_000051.4(ATM):c.1492G>A (p.Glu498Lys)","chr11","108250957","G/A","ATM","-0.798","dataset0081","Missense","Neutral to the ATM-mediated anti-cell growth in MCF10A","ATM-mediated anti-cell growth","5","Functionally normal","","","NA","CRISPR-Based Genome Editing","Base editing","33606978"
"NM_000051.4(ATM):c.1501C>T (p.Gln501Ter)","chr11","108250966","C/T","ATM","0.314","dataset0081","Nonsense","Neutral to the ATM-mediated anti-cell growth in MCF10A","ATM-mediated anti-cell growth","5","Functionally normal","Pathogenic","6.19547e-07","NA","CRISPR-Based Genome Editing","Base editing","33606978"
"NM_000051.4(ATM):c.1522C>T (p.Leu508Phe)","chr11","108250987","C/T","ATM","0.248","dataset0081","Missense","Neutral to the ATM-mediated anti-cell growth in MCF10A","ATM-mediated anti-cell growth","5","Functionally normal","Uncertain significance","1.85865e-06","NA","CRISPR-Based Genome Editing","Base editing","33606978"
"NM_000051.4(ATM):c.1537C>T (p.Gln513Ter)","chr11","108251002","C/T","ATM","-0.668","dataset0081","Nonsense","Neutral to the ATM-mediated anti-cell growth in MCF10A","ATM-mediated anti-cell growth","5","Functionally normal","Pathogenic","","NA","CRISPR-Based Genome Editing","Base editing","33606978"
"NM_000051.4(ATM):c.1544G>A (p.Ser515Asn)","chr11","108251009","G/A","ATM","-0.104","dataset0081","Missense","Neutral to the ATM-mediated anti-cell growth in MCF10A","ATM-mediated anti-cell growth","5","Functionally normal","","","NA","CRISPR-Based Genome Editing","Base editing","33606978"
"NM_000051.4(ATM):c.1549G>A (p.Val517Ile)","chr11","108251014","G/A","ATM","-0.104","dataset0081","Missense","Neutral to the ATM-mediated anti-cell growth in MCF10A","ATM-mediated anti-cell growth","5","Functionally normal","Uncertain significance","","NA","CRISPR-Based Genome Editing","Base editing","33606978"
"NM_000051.4(ATM):c.1589C>T (p.Ser530Leu)","chr11","108251054","C/T","ATM","0.158","dataset0081","Missense","Neutral to the ATM-mediated anti-cell growth in MCF10A","ATM-mediated anti-cell growth","5","Functionally normal","Uncertain significance","","NA","CRISPR-Based Genome Editing","Base editing","33606978"
"NM_000051.4(ATM):c.1592C>T (p.Ala531Val)","chr11","108251057","C/T","ATM","0.158","dataset0081","Missense","Neutral to the ATM-mediated anti-cell growth in MCF10A","ATM-mediated anti-cell growth","5","Functionally normal","Uncertain significance","6.19569e-07","NA","CRISPR-Based Genome Editing","Base editing","33606978"
"NM_000051.4(ATM):c.1607G>A (p.Cys536Tyr)","chr11","108251072","G/A","ATM","-0.623","dataset0081","Missense","Neutral to the ATM-mediated anti-cell growth in MCF10A","ATM-mediated anti-cell growth","5","Functionally normal","","","NA","CRISPR-Based Genome Editing","Base editing","33606978"
"NM_000051.4(ATM):c.1613C>T (p.Ala538Val)","chr11","108251842","C/T","ATM","0.271","dataset0081","Missense","Neutral to the ATM-mediated anti-cell growth in MCF10A","ATM-mediated anti-cell growth","5","Functionally normal","Uncertain significance","6.19743e-07","NA","CRISPR-Based Genome Editing","Base editing","33606978"
"NM_000051.4(ATM):c.1640C>T (p.Thr547Ile)","chr11","108251869","C/T","ATM","-0.111","dataset0081","Missense","Neutral to the ATM-mediated anti-cell growth in MCF10A","ATM-mediated anti-cell growth","5","Functionally normal","Conflicting classifications of pathogenicity","1.23932e-06","NA","CRISPR-Based Genome Editing","Base editing","33606978"
"NM_000051.4(ATM):c.1643C>T (p.Thr548Ile)","chr11","108251872","C/T","ATM","-0.106","dataset0081","Missense","Neutral to the ATM-mediated anti-cell growth in MCF10A","ATM-mediated anti-cell growth","5","Functionally normal","","","NA","CRISPR-Based Genome Editing","Base editing","33606978"
"NM_000051.4(ATM):c.1654C>T (p.Pro552Ser)","chr11","108251883","C/T","ATM","-0.042","dataset0081","Missense","Neutral to the ATM-mediated anti-cell growth in MCF10A","ATM-mediated anti-cell growth","5","Functionally normal","","1.23932e-06","NA","CRISPR-Based Genome Editing","Base editing","33606978"
"NM_000051.4(ATM):c.1655C>T (p.Pro552Leu)","chr11","108251884","C/T","ATM","-0.042","dataset0081","Missense","Neutral to the ATM-mediated anti-cell growth in MCF10A","ATM-mediated anti-cell growth","5","Functionally normal","Uncertain significance","","NA","CRISPR-Based Genome Editing","Base editing","33606978"
"NM_000051.4(ATM):c.1657_1658delinsAA (p.Gly553Lys)","chr11","108251886","GG/AA","ATM","-0.661","dataset0081","Missense","Neutral to the ATM-mediated anti-cell growth in MCF10A","ATM-mediated anti-cell growth","5","Functionally normal","","","NA","CRISPR-Based Genome Editing","Base editing","33606978"
"NM_000051.4(ATM):c.1657G>A (p.Gly553Arg)","chr11","108251886","G/A","ATM","-0.661","dataset0081","Missense","Neutral to the ATM-mediated anti-cell growth in MCF10A","ATM-mediated anti-cell growth","5","Functionally normal","Uncertain significance","1.23926e-06","NA","CRISPR-Based Genome Editing","Base editing","33606978"
"NM_000051.4(ATM):c.1658G>A (p.Gly553Glu)","chr11","108251887","G/A","ATM","-0.399","dataset0081","Missense","Neutral to the ATM-mediated anti-cell growth in MCF10A","ATM-mediated anti-cell growth","5","Functionally normal","Uncertain significance","1.23924e-06","NA","CRISPR-Based Genome Editing","Base editing","33606978"
"NM_000051.4(ATM):c.1663G>A (p.Val555Ile)","chr11","108251892","G/A","ATM","-0.138","dataset0081","Missense","Neutral to the ATM-mediated anti-cell growth in MCF10A","ATM-mediated anti-cell growth","5","Functionally normal","Uncertain significance","","NA","CRISPR-Based Genome Editing","Base editing","33606978"
"NM_000051.4(ATM):c.1671G>A (p.Met557Ile)","chr11","108251900","G/A","ATM","0.077","dataset0081","Missense","Neutral to the ATM-mediated anti-cell growth in MCF10A","ATM-mediated anti-cell growth","5","Functionally normal","Conflicting classifications of pathogenicity","1.85899e-06","NA","CRISPR-Based Genome Editing","Base editing","33606978"
"NM_000051.4(ATM):c.1672_1673delinsAA (p.Gly558Lys)","chr11","108251901","GG/AA","ATM","0.077","dataset0081","Missense","Neutral to the ATM-mediated anti-cell growth in MCF10A","ATM-mediated anti-cell growth","5","Functionally normal","","","NA","CRISPR-Based Genome Editing","Base editing","33606978"
"NM_000051.4(ATM):c.1672G>A (p.Gly558Arg)","chr11","108251901","G/A","ATM","0.077","dataset0081","Missense","Neutral to the ATM-mediated anti-cell growth in MCF10A","ATM-mediated anti-cell growth","5","Functionally normal","Uncertain significance","","NA","CRISPR-Based Genome Editing","Base editing","33606978"
"NM_000051.4(ATM):c.1673G>A (p.Gly558Glu)","chr11","108251902","G/A","ATM","0.077","dataset0081","Missense","Neutral to the ATM-mediated anti-cell growth in MCF10A","ATM-mediated anti-cell growth","5","Functionally normal","Uncertain significance","6.19608e-07","NA","CRISPR-Based Genome Editing","Base editing","33606978"
"NM_000051.4(ATM):c.1786_1787delinsTT (p.Pro596Phe)","chr11","108252015","CC/TT","ATM","0.051","dataset0081","Missense","Neutral to the ATM-mediated anti-cell growth in MCF10A","ATM-mediated anti-cell growth","5","Functionally normal","","","NA","CRISPR-Based Genome Editing","Base editing","33606978"
"NM_000051.4(ATM):c.1786C>T (p.Pro596Ser)","chr11","108252015","C/T","ATM","0.051","dataset0081","Missense","Neutral to the ATM-mediated anti-cell growth in MCF10A","ATM-mediated anti-cell growth","5","Functionally normal","","","NA","CRISPR-Based Genome Editing","Base editing","33606978"
"NM_000051.4(ATM):c.1787C>T (p.Pro596Leu)","chr11","108252016","C/T","ATM","0.051","dataset0081","Missense","Neutral to the ATM-mediated anti-cell growth in MCF10A","ATM-mediated anti-cell growth","5","Functionally normal","Uncertain significance","","NA","CRISPR-Based Genome Editing","Base editing","33606978"
"NM_000051.4(ATM):c.1802G>A (p.Ser601Asn)","chr11","108252031","G/A","ATM","-1.84","dataset0081","Missense","The reduced ATM-mediated anti-cell growth in MCF10A","ATM-mediated anti-cell growth","5","Loss-of-function","Uncertain significance","0","NA","CRISPR-Based Genome Editing","Base editing","33606978"
"NM_000051.4(ATM):c.1810C>T (p.Pro604Ser)","chr11","108252824","C/T","ATM","-0.437","dataset0081","Missense","Neutral to the ATM-mediated anti-cell growth in MCF10A","ATM-mediated anti-cell growth","5","Functionally normal","Conflicting classifications of pathogenicity","0.00224397","NA","CRISPR-Based Genome Editing","Base editing","33606978"
"NM_000051.4(ATM):c.1825G>A (p.Glu609Lys)","chr11","108252839","G/A","ATM","-0.828","dataset0081","Missense","Neutral to the ATM-mediated anti-cell growth in MCF10A","ATM-mediated anti-cell growth","5","Functionally normal","Uncertain significance","0","NA","CRISPR-Based Genome Editing","Base editing","33606978"
"NM_000051.4(ATM):c.1882C>T (p.Gln628Ter)","chr11","108252896","C/T","ATM","-0.262","dataset0081","Nonsense","Neutral to the ATM-mediated anti-cell growth in MCF10A","ATM-mediated anti-cell growth","5","Functionally normal","Pathogenic/Likely pathogenic","1.86198e-06","luad:0.2% (1/566):0.100;ucec:0.2% (1/529):0.060","CRISPR-Based Genome Editing","Base editing","33606978"
"NM_000051.4(ATM):c.1898G>A (p.Cys633Tyr)","chr11","108252912","G/A","ATM","-0.052","dataset0081","Missense","Neutral to the ATM-mediated anti-cell growth in MCF10A","ATM-mediated anti-cell growth","5","Functionally normal","Uncertain significance","6.23456e-07","NA","CRISPR-Based Genome Editing","Base editing","33606978"
"NM_000051.4(ATM):c.1921G>A (p.Glu641Lys)","chr11","108253836","G/A","ATM","-1.122","dataset0081","Missense","The reduced ATM-mediated anti-cell growth in MCF10A","ATM-mediated anti-cell growth","5","Loss-of-function","","","NA","CRISPR-Based Genome Editing","Base editing","33606978"
"NM_000051.4(ATM):c.1924G>A (p.Glu642Lys)","chr11","108253839","G/A","ATM","-0.876","dataset0081","Missense","Neutral to the ATM-mediated anti-cell growth in MCF10A","ATM-mediated anti-cell growth","5","Functionally normal","Uncertain significance","","brca:0.1% (1/1084):0.710","CRISPR-Based Genome Editing","Base editing","33606978"
"NM_000051.4(ATM):c.1964C>T (p.Thr655Ile)","chr11","108253879","C/T","ATM","0.138","dataset0081","Missense","Neutral to the ATM-mediated anti-cell growth in MCF10A","ATM-mediated anti-cell growth","5","Functionally normal","Uncertain significance","","NA","CRISPR-Based Genome Editing","Base editing","33606978"
"NM_000051.4(ATM):c.1991C>T (p.Thr664Ile)","chr11","108253906","C/T","ATM","-0.608","dataset0081","Missense","Neutral to the ATM-mediated anti-cell growth in MCF10A","ATM-mediated anti-cell growth","5","Functionally normal","Conflicting classifications of pathogenicity","6.19574e-07","NA","CRISPR-Based Genome Editing","Base editing","33606978"
"NM_000051.4(ATM):c.2006G>A (p.Cys669Tyr)","chr11","108253921","G/A","ATM","0.428","dataset0081","Missense","Neutral to the ATM-mediated anti-cell growth in MCF10A","ATM-mediated anti-cell growth","5","Functionally normal","Uncertain significance","","NA","CRISPR-Based Genome Editing","Base editing","33606978"
"NM_000051.4(ATM):c.2008_2009delinsAA (p.Gly670Asn)","chr11","108253923","GG/AA","ATM","0.428","dataset0081","Missense","Neutral to the ATM-mediated anti-cell growth in MCF10A","ATM-mediated anti-cell growth","5","Functionally normal","","","NA","CRISPR-Based Genome Editing","Base editing","33606978"
"NM_000051.4(ATM):c.2008G>A (p.Gly670Ser)","chr11","108253923","G/A","ATM","0.428","dataset0081","Missense","Neutral to the ATM-mediated anti-cell growth in MCF10A","ATM-mediated anti-cell growth","5","Functionally normal","Uncertain significance","","NA","CRISPR-Based Genome Editing","Base editing","33606978"
"NM_000051.4(ATM):c.2009G>A (p.Gly670Asp)","chr11","108253924","G/A","ATM","0.428","dataset0081","Missense","Neutral to the ATM-mediated anti-cell growth in MCF10A","ATM-mediated anti-cell growth","5","Functionally normal","Uncertain significance","1.85871e-06","NA","CRISPR-Based Genome Editing","Base editing","33606978"
"NM_000051.4(ATM):c.2020C>T (p.His674Tyr)","chr11","108253935","C/T","ATM","-0.039","dataset0081","Missense","Neutral to the ATM-mediated anti-cell growth in MCF10A","ATM-mediated anti-cell growth","5","Functionally normal","Uncertain significance","6.19551e-07","NA","CRISPR-Based Genome Editing","Base editing","33606978"
"NM_000051.4(ATM):c.2042C>T (p.Ser681Phe)","chr11","108253957","C/T","ATM","-0.423","dataset0081","Missense","Neutral to the ATM-mediated anti-cell growth in MCF10A","ATM-mediated anti-cell growth","5","Functionally normal","Uncertain significance","1.23907e-06","NA","CRISPR-Based Genome Editing","Base editing","33606978"
"NM_000051.4(ATM):c.2044G>A (p.Val682Ile)","chr11","108253959","G/A","ATM","-0.072","dataset0081","Missense","Neutral to the ATM-mediated anti-cell growth in MCF10A","ATM-mediated anti-cell growth","5","Functionally normal","","","NA","CRISPR-Based Genome Editing","Base editing","33606978"
"NM_000051.4(ATM):c.2047C>T (p.His683Tyr)","chr11","108253962","C/T","ATM","-0.423","dataset0081","Missense","Neutral to the ATM-mediated anti-cell growth in MCF10A","ATM-mediated anti-cell growth","5","Functionally normal","Uncertain significance","","NA","CRISPR-Based Genome Editing","Base editing","33606978"
"NM_000051.4(ATM):c.2056C>T (p.Leu686Phe)","chr11","108253971","C/T","ATM","-0.234","dataset0081","Missense","Neutral to the ATM-mediated anti-cell growth in MCF10A","ATM-mediated anti-cell growth","5","Functionally normal","","","NA","CRISPR-Based Genome Editing","Base editing","33606978"
"NM_000051.4(ATM):c.2062G>A (p.Glu688Lys)","chr11","108253977","G/A","ATM","-0.868","dataset0081","Missense","Neutral to the ATM-mediated anti-cell growth in MCF10A","ATM-mediated anti-cell growth","5","Functionally normal","Uncertain significance","6.19616e-06","NA","CRISPR-Based Genome Editing","Base editing","33606978"
"NM_000051.4(ATM):c.2066C>T (p.Ser689Leu)","chr11","108253981","C/T","ATM","0.227","dataset0081","Missense","Neutral to the ATM-mediated anti-cell growth in MCF10A","ATM-mediated anti-cell growth","5","Functionally normal","Uncertain significance","1.23915e-06","NA","CRISPR-Based Genome Editing","Base editing","33606978"
"NM_000051.4(ATM):c.2135C>T (p.Ser712Leu)","chr11","108256225","C/T","ATM","-0.219","dataset0081","Missense","Neutral to the ATM-mediated anti-cell growth in MCF10A","ATM-mediated anti-cell growth","5","Functionally normal","Uncertain significance","","NA","CRISPR-Based Genome Editing","Base editing","33606978"
"NM_000051.4(ATM):c.2149C>T (p.Arg717Trp)","chr11","108256239","C/T","ATM","-0.181","dataset0081","Missense","Neutral to the ATM-mediated anti-cell growth in MCF10A","ATM-mediated anti-cell growth","5","Functionally normal","Conflicting classifications of pathogenicity","2.67663e-05","NA","CRISPR-Based Genome Editing","Base editing","33606978"
"NM_000051.4(ATM):c.2156C>T (p.Ser719Leu)","chr11","108256246","C/T","ATM","-0.4","dataset0081","Missense","Neutral to the ATM-mediated anti-cell growth in MCF10A","ATM-mediated anti-cell growth","5","Functionally normal","Uncertain significance","","NA","CRISPR-Based Genome Editing","Base editing","33606978"
"NM_000051.4(ATM):c.2161C>T (p.Leu721Phe)","chr11","108256251","C/T","ATM","0.46","dataset0081","Missense","Neutral to the ATM-mediated anti-cell growth in MCF10A","ATM-mediated anti-cell growth","5","Functionally normal","Uncertain significance","","NA","CRISPR-Based Genome Editing","Base editing","33606978"
"NM_000051.4(ATM):c.2167G>A (p.Val723Met)","chr11","108256257","G/A","ATM","0.728","dataset0081","Missense","Neutral to the ATM-mediated anti-cell growth in MCF10A","ATM-mediated anti-cell growth","5","Functionally normal","Uncertain significance","","NA","CRISPR-Based Genome Editing","Base editing","33606978"
"NM_000051.4(ATM):c.2239C>T (p.Gln747Ter)","chr11","108256329","C/T","ATM","-1.492","dataset0081","Nonsense","The reduced ATM-mediated anti-cell growth in MCF10A","ATM-mediated anti-cell growth","5","Loss-of-function","Pathogenic/Likely pathogenic","","NA","CRISPR-Based Genome Editing","Base editing","33606978"
"NM_000051.4(ATM):c.2252C>T (p.Ser751Phe)","chr11","108257482","C/T","ATM","0.072","dataset0081","Missense","Neutral to the ATM-mediated anti-cell growth in MCF10A","ATM-mediated anti-cell growth","5","Functionally normal","","","NA","CRISPR-Based Genome Editing","Base editing","33606978"
"NM_000051.4(ATM):c.2340G>A (p.Met780Ile)","chr11","108257570","G/A","ATM","0.122","dataset0081","Missense","Neutral to the ATM-mediated anti-cell growth in MCF10A","ATM-mediated anti-cell growth","5","Functionally normal","","6.19571e-07","NA","CRISPR-Based Genome Editing","Base editing","33606978"
"NM_000051.4(ATM):c.2383C>T (p.Pro795Ser)","chr11","108258992","C/T","ATM","-0.361","dataset0081","Missense","Neutral to the ATM-mediated anti-cell growth in MCF10A","ATM-mediated anti-cell growth","5","Functionally normal","Uncertain significance","","NA","CRISPR-Based Genome Editing","Base editing","33606978"
"NM_000051.4(ATM):c.2384C>T (p.Pro795Leu)","chr11","108258993","C/T","ATM","-0.361","dataset0081","Missense","Neutral to the ATM-mediated anti-cell growth in MCF10A","ATM-mediated anti-cell growth","5","Functionally normal","","","NA","CRISPR-Based Genome Editing","Base editing","33606978"
"NM_000051.4(ATM):c.2401_2402delinsAA (p.Gly801Asn)","chr11","108259010","GG/AA","ATM","0.392","dataset0081","Missense","Neutral to the ATM-mediated anti-cell growth in MCF10A","ATM-mediated anti-cell growth","5","Functionally normal","","","NA","CRISPR-Based Genome Editing","Base editing","33606978"
"NM_000051.4(ATM):c.2401G>A (p.Gly801Ser)","chr11","108259010","G/A","ATM","0.392","dataset0081","Missense","Neutral to the ATM-mediated anti-cell growth in MCF10A","ATM-mediated anti-cell growth","5","Functionally normal","Uncertain significance","","NA","CRISPR-Based Genome Editing","Base editing","33606978"
"NM_000051.4(ATM):c.2402G>A (p.Gly801Asp)","chr11","108259011","G/A","ATM","0.392","dataset0081","Missense","Neutral to the ATM-mediated anti-cell growth in MCF10A","ATM-mediated anti-cell growth","5","Functionally normal","Uncertain significance","6.19688e-07","NA","CRISPR-Based Genome Editing","Base editing","33606978"
"NM_000051.4(ATM):c.2491G>A (p.Asp831Asn)","chr11","108267195","G/A","ATM","-0.627","dataset0081","Missense","Neutral to the ATM-mediated anti-cell growth in MCF10A","ATM-mediated anti-cell growth","5","Functionally normal","Uncertain significance","6.19559e-07","NA","CRISPR-Based Genome Editing","Base editing","33606978"
"NM_000051.4(ATM):c.2500G>A (p.Glu834Lys)","chr11","108267204","G/A","ATM","0.095","dataset0081","Missense","Neutral to the ATM-mediated anti-cell growth in MCF10A","ATM-mediated anti-cell growth","5","Functionally normal","Uncertain significance","","NA","CRISPR-Based Genome Editing","Base editing","33606978"
"NM_000051.4(ATM):c.2503G>A (p.Val835Ile)","chr11","108267207","G/A","ATM","0.095","dataset0081","Missense","Neutral to the ATM-mediated anti-cell growth in MCF10A","ATM-mediated anti-cell growth","5","Functionally normal","","","NA","CRISPR-Based Genome Editing","Base editing","33606978"
"NM_000051.4(ATM):c.2525C>T (p.Thr842Ile)","chr11","108267229","C/T","ATM","0.127","dataset0081","Missense","Neutral to the ATM-mediated anti-cell growth in MCF10A","ATM-mediated anti-cell growth","5","Functionally normal","Uncertain significance","","NA","CRISPR-Based Genome Editing","Base editing","33606978"
"NM_000051.4(ATM):c.2578G>A (p.Asp860Asn)","chr11","108267282","G/A","ATM","-0.26","dataset0081","Missense","Neutral to the ATM-mediated anti-cell growth in MCF10A","ATM-mediated anti-cell growth","5","Functionally normal","Uncertain significance","3.71754e-06","NA","CRISPR-Based Genome Editing","Base editing","33606978"
"NM_000051.4(ATM):c.2600G>A (p.Ser867Asn)","chr11","108267304","G/A","ATM","0.093","dataset0081","Missense","Neutral to the ATM-mediated anti-cell growth in MCF10A","ATM-mediated anti-cell growth","5","Functionally normal","Uncertain significance","","NA","CRISPR-Based Genome Editing","Base editing","33606978"
"NM_000051.4(ATM):c.2602G>A (p.Asp868Asn)","chr11","108267306","G/A","ATM","0.093","dataset0081","Missense","Neutral to the ATM-mediated anti-cell growth in MCF10A","ATM-mediated anti-cell growth","5","Functionally normal","Uncertain significance","","NA","CRISPR-Based Genome Editing","Base editing","33606978"
"NM_000051.4(ATM):c.2630G>A (p.Ser877Asn)","chr11","108267334","G/A","ATM","0.848","dataset0081","Missense","Neutral to the ATM-mediated anti-cell growth in MCF10A","ATM-mediated anti-cell growth","5","Functionally normal","","","NA","CRISPR-Based Genome Editing","Base editing","33606978"
"NM_000051.4(ATM):c.2659G>A (p.Glu887Lys)","chr11","108268430","G/A","ATM","-0.027","dataset0081","Missense","Neutral to the ATM-mediated anti-cell growth in MCF10A","ATM-mediated anti-cell growth","5","Functionally normal","Uncertain significance","6.19675e-07","NA","CRISPR-Based Genome Editing","Base editing","33606978"
"NM_000051.4(ATM):c.2662G>A (p.Glu888Lys)","chr11","108268433","G/A","ATM","-0.027","dataset0081","Missense","Neutral to the ATM-mediated anti-cell growth in MCF10A","ATM-mediated anti-cell growth","5","Functionally normal","Uncertain significance","","NA","CRISPR-Based Genome Editing","Base editing","33606978"
"NM_000051.4(ATM):c.2738C>T (p.Thr913Ile)","chr11","108268509","C/T","ATM","-0.123","dataset0081","Missense","Neutral to the ATM-mediated anti-cell growth in MCF10A","ATM-mediated anti-cell growth","5","Functionally normal","Uncertain significance","","NA","CRISPR-Based Genome Editing","Base editing","33606978"
"NM_000051.4(ATM):c.2756G>A (p.Arg919Lys)","chr11","108268527","G/A","ATM","0.1","dataset0081","Missense","Neutral to the ATM-mediated anti-cell growth in MCF10A","ATM-mediated anti-cell growth","5","Functionally normal","","","NA","CRISPR-Based Genome Editing","Base editing","33606978"
"NM_000051.4(ATM):c.2758G>A (p.Ala920Thr)","chr11","108268529","G/A","ATM","0.1","dataset0081","Missense","Neutral to the ATM-mediated anti-cell growth in MCF10A","ATM-mediated anti-cell growth","5","Functionally normal","Uncertain significance","","NA","CRISPR-Based Genome Editing","Base editing","33606978"
"NM_000051.4(ATM):c.2759C>T (p.Ala920Val)","chr11","108268530","C/T","ATM","-0.083","dataset0081","Missense","Neutral to the ATM-mediated anti-cell growth in MCF10A","ATM-mediated anti-cell growth","5","Functionally normal","Uncertain significance","","NA","CRISPR-Based Genome Editing","Base editing","33606978"
"NM_000051.4(ATM):c.2822C>T (p.Ser941Phe)","chr11","108268593","C/T","ATM","-0.47","dataset0081","Missense","Neutral to the ATM-mediated anti-cell growth in MCF10A","ATM-mediated anti-cell growth","5","Functionally normal","Uncertain significance","2.47859e-06","NA","CRISPR-Based Genome Editing","Base editing","33606978"
"NM_000051.4(ATM):c.2824C>T (p.Leu942Phe)","chr11","108268595","C/T","ATM","-0.47","dataset0081","Missense","Neutral to the ATM-mediated anti-cell growth in MCF10A","ATM-mediated anti-cell growth","5","Functionally normal","Uncertain significance","1.11537e-05","NA","CRISPR-Based Genome Editing","Base editing","33606978"
"NM_000051.4(ATM):c.2838G>A (p.Met946Ile)","chr11","108268609","G/A","ATM","-1.105","dataset0081","Missense","The reduced ATM-mediated anti-cell growth in MCF10A","ATM-mediated anti-cell growth","5","Loss-of-function","Uncertain significance","6.19782e-07","NA","CRISPR-Based Genome Editing","Base editing","33606978"
"NM_000051.4(ATM):c.2847G>A (p.Met949Ile)","chr11","108271072","G/A","ATM","-0.338","dataset0081","Missense","Neutral to the ATM-mediated anti-cell growth in MCF10A","ATM-mediated anti-cell growth","5","Functionally normal","Conflicting classifications of pathogenicity","1.23941e-06","NA","CRISPR-Based Genome Editing","Base editing","33606978"
"NM_000051.4(ATM):c.2848C>T (p.Leu950Phe)","chr11","108271073","C/T","ATM","0.37","dataset0081","Missense","Neutral to the ATM-mediated anti-cell growth in MCF10A","ATM-mediated anti-cell growth","5","Functionally normal","Uncertain significance","2.8508e-05","NA","CRISPR-Based Genome Editing","Base editing","33606978"
"NM_000051.4(ATM):c.2893G>A (p.Asp965Asn)","chr11","108271118","G/A","ATM","-0.586","dataset0081","Missense","Neutral to the ATM-mediated anti-cell growth in MCF10A","ATM-mediated anti-cell growth","5","Functionally normal","","","NA","CRISPR-Based Genome Editing","Base editing","33606978"
"NM_000051.4(ATM):c.2896G>A (p.Val966Ile)","chr11","108271121","G/A","ATM","-0.509","dataset0081","Missense","Neutral to the ATM-mediated anti-cell growth in MCF10A","ATM-mediated anti-cell growth","5","Functionally normal","Uncertain significance","","NA","CRISPR-Based Genome Editing","Base editing","33606978"
"NM_000051.4(ATM):c.2902G>A (p.Glu968Lys)","chr11","108271127","G/A","ATM","-0.61","dataset0081","Missense","Neutral to the ATM-mediated anti-cell growth in MCF10A","ATM-mediated anti-cell growth","5","Functionally normal","","","NA","CRISPR-Based Genome Editing","Base editing","33606978"
"NM_000051.4(ATM):c.2986C>T (p.His996Tyr)","chr11","108271315","C/T","ATM","0.231","dataset0081","Missense","Neutral to the ATM-mediated anti-cell growth in MCF10A","ATM-mediated anti-cell growth","5","Functionally normal","Uncertain significance","","NA","CRISPR-Based Genome Editing","Base editing","33606978"
"NM_000051.4(ATM):c.2992G>A (p.Val998Met)","chr11","108271321","G/A","ATM","0.273","dataset0081","Missense","Neutral to the ATM-mediated anti-cell growth in MCF10A","ATM-mediated anti-cell growth","5","Functionally normal","Uncertain significance","1.85941e-06","NA","CRISPR-Based Genome Editing","Base editing","33606978"
"NM_000051.4(ATM):c.3018G>A (p.Met1006Ile)","chr11","108271347","G/A","ATM","0.088","dataset0081","Missense","Neutral to the ATM-mediated anti-cell growth in MCF10A","ATM-mediated anti-cell growth","5","Functionally normal","Uncertain significance","","NA","CRISPR-Based Genome Editing","Base editing","33606978"
"NM_000051.4(ATM):c.3019G>A (p.Asp1007Asn)","chr11","108271348","G/A","ATM","0.088","dataset0081","Missense","Neutral to the ATM-mediated anti-cell growth in MCF10A","ATM-mediated anti-cell growth","5","Functionally normal","","","NA","CRISPR-Based Genome Editing","Base editing","33606978"
"NM_000051.4(ATM):c.3032C>T (p.Thr1011Ile)","chr11","108271361","C/T","ATM","0.138","dataset0081","Missense","Neutral to the ATM-mediated anti-cell growth in MCF10A","ATM-mediated anti-cell growth","5","Functionally normal","Uncertain significance","","NA","CRISPR-Based Genome Editing","Base editing","33606978"
"NM_000051.4(ATM):c.3049C>T (p.Gln1017Ter)","chr11","108271378","C/T","ATM","-0.008","dataset0081","Nonsense","Neutral to the ATM-mediated anti-cell growth in MCF10A","ATM-mediated anti-cell growth","5","Functionally normal","Pathogenic/Likely pathogenic","6.19556e-07","NA","CRISPR-Based Genome Editing","Base editing","33606978"
"NM_000051.4(ATM):c.3059C>T (p.Thr1020Ile)","chr11","108271388","C/T","ATM","-0.405","dataset0081","Missense","Neutral to the ATM-mediated anti-cell growth in MCF10A","ATM-mediated anti-cell growth","5","Functionally normal","Uncertain significance","9.29329e-06","NA","CRISPR-Based Genome Editing","Base editing","33606978"
"NM_000051.4(ATM):c.3079C>T (p.His1027Tyr)","chr11","108272533","C/T","ATM","-0.21","dataset0081","Missense","Neutral to the ATM-mediated anti-cell growth in MCF10A","ATM-mediated anti-cell growth","5","Functionally normal","","","NA","CRISPR-Based Genome Editing","Base editing","33606978"
"NM_000051.4(ATM):c.3136C>T (p.Leu1046Phe)","chr11","108272590","C/T","ATM","0.14","dataset0081","Missense","Neutral to the ATM-mediated anti-cell growth in MCF10A","ATM-mediated anti-cell growth","5","Functionally normal","Uncertain significance","6.19676e-07","NA","CRISPR-Based Genome Editing","Base editing","33606978"
"NM_000051.4(ATM):c.3151G>A (p.Glu1051Lys)","chr11","108272605","G/A","ATM","-0.375","dataset0081","Missense","Neutral to the ATM-mediated anti-cell growth in MCF10A","ATM-mediated anti-cell growth","5","Functionally normal","","","NA","CRISPR-Based Genome Editing","Base editing","33606978"
"NM_000051.4(ATM):c.3155C>T (p.Ala1052Val)","chr11","108272723","C/T","ATM","-0.262","dataset0081","Missense","Neutral to the ATM-mediated anti-cell growth in MCF10A","ATM-mediated anti-cell growth","5","Functionally normal","Conflicting classifications of pathogenicity","3.09832e-06","NA","CRISPR-Based Genome Editing","Base editing","33606978"
"NM_000051.4(ATM):c.3160C>T (p.Pro1054Ser)","chr11","108272728","C/T","ATM","-0.316","dataset0081","Missense","Neutral to the ATM-mediated anti-cell growth in MCF10A","ATM-mediated anti-cell growth","5","Functionally normal","Uncertain significance","3.71775e-06","NA","CRISPR-Based Genome Editing","Base editing","33606978"
"NM_000051.4(ATM):c.3175G>A (p.Ala1059Thr)","chr11","108272743","G/A","ATM","-0.314","dataset0081","Missense","Neutral to the ATM-mediated anti-cell growth in MCF10A","ATM-mediated anti-cell growth","5","Functionally normal","Conflicting classifications of pathogenicity","1.17736e-05","NA","CRISPR-Based Genome Editing","Base editing","33606978"
"NM_000051.4(ATM):c.3176C>T (p.Ala1059Val)","chr11","108272744","C/T","ATM","-0.156","dataset0081","Missense","Neutral to the ATM-mediated anti-cell growth in MCF10A","ATM-mediated anti-cell growth","5","Functionally normal","Uncertain significance","3.09835e-06","NA","CRISPR-Based Genome Editing","Base editing","33606978"
"NM_000051.4(ATM):c.3192G>A (p.Met1064Ile)","chr11","108272760","G/A","ATM","-0.267","dataset0081","Missense","Neutral to the ATM-mediated anti-cell growth in MCF10A","ATM-mediated anti-cell growth","5","Functionally normal","Conflicting classifications of pathogenicity","6.19591e-07","NA","CRISPR-Based Genome Editing","Base editing","33606978"
"NM_000051.4(ATM):c.3193_3194delinsAA (p.Gly1065Lys)","chr11","108272761","GG/AA","ATM","-0.267","dataset0081","Missense","Neutral to the ATM-mediated anti-cell growth in MCF10A","ATM-mediated anti-cell growth","5","Functionally normal","","","NA","CRISPR-Based Genome Editing","Base editing","33606978"
"NM_000051.4(ATM):c.3193G>A (p.Gly1065Arg)","chr11","108272761","G/A","ATM","-0.267","dataset0081","Missense","Neutral to the ATM-mediated anti-cell growth in MCF10A","ATM-mediated anti-cell growth","5","Functionally normal","","","NA","CRISPR-Based Genome Editing","Base editing","33606978"
"NM_000051.4(ATM):c.3194G>A (p.Gly1065Glu)","chr11","108272762","G/A","ATM","-0.267","dataset0081","Missense","Neutral to the ATM-mediated anti-cell growth in MCF10A","ATM-mediated anti-cell growth","5","Functionally normal","Uncertain significance","1.23914e-06","NA","CRISPR-Based Genome Editing","Base editing","33606978"
"NM_000051.4(ATM):c.3247C>T (p.His1083Tyr)","chr11","108272815","C/T","ATM","-1.069","dataset0081","Missense","The reduced ATM-mediated anti-cell growth in MCF10A","ATM-mediated anti-cell growth","5","Loss-of-function","Uncertain significance","1.23922e-06","NA","CRISPR-Based Genome Editing","Base editing","33606978"
"NM_000051.4(ATM):c.3250C>T (p.Gln1084Ter)","chr11","108272818","C/T","ATM","-1.069","dataset0081","Nonsense","The reduced ATM-mediated anti-cell growth in MCF10A","ATM-mediated anti-cell growth","5","Loss-of-function","Pathogenic","","NA","CRISPR-Based Genome Editing","Base editing","33606978"
"NM_000051.4(ATM):c.3265G>A (p.Ala1089Thr)","chr11","108272833","G/A","ATM","0.035","dataset0081","Missense","Neutral to the ATM-mediated anti-cell growth in MCF10A","ATM-mediated anti-cell growth","5","Functionally normal","Uncertain significance","6.19624e-07","NA","CRISPR-Based Genome Editing","Base editing","33606978"
"NM_000051.4(ATM):c.3266C>T (p.Ala1089Val)","chr11","108272834","C/T","ATM","0.134","dataset0081","Missense","Neutral to the ATM-mediated anti-cell growth in MCF10A","ATM-mediated anti-cell growth","5","Functionally normal","Uncertain significance","","NA","CRISPR-Based Genome Editing","Base editing","33606978"
"NM_000051.4(ATM):c.3268G>A (p.Ala1090Thr)","chr11","108272836","G/A","ATM","0.035","dataset0081","Missense","Neutral to the ATM-mediated anti-cell growth in MCF10A","ATM-mediated anti-cell growth","5","Functionally normal","Uncertain significance","","NA","CRISPR-Based Genome Editing","Base editing","33606978"
"NM_000051.4(ATM):c.3269C>T (p.Ala1090Val)","chr11","108272837","C/T","ATM","0.134","dataset0081","Missense","Neutral to the ATM-mediated anti-cell growth in MCF10A","ATM-mediated anti-cell growth","5","Functionally normal","Uncertain significance","1.23915e-06","NA","CRISPR-Based Genome Editing","Base editing","33606978"
"NM_000051.4(ATM):c.3275C>T (p.Ser1092Leu)","chr11","108272843","C/T","ATM","0.125","dataset0081","Missense","Neutral to the ATM-mediated anti-cell growth in MCF10A","ATM-mediated anti-cell growth","5","Functionally normal","Uncertain significance","6.19587e-07","NA","CRISPR-Based Genome Editing","Base editing","33606978"
"NM_000051.4(ATM):c.3299C>T (p.Thr1100Met)","chr11","108279505","C/T","ATM","-0.441","dataset0081","Missense","Neutral to the ATM-mediated anti-cell growth in MCF10A","ATM-mediated anti-cell growth","5","Functionally normal","Conflicting classifications of pathogenicity","1.05569e-05","NA","CRISPR-Based Genome Editing","Base editing","33606978"
"NM_000051.4(ATM):c.3307G>A (p.Asp1103Asn)","chr11","108279513","G/A","ATM","-0.095","dataset0081","Missense","Neutral to the ATM-mediated anti-cell growth in MCF10A","ATM-mediated anti-cell growth","5","Functionally normal","Conflicting classifications of pathogenicity","6.20157e-07","NA","CRISPR-Based Genome Editing","Base editing","33606978"
"NM_000051.4(ATM):c.3368C>T (p.Ala1123Val)","chr11","108279574","C/T","ATM","0.336","dataset0081","Missense","Neutral to the ATM-mediated anti-cell growth in MCF10A","ATM-mediated anti-cell growth","5","Functionally normal","Uncertain significance","","NA","CRISPR-Based Genome Editing","Base editing","33606978"
"NM_000051.4(ATM):c.3413C>T (p.Ala1138Val)","chr11","108281005","C/T","ATM","-0.132","dataset0081","Missense","Neutral to the ATM-mediated anti-cell growth in MCF10A","ATM-mediated anti-cell growth","5","Functionally normal","Uncertain significance","","NA","CRISPR-Based Genome Editing","Base editing","33606978"
"NM_000051.4(ATM):c.3424G>A (p.Glu1142Lys)","chr11","108281016","G/A","ATM","0.119","dataset0081","Missense","Neutral to the ATM-mediated anti-cell growth in MCF10A","ATM-mediated anti-cell growth","5","Functionally normal","Uncertain significance","6.20024e-07","NA","CRISPR-Based Genome Editing","Base editing","33606978"
"NM_000051.4(ATM):c.3436G>A (p.Glu1146Lys)","chr11","108281028","G/A","ATM","0.037","dataset0081","Missense","Neutral to the ATM-mediated anti-cell growth in MCF10A","ATM-mediated anti-cell growth","5","Functionally normal","Uncertain significance","","NA","CRISPR-Based Genome Editing","Base editing","33606978"
"NM_000051.4(ATM):c.3496_3497delinsTT (p.Pro1166Phe)","chr11","108281088","CC/TT","ATM","0.071","dataset0081","Missense","Neutral to the ATM-mediated anti-cell growth in MCF10A","ATM-mediated anti-cell growth","5","Functionally normal","","","NA","CRISPR-Based Genome Editing","Base editing","33606978"
"NM_000051.4(ATM):c.3496C>T (p.Pro1166Ser)","chr11","108281088","C/T","ATM","0.071","dataset0081","Missense","Neutral to the ATM-mediated anti-cell growth in MCF10A","ATM-mediated anti-cell growth","5","Functionally normal","Uncertain significance","","NA","CRISPR-Based Genome Editing","Base editing","33606978"
"NM_000051.4(ATM):c.3497C>T (p.Pro1166Leu)","chr11","108281089","C/T","ATM","0.071","dataset0081","Missense","Neutral to the ATM-mediated anti-cell growth in MCF10A","ATM-mediated anti-cell growth","5","Functionally normal","","","NA","CRISPR-Based Genome Editing","Base editing","33606978"
"NM_000051.4(ATM):c.3503G>A (p.Cys1168Tyr)","chr11","108281095","G/A","ATM","0.514","dataset0081","Missense","Neutral to the ATM-mediated anti-cell growth in MCF10A","ATM-mediated anti-cell growth","5","Functionally normal","Uncertain significance","","NA","CRISPR-Based Genome Editing","Base editing","33606978"
"NM_000051.4(ATM):c.3505G>A (p.Glu1169Lys)","chr11","108281097","G/A","ATM","0.514","dataset0081","Missense","Neutral to the ATM-mediated anti-cell growth in MCF10A","ATM-mediated anti-cell growth","5","Functionally normal","Uncertain significance","6.81591e-06","NA","CRISPR-Based Genome Editing","Base editing","33606978"
"NM_000051.4(ATM):c.3514G>A (p.Ala1172Thr)","chr11","108281106","G/A","ATM","-0.103","dataset0081","Missense","Neutral to the ATM-mediated anti-cell growth in MCF10A","ATM-mediated anti-cell growth","5","Functionally normal","","","NA","CRISPR-Based Genome Editing","Base editing","33606978"
"NM_000051.4(ATM):c.3536C>T (p.Ser1179Phe)","chr11","108281128","C/T","ATM","-0.506","dataset0081","Missense","Neutral to the ATM-mediated anti-cell growth in MCF10A","ATM-mediated anti-cell growth","5","Functionally normal","","","NA","CRISPR-Based Genome Editing","Base editing","33606978"
"NM_000051.4(ATM):c.3544G>A (p.Glu1182Lys)","chr11","108281136","G/A","ATM","-0.12","dataset0081","Missense","Neutral to the ATM-mediated anti-cell growth in MCF10A","ATM-mediated anti-cell growth","5","Functionally normal","Uncertain significance","","NA","CRISPR-Based Genome Editing","Base editing","33606978"
"NM_000051.4(ATM):c.3559_3560delinsTT (p.Pro1187Phe)","chr11","108281151","CC/TT","ATM","0.143","dataset0081","Missense","Neutral to the ATM-mediated anti-cell growth in MCF10A","ATM-mediated anti-cell growth","5","Functionally normal","","","NA","CRISPR-Based Genome Editing","Base editing","33606978"
"NM_000051.4(ATM):c.3559C>T (p.Pro1187Ser)","chr11","108281151","C/T","ATM","0.143","dataset0081","Missense","Neutral to the ATM-mediated anti-cell growth in MCF10A","ATM-mediated anti-cell growth","5","Functionally normal","Uncertain significance","1.85895e-06","NA","CRISPR-Based Genome Editing","Base editing","33606978"
"NM_000051.4(ATM):c.3560C>T (p.Pro1187Leu)","chr11","108281152","C/T","ATM","0.143","dataset0081","Missense","Neutral to the ATM-mediated anti-cell growth in MCF10A","ATM-mediated anti-cell growth","5","Functionally normal","","","NA","CRISPR-Based Genome Editing","Base editing","33606978"
"NM_000051.4(ATM):c.3562C>T (p.His1188Tyr)","chr11","108281154","C/T","ATM","0.143","dataset0081","Missense","Neutral to the ATM-mediated anti-cell growth in MCF10A","ATM-mediated anti-cell growth","5","Functionally normal","Uncertain significance","6.1963e-07","NA","CRISPR-Based Genome Editing","Base editing","33606978"
"NM_000051.4(ATM):c.3613C>T (p.Arg1205Cys)","chr11","108282746","C/T","ATM","-0.299","dataset0081","Missense","Neutral to the ATM-mediated anti-cell growth in MCF10A","ATM-mediated anti-cell growth","5","Functionally normal","Conflicting classifications of pathogenicity","1.11584e-05","ucec:0.2% (1/529):0.480","CRISPR-Based Genome Editing","Base editing","33606978"
"NM_000051.4(ATM):c.3632C>T (p.Ala1211Val)","chr11","108282765","C/T","ATM","-0.297","dataset0081","Missense","Neutral to the ATM-mediated anti-cell growth in MCF10A","ATM-mediated anti-cell growth","5","Functionally normal","Uncertain significance","","NA","CRISPR-Based Genome Editing","Base editing","33606978"
"NM_000051.4(ATM):c.3635C>T (p.Ser1212Phe)","chr11","108282768","C/T","ATM","-0.297","dataset0081","Missense","Neutral to the ATM-mediated anti-cell growth in MCF10A","ATM-mediated anti-cell growth","5","Functionally normal","","","NA","CRISPR-Based Genome Editing","Base editing","33606978"
"NM_000051.4(ATM):c.3637C>T (p.His1213Tyr)","chr11","108282770","C/T","ATM","-0.297","dataset0081","Missense","Neutral to the ATM-mediated anti-cell growth in MCF10A","ATM-mediated anti-cell growth","5","Functionally normal","Uncertain significance","","NA","CRISPR-Based Genome Editing","Base editing","33606978"
"NM_000051.4(ATM):c.3785G>A (p.Arg1262Lys)","chr11","108284265","G/A","ATM","-0.012","dataset0081","Missense","Neutral to the ATM-mediated anti-cell growth in MCF10A","ATM-mediated anti-cell growth","5","Functionally normal","Uncertain significance","","NA","CRISPR-Based Genome Editing","Base editing","33606978"
"NM_000051.4(ATM):c.3788G>A (p.Ser1263Asn)","chr11","108284268","G/A","ATM","-0.012","dataset0081","Missense","Neutral to the ATM-mediated anti-cell growth in MCF10A","ATM-mediated anti-cell growth","5","Functionally normal","","","NA","CRISPR-Based Genome Editing","Base editing","33606978"
"NM_000051.4(ATM):c.3815C>T (p.Ala1272Val)","chr11","108284295","C/T","ATM","-0.412","dataset0081","Missense","Neutral to the ATM-mediated anti-cell growth in MCF10A","ATM-mediated anti-cell growth","5","Functionally normal","","","NA","CRISPR-Based Genome Editing","Base editing","33606978"
"NM_000051.4(ATM):c.3820C>T (p.Gln1274Ter)","chr11","108284300","C/T","ATM","-0.759","dataset0081","Nonsense","Neutral to the ATM-mediated anti-cell growth in MCF10A","ATM-mediated anti-cell growth","5","Functionally normal","Conflicting classifications of pathogenicity","6.19708e-07","NA","CRISPR-Based Genome Editing","Base editing","33606978"
"NM_000051.4(ATM):c.3829G>A (p.Glu1277Lys)","chr11","108284309","G/A","ATM","-0.124","dataset0081","Missense","Neutral to the ATM-mediated anti-cell growth in MCF10A","ATM-mediated anti-cell growth","5","Functionally normal","","","NA","CRISPR-Based Genome Editing","Base editing","33606978"
"NM_000051.4(ATM):c.3886_3887delinsTT (p.Pro1296Phe)","chr11","108284366","CC/TT","ATM","0.044","dataset0081","Missense","Neutral to the ATM-mediated anti-cell growth in MCF10A","ATM-mediated anti-cell growth","5","Functionally normal","","","NA","CRISPR-Based Genome Editing","Base editing","33606978"
"NM_000051.4(ATM):c.3886C>T (p.Pro1296Ser)","chr11","108284366","C/T","ATM","0.044","dataset0081","Missense","Neutral to the ATM-mediated anti-cell growth in MCF10A","ATM-mediated anti-cell growth","5","Functionally normal","Conflicting classifications of pathogenicity","","NA","CRISPR-Based Genome Editing","Base editing","33606978"
"NM_000051.4(ATM):c.3887C>T (p.Pro1296Leu)","chr11","108284367","C/T","ATM","0.044","dataset0081","Missense","Neutral to the ATM-mediated anti-cell growth in MCF10A","ATM-mediated anti-cell growth","5","Functionally normal","Uncertain significance","","NA","CRISPR-Based Genome Editing","Base editing","33606978"
"NM_000051.4(ATM):c.3901G>A (p.Glu1301Lys)","chr11","108284381","G/A","ATM","-0.168","dataset0081","Missense","Neutral to the ATM-mediated anti-cell growth in MCF10A","ATM-mediated anti-cell growth","5","Functionally normal","Uncertain significance","","blca:0.2% (1/411):0.280","CRISPR-Based Genome Editing","Base editing","33606978"
"NM_000051.4(ATM):c.3904_3905delinsAA (p.Gly1302Asn)","chr11","108284384","GG/AA","ATM","-0.168","dataset0081","Missense","Neutral to the ATM-mediated anti-cell growth in MCF10A","ATM-mediated anti-cell growth","5","Functionally normal","","","NA","CRISPR-Based Genome Editing","Base editing","33606978"
"NM_000051.4(ATM):c.3904G>A (p.Gly1302Ser)","chr11","108284384","G/A","ATM","-0.168","dataset0081","Missense","Neutral to the ATM-mediated anti-cell growth in MCF10A","ATM-mediated anti-cell growth","5","Functionally normal","Conflicting classifications of pathogenicity","1.23929e-06","NA","CRISPR-Based Genome Editing","Base editing","33606978"
"NM_000051.4(ATM):c.3905G>A (p.Gly1302Asp)","chr11","108284385","G/A","ATM","-0.168","dataset0081","Missense","Neutral to the ATM-mediated anti-cell growth in MCF10A","ATM-mediated anti-cell growth","5","Functionally normal","Uncertain significance","6.19626e-07","NA","CRISPR-Based Genome Editing","Base editing","33606978"
"NM_000051.4(ATM):c.3908C>T (p.Thr1303Ile)","chr11","108284388","C/T","ATM","-0.098","dataset0081","Missense","Neutral to the ATM-mediated anti-cell growth in MCF10A","ATM-mediated anti-cell growth","5","Functionally normal","Uncertain significance","","NA","CRISPR-Based Genome Editing","Base editing","33606978"
"NM_000051.4(ATM):c.3911G>A (p.Arg1304Lys)","chr11","108284391","G/A","ATM","0.009","dataset0081","Missense","Neutral to the ATM-mediated anti-cell growth in MCF10A","ATM-mediated anti-cell growth","5","Functionally normal","","","blca:0.2% (1/411):0.290","CRISPR-Based Genome Editing","Base editing","33606978"
"NM_000051.4(ATM):c.3913G>A (p.Asp1305Asn)","chr11","108284393","G/A","ATM","0.009","dataset0081","Missense","Neutral to the ATM-mediated anti-cell growth in MCF10A","ATM-mediated anti-cell growth","5","Functionally normal","","","NA","CRISPR-Based Genome Editing","Base editing","33606978"
"NM_000051.4(ATM):c.3924G>A (p.Met1308Ile)","chr11","108284404","G/A","ATM","-0.248","dataset0081","Missense","Neutral to the ATM-mediated anti-cell growth in MCF10A","ATM-mediated anti-cell growth","5","Functionally normal","","","NA","CRISPR-Based Genome Editing","Base editing","33606978"
"NM_000051.4(ATM):c.3925G>A (p.Ala1309Thr)","chr11","108284405","G/A","ATM","-0.248","dataset0081","Missense","Neutral to the ATM-mediated anti-cell growth in MCF10A","ATM-mediated anti-cell growth","5","Functionally normal","Benign","0.00113514","NA","CRISPR-Based Genome Editing","Base editing","33606978"
"NM_000051.4(ATM):c.3963G>A (p.Met1321Ile)","chr11","108284443","G/A","ATM","-0.229","dataset0081","Missense","Neutral to the ATM-mediated anti-cell growth in MCF10A","ATM-mediated anti-cell growth","5","Functionally normal","Conflicting classifications of pathogenicity","2.97415e-05","NA","CRISPR-Based Genome Editing","Base editing","33606978"
"NM_000051.4(ATM):c.4021C>T (p.Pro1341Ser)","chr11","108287627","C/T","ATM","-0.261","dataset0081","Missense","Neutral to the ATM-mediated anti-cell growth in MCF10A","ATM-mediated anti-cell growth","5","Functionally normal","","","NA","CRISPR-Based Genome Editing","Base editing","33606978"
"NM_000051.4(ATM):c.4036G>A (p.Glu1346Lys)","chr11","108287642","G/A","ATM","0.309","dataset0081","Missense","Neutral to the ATM-mediated anti-cell growth in MCF10A","ATM-mediated anti-cell growth","5","Functionally normal","","6.19697e-07","NA","CRISPR-Based Genome Editing","Base editing","33606978"
"NM_000051.4(ATM):c.4075G>A (p.Ala1359Thr)","chr11","108287681","G/A","ATM","0.444","dataset0081","Missense","Neutral to the ATM-mediated anti-cell growth in MCF10A","ATM-mediated anti-cell growth","5","Functionally normal","Uncertain significance","6.19695e-07","NA","CRISPR-Based Genome Editing","Base editing","33606978"
"NM_000051.4(ATM):c.4079G>A (p.Ser1360Asn)","chr11","108287685","G/A","ATM","0.444","dataset0081","Missense","Neutral to the ATM-mediated anti-cell growth in MCF10A","ATM-mediated anti-cell growth","5","Functionally normal","Uncertain significance","6.81793e-06","NA","CRISPR-Based Genome Editing","Base editing","33606978"
"NM_000051.4(ATM):c.4093C>T (p.Leu1365Phe)","chr11","108287699","C/T","ATM","-0.021","dataset0081","Missense","Neutral to the ATM-mediated anti-cell growth in MCF10A","ATM-mediated anti-cell growth","5","Functionally normal","Uncertain significance","","NA","CRISPR-Based Genome Editing","Base editing","33606978"
"NM_000051.4(ATM):c.4108_4109delinsAA (p.Gly1370Lys)","chr11","108287714","GG/AA","ATM","-1.224","dataset0081","Missense","The reduced ATM-mediated anti-cell growth in MCF10A","ATM-mediated anti-cell growth","5","Loss-of-function","","","NA","CRISPR-Based Genome Editing","Base editing","33606978"
"NM_000051.4(ATM):c.4108G>A (p.Gly1370Arg)","chr11","108287714","G/A","ATM","-1.224","dataset0081","Missense","The reduced ATM-mediated anti-cell growth in MCF10A","ATM-mediated anti-cell growth","5","Loss-of-function","","","NA","CRISPR-Based Genome Editing","Base editing","33606978"
"NM_000051.4(ATM):c.4109G>A (p.Gly1370Glu)","chr11","108287715","G/A","ATM","-1.224","dataset0081","Missense","The reduced ATM-mediated anti-cell growth in MCF10A","ATM-mediated anti-cell growth","5","Loss-of-function","","","NA","CRISPR-Based Genome Editing","Base editing","33606978"
"NM_000051.4(ATM):c.4111G>A (p.Asp1371Asn)","chr11","108288978","G/A","ATM","-0.048","dataset0081","Missense","Neutral to the ATM-mediated anti-cell growth in MCF10A","ATM-mediated anti-cell growth","5","Functionally normal","Uncertain significance","","NA","CRISPR-Based Genome Editing","Base editing","33606978"
"NM_000051.4(ATM):c.4153G>A (p.Val1385Met)","chr11","108289020","G/A","ATM","-0.067","dataset0081","Missense","Neutral to the ATM-mediated anti-cell growth in MCF10A","ATM-mediated anti-cell growth","5","Functionally normal","Uncertain significance","","NA","CRISPR-Based Genome Editing","Base editing","33606978"
"NM_000051.4(ATM):c.4162G>A (p.Ala1388Thr)","chr11","108289029","G/A","ATM","-0.163","dataset0081","Missense","Neutral to the ATM-mediated anti-cell growth in MCF10A","ATM-mediated anti-cell growth","5","Functionally normal","Uncertain significance","","NA","CRISPR-Based Genome Editing","Base editing","33606978"
"NM_000051.4(ATM):c.4187G>A (p.Cys1396Tyr)","chr11","108289054","G/A","ATM","-0.529","dataset0081","Missense","Neutral to the ATM-mediated anti-cell growth in MCF10A","ATM-mediated anti-cell growth","5","Functionally normal","","","NA","CRISPR-Based Genome Editing","Base editing","33606978"
"NM_000051.4(ATM):c.4216G>A (p.Glu1406Lys)","chr11","108289083","G/A","ATM","0.233","dataset0081","Missense","Neutral to the ATM-mediated anti-cell growth in MCF10A","ATM-mediated anti-cell growth","5","Functionally normal","","","NA","CRISPR-Based Genome Editing","Base editing","33606978"
"NM_000051.4(ATM):c.4261G>A (p.Ala1421Thr)","chr11","108289626","G/A","ATM","-0.252","dataset0081","Missense","Neutral to the ATM-mediated anti-cell growth in MCF10A","ATM-mediated anti-cell growth","5","Functionally normal","Uncertain significance","","NA","CRISPR-Based Genome Editing","Base editing","33606978"
"NM_000051.4(ATM):c.4279G>A (p.Ala1427Thr)","chr11","108289644","G/A","ATM","0.716","dataset0081","Missense","Neutral to the ATM-mediated anti-cell growth in MCF10A","ATM-mediated anti-cell growth","5","Functionally normal","Conflicting classifications of pathogenicity","4.28256e-05","NA","CRISPR-Based Genome Editing","Base editing","33606978"
"NM_000051.4(ATM):c.4282G>A (p.Glu1428Lys)","chr11","108289647","G/A","ATM","0.716","dataset0081","Missense","Neutral to the ATM-mediated anti-cell growth in MCF10A","ATM-mediated anti-cell growth","5","Functionally normal","Uncertain significance","2.48265e-06","NA","CRISPR-Based Genome Editing","Base editing","33606978"
"NM_000051.4(ATM):c.4420C>T (p.His1474Tyr)","chr11","108289785","C/T","ATM","-0.116","dataset0081","Missense","Neutral to the ATM-mediated anti-cell growth in MCF10A","ATM-mediated anti-cell growth","5","Functionally normal","","","NA","CRISPR-Based Genome Editing","Base editing","33606978"
"NM_000051.4(ATM):c.4438C>T (p.Pro1480Ser)","chr11","108292620","C/T","ATM","0.186","dataset0081","Missense","Neutral to the ATM-mediated anti-cell growth in MCF10A","ATM-mediated anti-cell growth","5","Functionally normal","Uncertain significance","","NA","CRISPR-Based Genome Editing","Base editing","33606978"
"NM_000051.4(ATM):c.4445G>A (p.Cys1482Tyr)","chr11","108292627","G/A","ATM","-0.054","dataset0081","Missense","Neutral to the ATM-mediated anti-cell growth in MCF10A","ATM-mediated anti-cell growth","5","Functionally normal","Conflicting classifications of pathogenicity","2.10752e-05","NA","CRISPR-Based Genome Editing","Base editing","33606978"
"NM_000051.4(ATM):c.4453G>A (p.Asp1485Asn)","chr11","108292635","G/A","ATM","0.193","dataset0081","Missense","Neutral to the ATM-mediated anti-cell growth in MCF10A","ATM-mediated anti-cell growth","5","Functionally normal","","6.19649e-07","NA","CRISPR-Based Genome Editing","Base editing","33606978"
"NM_000051.4(ATM):c.4456G>A (p.Val1486Met)","chr11","108292638","G/A","ATM","0.193","dataset0081","Missense","Neutral to the ATM-mediated anti-cell growth in MCF10A","ATM-mediated anti-cell growth","5","Functionally normal","Uncertain significance","1.23946e-06","NA","CRISPR-Based Genome Editing","Base editing","33606978"
"NM_000051.4(ATM):c.4496G>A (p.Ser1499Asn)","chr11","108292678","G/A","ATM","0.273","dataset0081","Missense","Neutral to the ATM-mediated anti-cell growth in MCF10A","ATM-mediated anti-cell growth","5","Functionally normal","","","NA","CRISPR-Based Genome Editing","Base editing","33606978"
"NM_000051.4(ATM):c.4511C>T (p.Thr1504Ile)","chr11","108292693","C/T","ATM","-0.434","dataset0081","Missense","Neutral to the ATM-mediated anti-cell growth in MCF10A","ATM-mediated anti-cell growth","5","Functionally normal","Uncertain significance","6.19625e-07","NA","CRISPR-Based Genome Editing","Base editing","33606978"
"NM_000051.4(ATM):c.4514C>T (p.Ala1505Val)","chr11","108292696","C/T","ATM","-0.434","dataset0081","Missense","Neutral to the ATM-mediated anti-cell growth in MCF10A","ATM-mediated anti-cell growth","5","Functionally normal","Uncertain significance","","NA","CRISPR-Based Genome Editing","Base editing","33606978"
"NM_000051.4(ATM):c.4526G>A (p.Cys1509Tyr)","chr11","108292708","G/A","ATM","-0.066","dataset0081","Missense","Neutral to the ATM-mediated anti-cell growth in MCF10A","ATM-mediated anti-cell growth","5","Functionally normal","Uncertain significance","","NA","CRISPR-Based Genome Editing","Base editing","33606978"
"NM_000051.4(ATM):c.4531G>A (p.Asp1511Asn)","chr11","108292713","G/A","ATM","0.289","dataset0081","Missense","Neutral to the ATM-mediated anti-cell growth in MCF10A","ATM-mediated anti-cell growth","5","Functionally normal","Uncertain significance","","NA","CRISPR-Based Genome Editing","Base editing","33606978"
"NM_000051.4(ATM):c.4534G>A (p.Ala1512Thr)","chr11","108292716","G/A","ATM","0.289","dataset0081","Missense","Neutral to the ATM-mediated anti-cell growth in MCF10A","ATM-mediated anti-cell growth","5","Functionally normal","Uncertain significance","4.33732e-06","NA","CRISPR-Based Genome Editing","Base editing","33606978"
"NM_000051.4(ATM):c.4546C>T (p.His1516Tyr)","chr11","108292728","C/T","ATM","0.18","dataset0081","Missense","Neutral to the ATM-mediated anti-cell growth in MCF10A","ATM-mediated anti-cell growth","5","Functionally normal","Uncertain significance","1.85906e-06","NA","CRISPR-Based Genome Editing","Base editing","33606978"
"NM_000051.4(ATM):c.4549C>T (p.Leu1517Phe)","chr11","108292731","C/T","ATM","0.18","dataset0081","Missense","Neutral to the ATM-mediated anti-cell growth in MCF10A","ATM-mediated anti-cell growth","5","Functionally normal","Uncertain significance","8.0548e-06","NA","CRISPR-Based Genome Editing","Base editing","33606978"
"NM_000051.4(ATM):c.4561G>A (p.Val1521Ile)","chr11","108292743","G/A","ATM","-0.568","dataset0081","Missense","Neutral to the ATM-mediated anti-cell growth in MCF10A","ATM-mediated anti-cell growth","5","Functionally normal","Uncertain significance","","NA","CRISPR-Based Genome Editing","Base editing","33606978"
"NM_000051.4(ATM):c.4564_4565delinsAA (p.Gly1522Asn)","chr11","108292746","GG/AA","ATM","-0.568","dataset0081","Missense","Neutral to the ATM-mediated anti-cell growth in MCF10A","ATM-mediated anti-cell growth","5","Functionally normal","","","NA","CRISPR-Based Genome Editing","Base editing","33606978"
"NM_000051.4(ATM):c.4564G>A (p.Gly1522Ser)","chr11","108292746","G/A","ATM","-0.568","dataset0081","Missense","Neutral to the ATM-mediated anti-cell growth in MCF10A","ATM-mediated anti-cell growth","5","Functionally normal","Uncertain significance","4.95767e-06","NA","CRISPR-Based Genome Editing","Base editing","33606978"
"NM_000051.4(ATM):c.4565G>A (p.Gly1522Asp)","chr11","108292747","G/A","ATM","-0.568","dataset0081","Missense","Neutral to the ATM-mediated anti-cell growth in MCF10A","ATM-mediated anti-cell growth","5","Functionally normal","Uncertain significance","","NA","CRISPR-Based Genome Editing","Base editing","33606978"
"NM_000051.4(ATM):c.4576_4577delinsTT (p.Pro1526Phe)","chr11","108292758","CC/TT","ATM","-1.435","dataset0081","Missense","The reduced ATM-mediated anti-cell growth in MCF10A","ATM-mediated anti-cell growth","5","Loss-of-function","","","NA","CRISPR-Based Genome Editing","Base editing","33606978"
"NM_000051.4(ATM):c.4576C>T (p.Pro1526Ser)","chr11","108292758","C/T","ATM","-1.435","dataset0081","Missense","The reduced ATM-mediated anti-cell growth in MCF10A","ATM-mediated anti-cell growth","5","Loss-of-function","Conflicting classifications of pathogenicity","6.19587e-07","NA","CRISPR-Based Genome Editing","Base editing","33606978"
"NM_000051.4(ATM):c.4577C>T (p.Pro1526Leu)","chr11","108292759","C/T","ATM","-1.065","dataset0081","Missense","The reduced ATM-mediated anti-cell growth in MCF10A","ATM-mediated anti-cell growth","5","Loss-of-function","Uncertain significance","1.8589e-06","NA","CRISPR-Based Genome Editing","Base editing","33606978"
"NM_000051.4(ATM):c.4579C>T (p.Leu1527Phe)","chr11","108292761","C/T","ATM","-1.065","dataset0081","Missense","The reduced ATM-mediated anti-cell growth in MCF10A","ATM-mediated anti-cell growth","5","Loss-of-function","Uncertain significance","1.23917e-06","NA","CRISPR-Based Genome Editing","Base editing","33606978"
"NM_000051.4(ATM):c.4594G>A (p.Val1532Met)","chr11","108292776","G/A","ATM","0.152","dataset0081","Missense","Neutral to the ATM-mediated anti-cell growth in MCF10A","ATM-mediated anti-cell growth","5","Functionally normal","Uncertain significance","","NA","CRISPR-Based Genome Editing","Base editing","33606978"
"NM_000051.4(ATM):c.4597G>A (p.Glu1533Lys)","chr11","108292779","G/A","ATM","-0.181","dataset0081","Missense","Neutral to the ATM-mediated anti-cell growth in MCF10A","ATM-mediated anti-cell growth","5","Functionally normal","","","NA","CRISPR-Based Genome Editing","Base editing","33606978"
"NM_000051.4(ATM):c.4697C>T (p.Pro1566Leu)","chr11","108293398","C/T","ATM","-0.521","dataset0081","Missense","Neutral to the ATM-mediated anti-cell growth in MCF10A","ATM-mediated anti-cell growth","5","Functionally normal","","","NA","CRISPR-Based Genome Editing","Base editing","33606978"
"NM_000051.4(ATM):c.4702C>T (p.His1568Tyr)","chr11","108293403","C/T","ATM","-0.521","dataset0081","Missense","Neutral to the ATM-mediated anti-cell growth in MCF10A","ATM-mediated anti-cell growth","5","Functionally normal","Conflicting classifications of pathogenicity","6.20744e-06","NA","CRISPR-Based Genome Editing","Base editing","33606978"
"NM_000051.4(ATM):c.4705G>A (p.Val1569Ile)","chr11","108293406","G/A","ATM","-0.979","dataset0081","Missense","The reduced ATM-mediated anti-cell growth in MCF10A","ATM-mediated anti-cell growth","5","Loss-of-function","Uncertain significance","","NA","CRISPR-Based Genome Editing","Base editing","33606978"
"NM_000051.4(ATM):c.4708G>A (p.Val1570Ile)","chr11","108293409","G/A","ATM","-0.979","dataset0081","Missense","The reduced ATM-mediated anti-cell growth in MCF10A","ATM-mediated anti-cell growth","5","Loss-of-function","Uncertain significance","","NA","CRISPR-Based Genome Editing","Base editing","33606978"
"NM_000051.4(ATM):c.4717G>A (p.Asp1573Asn)","chr11","108293418","G/A","ATM","-0.476","dataset0081","Missense","Neutral to the ATM-mediated anti-cell growth in MCF10A","ATM-mediated anti-cell growth","5","Functionally normal","","","NA","CRISPR-Based Genome Editing","Base editing","33606978"
"NM_000051.4(ATM):c.4759_4760delinsTT (p.Pro1587Phe)","chr11","108293460","CC/TT","ATM","-0.141","dataset0081","Missense","Neutral to the ATM-mediated anti-cell growth in MCF10A","ATM-mediated anti-cell growth","5","Functionally normal","","","NA","CRISPR-Based Genome Editing","Base editing","33606978"
"NM_000051.4(ATM):c.4759C>T (p.Pro1587Ser)","chr11","108293460","C/T","ATM","-0.091","dataset0081","Missense","Neutral to the ATM-mediated anti-cell growth in MCF10A","ATM-mediated anti-cell growth","5","Functionally normal","","","NA","CRISPR-Based Genome Editing","Base editing","33606978"
"NM_000051.4(ATM):c.4760C>T (p.Pro1587Leu)","chr11","108293461","C/T","ATM","-0.141","dataset0081","Missense","Neutral to the ATM-mediated anti-cell growth in MCF10A","ATM-mediated anti-cell growth","5","Functionally normal","","","NA","CRISPR-Based Genome Editing","Base editing","33606978"
"NM_000051.4(ATM):c.4774G>A (p.Glu1592Lys)","chr11","108293475","G/A","ATM","-0.562","dataset0081","Missense","Neutral to the ATM-mediated anti-cell growth in MCF10A","ATM-mediated anti-cell growth","5","Functionally normal","","","NA","CRISPR-Based Genome Editing","Base editing","33606978"
"NM_000051.4(ATM):c.4802G>A (p.Ser1601Asn)","chr11","108294952","G/A","ATM","-0.421","dataset0081","Missense","Neutral to the ATM-mediated anti-cell growth in MCF10A","ATM-mediated anti-cell growth","5","Functionally normal","Conflicting classifications of pathogenicity","3.22217e-05","NA","CRISPR-Based Genome Editing","Base editing","33606978"
"NM_000051.4(ATM):c.4804G>A (p.Val1602Ile)","chr11","108294954","G/A","ATM","-0.421","dataset0081","Missense","Neutral to the ATM-mediated anti-cell growth in MCF10A","ATM-mediated anti-cell growth","5","Functionally normal","Uncertain significance","","NA","CRISPR-Based Genome Editing","Base editing","33606978"
"NM_000051.4(ATM):c.4819C>T (p.Pro1607Ser)","chr11","108294969","C/T","ATM","-0.094","dataset0081","Missense","Neutral to the ATM-mediated anti-cell growth in MCF10A","ATM-mediated anti-cell growth","5","Functionally normal","","","NA","CRISPR-Based Genome Editing","Base editing","33606978"
"NM_000051.4(ATM):c.4820C>T (p.Pro1607Leu)","chr11","108294970","C/T","ATM","-0.094","dataset0081","Missense","Neutral to the ATM-mediated anti-cell growth in MCF10A","ATM-mediated anti-cell growth","5","Functionally normal","Uncertain significance","","NA","CRISPR-Based Genome Editing","Base editing","33606978"
"NM_000051.4(ATM):c.4826C>T (p.Thr1609Ile)","chr11","108294976","C/T","ATM","-0.825","dataset0081","Missense","Neutral to the ATM-mediated anti-cell growth in MCF10A","ATM-mediated anti-cell growth","5","Functionally normal","Uncertain significance","","NA","CRISPR-Based Genome Editing","Base editing","33606978"
"NM_000051.4(ATM):c.4831C>T (p.Leu1611Phe)","chr11","108294981","C/T","ATM","-0.825","dataset0081","Missense","Neutral to the ATM-mediated anti-cell growth in MCF10A","ATM-mediated anti-cell growth","5","Functionally normal","Uncertain significance","","NA","CRISPR-Based Genome Editing","Base editing","33606978"
"NM_000051.4(ATM):c.4834G>A (p.Glu1612Lys)","chr11","108294984","G/A","ATM","-0.048","dataset0081","Missense","Neutral to the ATM-mediated anti-cell growth in MCF10A","ATM-mediated anti-cell growth","5","Functionally normal","","6.19619e-07","NA","CRISPR-Based Genome Editing","Base editing","33606978"
"NM_000051.4(ATM):c.4837_4838delinsAA (p.Gly1613Lys)","chr11","108294987","GG/AA","ATM","-0.048","dataset0081","Missense","Neutral to the ATM-mediated anti-cell growth in MCF10A","ATM-mediated anti-cell growth","5","Functionally normal","","","NA","CRISPR-Based Genome Editing","Base editing","33606978"
"NM_000051.4(ATM):c.4837G>A (p.Gly1613Arg)","chr11","108294987","G/A","ATM","-0.048","dataset0081","Missense","Neutral to the ATM-mediated anti-cell growth in MCF10A","ATM-mediated anti-cell growth","5","Functionally normal","","","NA","CRISPR-Based Genome Editing","Base editing","33606978"
"NM_000051.4(ATM):c.4838G>A (p.Gly1613Glu)","chr11","108294988","G/A","ATM","-0.048","dataset0081","Missense","Neutral to the ATM-mediated anti-cell growth in MCF10A","ATM-mediated anti-cell growth","5","Functionally normal","Uncertain significance","","NA","CRISPR-Based Genome Editing","Base editing","33606978"
"NM_000051.4(ATM):c.4849C>T (p.Leu1617Phe)","chr11","108294999","C/T","ATM","-0.311","dataset0081","Missense","Neutral to the ATM-mediated anti-cell growth in MCF10A","ATM-mediated anti-cell growth","5","Functionally normal","","","NA","CRISPR-Based Genome Editing","Base editing","33606978"
"NM_000051.4(ATM):c.4870C>T (p.His1624Tyr)","chr11","108295020","C/T","ATM","0.032","dataset0081","Missense","Neutral to the ATM-mediated anti-cell growth in MCF10A","ATM-mediated anti-cell growth","5","Functionally normal","","","NA","CRISPR-Based Genome Editing","Base editing","33606978"
"NM_000051.4(ATM):c.4915C>T (p.Pro1639Ser)","chr11","108297292","C/T","ATM","-0.007","dataset0081","Missense","Neutral to the ATM-mediated anti-cell growth in MCF10A","ATM-mediated anti-cell growth","5","Functionally normal","Uncertain significance","","NA","CRISPR-Based Genome Editing","Base editing","33606978"
"NM_000051.4(ATM):c.4916C>T (p.Pro1639Leu)","chr11","108297293","C/T","ATM","-0.007","dataset0081","Missense","Neutral to the ATM-mediated anti-cell growth in MCF10A","ATM-mediated anti-cell growth","5","Functionally normal","Uncertain significance","1.23969e-05","NA","CRISPR-Based Genome Editing","Base editing","33606978"
"NM_000051.4(ATM):c.4918C>T (p.Gln1640Ter)","chr11","108297295","C/T","ATM","-0.007","dataset0081","Nonsense","Neutral to the ATM-mediated anti-cell growth in MCF10A","ATM-mediated anti-cell growth","5","Functionally normal","Pathogenic","","NA","CRISPR-Based Genome Editing","Base editing","33606978"
"NM_000051.4(ATM):c.4932G>A (p.Met1644Ile)","chr11","108297309","G/A","ATM","-0.384","dataset0081","Missense","Neutral to the ATM-mediated anti-cell growth in MCF10A","ATM-mediated anti-cell growth","5","Functionally normal","Uncertain significance","1.23929e-06","ucec:0.2% (1/529):0.280","CRISPR-Based Genome Editing","Base editing","33606978"
"NM_000051.4(ATM):c.4933G>A (p.Val1645Met)","chr11","108297310","G/A","ATM","-0.384","dataset0081","Missense","Neutral to the ATM-mediated anti-cell growth in MCF10A","ATM-mediated anti-cell growth","5","Functionally normal","","","NA","CRISPR-Based Genome Editing","Base editing","33606978"
"NM_000051.4(ATM):c.4973C>T (p.Ala1658Val)","chr11","108297350","C/T","ATM","-0.482","dataset0081","Missense","Neutral to the ATM-mediated anti-cell growth in MCF10A","ATM-mediated anti-cell growth","5","Functionally normal","","","ucec:0.2% (1/529):0.270","CRISPR-Based Genome Editing","Base editing","33606978"
"NM_000051.4(ATM):c.4996G>A (p.Glu1666Lys)","chr11","108297373","G/A","ATM","-0.773","dataset0081","Missense","Neutral to the ATM-mediated anti-cell growth in MCF10A","ATM-mediated anti-cell growth","5","Functionally normal","Uncertain significance","","NA","CRISPR-Based Genome Editing","Base editing","33606978"
"NM_000051.4(ATM):c.4999G>A (p.Val1667Ile)","chr11","108297376","G/A","ATM","-0.773","dataset0081","Missense","Neutral to the ATM-mediated anti-cell growth in MCF10A","ATM-mediated anti-cell growth","5","Functionally normal","Uncertain significance","","NA","CRISPR-Based Genome Editing","Base editing","33606978"
"NM_000051.4(ATM):c.5009C>T (p.Ala1670Val)","chr11","108299717","C/T","ATM","-0.311","dataset0081","Missense","Neutral to the ATM-mediated anti-cell growth in MCF10A","ATM-mediated anti-cell growth","5","Functionally normal","Conflicting classifications of pathogenicity","7.43748e-06","NA","CRISPR-Based Genome Editing","Base editing","33606978"
"NM_000051.4(ATM):c.5072G>A (p.Ser1691Asn)","chr11","108299780","G/A","ATM","0.187","dataset0081","Missense","Neutral to the ATM-mediated anti-cell growth in MCF10A","ATM-mediated anti-cell growth","5","Functionally normal","","6.19584e-07","NA","CRISPR-Based Genome Editing","Base editing","33606978"
"NM_000051.4(ATM):c.5110G>A (p.Glu1704Lys)","chr11","108299818","G/A","ATM","-0.501","dataset0081","Missense","Neutral to the ATM-mediated anti-cell growth in MCF10A","ATM-mediated anti-cell growth","5","Functionally normal","","6.19639e-07","NA","CRISPR-Based Genome Editing","Base editing","33606978"
"NM_000051.4(ATM):c.5113G>A (p.Asp1705Asn)","chr11","108299821","G/A","ATM","-0.318","dataset0081","Missense","Neutral to the ATM-mediated anti-cell growth in MCF10A","ATM-mediated anti-cell growth","5","Functionally normal","Conflicting classifications of pathogenicity","6.19638e-07","blca:0.2% (1/411):0.190","CRISPR-Based Genome Editing","Base editing","33606978"
"NM_000051.4(ATM):c.5147C>T (p.Thr1716Ile)","chr11","108299855","C/T","ATM","-0.86","dataset0081","Missense","Neutral to the ATM-mediated anti-cell growth in MCF10A","ATM-mediated anti-cell growth","5","Functionally normal","Uncertain significance","","NA","CRISPR-Based Genome Editing","Base editing","33606978"
"NM_000051.4(ATM):c.5162C>T (p.Thr1721Ile)","chr11","108299870","C/T","ATM","-0.074","dataset0081","Missense","Neutral to the ATM-mediated anti-cell growth in MCF10A","ATM-mediated anti-cell growth","5","Functionally normal","Uncertain significance","","NA","CRISPR-Based Genome Editing","Base editing","33606978"
"NM_000051.4(ATM):c.5167G>A (p.Val1723Ile)","chr11","108299875","G/A","ATM","-0.016","dataset0081","Missense","Neutral to the ATM-mediated anti-cell growth in MCF10A","ATM-mediated anti-cell growth","5","Functionally normal","Uncertain significance","1.23952e-06","NA","CRISPR-Based Genome Editing","Base editing","33606978"
"NM_000051.4(ATM):c.5170G>A (p.Glu1724Lys)","chr11","108299878","G/A","ATM","0.285","dataset0081","Missense","Neutral to the ATM-mediated anti-cell growth in MCF10A","ATM-mediated anti-cell growth","5","Functionally normal","","","NA","CRISPR-Based Genome Editing","Base editing","33606978"
"NM_000051.4(ATM):c.5224G>A (p.Ala1742Thr)","chr11","108301694","G/A","ATM","-1.24","dataset0081","Missense","The reduced ATM-mediated anti-cell growth in MCF10A","ATM-mediated anti-cell growth","5","Loss-of-function","","","NA","CRISPR-Based Genome Editing","Base editing","33606978"
"NM_000051.4(ATM):c.5234C>T (p.Thr1745Ile)","chr11","108301704","C/T","ATM","-0.038","dataset0081","Missense","Neutral to the ATM-mediated anti-cell growth in MCF10A","ATM-mediated anti-cell growth","5","Functionally normal","","","NA","CRISPR-Based Genome Editing","Base editing","33606978"
"NM_000051.4(ATM):c.5243G>A (p.Ser1748Asn)","chr11","108301713","G/A","ATM","-0.232","dataset0081","Missense","Neutral to the ATM-mediated anti-cell growth in MCF10A","ATM-mediated anti-cell growth","5","Functionally normal","","","NA","CRISPR-Based Genome Editing","Base editing","33606978"
"NM_000051.4(ATM):c.5267C>T (p.Thr1756Ile)","chr11","108301737","C/T","ATM","-0.984","dataset0081","Missense","The reduced ATM-mediated anti-cell growth in MCF10A","ATM-mediated anti-cell growth","5","Loss-of-function","","","NA","CRISPR-Based Genome Editing","Base editing","33606978"
"NM_000051.4(ATM):c.5303G>A (p.Arg1768Lys)","chr11","108301773","G/A","ATM","-0.426","dataset0081","Missense","Neutral to the ATM-mediated anti-cell growth in MCF10A","ATM-mediated anti-cell growth","5","Functionally normal","Uncertain significance","","NA","CRISPR-Based Genome Editing","Base editing","33606978"
"NM_000051.4(ATM):c.5312G>A (p.Arg1771Lys)","chr11","108301782","G/A","ATM","0.046","dataset0081","Missense","Neutral to the ATM-mediated anti-cell growth in MCF10A","ATM-mediated anti-cell growth","5","Functionally normal","Uncertain significance","0","NA","CRISPR-Based Genome Editing","Base editing","33606978"
"NM_000051.4(ATM):c.5347G>A (p.Glu1783Lys)","chr11","108302880","G/A","ATM","-0.969","dataset0081","Missense","Neutral to the ATM-mediated anti-cell growth in MCF10A","ATM-mediated anti-cell growth","5","Functionally normal","Uncertain significance","","NA","CRISPR-Based Genome Editing","Base editing","33606978"
"NM_000051.4(ATM):c.5353C>T (p.Pro1785Ser)","chr11","108302886","C/T","ATM","0.257","dataset0081","Missense","Neutral to the ATM-mediated anti-cell growth in MCF10A","ATM-mediated anti-cell growth","5","Functionally normal","Uncertain significance","","NA","CRISPR-Based Genome Editing","Base editing","33606978"
"NM_000051.4(ATM):c.5368G>A (p.Asp1790Asn)","chr11","108302901","G/A","ATM","-0.495","dataset0081","Missense","Neutral to the ATM-mediated anti-cell growth in MCF10A","ATM-mediated anti-cell growth","5","Functionally normal","Uncertain significance","","NA","CRISPR-Based Genome Editing","Base editing","33606978"
"NM_000051.4(ATM):c.5371G>A (p.Asp1791Asn)","chr11","108302904","G/A","ATM","-0.495","dataset0081","Missense","Neutral to the ATM-mediated anti-cell growth in MCF10A","ATM-mediated anti-cell growth","5","Functionally normal","Uncertain significance","","NA","CRISPR-Based Genome Editing","Base editing","33606978"
"NM_000051.4(ATM):c.5384G>A (p.Trp1795Ter)","chr11","108302917","G/A","ATM","-0.752","dataset0081","Nonsense","Neutral to the ATM-mediated anti-cell growth in MCF10A","ATM-mediated anti-cell growth","5","Functionally normal","","","NA","CRISPR-Based Genome Editing","Base editing","33606978"
"NM_000051.4(ATM):c.5407G>A (p.Asp1803Asn)","chr11","108302940","G/A","ATM","-0.047","dataset0081","Missense","Neutral to the ATM-mediated anti-cell growth in MCF10A","ATM-mediated anti-cell growth","5","Functionally normal","","","NA","CRISPR-Based Genome Editing","Base editing","33606978"
"NM_000051.4(ATM):c.5423C>T (p.Thr1808Ile)","chr11","108302956","C/T","ATM","0.027","dataset0081","Missense","Neutral to the ATM-mediated anti-cell growth in MCF10A","ATM-mediated anti-cell growth","5","Functionally normal","Uncertain significance","6.19785e-07","NA","CRISPR-Based Genome Editing","Base editing","33606978"
"NM_000051.4(ATM):c.5435C>T (p.Ala1812Val)","chr11","108302968","C/T","ATM","0.034","dataset0081","Missense","Neutral to the ATM-mediated anti-cell growth in MCF10A","ATM-mediated anti-cell growth","5","Functionally normal","Uncertain significance","8.05766e-06","ucec:0.2% (1/529):0.330","CRISPR-Based Genome Editing","Base editing","33606978"
"NM_000051.4(ATM):c.5542G>A (p.Asp1848Asn)","chr11","108304720","G/A","ATM","0.038","dataset0081","Missense","Neutral to the ATM-mediated anti-cell growth in MCF10A","ATM-mediated anti-cell growth","5","Functionally normal","","","NA","CRISPR-Based Genome Editing","Base editing","33606978"
"NM_000051.4(ATM):c.5554C>T (p.Gln1852Ter)","chr11","108304732","C/T","ATM","-0.538","dataset0081","Nonsense","Neutral to the ATM-mediated anti-cell growth in MCF10A","ATM-mediated anti-cell growth","5","Functionally normal","Pathogenic/Likely pathogenic","3.09824e-06","NA","CRISPR-Based Genome Editing","Base editing","33606978"
"NM_000051.4(ATM):c.5573G>A (p.Trp1858Ter)","chr11","108304751","G/A","ATM","0.018","dataset0081","Nonsense","Neutral to the ATM-mediated anti-cell growth in MCF10A","ATM-mediated anti-cell growth","5","Functionally normal","Pathogenic/Likely pathogenic","","NA","CRISPR-Based Genome Editing","Base editing","33606978"
"NM_000051.4(ATM):c.5584C>T (p.Leu1862Phe)","chr11","108304762","C/T","ATM","-0.132","dataset0081","Missense","Neutral to the ATM-mediated anti-cell growth in MCF10A","ATM-mediated anti-cell growth","5","Functionally normal","Uncertain significance","6.19583e-07","NA","CRISPR-Based Genome Editing","Base editing","33606978"
"NM_000051.4(ATM):c.5588C>T (p.Ser1863Phe)","chr11","108304766","C/T","ATM","0.232","dataset0081","Missense","Neutral to the ATM-mediated anti-cell growth in MCF10A","ATM-mediated anti-cell growth","5","Functionally normal","Uncertain significance","","NA","CRISPR-Based Genome Editing","Base editing","33606978"
"NM_000051.4(ATM):c.5648C>T (p.Ser1883Phe)","chr11","108304826","C/T","ATM","-0.02","dataset0081","Missense","Neutral to the ATM-mediated anti-cell growth in MCF10A","ATM-mediated anti-cell growth","5","Functionally normal","Uncertain significance","","NA","CRISPR-Based Genome Editing","Base editing","33606978"
"NM_000051.4(ATM):c.5651C>T (p.Thr1884Ile)","chr11","108304829","C/T","ATM","-0.02","dataset0081","Missense","Neutral to the ATM-mediated anti-cell growth in MCF10A","ATM-mediated anti-cell growth","5","Functionally normal","Uncertain significance","6.19541e-07","NA","CRISPR-Based Genome Editing","Base editing","33606978"
"NM_000051.4(ATM):c.5656_5657delinsTT (p.Pro1886Phe)","chr11","108304834","CC/TT","ATM","-0.036","dataset0081","Missense","Neutral to the ATM-mediated anti-cell growth in MCF10A","ATM-mediated anti-cell growth","5","Functionally normal","","","NA","CRISPR-Based Genome Editing","Base editing","33606978"
"NM_000051.4(ATM):c.5656C>T (p.Pro1886Ser)","chr11","108304834","C/T","ATM","-0.036","dataset0081","Missense","Neutral to the ATM-mediated anti-cell growth in MCF10A","ATM-mediated anti-cell growth","5","Functionally normal","Uncertain significance","","NA","CRISPR-Based Genome Editing","Base editing","33606978"
"NM_000051.4(ATM):c.5657C>T (p.Pro1886Leu)","chr11","108304835","C/T","ATM","-0.036","dataset0081","Missense","Neutral to the ATM-mediated anti-cell growth in MCF10A","ATM-mediated anti-cell growth","5","Functionally normal","","6.19559e-07","NA","CRISPR-Based Genome Editing","Base editing","33606978"
"NM_000051.4(ATM):c.5659G>A (p.Ala1887Thr)","chr11","108304837","G/A","ATM","-0.102","dataset0081","Missense","Neutral to the ATM-mediated anti-cell growth in MCF10A","ATM-mediated anti-cell growth","5","Functionally normal","Uncertain significance","","NA","CRISPR-Based Genome Editing","Base editing","33606978"
"NM_000051.4(ATM):c.5660C>T (p.Ala1887Val)","chr11","108304838","C/T","ATM","-0.036","dataset0081","Missense","Neutral to the ATM-mediated anti-cell growth in MCF10A","ATM-mediated anti-cell growth","5","Functionally normal","Uncertain significance","","NA","CRISPR-Based Genome Editing","Base editing","33606978"
"NM_000051.4(ATM):c.5668G>A (p.Asp1890Asn)","chr11","108304846","G/A","ATM","0.318","dataset0081","Missense","Neutral to the ATM-mediated anti-cell growth in MCF10A","ATM-mediated anti-cell growth","5","Functionally normal","","","NA","CRISPR-Based Genome Editing","Base editing","33606978"
"NM_000051.4(ATM):c.5674G>A (p.Glu1892Lys)","chr11","108304852","G/A","ATM","-0.012","dataset0081","Missense","Neutral to the ATM-mediated anti-cell growth in MCF10A","ATM-mediated anti-cell growth","5","Functionally normal","Uncertain significance","3.09856e-06","NA","CRISPR-Based Genome Editing","Base editing","33606978"
"NM_000051.4(ATM):c.5723C>T (p.Thr1908Ile)","chr11","108307945","C/T","ATM","0.349","dataset0081","Missense","Neutral to the ATM-mediated anti-cell growth in MCF10A","ATM-mediated anti-cell growth","5","Functionally normal","Uncertain significance","","NA","CRISPR-Based Genome Editing","Base editing","33606978"
"NM_000051.4(ATM):c.5843G>A (p.Cys1948Tyr)","chr11","108310240","G/A","ATM","0.598","dataset0081","Missense","Neutral to the ATM-mediated anti-cell growth in MCF10A","ATM-mediated anti-cell growth","5","Functionally normal","","6.19771e-07","NA","CRISPR-Based Genome Editing","Base editing","33606978"
"NM_000051.4(ATM):c.5845G>A (p.Ala1949Thr)","chr11","108310242","G/A","ATM","0.598","dataset0081","Missense","Neutral to the ATM-mediated anti-cell growth in MCF10A","ATM-mediated anti-cell growth","5","Functionally normal","Uncertain significance","","NA","CRISPR-Based Genome Editing","Base editing","33606978"
"NM_000051.4(ATM):c.5885C>T (p.Ala1962Val)","chr11","108310282","C/T","ATM","-0.006","dataset0081","Missense","Neutral to the ATM-mediated anti-cell growth in MCF10A","ATM-mediated anti-cell growth","5","Functionally normal","","1.85961e-06","NA","CRISPR-Based Genome Editing","Base editing","33606978"
"NM_000051.4(ATM):c.5908C>T (p.Gln1970Ter)","chr11","108310305","C/T","ATM","-0.81","dataset0081","Nonsense","Neutral to the ATM-mediated anti-cell growth in MCF10A","ATM-mediated anti-cell growth","5","Functionally normal","Pathogenic","2.54234e-05","NA","CRISPR-Based Genome Editing","Base editing","33606978"
"NM_000051.4(ATM):c.5923C>T (p.Leu1975Phe)","chr11","108312415","C/T","ATM","0.337","dataset0081","Missense","Neutral to the ATM-mediated anti-cell growth in MCF10A","ATM-mediated anti-cell growth","5","Functionally normal","","","NA","CRISPR-Based Genome Editing","Base editing","33606978"
"NM_000051.4(ATM):c.5963G>A (p.Ser1988Asn)","chr11","108312455","G/A","ATM","0.117","dataset0081","Missense","Neutral to the ATM-mediated anti-cell growth in MCF10A","ATM-mediated anti-cell growth","5","Functionally normal","","","NA","CRISPR-Based Genome Editing","Base editing","33606978"
"NM_000051.4(ATM):c.5990C>T (p.Thr1997Ile)","chr11","108312482","C/T","ATM","-0.232","dataset0081","Missense","Neutral to the ATM-mediated anti-cell growth in MCF10A","ATM-mediated anti-cell growth","5","Functionally normal","Uncertain significance","","NA","CRISPR-Based Genome Editing","Base editing","33606978"
"NM_000051.4(ATM):c.6004C>T (p.Gln2002Ter)","chr11","108312496","C/T","ATM","-0.56","dataset0081","Nonsense","Neutral to the ATM-mediated anti-cell growth in MCF10A","ATM-mediated anti-cell growth","5","Functionally normal","Pathogenic","","NA","CRISPR-Based Genome Editing","Base editing","33606978"
"NM_000051.4(ATM):c.6043C>T (p.Pro2015Ser)","chr11","108315859","C/T","ATM","-0.196","dataset0081","Missense","Neutral to the ATM-mediated anti-cell growth in MCF10A","ATM-mediated anti-cell growth","5","Functionally normal","","0","NA","CRISPR-Based Genome Editing","Base editing","33606978"
"NM_000051.4(ATM):c.6044C>T (p.Pro2015Leu)","chr11","108315860","C/T","ATM","-0.196","dataset0081","Missense","Neutral to the ATM-mediated anti-cell growth in MCF10A","ATM-mediated anti-cell growth","5","Functionally normal","Uncertain significance","","NA","CRISPR-Based Genome Editing","Base editing","33606978"
"NM_000051.4(ATM):c.6058_6059delinsAA (p.Gly2020Asn)","chr11","108315874","GG/AA","ATM","0.197","dataset0081","Missense","Neutral to the ATM-mediated anti-cell growth in MCF10A","ATM-mediated anti-cell growth","5","Functionally normal","","","NA","CRISPR-Based Genome Editing","Base editing","33606978"
"NM_000051.4(ATM):c.6058G>A (p.Gly2020Ser)","chr11","108315874","G/A","ATM","0.197","dataset0081","Missense","Neutral to the ATM-mediated anti-cell growth in MCF10A","ATM-mediated anti-cell growth","5","Functionally normal","","","NA","CRISPR-Based Genome Editing","Base editing","33606978"
"NM_000051.4(ATM):c.6059G>A (p.Gly2020Asp)","chr11","108315875","G/A","ATM","0.197","dataset0081","Missense","Neutral to the ATM-mediated anti-cell growth in MCF10A","ATM-mediated anti-cell growth","5","Functionally normal","Uncertain significance","6.19861e-07","NA","CRISPR-Based Genome Editing","Base editing","33606978"
"NM_000051.4(ATM):c.6062G>A (p.Cys2021Tyr)","chr11","108315878","G/A","ATM","0.197","dataset0081","Missense","Neutral to the ATM-mediated anti-cell growth in MCF10A","ATM-mediated anti-cell growth","5","Functionally normal","Uncertain significance","1.85993e-06","NA","CRISPR-Based Genome Editing","Base editing","33606978"
"NM_000051.4(ATM):c.6112C>T (p.His2038Tyr)","chr11","108316027","C/T","ATM","-0.553","dataset0081","Missense","Neutral to the ATM-mediated anti-cell growth in MCF10A","ATM-mediated anti-cell growth","5","Functionally normal","Uncertain significance","","NA","CRISPR-Based Genome Editing","Base editing","33606978"
"NM_000051.4(ATM):c.6154G>A (p.Glu2052Lys)","chr11","108316069","G/A","ATM","-0.316","dataset0081","Missense","Neutral to the ATM-mediated anti-cell growth in MCF10A","ATM-mediated anti-cell growth","5","Functionally normal","Conflicting classifications of pathogenicity","3.03586e-05","NA","CRISPR-Based Genome Editing","Base editing","33606978"
"NM_000051.4(ATM):c.6166_6167delinsTT (p.Pro2056Phe)","chr11","108316081","CC/TT","ATM","-0.215","dataset0081","Missense","Neutral to the ATM-mediated anti-cell growth in MCF10A","ATM-mediated anti-cell growth","5","Functionally normal","","","NA","CRISPR-Based Genome Editing","Base editing","33606978"
"NM_000051.4(ATM):c.6166C>T (p.Pro2056Ser)","chr11","108316081","C/T","ATM","-0.215","dataset0081","Missense","Neutral to the ATM-mediated anti-cell growth in MCF10A","ATM-mediated anti-cell growth","5","Functionally normal","Conflicting classifications of pathogenicity","","skcm:0.2% (1/448):0.290","CRISPR-Based Genome Editing","Base editing","33606978"
"NM_000051.4(ATM):c.6167C>T (p.Pro2056Leu)","chr11","108316082","C/T","ATM","-0.215","dataset0081","Missense","Neutral to the ATM-mediated anti-cell growth in MCF10A","ATM-mediated anti-cell growth","5","Functionally normal","Uncertain significance","6.19528e-07","NA","CRISPR-Based Genome Editing","Base editing","33606978"
"NM_000051.4(ATM):c.6170C>T (p.Ser2057Leu)","chr11","108316085","C/T","ATM","-0.18","dataset0081","Missense","Neutral to the ATM-mediated anti-cell growth in MCF10A","ATM-mediated anti-cell growth","5","Functionally normal","Uncertain significance","","NA","CRISPR-Based Genome Editing","Base editing","33606978"
"NM_000051.4(ATM):c.6173C>T (p.Ser2058Leu)","chr11","108316088","C/T","ATM","-0.18","dataset0081","Missense","Neutral to the ATM-mediated anti-cell growth in MCF10A","ATM-mediated anti-cell growth","5","Functionally normal","Uncertain significance","","NA","CRISPR-Based Genome Editing","Base editing","33606978"
"NM_000051.4(ATM):c.6181C>T (p.Gln2061Ter)","chr11","108316096","C/T","ATM","-0.023","dataset0081","Nonsense","Neutral to the ATM-mediated anti-cell growth in MCF10A","ATM-mediated anti-cell growth","5","Functionally normal","Pathogenic","","NA","CRISPR-Based Genome Editing","Base editing","33606978"
"NM_000051.4(ATM):c.6184G>A (p.Ala2062Thr)","chr11","108316099","G/A","ATM","-0.013","dataset0081","Missense","Neutral to the ATM-mediated anti-cell growth in MCF10A","ATM-mediated anti-cell growth","5","Functionally normal","","","NA","CRISPR-Based Genome Editing","Base editing","33606978"
"NM_000051.4(ATM):c.6187G>A (p.Gly2063Arg)","chr11","108316102","G/A","ATM","-0.01","dataset0081","Missense","Neutral to the ATM-mediated anti-cell growth in MCF10A","ATM-mediated anti-cell growth","5","Functionally normal","","","NA","CRISPR-Based Genome Editing","Base editing","33606978"
"NM_000051.4(ATM):c.6200C>T (p.Ala2067Val)","chr11","108317374","C/T","ATM","-0.696","dataset0081","Missense","Neutral to the ATM-mediated anti-cell growth in MCF10A","ATM-mediated anti-cell growth","5","Functionally normal","","","NA","CRISPR-Based Genome Editing","Base editing","33606978"
"NM_000051.4(ATM):c.6215G>A (p.Gly2072Glu)","chr11","108317389","G/A","ATM","-0.366","dataset0081","Missense","Neutral to the ATM-mediated anti-cell growth in MCF10A","ATM-mediated anti-cell growth","5","Functionally normal","Uncertain significance","","NA","CRISPR-Based Genome Editing","Base editing","33606978"
"NM_000051.4(ATM):c.6229C>T (p.Leu2077Phe)","chr11","108317403","C/T","ATM","-0.9","dataset0081","Missense","Neutral to the ATM-mediated anti-cell growth in MCF10A","ATM-mediated anti-cell growth","5","Functionally normal","Uncertain significance","","NA","CRISPR-Based Genome Editing","Base editing","33606978"
"NM_000051.4(ATM):c.6233C>T (p.Ser2078Phe)","chr11","108317407","C/T","ATM","-0.899","dataset0081","Missense","Neutral to the ATM-mediated anti-cell growth in MCF10A","ATM-mediated anti-cell growth","5","Functionally normal","Uncertain significance","","NA","CRISPR-Based Genome Editing","Base editing","33606978"
"NM_000051.4(ATM):c.6248G>A (p.Gly2083Glu)","chr11","108317422","G/A","ATM","0.142","dataset0081","Missense","Neutral to the ATM-mediated anti-cell growth in MCF10A","ATM-mediated anti-cell growth","5","Functionally normal","Uncertain significance","6.20277e-07","NA","CRISPR-Based Genome Editing","Base editing","33606978"
"NM_000051.4(ATM):c.6253G>A (p.Asp2085Asn)","chr11","108317427","G/A","ATM","0.142","dataset0081","Missense","Neutral to the ATM-mediated anti-cell growth in MCF10A","ATM-mediated anti-cell growth","5","Functionally normal","","","NA","CRISPR-Based Genome Editing","Base editing","33606978"
"NM_000051.4(ATM):c.6292C>T (p.Leu2098Phe)","chr11","108317466","C/T","ATM","0.171","dataset0081","Missense","Neutral to the ATM-mediated anti-cell growth in MCF10A","ATM-mediated anti-cell growth","5","Functionally normal","","","NA","CRISPR-Based Genome Editing","Base editing","33606978"
"NM_000051.4(ATM):c.6295C>T (p.His2099Tyr)","chr11","108317469","C/T","ATM","0.181","dataset0081","Missense","Neutral to the ATM-mediated anti-cell growth in MCF10A","ATM-mediated anti-cell growth","5","Functionally normal","","","skcm:0.2% (1/448):0.560","CRISPR-Based Genome Editing","Base editing","33606978"
"NM_000051.4(ATM):c.6308C>T (p.Ala2103Val)","chr11","108317482","C/T","ATM","0.154","dataset0081","Missense","Neutral to the ATM-mediated anti-cell growth in MCF10A","ATM-mediated anti-cell growth","5","Functionally normal","","","NA","CRISPR-Based Genome Editing","Base editing","33606978"
"NM_000051.4(ATM):c.6391G>A (p.Ala2131Thr)","chr11","108319997","G/A","ATM","-0.205","dataset0081","Missense","Neutral to the ATM-mediated anti-cell growth in MCF10A","ATM-mediated anti-cell growth","5","Functionally normal","Uncertain significance","","NA","CRISPR-Based Genome Editing","Base editing","33606978"
"NM_000051.4(ATM):c.6505C>T (p.Leu2169Phe)","chr11","108321353","C/T","ATM","-0.173","dataset0081","Missense","Neutral to the ATM-mediated anti-cell growth in MCF10A","ATM-mediated anti-cell growth","5","Functionally normal","Uncertain significance","","NA","CRISPR-Based Genome Editing","Base editing","33606978"
"NM_000051.4(ATM):c.6512C>T (p.Pro2171Leu)","chr11","108321360","C/T","ATM","0.694","dataset0081","Missense","Neutral to the ATM-mediated anti-cell growth in MCF10A","ATM-mediated anti-cell growth","5","Functionally normal","","","NA","CRISPR-Based Genome Editing","Base editing","33606978"
"NM_000051.4(ATM):c.6515C>T (p.Thr2172Ile)","chr11","108321363","C/T","ATM","0.694","dataset0081","Missense","Neutral to the ATM-mediated anti-cell growth in MCF10A","ATM-mediated anti-cell growth","5","Functionally normal","Uncertain significance","","NA","CRISPR-Based Genome Editing","Base editing","33606978"
"NM_000051.4(ATM):c.6517C>T (p.Leu2173Phe)","chr11","108321365","C/T","ATM","0.694","dataset0081","Missense","Neutral to the ATM-mediated anti-cell growth in MCF10A","ATM-mediated anti-cell growth","5","Functionally normal","Uncertain significance","6.1955e-07","NA","CRISPR-Based Genome Editing","Base editing","33606978"
"NM_000051.4(ATM):c.6529C>T (p.Gln2177Ter)","chr11","108321377","C/T","ATM","-0.169","dataset0081","Nonsense","Neutral to the ATM-mediated anti-cell growth in MCF10A","ATM-mediated anti-cell growth","5","Functionally normal","Pathogenic/Likely pathogenic","","NA","CRISPR-Based Genome Editing","Base editing","33606978"
"NM_000051.4(ATM):c.6532G>A (p.Ala2178Thr)","chr11","108321380","G/A","ATM","0.078","dataset0081","Missense","Neutral to the ATM-mediated anti-cell growth in MCF10A","ATM-mediated anti-cell growth","5","Functionally normal","","","NA","CRISPR-Based Genome Editing","Base editing","33606978"
"NM_000051.4(ATM):c.6551G>A (p.Ser2184Asn)","chr11","108321399","G/A","ATM","-1.036","dataset0081","Missense","The reduced ATM-mediated anti-cell growth in MCF10A","ATM-mediated anti-cell growth","5","Loss-of-function","","","NA","CRISPR-Based Genome Editing","Base editing","33606978"
"NM_000051.4(ATM):c.6622C>T (p.His2208Tyr)","chr11","108325359","C/T","ATM","-0.325","dataset0081","Missense","Neutral to the ATM-mediated anti-cell growth in MCF10A","ATM-mediated anti-cell growth","5","Functionally normal","Uncertain significance","6.22685e-07","NA","CRISPR-Based Genome Editing","Base editing","33606978"
"NM_000051.4(ATM):c.6644G>A (p.Ser2215Asn)","chr11","108325381","G/A","ATM","0.105","dataset0081","Missense","Neutral to the ATM-mediated anti-cell growth in MCF10A","ATM-mediated anti-cell growth","5","Functionally normal","","","NA","CRISPR-Based Genome Editing","Base editing","33606978"
"NM_000051.4(ATM):c.6646G>A (p.Asp2216Asn)","chr11","108325383","G/A","ATM","0.105","dataset0081","Missense","Neutral to the ATM-mediated anti-cell growth in MCF10A","ATM-mediated anti-cell growth","5","Functionally normal","Uncertain significance","","NA","CRISPR-Based Genome Editing","Base editing","33606978"
"NM_000051.4(ATM):c.6658C>T (p.Gln2220Ter)","chr11","108325395","C/T","ATM","-0.967","dataset0081","Nonsense","Neutral to the ATM-mediated anti-cell growth in MCF10A","ATM-mediated anti-cell growth","5","Functionally normal","Pathogenic","6.1983e-07","NA","CRISPR-Based Genome Editing","Base editing","33606978"
"NM_000051.4(ATM):c.6674C>T (p.Ala2225Val)","chr11","108325411","C/T","ATM","0.024","dataset0081","Missense","Neutral to the ATM-mediated anti-cell growth in MCF10A","ATM-mediated anti-cell growth","5","Functionally normal","Uncertain significance","1.23932e-06","NA","CRISPR-Based Genome Editing","Base editing","33606978"
"NM_000051.4(ATM):c.6679C>T (p.Arg2227Cys)","chr11","108325416","C/T","ATM","0.024","dataset0081","Missense","Neutral to the ATM-mediated anti-cell growth in MCF10A","ATM-mediated anti-cell growth","5","Functionally normal","Pathogenic/Likely pathogenic","6.81735e-06","NA","CRISPR-Based Genome Editing","Base editing","33606978"
"NM_000051.4(ATM):c.6680G>A (p.Arg2227His)","chr11","108325417","G/A","ATM","-0.006","dataset0081","Missense","Neutral to the ATM-mediated anti-cell growth in MCF10A","ATM-mediated anti-cell growth","5","Functionally normal","Uncertain significance","3.09892e-06","NA","CRISPR-Based Genome Editing","Base editing","33606978"
"NM_000051.4(ATM):c.6717G>A (p.Met2239Ile)","chr11","108325454","G/A","ATM","-0.118","dataset0081","Missense","Neutral to the ATM-mediated anti-cell growth in MCF10A","ATM-mediated anti-cell growth","5","Functionally normal","Uncertain significance","","NA","CRISPR-Based Genome Editing","Base editing","33606978"
"NM_000051.4(ATM):c.6718G>A (p.Asp2240Asn)","chr11","108325455","G/A","ATM","-0.118","dataset0081","Missense","Neutral to the ATM-mediated anti-cell growth in MCF10A","ATM-mediated anti-cell growth","5","Functionally normal","Uncertain significance","","NA","CRISPR-Based Genome Editing","Base editing","33606978"
"NM_000051.4(ATM):c.6725C>T (p.Ser2242Leu)","chr11","108325462","C/T","ATM","-0.266","dataset0081","Missense","Neutral to the ATM-mediated anti-cell growth in MCF10A","ATM-mediated anti-cell growth","5","Functionally normal","","6.19676e-07","NA","CRISPR-Based Genome Editing","Base editing","33606978"
"NM_000051.4(ATM):c.6727C>T (p.Gln2243Ter)","chr11","108325464","C/T","ATM","-0.266","dataset0081","Nonsense","Neutral to the ATM-mediated anti-cell growth in MCF10A","ATM-mediated anti-cell growth","5","Functionally normal","Pathogenic","","NA","CRISPR-Based Genome Editing","Base editing","33606978"
"NM_000051.4(ATM):c.6791C>T (p.Thr2264Ile)","chr11","108325528","C/T","ATM","-0.727","dataset0081","Missense","Neutral to the ATM-mediated anti-cell growth in MCF10A","ATM-mediated anti-cell growth","5","Functionally normal","Uncertain significance","6.23085e-07","NA","CRISPR-Based Genome Editing","Base editing","33606978"
"NM_000051.4(ATM):c.6940C>T (p.Gln2314Ter)","chr11","108326190","C/T","ATM","-0.273","dataset0081","Nonsense","Neutral to the ATM-mediated anti-cell growth in MCF10A","ATM-mediated anti-cell growth","5","Functionally normal","","","NA","CRISPR-Based Genome Editing","Base editing","33606978"
"NM_000051.4(ATM):c.6974C>T (p.Ala2325Val)","chr11","108326224","C/T","ATM","-0.529","dataset0081","Missense","Neutral to the ATM-mediated anti-cell growth in MCF10A","ATM-mediated anti-cell growth","5","Functionally normal","Conflicting classifications of pathogenicity","1.36354e-05","NA","CRISPR-Based Genome Editing","Base editing","33606978"
"NM_000051.4(ATM):c.6998C>T (p.Thr2333Ile)","chr11","108327667","C/T","ATM","-0.146","dataset0081","Missense","Neutral to the ATM-mediated anti-cell growth in MCF10A","ATM-mediated anti-cell growth","5","Functionally normal","Conflicting classifications of pathogenicity","4.27574e-05","hnsc:0.2% (1/523):0.330","CRISPR-Based Genome Editing","Base editing","33606978"
"NM_000051.4(ATM):c.7006G>A (p.Glu2336Lys)","chr11","108327675","G/A","ATM","-0.022","dataset0081","Missense","Neutral to the ATM-mediated anti-cell growth in MCF10A","ATM-mediated anti-cell growth","5","Functionally normal","","","NA","CRISPR-Based Genome Editing","Base editing","33606978"
"NM_000051.4(ATM):c.7043C>T (p.Thr2348Met)","chr11","108327712","C/T","ATM","-0.105","dataset0081","Missense","Neutral to the ATM-mediated anti-cell growth in MCF10A","ATM-mediated anti-cell growth","5","Functionally normal","Uncertain significance","1.85872e-06","ucec:0.2% (1/529):0.670","CRISPR-Based Genome Editing","Base editing","33606978"
"NM_000051.4(ATM):c.7072C>T (p.Gln2358Ter)","chr11","108327741","C/T","ATM","-0.277","dataset0081","Nonsense","Neutral to the ATM-mediated anti-cell growth in MCF10A","ATM-mediated anti-cell growth","5","Functionally normal","Pathogenic","1.23936e-06","NA","CRISPR-Based Genome Editing","Base editing","33606978"
"NM_000051.4(ATM):c.7091C>T (p.Ala2364Val)","chr11","108329022","C/T","ATM","-0.195","dataset0081","Missense","Neutral to the ATM-mediated anti-cell growth in MCF10A","ATM-mediated anti-cell growth","5","Functionally normal","Uncertain significance","","NA","CRISPR-Based Genome Editing","Base editing","33606978"
"NM_000051.4(ATM):c.7103C>T (p.Ala2368Val)","chr11","108329034","C/T","ATM","-0.91","dataset0081","Missense","Neutral to the ATM-mediated anti-cell growth in MCF10A","ATM-mediated anti-cell growth","5","Functionally normal","Uncertain significance","","NA","CRISPR-Based Genome Editing","Base editing","33606978"
"NM_000051.4(ATM):c.7157C>T (p.Ala2386Val)","chr11","108329088","C/T","ATM","-0.057","dataset0081","Missense","Neutral to the ATM-mediated anti-cell growth in MCF10A","ATM-mediated anti-cell growth","5","Functionally normal","","","NA","CRISPR-Based Genome Editing","Base editing","33606978"
"NM_000051.4(ATM):c.7259C>T (p.Ala2420Val)","chr11","108329190","C/T","ATM","0.078","dataset0081","Missense","Neutral to the ATM-mediated anti-cell growth in MCF10A","ATM-mediated anti-cell growth","5","Functionally normal","","","NA","CRISPR-Based Genome Editing","Base editing","33606978"
"NM_000051.4(ATM):c.7264G>A (p.Glu2422Lys)","chr11","108329195","G/A","ATM","-0.086","dataset0081","Missense","Neutral to the ATM-mediated anti-cell growth in MCF10A","ATM-mediated anti-cell growth","5","Functionally normal","Uncertain significance","1.23924e-06","NA","CRISPR-Based Genome Editing","Base editing","33606978"
"NM_000051.4(ATM):c.7267G>A (p.Glu2423Lys)","chr11","108329198","G/A","ATM","-0.086","dataset0081","Missense","Neutral to the ATM-mediated anti-cell growth in MCF10A","ATM-mediated anti-cell growth","5","Functionally normal","Uncertain significance","","NA","CRISPR-Based Genome Editing","Base editing","33606978"
"NM_000051.4(ATM):c.7274G>A (p.Gly2425Asp)","chr11","108329205","G/A","ATM","-0.15","dataset0081","Missense","Neutral to the ATM-mediated anti-cell growth in MCF10A","ATM-mediated anti-cell growth","5","Functionally normal","Uncertain significance","","NA","CRISPR-Based Genome Editing","Base editing","33606978"
"NM_000051.4(ATM):c.7288C>T (p.His2430Tyr)","chr11","108329219","C/T","ATM","0.363","dataset0081","Missense","Neutral to the ATM-mediated anti-cell growth in MCF10A","ATM-mediated anti-cell growth","5","Functionally normal","Uncertain significance","","NA","CRISPR-Based Genome Editing","Base editing","33606978"
"NM_000051.4(ATM):c.7297C>T (p.Gln2433Ter)","chr11","108329228","C/T","ATM","0.208","dataset0081","Nonsense","Neutral to the ATM-mediated anti-cell growth in MCF10A","ATM-mediated anti-cell growth","5","Functionally normal","Pathogenic","","skcm:0.2% (1/448):0.700;ucec:0.2% (1/529):0.290","CRISPR-Based Genome Editing","Base editing","33606978"
"NM_000051.4(ATM):c.7301C>T (p.Thr2434Ile)","chr11","108329232","C/T","ATM","0.208","dataset0081","Missense","Neutral to the ATM-mediated anti-cell growth in MCF10A","ATM-mediated anti-cell growth","5","Functionally normal","Uncertain significance","","NA","CRISPR-Based Genome Editing","Base editing","33606978"
"NM_000051.4(ATM):c.7324C>T (p.Gln2442Ter)","chr11","108330230","C/T","ATM","-1.211","dataset0081","Nonsense","The reduced ATM-mediated anti-cell growth in MCF10A","ATM-mediated anti-cell growth","5","Loss-of-function","","","NA","CRISPR-Based Genome Editing","Base editing","33606978"
"NM_000051.4(ATM):c.7327C>T (p.Arg2443Ter)","chr11","108330233","C/T","ATM","-1.211","dataset0081","Nonsense","The reduced ATM-mediated anti-cell growth in MCF10A","ATM-mediated anti-cell growth","5","Loss-of-function","Pathogenic/Likely pathogenic","3.71735e-06","coad:0.2% (1/439):0.360","CRISPR-Based Genome Editing","Base editing","33606978"
"NM_000051.4(ATM):c.7352C>T (p.Ala2451Val)","chr11","108330258","C/T","ATM","-0.386","dataset0081","Missense","Neutral to the ATM-mediated anti-cell growth in MCF10A","ATM-mediated anti-cell growth","5","Functionally normal","Uncertain significance","0","NA","CRISPR-Based Genome Editing","Base editing","33606978"
"NM_000051.4(ATM):c.7357C>T (p.Arg2453Cys)","chr11","108330263","C/T","ATM","-0.386","dataset0081","Missense","Neutral to the ATM-mediated anti-cell growth in MCF10A","ATM-mediated anti-cell growth","5","Functionally normal","Uncertain significance","1.6109e-05","NA","CRISPR-Based Genome Editing","Base editing","33606978"
"NM_000051.4(ATM):c.7369G>A (p.Glu2457Lys)","chr11","108330275","G/A","ATM","0.807","dataset0081","Missense","Neutral to the ATM-mediated anti-cell growth in MCF10A","ATM-mediated anti-cell growth","5","Functionally normal","","","NA","CRISPR-Based Genome Editing","Base editing","33606978"
"NM_000051.4(ATM):c.7372G>A (p.Asp2458Asn)","chr11","108330278","G/A","ATM","0.807","dataset0081","Missense","Neutral to the ATM-mediated anti-cell growth in MCF10A","ATM-mediated anti-cell growth","5","Functionally normal","","","NA","CRISPR-Based Genome Editing","Base editing","33606978"
"NM_000051.4(ATM):c.7456C>T (p.Arg2486Ter)","chr11","108330362","C/T","ATM","-1.291","dataset0081","Nonsense","The reduced ATM-mediated anti-cell growth in MCF10A","ATM-mediated anti-cell growth","5","Loss-of-function","Pathogenic/Likely pathogenic","4.33679e-06","NA","CRISPR-Based Genome Editing","Base editing","33606978"
"NM_000051.4(ATM):c.7468C>T (p.Leu2490Phe)","chr11","108330374","C/T","ATM","-0.295","dataset0081","Missense","Neutral to the ATM-mediated anti-cell growth in MCF10A","ATM-mediated anti-cell growth","5","Functionally normal","Uncertain significance","2.47813e-06","NA","CRISPR-Based Genome Editing","Base editing","33606978"
"NM_000051.4(ATM):c.7472G>A (p.Trp2491Ter)","chr11","108330378","G/A","ATM","-0.827","dataset0081","Nonsense","Neutral to the ATM-mediated anti-cell growth in MCF10A","ATM-mediated anti-cell growth","5","Functionally normal","","","NA","CRISPR-Based Genome Editing","Base editing","33606978"
"NM_000051.4(ATM):c.7486_7487delinsAA (p.Gly2496Lys)","chr11","108330392","GG/AA","ATM","-0.251","dataset0081","Missense","Neutral to the ATM-mediated anti-cell growth in MCF10A","ATM-mediated anti-cell growth","5","Functionally normal","","","NA","CRISPR-Based Genome Editing","Base editing","33606978"
"NM_000051.4(ATM):c.7486G>A (p.Gly2496Arg)","chr11","108330392","G/A","ATM","-0.125","dataset0081","Missense","Neutral to the ATM-mediated anti-cell growth in MCF10A","ATM-mediated anti-cell growth","5","Functionally normal","Uncertain significance","","NA","CRISPR-Based Genome Editing","Base editing","33606978"
"NM_000051.4(ATM):c.7487G>A (p.Gly2496Glu)","chr11","108330393","G/A","ATM","-0.251","dataset0081","Missense","Neutral to the ATM-mediated anti-cell growth in MCF10A","ATM-mediated anti-cell growth","5","Functionally normal","Conflicting classifications of pathogenicity","6.19543e-07","NA","CRISPR-Based Genome Editing","Base editing","33606978"
"NM_000051.4(ATM):c.7552_7553delinsTT (p.Pro2518Phe)","chr11","108331480","CC/TT","ATM","0.415","dataset0081","Missense","Neutral to the ATM-mediated anti-cell growth in MCF10A","ATM-mediated anti-cell growth","5","Functionally normal","","","NA","CRISPR-Based Genome Editing","Base editing","33606978"
"NM_000051.4(ATM):c.7552C>T (p.Pro2518Ser)","chr11","108331480","C/T","ATM","0.415","dataset0081","Missense","Neutral to the ATM-mediated anti-cell growth in MCF10A","ATM-mediated anti-cell growth","5","Functionally normal","Uncertain significance","2.97644e-05","NA","CRISPR-Based Genome Editing","Base editing","33606978"
"NM_000051.4(ATM):c.7553C>T (p.Pro2518Leu)","chr11","108331481","C/T","ATM","0.415","dataset0081","Missense","Neutral to the ATM-mediated anti-cell growth in MCF10A","ATM-mediated anti-cell growth","5","Functionally normal","Uncertain significance","1.24014e-06","NA","CRISPR-Based Genome Editing","Base editing","33606978"
"NM_000051.4(ATM):c.7555C>T (p.Leu2519Phe)","chr11","108331483","C/T","ATM","0.415","dataset0081","Missense","Neutral to the ATM-mediated anti-cell growth in MCF10A","ATM-mediated anti-cell growth","5","Functionally normal","","","NA","CRISPR-Based Genome Editing","Base editing","33606978"
"NM_000051.4(ATM):c.7564C>T (p.Gln2522Ter)","chr11","108331492","C/T","ATM","-0.256","dataset0081","Nonsense","Neutral to the ATM-mediated anti-cell growth in MCF10A","ATM-mediated anti-cell growth","5","Functionally normal","Pathogenic","","NA","CRISPR-Based Genome Editing","Base editing","33606978"
"NM_000051.4(ATM):c.7570G>A (p.Ala2524Thr)","chr11","108331498","G/A","ATM","-0.873","dataset0081","Missense","Neutral to the ATM-mediated anti-cell growth in MCF10A","ATM-mediated anti-cell growth","5","Functionally normal","Uncertain significance","0","NA","CRISPR-Based Genome Editing","Base editing","33606978"
"NM_000051.4(ATM):c.7581G>A (p.Met2527Ile)","chr11","108331509","G/A","ATM","-0.045","dataset0081","Missense","Neutral to the ATM-mediated anti-cell growth in MCF10A","ATM-mediated anti-cell growth","5","Functionally normal","Uncertain significance","","NA","CRISPR-Based Genome Editing","Base editing","33606978"
"NM_000051.4(ATM):c.7582_7583delinsAA (p.Gly2528Lys)","chr11","108331510","GG/AA","ATM","-0.045","dataset0081","Missense","Neutral to the ATM-mediated anti-cell growth in MCF10A","ATM-mediated anti-cell growth","5","Functionally normal","","","NA","CRISPR-Based Genome Editing","Base editing","33606978"
"NM_000051.4(ATM):c.7582G>A (p.Gly2528Arg)","chr11","108331510","G/A","ATM","-0.045","dataset0081","Missense","Neutral to the ATM-mediated anti-cell growth in MCF10A","ATM-mediated anti-cell growth","5","Functionally normal","","","NA","CRISPR-Based Genome Editing","Base editing","33606978"
"NM_000051.4(ATM):c.7583G>A (p.Gly2528Glu)","chr11","108331511","G/A","ATM","-0.045","dataset0081","Missense","Neutral to the ATM-mediated anti-cell growth in MCF10A","ATM-mediated anti-cell growth","5","Functionally normal","","","NA","CRISPR-Based Genome Editing","Base editing","33606978"
"NM_000051.4(ATM):c.7586C>T (p.Thr2529Ile)","chr11","108331514","C/T","ATM","-0.017","dataset0081","Missense","Neutral to the ATM-mediated anti-cell growth in MCF10A","ATM-mediated anti-cell growth","5","Functionally normal","Uncertain significance","","NA","CRISPR-Based Genome Editing","Base editing","33606978"
"NM_000051.4(ATM):c.7601G>A (p.Gly2534Asp)","chr11","108331529","G/A","ATM","0.793","dataset0081","Missense","Neutral to the ATM-mediated anti-cell growth in MCF10A","ATM-mediated anti-cell growth","5","Functionally normal","","6.20476e-07","NA","CRISPR-Based Genome Editing","Base editing","33606978"
"NM_000051.4(ATM):c.7606G>A (p.Gly2536Arg)","chr11","108331534","G/A","ATM","0.793","dataset0081","Missense","Neutral to the ATM-mediated anti-cell growth in MCF10A","ATM-mediated anti-cell growth","5","Functionally normal","","","NA","CRISPR-Based Genome Editing","Base editing","33606978"
"NM_000051.4(ATM):c.7618G>A (p.Val2540Ile)","chr11","108331546","G/A","ATM","-0.836","dataset0081","Missense","Neutral to the ATM-mediated anti-cell growth in MCF10A","ATM-mediated anti-cell growth","5","Functionally normal","Conflicting classifications of pathogenicity","8.49916e-05","NA","CRISPR-Based Genome Editing","Base editing","33606978"
"NM_000051.4(ATM):c.7667C>T (p.Thr2556Ile)","chr11","108331916","C/T","ATM","-0.327","dataset0081","Missense","Neutral to the ATM-mediated anti-cell growth in MCF10A","ATM-mediated anti-cell growth","5","Functionally normal","","6.196e-07","NA","CRISPR-Based Genome Editing","Base editing","33606978"
"NM_000051.4(ATM):c.7703G>A (p.Arg2568Lys)","chr11","108331952","G/A","ATM","0.379","dataset0081","Missense","Neutral to the ATM-mediated anti-cell growth in MCF10A","ATM-mediated anti-cell growth","5","Functionally normal","Uncertain significance","","NA","CRISPR-Based Genome Editing","Base editing","33606978"
"NM_000051.4(ATM):c.7705G>A (p.Asp2569Asn)","chr11","108331954","G/A","ATM","0.379","dataset0081","Missense","Neutral to the ATM-mediated anti-cell growth in MCF10A","ATM-mediated anti-cell growth","5","Functionally normal","Uncertain significance","6.19573e-07","NA","CRISPR-Based Genome Editing","Base editing","33606978"
"NM_000051.4(ATM):c.7739G>A (p.Arg2580Lys)","chr11","108331988","G/A","ATM","0.222","dataset0081","Missense","Neutral to the ATM-mediated anti-cell growth in MCF10A","ATM-mediated anti-cell growth","5","Functionally normal","Conflicting classifications of pathogenicity","2.47826e-06","NA","CRISPR-Based Genome Editing","Base editing","33606978"
"NM_000051.4(ATM):c.7742G>A (p.Ser2581Asn)","chr11","108331991","G/A","ATM","0.222","dataset0081","Missense","Neutral to the ATM-mediated anti-cell growth in MCF10A","ATM-mediated anti-cell growth","5","Functionally normal","Uncertain significance","","NA","CRISPR-Based Genome Editing","Base editing","33606978"
"NM_000051.4(ATM):c.7856G>A (p.Ser2619Asn)","chr11","108332829","G/A","ATM","-0.179","dataset0081","Missense","Neutral to the ATM-mediated anti-cell growth in MCF10A","ATM-mediated anti-cell growth","5","Functionally normal","","","NA","CRISPR-Based Genome Editing","Base editing","33606978"
"NM_000051.4(ATM):c.7858G>A (p.Val2620Ile)","chr11","108332831","G/A","ATM","-0.179","dataset0081","Missense","Neutral to the ATM-mediated anti-cell growth in MCF10A","ATM-mediated anti-cell growth","5","Functionally normal","","","NA","CRISPR-Based Genome Editing","Base editing","33606978"
"NM_000051.4(ATM):c.7993_7994delinsTT (p.Pro2665Phe)","chr11","108333951","CC/TT","ATM","-0.26","dataset0081","Missense","Neutral to the ATM-mediated anti-cell growth in MCF10A","ATM-mediated anti-cell growth","5","Functionally normal","","","NA","CRISPR-Based Genome Editing","Base editing","33606978"
"NM_000051.4(ATM):c.7993C>T (p.Pro2665Ser)","chr11","108333951","C/T","ATM","-0.26","dataset0081","Missense","Neutral to the ATM-mediated anti-cell growth in MCF10A","ATM-mediated anti-cell growth","5","Functionally normal","","","NA","CRISPR-Based Genome Editing","Base editing","33606978"
"NM_000051.4(ATM):c.7994C>T (p.Pro2665Leu)","chr11","108333952","C/T","ATM","-0.26","dataset0081","Missense","Neutral to the ATM-mediated anti-cell growth in MCF10A","ATM-mediated anti-cell growth","5","Functionally normal","Uncertain significance","","NA","CRISPR-Based Genome Editing","Base editing","33606978"
"NM_000051.4(ATM):c.8017C>T (p.His2673Tyr)","chr11","108334975","C/T","ATM","-0.351","dataset0081","Missense","Neutral to the ATM-mediated anti-cell growth in MCF10A","ATM-mediated anti-cell growth","5","Functionally normal","Uncertain significance","","NA","CRISPR-Based Genome Editing","Base editing","33606978"
"NM_000051.4(ATM):c.8021C>T (p.Thr2674Ile)","chr11","108334979","C/T","ATM","0.141","dataset0081","Missense","Neutral to the ATM-mediated anti-cell growth in MCF10A","ATM-mediated anti-cell growth","5","Functionally normal","Uncertain significance","","NA","CRISPR-Based Genome Editing","Base editing","33606978"
"NM_000051.4(ATM):c.8032_8033delinsAA (p.Gly2678Lys)","chr11","108334990","GG/AA","ATM","-0.261","dataset0081","Missense","Neutral to the ATM-mediated anti-cell growth in MCF10A","ATM-mediated anti-cell growth","5","Functionally normal","","","NA","CRISPR-Based Genome Editing","Base editing","33606978"
"NM_000051.4(ATM):c.8032G>A (p.Gly2678Arg)","chr11","108334990","G/A","ATM","-0.261","dataset0081","Missense","Neutral to the ATM-mediated anti-cell growth in MCF10A","ATM-mediated anti-cell growth","5","Functionally normal","Conflicting classifications of pathogenicity","4.95814e-06","NA","CRISPR-Based Genome Editing","Base editing","33606978"
"NM_000051.4(ATM):c.8033G>A (p.Gly2678Glu)","chr11","108334991","G/A","ATM","-0.261","dataset0081","Missense","Neutral to the ATM-mediated anti-cell growth in MCF10A","ATM-mediated anti-cell growth","5","Functionally normal","Likely benign","","NA","CRISPR-Based Genome Editing","Base editing","33606978"
"NM_000051.4(ATM):c.8063C>T (p.Ala2688Val)","chr11","108335021","C/T","ATM","0.555","dataset0081","Missense","Neutral to the ATM-mediated anti-cell growth in MCF10A","ATM-mediated anti-cell growth","5","Functionally normal","Uncertain significance","1.23926e-06","NA","CRISPR-Based Genome Editing","Base editing","33606978"
"NM_000051.4(ATM):c.8111G>A (p.Cys2704Tyr)","chr11","108335069","G/A","ATM","-0.291","dataset0081","Missense","Neutral to the ATM-mediated anti-cell growth in MCF10A","ATM-mediated anti-cell growth","5","Functionally normal","Uncertain significance","1.23907e-06","NA","CRISPR-Based Genome Editing","Base editing","33606978"
"NM_000051.4(ATM):c.8113G>A (p.Val2705Ile)","chr11","108335071","G/A","ATM","-0.291","dataset0081","Missense","Neutral to the ATM-mediated anti-cell growth in MCF10A","ATM-mediated anti-cell growth","5","Functionally normal","Conflicting classifications of pathogenicity","9.91328e-06","NA","CRISPR-Based Genome Editing","Base editing","33606978"
"NM_000051.4(ATM):c.8120C>T (p.Ser2707Phe)","chr11","108335078","C/T","ATM","-1.7","dataset0081","Missense","The reduced ATM-mediated anti-cell growth in MCF10A","ATM-mediated anti-cell growth","5","Loss-of-function","Uncertain significance","","NA","CRISPR-Based Genome Editing","Base editing","33606978"
"NM_000051.4(ATM):c.8135G>A (p.Arg2712Lys)","chr11","108335093","G/A","ATM","-0.855","dataset0081","Missense","Neutral to the ATM-mediated anti-cell growth in MCF10A","ATM-mediated anti-cell growth","5","Functionally normal","Uncertain significance","","NA","CRISPR-Based Genome Editing","Base editing","33606978"
"NM_000051.4(ATM):c.8138G>A (p.Arg2713Lys)","chr11","108335096","G/A","ATM","-0.855","dataset0081","Missense","Neutral to the ATM-mediated anti-cell growth in MCF10A","ATM-mediated anti-cell growth","5","Functionally normal","Uncertain significance","6.19556e-07","blca:0.5% (2/411):0.315","CRISPR-Based Genome Editing","Base editing","33606978"
"NM_000051.4(ATM):c.8173G>A (p.Asp2725Asn)","chr11","108335866","G/A","ATM","-0.488","dataset0081","Missense","Neutral to the ATM-mediated anti-cell growth in MCF10A","ATM-mediated anti-cell growth","5","Functionally normal","Uncertain significance","","NA","CRISPR-Based Genome Editing","Base editing","33606978"
"NM_000051.4(ATM):c.8179G>A (p.Val2727Ile)","chr11","108335872","G/A","ATM","-0.076","dataset0081","Missense","Neutral to the ATM-mediated anti-cell growth in MCF10A","ATM-mediated anti-cell growth","5","Functionally normal","","","NA","CRISPR-Based Genome Editing","Base editing","33606978"
"NM_000051.4(ATM):c.8210C>T (p.Thr2737Ile)","chr11","108335903","C/T","ATM","-0.604","dataset0081","Missense","Neutral to the ATM-mediated anti-cell growth in MCF10A","ATM-mediated anti-cell growth","5","Functionally normal","Uncertain significance","","ucec:0.2% (1/529):0.270","CRISPR-Based Genome Editing","Base editing","33606978"
"NM_000051.4(ATM):c.8218C>T (p.Gln2740Ter)","chr11","108335911","C/T","ATM","-0.025","dataset0081","Nonsense","Neutral to the ATM-mediated anti-cell growth in MCF10A","ATM-mediated anti-cell growth","5","Functionally normal","Pathogenic","","NA","CRISPR-Based Genome Editing","Base editing","33606978"
"NM_000051.4(ATM):c.8228C>T (p.Thr2743Met)","chr11","108335921","C/T","ATM","-0.309","dataset0081","Missense","Neutral to the ATM-mediated anti-cell growth in MCF10A","ATM-mediated anti-cell growth","5","Functionally normal","Uncertain significance","1.2394e-05","coad:0.2% (1/439):0.220","CRISPR-Based Genome Editing","Base editing","33606978"
"NM_000051.4(ATM):c.8252C>T (p.Thr2751Ile)","chr11","108335945","C/T","ATM","-0.171","dataset0081","Missense","Neutral to the ATM-mediated anti-cell growth in MCF10A","ATM-mediated anti-cell growth","5","Functionally normal","Uncertain significance","6.21372e-07","NA","CRISPR-Based Genome Editing","Base editing","33606978"
"NM_000051.4(ATM):c.8275_8276delinsTT (p.Pro2759Phe)","chr11","108343228","CC/TT","ATM","-1.012","dataset0081","Missense","The reduced ATM-mediated anti-cell growth in MCF10A","ATM-mediated anti-cell growth","5","Loss-of-function","","","NA","CRISPR-Based Genome Editing","Base editing","33606978"
"NM_000051.4(ATM):c.8275C>T (p.Pro2759Ser)","chr11","108343228","C/T","ATM","-1.012","dataset0081","Missense","The reduced ATM-mediated anti-cell growth in MCF10A","ATM-mediated anti-cell growth","5","Loss-of-function","Uncertain significance","1.85899e-06","skcm:0.2% (1/448):0.380","CRISPR-Based Genome Editing","Base editing","33606978"
"NM_000051.4(ATM):c.8276C>T (p.Pro2759Leu)","chr11","108343229","C/T","ATM","-1.012","dataset0081","Missense","The reduced ATM-mediated anti-cell growth in MCF10A","ATM-mediated anti-cell growth","5","Loss-of-function","Uncertain significance","","NA","CRISPR-Based Genome Editing","Base editing","33606978"
"NM_000051.4(ATM):c.8278C>T (p.Leu2760Phe)","chr11","108343231","C/T","ATM","-1.012","dataset0081","Missense","The reduced ATM-mediated anti-cell growth in MCF10A","ATM-mediated anti-cell growth","5","Loss-of-function","Uncertain significance","1.85883e-06","NA","CRISPR-Based Genome Editing","Base editing","33606978"
"NM_000051.4(ATM):c.8287C>T (p.Arg2763Ter)","chr11","108343240","C/T","ATM","-0.018","dataset0081","Nonsense","Neutral to the ATM-mediated anti-cell growth in MCF10A","ATM-mediated anti-cell growth","5","Functionally normal","Pathogenic","2.47868e-06","stad:0.2% (1/440):0.220;ucec:0.2% (1/529):0.210","CRISPR-Based Genome Editing","Base editing","33606978"
"NM_000051.4(ATM):c.8291G>A (p.Ser2764Asn)","chr11","108343244","G/A","ATM","-1.362","dataset0081","Missense","The reduced ATM-mediated anti-cell growth in MCF10A","ATM-mediated anti-cell growth","5","Loss-of-function","","","NA","CRISPR-Based Genome Editing","Base editing","33606978"
"NM_000051.4(ATM):c.8293_8294delinsAA (p.Gly2765Asn)","chr11","108343246","GG/AA","ATM","-1.342","dataset0081","Missense","The reduced ATM-mediated anti-cell growth in MCF10A","ATM-mediated anti-cell growth","5","Loss-of-function","","","NA","CRISPR-Based Genome Editing","Base editing","33606978"
"NM_000051.4(ATM):c.8293G>A (p.Gly2765Ser)","chr11","108343246","G/A","ATM","-1.342","dataset0081","Missense","The reduced ATM-mediated anti-cell growth in MCF10A","ATM-mediated anti-cell growth","5","Loss-of-function","Pathogenic/Likely pathogenic","4.33716e-06","kirp:0.4% (1/283):0.060","CRISPR-Based Genome Editing","Base editing","33606978"
"NM_000051.4(ATM):c.8294G>A (p.Gly2765Asp)","chr11","108343247","G/A","ATM","-1.342","dataset0081","Missense","The reduced ATM-mediated anti-cell growth in MCF10A","ATM-mediated anti-cell growth","5","Loss-of-function","Conflicting classifications of pathogenicity","6.19586e-07","NA","CRISPR-Based Genome Editing","Base editing","33606978"
"NM_000051.4(ATM):c.8296G>A (p.Val2766Ile)","chr11","108343249","G/A","ATM","-1.403","dataset0081","Missense","The reduced ATM-mediated anti-cell growth in MCF10A","ATM-mediated anti-cell growth","5","Loss-of-function","Uncertain significance","6.19576e-07","NA","CRISPR-Based Genome Editing","Base editing","33606978"
"NM_000051.4(ATM):c.8299C>T (p.Leu2767Phe)","chr11","108343252","C/T","ATM","-0.359","dataset0081","Missense","Neutral to the ATM-mediated anti-cell growth in MCF10A","ATM-mediated anti-cell growth","5","Functionally normal","Uncertain significance","","NA","CRISPR-Based Genome Editing","Base editing","33606978"
"NM_000051.4(ATM):c.8312C>T (p.Thr2771Ile)","chr11","108343265","C/T","ATM","-0.273","dataset0081","Missense","Neutral to the ATM-mediated anti-cell growth in MCF10A","ATM-mediated anti-cell growth","5","Functionally normal","Uncertain significance","2.47839e-06","NA","CRISPR-Based Genome Editing","Base editing","33606978"
"NM_000051.4(ATM):c.8338C>T (p.Leu2780Phe)","chr11","108343291","C/T","ATM","-0.746","dataset0081","Missense","Neutral to the ATM-mediated anti-cell growth in MCF10A","ATM-mediated anti-cell growth","5","Functionally normal","","","NA","CRISPR-Based Genome Editing","Base editing","33606978"
"NM_000051.4(ATM):c.8341G>A (p.Val2781Ile)","chr11","108343294","G/A","ATM","-0.138","dataset0081","Missense","Neutral to the ATM-mediated anti-cell growth in MCF10A","ATM-mediated anti-cell growth","5","Functionally normal","","","NA","CRISPR-Based Genome Editing","Base editing","33606978"
"NM_000051.4(ATM):c.8392G>A (p.Ala2798Thr)","chr11","108343345","G/A","ATM","-0.479","dataset0081","Missense","Neutral to the ATM-mediated anti-cell growth in MCF10A","ATM-mediated anti-cell growth","5","Functionally normal","","","NA","CRISPR-Based Genome Editing","Base editing","33606978"
"NM_000051.4(ATM):c.8404C>T (p.Gln2802Ter)","chr11","108343357","C/T","ATM","-0.744","dataset0081","Nonsense","Neutral to the ATM-mediated anti-cell growth in MCF10A","ATM-mediated anti-cell growth","5","Functionally normal","","","NA","CRISPR-Based Genome Editing","Base editing","33606978"
"NM_000051.4(ATM):c.8418G>A (p.Met2806Ile)","chr11","108343371","G/A","ATM","0.084","dataset0081","Missense","Neutral to the ATM-mediated anti-cell growth in MCF10A","ATM-mediated anti-cell growth","5","Functionally normal","Conflicting classifications of pathogenicity","","NA","CRISPR-Based Genome Editing","Base editing","33606978"
"NM_000051.4(ATM):c.8488G>A (p.Val2830Ile)","chr11","108345812","G/A","ATM","-0.307","dataset0081","Missense","Neutral to the ATM-mediated anti-cell growth in MCF10A","ATM-mediated anti-cell growth","5","Functionally normal","","","NA","CRISPR-Based Genome Editing","Base editing","33606978"
"NM_000051.4(ATM):c.8494C>T (p.Arg2832Cys)","chr11","108345818","C/T","ATM","-0.211","dataset0081","Missense","Neutral to the ATM-mediated anti-cell growth in MCF10A","ATM-mediated anti-cell growth","5","Functionally normal","Likely pathogenic","1.85912e-05","luad:0.2% (1/566):0.240;stad:0.2% (1/440):0.200;ucec:0.2% (1/529):0.350","CRISPR-Based Genome Editing","Base editing","33606978"
"NM_000051.4(ATM):c.8504G>A (p.Cys2835Tyr)","chr11","108345828","G/A","ATM","0.329","dataset0081","Missense","Neutral to the ATM-mediated anti-cell growth in MCF10A","ATM-mediated anti-cell growth","5","Functionally normal","Uncertain significance","6.19644e-07","NA","CRISPR-Based Genome Editing","Base editing","33606978"
"NM_000051.4(ATM):c.8508G>A (p.Met2836Ile)","chr11","108345832","G/A","ATM","-0.358","dataset0081","Missense","Neutral to the ATM-mediated anti-cell growth in MCF10A","ATM-mediated anti-cell growth","5","Functionally normal","Uncertain significance","6.19629e-07","NA","CRISPR-Based Genome Editing","Base editing","33606978"
"NM_000051.4(ATM):c.8509G>A (p.Glu2837Lys)","chr11","108345833","G/A","ATM","-0.358","dataset0081","Missense","Neutral to the ATM-mediated anti-cell growth in MCF10A","ATM-mediated anti-cell growth","5","Functionally normal","","","NA","CRISPR-Based Genome Editing","Base editing","33606978"
"NM_000051.4(ATM):c.8539G>A (p.Glu2847Lys)","chr11","108345863","G/A","ATM","0.049","dataset0081","Missense","Neutral to the ATM-mediated anti-cell growth in MCF10A","ATM-mediated anti-cell growth","5","Functionally normal","Uncertain significance","","NA","CRISPR-Based Genome Editing","Base editing","33606978"
"NM_000051.4(ATM):c.8570C>T (p.Ala2857Val)","chr11","108345894","C/T","ATM","-0.334","dataset0081","Missense","Neutral to the ATM-mediated anti-cell growth in MCF10A","ATM-mediated anti-cell growth","5","Functionally normal","","","NA","CRISPR-Based Genome Editing","Base editing","33606978"
"NM_000051.4(ATM):c.8599_8600delinsAA (p.Gly2867Lys)","chr11","108347293","GG/AA","ATM","-0.89","dataset0081","Missense","Neutral to the ATM-mediated anti-cell growth in MCF10A","ATM-mediated anti-cell growth","5","Functionally normal","","","NA","CRISPR-Based Genome Editing","Base editing","33606978"
"NM_000051.4(ATM):c.8599G>A (p.Gly2867Arg)","chr11","108347293","G/A","ATM","-0.89","dataset0081","Missense","Neutral to the ATM-mediated anti-cell growth in MCF10A","ATM-mediated anti-cell growth","5","Functionally normal","","1.24224e-06","NA","CRISPR-Based Genome Editing","Base editing","33606978"
"NM_000051.4(ATM):c.8600G>A (p.Gly2867Glu)","chr11","108347294","G/A","ATM","-0.89","dataset0081","Missense","Neutral to the ATM-mediated anti-cell growth in MCF10A","ATM-mediated anti-cell growth","5","Functionally normal","Uncertain significance","","NA","CRISPR-Based Genome Editing","Base editing","33606978"
"NM_000051.4(ATM):c.8653C>T (p.Leu2885Phe)","chr11","108347347","C/T","ATM","-0.212","dataset0081","Missense","Neutral to the ATM-mediated anti-cell growth in MCF10A","ATM-mediated anti-cell growth","5","Functionally normal","Uncertain significance","1.24541e-06","NA","CRISPR-Based Genome Editing","Base editing","33606978"
"NM_000051.4(ATM):c.8716G>A (p.Val2906Ile)","chr11","108353810","G/A","ATM","-0.735","dataset0081","Missense","Neutral to the ATM-mediated anti-cell growth in MCF10A","ATM-mediated anti-cell growth","5","Functionally normal","Uncertain significance","8.67421e-06","NA","CRISPR-Based Genome Editing","Base editing","33606978"
"NM_000051.4(ATM):c.8726G>A (p.Arg2909Lys)","chr11","108353820","G/A","ATM","-0.447","dataset0081","Missense","Neutral to the ATM-mediated anti-cell growth in MCF10A","ATM-mediated anti-cell growth","5","Functionally normal","Uncertain significance","6.19566e-07","NA","CRISPR-Based Genome Editing","Base editing","33606978"
"NM_000051.4(ATM):c.8728C>T (p.Leu2910Phe)","chr11","108353822","C/T","ATM","-0.722","dataset0081","Missense","Neutral to the ATM-mediated anti-cell growth in MCF10A","ATM-mediated anti-cell growth","5","Functionally normal","Uncertain significance","6.19553e-07","NA","CRISPR-Based Genome Editing","Base editing","33606978"
"NM_000051.4(ATM):c.8732C>T (p.Thr2911Ile)","chr11","108353826","C/T","ATM","-1.592","dataset0081","Missense","The reduced ATM-mediated anti-cell growth in MCF10A","ATM-mediated anti-cell growth","5","Loss-of-function","Conflicting classifications of pathogenicity","","NA","CRISPR-Based Genome Editing","Base editing","33606978"
"NM_000051.4(ATM):c.8735G>A (p.Arg2912Lys)","chr11","108353829","G/A","ATM","-0.464","dataset0081","Missense","Neutral to the ATM-mediated anti-cell growth in MCF10A","ATM-mediated anti-cell growth","5","Functionally normal","","6.19546e-07","NA","CRISPR-Based Genome Editing","Base editing","33606978"
"NM_000051.4(ATM):c.8737G>A (p.Asp2913Asn)","chr11","108353831","G/A","ATM","-0.464","dataset0081","Missense","Neutral to the ATM-mediated anti-cell growth in MCF10A","ATM-mediated anti-cell growth","5","Functionally normal","","","NA","CRISPR-Based Genome Editing","Base editing","33606978"
"NM_000051.4(ATM):c.8749_8750delinsAA (p.Gly2917Asn)","chr11","108353843","GG/AA","ATM","-0.058","dataset0081","Missense","Neutral to the ATM-mediated anti-cell growth in MCF10A","ATM-mediated anti-cell growth","5","Functionally normal","","","NA","CRISPR-Based Genome Editing","Base editing","33606978"
"NM_000051.4(ATM):c.8749G>A (p.Gly2917Ser)","chr11","108353843","G/A","ATM","-0.058","dataset0081","Missense","Neutral to the ATM-mediated anti-cell growth in MCF10A","ATM-mediated anti-cell growth","5","Functionally normal","Uncertain significance","","NA","CRISPR-Based Genome Editing","Base editing","33606978"
"NM_000051.4(ATM):c.8750G>A (p.Gly2917Asp)","chr11","108353844","G/A","ATM","-0.058","dataset0081","Missense","Neutral to the ATM-mediated anti-cell growth in MCF10A","ATM-mediated anti-cell growth","5","Functionally normal","Uncertain significance","","NA","CRISPR-Based Genome Editing","Base editing","33606978"
"NM_000051.4(ATM):c.8816G>A (p.Arg2939Lys)","chr11","108354840","G/A","ATM","0.486","dataset0081","Missense","Neutral to the ATM-mediated anti-cell growth in MCF10A","ATM-mediated anti-cell growth","5","Functionally normal","","","NA","CRISPR-Based Genome Editing","Base editing","33606978"
"NM_000051.4(ATM):c.8831C>T (p.Thr2944Ile)","chr11","108354855","C/T","ATM","-0.355","dataset0081","Missense","Neutral to the ATM-mediated anti-cell growth in MCF10A","ATM-mediated anti-cell growth","5","Functionally normal","Uncertain significance","","NA","CRISPR-Based Genome Editing","Base editing","33606978"
"NM_000051.4(ATM):c.8886G>A (p.Met2962Ile)","chr11","108365117","G/A","ATM","-0.156","dataset0081","Missense","Neutral to the ATM-mediated anti-cell growth in MCF10A","ATM-mediated anti-cell growth","5","Functionally normal","Uncertain significance","","NA","CRISPR-Based Genome Editing","Base editing","33606978"
"NM_000051.4(ATM):c.8899G>A (p.Ala2967Thr)","chr11","108365130","G/A","ATM","-0.443","dataset0081","Missense","Neutral to the ATM-mediated anti-cell growth in MCF10A","ATM-mediated anti-cell growth","5","Functionally normal","","","NA","CRISPR-Based Genome Editing","Base editing","33606978"
"NM_000051.4(ATM):c.8900C>T (p.Ala2967Val)","chr11","108365131","C/T","ATM","-0.136","dataset0081","Missense","Neutral to the ATM-mediated anti-cell growth in MCF10A","ATM-mediated anti-cell growth","5","Functionally normal","Uncertain significance","","NA","CRISPR-Based Genome Editing","Base editing","33606978"
"NM_000051.4(ATM):c.8935G>A (p.Glu2979Lys)","chr11","108365166","G/A","ATM","0.243","dataset0081","Missense","Neutral to the ATM-mediated anti-cell growth in MCF10A","ATM-mediated anti-cell growth","5","Functionally normal","","","NA","CRISPR-Based Genome Editing","Base editing","33606978"
"NM_000051.4(ATM):c.8959G>A (p.Asp2987Asn)","chr11","108365190","G/A","ATM","0.058","dataset0081","Missense","Neutral to the ATM-mediated anti-cell growth in MCF10A","ATM-mediated anti-cell growth","5","Functionally normal","","6.19496e-07","NA","CRISPR-Based Genome Editing","Base editing","33606978"
"NM_000051.4(ATM):c.8962G>A (p.Asp2988Asn)","chr11","108365193","G/A","ATM","0.058","dataset0081","Missense","Neutral to the ATM-mediated anti-cell growth in MCF10A","ATM-mediated anti-cell growth","5","Functionally normal","Uncertain significance","6.195e-07","hnsc:0.2% (1/523):0.070","CRISPR-Based Genome Editing","Base editing","33606978"
"NM_000051.4(ATM):c.9002G>A (p.Ser3001Asn)","chr11","108365339","G/A","ATM","-0.742","dataset0081","Missense","Neutral to the ATM-mediated anti-cell growth in MCF10A","ATM-mediated anti-cell growth","5","Functionally normal","Conflicting classifications of pathogenicity","6.19496e-06","NA","CRISPR-Based Genome Editing","Base editing","33606978"
"NM_000051.4(ATM):c.9013G>A (p.Val3005Ile)","chr11","108365350","G/A","ATM","-0.011","dataset0081","Missense","Neutral to the ATM-mediated anti-cell growth in MCF10A","ATM-mediated anti-cell growth","5","Functionally normal","Likely benign","","NA","CRISPR-Based Genome Editing","Base editing","33606978"
"NM_000051.4(ATM):c.9016G>A (p.Ala3006Thr)","chr11","108365353","G/A","ATM","-0.011","dataset0081","Missense","Neutral to the ATM-mediated anti-cell growth in MCF10A","ATM-mediated anti-cell growth","5","Functionally normal","Uncertain significance","","NA","CRISPR-Based Genome Editing","Base editing","33606978"
"NM_000051.4(ATM):c.9040C>T (p.Gln3014Ter)","chr11","108365377","C/T","ATM","-0.675","dataset0081","Nonsense","Neutral to the ATM-mediated anti-cell growth in MCF10A","ATM-mediated anti-cell growth","5","Functionally normal","Pathogenic/Likely pathogenic","","NA","CRISPR-Based Genome Editing","Base editing","33606978"
"NM_000051.4(ATM):c.9071C>T (p.Thr3024Ile)","chr11","108365408","C/T","ATM","-0.079","dataset0081","Missense","Neutral to the ATM-mediated anti-cell growth in MCF10A","ATM-mediated anti-cell growth","5","Functionally normal","Uncertain significance","8.67374e-06","NA","CRISPR-Based Genome Editing","Base editing","33606978"
"NM_000051.4(ATM):c.9133C>T (p.Leu3045Phe)","chr11","108365470","C/T","ATM","-0.567","dataset0081","Missense","Neutral to the ATM-mediated anti-cell growth in MCF10A","ATM-mediated anti-cell growth","5","Functionally normal","Uncertain significance","","NA","CRISPR-Based Genome Editing","Base editing","33606978"
"NM_000051.4(ATM):c.9139C>T (p.Arg3047Ter)","chr11","108365476","C/T","ATM","-0.048","dataset0081","Nonsense","Neutral to the ATM-mediated anti-cell growth in MCF10A","ATM-mediated anti-cell growth","5","Functionally normal","Pathogenic","1.61092e-05","brca:0.1% (1/1084):0.400;ucec:0.2% (1/529):0.230","CRISPR-Based Genome Editing","Base editing","33606978"
"NM_000051.4(ATM):c.9140G>A (p.Arg3047Gln)","chr11","108365477","G/A","ATM","-0.534","dataset0081","Missense","Neutral to the ATM-mediated anti-cell growth in MCF10A","ATM-mediated anti-cell growth","5","Functionally normal","Uncertain significance","6.19518e-07","NA","CRISPR-Based Genome Editing","Base editing","33606978"
"NM_000051.4(ATM):c.9148C>T (p.Pro3050Ser)","chr11","108365485","C/T","ATM","-0.217","dataset0081","Missense","Neutral to the ATM-mediated anti-cell growth in MCF10A","ATM-mediated anti-cell growth","5","Functionally normal","Uncertain significance","","NA","CRISPR-Based Genome Editing","Base editing","33606978"
"NM_000051.4(ATM):c.9149C>T (p.Pro3050Leu)","chr11","108365486","C/T","ATM","-0.217","dataset0081","Missense","Neutral to the ATM-mediated anti-cell growth in MCF10A","ATM-mediated anti-cell growth","5","Functionally normal","Uncertain significance","1.05326e-05","NA","CRISPR-Based Genome Editing","Base editing","33606978"
"NM_000051.4(ATM):c.9155G>A (p.Trp3052Ter)","chr11","108365492","G/A","ATM","-0.818","dataset0081","Nonsense","Neutral to the ATM-mediated anti-cell growth in MCF10A","ATM-mediated anti-cell growth","5","Functionally normal","Uncertain significance","","NA","CRISPR-Based Genome Editing","Base editing","33606978"
"NM_000051.4(ATM):c.9164G>A (p.Trp3055Ter)","chr11","108365501","G/A","ATM","-0.289","dataset0081","Nonsense","Neutral to the ATM-mediated anti-cell growth in MCF10A","ATM-mediated anti-cell growth","5","Functionally normal","Uncertain significance","","NA","CRISPR-Based Genome Editing","Base editing","33606978"
"NM_000051.4(ATM):c.9166G>A (p.Val3056Met)","chr11","108365503","G/A","ATM","-0.289","dataset0081","Missense","Neutral to the ATM-mediated anti-cell growth in MCF10A","ATM-mediated anti-cell growth","5","Functionally normal","Uncertain significance","","NA","CRISPR-Based Genome Editing","Base editing","33606978"
"NM_000051.4(ATM):c.19G>A (p.Asp7Asn)","chr11","108227643","G/A","ATM","-0.171","dataset0082","Missense","Neutral to the ATM-mediated anti-cell growth with Doxorubicin in MCF10A","ATM-mediated anti-cell growth with Doxorubicin","5","Functionally normal","","","NA","CRISPR-Based Genome Editing","Base editing","33606978"
"NM_000051.4(ATM):c.52G>A (p.Asp18Asn)","chr11","108227676","G/A","ATM","0.222","dataset0082","Missense","Neutral to the ATM-mediated anti-cell growth with Doxorubicin in MCF10A","ATM-mediated anti-cell growth with Doxorubicin","5","Functionally normal","Uncertain significance","","NA","CRISPR-Based Genome Editing","Base editing","33606978"
"NM_000051.4(ATM):c.56G>A (p.Arg19Lys)","chr11","108227680","G/A","ATM","0.222","dataset0082","Missense","Neutral to the ATM-mediated anti-cell growth with Doxorubicin in MCF10A","ATM-mediated anti-cell growth with Doxorubicin","5","Functionally normal","Conflicting classifications of pathogenicity","","NA","CRISPR-Based Genome Editing","Base editing","33606978"
"NM_000051.4(ATM):c.112G>A (p.Glu38Lys)","chr11","108227815","G/A","ATM","0.587","dataset0082","Missense","Neutral to the ATM-mediated anti-cell growth with Doxorubicin in MCF10A","ATM-mediated anti-cell growth with Doxorubicin","5","Functionally normal","Uncertain significance","","NA","CRISPR-Based Genome Editing","Base editing","33606978"
"NM_000051.4(ATM):c.116C>T (p.Thr39Ile)","chr11","108227819","C/T","ATM","0.417","dataset0082","Missense","Neutral to the ATM-mediated anti-cell growth with Doxorubicin in MCF10A","ATM-mediated anti-cell growth with Doxorubicin","5","Functionally normal","Uncertain significance","","NA","CRISPR-Based Genome Editing","Base editing","33606978"
"NM_000051.4(ATM):c.136C>T (p.His46Tyr)","chr11","108227839","C/T","ATM","-0.785","dataset0082","Missense","Neutral to the ATM-mediated anti-cell growth with Doxorubicin in MCF10A","ATM-mediated anti-cell growth with Doxorubicin","5","Functionally normal","","","NA","CRISPR-Based Genome Editing","Base editing","33606978"
"NM_000051.4(ATM):c.140C>T (p.Ser47Leu)","chr11","108227843","C/T","ATM","-0.785","dataset0082","Missense","Neutral to the ATM-mediated anti-cell growth with Doxorubicin in MCF10A","ATM-mediated anti-cell growth with Doxorubicin","5","Functionally normal","Uncertain significance","","NA","CRISPR-Based Genome Editing","Base editing","33606978"
"NM_000051.4(ATM):c.151C>T (p.Gln51Ter)","chr11","108227854","C/T","ATM","-1.204","dataset0082","Nonsense","Neutral to the ATM-mediated anti-cell growth with Doxorubicin in MCF10A","ATM-mediated anti-cell growth with Doxorubicin","5","Functionally normal","Pathogenic","6.19858e-07","NA","CRISPR-Based Genome Editing","Base editing","33606978"
"NM_000051.4(ATM):c.251C>T (p.Ala84Val)","chr11","108229243","C/T","ATM","-1.111","dataset0082","Missense","Neutral to the ATM-mediated anti-cell growth with Doxorubicin in MCF10A","ATM-mediated anti-cell growth with Doxorubicin","5","Functionally normal","Conflicting classifications of pathogenicity","1.23949e-06","NA","CRISPR-Based Genome Editing","Base editing","33606978"
"NM_000051.4(ATM):c.254C>T (p.Ser85Leu)","chr11","108229246","C/T","ATM","-1.111","dataset0082","Missense","Neutral to the ATM-mediated anti-cell growth with Doxorubicin in MCF10A","ATM-mediated anti-cell growth with Doxorubicin","5","Functionally normal","","","NA","CRISPR-Based Genome Editing","Base editing","33606978"
"NM_000051.4(ATM):c.266C>T (p.Ser89Phe)","chr11","108229258","C/T","ATM","-1.16","dataset0082","Missense","Neutral to the ATM-mediated anti-cell growth with Doxorubicin in MCF10A","ATM-mediated anti-cell growth with Doxorubicin","5","Functionally normal","Uncertain significance","","NA","CRISPR-Based Genome Editing","Base editing","33606978"
"NM_000051.4(ATM):c.269G>A (p.Arg90Lys)","chr11","108229261","G/A","ATM","-0.41","dataset0082","Missense","Neutral to the ATM-mediated anti-cell growth with Doxorubicin in MCF10A","ATM-mediated anti-cell growth with Doxorubicin","5","Functionally normal","","6.19689e-07","NA","CRISPR-Based Genome Editing","Base editing","33606978"
"NM_000051.4(ATM):c.271C>T (p.Gln91Ter)","chr11","108229263","C/T","ATM","-1.16","dataset0082","Nonsense","Neutral to the ATM-mediated anti-cell growth with Doxorubicin in MCF10A","ATM-mediated anti-cell growth with Doxorubicin","5","Functionally normal","Pathogenic","","NA","CRISPR-Based Genome Editing","Base editing","33606978"
"NM_000051.4(ATM):c.282G>A (p.Met94Ile)","chr11","108229274","G/A","ATM","0.062","dataset0082","Missense","Neutral to the ATM-mediated anti-cell growth with Doxorubicin in MCF10A","ATM-mediated anti-cell growth with Doxorubicin","5","Functionally normal","Uncertain significance","","NA","CRISPR-Based Genome Editing","Base editing","33606978"
"NM_000051.4(ATM):c.283C>T (p.Gln95Ter)","chr11","108229275","C/T","ATM","0.194","dataset0082","Nonsense","Neutral to the ATM-mediated anti-cell growth with Doxorubicin in MCF10A","ATM-mediated anti-cell growth with Doxorubicin","5","Functionally normal","Pathogenic/Likely pathogenic","6.19792e-07","NA","CRISPR-Based Genome Editing","Base editing","33606978"
"NM_000051.4(ATM):c.286G>A (p.Glu96Lys)","chr11","108229278","G/A","ATM","0.463","dataset0082","Missense","Neutral to the ATM-mediated anti-cell growth with Doxorubicin in MCF10A","ATM-mediated anti-cell growth with Doxorubicin","5","Functionally normal","Uncertain significance","","NA","CRISPR-Based Genome Editing","Base editing","33606978"
"NM_000051.4(ATM):c.355G>A (p.Glu119Lys)","chr11","108235693","G/A","ATM","0.138","dataset0082","Missense","Neutral to the ATM-mediated anti-cell growth with Doxorubicin in MCF10A","ATM-mediated anti-cell growth with Doxorubicin","5","Functionally normal","","","NA","CRISPR-Based Genome Editing","Base editing","33606978"
"NM_000051.4(ATM):c.358C>T (p.Leu120Phe)","chr11","108235696","C/T","ATM","-1.092","dataset0082","Missense","Neutral to the ATM-mediated anti-cell growth with Doxorubicin in MCF10A","ATM-mediated anti-cell growth with Doxorubicin","5","Functionally normal","","","NA","CRISPR-Based Genome Editing","Base editing","33606978"
"NM_000051.4(ATM):c.395C>T (p.Ser132Phe)","chr11","108235733","C/T","ATM","-0.022","dataset0082","Missense","Neutral to the ATM-mediated anti-cell growth with Doxorubicin in MCF10A","ATM-mediated anti-cell growth with Doxorubicin","5","Functionally normal","Uncertain significance","6.2022e-06","NA","CRISPR-Based Genome Editing","Base editing","33606978"
"NM_000051.4(ATM):c.448C>T (p.Leu150Phe)","chr11","108235786","C/T","ATM","-0.227","dataset0082","Missense","Neutral to the ATM-mediated anti-cell growth with Doxorubicin in MCF10A","ATM-mediated anti-cell growth with Doxorubicin","5","Functionally normal","Uncertain significance","","NA","CRISPR-Based Genome Editing","Base editing","33606978"
"NM_000051.4(ATM):c.452C>T (p.Ser151Phe)","chr11","108235790","C/T","ATM","-0.227","dataset0082","Missense","Neutral to the ATM-mediated anti-cell growth with Doxorubicin in MCF10A","ATM-mediated anti-cell growth with Doxorubicin","5","Functionally normal","Uncertain significance","6.19623e-07","NA","CRISPR-Based Genome Editing","Base editing","33606978"
"NM_000051.4(ATM):c.479C>T (p.Ser160Phe)","chr11","108235817","C/T","ATM","-0.383","dataset0082","Missense","Neutral to the ATM-mediated anti-cell growth with Doxorubicin in MCF10A","ATM-mediated anti-cell growth with Doxorubicin","5","Functionally normal","Uncertain significance","1.85902e-06","NA","CRISPR-Based Genome Editing","Base editing","33606978"
"NM_000051.4(ATM):c.481C>T (p.Gln161Ter)","chr11","108235819","C/T","ATM","-0.383","dataset0082","Nonsense","Neutral to the ATM-mediated anti-cell growth with Doxorubicin in MCF10A","ATM-mediated anti-cell growth with Doxorubicin","5","Functionally normal","","","NA","CRISPR-Based Genome Editing","Base editing","33606978"
"NM_000051.4(ATM):c.547C>T (p.His183Tyr)","chr11","108244003","C/T","ATM","-0.546","dataset0082","Missense","Neutral to the ATM-mediated anti-cell growth with Doxorubicin in MCF10A","ATM-mediated anti-cell growth with Doxorubicin","5","Functionally normal","Uncertain significance","","NA","CRISPR-Based Genome Editing","Base editing","33606978"
"NM_000051.4(ATM):c.551G>A (p.Arg184Lys)","chr11","108244007","G/A","ATM","-0.456","dataset0082","Missense","Neutral to the ATM-mediated anti-cell growth with Doxorubicin in MCF10A","ATM-mediated anti-cell growth with Doxorubicin","5","Functionally normal","Uncertain significance","","NA","CRISPR-Based Genome Editing","Base editing","33606978"
"NM_000051.4(ATM):c.574C>T (p.His192Tyr)","chr11","108244030","C/T","ATM","0.275","dataset0082","Missense","Neutral to the ATM-mediated anti-cell growth with Doxorubicin in MCF10A","ATM-mediated anti-cell growth with Doxorubicin","5","Functionally normal","Uncertain significance","0","NA","CRISPR-Based Genome Editing","Base editing","33606978"
"NM_000051.4(ATM):c.647C>T (p.Ala216Val)","chr11","108244103","C/T","ATM","0.049","dataset0082","Missense","Neutral to the ATM-mediated anti-cell growth with Doxorubicin in MCF10A","ATM-mediated anti-cell growth with Doxorubicin","5","Functionally normal","Uncertain significance","","NA","CRISPR-Based Genome Editing","Base editing","33606978"
"NM_000051.4(ATM):c.656G>A (p.Cys219Tyr)","chr11","108244112","G/A","ATM","0.507","dataset0082","Missense","Neutral to the ATM-mediated anti-cell growth with Doxorubicin in MCF10A","ATM-mediated anti-cell growth with Doxorubicin","5","Functionally normal","","","NA","CRISPR-Based Genome Editing","Base editing","33606978"
"NM_000051.4(ATM):c.658G>A (p.Ala220Thr)","chr11","108244114","G/A","ATM","0.507","dataset0082","Missense","Neutral to the ATM-mediated anti-cell growth with Doxorubicin in MCF10A","ATM-mediated anti-cell growth with Doxorubicin","5","Functionally normal","Conflicting classifications of pathogenicity","3.0986e-06","NA","CRISPR-Based Genome Editing","Base editing","33606978"
"NM_000051.4(ATM):c.664C>T (p.Gln222Ter)","chr11","108244789","C/T","ATM","-0.228","dataset0082","Nonsense","Neutral to the ATM-mediated anti-cell growth with Doxorubicin in MCF10A","ATM-mediated anti-cell growth with Doxorubicin","5","Functionally normal","Pathogenic/Likely pathogenic","6.20568e-07","NA","CRISPR-Based Genome Editing","Base editing","33606978"
"NM_000051.4(ATM):c.710C>T (p.Thr237Ile)","chr11","108244835","C/T","ATM","-0.256","dataset0082","Missense","Neutral to the ATM-mediated anti-cell growth with Doxorubicin in MCF10A","ATM-mediated anti-cell growth with Doxorubicin","5","Functionally normal","Uncertain significance","6.19693e-07","NA","CRISPR-Based Genome Editing","Base editing","33606978"
"NM_000051.4(ATM):c.733G>A (p.Val245Ile)","chr11","108244858","G/A","ATM","-0.296","dataset0082","Missense","Neutral to the ATM-mediated anti-cell growth with Doxorubicin in MCF10A","ATM-mediated anti-cell growth with Doxorubicin","5","Functionally normal","Conflicting classifications of pathogenicity","","NA","CRISPR-Based Genome Editing","Base editing","33606978"
"NM_000051.4(ATM):c.748C>T (p.Arg250Ter)","chr11","108244873","C/T","ATM","0.699","dataset0082","Nonsense","Neutral to the ATM-mediated anti-cell growth with Doxorubicin in MCF10A","ATM-mediated anti-cell growth with Doxorubicin","5","Functionally normal","Pathogenic","6.19695e-06","blca:0.2% (1/411):0.570;coad:0.5% (2/439):0.250;kirc:0.2% (1/512):0.300;read:1.3% (2/155):0.490;ucec:0.6% (3/529):0.280","CRISPR-Based Genome Editing","Base editing","33606978"
"NM_000051.4(ATM):c.778_779delinsTT (p.Pro260Phe)","chr11","108244903","CC/TT","ATM","0.257","dataset0082","Missense","Neutral to the ATM-mediated anti-cell growth with Doxorubicin in MCF10A","ATM-mediated anti-cell growth with Doxorubicin","5","Functionally normal","","","NA","CRISPR-Based Genome Editing","Base editing","33606978"
"NM_000051.4(ATM):c.778C>T (p.Pro260Ser)","chr11","108244903","C/T","ATM","0.257","dataset0082","Missense","Neutral to the ATM-mediated anti-cell growth with Doxorubicin in MCF10A","ATM-mediated anti-cell growth with Doxorubicin","5","Functionally normal","Uncertain significance","","NA","CRISPR-Based Genome Editing","Base editing","33606978"
"NM_000051.4(ATM):c.779C>T (p.Pro260Leu)","chr11","108244904","C/T","ATM","0.257","dataset0082","Missense","Neutral to the ATM-mediated anti-cell growth with Doxorubicin in MCF10A","ATM-mediated anti-cell growth with Doxorubicin","5","Functionally normal","Uncertain significance","1.23944e-06","NA","CRISPR-Based Genome Editing","Base editing","33606978"
"NM_000051.4(ATM):c.782C>T (p.Thr261Ile)","chr11","108244907","C/T","ATM","0.257","dataset0082","Missense","Neutral to the ATM-mediated anti-cell growth with Doxorubicin in MCF10A","ATM-mediated anti-cell growth with Doxorubicin","5","Functionally normal","","","NA","CRISPR-Based Genome Editing","Base editing","33606978"
"NM_000051.4(ATM):c.797G>A (p.Trp266Ter)","chr11","108244922","G/A","ATM","-1.153","dataset0082","Nonsense","Neutral to the ATM-mediated anti-cell growth with Doxorubicin in MCF10A","ATM-mediated anti-cell growth with Doxorubicin","5","Functionally normal","Likely pathogenic","6.19879e-07","NA","CRISPR-Based Genome Editing","Base editing","33606978"
"NM_000051.4(ATM):c.883G>A (p.Ala295Thr)","chr11","108245008","G/A","ATM","-0.682","dataset0082","Missense","Neutral to the ATM-mediated anti-cell growth with Doxorubicin in MCF10A","ATM-mediated anti-cell growth with Doxorubicin","5","Functionally normal","Uncertain significance","","NA","CRISPR-Based Genome Editing","Base editing","33606978"
"NM_000051.4(ATM):c.884C>T (p.Ala295Val)","chr11","108245009","C/T","ATM","-0.483","dataset0082","Missense","Neutral to the ATM-mediated anti-cell growth with Doxorubicin in MCF10A","ATM-mediated anti-cell growth with Doxorubicin","5","Functionally normal","Uncertain significance","0","NA","CRISPR-Based Genome Editing","Base editing","33606978"
"NM_000051.4(ATM):c.890C>T (p.Thr297Ile)","chr11","108245015","C/T","ATM","-0.75","dataset0082","Missense","Neutral to the ATM-mediated anti-cell growth with Doxorubicin in MCF10A","ATM-mediated anti-cell growth with Doxorubicin","5","Functionally normal","Uncertain significance","","NA","CRISPR-Based Genome Editing","Base editing","33606978"
"NM_000051.4(ATM):c.892C>T (p.Gln298Ter)","chr11","108245017","C/T","ATM","-0.75","dataset0082","Nonsense","Neutral to the ATM-mediated anti-cell growth with Doxorubicin in MCF10A","ATM-mediated anti-cell growth with Doxorubicin","5","Functionally normal","Pathogenic","","NA","CRISPR-Based Genome Editing","Base editing","33606978"
"NM_000051.4(ATM):c.901G>A (p.Gly301Ser)","chr11","108245026","G/A","ATM","-0.897","dataset0082","Missense","Neutral to the ATM-mediated anti-cell growth with Doxorubicin in MCF10A","ATM-mediated anti-cell growth with Doxorubicin","5","Functionally normal","Conflicting classifications of pathogenicity","","NA","CRISPR-Based Genome Editing","Base editing","33606978"
"NM_000051.4(ATM):c.905C>T (p.Ala302Val)","chr11","108246967","C/T","ATM","0.236","dataset0082","Missense","Neutral to the ATM-mediated anti-cell growth with Doxorubicin in MCF10A","ATM-mediated anti-cell growth with Doxorubicin","5","Functionally normal","Uncertain significance","3.10819e-06","NA","CRISPR-Based Genome Editing","Base editing","33606978"
"NM_000051.4(ATM):c.973C>T (p.His325Tyr)","chr11","108247035","C/T","ATM","0.827","dataset0082","Missense","Neutral to the ATM-mediated anti-cell growth with Doxorubicin in MCF10A","ATM-mediated anti-cell growth with Doxorubicin","5","Functionally normal","","6.19863e-07","NA","CRISPR-Based Genome Editing","Base editing","33606978"
"NM_000051.4(ATM):c.1039G>A (p.Glu347Lys)","chr11","108247101","G/A","ATM","-0.431","dataset0082","Missense","Neutral to the ATM-mediated anti-cell growth with Doxorubicin in MCF10A","ATM-mediated anti-cell growth with Doxorubicin","5","Functionally normal","","","esca:0.5% (1/182):0.430","CRISPR-Based Genome Editing","Base editing","33606978"
"NM_000051.4(ATM):c.1049C>T (p.Ala350Val)","chr11","108247111","C/T","ATM","-0.447","dataset0082","Missense","Neutral to the ATM-mediated anti-cell growth with Doxorubicin in MCF10A","ATM-mediated anti-cell growth with Doxorubicin","5","Functionally normal","Uncertain significance","7.43751e-06","NA","CRISPR-Based Genome Editing","Base editing","33606978"
"NM_000051.4(ATM):c.1060C>T (p.His354Tyr)","chr11","108247122","C/T","ATM","-0.464","dataset0082","Missense","Neutral to the ATM-mediated anti-cell growth with Doxorubicin in MCF10A","ATM-mediated anti-cell growth with Doxorubicin","5","Functionally normal","Uncertain significance","","NA","CRISPR-Based Genome Editing","Base editing","33606978"
"NM_000051.4(ATM):c.1063C>T (p.Gln355Ter)","chr11","108247125","C/T","ATM","-0.464","dataset0082","Nonsense","Neutral to the ATM-mediated anti-cell growth with Doxorubicin in MCF10A","ATM-mediated anti-cell growth with Doxorubicin","5","Functionally normal","Pathogenic","","NA","CRISPR-Based Genome Editing","Base editing","33606978"
"NM_000051.4(ATM):c.1216G>A (p.Asp406Asn)","chr11","108249083","G/A","ATM","0.223","dataset0082","Missense","Neutral to the ATM-mediated anti-cell growth with Doxorubicin in MCF10A","ATM-mediated anti-cell growth with Doxorubicin","5","Functionally normal","Uncertain significance","","lusc:0.2% (1/487):0.160","CRISPR-Based Genome Editing","Base editing","33606978"
"NM_000051.4(ATM):c.1289G>A (p.Cys430Tyr)","chr11","108250754","G/A","ATM","0.105","dataset0082","Missense","Neutral to the ATM-mediated anti-cell growth with Doxorubicin in MCF10A","ATM-mediated anti-cell growth with Doxorubicin","5","Functionally normal","","","NA","CRISPR-Based Genome Editing","Base editing","33606978"
"NM_000051.4(ATM):c.1330_1331delinsTT (p.Pro444Phe)","chr11","108250795","CC/TT","ATM","-0.044","dataset0082","Missense","Neutral to the ATM-mediated anti-cell growth with Doxorubicin in MCF10A","ATM-mediated anti-cell growth with Doxorubicin","5","Functionally normal","","","NA","CRISPR-Based Genome Editing","Base editing","33606978"
"NM_000051.4(ATM):c.1330C>T (p.Pro444Ser)","chr11","108250795","C/T","ATM","-0.044","dataset0082","Missense","Neutral to the ATM-mediated anti-cell growth with Doxorubicin in MCF10A","ATM-mediated anti-cell growth with Doxorubicin","5","Functionally normal","Uncertain significance","","NA","CRISPR-Based Genome Editing","Base editing","33606978"
"NM_000051.4(ATM):c.1331C>T (p.Pro444Leu)","chr11","108250796","C/T","ATM","-0.044","dataset0082","Missense","Neutral to the ATM-mediated anti-cell growth with Doxorubicin in MCF10A","ATM-mediated anti-cell growth with Doxorubicin","5","Functionally normal","Uncertain significance","","NA","CRISPR-Based Genome Editing","Base editing","33606978"
"NM_000051.4(ATM):c.1333C>T (p.Gln445Ter)","chr11","108250798","C/T","ATM","-0.102","dataset0082","Nonsense","Neutral to the ATM-mediated anti-cell growth with Doxorubicin in MCF10A","ATM-mediated anti-cell growth with Doxorubicin","5","Functionally normal","Pathogenic","","NA","CRISPR-Based Genome Editing","Base editing","33606978"
"NM_000051.4(ATM):c.1345_1346delinsAA (p.Gly449Lys)","chr11","108250810","GG/AA","ATM","0.473","dataset0082","Missense","Neutral to the ATM-mediated anti-cell growth with Doxorubicin in MCF10A","ATM-mediated anti-cell growth with Doxorubicin","5","Functionally normal","","","NA","CRISPR-Based Genome Editing","Base editing","33606978"
"NM_000051.4(ATM):c.1345G>A (p.Gly449Arg)","chr11","108250810","G/A","ATM","0.473","dataset0082","Missense","Neutral to the ATM-mediated anti-cell growth with Doxorubicin in MCF10A","ATM-mediated anti-cell growth with Doxorubicin","5","Functionally normal","Uncertain significance","6.19595e-07","NA","CRISPR-Based Genome Editing","Base editing","33606978"
"NM_000051.4(ATM):c.1346G>A (p.Gly449Glu)","chr11","108250811","G/A","ATM","0.235","dataset0082","Missense","Neutral to the ATM-mediated anti-cell growth with Doxorubicin in MCF10A","ATM-mediated anti-cell growth with Doxorubicin","5","Functionally normal","Uncertain significance","","NA","CRISPR-Based Genome Editing","Base editing","33606978"
"NM_000051.4(ATM):c.1348G>A (p.Glu450Lys)","chr11","108250813","G/A","ATM","0.408","dataset0082","Missense","Neutral to the ATM-mediated anti-cell growth with Doxorubicin in MCF10A","ATM-mediated anti-cell growth with Doxorubicin","5","Functionally normal","Uncertain significance","","NA","CRISPR-Based Genome Editing","Base editing","33606978"
"NM_000051.4(ATM):c.1352G>A (p.Arg451His)","chr11","108250817","G/A","ATM","0.754","dataset0082","Missense","Neutral to the ATM-mediated anti-cell growth with Doxorubicin in MCF10A","ATM-mediated anti-cell growth with Doxorubicin","5","Functionally normal","Uncertain significance","1.30118e-05","NA","CRISPR-Based Genome Editing","Base editing","33606978"
"NM_000051.4(ATM):c.1373G>A (p.Cys458Tyr)","chr11","108250838","G/A","ATM","-0.739","dataset0082","Missense","Neutral to the ATM-mediated anti-cell growth with Doxorubicin in MCF10A","ATM-mediated anti-cell growth with Doxorubicin","5","Functionally normal","Uncertain significance","1.23905e-06","NA","CRISPR-Based Genome Editing","Base editing","33606978"
"NM_000051.4(ATM):c.1388C>T (p.Ala463Val)","chr11","108250853","C/T","ATM","0.257","dataset0082","Missense","Neutral to the ATM-mediated anti-cell growth with Doxorubicin in MCF10A","ATM-mediated anti-cell growth with Doxorubicin","5","Functionally normal","","","NA","CRISPR-Based Genome Editing","Base editing","33606978"
"NM_000051.4(ATM):c.1394G>A (p.Cys465Tyr)","chr11","108250859","G/A","ATM","-0.719","dataset0082","Missense","Neutral to the ATM-mediated anti-cell growth with Doxorubicin in MCF10A","ATM-mediated anti-cell growth with Doxorubicin","5","Functionally normal","","","NA","CRISPR-Based Genome Editing","Base editing","33606978"
"NM_000051.4(ATM):c.1433C>T (p.Ser478Leu)","chr11","108250898","C/T","ATM","0.32","dataset0082","Missense","Neutral to the ATM-mediated anti-cell growth with Doxorubicin in MCF10A","ATM-mediated anti-cell growth with Doxorubicin","5","Functionally normal","Uncertain significance","","NA","CRISPR-Based Genome Editing","Base editing","33606978"
"NM_000051.4(ATM):c.1447C>T (p.Leu483Phe)","chr11","108250912","C/T","ATM","-0.359","dataset0082","Missense","Neutral to the ATM-mediated anti-cell growth with Doxorubicin in MCF10A","ATM-mediated anti-cell growth with Doxorubicin","5","Functionally normal","Uncertain significance","6.19536e-07","NA","CRISPR-Based Genome Editing","Base editing","33606978"
"NM_000051.4(ATM):c.1487G>A (p.Ser496Asn)","chr11","108250952","G/A","ATM","-1.452","dataset0082","Missense","Neutral to the ATM-mediated anti-cell growth with Doxorubicin in MCF10A","ATM-mediated anti-cell growth with Doxorubicin","5","Functionally normal","Uncertain significance","1.425e-05","NA","CRISPR-Based Genome Editing","Base editing","33606978"
"NM_000051.4(ATM):c.1492G>A (p.Glu498Lys)","chr11","108250957","G/A","ATM","-1.452","dataset0082","Missense","Neutral to the ATM-mediated anti-cell growth with Doxorubicin in MCF10A","ATM-mediated anti-cell growth with Doxorubicin","5","Functionally normal","","","NA","CRISPR-Based Genome Editing","Base editing","33606978"
"NM_000051.4(ATM):c.1501C>T (p.Gln501Ter)","chr11","108250966","C/T","ATM","-0.302","dataset0082","Nonsense","Neutral to the ATM-mediated anti-cell growth with Doxorubicin in MCF10A","ATM-mediated anti-cell growth with Doxorubicin","5","Functionally normal","Pathogenic","6.19547e-07","NA","CRISPR-Based Genome Editing","Base editing","33606978"
"NM_000051.4(ATM):c.1522C>T (p.Leu508Phe)","chr11","108250987","C/T","ATM","0.282","dataset0082","Missense","Neutral to the ATM-mediated anti-cell growth with Doxorubicin in MCF10A","ATM-mediated anti-cell growth with Doxorubicin","5","Functionally normal","Uncertain significance","1.85865e-06","NA","CRISPR-Based Genome Editing","Base editing","33606978"
"NM_000051.4(ATM):c.1537C>T (p.Gln513Ter)","chr11","108251002","C/T","ATM","-0.516","dataset0082","Nonsense","Neutral to the ATM-mediated anti-cell growth with Doxorubicin in MCF10A","ATM-mediated anti-cell growth with Doxorubicin","5","Functionally normal","Pathogenic","","NA","CRISPR-Based Genome Editing","Base editing","33606978"
"NM_000051.4(ATM):c.1544G>A (p.Ser515Asn)","chr11","108251009","G/A","ATM","-0.8","dataset0082","Missense","Neutral to the ATM-mediated anti-cell growth with Doxorubicin in MCF10A","ATM-mediated anti-cell growth with Doxorubicin","5","Functionally normal","","","NA","CRISPR-Based Genome Editing","Base editing","33606978"
"NM_000051.4(ATM):c.1549G>A (p.Val517Ile)","chr11","108251014","G/A","ATM","-0.8","dataset0082","Missense","Neutral to the ATM-mediated anti-cell growth with Doxorubicin in MCF10A","ATM-mediated anti-cell growth with Doxorubicin","5","Functionally normal","Uncertain significance","","NA","CRISPR-Based Genome Editing","Base editing","33606978"
"NM_000051.4(ATM):c.1589C>T (p.Ser530Leu)","chr11","108251054","C/T","ATM","-0.286","dataset0082","Missense","Neutral to the ATM-mediated anti-cell growth with Doxorubicin in MCF10A","ATM-mediated anti-cell growth with Doxorubicin","5","Functionally normal","Uncertain significance","","NA","CRISPR-Based Genome Editing","Base editing","33606978"
"NM_000051.4(ATM):c.1592C>T (p.Ala531Val)","chr11","108251057","C/T","ATM","-0.286","dataset0082","Missense","Neutral to the ATM-mediated anti-cell growth with Doxorubicin in MCF10A","ATM-mediated anti-cell growth with Doxorubicin","5","Functionally normal","Uncertain significance","6.19569e-07","NA","CRISPR-Based Genome Editing","Base editing","33606978"
"NM_000051.4(ATM):c.1607G>A (p.Cys536Tyr)","chr11","108251072","G/A","ATM","-0.905","dataset0082","Missense","Neutral to the ATM-mediated anti-cell growth with Doxorubicin in MCF10A","ATM-mediated anti-cell growth with Doxorubicin","5","Functionally normal","","","NA","CRISPR-Based Genome Editing","Base editing","33606978"
"NM_000051.4(ATM):c.1613C>T (p.Ala538Val)","chr11","108251842","C/T","ATM","0.136","dataset0082","Missense","Neutral to the ATM-mediated anti-cell growth with Doxorubicin in MCF10A","ATM-mediated anti-cell growth with Doxorubicin","5","Functionally normal","Uncertain significance","6.19743e-07","NA","CRISPR-Based Genome Editing","Base editing","33606978"
"NM_000051.4(ATM):c.1640C>T (p.Thr547Ile)","chr11","108251869","C/T","ATM","-0.069","dataset0082","Missense","Neutral to the ATM-mediated anti-cell growth with Doxorubicin in MCF10A","ATM-mediated anti-cell growth with Doxorubicin","5","Functionally normal","Conflicting classifications of pathogenicity","1.23932e-06","NA","CRISPR-Based Genome Editing","Base editing","33606978"
"NM_000051.4(ATM):c.1643C>T (p.Thr548Ile)","chr11","108251872","C/T","ATM","-0.207","dataset0082","Missense","Neutral to the ATM-mediated anti-cell growth with Doxorubicin in MCF10A","ATM-mediated anti-cell growth with Doxorubicin","5","Functionally normal","","","NA","CRISPR-Based Genome Editing","Base editing","33606978"
"NM_000051.4(ATM):c.1654C>T (p.Pro552Ser)","chr11","108251883","C/T","ATM","0.005","dataset0082","Missense","Neutral to the ATM-mediated anti-cell growth with Doxorubicin in MCF10A","ATM-mediated anti-cell growth with Doxorubicin","5","Functionally normal","","1.23932e-06","NA","CRISPR-Based Genome Editing","Base editing","33606978"
"NM_000051.4(ATM):c.1655C>T (p.Pro552Leu)","chr11","108251884","C/T","ATM","0.005","dataset0082","Missense","Neutral to the ATM-mediated anti-cell growth with Doxorubicin in MCF10A","ATM-mediated anti-cell growth with Doxorubicin","5","Functionally normal","Uncertain significance","","NA","CRISPR-Based Genome Editing","Base editing","33606978"
"NM_000051.4(ATM):c.1657_1658delinsAA (p.Gly553Lys)","chr11","108251886","GG/AA","ATM","-0.31","dataset0082","Missense","Neutral to the ATM-mediated anti-cell growth with Doxorubicin in MCF10A","ATM-mediated anti-cell growth with Doxorubicin","5","Functionally normal","","","NA","CRISPR-Based Genome Editing","Base editing","33606978"
"NM_000051.4(ATM):c.1657G>A (p.Gly553Arg)","chr11","108251886","G/A","ATM","-0.31","dataset0082","Missense","Neutral to the ATM-mediated anti-cell growth with Doxorubicin in MCF10A","ATM-mediated anti-cell growth with Doxorubicin","5","Functionally normal","Uncertain significance","1.23926e-06","NA","CRISPR-Based Genome Editing","Base editing","33606978"
"NM_000051.4(ATM):c.1658G>A (p.Gly553Glu)","chr11","108251887","G/A","ATM","-0.027","dataset0082","Missense","Neutral to the ATM-mediated anti-cell growth with Doxorubicin in MCF10A","ATM-mediated anti-cell growth with Doxorubicin","5","Functionally normal","Uncertain significance","1.23924e-06","NA","CRISPR-Based Genome Editing","Base editing","33606978"
"NM_000051.4(ATM):c.1663G>A (p.Val555Ile)","chr11","108251892","G/A","ATM","0.255","dataset0082","Missense","Neutral to the ATM-mediated anti-cell growth with Doxorubicin in MCF10A","ATM-mediated anti-cell growth with Doxorubicin","5","Functionally normal","Uncertain significance","","NA","CRISPR-Based Genome Editing","Base editing","33606978"
"NM_000051.4(ATM):c.1671G>A (p.Met557Ile)","chr11","108251900","G/A","ATM","-0.012","dataset0082","Missense","Neutral to the ATM-mediated anti-cell growth with Doxorubicin in MCF10A","ATM-mediated anti-cell growth with Doxorubicin","5","Functionally normal","Conflicting classifications of pathogenicity","1.85899e-06","NA","CRISPR-Based Genome Editing","Base editing","33606978"
"NM_000051.4(ATM):c.1672_1673delinsAA (p.Gly558Lys)","chr11","108251901","GG/AA","ATM","-0.012","dataset0082","Missense","Neutral to the ATM-mediated anti-cell growth with Doxorubicin in MCF10A","ATM-mediated anti-cell growth with Doxorubicin","5","Functionally normal","","","NA","CRISPR-Based Genome Editing","Base editing","33606978"
"NM_000051.4(ATM):c.1672G>A (p.Gly558Arg)","chr11","108251901","G/A","ATM","-0.012","dataset0082","Missense","Neutral to the ATM-mediated anti-cell growth with Doxorubicin in MCF10A","ATM-mediated anti-cell growth with Doxorubicin","5","Functionally normal","Uncertain significance","","NA","CRISPR-Based Genome Editing","Base editing","33606978"
"NM_000051.4(ATM):c.1673G>A (p.Gly558Glu)","chr11","108251902","G/A","ATM","-0.012","dataset0082","Missense","Neutral to the ATM-mediated anti-cell growth with Doxorubicin in MCF10A","ATM-mediated anti-cell growth with Doxorubicin","5","Functionally normal","Uncertain significance","6.19608e-07","NA","CRISPR-Based Genome Editing","Base editing","33606978"
"NM_000051.4(ATM):c.1786_1787delinsTT (p.Pro596Phe)","chr11","108252015","CC/TT","ATM","-0.089","dataset0082","Missense","Neutral to the ATM-mediated anti-cell growth with Doxorubicin in MCF10A","ATM-mediated anti-cell growth with Doxorubicin","5","Functionally normal","","","NA","CRISPR-Based Genome Editing","Base editing","33606978"
"NM_000051.4(ATM):c.1786C>T (p.Pro596Ser)","chr11","108252015","C/T","ATM","-0.089","dataset0082","Missense","Neutral to the ATM-mediated anti-cell growth with Doxorubicin in MCF10A","ATM-mediated anti-cell growth with Doxorubicin","5","Functionally normal","","","NA","CRISPR-Based Genome Editing","Base editing","33606978"
"NM_000051.4(ATM):c.1787C>T (p.Pro596Leu)","chr11","108252016","C/T","ATM","-0.089","dataset0082","Missense","Neutral to the ATM-mediated anti-cell growth with Doxorubicin in MCF10A","ATM-mediated anti-cell growth with Doxorubicin","5","Functionally normal","Uncertain significance","","NA","CRISPR-Based Genome Editing","Base editing","33606978"
"NM_000051.4(ATM):c.1802G>A (p.Ser601Asn)","chr11","108252031","G/A","ATM","-1.217","dataset0082","Missense","Neutral to the ATM-mediated anti-cell growth with Doxorubicin in MCF10A","ATM-mediated anti-cell growth with Doxorubicin","5","Functionally normal","Uncertain significance","0","NA","CRISPR-Based Genome Editing","Base editing","33606978"
"NM_000051.4(ATM):c.1810C>T (p.Pro604Ser)","chr11","108252824","C/T","ATM","-0.447","dataset0082","Missense","Neutral to the ATM-mediated anti-cell growth with Doxorubicin in MCF10A","ATM-mediated anti-cell growth with Doxorubicin","5","Functionally normal","Conflicting classifications of pathogenicity","0.00224397","NA","CRISPR-Based Genome Editing","Base editing","33606978"
"NM_000051.4(ATM):c.1825G>A (p.Glu609Lys)","chr11","108252839","G/A","ATM","-1.273","dataset0082","Missense","Neutral to the ATM-mediated anti-cell growth with Doxorubicin in MCF10A","ATM-mediated anti-cell growth with Doxorubicin","5","Functionally normal","Uncertain significance","0","NA","CRISPR-Based Genome Editing","Base editing","33606978"
"NM_000051.4(ATM):c.1882C>T (p.Gln628Ter)","chr11","108252896","C/T","ATM","0.487","dataset0082","Nonsense","Neutral to the ATM-mediated anti-cell growth with Doxorubicin in MCF10A","ATM-mediated anti-cell growth with Doxorubicin","5","Functionally normal","Pathogenic/Likely pathogenic","1.86198e-06","luad:0.2% (1/566):0.100;ucec:0.2% (1/529):0.060","CRISPR-Based Genome Editing","Base editing","33606978"
"NM_000051.4(ATM):c.1898G>A (p.Cys633Tyr)","chr11","108252912","G/A","ATM","-0.015","dataset0082","Missense","Neutral to the ATM-mediated anti-cell growth with Doxorubicin in MCF10A","ATM-mediated anti-cell growth with Doxorubicin","5","Functionally normal","Uncertain significance","6.23456e-07","NA","CRISPR-Based Genome Editing","Base editing","33606978"
"NM_000051.4(ATM):c.1921G>A (p.Glu641Lys)","chr11","108253836","G/A","ATM","-0.819","dataset0082","Missense","Neutral to the ATM-mediated anti-cell growth with Doxorubicin in MCF10A","ATM-mediated anti-cell growth with Doxorubicin","5","Functionally normal","","","NA","CRISPR-Based Genome Editing","Base editing","33606978"
"NM_000051.4(ATM):c.1924G>A (p.Glu642Lys)","chr11","108253839","G/A","ATM","-0.778","dataset0082","Missense","Neutral to the ATM-mediated anti-cell growth with Doxorubicin in MCF10A","ATM-mediated anti-cell growth with Doxorubicin","5","Functionally normal","Uncertain significance","","brca:0.1% (1/1084):0.710","CRISPR-Based Genome Editing","Base editing","33606978"
"NM_000051.4(ATM):c.1964C>T (p.Thr655Ile)","chr11","108253879","C/T","ATM","0.394","dataset0082","Missense","Neutral to the ATM-mediated anti-cell growth with Doxorubicin in MCF10A","ATM-mediated anti-cell growth with Doxorubicin","5","Functionally normal","Uncertain significance","","NA","CRISPR-Based Genome Editing","Base editing","33606978"
"NM_000051.4(ATM):c.1991C>T (p.Thr664Ile)","chr11","108253906","C/T","ATM","0.141","dataset0082","Missense","Neutral to the ATM-mediated anti-cell growth with Doxorubicin in MCF10A","ATM-mediated anti-cell growth with Doxorubicin","5","Functionally normal","Conflicting classifications of pathogenicity","6.19574e-07","NA","CRISPR-Based Genome Editing","Base editing","33606978"
"NM_000051.4(ATM):c.2006G>A (p.Cys669Tyr)","chr11","108253921","G/A","ATM","-0.012","dataset0082","Missense","Neutral to the ATM-mediated anti-cell growth with Doxorubicin in MCF10A","ATM-mediated anti-cell growth with Doxorubicin","5","Functionally normal","Uncertain significance","","NA","CRISPR-Based Genome Editing","Base editing","33606978"
"NM_000051.4(ATM):c.2008_2009delinsAA (p.Gly670Asn)","chr11","108253923","GG/AA","ATM","-0.012","dataset0082","Missense","Neutral to the ATM-mediated anti-cell growth with Doxorubicin in MCF10A","ATM-mediated anti-cell growth with Doxorubicin","5","Functionally normal","","","NA","CRISPR-Based Genome Editing","Base editing","33606978"
"NM_000051.4(ATM):c.2008G>A (p.Gly670Ser)","chr11","108253923","G/A","ATM","-0.012","dataset0082","Missense","Neutral to the ATM-mediated anti-cell growth with Doxorubicin in MCF10A","ATM-mediated anti-cell growth with Doxorubicin","5","Functionally normal","Uncertain significance","","NA","CRISPR-Based Genome Editing","Base editing","33606978"
"NM_000051.4(ATM):c.2009G>A (p.Gly670Asp)","chr11","108253924","G/A","ATM","-0.012","dataset0082","Missense","Neutral to the ATM-mediated anti-cell growth with Doxorubicin in MCF10A","ATM-mediated anti-cell growth with Doxorubicin","5","Functionally normal","Uncertain significance","1.85871e-06","NA","CRISPR-Based Genome Editing","Base editing","33606978"
"NM_000051.4(ATM):c.2020C>T (p.His674Tyr)","chr11","108253935","C/T","ATM","0.199","dataset0082","Missense","Neutral to the ATM-mediated anti-cell growth with Doxorubicin in MCF10A","ATM-mediated anti-cell growth with Doxorubicin","5","Functionally normal","Uncertain significance","6.19551e-07","NA","CRISPR-Based Genome Editing","Base editing","33606978"
"NM_000051.4(ATM):c.2042C>T (p.Ser681Phe)","chr11","108253957","C/T","ATM","-0.524","dataset0082","Missense","Neutral to the ATM-mediated anti-cell growth with Doxorubicin in MCF10A","ATM-mediated anti-cell growth with Doxorubicin","5","Functionally normal","Uncertain significance","1.23907e-06","NA","CRISPR-Based Genome Editing","Base editing","33606978"
"NM_000051.4(ATM):c.2044G>A (p.Val682Ile)","chr11","108253959","G/A","ATM","-0.35","dataset0082","Missense","Neutral to the ATM-mediated anti-cell growth with Doxorubicin in MCF10A","ATM-mediated anti-cell growth with Doxorubicin","5","Functionally normal","","","NA","CRISPR-Based Genome Editing","Base editing","33606978"
"NM_000051.4(ATM):c.2047C>T (p.His683Tyr)","chr11","108253962","C/T","ATM","-0.524","dataset0082","Missense","Neutral to the ATM-mediated anti-cell growth with Doxorubicin in MCF10A","ATM-mediated anti-cell growth with Doxorubicin","5","Functionally normal","Uncertain significance","","NA","CRISPR-Based Genome Editing","Base editing","33606978"
"NM_000051.4(ATM):c.2056C>T (p.Leu686Phe)","chr11","108253971","C/T","ATM","-0.387","dataset0082","Missense","Neutral to the ATM-mediated anti-cell growth with Doxorubicin in MCF10A","ATM-mediated anti-cell growth with Doxorubicin","5","Functionally normal","","","NA","CRISPR-Based Genome Editing","Base editing","33606978"
"NM_000051.4(ATM):c.2062G>A (p.Glu688Lys)","chr11","108253977","G/A","ATM","-0.339","dataset0082","Missense","Neutral to the ATM-mediated anti-cell growth with Doxorubicin in MCF10A","ATM-mediated anti-cell growth with Doxorubicin","5","Functionally normal","Uncertain significance","6.19616e-06","NA","CRISPR-Based Genome Editing","Base editing","33606978"
"NM_000051.4(ATM):c.2066C>T (p.Ser689Leu)","chr11","108253981","C/T","ATM","0.371","dataset0082","Missense","Neutral to the ATM-mediated anti-cell growth with Doxorubicin in MCF10A","ATM-mediated anti-cell growth with Doxorubicin","5","Functionally normal","Uncertain significance","1.23915e-06","NA","CRISPR-Based Genome Editing","Base editing","33606978"
"NM_000051.4(ATM):c.2135C>T (p.Ser712Leu)","chr11","108256225","C/T","ATM","-0.564","dataset0082","Missense","Neutral to the ATM-mediated anti-cell growth with Doxorubicin in MCF10A","ATM-mediated anti-cell growth with Doxorubicin","5","Functionally normal","Uncertain significance","","NA","CRISPR-Based Genome Editing","Base editing","33606978"
"NM_000051.4(ATM):c.2149C>T (p.Arg717Trp)","chr11","108256239","C/T","ATM","-0.212","dataset0082","Missense","Neutral to the ATM-mediated anti-cell growth with Doxorubicin in MCF10A","ATM-mediated anti-cell growth with Doxorubicin","5","Functionally normal","Conflicting classifications of pathogenicity","2.67663e-05","NA","CRISPR-Based Genome Editing","Base editing","33606978"
"NM_000051.4(ATM):c.2156C>T (p.Ser719Leu)","chr11","108256246","C/T","ATM","-0.17","dataset0082","Missense","Neutral to the ATM-mediated anti-cell growth with Doxorubicin in MCF10A","ATM-mediated anti-cell growth with Doxorubicin","5","Functionally normal","Uncertain significance","","NA","CRISPR-Based Genome Editing","Base editing","33606978"
"NM_000051.4(ATM):c.2161C>T (p.Leu721Phe)","chr11","108256251","C/T","ATM","0.428","dataset0082","Missense","Neutral to the ATM-mediated anti-cell growth with Doxorubicin in MCF10A","ATM-mediated anti-cell growth with Doxorubicin","5","Functionally normal","Uncertain significance","","NA","CRISPR-Based Genome Editing","Base editing","33606978"
"NM_000051.4(ATM):c.2167G>A (p.Val723Met)","chr11","108256257","G/A","ATM","-0.288","dataset0082","Missense","Neutral to the ATM-mediated anti-cell growth with Doxorubicin in MCF10A","ATM-mediated anti-cell growth with Doxorubicin","5","Functionally normal","Uncertain significance","","NA","CRISPR-Based Genome Editing","Base editing","33606978"
"NM_000051.4(ATM):c.2239C>T (p.Gln747Ter)","chr11","108256329","C/T","ATM","-0.856","dataset0082","Nonsense","Neutral to the ATM-mediated anti-cell growth with Doxorubicin in MCF10A","ATM-mediated anti-cell growth with Doxorubicin","5","Functionally normal","Pathogenic/Likely pathogenic","","NA","CRISPR-Based Genome Editing","Base editing","33606978"
"NM_000051.4(ATM):c.2252C>T (p.Ser751Phe)","chr11","108257482","C/T","ATM","0.623","dataset0082","Missense","Neutral to the ATM-mediated anti-cell growth with Doxorubicin in MCF10A","ATM-mediated anti-cell growth with Doxorubicin","5","Functionally normal","","","NA","CRISPR-Based Genome Editing","Base editing","33606978"
"NM_000051.4(ATM):c.2340G>A (p.Met780Ile)","chr11","108257570","G/A","ATM","0.254","dataset0082","Missense","Neutral to the ATM-mediated anti-cell growth with Doxorubicin in MCF10A","ATM-mediated anti-cell growth with Doxorubicin","5","Functionally normal","","6.19571e-07","NA","CRISPR-Based Genome Editing","Base editing","33606978"
"NM_000051.4(ATM):c.2383C>T (p.Pro795Ser)","chr11","108258992","C/T","ATM","-0.526","dataset0082","Missense","Neutral to the ATM-mediated anti-cell growth with Doxorubicin in MCF10A","ATM-mediated anti-cell growth with Doxorubicin","5","Functionally normal","Uncertain significance","","NA","CRISPR-Based Genome Editing","Base editing","33606978"
"NM_000051.4(ATM):c.2384C>T (p.Pro795Leu)","chr11","108258993","C/T","ATM","-0.526","dataset0082","Missense","Neutral to the ATM-mediated anti-cell growth with Doxorubicin in MCF10A","ATM-mediated anti-cell growth with Doxorubicin","5","Functionally normal","","","NA","CRISPR-Based Genome Editing","Base editing","33606978"
"NM_000051.4(ATM):c.2401_2402delinsAA (p.Gly801Asn)","chr11","108259010","GG/AA","ATM","0.022","dataset0082","Missense","Neutral to the ATM-mediated anti-cell growth with Doxorubicin in MCF10A","ATM-mediated anti-cell growth with Doxorubicin","5","Functionally normal","","","NA","CRISPR-Based Genome Editing","Base editing","33606978"
"NM_000051.4(ATM):c.2401G>A (p.Gly801Ser)","chr11","108259010","G/A","ATM","0.022","dataset0082","Missense","Neutral to the ATM-mediated anti-cell growth with Doxorubicin in MCF10A","ATM-mediated anti-cell growth with Doxorubicin","5","Functionally normal","Uncertain significance","","NA","CRISPR-Based Genome Editing","Base editing","33606978"
"NM_000051.4(ATM):c.2402G>A (p.Gly801Asp)","chr11","108259011","G/A","ATM","0.022","dataset0082","Missense","Neutral to the ATM-mediated anti-cell growth with Doxorubicin in MCF10A","ATM-mediated anti-cell growth with Doxorubicin","5","Functionally normal","Uncertain significance","6.19688e-07","NA","CRISPR-Based Genome Editing","Base editing","33606978"
"NM_000051.4(ATM):c.2491G>A (p.Asp831Asn)","chr11","108267195","G/A","ATM","-0.08","dataset0082","Missense","Neutral to the ATM-mediated anti-cell growth with Doxorubicin in MCF10A","ATM-mediated anti-cell growth with Doxorubicin","5","Functionally normal","Uncertain significance","6.19559e-07","NA","CRISPR-Based Genome Editing","Base editing","33606978"
"NM_000051.4(ATM):c.2500G>A (p.Glu834Lys)","chr11","108267204","G/A","ATM","0.182","dataset0082","Missense","Neutral to the ATM-mediated anti-cell growth with Doxorubicin in MCF10A","ATM-mediated anti-cell growth with Doxorubicin","5","Functionally normal","Uncertain significance","","NA","CRISPR-Based Genome Editing","Base editing","33606978"
"NM_000051.4(ATM):c.2503G>A (p.Val835Ile)","chr11","108267207","G/A","ATM","0.182","dataset0082","Missense","Neutral to the ATM-mediated anti-cell growth with Doxorubicin in MCF10A","ATM-mediated anti-cell growth with Doxorubicin","5","Functionally normal","","","NA","CRISPR-Based Genome Editing","Base editing","33606978"
"NM_000051.4(ATM):c.2525C>T (p.Thr842Ile)","chr11","108267229","C/T","ATM","-0.275","dataset0082","Missense","Neutral to the ATM-mediated anti-cell growth with Doxorubicin in MCF10A","ATM-mediated anti-cell growth with Doxorubicin","5","Functionally normal","Uncertain significance","","NA","CRISPR-Based Genome Editing","Base editing","33606978"
"NM_000051.4(ATM):c.2578G>A (p.Asp860Asn)","chr11","108267282","G/A","ATM","-0.195","dataset0082","Missense","Neutral to the ATM-mediated anti-cell growth with Doxorubicin in MCF10A","ATM-mediated anti-cell growth with Doxorubicin","5","Functionally normal","Uncertain significance","3.71754e-06","NA","CRISPR-Based Genome Editing","Base editing","33606978"
"NM_000051.4(ATM):c.2600G>A (p.Ser867Asn)","chr11","108267304","G/A","ATM","0.223","dataset0082","Missense","Neutral to the ATM-mediated anti-cell growth with Doxorubicin in MCF10A","ATM-mediated anti-cell growth with Doxorubicin","5","Functionally normal","Uncertain significance","","NA","CRISPR-Based Genome Editing","Base editing","33606978"
"NM_000051.4(ATM):c.2602G>A (p.Asp868Asn)","chr11","108267306","G/A","ATM","0.223","dataset0082","Missense","Neutral to the ATM-mediated anti-cell growth with Doxorubicin in MCF10A","ATM-mediated anti-cell growth with Doxorubicin","5","Functionally normal","Uncertain significance","","NA","CRISPR-Based Genome Editing","Base editing","33606978"
"NM_000051.4(ATM):c.2630G>A (p.Ser877Asn)","chr11","108267334","G/A","ATM","0.56","dataset0082","Missense","Neutral to the ATM-mediated anti-cell growth with Doxorubicin in MCF10A","ATM-mediated anti-cell growth with Doxorubicin","5","Functionally normal","","","NA","CRISPR-Based Genome Editing","Base editing","33606978"
"NM_000051.4(ATM):c.2659G>A (p.Glu887Lys)","chr11","108268430","G/A","ATM","0.058","dataset0082","Missense","Neutral to the ATM-mediated anti-cell growth with Doxorubicin in MCF10A","ATM-mediated anti-cell growth with Doxorubicin","5","Functionally normal","Uncertain significance","6.19675e-07","NA","CRISPR-Based Genome Editing","Base editing","33606978"
"NM_000051.4(ATM):c.2662G>A (p.Glu888Lys)","chr11","108268433","G/A","ATM","0.058","dataset0082","Missense","Neutral to the ATM-mediated anti-cell growth with Doxorubicin in MCF10A","ATM-mediated anti-cell growth with Doxorubicin","5","Functionally normal","Uncertain significance","","NA","CRISPR-Based Genome Editing","Base editing","33606978"
"NM_000051.4(ATM):c.2738C>T (p.Thr913Ile)","chr11","108268509","C/T","ATM","-0.141","dataset0082","Missense","Neutral to the ATM-mediated anti-cell growth with Doxorubicin in MCF10A","ATM-mediated anti-cell growth with Doxorubicin","5","Functionally normal","Uncertain significance","","NA","CRISPR-Based Genome Editing","Base editing","33606978"
"NM_000051.4(ATM):c.2756G>A (p.Arg919Lys)","chr11","108268527","G/A","ATM","-0.298","dataset0082","Missense","Neutral to the ATM-mediated anti-cell growth with Doxorubicin in MCF10A","ATM-mediated anti-cell growth with Doxorubicin","5","Functionally normal","","","NA","CRISPR-Based Genome Editing","Base editing","33606978"
"NM_000051.4(ATM):c.2758G>A (p.Ala920Thr)","chr11","108268529","G/A","ATM","-0.298","dataset0082","Missense","Neutral to the ATM-mediated anti-cell growth with Doxorubicin in MCF10A","ATM-mediated anti-cell growth with Doxorubicin","5","Functionally normal","Uncertain significance","","NA","CRISPR-Based Genome Editing","Base editing","33606978"
"NM_000051.4(ATM):c.2759C>T (p.Ala920Val)","chr11","108268530","C/T","ATM","-0.189","dataset0082","Missense","Neutral to the ATM-mediated anti-cell growth with Doxorubicin in MCF10A","ATM-mediated anti-cell growth with Doxorubicin","5","Functionally normal","Uncertain significance","","NA","CRISPR-Based Genome Editing","Base editing","33606978"
"NM_000051.4(ATM):c.2822C>T (p.Ser941Phe)","chr11","108268593","C/T","ATM","-0.115","dataset0082","Missense","Neutral to the ATM-mediated anti-cell growth with Doxorubicin in MCF10A","ATM-mediated anti-cell growth with Doxorubicin","5","Functionally normal","Uncertain significance","2.47859e-06","NA","CRISPR-Based Genome Editing","Base editing","33606978"
"NM_000051.4(ATM):c.2824C>T (p.Leu942Phe)","chr11","108268595","C/T","ATM","-0.115","dataset0082","Missense","Neutral to the ATM-mediated anti-cell growth with Doxorubicin in MCF10A","ATM-mediated anti-cell growth with Doxorubicin","5","Functionally normal","Uncertain significance","1.11537e-05","NA","CRISPR-Based Genome Editing","Base editing","33606978"
"NM_000051.4(ATM):c.2838G>A (p.Met946Ile)","chr11","108268609","G/A","ATM","-0.292","dataset0082","Missense","Neutral to the ATM-mediated anti-cell growth with Doxorubicin in MCF10A","ATM-mediated anti-cell growth with Doxorubicin","5","Functionally normal","Uncertain significance","6.19782e-07","NA","CRISPR-Based Genome Editing","Base editing","33606978"
"NM_000051.4(ATM):c.2847G>A (p.Met949Ile)","chr11","108271072","G/A","ATM","-0.421","dataset0082","Missense","Neutral to the ATM-mediated anti-cell growth with Doxorubicin in MCF10A","ATM-mediated anti-cell growth with Doxorubicin","5","Functionally normal","Conflicting classifications of pathogenicity","1.23941e-06","NA","CRISPR-Based Genome Editing","Base editing","33606978"
"NM_000051.4(ATM):c.2848C>T (p.Leu950Phe)","chr11","108271073","C/T","ATM","0.208","dataset0082","Missense","Neutral to the ATM-mediated anti-cell growth with Doxorubicin in MCF10A","ATM-mediated anti-cell growth with Doxorubicin","5","Functionally normal","Uncertain significance","2.8508e-05","NA","CRISPR-Based Genome Editing","Base editing","33606978"
"NM_000051.4(ATM):c.2893G>A (p.Asp965Asn)","chr11","108271118","G/A","ATM","-1.157","dataset0082","Missense","Neutral to the ATM-mediated anti-cell growth with Doxorubicin in MCF10A","ATM-mediated anti-cell growth with Doxorubicin","5","Functionally normal","","","NA","CRISPR-Based Genome Editing","Base editing","33606978"
"NM_000051.4(ATM):c.2896G>A (p.Val966Ile)","chr11","108271121","G/A","ATM","-0.747","dataset0082","Missense","Neutral to the ATM-mediated anti-cell growth with Doxorubicin in MCF10A","ATM-mediated anti-cell growth with Doxorubicin","5","Functionally normal","Uncertain significance","","NA","CRISPR-Based Genome Editing","Base editing","33606978"
"NM_000051.4(ATM):c.2902G>A (p.Glu968Lys)","chr11","108271127","G/A","ATM","-0.6","dataset0082","Missense","Neutral to the ATM-mediated anti-cell growth with Doxorubicin in MCF10A","ATM-mediated anti-cell growth with Doxorubicin","5","Functionally normal","","","NA","CRISPR-Based Genome Editing","Base editing","33606978"
"NM_000051.4(ATM):c.2986C>T (p.His996Tyr)","chr11","108271315","C/T","ATM","0.054","dataset0082","Missense","Neutral to the ATM-mediated anti-cell growth with Doxorubicin in MCF10A","ATM-mediated anti-cell growth with Doxorubicin","5","Functionally normal","Uncertain significance","","NA","CRISPR-Based Genome Editing","Base editing","33606978"
"NM_000051.4(ATM):c.2992G>A (p.Val998Met)","chr11","108271321","G/A","ATM","0.242","dataset0082","Missense","Neutral to the ATM-mediated anti-cell growth with Doxorubicin in MCF10A","ATM-mediated anti-cell growth with Doxorubicin","5","Functionally normal","Uncertain significance","1.85941e-06","NA","CRISPR-Based Genome Editing","Base editing","33606978"
"NM_000051.4(ATM):c.3018G>A (p.Met1006Ile)","chr11","108271347","G/A","ATM","-0.219","dataset0082","Missense","Neutral to the ATM-mediated anti-cell growth with Doxorubicin in MCF10A","ATM-mediated anti-cell growth with Doxorubicin","5","Functionally normal","Uncertain significance","","NA","CRISPR-Based Genome Editing","Base editing","33606978"
"NM_000051.4(ATM):c.3019G>A (p.Asp1007Asn)","chr11","108271348","G/A","ATM","-0.219","dataset0082","Missense","Neutral to the ATM-mediated anti-cell growth with Doxorubicin in MCF10A","ATM-mediated anti-cell growth with Doxorubicin","5","Functionally normal","","","NA","CRISPR-Based Genome Editing","Base editing","33606978"
"NM_000051.4(ATM):c.3032C>T (p.Thr1011Ile)","chr11","108271361","C/T","ATM","-0.249","dataset0082","Missense","Neutral to the ATM-mediated anti-cell growth with Doxorubicin in MCF10A","ATM-mediated anti-cell growth with Doxorubicin","5","Functionally normal","Uncertain significance","","NA","CRISPR-Based Genome Editing","Base editing","33606978"
"NM_000051.4(ATM):c.3049C>T (p.Gln1017Ter)","chr11","108271378","C/T","ATM","-0.05","dataset0082","Nonsense","Neutral to the ATM-mediated anti-cell growth with Doxorubicin in MCF10A","ATM-mediated anti-cell growth with Doxorubicin","5","Functionally normal","Pathogenic/Likely pathogenic","6.19556e-07","NA","CRISPR-Based Genome Editing","Base editing","33606978"
"NM_000051.4(ATM):c.3059C>T (p.Thr1020Ile)","chr11","108271388","C/T","ATM","-0.086","dataset0082","Missense","Neutral to the ATM-mediated anti-cell growth with Doxorubicin in MCF10A","ATM-mediated anti-cell growth with Doxorubicin","5","Functionally normal","Uncertain significance","9.29329e-06","NA","CRISPR-Based Genome Editing","Base editing","33606978"
"NM_000051.4(ATM):c.3079C>T (p.His1027Tyr)","chr11","108272533","C/T","ATM","0.118","dataset0082","Missense","Neutral to the ATM-mediated anti-cell growth with Doxorubicin in MCF10A","ATM-mediated anti-cell growth with Doxorubicin","5","Functionally normal","","","NA","CRISPR-Based Genome Editing","Base editing","33606978"
"NM_000051.4(ATM):c.3136C>T (p.Leu1046Phe)","chr11","108272590","C/T","ATM","0.538","dataset0082","Missense","Neutral to the ATM-mediated anti-cell growth with Doxorubicin in MCF10A","ATM-mediated anti-cell growth with Doxorubicin","5","Functionally normal","Uncertain significance","6.19676e-07","NA","CRISPR-Based Genome Editing","Base editing","33606978"
"NM_000051.4(ATM):c.3151G>A (p.Glu1051Lys)","chr11","108272605","G/A","ATM","-0.344","dataset0082","Missense","Neutral to the ATM-mediated anti-cell growth with Doxorubicin in MCF10A","ATM-mediated anti-cell growth with Doxorubicin","5","Functionally normal","","","NA","CRISPR-Based Genome Editing","Base editing","33606978"
"NM_000051.4(ATM):c.3155C>T (p.Ala1052Val)","chr11","108272723","C/T","ATM","-0.538","dataset0082","Missense","Neutral to the ATM-mediated anti-cell growth with Doxorubicin in MCF10A","ATM-mediated anti-cell growth with Doxorubicin","5","Functionally normal","Conflicting classifications of pathogenicity","3.09832e-06","NA","CRISPR-Based Genome Editing","Base editing","33606978"
"NM_000051.4(ATM):c.3160C>T (p.Pro1054Ser)","chr11","108272728","C/T","ATM","-0.408","dataset0082","Missense","Neutral to the ATM-mediated anti-cell growth with Doxorubicin in MCF10A","ATM-mediated anti-cell growth with Doxorubicin","5","Functionally normal","Uncertain significance","3.71775e-06","NA","CRISPR-Based Genome Editing","Base editing","33606978"
"NM_000051.4(ATM):c.3175G>A (p.Ala1059Thr)","chr11","108272743","G/A","ATM","0.421","dataset0082","Missense","Neutral to the ATM-mediated anti-cell growth with Doxorubicin in MCF10A","ATM-mediated anti-cell growth with Doxorubicin","5","Functionally normal","Conflicting classifications of pathogenicity","1.17736e-05","NA","CRISPR-Based Genome Editing","Base editing","33606978"
"NM_000051.4(ATM):c.3176C>T (p.Ala1059Val)","chr11","108272744","C/T","ATM","-0.007","dataset0082","Missense","Neutral to the ATM-mediated anti-cell growth with Doxorubicin in MCF10A","ATM-mediated anti-cell growth with Doxorubicin","5","Functionally normal","Uncertain significance","3.09835e-06","NA","CRISPR-Based Genome Editing","Base editing","33606978"
"NM_000051.4(ATM):c.3192G>A (p.Met1064Ile)","chr11","108272760","G/A","ATM","-0.459","dataset0082","Missense","Neutral to the ATM-mediated anti-cell growth with Doxorubicin in MCF10A","ATM-mediated anti-cell growth with Doxorubicin","5","Functionally normal","Conflicting classifications of pathogenicity","6.19591e-07","NA","CRISPR-Based Genome Editing","Base editing","33606978"
"NM_000051.4(ATM):c.3193_3194delinsAA (p.Gly1065Lys)","chr11","108272761","GG/AA","ATM","-0.459","dataset0082","Missense","Neutral to the ATM-mediated anti-cell growth with Doxorubicin in MCF10A","ATM-mediated anti-cell growth with Doxorubicin","5","Functionally normal","","","NA","CRISPR-Based Genome Editing","Base editing","33606978"
"NM_000051.4(ATM):c.3193G>A (p.Gly1065Arg)","chr11","108272761","G/A","ATM","-0.459","dataset0082","Missense","Neutral to the ATM-mediated anti-cell growth with Doxorubicin in MCF10A","ATM-mediated anti-cell growth with Doxorubicin","5","Functionally normal","","","NA","CRISPR-Based Genome Editing","Base editing","33606978"
"NM_000051.4(ATM):c.3194G>A (p.Gly1065Glu)","chr11","108272762","G/A","ATM","-0.459","dataset0082","Missense","Neutral to the ATM-mediated anti-cell growth with Doxorubicin in MCF10A","ATM-mediated anti-cell growth with Doxorubicin","5","Functionally normal","Uncertain significance","1.23914e-06","NA","CRISPR-Based Genome Editing","Base editing","33606978"
"NM_000051.4(ATM):c.3247C>T (p.His1083Tyr)","chr11","108272815","C/T","ATM","-0.73","dataset0082","Missense","Neutral to the ATM-mediated anti-cell growth with Doxorubicin in MCF10A","ATM-mediated anti-cell growth with Doxorubicin","5","Functionally normal","Uncertain significance","1.23922e-06","NA","CRISPR-Based Genome Editing","Base editing","33606978"
"NM_000051.4(ATM):c.3250C>T (p.Gln1084Ter)","chr11","108272818","C/T","ATM","-0.73","dataset0082","Nonsense","Neutral to the ATM-mediated anti-cell growth with Doxorubicin in MCF10A","ATM-mediated anti-cell growth with Doxorubicin","5","Functionally normal","Pathogenic","","NA","CRISPR-Based Genome Editing","Base editing","33606978"
"NM_000051.4(ATM):c.3265G>A (p.Ala1089Thr)","chr11","108272833","G/A","ATM","-0.045","dataset0082","Missense","Neutral to the ATM-mediated anti-cell growth with Doxorubicin in MCF10A","ATM-mediated anti-cell growth with Doxorubicin","5","Functionally normal","Uncertain significance","6.19624e-07","NA","CRISPR-Based Genome Editing","Base editing","33606978"
"NM_000051.4(ATM):c.3266C>T (p.Ala1089Val)","chr11","108272834","C/T","ATM","0.348","dataset0082","Missense","Neutral to the ATM-mediated anti-cell growth with Doxorubicin in MCF10A","ATM-mediated anti-cell growth with Doxorubicin","5","Functionally normal","Uncertain significance","","NA","CRISPR-Based Genome Editing","Base editing","33606978"
"NM_000051.4(ATM):c.3268G>A (p.Ala1090Thr)","chr11","108272836","G/A","ATM","-0.045","dataset0082","Missense","Neutral to the ATM-mediated anti-cell growth with Doxorubicin in MCF10A","ATM-mediated anti-cell growth with Doxorubicin","5","Functionally normal","Uncertain significance","","NA","CRISPR-Based Genome Editing","Base editing","33606978"
"NM_000051.4(ATM):c.3269C>T (p.Ala1090Val)","chr11","108272837","C/T","ATM","0.348","dataset0082","Missense","Neutral to the ATM-mediated anti-cell growth with Doxorubicin in MCF10A","ATM-mediated anti-cell growth with Doxorubicin","5","Functionally normal","Uncertain significance","1.23915e-06","NA","CRISPR-Based Genome Editing","Base editing","33606978"
"NM_000051.4(ATM):c.3275C>T (p.Ser1092Leu)","chr11","108272843","C/T","ATM","-0.266","dataset0082","Missense","Neutral to the ATM-mediated anti-cell growth with Doxorubicin in MCF10A","ATM-mediated anti-cell growth with Doxorubicin","5","Functionally normal","Uncertain significance","6.19587e-07","NA","CRISPR-Based Genome Editing","Base editing","33606978"
"NM_000051.4(ATM):c.3299C>T (p.Thr1100Met)","chr11","108279505","C/T","ATM","-0.357","dataset0082","Missense","Neutral to the ATM-mediated anti-cell growth with Doxorubicin in MCF10A","ATM-mediated anti-cell growth with Doxorubicin","5","Functionally normal","Conflicting classifications of pathogenicity","1.05569e-05","NA","CRISPR-Based Genome Editing","Base editing","33606978"
"NM_000051.4(ATM):c.3307G>A (p.Asp1103Asn)","chr11","108279513","G/A","ATM","-0.049","dataset0082","Missense","Neutral to the ATM-mediated anti-cell growth with Doxorubicin in MCF10A","ATM-mediated anti-cell growth with Doxorubicin","5","Functionally normal","Conflicting classifications of pathogenicity","6.20157e-07","NA","CRISPR-Based Genome Editing","Base editing","33606978"
"NM_000051.4(ATM):c.3368C>T (p.Ala1123Val)","chr11","108279574","C/T","ATM","-0.04","dataset0082","Missense","Neutral to the ATM-mediated anti-cell growth with Doxorubicin in MCF10A","ATM-mediated anti-cell growth with Doxorubicin","5","Functionally normal","Uncertain significance","","NA","CRISPR-Based Genome Editing","Base editing","33606978"
"NM_000051.4(ATM):c.3413C>T (p.Ala1138Val)","chr11","108281005","C/T","ATM","-0.37","dataset0082","Missense","Neutral to the ATM-mediated anti-cell growth with Doxorubicin in MCF10A","ATM-mediated anti-cell growth with Doxorubicin","5","Functionally normal","Uncertain significance","","NA","CRISPR-Based Genome Editing","Base editing","33606978"
"NM_000051.4(ATM):c.3424G>A (p.Glu1142Lys)","chr11","108281016","G/A","ATM","0.022","dataset0082","Missense","Neutral to the ATM-mediated anti-cell growth with Doxorubicin in MCF10A","ATM-mediated anti-cell growth with Doxorubicin","5","Functionally normal","Uncertain significance","6.20024e-07","NA","CRISPR-Based Genome Editing","Base editing","33606978"
"NM_000051.4(ATM):c.3436G>A (p.Glu1146Lys)","chr11","108281028","G/A","ATM","-0.07","dataset0082","Missense","Neutral to the ATM-mediated anti-cell growth with Doxorubicin in MCF10A","ATM-mediated anti-cell growth with Doxorubicin","5","Functionally normal","Uncertain significance","","NA","CRISPR-Based Genome Editing","Base editing","33606978"
"NM_000051.4(ATM):c.3496_3497delinsTT (p.Pro1166Phe)","chr11","108281088","CC/TT","ATM","-0.493","dataset0082","Missense","Neutral to the ATM-mediated anti-cell growth with Doxorubicin in MCF10A","ATM-mediated anti-cell growth with Doxorubicin","5","Functionally normal","","","NA","CRISPR-Based Genome Editing","Base editing","33606978"
"NM_000051.4(ATM):c.3496C>T (p.Pro1166Ser)","chr11","108281088","C/T","ATM","-0.493","dataset0082","Missense","Neutral to the ATM-mediated anti-cell growth with Doxorubicin in MCF10A","ATM-mediated anti-cell growth with Doxorubicin","5","Functionally normal","Uncertain significance","","NA","CRISPR-Based Genome Editing","Base editing","33606978"
"NM_000051.4(ATM):c.3497C>T (p.Pro1166Leu)","chr11","108281089","C/T","ATM","-0.493","dataset0082","Missense","Neutral to the ATM-mediated anti-cell growth with Doxorubicin in MCF10A","ATM-mediated anti-cell growth with Doxorubicin","5","Functionally normal","","","NA","CRISPR-Based Genome Editing","Base editing","33606978"
"NM_000051.4(ATM):c.3503G>A (p.Cys1168Tyr)","chr11","108281095","G/A","ATM","0.635","dataset0082","Missense","Neutral to the ATM-mediated anti-cell growth with Doxorubicin in MCF10A","ATM-mediated anti-cell growth with Doxorubicin","5","Functionally normal","Uncertain significance","","NA","CRISPR-Based Genome Editing","Base editing","33606978"
"NM_000051.4(ATM):c.3505G>A (p.Glu1169Lys)","chr11","108281097","G/A","ATM","0.635","dataset0082","Missense","Neutral to the ATM-mediated anti-cell growth with Doxorubicin in MCF10A","ATM-mediated anti-cell growth with Doxorubicin","5","Functionally normal","Uncertain significance","6.81591e-06","NA","CRISPR-Based Genome Editing","Base editing","33606978"
"NM_000051.4(ATM):c.3514G>A (p.Ala1172Thr)","chr11","108281106","G/A","ATM","0.166","dataset0082","Missense","Neutral to the ATM-mediated anti-cell growth with Doxorubicin in MCF10A","ATM-mediated anti-cell growth with Doxorubicin","5","Functionally normal","","","NA","CRISPR-Based Genome Editing","Base editing","33606978"
"NM_000051.4(ATM):c.3536C>T (p.Ser1179Phe)","chr11","108281128","C/T","ATM","-0.128","dataset0082","Missense","Neutral to the ATM-mediated anti-cell growth with Doxorubicin in MCF10A","ATM-mediated anti-cell growth with Doxorubicin","5","Functionally normal","","","NA","CRISPR-Based Genome Editing","Base editing","33606978"
"NM_000051.4(ATM):c.3544G>A (p.Glu1182Lys)","chr11","108281136","G/A","ATM","0.055","dataset0082","Missense","Neutral to the ATM-mediated anti-cell growth with Doxorubicin in MCF10A","ATM-mediated anti-cell growth with Doxorubicin","5","Functionally normal","Uncertain significance","","NA","CRISPR-Based Genome Editing","Base editing","33606978"
"NM_000051.4(ATM):c.3559_3560delinsTT (p.Pro1187Phe)","chr11","108281151","CC/TT","ATM","-0.123","dataset0082","Missense","Neutral to the ATM-mediated anti-cell growth with Doxorubicin in MCF10A","ATM-mediated anti-cell growth with Doxorubicin","5","Functionally normal","","","NA","CRISPR-Based Genome Editing","Base editing","33606978"
"NM_000051.4(ATM):c.3559C>T (p.Pro1187Ser)","chr11","108281151","C/T","ATM","-0.123","dataset0082","Missense","Neutral to the ATM-mediated anti-cell growth with Doxorubicin in MCF10A","ATM-mediated anti-cell growth with Doxorubicin","5","Functionally normal","Uncertain significance","1.85895e-06","NA","CRISPR-Based Genome Editing","Base editing","33606978"
"NM_000051.4(ATM):c.3560C>T (p.Pro1187Leu)","chr11","108281152","C/T","ATM","-0.123","dataset0082","Missense","Neutral to the ATM-mediated anti-cell growth with Doxorubicin in MCF10A","ATM-mediated anti-cell growth with Doxorubicin","5","Functionally normal","","","NA","CRISPR-Based Genome Editing","Base editing","33606978"
"NM_000051.4(ATM):c.3562C>T (p.His1188Tyr)","chr11","108281154","C/T","ATM","-0.123","dataset0082","Missense","Neutral to the ATM-mediated anti-cell growth with Doxorubicin in MCF10A","ATM-mediated anti-cell growth with Doxorubicin","5","Functionally normal","Uncertain significance","6.1963e-07","NA","CRISPR-Based Genome Editing","Base editing","33606978"
"NM_000051.4(ATM):c.3613C>T (p.Arg1205Cys)","chr11","108282746","C/T","ATM","-0.479","dataset0082","Missense","Neutral to the ATM-mediated anti-cell growth with Doxorubicin in MCF10A","ATM-mediated anti-cell growth with Doxorubicin","5","Functionally normal","Conflicting classifications of pathogenicity","1.11584e-05","ucec:0.2% (1/529):0.480","CRISPR-Based Genome Editing","Base editing","33606978"
"NM_000051.4(ATM):c.3632C>T (p.Ala1211Val)","chr11","108282765","C/T","ATM","0.08","dataset0082","Missense","Neutral to the ATM-mediated anti-cell growth with Doxorubicin in MCF10A","ATM-mediated anti-cell growth with Doxorubicin","5","Functionally normal","Uncertain significance","","NA","CRISPR-Based Genome Editing","Base editing","33606978"
"NM_000051.4(ATM):c.3635C>T (p.Ser1212Phe)","chr11","108282768","C/T","ATM","0.08","dataset0082","Missense","Neutral to the ATM-mediated anti-cell growth with Doxorubicin in MCF10A","ATM-mediated anti-cell growth with Doxorubicin","5","Functionally normal","","","NA","CRISPR-Based Genome Editing","Base editing","33606978"
"NM_000051.4(ATM):c.3637C>T (p.His1213Tyr)","chr11","108282770","C/T","ATM","0.08","dataset0082","Missense","Neutral to the ATM-mediated anti-cell growth with Doxorubicin in MCF10A","ATM-mediated anti-cell growth with Doxorubicin","5","Functionally normal","Uncertain significance","","NA","CRISPR-Based Genome Editing","Base editing","33606978"
"NM_000051.4(ATM):c.3785G>A (p.Arg1262Lys)","chr11","108284265","G/A","ATM","0.903","dataset0082","Missense","Neutral to the ATM-mediated anti-cell growth with Doxorubicin in MCF10A","ATM-mediated anti-cell growth with Doxorubicin","5","Functionally normal","Uncertain significance","","NA","CRISPR-Based Genome Editing","Base editing","33606978"
"NM_000051.4(ATM):c.3788G>A (p.Ser1263Asn)","chr11","108284268","G/A","ATM","0.903","dataset0082","Missense","Neutral to the ATM-mediated anti-cell growth with Doxorubicin in MCF10A","ATM-mediated anti-cell growth with Doxorubicin","5","Functionally normal","","","NA","CRISPR-Based Genome Editing","Base editing","33606978"
"NM_000051.4(ATM):c.3815C>T (p.Ala1272Val)","chr11","108284295","C/T","ATM","-0.368","dataset0082","Missense","Neutral to the ATM-mediated anti-cell growth with Doxorubicin in MCF10A","ATM-mediated anti-cell growth with Doxorubicin","5","Functionally normal","","","NA","CRISPR-Based Genome Editing","Base editing","33606978"
"NM_000051.4(ATM):c.3820C>T (p.Gln1274Ter)","chr11","108284300","C/T","ATM","-0.688","dataset0082","Nonsense","Neutral to the ATM-mediated anti-cell growth with Doxorubicin in MCF10A","ATM-mediated anti-cell growth with Doxorubicin","5","Functionally normal","Conflicting classifications of pathogenicity","6.19708e-07","NA","CRISPR-Based Genome Editing","Base editing","33606978"
"NM_000051.4(ATM):c.3829G>A (p.Glu1277Lys)","chr11","108284309","G/A","ATM","0.193","dataset0082","Missense","Neutral to the ATM-mediated anti-cell growth with Doxorubicin in MCF10A","ATM-mediated anti-cell growth with Doxorubicin","5","Functionally normal","","","NA","CRISPR-Based Genome Editing","Base editing","33606978"
"NM_000051.4(ATM):c.3886_3887delinsTT (p.Pro1296Phe)","chr11","108284366","CC/TT","ATM","-0.23","dataset0082","Missense","Neutral to the ATM-mediated anti-cell growth with Doxorubicin in MCF10A","ATM-mediated anti-cell growth with Doxorubicin","5","Functionally normal","","","NA","CRISPR-Based Genome Editing","Base editing","33606978"
"NM_000051.4(ATM):c.3886C>T (p.Pro1296Ser)","chr11","108284366","C/T","ATM","-0.23","dataset0082","Missense","Neutral to the ATM-mediated anti-cell growth with Doxorubicin in MCF10A","ATM-mediated anti-cell growth with Doxorubicin","5","Functionally normal","Conflicting classifications of pathogenicity","","NA","CRISPR-Based Genome Editing","Base editing","33606978"
"NM_000051.4(ATM):c.3887C>T (p.Pro1296Leu)","chr11","108284367","C/T","ATM","-0.23","dataset0082","Missense","Neutral to the ATM-mediated anti-cell growth with Doxorubicin in MCF10A","ATM-mediated anti-cell growth with Doxorubicin","5","Functionally normal","Uncertain significance","","NA","CRISPR-Based Genome Editing","Base editing","33606978"
"NM_000051.4(ATM):c.3901G>A (p.Glu1301Lys)","chr11","108284381","G/A","ATM","-0.209","dataset0082","Missense","Neutral to the ATM-mediated anti-cell growth with Doxorubicin in MCF10A","ATM-mediated anti-cell growth with Doxorubicin","5","Functionally normal","Uncertain significance","","blca:0.2% (1/411):0.280","CRISPR-Based Genome Editing","Base editing","33606978"
"NM_000051.4(ATM):c.3904_3905delinsAA (p.Gly1302Asn)","chr11","108284384","GG/AA","ATM","-0.209","dataset0082","Missense","Neutral to the ATM-mediated anti-cell growth with Doxorubicin in MCF10A","ATM-mediated anti-cell growth with Doxorubicin","5","Functionally normal","","","NA","CRISPR-Based Genome Editing","Base editing","33606978"
"NM_000051.4(ATM):c.3904G>A (p.Gly1302Ser)","chr11","108284384","G/A","ATM","-0.209","dataset0082","Missense","Neutral to the ATM-mediated anti-cell growth with Doxorubicin in MCF10A","ATM-mediated anti-cell growth with Doxorubicin","5","Functionally normal","Conflicting classifications of pathogenicity","1.23929e-06","NA","CRISPR-Based Genome Editing","Base editing","33606978"
"NM_000051.4(ATM):c.3905G>A (p.Gly1302Asp)","chr11","108284385","G/A","ATM","-0.209","dataset0082","Missense","Neutral to the ATM-mediated anti-cell growth with Doxorubicin in MCF10A","ATM-mediated anti-cell growth with Doxorubicin","5","Functionally normal","Uncertain significance","6.19626e-07","NA","CRISPR-Based Genome Editing","Base editing","33606978"
"NM_000051.4(ATM):c.3908C>T (p.Thr1303Ile)","chr11","108284388","C/T","ATM","-0.113","dataset0082","Missense","Neutral to the ATM-mediated anti-cell growth with Doxorubicin in MCF10A","ATM-mediated anti-cell growth with Doxorubicin","5","Functionally normal","Uncertain significance","","NA","CRISPR-Based Genome Editing","Base editing","33606978"
"NM_000051.4(ATM):c.3911G>A (p.Arg1304Lys)","chr11","108284391","G/A","ATM","-0.111","dataset0082","Missense","Neutral to the ATM-mediated anti-cell growth with Doxorubicin in MCF10A","ATM-mediated anti-cell growth with Doxorubicin","5","Functionally normal","","","blca:0.2% (1/411):0.290","CRISPR-Based Genome Editing","Base editing","33606978"
"NM_000051.4(ATM):c.3913G>A (p.Asp1305Asn)","chr11","108284393","G/A","ATM","-0.111","dataset0082","Missense","Neutral to the ATM-mediated anti-cell growth with Doxorubicin in MCF10A","ATM-mediated anti-cell growth with Doxorubicin","5","Functionally normal","","","NA","CRISPR-Based Genome Editing","Base editing","33606978"
"NM_000051.4(ATM):c.3924G>A (p.Met1308Ile)","chr11","108284404","G/A","ATM","0.09","dataset0082","Missense","Neutral to the ATM-mediated anti-cell growth with Doxorubicin in MCF10A","ATM-mediated anti-cell growth with Doxorubicin","5","Functionally normal","","","NA","CRISPR-Based Genome Editing","Base editing","33606978"
"NM_000051.4(ATM):c.3925G>A (p.Ala1309Thr)","chr11","108284405","G/A","ATM","0.09","dataset0082","Missense","Neutral to the ATM-mediated anti-cell growth with Doxorubicin in MCF10A","ATM-mediated anti-cell growth with Doxorubicin","5","Functionally normal","Benign","0.00113514","NA","CRISPR-Based Genome Editing","Base editing","33606978"
"NM_000051.4(ATM):c.3963G>A (p.Met1321Ile)","chr11","108284443","G/A","ATM","0.027","dataset0082","Missense","Neutral to the ATM-mediated anti-cell growth with Doxorubicin in MCF10A","ATM-mediated anti-cell growth with Doxorubicin","5","Functionally normal","Conflicting classifications of pathogenicity","2.97415e-05","NA","CRISPR-Based Genome Editing","Base editing","33606978"
"NM_000051.4(ATM):c.4021C>T (p.Pro1341Ser)","chr11","108287627","C/T","ATM","-0.249","dataset0082","Missense","Neutral to the ATM-mediated anti-cell growth with Doxorubicin in MCF10A","ATM-mediated anti-cell growth with Doxorubicin","5","Functionally normal","","","NA","CRISPR-Based Genome Editing","Base editing","33606978"
"NM_000051.4(ATM):c.4036G>A (p.Glu1346Lys)","chr11","108287642","G/A","ATM","0.129","dataset0082","Missense","Neutral to the ATM-mediated anti-cell growth with Doxorubicin in MCF10A","ATM-mediated anti-cell growth with Doxorubicin","5","Functionally normal","","6.19697e-07","NA","CRISPR-Based Genome Editing","Base editing","33606978"
"NM_000051.4(ATM):c.4075G>A (p.Ala1359Thr)","chr11","108287681","G/A","ATM","0.419","dataset0082","Missense","Neutral to the ATM-mediated anti-cell growth with Doxorubicin in MCF10A","ATM-mediated anti-cell growth with Doxorubicin","5","Functionally normal","Uncertain significance","6.19695e-07","NA","CRISPR-Based Genome Editing","Base editing","33606978"
"NM_000051.4(ATM):c.4079G>A (p.Ser1360Asn)","chr11","108287685","G/A","ATM","0.419","dataset0082","Missense","Neutral to the ATM-mediated anti-cell growth with Doxorubicin in MCF10A","ATM-mediated anti-cell growth with Doxorubicin","5","Functionally normal","Uncertain significance","6.81793e-06","NA","CRISPR-Based Genome Editing","Base editing","33606978"
"NM_000051.4(ATM):c.4093C>T (p.Leu1365Phe)","chr11","108287699","C/T","ATM","0.113","dataset0082","Missense","Neutral to the ATM-mediated anti-cell growth with Doxorubicin in MCF10A","ATM-mediated anti-cell growth with Doxorubicin","5","Functionally normal","Uncertain significance","","NA","CRISPR-Based Genome Editing","Base editing","33606978"
"NM_000051.4(ATM):c.4108_4109delinsAA (p.Gly1370Lys)","chr11","108287714","GG/AA","ATM","-1.081","dataset0082","Missense","Neutral to the ATM-mediated anti-cell growth with Doxorubicin in MCF10A","ATM-mediated anti-cell growth with Doxorubicin","5","Functionally normal","","","NA","CRISPR-Based Genome Editing","Base editing","33606978"
"NM_000051.4(ATM):c.4108G>A (p.Gly1370Arg)","chr11","108287714","G/A","ATM","-1.081","dataset0082","Missense","Neutral to the ATM-mediated anti-cell growth with Doxorubicin in MCF10A","ATM-mediated anti-cell growth with Doxorubicin","5","Functionally normal","","","NA","CRISPR-Based Genome Editing","Base editing","33606978"
"NM_000051.4(ATM):c.4109G>A (p.Gly1370Glu)","chr11","108287715","G/A","ATM","-1.081","dataset0082","Missense","Neutral to the ATM-mediated anti-cell growth with Doxorubicin in MCF10A","ATM-mediated anti-cell growth with Doxorubicin","5","Functionally normal","","","NA","CRISPR-Based Genome Editing","Base editing","33606978"
"NM_000051.4(ATM):c.4111G>A (p.Asp1371Asn)","chr11","108288978","G/A","ATM","0.172","dataset0082","Missense","Neutral to the ATM-mediated anti-cell growth with Doxorubicin in MCF10A","ATM-mediated anti-cell growth with Doxorubicin","5","Functionally normal","Uncertain significance","","NA","CRISPR-Based Genome Editing","Base editing","33606978"
"NM_000051.4(ATM):c.4153G>A (p.Val1385Met)","chr11","108289020","G/A","ATM","0.911","dataset0082","Missense","Neutral to the ATM-mediated anti-cell growth with Doxorubicin in MCF10A","ATM-mediated anti-cell growth with Doxorubicin","5","Functionally normal","Uncertain significance","","NA","CRISPR-Based Genome Editing","Base editing","33606978"
"NM_000051.4(ATM):c.4162G>A (p.Ala1388Thr)","chr11","108289029","G/A","ATM","0.052","dataset0082","Missense","Neutral to the ATM-mediated anti-cell growth with Doxorubicin in MCF10A","ATM-mediated anti-cell growth with Doxorubicin","5","Functionally normal","Uncertain significance","","NA","CRISPR-Based Genome Editing","Base editing","33606978"
"NM_000051.4(ATM):c.4187G>A (p.Cys1396Tyr)","chr11","108289054","G/A","ATM","0.056","dataset0082","Missense","Neutral to the ATM-mediated anti-cell growth with Doxorubicin in MCF10A","ATM-mediated anti-cell growth with Doxorubicin","5","Functionally normal","","","NA","CRISPR-Based Genome Editing","Base editing","33606978"
"NM_000051.4(ATM):c.4216G>A (p.Glu1406Lys)","chr11","108289083","G/A","ATM","-0.732","dataset0082","Missense","Neutral to the ATM-mediated anti-cell growth with Doxorubicin in MCF10A","ATM-mediated anti-cell growth with Doxorubicin","5","Functionally normal","","","NA","CRISPR-Based Genome Editing","Base editing","33606978"
"NM_000051.4(ATM):c.4261G>A (p.Ala1421Thr)","chr11","108289626","G/A","ATM","-0.431","dataset0082","Missense","Neutral to the ATM-mediated anti-cell growth with Doxorubicin in MCF10A","ATM-mediated anti-cell growth with Doxorubicin","5","Functionally normal","Uncertain significance","","NA","CRISPR-Based Genome Editing","Base editing","33606978"
"NM_000051.4(ATM):c.4279G>A (p.Ala1427Thr)","chr11","108289644","G/A","ATM","0.159","dataset0082","Missense","Neutral to the ATM-mediated anti-cell growth with Doxorubicin in MCF10A","ATM-mediated anti-cell growth with Doxorubicin","5","Functionally normal","Conflicting classifications of pathogenicity","4.28256e-05","NA","CRISPR-Based Genome Editing","Base editing","33606978"
"NM_000051.4(ATM):c.4282G>A (p.Glu1428Lys)","chr11","108289647","G/A","ATM","0.159","dataset0082","Missense","Neutral to the ATM-mediated anti-cell growth with Doxorubicin in MCF10A","ATM-mediated anti-cell growth with Doxorubicin","5","Functionally normal","Uncertain significance","2.48265e-06","NA","CRISPR-Based Genome Editing","Base editing","33606978"
"NM_000051.4(ATM):c.4420C>T (p.His1474Tyr)","chr11","108289785","C/T","ATM","-0.327","dataset0082","Missense","Neutral to the ATM-mediated anti-cell growth with Doxorubicin in MCF10A","ATM-mediated anti-cell growth with Doxorubicin","5","Functionally normal","","","NA","CRISPR-Based Genome Editing","Base editing","33606978"
"NM_000051.4(ATM):c.4438C>T (p.Pro1480Ser)","chr11","108292620","C/T","ATM","0.449","dataset0082","Missense","Neutral to the ATM-mediated anti-cell growth with Doxorubicin in MCF10A","ATM-mediated anti-cell growth with Doxorubicin","5","Functionally normal","Uncertain significance","","NA","CRISPR-Based Genome Editing","Base editing","33606978"
"NM_000051.4(ATM):c.4445G>A (p.Cys1482Tyr)","chr11","108292627","G/A","ATM","-0.435","dataset0082","Missense","Neutral to the ATM-mediated anti-cell growth with Doxorubicin in MCF10A","ATM-mediated anti-cell growth with Doxorubicin","5","Functionally normal","Conflicting classifications of pathogenicity","2.10752e-05","NA","CRISPR-Based Genome Editing","Base editing","33606978"
"NM_000051.4(ATM):c.4453G>A (p.Asp1485Asn)","chr11","108292635","G/A","ATM","-0.224","dataset0082","Missense","Neutral to the ATM-mediated anti-cell growth with Doxorubicin in MCF10A","ATM-mediated anti-cell growth with Doxorubicin","5","Functionally normal","","6.19649e-07","NA","CRISPR-Based Genome Editing","Base editing","33606978"
"NM_000051.4(ATM):c.4456G>A (p.Val1486Met)","chr11","108292638","G/A","ATM","-0.224","dataset0082","Missense","Neutral to the ATM-mediated anti-cell growth with Doxorubicin in MCF10A","ATM-mediated anti-cell growth with Doxorubicin","5","Functionally normal","Uncertain significance","1.23946e-06","NA","CRISPR-Based Genome Editing","Base editing","33606978"
"NM_000051.4(ATM):c.4496G>A (p.Ser1499Asn)","chr11","108292678","G/A","ATM","0.387","dataset0082","Missense","Neutral to the ATM-mediated anti-cell growth with Doxorubicin in MCF10A","ATM-mediated anti-cell growth with Doxorubicin","5","Functionally normal","","","NA","CRISPR-Based Genome Editing","Base editing","33606978"
"NM_000051.4(ATM):c.4511C>T (p.Thr1504Ile)","chr11","108292693","C/T","ATM","-0.504","dataset0082","Missense","Neutral to the ATM-mediated anti-cell growth with Doxorubicin in MCF10A","ATM-mediated anti-cell growth with Doxorubicin","5","Functionally normal","Uncertain significance","6.19625e-07","NA","CRISPR-Based Genome Editing","Base editing","33606978"
"NM_000051.4(ATM):c.4514C>T (p.Ala1505Val)","chr11","108292696","C/T","ATM","-0.504","dataset0082","Missense","Neutral to the ATM-mediated anti-cell growth with Doxorubicin in MCF10A","ATM-mediated anti-cell growth with Doxorubicin","5","Functionally normal","Uncertain significance","","NA","CRISPR-Based Genome Editing","Base editing","33606978"
"NM_000051.4(ATM):c.4526G>A (p.Cys1509Tyr)","chr11","108292708","G/A","ATM","-0.797","dataset0082","Missense","Neutral to the ATM-mediated anti-cell growth with Doxorubicin in MCF10A","ATM-mediated anti-cell growth with Doxorubicin","5","Functionally normal","Uncertain significance","","NA","CRISPR-Based Genome Editing","Base editing","33606978"
"NM_000051.4(ATM):c.4531G>A (p.Asp1511Asn)","chr11","108292713","G/A","ATM","0.842","dataset0082","Missense","Neutral to the ATM-mediated anti-cell growth with Doxorubicin in MCF10A","ATM-mediated anti-cell growth with Doxorubicin","5","Functionally normal","Uncertain significance","","NA","CRISPR-Based Genome Editing","Base editing","33606978"
"NM_000051.4(ATM):c.4534G>A (p.Ala1512Thr)","chr11","108292716","G/A","ATM","0.842","dataset0082","Missense","Neutral to the ATM-mediated anti-cell growth with Doxorubicin in MCF10A","ATM-mediated anti-cell growth with Doxorubicin","5","Functionally normal","Uncertain significance","4.33732e-06","NA","CRISPR-Based Genome Editing","Base editing","33606978"
"NM_000051.4(ATM):c.4546C>T (p.His1516Tyr)","chr11","108292728","C/T","ATM","0.218","dataset0082","Missense","Neutral to the ATM-mediated anti-cell growth with Doxorubicin in MCF10A","ATM-mediated anti-cell growth with Doxorubicin","5","Functionally normal","Uncertain significance","1.85906e-06","NA","CRISPR-Based Genome Editing","Base editing","33606978"
"NM_000051.4(ATM):c.4549C>T (p.Leu1517Phe)","chr11","108292731","C/T","ATM","0.218","dataset0082","Missense","Neutral to the ATM-mediated anti-cell growth with Doxorubicin in MCF10A","ATM-mediated anti-cell growth with Doxorubicin","5","Functionally normal","Uncertain significance","8.0548e-06","NA","CRISPR-Based Genome Editing","Base editing","33606978"
"NM_000051.4(ATM):c.4561G>A (p.Val1521Ile)","chr11","108292743","G/A","ATM","-1.562","dataset0082","Missense","Neutral to the ATM-mediated anti-cell growth with Doxorubicin in MCF10A","ATM-mediated anti-cell growth with Doxorubicin","5","Functionally normal","Uncertain significance","","NA","CRISPR-Based Genome Editing","Base editing","33606978"
"NM_000051.4(ATM):c.4564_4565delinsAA (p.Gly1522Asn)","chr11","108292746","GG/AA","ATM","-1.562","dataset0082","Missense","Neutral to the ATM-mediated anti-cell growth with Doxorubicin in MCF10A","ATM-mediated anti-cell growth with Doxorubicin","5","Functionally normal","","","NA","CRISPR-Based Genome Editing","Base editing","33606978"
"NM_000051.4(ATM):c.4564G>A (p.Gly1522Ser)","chr11","108292746","G/A","ATM","-1.562","dataset0082","Missense","Neutral to the ATM-mediated anti-cell growth with Doxorubicin in MCF10A","ATM-mediated anti-cell growth with Doxorubicin","5","Functionally normal","Uncertain significance","4.95767e-06","NA","CRISPR-Based Genome Editing","Base editing","33606978"
"NM_000051.4(ATM):c.4565G>A (p.Gly1522Asp)","chr11","108292747","G/A","ATM","-1.562","dataset0082","Missense","Neutral to the ATM-mediated anti-cell growth with Doxorubicin in MCF10A","ATM-mediated anti-cell growth with Doxorubicin","5","Functionally normal","Uncertain significance","","NA","CRISPR-Based Genome Editing","Base editing","33606978"
"NM_000051.4(ATM):c.4576_4577delinsTT (p.Pro1526Phe)","chr11","108292758","CC/TT","ATM","-2.778","dataset0082","Missense","Neutral to the ATM-mediated anti-cell growth with Doxorubicin in MCF10A","ATM-mediated anti-cell growth with Doxorubicin","5","Functionally normal","","","NA","CRISPR-Based Genome Editing","Base editing","33606978"
"NM_000051.4(ATM):c.4576C>T (p.Pro1526Ser)","chr11","108292758","C/T","ATM","-2.778","dataset0082","Missense","Neutral to the ATM-mediated anti-cell growth with Doxorubicin in MCF10A","ATM-mediated anti-cell growth with Doxorubicin","5","Functionally normal","Conflicting classifications of pathogenicity","6.19587e-07","NA","CRISPR-Based Genome Editing","Base editing","33606978"
"NM_000051.4(ATM):c.4577C>T (p.Pro1526Leu)","chr11","108292759","C/T","ATM","-1.946","dataset0082","Missense","Neutral to the ATM-mediated anti-cell growth with Doxorubicin in MCF10A","ATM-mediated anti-cell growth with Doxorubicin","5","Functionally normal","Uncertain significance","1.8589e-06","NA","CRISPR-Based Genome Editing","Base editing","33606978"
"NM_000051.4(ATM):c.4579C>T (p.Leu1527Phe)","chr11","108292761","C/T","ATM","-1.946","dataset0082","Missense","Neutral to the ATM-mediated anti-cell growth with Doxorubicin in MCF10A","ATM-mediated anti-cell growth with Doxorubicin","5","Functionally normal","Uncertain significance","1.23917e-06","NA","CRISPR-Based Genome Editing","Base editing","33606978"
"NM_000051.4(ATM):c.4594G>A (p.Val1532Met)","chr11","108292776","G/A","ATM","-0.095","dataset0082","Missense","Neutral to the ATM-mediated anti-cell growth with Doxorubicin in MCF10A","ATM-mediated anti-cell growth with Doxorubicin","5","Functionally normal","Uncertain significance","","NA","CRISPR-Based Genome Editing","Base editing","33606978"
"NM_000051.4(ATM):c.4597G>A (p.Glu1533Lys)","chr11","108292779","G/A","ATM","-0.2","dataset0082","Missense","Neutral to the ATM-mediated anti-cell growth with Doxorubicin in MCF10A","ATM-mediated anti-cell growth with Doxorubicin","5","Functionally normal","","","NA","CRISPR-Based Genome Editing","Base editing","33606978"
"NM_000051.4(ATM):c.4697C>T (p.Pro1566Leu)","chr11","108293398","C/T","ATM","-0.556","dataset0082","Missense","Neutral to the ATM-mediated anti-cell growth with Doxorubicin in MCF10A","ATM-mediated anti-cell growth with Doxorubicin","5","Functionally normal","","","NA","CRISPR-Based Genome Editing","Base editing","33606978"
"NM_000051.4(ATM):c.4702C>T (p.His1568Tyr)","chr11","108293403","C/T","ATM","-0.556","dataset0082","Missense","Neutral to the ATM-mediated anti-cell growth with Doxorubicin in MCF10A","ATM-mediated anti-cell growth with Doxorubicin","5","Functionally normal","Conflicting classifications of pathogenicity","6.20744e-06","NA","CRISPR-Based Genome Editing","Base editing","33606978"
"NM_000051.4(ATM):c.4705G>A (p.Val1569Ile)","chr11","108293406","G/A","ATM","-0.593","dataset0082","Missense","Neutral to the ATM-mediated anti-cell growth with Doxorubicin in MCF10A","ATM-mediated anti-cell growth with Doxorubicin","5","Functionally normal","Uncertain significance","","NA","CRISPR-Based Genome Editing","Base editing","33606978"
"NM_000051.4(ATM):c.4708G>A (p.Val1570Ile)","chr11","108293409","G/A","ATM","-0.593","dataset0082","Missense","Neutral to the ATM-mediated anti-cell growth with Doxorubicin in MCF10A","ATM-mediated anti-cell growth with Doxorubicin","5","Functionally normal","Uncertain significance","","NA","CRISPR-Based Genome Editing","Base editing","33606978"
"NM_000051.4(ATM):c.4717G>A (p.Asp1573Asn)","chr11","108293418","G/A","ATM","-0.213","dataset0082","Missense","Neutral to the ATM-mediated anti-cell growth with Doxorubicin in MCF10A","ATM-mediated anti-cell growth with Doxorubicin","5","Functionally normal","","","NA","CRISPR-Based Genome Editing","Base editing","33606978"
"NM_000051.4(ATM):c.4759_4760delinsTT (p.Pro1587Phe)","chr11","108293460","CC/TT","ATM","0.304","dataset0082","Missense","Neutral to the ATM-mediated anti-cell growth with Doxorubicin in MCF10A","ATM-mediated anti-cell growth with Doxorubicin","5","Functionally normal","","","NA","CRISPR-Based Genome Editing","Base editing","33606978"
"NM_000051.4(ATM):c.4759C>T (p.Pro1587Ser)","chr11","108293460","C/T","ATM","0.438","dataset0082","Missense","Neutral to the ATM-mediated anti-cell growth with Doxorubicin in MCF10A","ATM-mediated anti-cell growth with Doxorubicin","5","Functionally normal","","","NA","CRISPR-Based Genome Editing","Base editing","33606978"
"NM_000051.4(ATM):c.4760C>T (p.Pro1587Leu)","chr11","108293461","C/T","ATM","0.304","dataset0082","Missense","Neutral to the ATM-mediated anti-cell growth with Doxorubicin in MCF10A","ATM-mediated anti-cell growth with Doxorubicin","5","Functionally normal","","","NA","CRISPR-Based Genome Editing","Base editing","33606978"
"NM_000051.4(ATM):c.4774G>A (p.Glu1592Lys)","chr11","108293475","G/A","ATM","-0.742","dataset0082","Missense","Neutral to the ATM-mediated anti-cell growth with Doxorubicin in MCF10A","ATM-mediated anti-cell growth with Doxorubicin","5","Functionally normal","","","NA","CRISPR-Based Genome Editing","Base editing","33606978"
"NM_000051.4(ATM):c.4802G>A (p.Ser1601Asn)","chr11","108294952","G/A","ATM","-0.892","dataset0082","Missense","Neutral to the ATM-mediated anti-cell growth with Doxorubicin in MCF10A","ATM-mediated anti-cell growth with Doxorubicin","5","Functionally normal","Conflicting classifications of pathogenicity","3.22217e-05","NA","CRISPR-Based Genome Editing","Base editing","33606978"
"NM_000051.4(ATM):c.4804G>A (p.Val1602Ile)","chr11","108294954","G/A","ATM","-0.892","dataset0082","Missense","Neutral to the ATM-mediated anti-cell growth with Doxorubicin in MCF10A","ATM-mediated anti-cell growth with Doxorubicin","5","Functionally normal","Uncertain significance","","NA","CRISPR-Based Genome Editing","Base editing","33606978"
"NM_000051.4(ATM):c.4819C>T (p.Pro1607Ser)","chr11","108294969","C/T","ATM","0.188","dataset0082","Missense","Neutral to the ATM-mediated anti-cell growth with Doxorubicin in MCF10A","ATM-mediated anti-cell growth with Doxorubicin","5","Functionally normal","","","NA","CRISPR-Based Genome Editing","Base editing","33606978"
"NM_000051.4(ATM):c.4820C>T (p.Pro1607Leu)","chr11","108294970","C/T","ATM","0.188","dataset0082","Missense","Neutral to the ATM-mediated anti-cell growth with Doxorubicin in MCF10A","ATM-mediated anti-cell growth with Doxorubicin","5","Functionally normal","Uncertain significance","","NA","CRISPR-Based Genome Editing","Base editing","33606978"
"NM_000051.4(ATM):c.4826C>T (p.Thr1609Ile)","chr11","108294976","C/T","ATM","-0.24","dataset0082","Missense","Neutral to the ATM-mediated anti-cell growth with Doxorubicin in MCF10A","ATM-mediated anti-cell growth with Doxorubicin","5","Functionally normal","Uncertain significance","","NA","CRISPR-Based Genome Editing","Base editing","33606978"
"NM_000051.4(ATM):c.4831C>T (p.Leu1611Phe)","chr11","108294981","C/T","ATM","-0.24","dataset0082","Missense","Neutral to the ATM-mediated anti-cell growth with Doxorubicin in MCF10A","ATM-mediated anti-cell growth with Doxorubicin","5","Functionally normal","Uncertain significance","","NA","CRISPR-Based Genome Editing","Base editing","33606978"
"NM_000051.4(ATM):c.4834G>A (p.Glu1612Lys)","chr11","108294984","G/A","ATM","-0.771","dataset0082","Missense","Neutral to the ATM-mediated anti-cell growth with Doxorubicin in MCF10A","ATM-mediated anti-cell growth with Doxorubicin","5","Functionally normal","","6.19619e-07","NA","CRISPR-Based Genome Editing","Base editing","33606978"
"NM_000051.4(ATM):c.4837_4838delinsAA (p.Gly1613Lys)","chr11","108294987","GG/AA","ATM","-0.771","dataset0082","Missense","Neutral to the ATM-mediated anti-cell growth with Doxorubicin in MCF10A","ATM-mediated anti-cell growth with Doxorubicin","5","Functionally normal","","","NA","CRISPR-Based Genome Editing","Base editing","33606978"
"NM_000051.4(ATM):c.4837G>A (p.Gly1613Arg)","chr11","108294987","G/A","ATM","-0.771","dataset0082","Missense","Neutral to the ATM-mediated anti-cell growth with Doxorubicin in MCF10A","ATM-mediated anti-cell growth with Doxorubicin","5","Functionally normal","","","NA","CRISPR-Based Genome Editing","Base editing","33606978"
"NM_000051.4(ATM):c.4838G>A (p.Gly1613Glu)","chr11","108294988","G/A","ATM","-0.771","dataset0082","Missense","Neutral to the ATM-mediated anti-cell growth with Doxorubicin in MCF10A","ATM-mediated anti-cell growth with Doxorubicin","5","Functionally normal","Uncertain significance","","NA","CRISPR-Based Genome Editing","Base editing","33606978"
"NM_000051.4(ATM):c.4849C>T (p.Leu1617Phe)","chr11","108294999","C/T","ATM","0.448","dataset0082","Missense","Neutral to the ATM-mediated anti-cell growth with Doxorubicin in MCF10A","ATM-mediated anti-cell growth with Doxorubicin","5","Functionally normal","","","NA","CRISPR-Based Genome Editing","Base editing","33606978"
"NM_000051.4(ATM):c.4870C>T (p.His1624Tyr)","chr11","108295020","C/T","ATM","-0.477","dataset0082","Missense","Neutral to the ATM-mediated anti-cell growth with Doxorubicin in MCF10A","ATM-mediated anti-cell growth with Doxorubicin","5","Functionally normal","","","NA","CRISPR-Based Genome Editing","Base editing","33606978"
"NM_000051.4(ATM):c.4915C>T (p.Pro1639Ser)","chr11","108297292","C/T","ATM","0.166","dataset0082","Missense","Neutral to the ATM-mediated anti-cell growth with Doxorubicin in MCF10A","ATM-mediated anti-cell growth with Doxorubicin","5","Functionally normal","Uncertain significance","","NA","CRISPR-Based Genome Editing","Base editing","33606978"
"NM_000051.4(ATM):c.4916C>T (p.Pro1639Leu)","chr11","108297293","C/T","ATM","0.166","dataset0082","Missense","Neutral to the ATM-mediated anti-cell growth with Doxorubicin in MCF10A","ATM-mediated anti-cell growth with Doxorubicin","5","Functionally normal","Uncertain significance","1.23969e-05","NA","CRISPR-Based Genome Editing","Base editing","33606978"
"NM_000051.4(ATM):c.4918C>T (p.Gln1640Ter)","chr11","108297295","C/T","ATM","0.166","dataset0082","Nonsense","Neutral to the ATM-mediated anti-cell growth with Doxorubicin in MCF10A","ATM-mediated anti-cell growth with Doxorubicin","5","Functionally normal","Pathogenic","","NA","CRISPR-Based Genome Editing","Base editing","33606978"
"NM_000051.4(ATM):c.4932G>A (p.Met1644Ile)","chr11","108297309","G/A","ATM","-0.104","dataset0082","Missense","Neutral to the ATM-mediated anti-cell growth with Doxorubicin in MCF10A","ATM-mediated anti-cell growth with Doxorubicin","5","Functionally normal","Uncertain significance","1.23929e-06","ucec:0.2% (1/529):0.280","CRISPR-Based Genome Editing","Base editing","33606978"
"NM_000051.4(ATM):c.4933G>A (p.Val1645Met)","chr11","108297310","G/A","ATM","-0.104","dataset0082","Missense","Neutral to the ATM-mediated anti-cell growth with Doxorubicin in MCF10A","ATM-mediated anti-cell growth with Doxorubicin","5","Functionally normal","","","NA","CRISPR-Based Genome Editing","Base editing","33606978"
"NM_000051.4(ATM):c.4973C>T (p.Ala1658Val)","chr11","108297350","C/T","ATM","-0.558","dataset0082","Missense","Neutral to the ATM-mediated anti-cell growth with Doxorubicin in MCF10A","ATM-mediated anti-cell growth with Doxorubicin","5","Functionally normal","","","ucec:0.2% (1/529):0.270","CRISPR-Based Genome Editing","Base editing","33606978"
"NM_000051.4(ATM):c.4996G>A (p.Glu1666Lys)","chr11","108297373","G/A","ATM","-0.87","dataset0082","Missense","Neutral to the ATM-mediated anti-cell growth with Doxorubicin in MCF10A","ATM-mediated anti-cell growth with Doxorubicin","5","Functionally normal","Uncertain significance","","NA","CRISPR-Based Genome Editing","Base editing","33606978"
"NM_000051.4(ATM):c.4999G>A (p.Val1667Ile)","chr11","108297376","G/A","ATM","-0.87","dataset0082","Missense","Neutral to the ATM-mediated anti-cell growth with Doxorubicin in MCF10A","ATM-mediated anti-cell growth with Doxorubicin","5","Functionally normal","Uncertain significance","","NA","CRISPR-Based Genome Editing","Base editing","33606978"
"NM_000051.4(ATM):c.5009C>T (p.Ala1670Val)","chr11","108299717","C/T","ATM","-0.136","dataset0082","Missense","Neutral to the ATM-mediated anti-cell growth with Doxorubicin in MCF10A","ATM-mediated anti-cell growth with Doxorubicin","5","Functionally normal","Conflicting classifications of pathogenicity","7.43748e-06","NA","CRISPR-Based Genome Editing","Base editing","33606978"
"NM_000051.4(ATM):c.5072G>A (p.Ser1691Asn)","chr11","108299780","G/A","ATM","-0.333","dataset0082","Missense","Neutral to the ATM-mediated anti-cell growth with Doxorubicin in MCF10A","ATM-mediated anti-cell growth with Doxorubicin","5","Functionally normal","","6.19584e-07","NA","CRISPR-Based Genome Editing","Base editing","33606978"
"NM_000051.4(ATM):c.5110G>A (p.Glu1704Lys)","chr11","108299818","G/A","ATM","-0.939","dataset0082","Missense","Neutral to the ATM-mediated anti-cell growth with Doxorubicin in MCF10A","ATM-mediated anti-cell growth with Doxorubicin","5","Functionally normal","","6.19639e-07","NA","CRISPR-Based Genome Editing","Base editing","33606978"
"NM_000051.4(ATM):c.5113G>A (p.Asp1705Asn)","chr11","108299821","G/A","ATM","-0.657","dataset0082","Missense","Neutral to the ATM-mediated anti-cell growth with Doxorubicin in MCF10A","ATM-mediated anti-cell growth with Doxorubicin","5","Functionally normal","Conflicting classifications of pathogenicity","6.19638e-07","blca:0.2% (1/411):0.190","CRISPR-Based Genome Editing","Base editing","33606978"
"NM_000051.4(ATM):c.5147C>T (p.Thr1716Ile)","chr11","108299855","C/T","ATM","-0.455","dataset0082","Missense","Neutral to the ATM-mediated anti-cell growth with Doxorubicin in MCF10A","ATM-mediated anti-cell growth with Doxorubicin","5","Functionally normal","Uncertain significance","","NA","CRISPR-Based Genome Editing","Base editing","33606978"
"NM_000051.4(ATM):c.5162C>T (p.Thr1721Ile)","chr11","108299870","C/T","ATM","0.025","dataset0082","Missense","Neutral to the ATM-mediated anti-cell growth with Doxorubicin in MCF10A","ATM-mediated anti-cell growth with Doxorubicin","5","Functionally normal","Uncertain significance","","NA","CRISPR-Based Genome Editing","Base editing","33606978"
"NM_000051.4(ATM):c.5167G>A (p.Val1723Ile)","chr11","108299875","G/A","ATM","-0.406","dataset0082","Missense","Neutral to the ATM-mediated anti-cell growth with Doxorubicin in MCF10A","ATM-mediated anti-cell growth with Doxorubicin","5","Functionally normal","Uncertain significance","1.23952e-06","NA","CRISPR-Based Genome Editing","Base editing","33606978"
"NM_000051.4(ATM):c.5170G>A (p.Glu1724Lys)","chr11","108299878","G/A","ATM","-0.353","dataset0082","Missense","Neutral to the ATM-mediated anti-cell growth with Doxorubicin in MCF10A","ATM-mediated anti-cell growth with Doxorubicin","5","Functionally normal","","","NA","CRISPR-Based Genome Editing","Base editing","33606978"
"NM_000051.4(ATM):c.5224G>A (p.Ala1742Thr)","chr11","108301694","G/A","ATM","-0.343","dataset0082","Missense","Neutral to the ATM-mediated anti-cell growth with Doxorubicin in MCF10A","ATM-mediated anti-cell growth with Doxorubicin","5","Functionally normal","","","NA","CRISPR-Based Genome Editing","Base editing","33606978"
"NM_000051.4(ATM):c.5234C>T (p.Thr1745Ile)","chr11","108301704","C/T","ATM","-0.195","dataset0082","Missense","Neutral to the ATM-mediated anti-cell growth with Doxorubicin in MCF10A","ATM-mediated anti-cell growth with Doxorubicin","5","Functionally normal","","","NA","CRISPR-Based Genome Editing","Base editing","33606978"
"NM_000051.4(ATM):c.5243G>A (p.Ser1748Asn)","chr11","108301713","G/A","ATM","-0.225","dataset0082","Missense","Neutral to the ATM-mediated anti-cell growth with Doxorubicin in MCF10A","ATM-mediated anti-cell growth with Doxorubicin","5","Functionally normal","","","NA","CRISPR-Based Genome Editing","Base editing","33606978"
"NM_000051.4(ATM):c.5267C>T (p.Thr1756Ile)","chr11","108301737","C/T","ATM","-0.749","dataset0082","Missense","Neutral to the ATM-mediated anti-cell growth with Doxorubicin in MCF10A","ATM-mediated anti-cell growth with Doxorubicin","5","Functionally normal","","","NA","CRISPR-Based Genome Editing","Base editing","33606978"
"NM_000051.4(ATM):c.5303G>A (p.Arg1768Lys)","chr11","108301773","G/A","ATM","-0.412","dataset0082","Missense","Neutral to the ATM-mediated anti-cell growth with Doxorubicin in MCF10A","ATM-mediated anti-cell growth with Doxorubicin","5","Functionally normal","Uncertain significance","","NA","CRISPR-Based Genome Editing","Base editing","33606978"
"NM_000051.4(ATM):c.5312G>A (p.Arg1771Lys)","chr11","108301782","G/A","ATM","-0.535","dataset0082","Missense","Neutral to the ATM-mediated anti-cell growth with Doxorubicin in MCF10A","ATM-mediated anti-cell growth with Doxorubicin","5","Functionally normal","Uncertain significance","0","NA","CRISPR-Based Genome Editing","Base editing","33606978"
"NM_000051.4(ATM):c.5347G>A (p.Glu1783Lys)","chr11","108302880","G/A","ATM","-0.889","dataset0082","Missense","Neutral to the ATM-mediated anti-cell growth with Doxorubicin in MCF10A","ATM-mediated anti-cell growth with Doxorubicin","5","Functionally normal","Uncertain significance","","NA","CRISPR-Based Genome Editing","Base editing","33606978"
"NM_000051.4(ATM):c.5353C>T (p.Pro1785Ser)","chr11","108302886","C/T","ATM","0.074","dataset0082","Missense","Neutral to the ATM-mediated anti-cell growth with Doxorubicin in MCF10A","ATM-mediated anti-cell growth with Doxorubicin","5","Functionally normal","Uncertain significance","","NA","CRISPR-Based Genome Editing","Base editing","33606978"
"NM_000051.4(ATM):c.5368G>A (p.Asp1790Asn)","chr11","108302901","G/A","ATM","-0.061","dataset0082","Missense","Neutral to the ATM-mediated anti-cell growth with Doxorubicin in MCF10A","ATM-mediated anti-cell growth with Doxorubicin","5","Functionally normal","Uncertain significance","","NA","CRISPR-Based Genome Editing","Base editing","33606978"
"NM_000051.4(ATM):c.5371G>A (p.Asp1791Asn)","chr11","108302904","G/A","ATM","-0.061","dataset0082","Missense","Neutral to the ATM-mediated anti-cell growth with Doxorubicin in MCF10A","ATM-mediated anti-cell growth with Doxorubicin","5","Functionally normal","Uncertain significance","","NA","CRISPR-Based Genome Editing","Base editing","33606978"
"NM_000051.4(ATM):c.5384G>A (p.Trp1795Ter)","chr11","108302917","G/A","ATM","-0.864","dataset0082","Nonsense","Neutral to the ATM-mediated anti-cell growth with Doxorubicin in MCF10A","ATM-mediated anti-cell growth with Doxorubicin","5","Functionally normal","","","NA","CRISPR-Based Genome Editing","Base editing","33606978"
"NM_000051.4(ATM):c.5407G>A (p.Asp1803Asn)","chr11","108302940","G/A","ATM","0.243","dataset0082","Missense","Neutral to the ATM-mediated anti-cell growth with Doxorubicin in MCF10A","ATM-mediated anti-cell growth with Doxorubicin","5","Functionally normal","","","NA","CRISPR-Based Genome Editing","Base editing","33606978"
"NM_000051.4(ATM):c.5423C>T (p.Thr1808Ile)","chr11","108302956","C/T","ATM","0.225","dataset0082","Missense","Neutral to the ATM-mediated anti-cell growth with Doxorubicin in MCF10A","ATM-mediated anti-cell growth with Doxorubicin","5","Functionally normal","Uncertain significance","6.19785e-07","NA","CRISPR-Based Genome Editing","Base editing","33606978"
"NM_000051.4(ATM):c.5435C>T (p.Ala1812Val)","chr11","108302968","C/T","ATM","-0.023","dataset0082","Missense","Neutral to the ATM-mediated anti-cell growth with Doxorubicin in MCF10A","ATM-mediated anti-cell growth with Doxorubicin","5","Functionally normal","Uncertain significance","8.05766e-06","ucec:0.2% (1/529):0.330","CRISPR-Based Genome Editing","Base editing","33606978"
"NM_000051.4(ATM):c.5542G>A (p.Asp1848Asn)","chr11","108304720","G/A","ATM","-0.297","dataset0082","Missense","Neutral to the ATM-mediated anti-cell growth with Doxorubicin in MCF10A","ATM-mediated anti-cell growth with Doxorubicin","5","Functionally normal","","","NA","CRISPR-Based Genome Editing","Base editing","33606978"
"NM_000051.4(ATM):c.5554C>T (p.Gln1852Ter)","chr11","108304732","C/T","ATM","-0.203","dataset0082","Nonsense","Neutral to the ATM-mediated anti-cell growth with Doxorubicin in MCF10A","ATM-mediated anti-cell growth with Doxorubicin","5","Functionally normal","Pathogenic/Likely pathogenic","3.09824e-06","NA","CRISPR-Based Genome Editing","Base editing","33606978"
"NM_000051.4(ATM):c.5573G>A (p.Trp1858Ter)","chr11","108304751","G/A","ATM","-0.139","dataset0082","Nonsense","Neutral to the ATM-mediated anti-cell growth with Doxorubicin in MCF10A","ATM-mediated anti-cell growth with Doxorubicin","5","Functionally normal","Pathogenic/Likely pathogenic","","NA","CRISPR-Based Genome Editing","Base editing","33606978"
"NM_000051.4(ATM):c.5584C>T (p.Leu1862Phe)","chr11","108304762","C/T","ATM","0.104","dataset0082","Missense","Neutral to the ATM-mediated anti-cell growth with Doxorubicin in MCF10A","ATM-mediated anti-cell growth with Doxorubicin","5","Functionally normal","Uncertain significance","6.19583e-07","NA","CRISPR-Based Genome Editing","Base editing","33606978"
"NM_000051.4(ATM):c.5588C>T (p.Ser1863Phe)","chr11","108304766","C/T","ATM","-0.136","dataset0082","Missense","Neutral to the ATM-mediated anti-cell growth with Doxorubicin in MCF10A","ATM-mediated anti-cell growth with Doxorubicin","5","Functionally normal","Uncertain significance","","NA","CRISPR-Based Genome Editing","Base editing","33606978"
"NM_000051.4(ATM):c.5648C>T (p.Ser1883Phe)","chr11","108304826","C/T","ATM","0.002","dataset0082","Missense","Neutral to the ATM-mediated anti-cell growth with Doxorubicin in MCF10A","ATM-mediated anti-cell growth with Doxorubicin","5","Functionally normal","Uncertain significance","","NA","CRISPR-Based Genome Editing","Base editing","33606978"
"NM_000051.4(ATM):c.5651C>T (p.Thr1884Ile)","chr11","108304829","C/T","ATM","0.002","dataset0082","Missense","Neutral to the ATM-mediated anti-cell growth with Doxorubicin in MCF10A","ATM-mediated anti-cell growth with Doxorubicin","5","Functionally normal","Uncertain significance","6.19541e-07","NA","CRISPR-Based Genome Editing","Base editing","33606978"
"NM_000051.4(ATM):c.5656_5657delinsTT (p.Pro1886Phe)","chr11","108304834","CC/TT","ATM","-0.217","dataset0082","Missense","Neutral to the ATM-mediated anti-cell growth with Doxorubicin in MCF10A","ATM-mediated anti-cell growth with Doxorubicin","5","Functionally normal","","","NA","CRISPR-Based Genome Editing","Base editing","33606978"
"NM_000051.4(ATM):c.5656C>T (p.Pro1886Ser)","chr11","108304834","C/T","ATM","-0.217","dataset0082","Missense","Neutral to the ATM-mediated anti-cell growth with Doxorubicin in MCF10A","ATM-mediated anti-cell growth with Doxorubicin","5","Functionally normal","Uncertain significance","","NA","CRISPR-Based Genome Editing","Base editing","33606978"
"NM_000051.4(ATM):c.5657C>T (p.Pro1886Leu)","chr11","108304835","C/T","ATM","-0.217","dataset0082","Missense","Neutral to the ATM-mediated anti-cell growth with Doxorubicin in MCF10A","ATM-mediated anti-cell growth with Doxorubicin","5","Functionally normal","","6.19559e-07","NA","CRISPR-Based Genome Editing","Base editing","33606978"
"NM_000051.4(ATM):c.5659G>A (p.Ala1887Thr)","chr11","108304837","G/A","ATM","-0.019","dataset0082","Missense","Neutral to the ATM-mediated anti-cell growth with Doxorubicin in MCF10A","ATM-mediated anti-cell growth with Doxorubicin","5","Functionally normal","Uncertain significance","","NA","CRISPR-Based Genome Editing","Base editing","33606978"
"NM_000051.4(ATM):c.5660C>T (p.Ala1887Val)","chr11","108304838","C/T","ATM","-0.217","dataset0082","Missense","Neutral to the ATM-mediated anti-cell growth with Doxorubicin in MCF10A","ATM-mediated anti-cell growth with Doxorubicin","5","Functionally normal","Uncertain significance","","NA","CRISPR-Based Genome Editing","Base editing","33606978"
"NM_000051.4(ATM):c.5668G>A (p.Asp1890Asn)","chr11","108304846","G/A","ATM","0.059","dataset0082","Missense","Neutral to the ATM-mediated anti-cell growth with Doxorubicin in MCF10A","ATM-mediated anti-cell growth with Doxorubicin","5","Functionally normal","","","NA","CRISPR-Based Genome Editing","Base editing","33606978"
"NM_000051.4(ATM):c.5674G>A (p.Glu1892Lys)","chr11","108304852","G/A","ATM","0.241","dataset0082","Missense","Neutral to the ATM-mediated anti-cell growth with Doxorubicin in MCF10A","ATM-mediated anti-cell growth with Doxorubicin","5","Functionally normal","Uncertain significance","3.09856e-06","NA","CRISPR-Based Genome Editing","Base editing","33606978"
"NM_000051.4(ATM):c.5723C>T (p.Thr1908Ile)","chr11","108307945","C/T","ATM","0.708","dataset0082","Missense","Neutral to the ATM-mediated anti-cell growth with Doxorubicin in MCF10A","ATM-mediated anti-cell growth with Doxorubicin","5","Functionally normal","Uncertain significance","","NA","CRISPR-Based Genome Editing","Base editing","33606978"
"NM_000051.4(ATM):c.5843G>A (p.Cys1948Tyr)","chr11","108310240","G/A","ATM","0.122","dataset0082","Missense","Neutral to the ATM-mediated anti-cell growth with Doxorubicin in MCF10A","ATM-mediated anti-cell growth with Doxorubicin","5","Functionally normal","","6.19771e-07","NA","CRISPR-Based Genome Editing","Base editing","33606978"
"NM_000051.4(ATM):c.5845G>A (p.Ala1949Thr)","chr11","108310242","G/A","ATM","0.122","dataset0082","Missense","Neutral to the ATM-mediated anti-cell growth with Doxorubicin in MCF10A","ATM-mediated anti-cell growth with Doxorubicin","5","Functionally normal","Uncertain significance","","NA","CRISPR-Based Genome Editing","Base editing","33606978"
"NM_000051.4(ATM):c.5885C>T (p.Ala1962Val)","chr11","108310282","C/T","ATM","-0.343","dataset0082","Missense","Neutral to the ATM-mediated anti-cell growth with Doxorubicin in MCF10A","ATM-mediated anti-cell growth with Doxorubicin","5","Functionally normal","","1.85961e-06","NA","CRISPR-Based Genome Editing","Base editing","33606978"
"NM_000051.4(ATM):c.5908C>T (p.Gln1970Ter)","chr11","108310305","C/T","ATM","-0.805","dataset0082","Nonsense","Neutral to the ATM-mediated anti-cell growth with Doxorubicin in MCF10A","ATM-mediated anti-cell growth with Doxorubicin","5","Functionally normal","Pathogenic","2.54234e-05","NA","CRISPR-Based Genome Editing","Base editing","33606978"
"NM_000051.4(ATM):c.5923C>T (p.Leu1975Phe)","chr11","108312415","C/T","ATM","-0.101","dataset0082","Missense","Neutral to the ATM-mediated anti-cell growth with Doxorubicin in MCF10A","ATM-mediated anti-cell growth with Doxorubicin","5","Functionally normal","","","NA","CRISPR-Based Genome Editing","Base editing","33606978"
"NM_000051.4(ATM):c.5963G>A (p.Ser1988Asn)","chr11","108312455","G/A","ATM","0.28","dataset0082","Missense","Neutral to the ATM-mediated anti-cell growth with Doxorubicin in MCF10A","ATM-mediated anti-cell growth with Doxorubicin","5","Functionally normal","","","NA","CRISPR-Based Genome Editing","Base editing","33606978"
"NM_000051.4(ATM):c.5990C>T (p.Thr1997Ile)","chr11","108312482","C/T","ATM","-0.661","dataset0082","Missense","Neutral to the ATM-mediated anti-cell growth with Doxorubicin in MCF10A","ATM-mediated anti-cell growth with Doxorubicin","5","Functionally normal","Uncertain significance","","NA","CRISPR-Based Genome Editing","Base editing","33606978"
"NM_000051.4(ATM):c.6004C>T (p.Gln2002Ter)","chr11","108312496","C/T","ATM","-0.267","dataset0082","Nonsense","Neutral to the ATM-mediated anti-cell growth with Doxorubicin in MCF10A","ATM-mediated anti-cell growth with Doxorubicin","5","Functionally normal","Pathogenic","","NA","CRISPR-Based Genome Editing","Base editing","33606978"
"NM_000051.4(ATM):c.6043C>T (p.Pro2015Ser)","chr11","108315859","C/T","ATM","-0.129","dataset0082","Missense","Neutral to the ATM-mediated anti-cell growth with Doxorubicin in MCF10A","ATM-mediated anti-cell growth with Doxorubicin","5","Functionally normal","","0","NA","CRISPR-Based Genome Editing","Base editing","33606978"
"NM_000051.4(ATM):c.6044C>T (p.Pro2015Leu)","chr11","108315860","C/T","ATM","-0.129","dataset0082","Missense","Neutral to the ATM-mediated anti-cell growth with Doxorubicin in MCF10A","ATM-mediated anti-cell growth with Doxorubicin","5","Functionally normal","Uncertain significance","","NA","CRISPR-Based Genome Editing","Base editing","33606978"
"NM_000051.4(ATM):c.6058_6059delinsAA (p.Gly2020Asn)","chr11","108315874","GG/AA","ATM","-0.488","dataset0082","Missense","Neutral to the ATM-mediated anti-cell growth with Doxorubicin in MCF10A","ATM-mediated anti-cell growth with Doxorubicin","5","Functionally normal","","","NA","CRISPR-Based Genome Editing","Base editing","33606978"
"NM_000051.4(ATM):c.6058G>A (p.Gly2020Ser)","chr11","108315874","G/A","ATM","-0.488","dataset0082","Missense","Neutral to the ATM-mediated anti-cell growth with Doxorubicin in MCF10A","ATM-mediated anti-cell growth with Doxorubicin","5","Functionally normal","","","NA","CRISPR-Based Genome Editing","Base editing","33606978"
"NM_000051.4(ATM):c.6059G>A (p.Gly2020Asp)","chr11","108315875","G/A","ATM","-0.488","dataset0082","Missense","Neutral to the ATM-mediated anti-cell growth with Doxorubicin in MCF10A","ATM-mediated anti-cell growth with Doxorubicin","5","Functionally normal","Uncertain significance","6.19861e-07","NA","CRISPR-Based Genome Editing","Base editing","33606978"
"NM_000051.4(ATM):c.6062G>A (p.Cys2021Tyr)","chr11","108315878","G/A","ATM","-0.488","dataset0082","Missense","Neutral to the ATM-mediated anti-cell growth with Doxorubicin in MCF10A","ATM-mediated anti-cell growth with Doxorubicin","5","Functionally normal","Uncertain significance","1.85993e-06","NA","CRISPR-Based Genome Editing","Base editing","33606978"
"NM_000051.4(ATM):c.6112C>T (p.His2038Tyr)","chr11","108316027","C/T","ATM","-1.295","dataset0082","Missense","Neutral to the ATM-mediated anti-cell growth with Doxorubicin in MCF10A","ATM-mediated anti-cell growth with Doxorubicin","5","Functionally normal","Uncertain significance","","NA","CRISPR-Based Genome Editing","Base editing","33606978"
"NM_000051.4(ATM):c.6154G>A (p.Glu2052Lys)","chr11","108316069","G/A","ATM","-0.24","dataset0082","Missense","Neutral to the ATM-mediated anti-cell growth with Doxorubicin in MCF10A","ATM-mediated anti-cell growth with Doxorubicin","5","Functionally normal","Conflicting classifications of pathogenicity","3.03586e-05","NA","CRISPR-Based Genome Editing","Base editing","33606978"
"NM_000051.4(ATM):c.6166_6167delinsTT (p.Pro2056Phe)","chr11","108316081","CC/TT","ATM","-0.53","dataset0082","Missense","Neutral to the ATM-mediated anti-cell growth with Doxorubicin in MCF10A","ATM-mediated anti-cell growth with Doxorubicin","5","Functionally normal","","","NA","CRISPR-Based Genome Editing","Base editing","33606978"
"NM_000051.4(ATM):c.6166C>T (p.Pro2056Ser)","chr11","108316081","C/T","ATM","-0.53","dataset0082","Missense","Neutral to the ATM-mediated anti-cell growth with Doxorubicin in MCF10A","ATM-mediated anti-cell growth with Doxorubicin","5","Functionally normal","Conflicting classifications of pathogenicity","","skcm:0.2% (1/448):0.290","CRISPR-Based Genome Editing","Base editing","33606978"
"NM_000051.4(ATM):c.6167C>T (p.Pro2056Leu)","chr11","108316082","C/T","ATM","-0.53","dataset0082","Missense","Neutral to the ATM-mediated anti-cell growth with Doxorubicin in MCF10A","ATM-mediated anti-cell growth with Doxorubicin","5","Functionally normal","Uncertain significance","6.19528e-07","NA","CRISPR-Based Genome Editing","Base editing","33606978"
"NM_000051.4(ATM):c.6170C>T (p.Ser2057Leu)","chr11","108316085","C/T","ATM","-0.432","dataset0082","Missense","Neutral to the ATM-mediated anti-cell growth with Doxorubicin in MCF10A","ATM-mediated anti-cell growth with Doxorubicin","5","Functionally normal","Uncertain significance","","NA","CRISPR-Based Genome Editing","Base editing","33606978"
"NM_000051.4(ATM):c.6173C>T (p.Ser2058Leu)","chr11","108316088","C/T","ATM","-0.432","dataset0082","Missense","Neutral to the ATM-mediated anti-cell growth with Doxorubicin in MCF10A","ATM-mediated anti-cell growth with Doxorubicin","5","Functionally normal","Uncertain significance","","NA","CRISPR-Based Genome Editing","Base editing","33606978"
"NM_000051.4(ATM):c.6181C>T (p.Gln2061Ter)","chr11","108316096","C/T","ATM","0.154","dataset0082","Nonsense","Neutral to the ATM-mediated anti-cell growth with Doxorubicin in MCF10A","ATM-mediated anti-cell growth with Doxorubicin","5","Functionally normal","Pathogenic","","NA","CRISPR-Based Genome Editing","Base editing","33606978"
"NM_000051.4(ATM):c.6184G>A (p.Ala2062Thr)","chr11","108316099","G/A","ATM","-0.029","dataset0082","Missense","Neutral to the ATM-mediated anti-cell growth with Doxorubicin in MCF10A","ATM-mediated anti-cell growth with Doxorubicin","5","Functionally normal","","","NA","CRISPR-Based Genome Editing","Base editing","33606978"
"NM_000051.4(ATM):c.6187G>A (p.Gly2063Arg)","chr11","108316102","G/A","ATM","0.413","dataset0082","Missense","Neutral to the ATM-mediated anti-cell growth with Doxorubicin in MCF10A","ATM-mediated anti-cell growth with Doxorubicin","5","Functionally normal","","","NA","CRISPR-Based Genome Editing","Base editing","33606978"
"NM_000051.4(ATM):c.6200C>T (p.Ala2067Val)","chr11","108317374","C/T","ATM","-0.305","dataset0082","Missense","Neutral to the ATM-mediated anti-cell growth with Doxorubicin in MCF10A","ATM-mediated anti-cell growth with Doxorubicin","5","Functionally normal","","","NA","CRISPR-Based Genome Editing","Base editing","33606978"
"NM_000051.4(ATM):c.6215G>A (p.Gly2072Glu)","chr11","108317389","G/A","ATM","0.058","dataset0082","Missense","Neutral to the ATM-mediated anti-cell growth with Doxorubicin in MCF10A","ATM-mediated anti-cell growth with Doxorubicin","5","Functionally normal","Uncertain significance","","NA","CRISPR-Based Genome Editing","Base editing","33606978"
"NM_000051.4(ATM):c.6229C>T (p.Leu2077Phe)","chr11","108317403","C/T","ATM","-0.29","dataset0082","Missense","Neutral to the ATM-mediated anti-cell growth with Doxorubicin in MCF10A","ATM-mediated anti-cell growth with Doxorubicin","5","Functionally normal","Uncertain significance","","NA","CRISPR-Based Genome Editing","Base editing","33606978"
"NM_000051.4(ATM):c.6233C>T (p.Ser2078Phe)","chr11","108317407","C/T","ATM","-0.742","dataset0082","Missense","Neutral to the ATM-mediated anti-cell growth with Doxorubicin in MCF10A","ATM-mediated anti-cell growth with Doxorubicin","5","Functionally normal","Uncertain significance","","NA","CRISPR-Based Genome Editing","Base editing","33606978"
"NM_000051.4(ATM):c.6248G>A (p.Gly2083Glu)","chr11","108317422","G/A","ATM","-0.106","dataset0082","Missense","Neutral to the ATM-mediated anti-cell growth with Doxorubicin in MCF10A","ATM-mediated anti-cell growth with Doxorubicin","5","Functionally normal","Uncertain significance","6.20277e-07","NA","CRISPR-Based Genome Editing","Base editing","33606978"
"NM_000051.4(ATM):c.6253G>A (p.Asp2085Asn)","chr11","108317427","G/A","ATM","-0.106","dataset0082","Missense","Neutral to the ATM-mediated anti-cell growth with Doxorubicin in MCF10A","ATM-mediated anti-cell growth with Doxorubicin","5","Functionally normal","","","NA","CRISPR-Based Genome Editing","Base editing","33606978"
"NM_000051.4(ATM):c.6292C>T (p.Leu2098Phe)","chr11","108317466","C/T","ATM","0.67","dataset0082","Missense","Neutral to the ATM-mediated anti-cell growth with Doxorubicin in MCF10A","ATM-mediated anti-cell growth with Doxorubicin","5","Functionally normal","","","NA","CRISPR-Based Genome Editing","Base editing","33606978"
"NM_000051.4(ATM):c.6295C>T (p.His2099Tyr)","chr11","108317469","C/T","ATM","0.177","dataset0082","Missense","Neutral to the ATM-mediated anti-cell growth with Doxorubicin in MCF10A","ATM-mediated anti-cell growth with Doxorubicin","5","Functionally normal","","","skcm:0.2% (1/448):0.560","CRISPR-Based Genome Editing","Base editing","33606978"
"NM_000051.4(ATM):c.6308C>T (p.Ala2103Val)","chr11","108317482","C/T","ATM","0.356","dataset0082","Missense","Neutral to the ATM-mediated anti-cell growth with Doxorubicin in MCF10A","ATM-mediated anti-cell growth with Doxorubicin","5","Functionally normal","","","NA","CRISPR-Based Genome Editing","Base editing","33606978"
"NM_000051.4(ATM):c.6391G>A (p.Ala2131Thr)","chr11","108319997","G/A","ATM","-0.352","dataset0082","Missense","Neutral to the ATM-mediated anti-cell growth with Doxorubicin in MCF10A","ATM-mediated anti-cell growth with Doxorubicin","5","Functionally normal","Uncertain significance","","NA","CRISPR-Based Genome Editing","Base editing","33606978"
"NM_000051.4(ATM):c.6505C>T (p.Leu2169Phe)","chr11","108321353","C/T","ATM","0.107","dataset0082","Missense","Neutral to the ATM-mediated anti-cell growth with Doxorubicin in MCF10A","ATM-mediated anti-cell growth with Doxorubicin","5","Functionally normal","Uncertain significance","","NA","CRISPR-Based Genome Editing","Base editing","33606978"
"NM_000051.4(ATM):c.6512C>T (p.Pro2171Leu)","chr11","108321360","C/T","ATM","1.077","dataset0082","Missense","Neutral to the ATM-mediated anti-cell growth with Doxorubicin in MCF10A","ATM-mediated anti-cell growth with Doxorubicin","5","Functionally normal","","","NA","CRISPR-Based Genome Editing","Base editing","33606978"
"NM_000051.4(ATM):c.6515C>T (p.Thr2172Ile)","chr11","108321363","C/T","ATM","1.077","dataset0082","Missense","Neutral to the ATM-mediated anti-cell growth with Doxorubicin in MCF10A","ATM-mediated anti-cell growth with Doxorubicin","5","Functionally normal","Uncertain significance","","NA","CRISPR-Based Genome Editing","Base editing","33606978"
"NM_000051.4(ATM):c.6517C>T (p.Leu2173Phe)","chr11","108321365","C/T","ATM","1.077","dataset0082","Missense","Neutral to the ATM-mediated anti-cell growth with Doxorubicin in MCF10A","ATM-mediated anti-cell growth with Doxorubicin","5","Functionally normal","Uncertain significance","6.1955e-07","NA","CRISPR-Based Genome Editing","Base editing","33606978"
"NM_000051.4(ATM):c.6529C>T (p.Gln2177Ter)","chr11","108321377","C/T","ATM","-0.029","dataset0082","Nonsense","Neutral to the ATM-mediated anti-cell growth with Doxorubicin in MCF10A","ATM-mediated anti-cell growth with Doxorubicin","5","Functionally normal","Pathogenic/Likely pathogenic","","NA","CRISPR-Based Genome Editing","Base editing","33606978"
"NM_000051.4(ATM):c.6532G>A (p.Ala2178Thr)","chr11","108321380","G/A","ATM","-0.175","dataset0082","Missense","Neutral to the ATM-mediated anti-cell growth with Doxorubicin in MCF10A","ATM-mediated anti-cell growth with Doxorubicin","5","Functionally normal","","","NA","CRISPR-Based Genome Editing","Base editing","33606978"
"NM_000051.4(ATM):c.6551G>A (p.Ser2184Asn)","chr11","108321399","G/A","ATM","-0.124","dataset0082","Missense","Neutral to the ATM-mediated anti-cell growth with Doxorubicin in MCF10A","ATM-mediated anti-cell growth with Doxorubicin","5","Functionally normal","","","NA","CRISPR-Based Genome Editing","Base editing","33606978"
"NM_000051.4(ATM):c.6622C>T (p.His2208Tyr)","chr11","108325359","C/T","ATM","-0.548","dataset0082","Missense","Neutral to the ATM-mediated anti-cell growth with Doxorubicin in MCF10A","ATM-mediated anti-cell growth with Doxorubicin","5","Functionally normal","Uncertain significance","6.22685e-07","NA","CRISPR-Based Genome Editing","Base editing","33606978"
"NM_000051.4(ATM):c.6644G>A (p.Ser2215Asn)","chr11","108325381","G/A","ATM","0.117","dataset0082","Missense","Neutral to the ATM-mediated anti-cell growth with Doxorubicin in MCF10A","ATM-mediated anti-cell growth with Doxorubicin","5","Functionally normal","","","NA","CRISPR-Based Genome Editing","Base editing","33606978"
"NM_000051.4(ATM):c.6646G>A (p.Asp2216Asn)","chr11","108325383","G/A","ATM","0.117","dataset0082","Missense","Neutral to the ATM-mediated anti-cell growth with Doxorubicin in MCF10A","ATM-mediated anti-cell growth with Doxorubicin","5","Functionally normal","Uncertain significance","","NA","CRISPR-Based Genome Editing","Base editing","33606978"
"NM_000051.4(ATM):c.6658C>T (p.Gln2220Ter)","chr11","108325395","C/T","ATM","-0.876","dataset0082","Nonsense","Neutral to the ATM-mediated anti-cell growth with Doxorubicin in MCF10A","ATM-mediated anti-cell growth with Doxorubicin","5","Functionally normal","Pathogenic","6.1983e-07","NA","CRISPR-Based Genome Editing","Base editing","33606978"
"NM_000051.4(ATM):c.6674C>T (p.Ala2225Val)","chr11","108325411","C/T","ATM","-0.619","dataset0082","Missense","Neutral to the ATM-mediated anti-cell growth with Doxorubicin in MCF10A","ATM-mediated anti-cell growth with Doxorubicin","5","Functionally normal","Uncertain significance","1.23932e-06","NA","CRISPR-Based Genome Editing","Base editing","33606978"
"NM_000051.4(ATM):c.6679C>T (p.Arg2227Cys)","chr11","108325416","C/T","ATM","-0.619","dataset0082","Missense","Neutral to the ATM-mediated anti-cell growth with Doxorubicin in MCF10A","ATM-mediated anti-cell growth with Doxorubicin","5","Functionally normal","Pathogenic/Likely pathogenic","6.81735e-06","NA","CRISPR-Based Genome Editing","Base editing","33606978"
"NM_000051.4(ATM):c.6680G>A (p.Arg2227His)","chr11","108325417","G/A","ATM","0.267","dataset0082","Missense","Neutral to the ATM-mediated anti-cell growth with Doxorubicin in MCF10A","ATM-mediated anti-cell growth with Doxorubicin","5","Functionally normal","Uncertain significance","3.09892e-06","NA","CRISPR-Based Genome Editing","Base editing","33606978"
"NM_000051.4(ATM):c.6717G>A (p.Met2239Ile)","chr11","108325454","G/A","ATM","0.369","dataset0082","Missense","Neutral to the ATM-mediated anti-cell growth with Doxorubicin in MCF10A","ATM-mediated anti-cell growth with Doxorubicin","5","Functionally normal","Uncertain significance","","NA","CRISPR-Based Genome Editing","Base editing","33606978"
"NM_000051.4(ATM):c.6718G>A (p.Asp2240Asn)","chr11","108325455","G/A","ATM","0.369","dataset0082","Missense","Neutral to the ATM-mediated anti-cell growth with Doxorubicin in MCF10A","ATM-mediated anti-cell growth with Doxorubicin","5","Functionally normal","Uncertain significance","","NA","CRISPR-Based Genome Editing","Base editing","33606978"
"NM_000051.4(ATM):c.6725C>T (p.Ser2242Leu)","chr11","108325462","C/T","ATM","0.196","dataset0082","Missense","Neutral to the ATM-mediated anti-cell growth with Doxorubicin in MCF10A","ATM-mediated anti-cell growth with Doxorubicin","5","Functionally normal","","6.19676e-07","NA","CRISPR-Based Genome Editing","Base editing","33606978"
"NM_000051.4(ATM):c.6727C>T (p.Gln2243Ter)","chr11","108325464","C/T","ATM","0.196","dataset0082","Nonsense","Neutral to the ATM-mediated anti-cell growth with Doxorubicin in MCF10A","ATM-mediated anti-cell growth with Doxorubicin","5","Functionally normal","Pathogenic","","NA","CRISPR-Based Genome Editing","Base editing","33606978"
"NM_000051.4(ATM):c.6791C>T (p.Thr2264Ile)","chr11","108325528","C/T","ATM","0.304","dataset0082","Missense","Neutral to the ATM-mediated anti-cell growth with Doxorubicin in MCF10A","ATM-mediated anti-cell growth with Doxorubicin","5","Functionally normal","Uncertain significance","6.23085e-07","NA","CRISPR-Based Genome Editing","Base editing","33606978"
"NM_000051.4(ATM):c.6940C>T (p.Gln2314Ter)","chr11","108326190","C/T","ATM","-0.558","dataset0082","Nonsense","Neutral to the ATM-mediated anti-cell growth with Doxorubicin in MCF10A","ATM-mediated anti-cell growth with Doxorubicin","5","Functionally normal","","","NA","CRISPR-Based Genome Editing","Base editing","33606978"
"NM_000051.4(ATM):c.6974C>T (p.Ala2325Val)","chr11","108326224","C/T","ATM","-0.295","dataset0082","Missense","Neutral to the ATM-mediated anti-cell growth with Doxorubicin in MCF10A","ATM-mediated anti-cell growth with Doxorubicin","5","Functionally normal","Conflicting classifications of pathogenicity","1.36354e-05","NA","CRISPR-Based Genome Editing","Base editing","33606978"
"NM_000051.4(ATM):c.6998C>T (p.Thr2333Ile)","chr11","108327667","C/T","ATM","-0.064","dataset0082","Missense","Neutral to the ATM-mediated anti-cell growth with Doxorubicin in MCF10A","ATM-mediated anti-cell growth with Doxorubicin","5","Functionally normal","Conflicting classifications of pathogenicity","4.27574e-05","hnsc:0.2% (1/523):0.330","CRISPR-Based Genome Editing","Base editing","33606978"
"NM_000051.4(ATM):c.7006G>A (p.Glu2336Lys)","chr11","108327675","G/A","ATM","0.221","dataset0082","Missense","Neutral to the ATM-mediated anti-cell growth with Doxorubicin in MCF10A","ATM-mediated anti-cell growth with Doxorubicin","5","Functionally normal","","","NA","CRISPR-Based Genome Editing","Base editing","33606978"
"NM_000051.4(ATM):c.7043C>T (p.Thr2348Met)","chr11","108327712","C/T","ATM","-0.111","dataset0082","Missense","Neutral to the ATM-mediated anti-cell growth with Doxorubicin in MCF10A","ATM-mediated anti-cell growth with Doxorubicin","5","Functionally normal","Uncertain significance","1.85872e-06","ucec:0.2% (1/529):0.670","CRISPR-Based Genome Editing","Base editing","33606978"
"NM_000051.4(ATM):c.7072C>T (p.Gln2358Ter)","chr11","108327741","C/T","ATM","-0.699","dataset0082","Nonsense","Neutral to the ATM-mediated anti-cell growth with Doxorubicin in MCF10A","ATM-mediated anti-cell growth with Doxorubicin","5","Functionally normal","Pathogenic","1.23936e-06","NA","CRISPR-Based Genome Editing","Base editing","33606978"
"NM_000051.4(ATM):c.7091C>T (p.Ala2364Val)","chr11","108329022","C/T","ATM","0.066","dataset0082","Missense","Neutral to the ATM-mediated anti-cell growth with Doxorubicin in MCF10A","ATM-mediated anti-cell growth with Doxorubicin","5","Functionally normal","Uncertain significance","","NA","CRISPR-Based Genome Editing","Base editing","33606978"
"NM_000051.4(ATM):c.7103C>T (p.Ala2368Val)","chr11","108329034","C/T","ATM","-0.55","dataset0082","Missense","Neutral to the ATM-mediated anti-cell growth with Doxorubicin in MCF10A","ATM-mediated anti-cell growth with Doxorubicin","5","Functionally normal","Uncertain significance","","NA","CRISPR-Based Genome Editing","Base editing","33606978"
"NM_000051.4(ATM):c.7157C>T (p.Ala2386Val)","chr11","108329088","C/T","ATM","-0.3","dataset0082","Missense","Neutral to the ATM-mediated anti-cell growth with Doxorubicin in MCF10A","ATM-mediated anti-cell growth with Doxorubicin","5","Functionally normal","","","NA","CRISPR-Based Genome Editing","Base editing","33606978"
"NM_000051.4(ATM):c.7259C>T (p.Ala2420Val)","chr11","108329190","C/T","ATM","0.091","dataset0082","Missense","Neutral to the ATM-mediated anti-cell growth with Doxorubicin in MCF10A","ATM-mediated anti-cell growth with Doxorubicin","5","Functionally normal","","","NA","CRISPR-Based Genome Editing","Base editing","33606978"
"NM_000051.4(ATM):c.7264G>A (p.Glu2422Lys)","chr11","108329195","G/A","ATM","0.098","dataset0082","Missense","Neutral to the ATM-mediated anti-cell growth with Doxorubicin in MCF10A","ATM-mediated anti-cell growth with Doxorubicin","5","Functionally normal","Uncertain significance","1.23924e-06","NA","CRISPR-Based Genome Editing","Base editing","33606978"
"NM_000051.4(ATM):c.7267G>A (p.Glu2423Lys)","chr11","108329198","G/A","ATM","0.098","dataset0082","Missense","Neutral to the ATM-mediated anti-cell growth with Doxorubicin in MCF10A","ATM-mediated anti-cell growth with Doxorubicin","5","Functionally normal","Uncertain significance","","NA","CRISPR-Based Genome Editing","Base editing","33606978"
"NM_000051.4(ATM):c.7274G>A (p.Gly2425Asp)","chr11","108329205","G/A","ATM","-0.2","dataset0082","Missense","Neutral to the ATM-mediated anti-cell growth with Doxorubicin in MCF10A","ATM-mediated anti-cell growth with Doxorubicin","5","Functionally normal","Uncertain significance","","NA","CRISPR-Based Genome Editing","Base editing","33606978"
"NM_000051.4(ATM):c.7288C>T (p.His2430Tyr)","chr11","108329219","C/T","ATM","-0.772","dataset0082","Missense","Neutral to the ATM-mediated anti-cell growth with Doxorubicin in MCF10A","ATM-mediated anti-cell growth with Doxorubicin","5","Functionally normal","Uncertain significance","","NA","CRISPR-Based Genome Editing","Base editing","33606978"
"NM_000051.4(ATM):c.7297C>T (p.Gln2433Ter)","chr11","108329228","C/T","ATM","-0.327","dataset0082","Nonsense","Neutral to the ATM-mediated anti-cell growth with Doxorubicin in MCF10A","ATM-mediated anti-cell growth with Doxorubicin","5","Functionally normal","Pathogenic","","skcm:0.2% (1/448):0.700;ucec:0.2% (1/529):0.290","CRISPR-Based Genome Editing","Base editing","33606978"
"NM_000051.4(ATM):c.7301C>T (p.Thr2434Ile)","chr11","108329232","C/T","ATM","-0.327","dataset0082","Missense","Neutral to the ATM-mediated anti-cell growth with Doxorubicin in MCF10A","ATM-mediated anti-cell growth with Doxorubicin","5","Functionally normal","Uncertain significance","","NA","CRISPR-Based Genome Editing","Base editing","33606978"
"NM_000051.4(ATM):c.7324C>T (p.Gln2442Ter)","chr11","108330230","C/T","ATM","-0.305","dataset0082","Nonsense","Neutral to the ATM-mediated anti-cell growth with Doxorubicin in MCF10A","ATM-mediated anti-cell growth with Doxorubicin","5","Functionally normal","","","NA","CRISPR-Based Genome Editing","Base editing","33606978"
"NM_000051.4(ATM):c.7327C>T (p.Arg2443Ter)","chr11","108330233","C/T","ATM","-0.305","dataset0082","Nonsense","Neutral to the ATM-mediated anti-cell growth with Doxorubicin in MCF10A","ATM-mediated anti-cell growth with Doxorubicin","5","Functionally normal","Pathogenic/Likely pathogenic","3.71735e-06","coad:0.2% (1/439):0.360","CRISPR-Based Genome Editing","Base editing","33606978"
"NM_000051.4(ATM):c.7352C>T (p.Ala2451Val)","chr11","108330258","C/T","ATM","-0.611","dataset0082","Missense","Neutral to the ATM-mediated anti-cell growth with Doxorubicin in MCF10A","ATM-mediated anti-cell growth with Doxorubicin","5","Functionally normal","Uncertain significance","0","NA","CRISPR-Based Genome Editing","Base editing","33606978"
"NM_000051.4(ATM):c.7357C>T (p.Arg2453Cys)","chr11","108330263","C/T","ATM","-0.611","dataset0082","Missense","Neutral to the ATM-mediated anti-cell growth with Doxorubicin in MCF10A","ATM-mediated anti-cell growth with Doxorubicin","5","Functionally normal","Uncertain significance","1.6109e-05","NA","CRISPR-Based Genome Editing","Base editing","33606978"
"NM_000051.4(ATM):c.7369G>A (p.Glu2457Lys)","chr11","108330275","G/A","ATM","0.439","dataset0082","Missense","Neutral to the ATM-mediated anti-cell growth with Doxorubicin in MCF10A","ATM-mediated anti-cell growth with Doxorubicin","5","Functionally normal","","","NA","CRISPR-Based Genome Editing","Base editing","33606978"
"NM_000051.4(ATM):c.7372G>A (p.Asp2458Asn)","chr11","108330278","G/A","ATM","0.439","dataset0082","Missense","Neutral to the ATM-mediated anti-cell growth with Doxorubicin in MCF10A","ATM-mediated anti-cell growth with Doxorubicin","5","Functionally normal","","","NA","CRISPR-Based Genome Editing","Base editing","33606978"
"NM_000051.4(ATM):c.7456C>T (p.Arg2486Ter)","chr11","108330362","C/T","ATM","-1.16","dataset0082","Nonsense","Neutral to the ATM-mediated anti-cell growth with Doxorubicin in MCF10A","ATM-mediated anti-cell growth with Doxorubicin","5","Functionally normal","Pathogenic/Likely pathogenic","4.33679e-06","NA","CRISPR-Based Genome Editing","Base editing","33606978"
"NM_000051.4(ATM):c.7468C>T (p.Leu2490Phe)","chr11","108330374","C/T","ATM","-0.289","dataset0082","Missense","Neutral to the ATM-mediated anti-cell growth with Doxorubicin in MCF10A","ATM-mediated anti-cell growth with Doxorubicin","5","Functionally normal","Uncertain significance","2.47813e-06","NA","CRISPR-Based Genome Editing","Base editing","33606978"
"NM_000051.4(ATM):c.7472G>A (p.Trp2491Ter)","chr11","108330378","G/A","ATM","-0.249","dataset0082","Nonsense","Neutral to the ATM-mediated anti-cell growth with Doxorubicin in MCF10A","ATM-mediated anti-cell growth with Doxorubicin","5","Functionally normal","","","NA","CRISPR-Based Genome Editing","Base editing","33606978"
"NM_000051.4(ATM):c.7486_7487delinsAA (p.Gly2496Lys)","chr11","108330392","GG/AA","ATM","-0.989","dataset0082","Missense","Neutral to the ATM-mediated anti-cell growth with Doxorubicin in MCF10A","ATM-mediated anti-cell growth with Doxorubicin","5","Functionally normal","","","NA","CRISPR-Based Genome Editing","Base editing","33606978"
"NM_000051.4(ATM):c.7486G>A (p.Gly2496Arg)","chr11","108330392","G/A","ATM","-0.485","dataset0082","Missense","Neutral to the ATM-mediated anti-cell growth with Doxorubicin in MCF10A","ATM-mediated anti-cell growth with Doxorubicin","5","Functionally normal","Uncertain significance","","NA","CRISPR-Based Genome Editing","Base editing","33606978"
"NM_000051.4(ATM):c.7487G>A (p.Gly2496Glu)","chr11","108330393","G/A","ATM","-0.989","dataset0082","Missense","Neutral to the ATM-mediated anti-cell growth with Doxorubicin in MCF10A","ATM-mediated anti-cell growth with Doxorubicin","5","Functionally normal","Conflicting classifications of pathogenicity","6.19543e-07","NA","CRISPR-Based Genome Editing","Base editing","33606978"
"NM_000051.4(ATM):c.7552_7553delinsTT (p.Pro2518Phe)","chr11","108331480","CC/TT","ATM","0.781","dataset0082","Missense","Neutral to the ATM-mediated anti-cell growth with Doxorubicin in MCF10A","ATM-mediated anti-cell growth with Doxorubicin","5","Functionally normal","","","NA","CRISPR-Based Genome Editing","Base editing","33606978"
"NM_000051.4(ATM):c.7552C>T (p.Pro2518Ser)","chr11","108331480","C/T","ATM","0.781","dataset0082","Missense","Neutral to the ATM-mediated anti-cell growth with Doxorubicin in MCF10A","ATM-mediated anti-cell growth with Doxorubicin","5","Functionally normal","Uncertain significance","2.97644e-05","NA","CRISPR-Based Genome Editing","Base editing","33606978"
"NM_000051.4(ATM):c.7553C>T (p.Pro2518Leu)","chr11","108331481","C/T","ATM","0.781","dataset0082","Missense","Neutral to the ATM-mediated anti-cell growth with Doxorubicin in MCF10A","ATM-mediated anti-cell growth with Doxorubicin","5","Functionally normal","Uncertain significance","1.24014e-06","NA","CRISPR-Based Genome Editing","Base editing","33606978"
"NM_000051.4(ATM):c.7555C>T (p.Leu2519Phe)","chr11","108331483","C/T","ATM","0.781","dataset0082","Missense","Neutral to the ATM-mediated anti-cell growth with Doxorubicin in MCF10A","ATM-mediated anti-cell growth with Doxorubicin","5","Functionally normal","","","NA","CRISPR-Based Genome Editing","Base editing","33606978"
"NM_000051.4(ATM):c.7564C>T (p.Gln2522Ter)","chr11","108331492","C/T","ATM","-0.158","dataset0082","Nonsense","Neutral to the ATM-mediated anti-cell growth with Doxorubicin in MCF10A","ATM-mediated anti-cell growth with Doxorubicin","5","Functionally normal","Pathogenic","","NA","CRISPR-Based Genome Editing","Base editing","33606978"
"NM_000051.4(ATM):c.7570G>A (p.Ala2524Thr)","chr11","108331498","G/A","ATM","-1.209","dataset0082","Missense","Neutral to the ATM-mediated anti-cell growth with Doxorubicin in MCF10A","ATM-mediated anti-cell growth with Doxorubicin","5","Functionally normal","Uncertain significance","0","NA","CRISPR-Based Genome Editing","Base editing","33606978"
"NM_000051.4(ATM):c.7581G>A (p.Met2527Ile)","chr11","108331509","G/A","ATM","-0.025","dataset0082","Missense","Neutral to the ATM-mediated anti-cell growth with Doxorubicin in MCF10A","ATM-mediated anti-cell growth with Doxorubicin","5","Functionally normal","Uncertain significance","","NA","CRISPR-Based Genome Editing","Base editing","33606978"
"NM_000051.4(ATM):c.7582_7583delinsAA (p.Gly2528Lys)","chr11","108331510","GG/AA","ATM","-0.025","dataset0082","Missense","Neutral to the ATM-mediated anti-cell growth with Doxorubicin in MCF10A","ATM-mediated anti-cell growth with Doxorubicin","5","Functionally normal","","","NA","CRISPR-Based Genome Editing","Base editing","33606978"
"NM_000051.4(ATM):c.7582G>A (p.Gly2528Arg)","chr11","108331510","G/A","ATM","-0.025","dataset0082","Missense","Neutral to the ATM-mediated anti-cell growth with Doxorubicin in MCF10A","ATM-mediated anti-cell growth with Doxorubicin","5","Functionally normal","","","NA","CRISPR-Based Genome Editing","Base editing","33606978"
"NM_000051.4(ATM):c.7583G>A (p.Gly2528Glu)","chr11","108331511","G/A","ATM","-0.025","dataset0082","Missense","Neutral to the ATM-mediated anti-cell growth with Doxorubicin in MCF10A","ATM-mediated anti-cell growth with Doxorubicin","5","Functionally normal","","","NA","CRISPR-Based Genome Editing","Base editing","33606978"
"NM_000051.4(ATM):c.7586C>T (p.Thr2529Ile)","chr11","108331514","C/T","ATM","0.779","dataset0082","Missense","Neutral to the ATM-mediated anti-cell growth with Doxorubicin in MCF10A","ATM-mediated anti-cell growth with Doxorubicin","5","Functionally normal","Uncertain significance","","NA","CRISPR-Based Genome Editing","Base editing","33606978"
"NM_000051.4(ATM):c.7601G>A (p.Gly2534Asp)","chr11","108331529","G/A","ATM","0.084","dataset0082","Missense","Neutral to the ATM-mediated anti-cell growth with Doxorubicin in MCF10A","ATM-mediated anti-cell growth with Doxorubicin","5","Functionally normal","","6.20476e-07","NA","CRISPR-Based Genome Editing","Base editing","33606978"
"NM_000051.4(ATM):c.7606G>A (p.Gly2536Arg)","chr11","108331534","G/A","ATM","0.084","dataset0082","Missense","Neutral to the ATM-mediated anti-cell growth with Doxorubicin in MCF10A","ATM-mediated anti-cell growth with Doxorubicin","5","Functionally normal","","","NA","CRISPR-Based Genome Editing","Base editing","33606978"
"NM_000051.4(ATM):c.7618G>A (p.Val2540Ile)","chr11","108331546","G/A","ATM","-0.485","dataset0082","Missense","Neutral to the ATM-mediated anti-cell growth with Doxorubicin in MCF10A","ATM-mediated anti-cell growth with Doxorubicin","5","Functionally normal","Conflicting classifications of pathogenicity","8.49916e-05","NA","CRISPR-Based Genome Editing","Base editing","33606978"
"NM_000051.4(ATM):c.7667C>T (p.Thr2556Ile)","chr11","108331916","C/T","ATM","-0.24","dataset0082","Missense","Neutral to the ATM-mediated anti-cell growth with Doxorubicin in MCF10A","ATM-mediated anti-cell growth with Doxorubicin","5","Functionally normal","","6.196e-07","NA","CRISPR-Based Genome Editing","Base editing","33606978"
"NM_000051.4(ATM):c.7703G>A (p.Arg2568Lys)","chr11","108331952","G/A","ATM","0.111","dataset0082","Missense","Neutral to the ATM-mediated anti-cell growth with Doxorubicin in MCF10A","ATM-mediated anti-cell growth with Doxorubicin","5","Functionally normal","Uncertain significance","","NA","CRISPR-Based Genome Editing","Base editing","33606978"
"NM_000051.4(ATM):c.7705G>A (p.Asp2569Asn)","chr11","108331954","G/A","ATM","0.111","dataset0082","Missense","Neutral to the ATM-mediated anti-cell growth with Doxorubicin in MCF10A","ATM-mediated anti-cell growth with Doxorubicin","5","Functionally normal","Uncertain significance","6.19573e-07","NA","CRISPR-Based Genome Editing","Base editing","33606978"
"NM_000051.4(ATM):c.7739G>A (p.Arg2580Lys)","chr11","108331988","G/A","ATM","0.142","dataset0082","Missense","Neutral to the ATM-mediated anti-cell growth with Doxorubicin in MCF10A","ATM-mediated anti-cell growth with Doxorubicin","5","Functionally normal","Conflicting classifications of pathogenicity","2.47826e-06","NA","CRISPR-Based Genome Editing","Base editing","33606978"
"NM_000051.4(ATM):c.7742G>A (p.Ser2581Asn)","chr11","108331991","G/A","ATM","0.142","dataset0082","Missense","Neutral to the ATM-mediated anti-cell growth with Doxorubicin in MCF10A","ATM-mediated anti-cell growth with Doxorubicin","5","Functionally normal","Uncertain significance","","NA","CRISPR-Based Genome Editing","Base editing","33606978"
"NM_000051.4(ATM):c.7856G>A (p.Ser2619Asn)","chr11","108332829","G/A","ATM","0.108","dataset0082","Missense","Neutral to the ATM-mediated anti-cell growth with Doxorubicin in MCF10A","ATM-mediated anti-cell growth with Doxorubicin","5","Functionally normal","","","NA","CRISPR-Based Genome Editing","Base editing","33606978"
"NM_000051.4(ATM):c.7858G>A (p.Val2620Ile)","chr11","108332831","G/A","ATM","0.108","dataset0082","Missense","Neutral to the ATM-mediated anti-cell growth with Doxorubicin in MCF10A","ATM-mediated anti-cell growth with Doxorubicin","5","Functionally normal","","","NA","CRISPR-Based Genome Editing","Base editing","33606978"
"NM_000051.4(ATM):c.7993_7994delinsTT (p.Pro2665Phe)","chr11","108333951","CC/TT","ATM","-0.286","dataset0082","Missense","Neutral to the ATM-mediated anti-cell growth with Doxorubicin in MCF10A","ATM-mediated anti-cell growth with Doxorubicin","5","Functionally normal","","","NA","CRISPR-Based Genome Editing","Base editing","33606978"
"NM_000051.4(ATM):c.7993C>T (p.Pro2665Ser)","chr11","108333951","C/T","ATM","-0.286","dataset0082","Missense","Neutral to the ATM-mediated anti-cell growth with Doxorubicin in MCF10A","ATM-mediated anti-cell growth with Doxorubicin","5","Functionally normal","","","NA","CRISPR-Based Genome Editing","Base editing","33606978"
"NM_000051.4(ATM):c.7994C>T (p.Pro2665Leu)","chr11","108333952","C/T","ATM","-0.286","dataset0082","Missense","Neutral to the ATM-mediated anti-cell growth with Doxorubicin in MCF10A","ATM-mediated anti-cell growth with Doxorubicin","5","Functionally normal","Uncertain significance","","NA","CRISPR-Based Genome Editing","Base editing","33606978"
"NM_000051.4(ATM):c.8017C>T (p.His2673Tyr)","chr11","108334975","C/T","ATM","-0.035","dataset0082","Missense","Neutral to the ATM-mediated anti-cell growth with Doxorubicin in MCF10A","ATM-mediated anti-cell growth with Doxorubicin","5","Functionally normal","Uncertain significance","","NA","CRISPR-Based Genome Editing","Base editing","33606978"
"NM_000051.4(ATM):c.8021C>T (p.Thr2674Ile)","chr11","108334979","C/T","ATM","0.036","dataset0082","Missense","Neutral to the ATM-mediated anti-cell growth with Doxorubicin in MCF10A","ATM-mediated anti-cell growth with Doxorubicin","5","Functionally normal","Uncertain significance","","NA","CRISPR-Based Genome Editing","Base editing","33606978"
"NM_000051.4(ATM):c.8032_8033delinsAA (p.Gly2678Lys)","chr11","108334990","GG/AA","ATM","-0.182","dataset0082","Missense","Neutral to the ATM-mediated anti-cell growth with Doxorubicin in MCF10A","ATM-mediated anti-cell growth with Doxorubicin","5","Functionally normal","","","NA","CRISPR-Based Genome Editing","Base editing","33606978"
"NM_000051.4(ATM):c.8032G>A (p.Gly2678Arg)","chr11","108334990","G/A","ATM","-0.182","dataset0082","Missense","Neutral to the ATM-mediated anti-cell growth with Doxorubicin in MCF10A","ATM-mediated anti-cell growth with Doxorubicin","5","Functionally normal","Conflicting classifications of pathogenicity","4.95814e-06","NA","CRISPR-Based Genome Editing","Base editing","33606978"
"NM_000051.4(ATM):c.8033G>A (p.Gly2678Glu)","chr11","108334991","G/A","ATM","-0.182","dataset0082","Missense","Neutral to the ATM-mediated anti-cell growth with Doxorubicin in MCF10A","ATM-mediated anti-cell growth with Doxorubicin","5","Functionally normal","Likely benign","","NA","CRISPR-Based Genome Editing","Base editing","33606978"
"NM_000051.4(ATM):c.8063C>T (p.Ala2688Val)","chr11","108335021","C/T","ATM","1.15","dataset0082","Missense","The enhanced ATM-mediated anti-cell growth with Doxorubicin in MCF10A","ATM-mediated anti-cell growth with Doxorubicin","5","Gain-of-function","Uncertain significance","1.23926e-06","NA","CRISPR-Based Genome Editing","Base editing","33606978"
"NM_000051.4(ATM):c.8111G>A (p.Cys2704Tyr)","chr11","108335069","G/A","ATM","-0.365","dataset0082","Missense","Neutral to the ATM-mediated anti-cell growth with Doxorubicin in MCF10A","ATM-mediated anti-cell growth with Doxorubicin","5","Functionally normal","Uncertain significance","1.23907e-06","NA","CRISPR-Based Genome Editing","Base editing","33606978"
"NM_000051.4(ATM):c.8113G>A (p.Val2705Ile)","chr11","108335071","G/A","ATM","-0.365","dataset0082","Missense","Neutral to the ATM-mediated anti-cell growth with Doxorubicin in MCF10A","ATM-mediated anti-cell growth with Doxorubicin","5","Functionally normal","Conflicting classifications of pathogenicity","9.91328e-06","NA","CRISPR-Based Genome Editing","Base editing","33606978"
"NM_000051.4(ATM):c.8120C>T (p.Ser2707Phe)","chr11","108335078","C/T","ATM","-1.267","dataset0082","Missense","Neutral to the ATM-mediated anti-cell growth with Doxorubicin in MCF10A","ATM-mediated anti-cell growth with Doxorubicin","5","Functionally normal","Uncertain significance","","NA","CRISPR-Based Genome Editing","Base editing","33606978"
"NM_000051.4(ATM):c.8135G>A (p.Arg2712Lys)","chr11","108335093","G/A","ATM","-1.39","dataset0082","Missense","Neutral to the ATM-mediated anti-cell growth with Doxorubicin in MCF10A","ATM-mediated anti-cell growth with Doxorubicin","5","Functionally normal","Uncertain significance","","NA","CRISPR-Based Genome Editing","Base editing","33606978"
"NM_000051.4(ATM):c.8138G>A (p.Arg2713Lys)","chr11","108335096","G/A","ATM","-1.39","dataset0082","Missense","Neutral to the ATM-mediated anti-cell growth with Doxorubicin in MCF10A","ATM-mediated anti-cell growth with Doxorubicin","5","Functionally normal","Uncertain significance","6.19556e-07","blca:0.5% (2/411):0.315","CRISPR-Based Genome Editing","Base editing","33606978"
"NM_000051.4(ATM):c.8173G>A (p.Asp2725Asn)","chr11","108335866","G/A","ATM","-1.16","dataset0082","Missense","Neutral to the ATM-mediated anti-cell growth with Doxorubicin in MCF10A","ATM-mediated anti-cell growth with Doxorubicin","5","Functionally normal","Uncertain significance","","NA","CRISPR-Based Genome Editing","Base editing","33606978"
"NM_000051.4(ATM):c.8179G>A (p.Val2727Ile)","chr11","108335872","G/A","ATM","-0.06","dataset0082","Missense","Neutral to the ATM-mediated anti-cell growth with Doxorubicin in MCF10A","ATM-mediated anti-cell growth with Doxorubicin","5","Functionally normal","","","NA","CRISPR-Based Genome Editing","Base editing","33606978"
"NM_000051.4(ATM):c.8210C>T (p.Thr2737Ile)","chr11","108335903","C/T","ATM","-0.763","dataset0082","Missense","Neutral to the ATM-mediated anti-cell growth with Doxorubicin in MCF10A","ATM-mediated anti-cell growth with Doxorubicin","5","Functionally normal","Uncertain significance","","ucec:0.2% (1/529):0.270","CRISPR-Based Genome Editing","Base editing","33606978"
"NM_000051.4(ATM):c.8218C>T (p.Gln2740Ter)","chr11","108335911","C/T","ATM","-0.257","dataset0082","Nonsense","Neutral to the ATM-mediated anti-cell growth with Doxorubicin in MCF10A","ATM-mediated anti-cell growth with Doxorubicin","5","Functionally normal","Pathogenic","","NA","CRISPR-Based Genome Editing","Base editing","33606978"
"NM_000051.4(ATM):c.8228C>T (p.Thr2743Met)","chr11","108335921","C/T","ATM","-1.498","dataset0082","Missense","Neutral to the ATM-mediated anti-cell growth with Doxorubicin in MCF10A","ATM-mediated anti-cell growth with Doxorubicin","5","Functionally normal","Uncertain significance","1.2394e-05","coad:0.2% (1/439):0.220","CRISPR-Based Genome Editing","Base editing","33606978"
"NM_000051.4(ATM):c.8252C>T (p.Thr2751Ile)","chr11","108335945","C/T","ATM","-1.236","dataset0082","Missense","Neutral to the ATM-mediated anti-cell growth with Doxorubicin in MCF10A","ATM-mediated anti-cell growth with Doxorubicin","5","Functionally normal","Uncertain significance","6.21372e-07","NA","CRISPR-Based Genome Editing","Base editing","33606978"
"NM_000051.4(ATM):c.8275_8276delinsTT (p.Pro2759Phe)","chr11","108343228","CC/TT","ATM","-1.09","dataset0082","Missense","Neutral to the ATM-mediated anti-cell growth with Doxorubicin in MCF10A","ATM-mediated anti-cell growth with Doxorubicin","5","Functionally normal","","","NA","CRISPR-Based Genome Editing","Base editing","33606978"
"NM_000051.4(ATM):c.8275C>T (p.Pro2759Ser)","chr11","108343228","C/T","ATM","-1.09","dataset0082","Missense","Neutral to the ATM-mediated anti-cell growth with Doxorubicin in MCF10A","ATM-mediated anti-cell growth with Doxorubicin","5","Functionally normal","Uncertain significance","1.85899e-06","skcm:0.2% (1/448):0.380","CRISPR-Based Genome Editing","Base editing","33606978"
"NM_000051.4(ATM):c.8276C>T (p.Pro2759Leu)","chr11","108343229","C/T","ATM","-1.09","dataset0082","Missense","Neutral to the ATM-mediated anti-cell growth with Doxorubicin in MCF10A","ATM-mediated anti-cell growth with Doxorubicin","5","Functionally normal","Uncertain significance","","NA","CRISPR-Based Genome Editing","Base editing","33606978"
"NM_000051.4(ATM):c.8278C>T (p.Leu2760Phe)","chr11","108343231","C/T","ATM","-1.09","dataset0082","Missense","Neutral to the ATM-mediated anti-cell growth with Doxorubicin in MCF10A","ATM-mediated anti-cell growth with Doxorubicin","5","Functionally normal","Uncertain significance","1.85883e-06","NA","CRISPR-Based Genome Editing","Base editing","33606978"
"NM_000051.4(ATM):c.8287C>T (p.Arg2763Ter)","chr11","108343240","C/T","ATM","-0.025","dataset0082","Nonsense","Neutral to the ATM-mediated anti-cell growth with Doxorubicin in MCF10A","ATM-mediated anti-cell growth with Doxorubicin","5","Functionally normal","Pathogenic","2.47868e-06","stad:0.2% (1/440):0.220;ucec:0.2% (1/529):0.210","CRISPR-Based Genome Editing","Base editing","33606978"
"NM_000051.4(ATM):c.8291G>A (p.Ser2764Asn)","chr11","108343244","G/A","ATM","-1.089","dataset0082","Missense","Neutral to the ATM-mediated anti-cell growth with Doxorubicin in MCF10A","ATM-mediated anti-cell growth with Doxorubicin","5","Functionally normal","","","NA","CRISPR-Based Genome Editing","Base editing","33606978"
"NM_000051.4(ATM):c.8293_8294delinsAA (p.Gly2765Asn)","chr11","108343246","GG/AA","ATM","-1.112","dataset0082","Missense","Neutral to the ATM-mediated anti-cell growth with Doxorubicin in MCF10A","ATM-mediated anti-cell growth with Doxorubicin","5","Functionally normal","","","NA","CRISPR-Based Genome Editing","Base editing","33606978"
"NM_000051.4(ATM):c.8293G>A (p.Gly2765Ser)","chr11","108343246","G/A","ATM","-1.112","dataset0082","Missense","Neutral to the ATM-mediated anti-cell growth with Doxorubicin in MCF10A","ATM-mediated anti-cell growth with Doxorubicin","5","Functionally normal","Pathogenic/Likely pathogenic","4.33716e-06","kirp:0.4% (1/283):0.060","CRISPR-Based Genome Editing","Base editing","33606978"
"NM_000051.4(ATM):c.8294G>A (p.Gly2765Asp)","chr11","108343247","G/A","ATM","-1.112","dataset0082","Missense","Neutral to the ATM-mediated anti-cell growth with Doxorubicin in MCF10A","ATM-mediated anti-cell growth with Doxorubicin","5","Functionally normal","Conflicting classifications of pathogenicity","6.19586e-07","NA","CRISPR-Based Genome Editing","Base editing","33606978"
"NM_000051.4(ATM):c.8296G>A (p.Val2766Ile)","chr11","108343249","G/A","ATM","-0.954","dataset0082","Missense","Neutral to the ATM-mediated anti-cell growth with Doxorubicin in MCF10A","ATM-mediated anti-cell growth with Doxorubicin","5","Functionally normal","Uncertain significance","6.19576e-07","NA","CRISPR-Based Genome Editing","Base editing","33606978"
"NM_000051.4(ATM):c.8299C>T (p.Leu2767Phe)","chr11","108343252","C/T","ATM","-1.091","dataset0082","Missense","Neutral to the ATM-mediated anti-cell growth with Doxorubicin in MCF10A","ATM-mediated anti-cell growth with Doxorubicin","5","Functionally normal","Uncertain significance","","NA","CRISPR-Based Genome Editing","Base editing","33606978"
"NM_000051.4(ATM):c.8312C>T (p.Thr2771Ile)","chr11","108343265","C/T","ATM","-0.054","dataset0082","Missense","Neutral to the ATM-mediated anti-cell growth with Doxorubicin in MCF10A","ATM-mediated anti-cell growth with Doxorubicin","5","Functionally normal","Uncertain significance","2.47839e-06","NA","CRISPR-Based Genome Editing","Base editing","33606978"
"NM_000051.4(ATM):c.8338C>T (p.Leu2780Phe)","chr11","108343291","C/T","ATM","-0.681","dataset0082","Missense","Neutral to the ATM-mediated anti-cell growth with Doxorubicin in MCF10A","ATM-mediated anti-cell growth with Doxorubicin","5","Functionally normal","","","NA","CRISPR-Based Genome Editing","Base editing","33606978"
"NM_000051.4(ATM):c.8341G>A (p.Val2781Ile)","chr11","108343294","G/A","ATM","0.074","dataset0082","Missense","Neutral to the ATM-mediated anti-cell growth with Doxorubicin in MCF10A","ATM-mediated anti-cell growth with Doxorubicin","5","Functionally normal","","","NA","CRISPR-Based Genome Editing","Base editing","33606978"
"NM_000051.4(ATM):c.8392G>A (p.Ala2798Thr)","chr11","108343345","G/A","ATM","-0.055","dataset0082","Missense","Neutral to the ATM-mediated anti-cell growth with Doxorubicin in MCF10A","ATM-mediated anti-cell growth with Doxorubicin","5","Functionally normal","","","NA","CRISPR-Based Genome Editing","Base editing","33606978"
"NM_000051.4(ATM):c.8404C>T (p.Gln2802Ter)","chr11","108343357","C/T","ATM","-0.7","dataset0082","Nonsense","Neutral to the ATM-mediated anti-cell growth with Doxorubicin in MCF10A","ATM-mediated anti-cell growth with Doxorubicin","5","Functionally normal","","","NA","CRISPR-Based Genome Editing","Base editing","33606978"
"NM_000051.4(ATM):c.8418G>A (p.Met2806Ile)","chr11","108343371","G/A","ATM","0.11","dataset0082","Missense","Neutral to the ATM-mediated anti-cell growth with Doxorubicin in MCF10A","ATM-mediated anti-cell growth with Doxorubicin","5","Functionally normal","Conflicting classifications of pathogenicity","","NA","CRISPR-Based Genome Editing","Base editing","33606978"
"NM_000051.4(ATM):c.8488G>A (p.Val2830Ile)","chr11","108345812","G/A","ATM","-0.611","dataset0082","Missense","Neutral to the ATM-mediated anti-cell growth with Doxorubicin in MCF10A","ATM-mediated anti-cell growth with Doxorubicin","5","Functionally normal","","","NA","CRISPR-Based Genome Editing","Base editing","33606978"
"NM_000051.4(ATM):c.8494C>T (p.Arg2832Cys)","chr11","108345818","C/T","ATM","0.025","dataset0082","Missense","Neutral to the ATM-mediated anti-cell growth with Doxorubicin in MCF10A","ATM-mediated anti-cell growth with Doxorubicin","5","Functionally normal","Likely pathogenic","1.85912e-05","luad:0.2% (1/566):0.240;stad:0.2% (1/440):0.200;ucec:0.2% (1/529):0.350","CRISPR-Based Genome Editing","Base editing","33606978"
"NM_000051.4(ATM):c.8504G>A (p.Cys2835Tyr)","chr11","108345828","G/A","ATM","1.066","dataset0082","Missense","Neutral to the ATM-mediated anti-cell growth with Doxorubicin in MCF10A","ATM-mediated anti-cell growth with Doxorubicin","5","Functionally normal","Uncertain significance","6.19644e-07","NA","CRISPR-Based Genome Editing","Base editing","33606978"
"NM_000051.4(ATM):c.8508G>A (p.Met2836Ile)","chr11","108345832","G/A","ATM","-0.724","dataset0082","Missense","Neutral to the ATM-mediated anti-cell growth with Doxorubicin in MCF10A","ATM-mediated anti-cell growth with Doxorubicin","5","Functionally normal","Uncertain significance","6.19629e-07","NA","CRISPR-Based Genome Editing","Base editing","33606978"
"NM_000051.4(ATM):c.8509G>A (p.Glu2837Lys)","chr11","108345833","G/A","ATM","-0.724","dataset0082","Missense","Neutral to the ATM-mediated anti-cell growth with Doxorubicin in MCF10A","ATM-mediated anti-cell growth with Doxorubicin","5","Functionally normal","","","NA","CRISPR-Based Genome Editing","Base editing","33606978"
"NM_000051.4(ATM):c.8539G>A (p.Glu2847Lys)","chr11","108345863","G/A","ATM","-0.086","dataset0082","Missense","Neutral to the ATM-mediated anti-cell growth with Doxorubicin in MCF10A","ATM-mediated anti-cell growth with Doxorubicin","5","Functionally normal","Uncertain significance","","NA","CRISPR-Based Genome Editing","Base editing","33606978"
"NM_000051.4(ATM):c.8570C>T (p.Ala2857Val)","chr11","108345894","C/T","ATM","-0.319","dataset0082","Missense","Neutral to the ATM-mediated anti-cell growth with Doxorubicin in MCF10A","ATM-mediated anti-cell growth with Doxorubicin","5","Functionally normal","","","NA","CRISPR-Based Genome Editing","Base editing","33606978"
"NM_000051.4(ATM):c.8599_8600delinsAA (p.Gly2867Lys)","chr11","108347293","GG/AA","ATM","-0.964","dataset0082","Missense","Neutral to the ATM-mediated anti-cell growth with Doxorubicin in MCF10A","ATM-mediated anti-cell growth with Doxorubicin","5","Functionally normal","","","NA","CRISPR-Based Genome Editing","Base editing","33606978"
"NM_000051.4(ATM):c.8599G>A (p.Gly2867Arg)","chr11","108347293","G/A","ATM","-0.964","dataset0082","Missense","Neutral to the ATM-mediated anti-cell growth with Doxorubicin in MCF10A","ATM-mediated anti-cell growth with Doxorubicin","5","Functionally normal","","1.24224e-06","NA","CRISPR-Based Genome Editing","Base editing","33606978"
"NM_000051.4(ATM):c.8600G>A (p.Gly2867Glu)","chr11","108347294","G/A","ATM","-0.964","dataset0082","Missense","Neutral to the ATM-mediated anti-cell growth with Doxorubicin in MCF10A","ATM-mediated anti-cell growth with Doxorubicin","5","Functionally normal","Uncertain significance","","NA","CRISPR-Based Genome Editing","Base editing","33606978"
"NM_000051.4(ATM):c.8653C>T (p.Leu2885Phe)","chr11","108347347","C/T","ATM","-0.244","dataset0082","Missense","Neutral to the ATM-mediated anti-cell growth with Doxorubicin in MCF10A","ATM-mediated anti-cell growth with Doxorubicin","5","Functionally normal","Uncertain significance","1.24541e-06","NA","CRISPR-Based Genome Editing","Base editing","33606978"
"NM_000051.4(ATM):c.8716G>A (p.Val2906Ile)","chr11","108353810","G/A","ATM","-0.923","dataset0082","Missense","Neutral to the ATM-mediated anti-cell growth with Doxorubicin in MCF10A","ATM-mediated anti-cell growth with Doxorubicin","5","Functionally normal","Uncertain significance","8.67421e-06","NA","CRISPR-Based Genome Editing","Base editing","33606978"
"NM_000051.4(ATM):c.8726G>A (p.Arg2909Lys)","chr11","108353820","G/A","ATM","-0.635","dataset0082","Missense","Neutral to the ATM-mediated anti-cell growth with Doxorubicin in MCF10A","ATM-mediated anti-cell growth with Doxorubicin","5","Functionally normal","Uncertain significance","6.19566e-07","NA","CRISPR-Based Genome Editing","Base editing","33606978"
"NM_000051.4(ATM):c.8728C>T (p.Leu2910Phe)","chr11","108353822","C/T","ATM","-1.136","dataset0082","Missense","Neutral to the ATM-mediated anti-cell growth with Doxorubicin in MCF10A","ATM-mediated anti-cell growth with Doxorubicin","5","Functionally normal","Uncertain significance","6.19553e-07","NA","CRISPR-Based Genome Editing","Base editing","33606978"
"NM_000051.4(ATM):c.8732C>T (p.Thr2911Ile)","chr11","108353826","C/T","ATM","-0.357","dataset0082","Missense","Neutral to the ATM-mediated anti-cell growth with Doxorubicin in MCF10A","ATM-mediated anti-cell growth with Doxorubicin","5","Functionally normal","Conflicting classifications of pathogenicity","","NA","CRISPR-Based Genome Editing","Base editing","33606978"
"NM_000051.4(ATM):c.8735G>A (p.Arg2912Lys)","chr11","108353829","G/A","ATM","-0.907","dataset0082","Missense","Neutral to the ATM-mediated anti-cell growth with Doxorubicin in MCF10A","ATM-mediated anti-cell growth with Doxorubicin","5","Functionally normal","","6.19546e-07","NA","CRISPR-Based Genome Editing","Base editing","33606978"
"NM_000051.4(ATM):c.8737G>A (p.Asp2913Asn)","chr11","108353831","G/A","ATM","-0.907","dataset0082","Missense","Neutral to the ATM-mediated anti-cell growth with Doxorubicin in MCF10A","ATM-mediated anti-cell growth with Doxorubicin","5","Functionally normal","","","NA","CRISPR-Based Genome Editing","Base editing","33606978"
"NM_000051.4(ATM):c.8749_8750delinsAA (p.Gly2917Asn)","chr11","108353843","GG/AA","ATM","-0.407","dataset0082","Missense","Neutral to the ATM-mediated anti-cell growth with Doxorubicin in MCF10A","ATM-mediated anti-cell growth with Doxorubicin","5","Functionally normal","","","NA","CRISPR-Based Genome Editing","Base editing","33606978"
"NM_000051.4(ATM):c.8749G>A (p.Gly2917Ser)","chr11","108353843","G/A","ATM","-0.407","dataset0082","Missense","Neutral to the ATM-mediated anti-cell growth with Doxorubicin in MCF10A","ATM-mediated anti-cell growth with Doxorubicin","5","Functionally normal","Uncertain significance","","NA","CRISPR-Based Genome Editing","Base editing","33606978"
"NM_000051.4(ATM):c.8750G>A (p.Gly2917Asp)","chr11","108353844","G/A","ATM","-0.407","dataset0082","Missense","Neutral to the ATM-mediated anti-cell growth with Doxorubicin in MCF10A","ATM-mediated anti-cell growth with Doxorubicin","5","Functionally normal","Uncertain significance","","NA","CRISPR-Based Genome Editing","Base editing","33606978"
"NM_000051.4(ATM):c.8816G>A (p.Arg2939Lys)","chr11","108354840","G/A","ATM","0.804","dataset0082","Missense","Neutral to the ATM-mediated anti-cell growth with Doxorubicin in MCF10A","ATM-mediated anti-cell growth with Doxorubicin","5","Functionally normal","","","NA","CRISPR-Based Genome Editing","Base editing","33606978"
"NM_000051.4(ATM):c.8831C>T (p.Thr2944Ile)","chr11","108354855","C/T","ATM","-0.071","dataset0082","Missense","Neutral to the ATM-mediated anti-cell growth with Doxorubicin in MCF10A","ATM-mediated anti-cell growth with Doxorubicin","5","Functionally normal","Uncertain significance","","NA","CRISPR-Based Genome Editing","Base editing","33606978"
"NM_000051.4(ATM):c.8886G>A (p.Met2962Ile)","chr11","108365117","G/A","ATM","-0.254","dataset0082","Missense","Neutral to the ATM-mediated anti-cell growth with Doxorubicin in MCF10A","ATM-mediated anti-cell growth with Doxorubicin","5","Functionally normal","Uncertain significance","","NA","CRISPR-Based Genome Editing","Base editing","33606978"
"NM_000051.4(ATM):c.8899G>A (p.Ala2967Thr)","chr11","108365130","G/A","ATM","-0.587","dataset0082","Missense","Neutral to the ATM-mediated anti-cell growth with Doxorubicin in MCF10A","ATM-mediated anti-cell growth with Doxorubicin","5","Functionally normal","","","NA","CRISPR-Based Genome Editing","Base editing","33606978"
"NM_000051.4(ATM):c.8900C>T (p.Ala2967Val)","chr11","108365131","C/T","ATM","0.129","dataset0082","Missense","Neutral to the ATM-mediated anti-cell growth with Doxorubicin in MCF10A","ATM-mediated anti-cell growth with Doxorubicin","5","Functionally normal","Uncertain significance","","NA","CRISPR-Based Genome Editing","Base editing","33606978"
"NM_000051.4(ATM):c.8935G>A (p.Glu2979Lys)","chr11","108365166","G/A","ATM","0.78","dataset0082","Missense","Neutral to the ATM-mediated anti-cell growth with Doxorubicin in MCF10A","ATM-mediated anti-cell growth with Doxorubicin","5","Functionally normal","","","NA","CRISPR-Based Genome Editing","Base editing","33606978"
"NM_000051.4(ATM):c.8959G>A (p.Asp2987Asn)","chr11","108365190","G/A","ATM","0.148","dataset0082","Missense","Neutral to the ATM-mediated anti-cell growth with Doxorubicin in MCF10A","ATM-mediated anti-cell growth with Doxorubicin","5","Functionally normal","","6.19496e-07","NA","CRISPR-Based Genome Editing","Base editing","33606978"
"NM_000051.4(ATM):c.8962G>A (p.Asp2988Asn)","chr11","108365193","G/A","ATM","0.148","dataset0082","Missense","Neutral to the ATM-mediated anti-cell growth with Doxorubicin in MCF10A","ATM-mediated anti-cell growth with Doxorubicin","5","Functionally normal","Uncertain significance","6.195e-07","hnsc:0.2% (1/523):0.070","CRISPR-Based Genome Editing","Base editing","33606978"
"NM_000051.4(ATM):c.9002G>A (p.Ser3001Asn)","chr11","108365339","G/A","ATM","-0.544","dataset0082","Missense","Neutral to the ATM-mediated anti-cell growth with Doxorubicin in MCF10A","ATM-mediated anti-cell growth with Doxorubicin","5","Functionally normal","Conflicting classifications of pathogenicity","6.19496e-06","NA","CRISPR-Based Genome Editing","Base editing","33606978"
"NM_000051.4(ATM):c.9013G>A (p.Val3005Ile)","chr11","108365350","G/A","ATM","-0.111","dataset0082","Missense","Neutral to the ATM-mediated anti-cell growth with Doxorubicin in MCF10A","ATM-mediated anti-cell growth with Doxorubicin","5","Functionally normal","Likely benign","","NA","CRISPR-Based Genome Editing","Base editing","33606978"
"NM_000051.4(ATM):c.9016G>A (p.Ala3006Thr)","chr11","108365353","G/A","ATM","-0.111","dataset0082","Missense","Neutral to the ATM-mediated anti-cell growth with Doxorubicin in MCF10A","ATM-mediated anti-cell growth with Doxorubicin","5","Functionally normal","Uncertain significance","","NA","CRISPR-Based Genome Editing","Base editing","33606978"
"NM_000051.4(ATM):c.9040C>T (p.Gln3014Ter)","chr11","108365377","C/T","ATM","-0.976","dataset0082","Nonsense","Neutral to the ATM-mediated anti-cell growth with Doxorubicin in MCF10A","ATM-mediated anti-cell growth with Doxorubicin","5","Functionally normal","Pathogenic/Likely pathogenic","","NA","CRISPR-Based Genome Editing","Base editing","33606978"
"NM_000051.4(ATM):c.9071C>T (p.Thr3024Ile)","chr11","108365408","C/T","ATM","-0.205","dataset0082","Missense","Neutral to the ATM-mediated anti-cell growth with Doxorubicin in MCF10A","ATM-mediated anti-cell growth with Doxorubicin","5","Functionally normal","Uncertain significance","8.67374e-06","NA","CRISPR-Based Genome Editing","Base editing","33606978"
"NM_000051.4(ATM):c.9133C>T (p.Leu3045Phe)","chr11","108365470","C/T","ATM","-1.28","dataset0082","Missense","Neutral to the ATM-mediated anti-cell growth with Doxorubicin in MCF10A","ATM-mediated anti-cell growth with Doxorubicin","5","Functionally normal","Uncertain significance","","NA","CRISPR-Based Genome Editing","Base editing","33606978"
"NM_000051.4(ATM):c.9139C>T (p.Arg3047Ter)","chr11","108365476","C/T","ATM","-0.491","dataset0082","Nonsense","Neutral to the ATM-mediated anti-cell growth with Doxorubicin in MCF10A","ATM-mediated anti-cell growth with Doxorubicin","5","Functionally normal","Pathogenic","1.61092e-05","brca:0.1% (1/1084):0.400;ucec:0.2% (1/529):0.230","CRISPR-Based Genome Editing","Base editing","33606978"
"NM_000051.4(ATM):c.9140G>A (p.Arg3047Gln)","chr11","108365477","G/A","ATM","-0.371","dataset0082","Missense","Neutral to the ATM-mediated anti-cell growth with Doxorubicin in MCF10A","ATM-mediated anti-cell growth with Doxorubicin","5","Functionally normal","Uncertain significance","6.19518e-07","NA","CRISPR-Based Genome Editing","Base editing","33606978"
"NM_000051.4(ATM):c.9148C>T (p.Pro3050Ser)","chr11","108365485","C/T","ATM","-1.016","dataset0082","Missense","Neutral to the ATM-mediated anti-cell growth with Doxorubicin in MCF10A","ATM-mediated anti-cell growth with Doxorubicin","5","Functionally normal","Uncertain significance","","NA","CRISPR-Based Genome Editing","Base editing","33606978"
"NM_000051.4(ATM):c.9149C>T (p.Pro3050Leu)","chr11","108365486","C/T","ATM","-1.016","dataset0082","Missense","Neutral to the ATM-mediated anti-cell growth with Doxorubicin in MCF10A","ATM-mediated anti-cell growth with Doxorubicin","5","Functionally normal","Uncertain significance","1.05326e-05","NA","CRISPR-Based Genome Editing","Base editing","33606978"
"NM_000051.4(ATM):c.9155G>A (p.Trp3052Ter)","chr11","108365492","G/A","ATM","-0.803","dataset0082","Nonsense","Neutral to the ATM-mediated anti-cell growth with Doxorubicin in MCF10A","ATM-mediated anti-cell growth with Doxorubicin","5","Functionally normal","Uncertain significance","","NA","CRISPR-Based Genome Editing","Base editing","33606978"
"NM_000051.4(ATM):c.9164G>A (p.Trp3055Ter)","chr11","108365501","G/A","ATM","0.005","dataset0082","Nonsense","Neutral to the ATM-mediated anti-cell growth with Doxorubicin in MCF10A","ATM-mediated anti-cell growth with Doxorubicin","5","Functionally normal","Uncertain significance","","NA","CRISPR-Based Genome Editing","Base editing","33606978"
"NM_000051.4(ATM):c.9166G>A (p.Val3056Met)","chr11","108365503","G/A","ATM","0.005","dataset0082","Missense","Neutral to the ATM-mediated anti-cell growth with Doxorubicin in MCF10A","ATM-mediated anti-cell growth with Doxorubicin","5","Functionally normal","Uncertain significance","","NA","CRISPR-Based Genome Editing","Base editing","33606978"
