"Identifier","Chrom","Position","Ref/Alt","Gene name","Score","Dataset ID","Molecular consequence","Functional description","Phenotype","Cross-assay hits","Functional classification","ClinVar information","Population frequency","TCGA summary","MAVE technique","Mutagenesis strategy","Publication"
"NM_004448.4(ERBB2):c.15C>T (p.Ala5=)","chr17","39700253","C/T","ERBB2","0.985","dataset0527","Synonymous","Neutral to the ERBB2-mediated cellular proliferation in A375","ERBB2-mediated cellular proliferation","6","Functionally normal","","0","NA","CRISPR-Based Genome Editing","Base editing","33606977"
"NM_004448.4(ERBB2):c.18G>A (p.Leu6=)","chr17","39700256","G/A","ERBB2","-0.494","dataset0527","Synonymous","Neutral to the ERBB2-mediated cellular proliferation in A375","ERBB2-mediated cellular proliferation","6","Functionally normal","","0","NA","CRISPR-Based Genome Editing","Base editing","33606977"
"NM_004448.4(ERBB2):c.29G>A (p.Gly10Glu)","chr17","39700267","G/A","ERBB2","1.033","dataset0527","Missense","Neutral to the ERBB2-mediated cellular proliferation in A375","ERBB2-mediated cellular proliferation","6","Functionally normal","","0","NA","CRISPR-Based Genome Editing","Base editing","33606977"
"NM_004448.4(ERBB2):c.55G>A (p.Gly19Arg)","chr17","39700293","G/A","ERBB2","1.206","dataset0527","Missense","Neutral to the ERBB2-mediated cellular proliferation in A375","ERBB2-mediated cellular proliferation","6","Functionally normal","","2.10183e-06","NA","CRISPR-Based Genome Editing","Base editing","33606977"
"NM_004448.4(ERBB2):c.56G>A (p.Gly19Glu)","chr17","39700294","G/A","ERBB2","1.064","dataset0527","Missense","Neutral to the ERBB2-mediated cellular proliferation in A375","ERBB2-mediated cellular proliferation","6","Functionally normal","","","NA","CRISPR-Based Genome Editing","Base editing","33606977"
"NM_004448.4(ERBB2):c.60C>T (p.Ala20=)","chr17","39700298","C/T","ERBB2","0.337","dataset0527","Synonymous","Neutral to the ERBB2-mediated cellular proliferation in A375","ERBB2-mediated cellular proliferation","6","Functionally normal","","9.11471e-06","NA","CRISPR-Based Genome Editing","Base editing","33606977"
"NM_004448.4(ERBB2):c.73+1G>A","chr17","39700312","G/A","ERBB2","1.146","dataset0527","Splice site","Neutral to the ERBB2-mediated cellular proliferation in A375","ERBB2-mediated cellular proliferation","6","Functionally normal","","0","NA","CRISPR-Based Genome Editing","Base editing","33606977"
"NM_004448.4(ERBB2):c.73+3G>A","chr17","39700314","G/A","ERBB2","1.146","dataset0527","Splice site","Neutral to the ERBB2-mediated cellular proliferation in A375","ERBB2-mediated cellular proliferation","6","Functionally normal","Uncertain significance","1.84512e-05","NA","CRISPR-Based Genome Editing","Base editing","33606977"
"NM_004448.4(ERBB2):c.73+4G>A","chr17","39700315","G/A","ERBB2","1.146","dataset0527","Splice site","Neutral to the ERBB2-mediated cellular proliferation in A375","ERBB2-mediated cellular proliferation","6","Functionally normal","","1.42278e-06","NA","CRISPR-Based Genome Editing","Base editing","33606977"
"NM_004448.4(ERBB2):c.73+5G>A","chr17","39700316","G/A","ERBB2","1.146","dataset0527","Splice site","Neutral to the ERBB2-mediated cellular proliferation in A375","ERBB2-mediated cellular proliferation","6","Functionally normal","","3.55528e-06","NA","CRISPR-Based Genome Editing","Base editing","33606977"
"NM_004448.4(ERBB2):c.86C>T (p.Thr29Ile)","chr17","39707002","C/T","ERBB2","0.513","dataset0527","Missense","Neutral to the ERBB2-mediated cellular proliferation in A375","ERBB2-mediated cellular proliferation","6","Functionally normal","","","NA","CRISPR-Based Genome Editing","Base editing","33606977"
"NM_004448.4(ERBB2):c.88G>A (p.Asp30Asn)","chr17","39707004","G/A","ERBB2","0.538","dataset0527","Missense","Neutral to the ERBB2-mediated cellular proliferation in A375","ERBB2-mediated cellular proliferation","6","Functionally normal","","","NA","CRISPR-Based Genome Editing","Base editing","33606977"
"NM_004448.4(ERBB2):c.111C>T (p.Ala37=)","chr17","39707027","C/T","ERBB2","0.088","dataset0527","Synonymous","Neutral to the ERBB2-mediated cellular proliferation in A375","ERBB2-mediated cellular proliferation","6","Functionally normal","","","NA","CRISPR-Based Genome Editing","Base editing","33606977"
"NM_004448.4(ERBB2):c.115C>T (p.Pro39Ser)","chr17","39707031","C/T","ERBB2","0.088","dataset0527","Missense","Neutral to the ERBB2-mediated cellular proliferation in A375","ERBB2-mediated cellular proliferation","6","Functionally normal","","","NA","CRISPR-Based Genome Editing","Base editing","33606977"
"NM_004448.4(ERBB2):c.120G>A (p.Glu40=)","chr17","39707036","G/A","ERBB2","0.083","dataset0527","Synonymous","Neutral to the ERBB2-mediated cellular proliferation in A375","ERBB2-mediated cellular proliferation","6","Functionally normal","","","NA","CRISPR-Based Genome Editing","Base editing","33606977"
"NM_004448.4(ERBB2):c.129G>A (p.Leu43=)","chr17","39707045","G/A","ERBB2","-0.113","dataset0527","Synonymous","Neutral to the ERBB2-mediated cellular proliferation in A375","ERBB2-mediated cellular proliferation","6","Functionally normal","","","NA","CRISPR-Based Genome Editing","Base editing","33606977"
"NM_004448.4(ERBB2):c.130G>A (p.Asp44Asn)","chr17","39707046","G/A","ERBB2","0.955","dataset0527","Missense","Neutral to the ERBB2-mediated cellular proliferation in A375","ERBB2-mediated cellular proliferation","6","Functionally normal","","1.24417e-06","NA","CRISPR-Based Genome Editing","Base editing","33606977"
"NM_004448.4(ERBB2):c.138C>T (p.Leu46=)","chr17","39707054","C/T","ERBB2","-2.259","dataset0527","Synonymous","The reduced ERBB2-mediated cellular proliferation in A375","ERBB2-mediated cellular proliferation","6","Loss-of-function","","1.24361e-06","NA","CRISPR-Based Genome Editing","Base editing","33606977"
"NM_004448.4(ERBB2):c.139C>T (p.Arg47Cys)","chr17","39707055","C/T","ERBB2","-2.259","dataset0527","Missense","The reduced ERBB2-mediated cellular proliferation in A375","ERBB2-mediated cellular proliferation","6","Loss-of-function","","8.08103e-06","NA","CRISPR-Based Genome Editing","Base editing","33606977"
"NM_004448.4(ERBB2):c.144C>T (p.His48=)","chr17","39707060","C/T","ERBB2","-0.259","dataset0527","Synonymous","Neutral to the ERBB2-mediated cellular proliferation in A375","ERBB2-mediated cellular proliferation","6","Functionally normal","","1.86488e-06","NA","CRISPR-Based Genome Editing","Base editing","33606977"
"NM_004448.4(ERBB2):c.147C>T (p.Leu49=)","chr17","39707063","C/T","ERBB2","-0.313","dataset0527","Synonymous","Neutral to the ERBB2-mediated cellular proliferation in A375","ERBB2-mediated cellular proliferation","6","Functionally normal","","","NA","CRISPR-Based Genome Editing","Base editing","33606977"
"NM_004448.4(ERBB2):c.150C>T (p.Tyr50=)","chr17","39707066","C/T","ERBB2","-0.313","dataset0527","Synonymous","Neutral to the ERBB2-mediated cellular proliferation in A375","ERBB2-mediated cellular proliferation","6","Functionally normal","","1.86561e-06","NA","CRISPR-Based Genome Editing","Base editing","33606977"
"NM_004448.4(ERBB2):c.151C>T (p.Gln51Ter)","chr17","39707067","C/T","ERBB2","-0.313","dataset0527","Nonsense","Neutral to the ERBB2-mediated cellular proliferation in A375","ERBB2-mediated cellular proliferation","6","Functionally normal","","","NA","CRISPR-Based Genome Editing","Base editing","33606977"
"NM_004448.4(ERBB2):c.153G>A (p.Gln51=)","chr17","39707069","G/A","ERBB2","0.479","dataset0527","Synonymous","Neutral to the ERBB2-mediated cellular proliferation in A375","ERBB2-mediated cellular proliferation","6","Functionally normal","","","NA","CRISPR-Based Genome Editing","Base editing","33606977"
"NM_004448.4(ERBB2):c.154G>A (p.Gly52Ser)","chr17","39707070","G/A","ERBB2","0.479","dataset0527","Missense","Neutral to the ERBB2-mediated cellular proliferation in A375","ERBB2-mediated cellular proliferation","6","Functionally normal","","6.22355e-07","NA","CRISPR-Based Genome Editing","Base editing","33606977"
"NM_004448.4(ERBB2):c.162G>A (p.Gln54=)","chr17","39707078","G/A","ERBB2","0.887","dataset0527","Synonymous","Neutral to the ERBB2-mediated cellular proliferation in A375","ERBB2-mediated cellular proliferation","6","Functionally normal","","","NA","CRISPR-Based Genome Editing","Base editing","33606977"
"NM_004448.4(ERBB2):c.163G>A (p.Val55Met)","chr17","39707079","G/A","ERBB2","0.887","dataset0527","Missense","Neutral to the ERBB2-mediated cellular proliferation in A375","ERBB2-mediated cellular proliferation","6","Functionally normal","","","NA","CRISPR-Based Genome Editing","Base editing","33606977"
"NM_004448.4(ERBB2):c.165G>A (p.Val55=)","chr17","39707081","G/A","ERBB2","-0.111","dataset0527","Synonymous","Neutral to the ERBB2-mediated cellular proliferation in A375","ERBB2-mediated cellular proliferation","6","Functionally normal","","6.22556e-07","NA","CRISPR-Based Genome Editing","Base editing","33606977"
"NM_004448.4(ERBB2):c.166G>A (p.Val56Met)","chr17","39707082","G/A","ERBB2","-0.111","dataset0527","Missense","Neutral to the ERBB2-mediated cellular proliferation in A375","ERBB2-mediated cellular proliferation","6","Functionally normal","","","NA","CRISPR-Based Genome Editing","Base editing","33606977"
"NM_004448.4(ERBB2):c.207C>T (p.Ala69=)","chr17","39707123","C/T","ERBB2","-1.352","dataset0527","Synonymous","Neutral to the ERBB2-mediated cellular proliferation in A375","ERBB2-mediated cellular proliferation","6","Functionally normal","","","NA","CRISPR-Based Genome Editing","Base editing","33606977"
"NM_004448.4(ERBB2):c.211C>T (p.Leu71=)","chr17","39707127","C/T","ERBB2","-1.352","dataset0527","Synonymous","Neutral to the ERBB2-mediated cellular proliferation in A375","ERBB2-mediated cellular proliferation","6","Functionally normal","","","NA","CRISPR-Based Genome Editing","Base editing","33606977"
"NM_004448.4(ERBB2):c.213G>A (p.Leu71=)","chr17","39707129","G/A","ERBB2","0.481","dataset0527","Synonymous","Neutral to the ERBB2-mediated cellular proliferation in A375","ERBB2-mediated cellular proliferation","6","Functionally normal","","0","NA","CRISPR-Based Genome Editing","Base editing","33606977"
"NM_004448.4(ERBB2):c.225G>A (p.Gln75=)","chr17","39707141","G/A","ERBB2","-2.515","dataset0527","Splice site","The reduced ERBB2-mediated cellular proliferation in A375","ERBB2-mediated cellular proliferation","6","Loss-of-function","","","NA","CRISPR-Based Genome Editing","Base editing","33606977"
"NM_004448.4(ERBB2):c.225+1G>A","chr17","39707142","G/A","ERBB2","-2.515","dataset0527","Splice site","The reduced ERBB2-mediated cellular proliferation in A375","ERBB2-mediated cellular proliferation","6","Loss-of-function","","","NA","CRISPR-Based Genome Editing","Base editing","33606977"
"NM_004448.4(ERBB2):c.225+3G>A","chr17","39707144","G/A","ERBB2","-2.515","dataset0527","Splice site","The reduced ERBB2-mediated cellular proliferation in A375","ERBB2-mediated cellular proliferation","6","Loss-of-function","Uncertain significance","1.85709e-05","NA","CRISPR-Based Genome Editing","Base editing","33606977"
"NM_004448.4(ERBB2):c.225+5G>A","chr17","39707146","G/A","ERBB2","0.05","dataset0527","Splice site","Neutral to the ERBB2-mediated cellular proliferation in A375","ERBB2-mediated cellular proliferation","6","Functionally normal","","0","NA","CRISPR-Based Genome Editing","Base editing","33606977"
"NM_004448.4(ERBB2):c.226-10C>T","chr17","39708311","C/T","ERBB2","-0.572","dataset0527","Splice site","Neutral to the ERBB2-mediated cellular proliferation in A375","ERBB2-mediated cellular proliferation","6","Functionally normal","","1.86352e-06","NA","CRISPR-Based Genome Editing","Base editing","33606977"
"NM_004448.4(ERBB2):c.226-9C>T","chr17","39708312","C/T","ERBB2","-0.572","dataset0527","Splice site","Neutral to the ERBB2-mediated cellular proliferation in A375","ERBB2-mediated cellular proliferation","6","Functionally normal","","1.24282e-06","NA","CRISPR-Based Genome Editing","Base editing","33606977"
"NM_004448.4(ERBB2):c.226-8C>T","chr17","39708313","C/T","ERBB2","-0.572","dataset0527","Splice site","Neutral to the ERBB2-mediated cellular proliferation in A375","ERBB2-mediated cellular proliferation","6","Functionally normal","","6.20882e-07","NA","CRISPR-Based Genome Editing","Base editing","33606977"
"NM_004448.4(ERBB2):c.226-7C>T","chr17","39708314","C/T","ERBB2","-0.729","dataset0527","Splice site","Neutral to the ERBB2-mediated cellular proliferation in A375","ERBB2-mediated cellular proliferation","6","Functionally normal","Likely benign","1.8002e-05","NA","CRISPR-Based Genome Editing","Base editing","33606977"
"NM_004448.4(ERBB2):c.226-5C>T","chr17","39708316","C/T","ERBB2","-0.729","dataset0527","Splice site","Neutral to the ERBB2-mediated cellular proliferation in A375","ERBB2-mediated cellular proliferation","6","Functionally normal","Likely benign","1.4274e-05","NA","CRISPR-Based Genome Editing","Base editing","33606977"
"NM_004448.4(ERBB2):c.226-4C>T","chr17","39708317","C/T","ERBB2","-0.729","dataset0527","Splice site","Neutral to the ERBB2-mediated cellular proliferation in A375","ERBB2-mediated cellular proliferation","6","Functionally normal","","1.24104e-06","NA","CRISPR-Based Genome Editing","Base editing","33606977"
"NM_004448.4(ERBB2):c.226-3C>T","chr17","39708318","C/T","ERBB2","-0.729","dataset0527","Splice site","Neutral to the ERBB2-mediated cellular proliferation in A375","ERBB2-mediated cellular proliferation","6","Functionally normal","","6.20729e-07","NA","CRISPR-Based Genome Editing","Base editing","33606977"
"NM_004448.4(ERBB2):c.237G>A (p.Glu79=)","chr17","39708332","G/A","ERBB2","-1.676","dataset0527","Synonymous","Neutral to the ERBB2-mediated cellular proliferation in A375","ERBB2-mediated cellular proliferation","6","Functionally normal","","","NA","CRISPR-Based Genome Editing","Base editing","33606977"
"NM_004448.4(ERBB2):c.238G>A (p.Val80Met)","chr17","39708333","G/A","ERBB2","-1.676","dataset0527","Missense","Neutral to the ERBB2-mediated cellular proliferation in A375","ERBB2-mediated cellular proliferation","6","Functionally normal","","","NA","CRISPR-Based Genome Editing","Base editing","33606977"
"NM_004448.4(ERBB2):c.250G>A (p.Val84Met)","chr17","39708345","G/A","ERBB2","-0.131","dataset0527","Missense","Neutral to the ERBB2-mediated cellular proliferation in A375","ERBB2-mediated cellular proliferation","6","Functionally normal","Uncertain significance","4.64642e-05","NA","CRISPR-Based Genome Editing","Base editing","33606977"
"NM_004448.4(ERBB2):c.258C>T (p.Ile86=)","chr17","39708353","C/T","ERBB2","0.092","dataset0527","Synonymous","Neutral to the ERBB2-mediated cellular proliferation in A375","ERBB2-mediated cellular proliferation","6","Functionally normal","Likely benign","0.00026206","NA","CRISPR-Based Genome Editing","Base editing","33606977"
"NM_004448.4(ERBB2):c.282C>T (p.Val94=)","chr17","39708377","C/T","ERBB2","0.459","dataset0527","Synonymous","Neutral to the ERBB2-mediated cellular proliferation in A375","ERBB2-mediated cellular proliferation","6","Functionally normal","","","NA","CRISPR-Based Genome Editing","Base editing","33606977"
"NM_004448.4(ERBB2):c.283_284delinsTT (p.Pro95Leu)","chr17","39708378","CC/TT","ERBB2","0.459","dataset0527","Missense","Neutral to the ERBB2-mediated cellular proliferation in A375","ERBB2-mediated cellular proliferation","6","Functionally normal","","","NA","CRISPR-Based Genome Editing","Base editing","33606977"
"NM_004448.4(ERBB2):c.299_300delinsAA (p.Arg100Gln)","chr17","39708394","GG/AA","ERBB2","-0.144","dataset0527","Missense","Neutral to the ERBB2-mediated cellular proliferation in A375","ERBB2-mediated cellular proliferation","6","Functionally normal","","","NA","CRISPR-Based Genome Editing","Base editing","33606977"
"NM_004448.4(ERBB2):c.340C>T (p.Leu114=)","chr17","39708435","C/T","ERBB2","0.174","dataset0527","Synonymous","Neutral to the ERBB2-mediated cellular proliferation in A375","ERBB2-mediated cellular proliferation","6","Functionally normal","Likely benign","3.71722e-06","NA","CRISPR-Based Genome Editing","Base editing","33606977"
"NM_004448.4(ERBB2):c.358G>A (p.Gly120Arg)","chr17","39708453","G/A","ERBB2","-1.507","dataset0527","Missense","Neutral to the ERBB2-mediated cellular proliferation in A375","ERBB2-mediated cellular proliferation","6","Functionally normal","","","NA","CRISPR-Based Genome Editing","Base editing","33606977"
"NM_004448.4(ERBB2):c.359G>A (p.Gly120Glu)","chr17","39708454","G/A","ERBB2","-0.652","dataset0527","Missense","Neutral to the ERBB2-mediated cellular proliferation in A375","ERBB2-mediated cellular proliferation","6","Functionally normal","","","NA","CRISPR-Based Genome Editing","Base editing","33606977"
"NM_004448.4(ERBB2):c.361G>A (p.Asp121Asn)","chr17","39708456","G/A","ERBB2","-0.652","dataset0527","Missense","Neutral to the ERBB2-mediated cellular proliferation in A375","ERBB2-mediated cellular proliferation","6","Functionally normal","","6.19513e-07","NA","CRISPR-Based Genome Editing","Base editing","33606977"
"NM_004448.4(ERBB2):c.377_378delinsTT (p.Thr126Ile)","chr17","39708472","CC/TT","ERBB2","-2.107","dataset0527","Missense","The reduced ERBB2-mediated cellular proliferation in A375","ERBB2-mediated cellular proliferation","6","Loss-of-function","","","NA","CRISPR-Based Genome Editing","Base editing","33606977"
"NM_004448.4(ERBB2):c.377C>T (p.Thr126Ile)","chr17","39708472","C/T","ERBB2","0.1","dataset0527","Missense","Neutral to the ERBB2-mediated cellular proliferation in A375","ERBB2-mediated cellular proliferation","6","Functionally normal","","2.47806e-06","NA","CRISPR-Based Genome Editing","Base editing","33606977"
"NM_004448.4(ERBB2):c.387C>T (p.Val129=)","chr17","39708482","C/T","ERBB2","0.679","dataset0527","Synonymous","Neutral to the ERBB2-mediated cellular proliferation in A375","ERBB2-mediated cellular proliferation","6","Functionally normal","","","NA","CRISPR-Based Genome Editing","Base editing","33606977"
"NM_004448.4(ERBB2):c.389C>T (p.Thr130Ile)","chr17","39708484","C/T","ERBB2","0.465","dataset0527","Missense","Neutral to the ERBB2-mediated cellular proliferation in A375","ERBB2-mediated cellular proliferation","6","Functionally normal","","6.19514e-07","NA","CRISPR-Based Genome Editing","Base editing","33606977"
"NM_004448.4(ERBB2):c.392_393delinsAA (p.Gly131Glu)","chr17","39708487","GG/AA","ERBB2","0.629","dataset0527","Missense","Neutral to the ERBB2-mediated cellular proliferation in A375","ERBB2-mediated cellular proliferation","6","Functionally normal","","","NA","CRISPR-Based Genome Editing","Base editing","33606977"
"NM_004448.4(ERBB2):c.396C>T (p.Ala132=)","chr17","39708491","C/T","ERBB2","0.412","dataset0527","Synonymous","Neutral to the ERBB2-mediated cellular proliferation in A375","ERBB2-mediated cellular proliferation","6","Functionally normal","Likely benign","1.23911e-06","NA","CRISPR-Based Genome Editing","Base editing","33606977"
"NM_004448.4(ERBB2):c.398_399delinsTT (p.Ser133Phe)","chr17","39708493","CC/TT","ERBB2","0.412","dataset0527","Missense","Neutral to the ERBB2-mediated cellular proliferation in A375","ERBB2-mediated cellular proliferation","6","Functionally normal","","","NA","CRISPR-Based Genome Editing","Base editing","33606977"
"NM_004448.4(ERBB2):c.413_414delinsAA (p.Arg138Gln)","chr17","39708508","GG/AA","ERBB2","-1.092","dataset0527","Missense","Neutral to the ERBB2-mediated cellular proliferation in A375","ERBB2-mediated cellular proliferation","6","Functionally normal","","","NA","CRISPR-Based Genome Editing","Base editing","33606977"
"NM_004448.4(ERBB2):c.414G>A (p.Arg138=)","chr17","39708509","G/A","ERBB2","1.172","dataset0527","Synonymous","Neutral to the ERBB2-mediated cellular proliferation in A375","ERBB2-mediated cellular proliferation","6","Functionally normal","","6.19564e-07","NA","CRISPR-Based Genome Editing","Base editing","33606977"
"NM_004448.4(ERBB2):c.415G>A (p.Glu139Lys)","chr17","39708510","G/A","ERBB2","0.333","dataset0527","Missense","Neutral to the ERBB2-mediated cellular proliferation in A375","ERBB2-mediated cellular proliferation","6","Functionally normal","","","skcm:0.2% (1/448):0.400","CRISPR-Based Genome Editing","Base editing","33606977"
"NM_004448.4(ERBB2):c.427C>T (p.Arg143Ter)","chr17","39708522","C/T","ERBB2","-0.748","dataset0527","Nonsense","Neutral to the ERBB2-mediated cellular proliferation in A375","ERBB2-mediated cellular proliferation","6","Functionally normal","","1.85891e-06","NA","CRISPR-Based Genome Editing","Base editing","33606977"
"NM_004448.4(ERBB2):c.440-7C>T","chr17","39709311","C/T","ERBB2","-2.073","dataset0527","Splice site","The reduced ERBB2-mediated cellular proliferation in A375","ERBB2-mediated cellular proliferation","6","Loss-of-function","","1.05324e-05","NA","CRISPR-Based Genome Editing","Base editing","33606977"
"NM_004448.4(ERBB2):c.440-6C>T","chr17","39709312","C/T","ERBB2","-2.073","dataset0527","Splice site","The reduced ERBB2-mediated cellular proliferation in A375","ERBB2-mediated cellular proliferation","6","Loss-of-function","","6.19537e-07","NA","CRISPR-Based Genome Editing","Base editing","33606977"
"NM_004448.4(ERBB2):c.440-5C>T","chr17","39709313","C/T","ERBB2","-2.073","dataset0527","Splice site","The reduced ERBB2-mediated cellular proliferation in A375","ERBB2-mediated cellular proliferation","6","Loss-of-function","Likely benign","1.8587e-06","NA","CRISPR-Based Genome Editing","Base editing","33606977"
"NM_004448.4(ERBB2):c.440-3C>T","chr17","39709315","C/T","ERBB2","-2.073","dataset0527","Splice site","The reduced ERBB2-mediated cellular proliferation in A375","ERBB2-mediated cellular proliferation","6","Loss-of-function","","","NA","CRISPR-Based Genome Editing","Base editing","33606977"
"NM_004448.4(ERBB2):c.451_452delinsAA (p.Gly151Lys)","chr17","39709329","GG/AA","ERBB2","-0.434","dataset0527","Missense","Neutral to the ERBB2-mediated cellular proliferation in A375","ERBB2-mediated cellular proliferation","6","Functionally normal","","","NA","CRISPR-Based Genome Editing","Base editing","33606977"
"NM_004448.4(ERBB2):c.474C>T (p.Asn158=)","chr17","39709352","C/T","ERBB2","-0.398","dataset0527","Synonymous","Neutral to the ERBB2-mediated cellular proliferation in A375","ERBB2-mediated cellular proliferation","6","Functionally normal","Likely benign","3.71731e-06","NA","CRISPR-Based Genome Editing","Base editing","33606977"
"NM_004448.4(ERBB2):c.475_477delinsTTT (p.Pro159Phe)","chr17","39709353","CCC/TTT","ERBB2","-0.398","dataset0527","Missense","Neutral to the ERBB2-mediated cellular proliferation in A375","ERBB2-mediated cellular proliferation","6","Functionally normal","","","NA","CRISPR-Based Genome Editing","Base editing","33606977"
"NM_004448.4(ERBB2):c.478C>T (p.Gln160Ter)","chr17","39709356","C/T","ERBB2","-0.398","dataset0527","Nonsense","Neutral to the ERBB2-mediated cellular proliferation in A375","ERBB2-mediated cellular proliferation","6","Functionally normal","","","NA","CRISPR-Based Genome Editing","Base editing","33606977"
"NM_004448.4(ERBB2):c.492G>A (p.Gln164=)","chr17","39709370","G/A","ERBB2","-0.309","dataset0527","Synonymous","Neutral to the ERBB2-mediated cellular proliferation in A375","ERBB2-mediated cellular proliferation","6","Functionally normal","","6.19599e-07","NA","CRISPR-Based Genome Editing","Base editing","33606977"
"NM_004448.4(ERBB2):c.493G>A (p.Asp165Asn)","chr17","39709371","G/A","ERBB2","-0.309","dataset0527","Missense","Neutral to the ERBB2-mediated cellular proliferation in A375","ERBB2-mediated cellular proliferation","6","Functionally normal","","","NA","CRISPR-Based Genome Editing","Base editing","33606977"
"NM_004448.4(ERBB2):c.504G>A (p.Leu168=)","chr17","39709382","G/A","ERBB2","1.008","dataset0527","Synonymous","Neutral to the ERBB2-mediated cellular proliferation in A375","ERBB2-mediated cellular proliferation","6","Functionally normal","","","NA","CRISPR-Based Genome Editing","Base editing","33606977"
"NM_004448.4(ERBB2):c.506_507delinsAA (p.Trp169Ter)","chr17","39709384","GG/AA","ERBB2","1.008","dataset0527","Nonsense","Neutral to the ERBB2-mediated cellular proliferation in A375","ERBB2-mediated cellular proliferation","6","Functionally normal","","","NA","CRISPR-Based Genome Editing","Base editing","33606977"
"NM_004448.4(ERBB2):c.519C>T (p.Phe173=)","chr17","39709397","C/T","ERBB2","-1.355","dataset0527","Synonymous","Neutral to the ERBB2-mediated cellular proliferation in A375","ERBB2-mediated cellular proliferation","6","Functionally normal","","","NA","CRISPR-Based Genome Editing","Base editing","33606977"
"NM_004448.4(ERBB2):c.537G>A (p.Leu179=)","chr17","39709415","G/A","ERBB2","0.82","dataset0527","Synonymous","Neutral to the ERBB2-mediated cellular proliferation in A375","ERBB2-mediated cellular proliferation","6","Functionally normal","","5.57638e-06","NA","CRISPR-Based Genome Editing","Base editing","33606977"
"NM_004448.4(ERBB2):c.549G>A (p.Leu183=)","chr17","39709427","G/A","ERBB2","-0.468","dataset0527","Synonymous","Neutral to the ERBB2-mediated cellular proliferation in A375","ERBB2-mediated cellular proliferation","6","Functionally normal","","","NA","CRISPR-Based Genome Editing","Base editing","33606977"
"NM_004448.4(ERBB2):c.555C>T (p.Asp185=)","chr17","39709433","C/T","ERBB2","-1.021","dataset0527","Synonymous","Neutral to the ERBB2-mediated cellular proliferation in A375","ERBB2-mediated cellular proliferation","6","Functionally normal","","6.19526e-07","NA","CRISPR-Based Genome Editing","Base editing","33606977"
"NM_004448.4(ERBB2):c.582C>T (p.Pro194=)","chr17","39709820","C/T","ERBB2","1.099","dataset0527","Synonymous","Neutral to the ERBB2-mediated cellular proliferation in A375","ERBB2-mediated cellular proliferation","6","Functionally normal","","1.85957e-06","NA","CRISPR-Based Genome Editing","Base editing","33606977"
"NM_004448.4(ERBB2):c.587C>T (p.Ser196Phe)","chr17","39709825","C/T","ERBB2","0.014","dataset0527","Missense","Neutral to the ERBB2-mediated cellular proliferation in A375","ERBB2-mediated cellular proliferation","6","Functionally normal","","6.19839e-07","blca:0.2% (1/411):0.250","CRISPR-Based Genome Editing","Base editing","33606977"
"NM_004448.4(ERBB2):c.591G>A (p.Pro197=)","chr17","39709829","G/A","ERBB2","-0.164","dataset0527","Synonymous","Neutral to the ERBB2-mediated cellular proliferation in A375","ERBB2-mediated cellular proliferation","6","Functionally normal","Likely benign","1.17771e-05","NA","CRISPR-Based Genome Editing","Base editing","33606977"
"NM_004448.4(ERBB2):c.594G>A (p.Met198Ile)","chr17","39709832","G/A","ERBB2","-2.672","dataset0527","Missense","The reduced ERBB2-mediated cellular proliferation in A375","ERBB2-mediated cellular proliferation","6","Loss-of-function","Uncertain significance","1.54961e-05","NA","CRISPR-Based Genome Editing","Base editing","33606977"
"NM_004448.4(ERBB2):c.596G>A (p.Cys199Tyr)","chr17","39709834","G/A","ERBB2","-2.672","dataset0527","Missense","The reduced ERBB2-mediated cellular proliferation in A375","ERBB2-mediated cellular proliferation","6","Loss-of-function","","","NA","CRISPR-Based Genome Editing","Base editing","33606977"
"NM_004448.4(ERBB2):c.600G>A (p.Lys200=)","chr17","39709838","G/A","ERBB2","-1.125","dataset0527","Synonymous","Neutral to the ERBB2-mediated cellular proliferation in A375","ERBB2-mediated cellular proliferation","6","Functionally normal","","","NA","CRISPR-Based Genome Editing","Base editing","33606977"
"NM_004448.4(ERBB2):c.621G>A (p.Glu207=)","chr17","39709859","G/A","ERBB2","-0.627","dataset0527","Synonymous","Neutral to the ERBB2-mediated cellular proliferation in A375","ERBB2-mediated cellular proliferation","6","Functionally normal","","","NA","CRISPR-Based Genome Editing","Base editing","33606977"
"NM_004448.4(ERBB2):c.623G>A (p.Ser208Asn)","chr17","39709861","G/A","ERBB2","-0.627","dataset0527","Missense","Neutral to the ERBB2-mediated cellular proliferation in A375","ERBB2-mediated cellular proliferation","6","Functionally normal","","2.479e-06","NA","CRISPR-Based Genome Editing","Base editing","33606977"
"NM_004448.4(ERBB2):c.647C>T (p.Thr216Met)","chr17","39710089","C/T","ERBB2","0.876","dataset0527","Missense","Neutral to the ERBB2-mediated cellular proliferation in A375","ERBB2-mediated cellular proliferation","6","Functionally normal","Uncertain significance","2.49088e-05","NA","CRISPR-Based Genome Editing","Base editing","33606977"
"NM_004448.4(ERBB2):c.653C>T (p.Thr218Ile)","chr17","39710095","C/T","ERBB2","1.337","dataset0527","Missense","Neutral to the ERBB2-mediated cellular proliferation in A375","ERBB2-mediated cellular proliferation","6","Functionally normal","","6.21973e-07","NA","CRISPR-Based Genome Editing","Base editing","33606977"
"NM_004448.4(ERBB2):c.709C>T (p.His237Tyr)","chr17","39710151","C/T","ERBB2","0.378","dataset0527","Missense","Neutral to the ERBB2-mediated cellular proliferation in A375","ERBB2-mediated cellular proliferation","6","Functionally normal","","1.86036e-06","NA","CRISPR-Based Genome Editing","Base editing","33606977"
"NM_004448.4(ERBB2):c.712G>A (p.Glu238Lys)","chr17","39710154","G/A","ERBB2","1.16","dataset0527","Missense","Neutral to the ERBB2-mediated cellular proliferation in A375","ERBB2-mediated cellular proliferation","6","Functionally normal","","","NA","CRISPR-Based Genome Editing","Base editing","33606977"
"NM_004448.4(ERBB2):c.727G>A (p.Gly243Ser)","chr17","39710169","G/A","ERBB2","0.514","dataset0527","Missense","Neutral to the ERBB2-mediated cellular proliferation in A375","ERBB2-mediated cellular proliferation","6","Functionally normal","Uncertain significance","0.000128981","NA","CRISPR-Based Genome Editing","Base editing","33606977"
"NM_004448.4(ERBB2):c.741C>T (p.Pro247=)","chr17","39710183","C/T","ERBB2","-1.032","dataset0527","Synonymous","Neutral to the ERBB2-mediated cellular proliferation in A375","ERBB2-mediated cellular proliferation","6","Functionally normal","","0","NA","CRISPR-Based Genome Editing","Base editing","33606977"
"NM_004448.4(ERBB2):c.759G>A (p.Leu253=)","chr17","39710201","G/A","ERBB2","0.725","dataset0527","Splice site","Neutral to the ERBB2-mediated cellular proliferation in A375","ERBB2-mediated cellular proliferation","6","Functionally normal","","6.20215e-07","NA","CRISPR-Based Genome Editing","Base editing","33606977"
"NM_004448.4(ERBB2):c.769C>T (p.His257Tyr)","chr17","39710349","C/T","ERBB2","-1.534","dataset0527","Missense","Neutral to the ERBB2-mediated cellular proliferation in A375","ERBB2-mediated cellular proliferation","6","Functionally normal","Uncertain significance","","NA","CRISPR-Based Genome Editing","Base editing","33606977"
"NM_004448.4(ERBB2):c.782G>A (p.Ser261Asn)","chr17","39710362","G/A","ERBB2","1.185","dataset0527","Missense","Neutral to the ERBB2-mediated cellular proliferation in A375","ERBB2-mediated cellular proliferation","6","Functionally normal","","","NA","CRISPR-Based Genome Editing","Base editing","33606977"
"NM_004448.4(ERBB2):c.784G>A (p.Gly262Ser)","chr17","39710364","G/A","ERBB2","0.625","dataset0527","Missense","Neutral to the ERBB2-mediated cellular proliferation in A375","ERBB2-mediated cellular proliferation","6","Functionally normal","","","NA","CRISPR-Based Genome Editing","Base editing","33606977"
"NM_004448.4(ERBB2):c.793G>A (p.Glu265Lys)","chr17","39710373","G/A","ERBB2","0.975","dataset0527","Missense","Neutral to the ERBB2-mediated cellular proliferation in A375","ERBB2-mediated cellular proliferation","6","Functionally normal","","","NA","CRISPR-Based Genome Editing","Base editing","33606977"
"NM_004448.4(ERBB2):c.829G>A (p.Asp277Asn)","chr17","39710409","G/A","ERBB2","0.497","dataset0527","Missense","Neutral to the ERBB2-mediated cellular proliferation in A375","ERBB2-mediated cellular proliferation","6","Functionally normal","","","NA","CRISPR-Based Genome Editing","Base editing","33606977"
"NM_004448.4(ERBB2):c.834G>A (p.Thr278=)","chr17","39710414","G/A","ERBB2","0.983","dataset0527","Synonymous","Neutral to the ERBB2-mediated cellular proliferation in A375","ERBB2-mediated cellular proliferation","6","Functionally normal","","2.4781e-06","NA","CRISPR-Based Genome Editing","Base editing","33606977"
"NM_004448.4(ERBB2):c.842_843delinsTT (p.Ser281Phe)","chr17","39710422","CC/TT","ERBB2","-1.308","dataset0527","Missense","Neutral to the ERBB2-mediated cellular proliferation in A375","ERBB2-mediated cellular proliferation","6","Functionally normal","","","NA","CRISPR-Based Genome Editing","Base editing","33606977"
"NM_004448.4(ERBB2):c.848_849delinsTT (p.Pro283Leu)","chr17","39710428","CC/TT","ERBB2","-0.18","dataset0527","Missense","Neutral to the ERBB2-mediated cellular proliferation in A375","ERBB2-mediated cellular proliferation","6","Functionally normal","","","NA","CRISPR-Based Genome Editing","Base editing","33606977"
"NM_004448.4(ERBB2):c.858G>A (p.Glu286=)","chr17","39710438","G/A","ERBB2","0.668","dataset0527","Synonymous","Neutral to the ERBB2-mediated cellular proliferation in A375","ERBB2-mediated cellular proliferation","6","Functionally normal","","","NA","CRISPR-Based Genome Editing","Base editing","33606977"
"NM_004448.4(ERBB2):c.859G>A (p.Gly287Ser)","chr17","39710439","G/A","ERBB2","0.668","dataset0527","Missense","Neutral to the ERBB2-mediated cellular proliferation in A375","ERBB2-mediated cellular proliferation","6","Functionally normal","","","NA","CRISPR-Based Genome Editing","Base editing","33606977"
"NM_004448.4(ERBB2):c.863_864delinsAA (p.Arg288Gln)","chr17","39710443","GG/AA","ERBB2","0.446","dataset0527","Missense","Neutral to the ERBB2-mediated cellular proliferation in A375","ERBB2-mediated cellular proliferation","6","Functionally normal","","","NA","CRISPR-Based Genome Editing","Base editing","33606977"
"NM_004448.4(ERBB2):c.896G>A (p.Cys299Tyr)","chr17","39710476","G/A","ERBB2","-0.72","dataset0527","Missense","Neutral to the ERBB2-mediated cellular proliferation in A375","ERBB2-mediated cellular proliferation","6","Functionally normal","","0","NA","CRISPR-Based Genome Editing","Base editing","33606977"
"NM_004448.4(ERBB2):c.901+11G>A","chr17","39710492","G/A","ERBB2","0.685","dataset0527","Intron","Neutral to the ERBB2-mediated cellular proliferation in A375","ERBB2-mediated cellular proliferation","6","Functionally normal","","","NA","CRISPR-Based Genome Editing","Base editing","33606977"
"NM_004448.4(ERBB2):c.903C>T (p.Tyr301=)","chr17","39711929","C/T","ERBB2","-1.703","dataset0527","Splice site","Neutral to the ERBB2-mediated cellular proliferation in A375","ERBB2-mediated cellular proliferation","6","Functionally normal","","","NA","CRISPR-Based Genome Editing","Base editing","33606977"
"NM_004448.4(ERBB2):c.906C>T (p.Asn302=)","chr17","39711932","C/T","ERBB2","0.001","dataset0527","Synonymous","Neutral to the ERBB2-mediated cellular proliferation in A375","ERBB2-mediated cellular proliferation","6","Functionally normal","","","NA","CRISPR-Based Genome Editing","Base editing","33606977"
"NM_004448.4(ERBB2):c.909C>T (p.Tyr303=)","chr17","39711935","C/T","ERBB2","-0.195","dataset0527","Synonymous","Neutral to the ERBB2-mediated cellular proliferation in A375","ERBB2-mediated cellular proliferation","6","Functionally normal","","6.19532e-06","NA","CRISPR-Based Genome Editing","Base editing","33606977"
"NM_004448.4(ERBB2):c.910C>T (p.Leu304Phe)","chr17","39711936","C/T","ERBB2","-0.195","dataset0527","Missense","Neutral to the ERBB2-mediated cellular proliferation in A375","ERBB2-mediated cellular proliferation","6","Functionally normal","","","NA","CRISPR-Based Genome Editing","Base editing","33606977"
"NM_004448.4(ERBB2):c.924G>A (p.Val308=)","chr17","39711950","G/A","ERBB2","-0.579","dataset0527","Synonymous","Neutral to the ERBB2-mediated cellular proliferation in A375","ERBB2-mediated cellular proliferation","6","Functionally normal","","","NA","CRISPR-Based Genome Editing","Base editing","33606977"
"NM_004448.4(ERBB2):c.925_926delinsAA (p.Gly309Lys)","chr17","39711951","GG/AA","ERBB2","-0.579","dataset0527","Missense","Neutral to the ERBB2-mediated cellular proliferation in A375","ERBB2-mediated cellular proliferation","6","Functionally normal","","","NA","CRISPR-Based Genome Editing","Base editing","33606977"
"NM_004448.4(ERBB2):c.946_948delinsTTT (p.Pro316Phe)","chr17","39711972","CCC/TTT","ERBB2","0.66","dataset0527","Missense","Neutral to the ERBB2-mediated cellular proliferation in A375","ERBB2-mediated cellular proliferation","6","Functionally normal","","","NA","CRISPR-Based Genome Editing","Base editing","33606977"
"NM_004448.4(ERBB2):c.949C>T (p.Leu317=)","chr17","39711975","C/T","ERBB2","0.66","dataset0527","Synonymous","Neutral to the ERBB2-mediated cellular proliferation in A375","ERBB2-mediated cellular proliferation","6","Functionally normal","","6.19507e-07","NA","CRISPR-Based Genome Editing","Base editing","33606977"
"NM_004448.4(ERBB2):c.957C>T (p.Asn319=)","chr17","39711983","C/T","ERBB2","-0.8","dataset0527","Synonymous","Neutral to the ERBB2-mediated cellular proliferation in A375","ERBB2-mediated cellular proliferation","6","Functionally normal","","","NA","CRISPR-Based Genome Editing","Base editing","33606977"
"NM_004448.4(ERBB2):c.958C>T (p.Gln320Ter)","chr17","39711984","C/T","ERBB2","-0.8","dataset0527","Nonsense","Neutral to the ERBB2-mediated cellular proliferation in A375","ERBB2-mediated cellular proliferation","6","Functionally normal","","","NA","CRISPR-Based Genome Editing","Base editing","33606977"
"NM_004448.4(ERBB2):c.963G>A (p.Glu321=)","chr17","39711989","G/A","ERBB2","0.576","dataset0527","Synonymous","Neutral to the ERBB2-mediated cellular proliferation in A375","ERBB2-mediated cellular proliferation","6","Functionally normal","","","NA","CRISPR-Based Genome Editing","Base editing","33606977"
"NM_004448.4(ERBB2):c.964G>A (p.Val322Met)","chr17","39711990","G/A","ERBB2","-0.268","dataset0527","Missense","Neutral to the ERBB2-mediated cellular proliferation in A375","ERBB2-mediated cellular proliferation","6","Functionally normal","","","NA","CRISPR-Based Genome Editing","Base editing","33606977"
"NM_004448.4(ERBB2):c.976G>A (p.Asp326Asn)","chr17","39712002","G/A","ERBB2","0.853","dataset0527","Missense","Neutral to the ERBB2-mediated cellular proliferation in A375","ERBB2-mediated cellular proliferation","6","Functionally normal","","","NA","CRISPR-Based Genome Editing","Base editing","33606977"
"NM_004448.4(ERBB2):c.1022-9C>T","chr17","39712313","C/T","ERBB2","0.711","dataset0527","Splice site","Neutral to the ERBB2-mediated cellular proliferation in A375","ERBB2-mediated cellular proliferation","6","Functionally normal","","","NA","CRISPR-Based Genome Editing","Base editing","33606977"
"NM_004448.4(ERBB2):c.1022-8C>T","chr17","39712314","C/T","ERBB2","0.711","dataset0527","Splice site","Neutral to the ERBB2-mediated cellular proliferation in A375","ERBB2-mediated cellular proliferation","6","Functionally normal","","6.19769e-07","NA","CRISPR-Based Genome Editing","Base editing","33606977"
"NM_004448.4(ERBB2):c.1022-6C>T","chr17","39712316","C/T","ERBB2","0.711","dataset0527","Splice site","Neutral to the ERBB2-mediated cellular proliferation in A375","ERBB2-mediated cellular proliferation","6","Functionally normal","","6.30256e-06","NA","CRISPR-Based Genome Editing","Base editing","33606977"
"NM_004448.4(ERBB2):c.1022-5C>T","chr17","39712317","C/T","ERBB2","0.572","dataset0527","Splice site","Neutral to the ERBB2-mediated cellular proliferation in A375","ERBB2-mediated cellular proliferation","6","Functionally normal","","3.71778e-06","NA","CRISPR-Based Genome Editing","Base editing","33606977"
"NM_004448.4(ERBB2):c.1022-3C>T","chr17","39712319","C/T","ERBB2","0.245","dataset0527","Splice site","Neutral to the ERBB2-mediated cellular proliferation in A375","ERBB2-mediated cellular proliferation","6","Functionally normal","","1.24171e-06","NA","CRISPR-Based Genome Editing","Base editing","33606977"
"NM_004448.4(ERBB2):c.1031G>A (p.Gly344Asp)","chr17","39712331","G/A","ERBB2","-1.046","dataset0527","Missense","Neutral to the ERBB2-mediated cellular proliferation in A375","ERBB2-mediated cellular proliferation","6","Functionally normal","","6.19576e-07","NA","CRISPR-Based Genome Editing","Base editing","33606977"
"NM_004448.4(ERBB2):c.1035G>A (p.Leu345=)","chr17","39712335","G/A","ERBB2","-1.046","dataset0527","Synonymous","Neutral to the ERBB2-mediated cellular proliferation in A375","ERBB2-mediated cellular proliferation","6","Functionally normal","","6.21932e-07","NA","CRISPR-Based Genome Editing","Base editing","33606977"
"NM_004448.4(ERBB2):c.1047C>T (p.His349=)","chr17","39712347","C/T","ERBB2","0.781","dataset0527","Synonymous","Neutral to the ERBB2-mediated cellular proliferation in A375","ERBB2-mediated cellular proliferation","6","Functionally normal","","1.23924e-06","NA","CRISPR-Based Genome Editing","Base editing","33606977"
"NM_004448.4(ERBB2):c.1070_1071delinsTT (p.Thr357Ile)","chr17","39712370","CC/TT","ERBB2","-1.651","dataset0527","Missense","Neutral to the ERBB2-mediated cellular proliferation in A375","ERBB2-mediated cellular proliferation","6","Functionally normal","","","NA","CRISPR-Based Genome Editing","Base editing","33606977"
"NM_004448.4(ERBB2):c.1086G>A (p.Gln362=)","chr17","39712386","G/A","ERBB2","-0.925","dataset0527","Synonymous","Neutral to the ERBB2-mediated cellular proliferation in A375","ERBB2-mediated cellular proliferation","6","Functionally normal","","","NA","CRISPR-Based Genome Editing","Base editing","33606977"
"NM_004448.4(ERBB2):c.1120C>T (p.Leu374=)","chr17","39712420","C/T","ERBB2","-1.078","dataset0527","Synonymous","Neutral to the ERBB2-mediated cellular proliferation in A375","ERBB2-mediated cellular proliferation","6","Functionally normal","","","NA","CRISPR-Based Genome Editing","Base editing","33606977"
"NM_004448.4(ERBB2):c.1129C>T (p.Leu377=)","chr17","39712429","C/T","ERBB2","-0.365","dataset0527","Synonymous","Neutral to the ERBB2-mediated cellular proliferation in A375","ERBB2-mediated cellular proliferation","6","Functionally normal","","6.19629e-07","NA","CRISPR-Based Genome Editing","Base editing","33606977"
"NM_004448.4(ERBB2):c.1133C>T (p.Pro378Leu)","chr17","39712433","C/T","ERBB2","-0.365","dataset0527","Missense","Neutral to the ERBB2-mediated cellular proliferation in A375","ERBB2-mediated cellular proliferation","6","Functionally normal","Uncertain significance","1.92108e-05","NA","CRISPR-Based Genome Editing","Base editing","33606977"
"NM_004448.4(ERBB2):c.1134G>A (p.Pro378=)","chr17","39712434","G/A","ERBB2","-0.646","dataset0527","Synonymous","Neutral to the ERBB2-mediated cellular proliferation in A375","ERBB2-mediated cellular proliferation","6","Functionally normal","Likely benign","2.16912e-05","NA","CRISPR-Based Genome Editing","Base editing","33606977"
"NM_004448.4(ERBB2):c.1147_1148delinsAA (p.Gly383Lys)","chr17","39712447","GG/AA","ERBB2","-2.807","dataset0527","Missense","The reduced ERBB2-mediated cellular proliferation in A375","ERBB2-mediated cellular proliferation","6","Loss-of-function","","","NA","CRISPR-Based Genome Editing","Base editing","33606977"
"NM_004448.4(ERBB2):c.1148+1G>A","chr17","39712449","G/A","ERBB2","-2.807","dataset0527","Splice site","The reduced ERBB2-mediated cellular proliferation in A375","ERBB2-mediated cellular proliferation","6","Loss-of-function","","","NA","CRISPR-Based Genome Editing","Base editing","33606977"
"NM_004448.4(ERBB2):c.1191C>T (p.Leu397=)","chr17","39715328","C/T","ERBB2","0.705","dataset0527","Synonymous","Neutral to the ERBB2-mediated cellular proliferation in A375","ERBB2-mediated cellular proliferation","6","Functionally normal","","","NA","CRISPR-Based Genome Editing","Base editing","33606977"
"NM_004448.4(ERBB2):c.1192C>T (p.Gln398Ter)","chr17","39715329","C/T","ERBB2","0.705","dataset0527","Nonsense","Neutral to the ERBB2-mediated cellular proliferation in A375","ERBB2-mediated cellular proliferation","6","Functionally normal","","","NA","CRISPR-Based Genome Editing","Base editing","33606977"
"NM_004448.4(ERBB2):c.1195G>A (p.Val399Met)","chr17","39715332","G/A","ERBB2","-1.079","dataset0527","Missense","Neutral to the ERBB2-mediated cellular proliferation in A375","ERBB2-mediated cellular proliferation","6","Functionally normal","Uncertain significance","2.47821e-05","NA","CRISPR-Based Genome Editing","Base editing","33606977"
"NM_004448.4(ERBB2):c.1205C>T (p.Thr402Ile)","chr17","39715342","C/T","ERBB2","-0.141","dataset0527","Missense","Neutral to the ERBB2-mediated cellular proliferation in A375","ERBB2-mediated cellular proliferation","6","Functionally normal","","6.19543e-07","NA","CRISPR-Based Genome Editing","Base editing","33606977"
"NM_004448.4(ERBB2):c.1207C>T (p.Leu403=)","chr17","39715344","C/T","ERBB2","-0.851","dataset0527","Synonymous","Neutral to the ERBB2-mediated cellular proliferation in A375","ERBB2-mediated cellular proliferation","6","Functionally normal","Likely benign","4.95641e-06","NA","CRISPR-Based Genome Editing","Base editing","33606977"
"NM_004448.4(ERBB2):c.1209G>A (p.Leu403=)","chr17","39715346","G/A","ERBB2","-0.739","dataset0527","Synonymous","Neutral to the ERBB2-mediated cellular proliferation in A375","ERBB2-mediated cellular proliferation","6","Functionally normal","","6.19546e-07","NA","CRISPR-Based Genome Editing","Base editing","33606977"
"NM_004448.4(ERBB2):c.1210G>A (p.Glu404Lys)","chr17","39715347","G/A","ERBB2","-0.739","dataset0527","Missense","Neutral to the ERBB2-mediated cellular proliferation in A375","ERBB2-mediated cellular proliferation","6","Functionally normal","","","NA","CRISPR-Based Genome Editing","Base editing","33606977"
"NM_004448.4(ERBB2):c.1227C>T (p.Tyr409=)","chr17","39715450","C/T","ERBB2","-1.817","dataset0527","Synonymous","Neutral to the ERBB2-mediated cellular proliferation in A375","ERBB2-mediated cellular proliferation","6","Functionally normal","","","NA","CRISPR-Based Genome Editing","Base editing","33606977"
"NM_004448.4(ERBB2):c.1228C>T (p.Leu410=)","chr17","39715451","C/T","ERBB2","-1.817","dataset0527","Synonymous","Neutral to the ERBB2-mediated cellular proliferation in A375","ERBB2-mediated cellular proliferation","6","Functionally normal","","6.19513e-07","NA","CRISPR-Based Genome Editing","Base editing","33606977"
"NM_004448.4(ERBB2):c.1233C>T (p.Tyr411=)","chr17","39715456","C/T","ERBB2","-1.561","dataset0527","Synonymous","Neutral to the ERBB2-mediated cellular proliferation in A375","ERBB2-mediated cellular proliferation","6","Functionally normal","","","NA","CRISPR-Based Genome Editing","Base editing","33606977"
"NM_004448.4(ERBB2):c.1244G>A (p.Trp415Ter)","chr17","39715467","G/A","ERBB2","0.147","dataset0527","Nonsense","Neutral to the ERBB2-mediated cellular proliferation in A375","ERBB2-mediated cellular proliferation","6","Functionally normal","","","NA","CRISPR-Based Genome Editing","Base editing","33606977"
"NM_004448.4(ERBB2):c.1261G>A (p.Asp421Asn)","chr17","39715484","G/A","ERBB2","0.244","dataset0527","Missense","Neutral to the ERBB2-mediated cellular proliferation in A375","ERBB2-mediated cellular proliferation","6","Functionally normal","","","NA","CRISPR-Based Genome Editing","Base editing","33606977"
"NM_004448.4(ERBB2):c.1270G>A (p.Val424Ile)","chr17","39715493","G/A","ERBB2","0.551","dataset0527","Missense","Neutral to the ERBB2-mediated cellular proliferation in A375","ERBB2-mediated cellular proliferation","6","Functionally normal","Uncertain significance","1.61071e-05","NA","CRISPR-Based Genome Editing","Base editing","33606977"
"NM_004448.4(ERBB2):c.1278G>A (p.Gln426=)","chr17","39715501","G/A","ERBB2","-0.047","dataset0527","Synonymous","Neutral to the ERBB2-mediated cellular proliferation in A375","ERBB2-mediated cellular proliferation","6","Functionally normal","","","NA","CRISPR-Based Genome Editing","Base editing","33606977"
"NM_004448.4(ERBB2):c.1281C>T (p.Asn427=)","chr17","39715504","C/T","ERBB2","-1.097","dataset0527","Synonymous","Neutral to the ERBB2-mediated cellular proliferation in A375","ERBB2-mediated cellular proliferation","6","Functionally normal","","","NA","CRISPR-Based Genome Editing","Base editing","33606977"
"NM_004448.4(ERBB2):c.1282C>T (p.Leu428=)","chr17","39715505","C/T","ERBB2","-1.097","dataset0527","Synonymous","Neutral to the ERBB2-mediated cellular proliferation in A375","ERBB2-mediated cellular proliferation","6","Functionally normal","","","NA","CRISPR-Based Genome Editing","Base editing","33606977"
"NM_004448.4(ERBB2):c.1296G>A (p.Arg432=)","chr17","39715519","G/A","ERBB2","0.419","dataset0527","Synonymous","Neutral to the ERBB2-mediated cellular proliferation in A375","ERBB2-mediated cellular proliferation","6","Functionally normal","","","NA","CRISPR-Based Genome Editing","Base editing","33606977"
"NM_004448.4(ERBB2):c.1297_1298delinsAA (p.Gly433Lys)","chr17","39715520","GG/AA","ERBB2","0.419","dataset0527","Missense","Neutral to the ERBB2-mediated cellular proliferation in A375","ERBB2-mediated cellular proliferation","6","Functionally normal","","","NA","CRISPR-Based Genome Editing","Base editing","33606977"
"NM_004448.4(ERBB2):c.1323C>T (p.Tyr441=)","chr17","39715749","C/T","ERBB2","-1.037","dataset0527","Synonymous","Neutral to the ERBB2-mediated cellular proliferation in A375","ERBB2-mediated cellular proliferation","6","Functionally normal","","6.22465e-07","NA","CRISPR-Based Genome Editing","Base editing","33606977"
"NM_004448.4(ERBB2):c.1325C>T (p.Ser442Leu)","chr17","39715751","C/T","ERBB2","-1.037","dataset0527","Missense","Neutral to the ERBB2-mediated cellular proliferation in A375","ERBB2-mediated cellular proliferation","6","Functionally normal","","8.71374e-06","NA","CRISPR-Based Genome Editing","Base editing","33606977"
"NM_004448.4(ERBB2):c.1331C>T (p.Thr444Ile)","chr17","39715757","C/T","ERBB2","0.053","dataset0527","Missense","Neutral to the ERBB2-mediated cellular proliferation in A375","ERBB2-mediated cellular proliferation","6","Functionally normal","","1.24442e-06","NA","CRISPR-Based Genome Editing","Base editing","33606977"
"NM_004448.4(ERBB2):c.1370C>T (p.Ser457Leu)","chr17","39715796","C/T","ERBB2","2.023","dataset0527","Missense","Neutral to the ERBB2-mediated cellular proliferation in A375","ERBB2-mediated cellular proliferation","6","Functionally normal","","2.48448e-06","NA","CRISPR-Based Genome Editing","Base editing","33606977"
"NM_004448.4(ERBB2):c.1372C>T (p.Leu458=)","chr17","39715798","C/T","ERBB2","0.988","dataset0527","Synonymous","Neutral to the ERBB2-mediated cellular proliferation in A375","ERBB2-mediated cellular proliferation","6","Functionally normal","","1.86323e-06","NA","CRISPR-Based Genome Editing","Base editing","33606977"
"NM_004448.4(ERBB2):c.1381C>T (p.Leu461=)","chr17","39715807","C/T","ERBB2","-0.407","dataset0527","Synonymous","Neutral to the ERBB2-mediated cellular proliferation in A375","ERBB2-mediated cellular proliferation","6","Functionally normal","","0","NA","CRISPR-Based Genome Editing","Base editing","33606977"
"NM_004448.4(ERBB2):c.1419C>T (p.His473=)","chr17","39715845","C/T","ERBB2","0.076","dataset0527","Synonymous","Neutral to the ERBB2-mediated cellular proliferation in A375","ERBB2-mediated cellular proliferation","6","Functionally normal","","","NA","CRISPR-Based Genome Editing","Base editing","33606977"
"NM_004448.4(ERBB2):c.1428C>T (p.Phe476=)","chr17","39715854","C/T","ERBB2","0.646","dataset0527","Synonymous","Neutral to the ERBB2-mediated cellular proliferation in A375","ERBB2-mediated cellular proliferation","6","Functionally normal","Likely benign","1.79822e-05","NA","CRISPR-Based Genome Editing","Base editing","33606977"
"NM_004448.4(ERBB2):c.1437G>A (p.Thr479=)","chr17","39715863","G/A","ERBB2","0.696","dataset0527","Synonymous","Neutral to the ERBB2-mediated cellular proliferation in A375","ERBB2-mediated cellular proliferation","6","Functionally normal","Uncertain significance","","NA","CRISPR-Based Genome Editing","Base editing","33606977"
"NM_004448.4(ERBB2):c.1438G>A (p.Val480Met)","chr17","39715864","G/A","ERBB2","0.696","dataset0527","Missense","Neutral to the ERBB2-mediated cellular proliferation in A375","ERBB2-mediated cellular proliferation","6","Functionally normal","","","NA","CRISPR-Based Genome Editing","Base editing","33606977"
"NM_004448.4(ERBB2):c.1442_1443delinsTT (p.Pro481Leu)","chr17","39715868","CC/TT","ERBB2","1.304","dataset0527","Missense","Neutral to the ERBB2-mediated cellular proliferation in A375","ERBB2-mediated cellular proliferation","6","Functionally normal","","","NA","CRISPR-Based Genome Editing","Base editing","33606977"
"NM_004448.4(ERBB2):c.1460_1461delinsAA (p.Arg487Gln)","chr17","39715886","GG/AA","ERBB2","0.952","dataset0527","Missense","Neutral to the ERBB2-mediated cellular proliferation in A375","ERBB2-mediated cellular proliferation","6","Functionally normal","","","NA","CRISPR-Based Genome Editing","Base editing","33606977"
"NM_004448.4(ERBB2):c.1460G>A (p.Arg487Gln)","chr17","39715886","G/A","ERBB2","1.147","dataset0527","Missense","Neutral to the ERBB2-mediated cellular proliferation in A375","ERBB2-mediated cellular proliferation","6","Functionally normal","Uncertain significance","1.86066e-05","NA","CRISPR-Based Genome Editing","Base editing","33606977"
"NM_004448.4(ERBB2):c.1482C>T (p.Leu494=)","chr17","39715908","C/T","ERBB2","-1.734","dataset0527","Synonymous","Neutral to the ERBB2-mediated cellular proliferation in A375","ERBB2-mediated cellular proliferation","6","Functionally normal","","","NA","CRISPR-Based Genome Editing","Base editing","33606977"
"NM_004448.4(ERBB2):c.1485C>T (p.His495=)","chr17","39715911","C/T","ERBB2","0.552","dataset0527","Synonymous","Neutral to the ERBB2-mediated cellular proliferation in A375","ERBB2-mediated cellular proliferation","6","Functionally normal","","6.20544e-07","NA","CRISPR-Based Genome Editing","Base editing","33606977"
"NM_004448.4(ERBB2):c.1487C>T (p.Thr496Ile)","chr17","39715913","C/T","ERBB2","0.552","dataset0527","Missense","Neutral to the ERBB2-mediated cellular proliferation in A375","ERBB2-mediated cellular proliferation","6","Functionally normal","Uncertain significance","4.96496e-06","NA","CRISPR-Based Genome Editing","Base editing","33606977"
"NM_004448.4(ERBB2):c.1495C>T (p.Arg499Trp)","chr17","39715921","C/T","ERBB2","0.468","dataset0527","Missense","Neutral to the ERBB2-mediated cellular proliferation in A375","ERBB2-mediated cellular proliferation","6","Functionally normal","Uncertain significance","1.49015e-05","NA","CRISPR-Based Genome Editing","Base editing","33606977"
"NM_004448.4(ERBB2):c.1499C>T (p.Pro500Leu)","chr17","39715925","C/T","ERBB2","0.468","dataset0527","Missense","Neutral to the ERBB2-mediated cellular proliferation in A375","ERBB2-mediated cellular proliferation","6","Functionally normal","","","NA","CRISPR-Based Genome Editing","Base editing","33606977"
"NM_004448.4(ERBB2):c.1501G>A (p.Glu501Lys)","chr17","39715927","G/A","ERBB2","0.897","dataset0527","Missense","Neutral to the ERBB2-mediated cellular proliferation in A375","ERBB2-mediated cellular proliferation","6","Functionally normal","","6.21225e-07","NA","CRISPR-Based Genome Editing","Base editing","33606977"
"NM_004448.4(ERBB2):c.1509G>A (p.Glu503=)","chr17","39715935","G/A","ERBB2","-1.083","dataset0527","Synonymous","Neutral to the ERBB2-mediated cellular proliferation in A375","ERBB2-mediated cellular proliferation","6","Functionally normal","Likely benign","4.9734e-06","NA","CRISPR-Based Genome Editing","Base editing","33606977"
"NM_004448.4(ERBB2):c.1511G>A (p.Cys504Tyr)","chr17","39715937","G/A","ERBB2","-1.083","dataset0527","Missense","Neutral to the ERBB2-mediated cellular proliferation in A375","ERBB2-mediated cellular proliferation","6","Functionally normal","","1.24355e-06","NA","CRISPR-Based Genome Editing","Base editing","33606977"
"NM_004448.4(ERBB2):c.1513G>A (p.Val505Met)","chr17","39715939","G/A","ERBB2","-1.782","dataset0527","Missense","Neutral to the ERBB2-mediated cellular proliferation in A375","ERBB2-mediated cellular proliferation","6","Functionally normal","","","NA","CRISPR-Based Genome Editing","Base editing","33606977"
"NM_004448.4(ERBB2):c.1513+1G>A","chr17","39715940","G/A","ERBB2","-1.782","dataset0527","Splice site","Neutral to the ERBB2-mediated cellular proliferation in A375","ERBB2-mediated cellular proliferation","6","Functionally normal","","","NA","CRISPR-Based Genome Editing","Base editing","33606977"
"NM_004448.4(ERBB2):c.1514-11C>T","chr17","39716290","C/T","ERBB2","1.434","dataset0527","Splice site","Neutral to the ERBB2-mediated cellular proliferation in A375","ERBB2-mediated cellular proliferation","6","Functionally normal","","8.88988e-06","NA","CRISPR-Based Genome Editing","Base editing","33606977"
"NM_004448.4(ERBB2):c.1514-10C>T","chr17","39716291","C/T","ERBB2","1.247","dataset0527","Splice site","Neutral to the ERBB2-mediated cellular proliferation in A375","ERBB2-mediated cellular proliferation","6","Functionally normal","","","NA","CRISPR-Based Genome Editing","Base editing","33606977"
"NM_004448.4(ERBB2):c.1514-8C>T","chr17","39716293","C/T","ERBB2","1.247","dataset0527","Splice site","Neutral to the ERBB2-mediated cellular proliferation in A375","ERBB2-mediated cellular proliferation","6","Functionally normal","","","NA","CRISPR-Based Genome Editing","Base editing","33606977"
"NM_004448.4(ERBB2):c.1514-6C>T","chr17","39716295","C/T","ERBB2","1.247","dataset0527","Splice site","Neutral to the ERBB2-mediated cellular proliferation in A375","ERBB2-mediated cellular proliferation","6","Functionally normal","","3.16354e-06","NA","CRISPR-Based Genome Editing","Base editing","33606977"
"NM_004448.4(ERBB2):c.1536C>T (p.His512=)","chr17","39716323","C/T","ERBB2","-0.156","dataset0527","Synonymous","Neutral to the ERBB2-mediated cellular proliferation in A375","ERBB2-mediated cellular proliferation","6","Functionally normal","","0","NA","CRISPR-Based Genome Editing","Base editing","33606977"
"NM_004448.4(ERBB2):c.1537C>T (p.Gln513Ter)","chr17","39716324","C/T","ERBB2","-0.156","dataset0527","Nonsense","Neutral to the ERBB2-mediated cellular proliferation in A375","ERBB2-mediated cellular proliferation","6","Functionally normal","","","NA","CRISPR-Based Genome Editing","Base editing","33606977"
"NM_004448.4(ERBB2):c.1542G>A (p.Leu514=)","chr17","39716329","G/A","ERBB2","0.233","dataset0527","Synonymous","Neutral to the ERBB2-mediated cellular proliferation in A375","ERBB2-mediated cellular proliferation","6","Functionally normal","","6.24029e-07","NA","CRISPR-Based Genome Editing","Base editing","33606977"
"NM_004448.4(ERBB2):c.1548C>T (p.Ala516=)","chr17","39716335","C/T","ERBB2","0.224","dataset0527","Synonymous","Neutral to the ERBB2-mediated cellular proliferation in A375","ERBB2-mediated cellular proliferation","6","Functionally normal","","","NA","CRISPR-Based Genome Editing","Base editing","33606977"
"NM_004448.4(ERBB2):c.1549C>T (p.Arg517Ter)","chr17","39716336","C/T","ERBB2","0.372","dataset0527","Nonsense","Neutral to the ERBB2-mediated cellular proliferation in A375","ERBB2-mediated cellular proliferation","6","Functionally normal","","1.86891e-06","NA","CRISPR-Based Genome Editing","Base editing","33606977"
"NM_004448.4(ERBB2):c.1550G>A (p.Arg517Gln)","chr17","39716337","G/A","ERBB2","1.077","dataset0527","Missense","Neutral to the ERBB2-mediated cellular proliferation in A375","ERBB2-mediated cellular proliferation","6","Functionally normal","Uncertain significance","4.79476e-05","NA","CRISPR-Based Genome Editing","Base editing","33606977"
"NM_004448.4(ERBB2):c.1552_1553delinsAA (p.Gly518Lys)","chr17","39716339","GG/AA","ERBB2","-0.315","dataset0527","Missense","Neutral to the ERBB2-mediated cellular proliferation in A375","ERBB2-mediated cellular proliferation","6","Functionally normal","","","NA","CRISPR-Based Genome Editing","Base editing","33606977"
"NM_004448.4(ERBB2):c.1552G>A (p.Gly518Arg)","chr17","39716339","G/A","ERBB2","1.077","dataset0527","Missense","Neutral to the ERBB2-mediated cellular proliferation in A375","ERBB2-mediated cellular proliferation","6","Functionally normal","","","NA","CRISPR-Based Genome Editing","Base editing","33606977"
"NM_004448.4(ERBB2):c.1557C>T (p.His519=)","chr17","39716344","C/T","ERBB2","0.779","dataset0527","Synonymous","Neutral to the ERBB2-mediated cellular proliferation in A375","ERBB2-mediated cellular proliferation","6","Functionally normal","","6.2207e-07","NA","CRISPR-Based Genome Editing","Base editing","33606977"
"NM_004448.4(ERBB2):c.1562_1563delinsAA (p.Trp521Ter)","chr17","39716349","GG/AA","ERBB2","0.605","dataset0527","Nonsense","Neutral to the ERBB2-mediated cellular proliferation in A375","ERBB2-mediated cellular proliferation","6","Functionally normal","","","NA","CRISPR-Based Genome Editing","Base editing","33606977"
"NM_004448.4(ERBB2):c.1563G>A (p.Trp521Ter)","chr17","39716350","G/A","ERBB2","1.36","dataset0527","Nonsense","Neutral to the ERBB2-mediated cellular proliferation in A375","ERBB2-mediated cellular proliferation","6","Functionally normal","","","NA","CRISPR-Based Genome Editing","Base editing","33606977"
"NM_004448.4(ERBB2):c.1564_1565delinsAA (p.Gly522Asn)","chr17","39716351","GG/AA","ERBB2","0.605","dataset0527","Missense","Neutral to the ERBB2-mediated cellular proliferation in A375","ERBB2-mediated cellular proliferation","6","Functionally normal","","","NA","CRISPR-Based Genome Editing","Base editing","33606977"
"NM_004448.4(ERBB2):c.1583G>A (p.Cys528Tyr)","chr17","39716370","G/A","ERBB2","0.769","dataset0527","Missense","Neutral to the ERBB2-mediated cellular proliferation in A375","ERBB2-mediated cellular proliferation","6","Functionally normal","","","NA","CRISPR-Based Genome Editing","Base editing","33606977"
"NM_004448.4(ERBB2):c.1585G>A (p.Val529Ile)","chr17","39716372","G/A","ERBB2","0.769","dataset0527","Missense","Neutral to the ERBB2-mediated cellular proliferation in A375","ERBB2-mediated cellular proliferation","6","Functionally normal","","1.2429e-06","NA","CRISPR-Based Genome Editing","Base editing","33606977"
"NM_004448.4(ERBB2):c.1590C>T (p.Asn530=)","chr17","39716377","C/T","ERBB2","-0.501","dataset0527","Synonymous","Neutral to the ERBB2-mediated cellular proliferation in A375","ERBB2-mediated cellular proliferation","6","Functionally normal","","1.86462e-06","NA","CRISPR-Based Genome Editing","Base editing","33606977"
"NM_004448.4(ERBB2):c.1597C>T (p.Gln533Ter)","chr17","39716384","C/T","ERBB2","0.785","dataset0527","Nonsense","Neutral to the ERBB2-mediated cellular proliferation in A375","ERBB2-mediated cellular proliferation","6","Functionally normal","","","NA","CRISPR-Based Genome Editing","Base editing","33606977"
"NM_004448.4(ERBB2):c.1606C>T (p.Arg536Trp)","chr17","39716393","C/T","ERBB2","1.539","dataset0527","Missense","Neutral to the ERBB2-mediated cellular proliferation in A375","ERBB2-mediated cellular proliferation","6","Functionally normal","","1.24335e-06","NA","CRISPR-Based Genome Editing","Base editing","33606977"
"NM_004448.4(ERBB2):c.1612C>T (p.Gln538Ter)","chr17","39716399","C/T","ERBB2","-0.054","dataset0527","Nonsense","Neutral to the ERBB2-mediated cellular proliferation in A375","ERBB2-mediated cellular proliferation","6","Functionally normal","","6.21503e-07","NA","CRISPR-Based Genome Editing","Base editing","33606977"
"NM_004448.4(ERBB2):c.1614G>A (p.Gln538=)","chr17","39716401","G/A","ERBB2","0.223","dataset0527","Synonymous","Neutral to the ERBB2-mediated cellular proliferation in A375","ERBB2-mediated cellular proliferation","6","Functionally normal","","","NA","CRISPR-Based Genome Editing","Base editing","33606977"
"NM_004448.4(ERBB2):c.1615G>A (p.Glu539Lys)","chr17","39716402","G/A","ERBB2","0.223","dataset0527","Missense","Neutral to the ERBB2-mediated cellular proliferation in A375","ERBB2-mediated cellular proliferation","6","Functionally normal","","6.21452e-07","NA","CRISPR-Based Genome Editing","Base editing","33606977"
"NM_004448.4(ERBB2):c.1617G>A (p.Glu539=)","chr17","39716404","G/A","ERBB2","0.347","dataset0527","Synonymous","Neutral to the ERBB2-mediated cellular proliferation in A375","ERBB2-mediated cellular proliferation","6","Functionally normal","","6.21445e-07","NA","CRISPR-Based Genome Editing","Base editing","33606977"
"NM_004448.4(ERBB2):c.1621G>A (p.Val541Met)","chr17","39716408","G/A","ERBB2","0.347","dataset0527","Missense","Neutral to the ERBB2-mediated cellular proliferation in A375","ERBB2-mediated cellular proliferation","6","Functionally normal","Uncertain significance","1.11846e-05","NA","CRISPR-Based Genome Editing","Base editing","33606977"
"NM_004448.4(ERBB2):c.1626G>A (p.Glu542=)","chr17","39716413","G/A","ERBB2","0.296","dataset0527","Synonymous","Neutral to the ERBB2-mediated cellular proliferation in A375","ERBB2-mediated cellular proliferation","6","Functionally normal","","","NA","CRISPR-Based Genome Editing","Base editing","33606977"
"NM_004448.4(ERBB2):c.1627G>A (p.Glu543Lys)","chr17","39716414","G/A","ERBB2","0.296","dataset0527","Missense","Neutral to the ERBB2-mediated cellular proliferation in A375","ERBB2-mediated cellular proliferation","6","Functionally normal","","","NA","CRISPR-Based Genome Editing","Base editing","33606977"
"NM_004448.4(ERBB2):c.1646+1G>A","chr17","39716434","G/A","ERBB2","-0.016","dataset0527","Splice site","Neutral to the ERBB2-mediated cellular proliferation in A375","ERBB2-mediated cellular proliferation","6","Functionally normal","","1.24019e-06","NA","CRISPR-Based Genome Editing","Base editing","33606977"
"NM_004448.4(ERBB2):c.1646+5G>A","chr17","39716438","G/A","ERBB2","-0.016","dataset0527","Splice site","Neutral to the ERBB2-mediated cellular proliferation in A375","ERBB2-mediated cellular proliferation","6","Functionally normal","","","NA","CRISPR-Based Genome Editing","Base editing","33606977"
"NM_004448.4(ERBB2):c.1647-10C>T","chr17","39716505","C/T","ERBB2","0.549","dataset0527","Splice site","Neutral to the ERBB2-mediated cellular proliferation in A375","ERBB2-mediated cellular proliferation","6","Functionally normal","","","NA","CRISPR-Based Genome Editing","Base editing","33606977"
"NM_004448.4(ERBB2):c.1647-7C>T","chr17","39716508","C/T","ERBB2","-1.191","dataset0527","Splice site","Neutral to the ERBB2-mediated cellular proliferation in A375","ERBB2-mediated cellular proliferation","6","Functionally normal","","","NA","CRISPR-Based Genome Editing","Base editing","33606977"
"NM_004448.4(ERBB2):c.1647-5C>T","chr17","39716510","C/T","ERBB2","-1.191","dataset0527","Splice site","Neutral to the ERBB2-mediated cellular proliferation in A375","ERBB2-mediated cellular proliferation","6","Functionally normal","Likely benign","2.4781e-06","NA","CRISPR-Based Genome Editing","Base editing","33606977"
"NM_004448.4(ERBB2):c.1665G>A (p.Val555=)","chr17","39716533","G/A","ERBB2","-0.996","dataset0527","Synonymous","Neutral to the ERBB2-mediated cellular proliferation in A375","ERBB2-mediated cellular proliferation","6","Functionally normal","","1.85853e-06","NA","CRISPR-Based Genome Editing","Base editing","33606977"
"NM_004448.4(ERBB2):c.1686G>A (p.Pro562=)","chr17","39716554","G/A","ERBB2","0.605","dataset0527","Synonymous","Neutral to the ERBB2-mediated cellular proliferation in A375","ERBB2-mediated cellular proliferation","6","Functionally normal","Likely benign","8.54993e-05","NA","CRISPR-Based Genome Editing","Base editing","33606977"
"NM_004448.4(ERBB2):c.1700G>A (p.Cys567Tyr)","chr17","39716568","G/A","ERBB2","-0.192","dataset0527","Missense","Neutral to the ERBB2-mediated cellular proliferation in A375","ERBB2-mediated cellular proliferation","6","Functionally normal","","","NA","CRISPR-Based Genome Editing","Base editing","33606977"
"NM_004448.4(ERBB2):c.1710G>A (p.Gln570=)","chr17","39716578","G/A","ERBB2","-0.36","dataset0527","Synonymous","Neutral to the ERBB2-mediated cellular proliferation in A375","ERBB2-mediated cellular proliferation","6","Functionally normal","","","NA","CRISPR-Based Genome Editing","Base editing","33606977"
"NM_004448.4(ERBB2):c.1718C>T (p.Ser573Leu)","chr17","39716586","C/T","ERBB2","0.521","dataset0527","Missense","Neutral to the ERBB2-mediated cellular proliferation in A375","ERBB2-mediated cellular proliferation","6","Functionally normal","","1.2391e-06","blca:0.2% (1/411):0.340","CRISPR-Based Genome Editing","Base editing","33606977"
"NM_004448.4(ERBB2):c.1722G>A (p.Val574=)","chr17","39716590","G/A","ERBB2","0.134","dataset0527","Synonymous","Neutral to the ERBB2-mediated cellular proliferation in A375","ERBB2-mediated cellular proliferation","6","Functionally normal","","","NA","CRISPR-Based Genome Editing","Base editing","33606977"
"NM_004448.4(ERBB2):c.1737+3G>A","chr17","39716608","G/A","ERBB2","-0.894","dataset0527","Splice site","Neutral to the ERBB2-mediated cellular proliferation in A375","ERBB2-mediated cellular proliferation","6","Functionally normal","","","NA","CRISPR-Based Genome Editing","Base editing","33606977"
"NM_004448.4(ERBB2):c.1749G>A (p.Gln583=)","chr17","39717331","G/A","ERBB2","-0.858","dataset0527","Synonymous","Neutral to the ERBB2-mediated cellular proliferation in A375","ERBB2-mediated cellular proliferation","6","Functionally normal","","6.20451e-07","NA","CRISPR-Based Genome Editing","Base editing","33606977"
"NM_004448.4(ERBB2):c.1751G>A (p.Cys584Tyr)","chr17","39717333","G/A","ERBB2","-0.858","dataset0527","Missense","Neutral to the ERBB2-mediated cellular proliferation in A375","ERBB2-mediated cellular proliferation","6","Functionally normal","","","NA","CRISPR-Based Genome Editing","Base editing","33606977"
"NM_004448.4(ERBB2):c.1753G>A (p.Val585Met)","chr17","39717335","G/A","ERBB2","-0.858","dataset0527","Missense","Neutral to the ERBB2-mediated cellular proliferation in A375","ERBB2-mediated cellular proliferation","6","Functionally normal","","","NA","CRISPR-Based Genome Editing","Base editing","33606977"
"NM_004448.4(ERBB2):c.1758C>T (p.Ala586=)","chr17","39717340","C/T","ERBB2","0.493","dataset0527","Synonymous","Neutral to the ERBB2-mediated cellular proliferation in A375","ERBB2-mediated cellular proliferation","6","Functionally normal","","","NA","CRISPR-Based Genome Editing","Base editing","33606977"
"NM_004448.4(ERBB2):c.1773G>A (p.Lys591=)","chr17","39717355","G/A","ERBB2","0.305","dataset0527","Synonymous","Neutral to the ERBB2-mediated cellular proliferation in A375","ERBB2-mediated cellular proliferation","6","Functionally normal","","","NA","CRISPR-Based Genome Editing","Base editing","33606977"
"NM_004448.4(ERBB2):c.1774G>A (p.Asp592Asn)","chr17","39717356","G/A","ERBB2","0.305","dataset0527","Missense","Neutral to the ERBB2-mediated cellular proliferation in A375","ERBB2-mediated cellular proliferation","6","Functionally normal","","","NA","CRISPR-Based Genome Editing","Base editing","33606977"
"NM_004448.4(ERBB2):c.1776C>T (p.Asp592=)","chr17","39717358","C/T","ERBB2","-0.359","dataset0527","Synonymous","Neutral to the ERBB2-mediated cellular proliferation in A375","ERBB2-mediated cellular proliferation","6","Functionally normal","","","NA","CRISPR-Based Genome Editing","Base editing","33606977"
"NM_004448.4(ERBB2):c.1777C>T (p.Pro593Ser)","chr17","39717359","C/T","ERBB2","-0.359","dataset0527","Missense","Neutral to the ERBB2-mediated cellular proliferation in A375","ERBB2-mediated cellular proliferation","6","Functionally normal","","6.20099e-07","NA","CRISPR-Based Genome Editing","Base editing","33606977"
"NM_004448.4(ERBB2):c.1808G>A (p.Gly603Asp)","chr17","39717390","G/A","ERBB2","-0.796","dataset0527","Missense","Neutral to the ERBB2-mediated cellular proliferation in A375","ERBB2-mediated cellular proliferation","6","Functionally normal","","6.19989e-07","NA","CRISPR-Based Genome Editing","Base editing","33606977"
"NM_004448.4(ERBB2):c.1819G>A (p.Asp607Asn)","chr17","39717401","G/A","ERBB2","-0.016","dataset0527","Missense","Neutral to the ERBB2-mediated cellular proliferation in A375","ERBB2-mediated cellular proliferation","6","Functionally normal","","","NA","CRISPR-Based Genome Editing","Base editing","33606977"
"NM_004448.4(ERBB2):c.1824C>T (p.Leu608=)","chr17","39717406","C/T","ERBB2","0.599","dataset0527","Synonymous","Neutral to the ERBB2-mediated cellular proliferation in A375","ERBB2-mediated cellular proliferation","6","Functionally normal","","3.09937e-06","NA","CRISPR-Based Genome Editing","Base editing","33606977"
"NM_004448.4(ERBB2):c.1826_1827delinsTT (p.Ser609Phe)","chr17","39717408","CC/TT","ERBB2","0.599","dataset0527","Missense","Neutral to the ERBB2-mediated cellular proliferation in A375","ERBB2-mediated cellular proliferation","6","Functionally normal","","","NA","CRISPR-Based Genome Editing","Base editing","33606977"
"NM_004448.4(ERBB2):c.1839C>T (p.Ile613=)","chr17","39717421","C/T","ERBB2","1.348","dataset0527","Synonymous","Neutral to the ERBB2-mediated cellular proliferation in A375","ERBB2-mediated cellular proliferation","6","Functionally normal","","6.19825e-07","NA","CRISPR-Based Genome Editing","Base editing","33606977"
"NM_004448.4(ERBB2):c.1841_1842delinsAA (p.Trp614Ter)","chr17","39717423","GG/AA","ERBB2","-0.471","dataset0527","Nonsense","Neutral to the ERBB2-mediated cellular proliferation in A375","ERBB2-mediated cellular proliferation","6","Functionally normal","","","NA","CRISPR-Based Genome Editing","Base editing","33606977"
"NM_004448.4(ERBB2):c.1845G>A (p.Lys615=)","chr17","39717427","G/A","ERBB2","-0.471","dataset0527","Synonymous","Neutral to the ERBB2-mediated cellular proliferation in A375","ERBB2-mediated cellular proliferation","6","Functionally normal","","0","NA","CRISPR-Based Genome Editing","Base editing","33606977"
"NM_004448.4(ERBB2):c.1852G>A (p.Asp618Asn)","chr17","39717434","G/A","ERBB2","-2.543","dataset0527","Missense","The reduced ERBB2-mediated cellular proliferation in A375","ERBB2-mediated cellular proliferation","6","Loss-of-function","","","NA","CRISPR-Based Genome Editing","Base editing","33606977"
"NM_004448.4(ERBB2):c.1898+1G>A","chr17","39717481","G/A","ERBB2","0.635","dataset0527","Splice site","Neutral to the ERBB2-mediated cellular proliferation in A375","ERBB2-mediated cellular proliferation","6","Functionally normal","","2.48361e-06","NA","CRISPR-Based Genome Editing","Base editing","33606977"
"NM_004448.4(ERBB2):c.1899-9C>T","chr17","39719778","C/T","ERBB2","0.877","dataset0527","Splice site","Neutral to the ERBB2-mediated cellular proliferation in A375","ERBB2-mediated cellular proliferation","6","Functionally normal","Likely benign","1.23908e-06","NA","CRISPR-Based Genome Editing","Base editing","33606977"
"NM_004448.4(ERBB2):c.1928_1929delinsTT (p.Pro643Leu)","chr17","39719816","CC/TT","ERBB2","-0.889","dataset0527","Missense","Neutral to the ERBB2-mediated cellular proliferation in A375","ERBB2-mediated cellular proliferation","6","Functionally normal","","","NA","CRISPR-Based Genome Editing","Base editing","33606977"
"NM_004448.4(ERBB2):c.1932C>T (p.Ala644=)","chr17","39719820","C/T","ERBB2","-0.889","dataset0527","Synonymous","Neutral to the ERBB2-mediated cellular proliferation in A375","ERBB2-mediated cellular proliferation","6","Functionally normal","Benign","0.000122044","NA","CRISPR-Based Genome Editing","Base editing","33606977"
"NM_004448.4(ERBB2):c.1946G>A (p.Ser649Asn)","chr17","39719834","G/A","ERBB2","0.016","dataset0527","Missense","Neutral to the ERBB2-mediated cellular proliferation in A375","ERBB2-mediated cellular proliferation","6","Functionally normal","","","NA","CRISPR-Based Genome Editing","Base editing","33606977"
"NM_004448.4(ERBB2):c.1946+1G>A","chr17","39719835","G/A","ERBB2","0.016","dataset0527","Splice site","Neutral to the ERBB2-mediated cellular proliferation in A375","ERBB2-mediated cellular proliferation","6","Functionally normal","","6.19515e-07","NA","CRISPR-Based Genome Editing","Base editing","33606977"
"NM_004448.4(ERBB2):c.1946+4G>A","chr17","39719838","G/A","ERBB2","0.427","dataset0527","Splice site","Neutral to the ERBB2-mediated cellular proliferation in A375","ERBB2-mediated cellular proliferation","6","Functionally normal","","","NA","CRISPR-Based Genome Editing","Base editing","33606977"
"NM_004448.4(ERBB2):c.1955C>T (p.Thr652Met)","chr17","39723327","C/T","ERBB2","-0.855","dataset0527","Missense","Neutral to the ERBB2-mediated cellular proliferation in A375","ERBB2-mediated cellular proliferation","6","Functionally normal","","","NA","CRISPR-Based Genome Editing","Base editing","33606977"
"NM_004448.4(ERBB2):c.1956G>A (p.Thr652=)","chr17","39723328","G/A","ERBB2","1.473","dataset0527","Synonymous","Neutral to the ERBB2-mediated cellular proliferation in A375","ERBB2-mediated cellular proliferation","6","Functionally normal","","4.96489e-06","NA","CRISPR-Based Genome Editing","Base editing","33606977"
"NM_004448.4(ERBB2):c.1958_1959delinsTT (p.Ser653Phe)","chr17","39723330","CC/TT","ERBB2","-0.872","dataset0527","Missense","Neutral to the ERBB2-mediated cellular proliferation in A375","ERBB2-mediated cellular proliferation","6","Functionally normal","","","NA","CRISPR-Based Genome Editing","Base editing","33606977"
"NM_004448.4(ERBB2):c.1962C>T (p.Ile654=)","chr17","39723334","C/T","ERBB2","0.45","dataset0527","Synonymous","Neutral to the ERBB2-mediated cellular proliferation in A375","ERBB2-mediated cellular proliferation","6","Functionally normal","","2.48011e-06","NA","CRISPR-Based Genome Editing","Base editing","33606977"
"NM_004448.4(ERBB2):c.1974G>A (p.Val658=)","chr17","39723346","G/A","ERBB2","-0.827","dataset0527","Synonymous","Neutral to the ERBB2-mediated cellular proliferation in A375","ERBB2-mediated cellular proliferation","6","Functionally normal","","2.4781e-06","NA","CRISPR-Based Genome Editing","Base editing","33606977"
"NM_004448.4(ERBB2):c.1975G>A (p.Val659Ile)","chr17","39723347","G/A","ERBB2","-0.827","dataset0527","Missense","Neutral to the ERBB2-mediated cellular proliferation in A375","ERBB2-mediated cellular proliferation","6","Functionally normal","","","NA","CRISPR-Based Genome Editing","Base editing","33606977"
"NM_004448.4(ERBB2):c.1984C>T (p.Leu662=)","chr17","39723356","C/T","ERBB2","0.504","dataset0527","Synonymous","Neutral to the ERBB2-mediated cellular proliferation in A375","ERBB2-mediated cellular proliferation","6","Functionally normal","","","NA","CRISPR-Based Genome Editing","Base editing","33606977"
"NM_004448.4(ERBB2):c.1992C>T (p.Val664=)","chr17","39723364","C/T","ERBB2","0.487","dataset0527","Synonymous","Neutral to the ERBB2-mediated cellular proliferation in A375","ERBB2-mediated cellular proliferation","6","Functionally normal","","6.19715e-07","NA","CRISPR-Based Genome Editing","Base editing","33606977"
"NM_004448.4(ERBB2):c.1998C>T (p.Val666=)","chr17","39723370","C/T","ERBB2","0.673","dataset0527","Synonymous","Neutral to the ERBB2-mediated cellular proliferation in A375","ERBB2-mediated cellular proliferation","6","Functionally normal","","6.19987e-07","NA","CRISPR-Based Genome Editing","Base editing","33606977"
"NM_004448.4(ERBB2):c.2019C>T (p.Ile673=)","chr17","39723391","C/T","ERBB2","-1.264","dataset0527","Synonymous","Neutral to the ERBB2-mediated cellular proliferation in A375","ERBB2-mediated cellular proliferation","6","Functionally normal","","","NA","CRISPR-Based Genome Editing","Base editing","33606977"
"NM_004448.4(ERBB2):c.2032C>T (p.Arg678Trp)","chr17","39723404","C/T","ERBB2","0.432","dataset0527","Missense","Neutral to the ERBB2-mediated cellular proliferation in A375","ERBB2-mediated cellular proliferation","6","Functionally normal","","3.71738e-06","NA","CRISPR-Based Genome Editing","Base editing","33606977"
"NM_004448.4(ERBB2):c.2046C>T (p.Ile682=)","chr17","39723418","C/T","ERBB2","1.086","dataset0527","Synonymous","Neutral to the ERBB2-mediated cellular proliferation in A375","ERBB2-mediated cellular proliferation","6","Functionally normal","","","NA","CRISPR-Based Genome Editing","Base editing","33606977"
"NM_004448.4(ERBB2):c.2047C>T (p.Arg683Trp)","chr17","39723419","C/T","ERBB2","1.086","dataset0527","Missense","Neutral to the ERBB2-mediated cellular proliferation in A375","ERBB2-mediated cellular proliferation","6","Functionally normal","","6.19507e-07","NA","CRISPR-Based Genome Editing","Base editing","33606977"
"NM_004448.4(ERBB2):c.2063_2064delinsAA (p.Arg688Gln)","chr17","39723435","GG/AA","ERBB2","0.298","dataset0527","Missense","Neutral to the ERBB2-mediated cellular proliferation in A375","ERBB2-mediated cellular proliferation","6","Functionally normal","","","NA","CRISPR-Based Genome Editing","Base editing","33606977"
"NM_004448.4(ERBB2):c.2068C>T (p.Leu690=)","chr17","39723440","C/T","ERBB2","0.252","dataset0527","Synonymous","Neutral to the ERBB2-mediated cellular proliferation in A375","ERBB2-mediated cellular proliferation","6","Functionally normal","","","NA","CRISPR-Based Genome Editing","Base editing","33606977"
"NM_004448.4(ERBB2):c.2086-13C>T","chr17","39723525","C/T","ERBB2","-0.151","dataset0527","Splice site","Neutral to the ERBB2-mediated cellular proliferation in A375","ERBB2-mediated cellular proliferation","6","Functionally normal","","","NA","CRISPR-Based Genome Editing","Base editing","33606977"
"NM_004448.4(ERBB2):c.2086-12C>T","chr17","39723526","C/T","ERBB2","-0.151","dataset0527","Splice site","Neutral to the ERBB2-mediated cellular proliferation in A375","ERBB2-mediated cellular proliferation","6","Functionally normal","","","NA","CRISPR-Based Genome Editing","Base editing","33606977"
"NM_004448.4(ERBB2):c.2086-11C>T","chr17","39723527","C/T","ERBB2","-0.151","dataset0527","Splice site","Neutral to the ERBB2-mediated cellular proliferation in A375","ERBB2-mediated cellular proliferation","6","Functionally normal","","1.24013e-06","NA","CRISPR-Based Genome Editing","Base editing","33606977"
"NM_004448.4(ERBB2):c.2086-10C>T","chr17","39723528","C/T","ERBB2","-0.151","dataset0527","Splice site","Neutral to the ERBB2-mediated cellular proliferation in A375","ERBB2-mediated cellular proliferation","6","Functionally normal","","","NA","CRISPR-Based Genome Editing","Base editing","33606977"
"NM_004448.4(ERBB2):c.2096C>T (p.Pro699Leu)","chr17","39723548","C/T","ERBB2","0.531","dataset0527","Missense","Neutral to the ERBB2-mediated cellular proliferation in A375","ERBB2-mediated cellular proliferation","6","Functionally normal","","","NA","CRISPR-Based Genome Editing","Base editing","33606977"
"NM_004448.4(ERBB2):c.2100G>A (p.Leu700=)","chr17","39723552","G/A","ERBB2","-0.911","dataset0527","Synonymous","Neutral to the ERBB2-mediated cellular proliferation in A375","ERBB2-mediated cellular proliferation","6","Functionally normal","","","NA","CRISPR-Based Genome Editing","Base editing","33606977"
"NM_004448.4(ERBB2):c.2110_2111delinsAA (p.Gly704Lys)","chr17","39723562","GG/AA","ERBB2","0.647","dataset0527","Missense","Neutral to the ERBB2-mediated cellular proliferation in A375","ERBB2-mediated cellular proliferation","6","Functionally normal","","","NA","CRISPR-Based Genome Editing","Base editing","33606977"
"NM_004448.4(ERBB2):c.2120_2121delinsTT (p.Pro707Leu)","chr17","39723572","CC/TT","ERBB2","0.905","dataset0527","Missense","Neutral to the ERBB2-mediated cellular proliferation in A375","ERBB2-mediated cellular proliferation","6","Functionally normal","","","NA","CRISPR-Based Genome Editing","Base editing","33606977"
"NM_004448.4(ERBB2):c.2124C>T (p.Asn708=)","chr17","39723576","C/T","ERBB2","0.905","dataset0527","Synonymous","Neutral to the ERBB2-mediated cellular proliferation in A375","ERBB2-mediated cellular proliferation","6","Functionally normal","","","NA","CRISPR-Based Genome Editing","Base editing","33606977"
"NM_004448.4(ERBB2):c.2138_2139delinsAA (p.Arg713Gln)","chr17","39723590","GG/AA","ERBB2","1.446","dataset0527","Missense","Neutral to the ERBB2-mediated cellular proliferation in A375","ERBB2-mediated cellular proliferation","6","Functionally normal","","","NA","CRISPR-Based Genome Editing","Base editing","33606977"
"NM_004448.4(ERBB2):c.2138G>A (p.Arg713Gln)","chr17","39723590","G/A","ERBB2","0.378","dataset0527","Missense","Neutral to the ERBB2-mediated cellular proliferation in A375","ERBB2-mediated cellular proliferation","6","Functionally normal","","6.21455e-07","NA","CRISPR-Based Genome Editing","Base editing","33606977"
"NM_004448.4(ERBB2):c.2139G>A (p.Arg713=)","chr17","39723591","G/A","ERBB2","-0.243","dataset0527","Synonymous","Neutral to the ERBB2-mediated cellular proliferation in A375","ERBB2-mediated cellular proliferation","6","Functionally normal","","6.21502e-07","NA","CRISPR-Based Genome Editing","Base editing","33606977"
"NM_004448.4(ERBB2):c.2209-8C>T","chr17","39723904","C/T","ERBB2","0.642","dataset0527","Splice site","Neutral to the ERBB2-mediated cellular proliferation in A375","ERBB2-mediated cellular proliferation","6","Functionally normal","","","NA","CRISPR-Based Genome Editing","Base editing","33606977"
"NM_004448.4(ERBB2):c.2214C>T (p.Ile738=)","chr17","39723917","C/T","ERBB2","0.668","dataset0527","Synonymous","Neutral to the ERBB2-mediated cellular proliferation in A375","ERBB2-mediated cellular proliferation","6","Functionally normal","","6.19711e-07","NA","CRISPR-Based Genome Editing","Base editing","33606977"
"NM_004448.4(ERBB2):c.2224G>A (p.Asp742Asn)","chr17","39723927","G/A","ERBB2","-1.093","dataset0527","Missense","Neutral to the ERBB2-mediated cellular proliferation in A375","ERBB2-mediated cellular proliferation","6","Functionally normal","","","NA","CRISPR-Based Genome Editing","Base editing","33606977"
"NM_004448.4(ERBB2):c.2253C>T (p.Ala751=)","chr17","39723956","C/T","ERBB2","0.962","dataset0527","Synonymous","Neutral to the ERBB2-mediated cellular proliferation in A375","ERBB2-mediated cellular proliferation","6","Functionally normal","","","NA","CRISPR-Based Genome Editing","Base editing","33606977"
"NM_004448.4(ERBB2):c.2296G>A (p.Glu766Lys)","chr17","39723999","G/A","ERBB2","0.267","dataset0527","Missense","Neutral to the ERBB2-mediated cellular proliferation in A375","ERBB2-mediated cellular proliferation","6","Functionally normal","Uncertain significance","","NA","CRISPR-Based Genome Editing","Base editing","33606977"
"NM_004448.4(ERBB2):c.2305G>A (p.Asp769Asn)","chr17","39724008","G/A","ERBB2","-0.36","dataset0527","Missense","Neutral to the ERBB2-mediated cellular proliferation in A375","ERBB2-mediated cellular proliferation","6","Functionally normal","","","cesc:0.3% (1/297):0.310","CRISPR-Based Genome Editing","Base editing","33606977"
"NM_004448.4(ERBB2):c.2308-4C>T","chr17","39724722","C/T","ERBB2","-0.734","dataset0527","Splice site","Neutral to the ERBB2-mediated cellular proliferation in A375","ERBB2-mediated cellular proliferation","6","Functionally normal","","6.19633e-07","NA","CRISPR-Based Genome Editing","Base editing","33606977"
"NM_004448.4(ERBB2):c.2308-3C>T","chr17","39724723","C/T","ERBB2","-0.734","dataset0527","Splice site","Neutral to the ERBB2-mediated cellular proliferation in A375","ERBB2-mediated cellular proliferation","6","Functionally normal","","","NA","CRISPR-Based Genome Editing","Base editing","33606977"
"NM_004448.4(ERBB2):c.2316C>T (p.Tyr772=)","chr17","39724734","C/T","ERBB2","0.465","dataset0527","Synonymous","Neutral to the ERBB2-mediated cellular proliferation in A375","ERBB2-mediated cellular proliferation","6","Functionally normal","Likely benign","1.23921e-05","NA","CRISPR-Based Genome Editing","Base editing","33606977"
"NM_004448.4(ERBB2):c.2319G>A (p.Val773=)","chr17","39724737","G/A","ERBB2","0.039","dataset0527","Synonymous","Neutral to the ERBB2-mediated cellular proliferation in A375","ERBB2-mediated cellular proliferation","6","Functionally normal","","","NA","CRISPR-Based Genome Editing","Base editing","33606977"
"NM_004448.4(ERBB2):c.2322G>A (p.Met774Ile)","chr17","39724740","G/A","ERBB2","0.039","dataset0527","Missense","Neutral to the ERBB2-mediated cellular proliferation in A375","ERBB2-mediated cellular proliferation","6","Functionally normal","","","NA","CRISPR-Based Genome Editing","Base editing","33606977"
"NM_004448.4(ERBB2):c.2364C>T (p.Ile788=)","chr17","39724782","C/T","ERBB2","0.811","dataset0527","Synonymous","Neutral to the ERBB2-mediated cellular proliferation in A375","ERBB2-mediated cellular proliferation","6","Functionally normal","","6.19483e-07","NA","CRISPR-Based Genome Editing","Base editing","33606977"
"NM_004448.4(ERBB2):c.2370G>A (p.Leu790=)","chr17","39724788","G/A","ERBB2","-0.363","dataset0527","Synonymous","Neutral to the ERBB2-mediated cellular proliferation in A375","ERBB2-mediated cellular proliferation","6","Functionally normal","","","NA","CRISPR-Based Genome Editing","Base editing","33606977"
"NM_004448.4(ERBB2):c.2372C>T (p.Thr791Ile)","chr17","39724790","C/T","ERBB2","-1.126","dataset0527","Missense","Neutral to the ERBB2-mediated cellular proliferation in A375","ERBB2-mediated cellular proliferation","6","Functionally normal","","","NA","CRISPR-Based Genome Editing","Base editing","33606977"
"NM_004448.4(ERBB2):c.2391G>A (p.Val797=)","chr17","39724809","G/A","ERBB2","-0.079","dataset0527","Synonymous","Neutral to the ERBB2-mediated cellular proliferation in A375","ERBB2-mediated cellular proliferation","6","Functionally normal","","3.09762e-06","NA","CRISPR-Based Genome Editing","Base editing","33606977"
"NM_004448.4(ERBB2):c.2393C>T (p.Thr798Ile)","chr17","39724811","C/T","ERBB2","-0.57","dataset0527","Missense","Neutral to the ERBB2-mediated cellular proliferation in A375","ERBB2-mediated cellular proliferation","6","Functionally normal","","","NA","CRISPR-Based Genome Editing","Base editing","33606977"
"NM_004448.4(ERBB2):c.2395C>T (p.Gln799Ter)","chr17","39724813","C/T","ERBB2","-0.57","dataset0527","Nonsense","Neutral to the ERBB2-mediated cellular proliferation in A375","ERBB2-mediated cellular proliferation","6","Functionally normal","","","NA","CRISPR-Based Genome Editing","Base editing","33606977"
"NM_004448.4(ERBB2):c.2422G>A (p.Asp808Asn)","chr17","39724840","G/A","ERBB2","-0.627","dataset0527","Missense","Neutral to the ERBB2-mediated cellular proliferation in A375","ERBB2-mediated cellular proliferation","6","Functionally normal","","","NA","CRISPR-Based Genome Editing","Base editing","33606977"
"NM_004448.4(ERBB2):c.2425C>T (p.His809Tyr)","chr17","39724843","C/T","ERBB2","-0.404","dataset0527","Missense","Neutral to the ERBB2-mediated cellular proliferation in A375","ERBB2-mediated cellular proliferation","6","Functionally normal","","","NA","CRISPR-Based Genome Editing","Base editing","33606977"
"NM_004448.4(ERBB2):c.2432_2433delinsAA (p.Arg811Gln)","chr17","39724850","GG/AA","ERBB2","-0.015","dataset0527","Missense","Neutral to the ERBB2-mediated cellular proliferation in A375","ERBB2-mediated cellular proliferation","6","Functionally normal","","","NA","CRISPR-Based Genome Editing","Base editing","33606977"
"NM_004448.4(ERBB2):c.2434G>A (p.Glu812Lys)","chr17","39724852","G/A","ERBB2","-0.015","dataset0527","Missense","Neutral to the ERBB2-mediated cellular proliferation in A375","ERBB2-mediated cellular proliferation","6","Functionally normal","","","NA","CRISPR-Based Genome Editing","Base editing","33606977"
"NM_004448.4(ERBB2):c.2446C>T (p.Arg816Cys)","chr17","39724864","C/T","ERBB2","0.561","dataset0527","Missense","Neutral to the ERBB2-mediated cellular proliferation in A375","ERBB2-mediated cellular proliferation","6","Functionally normal","Uncertain significance","6.81447e-06","NA","CRISPR-Based Genome Editing","Base editing","33606977"
"NM_004448.4(ERBB2):c.2456_2457delinsTT (p.Ser819Phe)","chr17","39724874","CC/TT","ERBB2","-0.509","dataset0527","Missense","Neutral to the ERBB2-mediated cellular proliferation in A375","ERBB2-mediated cellular proliferation","6","Functionally normal","","","NA","CRISPR-Based Genome Editing","Base editing","33606977"
"NM_004448.4(ERBB2):c.2458C>T (p.Gln820Ter)","chr17","39724876","C/T","ERBB2","-0.509","dataset0527","Nonsense","Neutral to the ERBB2-mediated cellular proliferation in A375","ERBB2-mediated cellular proliferation","6","Functionally normal","","","NA","CRISPR-Based Genome Editing","Base editing","33606977"
"NM_004448.4(ERBB2):c.2474_2475delinsAA (p.Trp825Ter)","chr17","39724892","GG/AA","ERBB2","-0.506","dataset0527","Nonsense","Neutral to the ERBB2-mediated cellular proliferation in A375","ERBB2-mediated cellular proliferation","6","Functionally normal","","","NA","CRISPR-Based Genome Editing","Base editing","33606977"
"NM_004448.4(ERBB2):c.2494-4C>T","chr17","39725045","C/T","ERBB2","0.252","dataset0527","Splice site","Neutral to the ERBB2-mediated cellular proliferation in A375","ERBB2-mediated cellular proliferation","6","Functionally normal","","1.85863e-06","NA","CRISPR-Based Genome Editing","Base editing","33606977"
"NM_004448.4(ERBB2):c.2494-3C>T","chr17","39725046","C/T","ERBB2","0.252","dataset0527","Splice site","Neutral to the ERBB2-mediated cellular proliferation in A375","ERBB2-mediated cellular proliferation","6","Functionally normal","Uncertain significance","","NA","CRISPR-Based Genome Editing","Base editing","33606977"
"NM_004448.4(ERBB2):c.2505C>T (p.Tyr835=)","chr17","39725060","C/T","ERBB2","0.11","dataset0527","Synonymous","Neutral to the ERBB2-mediated cellular proliferation in A375","ERBB2-mediated cellular proliferation","6","Functionally normal","","0","NA","CRISPR-Based Genome Editing","Base editing","33606977"
"NM_004448.4(ERBB2):c.2508G>A (p.Leu836=)","chr17","39725063","G/A","ERBB2","-0.351","dataset0527","Synonymous","Neutral to the ERBB2-mediated cellular proliferation in A375","ERBB2-mediated cellular proliferation","6","Functionally normal","","1.11518e-05","NA","CRISPR-Based Genome Editing","Base editing","33606977"
"NM_004448.4(ERBB2):c.2509G>A (p.Glu837Lys)","chr17","39725064","G/A","ERBB2","-0.351","dataset0527","Missense","Neutral to the ERBB2-mediated cellular proliferation in A375","ERBB2-mediated cellular proliferation","6","Functionally normal","","","NA","CRISPR-Based Genome Editing","Base editing","33606977"
"NM_004448.4(ERBB2):c.2523C>T (p.Leu841=)","chr17","39725078","C/T","ERBB2","0.43","dataset0527","Synonymous","Neutral to the ERBB2-mediated cellular proliferation in A375","ERBB2-mediated cellular proliferation","6","Functionally normal","Likely benign","2.23048e-05","NA","CRISPR-Based Genome Editing","Base editing","33606977"
"NM_004448.4(ERBB2):c.2524G>A (p.Val842Ile)","chr17","39725079","G/A","ERBB2","-1.082","dataset0527","Missense","Neutral to the ERBB2-mediated cellular proliferation in A375","ERBB2-mediated cellular proliferation","6","Functionally normal","Uncertain significance","1.85859e-06","blca:0.5% (2/411):0.485;brca:0.1% (1/1084):0.420;coad:0.2% (1/439):0.740;paad:1.1% (2/184):0.190;read:1.3% (2/155):0.680;stad:0.2% (1/440):0.330;ucec:0.8% (4/529):0.375;ucs:1.8% (1/57):0.420","CRISPR-Based Genome Editing","Base editing","33606977"
"NM_004448.4(ERBB2):c.2529C>T (p.His843=)","chr17","39725084","C/T","ERBB2","0.668","dataset0527","Synonymous","Neutral to the ERBB2-mediated cellular proliferation in A375","ERBB2-mediated cellular proliferation","6","Functionally normal","","6.19513e-07","NA","CRISPR-Based Genome Editing","Base editing","33606977"
"NM_004448.4(ERBB2):c.2541C>T (p.Ala847=)","chr17","39725096","C/T","ERBB2","-1.073","dataset0527","Synonymous","Neutral to the ERBB2-mediated cellular proliferation in A375","ERBB2-mediated cellular proliferation","6","Functionally normal","Likely benign","0.000475805","NA","CRISPR-Based Genome Editing","Base editing","33606977"
"NM_004448.4(ERBB2):c.2556G>A (p.Leu852=)","chr17","39725111","G/A","ERBB2","0.443","dataset0527","Synonymous","Neutral to the ERBB2-mediated cellular proliferation in A375","ERBB2-mediated cellular proliferation","6","Functionally normal","","","NA","CRISPR-Based Genome Editing","Base editing","33606977"
"NM_004448.4(ERBB2):c.2557G>A (p.Val853Ile)","chr17","39725112","G/A","ERBB2","0.443","dataset0527","Missense","Neutral to the ERBB2-mediated cellular proliferation in A375","ERBB2-mediated cellular proliferation","6","Functionally normal","","","NA","CRISPR-Based Genome Editing","Base editing","33606977"
"NM_004448.4(ERBB2):c.2577C>T (p.Val859=)","chr17","39725132","C/T","ERBB2","-1.471","dataset0527","Synonymous","Neutral to the ERBB2-mediated cellular proliferation in A375","ERBB2-mediated cellular proliferation","6","Functionally normal","","6.19536e-07","NA","CRISPR-Based Genome Editing","Base editing","33606977"
"NM_004448.4(ERBB2):c.2585C>T (p.Thr862Ile)","chr17","39725140","C/T","ERBB2","0.297","dataset0527","Missense","Neutral to the ERBB2-mediated cellular proliferation in A375","ERBB2-mediated cellular proliferation","6","Functionally normal","","6.19512e-07","NA","CRISPR-Based Genome Editing","Base editing","33606977"
"NM_004448.4(ERBB2):c.2589C>T (p.Asp863=)","chr17","39725144","C/T","ERBB2","0.297","dataset0527","Synonymous","Neutral to the ERBB2-mediated cellular proliferation in A375","ERBB2-mediated cellular proliferation","6","Functionally normal","Uncertain significance","6.19566e-06","NA","CRISPR-Based Genome Editing","Base editing","33606977"
"NM_004448.4(ERBB2):c.2592C>T (p.Phe864=)","chr17","39725147","C/T","ERBB2","0.989","dataset0527","Synonymous","Neutral to the ERBB2-mediated cellular proliferation in A375","ERBB2-mediated cellular proliferation","6","Functionally normal","Likely benign","1.54886e-05","NA","CRISPR-Based Genome Editing","Base editing","33606977"
"NM_004448.4(ERBB2):c.2624C>T (p.Thr875Ile)","chr17","39725179","C/T","ERBB2","-0.625","dataset0527","Missense","Neutral to the ERBB2-mediated cellular proliferation in A375","ERBB2-mediated cellular proliferation","6","Functionally normal","","","NA","CRISPR-Based Genome Editing","Base editing","33606977"
"NM_004448.4(ERBB2):c.2631C>T (p.Tyr877=)","chr17","39725186","C/T","ERBB2","0.842","dataset0527","Synonymous","Neutral to the ERBB2-mediated cellular proliferation in A375","ERBB2-mediated cellular proliferation","6","Functionally normal","","","NA","CRISPR-Based Genome Editing","Base editing","33606977"
"NM_004448.4(ERBB2):c.2632C>T (p.His878Tyr)","chr17","39725187","C/T","ERBB2","0.842","dataset0527","Missense","Neutral to the ERBB2-mediated cellular proliferation in A375","ERBB2-mediated cellular proliferation","6","Functionally normal","","","NA","CRISPR-Based Genome Editing","Base editing","33606977"
"NM_004448.4(ERBB2):c.2649G>A (p.Lys883=)","chr17","39725204","G/A","ERBB2","-0.334","dataset0527","Splice site","Neutral to the ERBB2-mediated cellular proliferation in A375","ERBB2-mediated cellular proliferation","6","Functionally normal","","","NA","CRISPR-Based Genome Editing","Base editing","33606977"
"NM_004448.4(ERBB2):c.2649+1G>A","chr17","39725205","G/A","ERBB2","-0.334","dataset0527","Splice site","Neutral to the ERBB2-mediated cellular proliferation in A375","ERBB2-mediated cellular proliferation","6","Functionally normal","","","NA","CRISPR-Based Genome Editing","Base editing","33606977"
"NM_004448.4(ERBB2):c.2650-5C>T","chr17","39725322","C/T","ERBB2","-0.217","dataset0527","Splice site","Neutral to the ERBB2-mediated cellular proliferation in A375","ERBB2-mediated cellular proliferation","6","Functionally normal","","4.64703e-05","NA","CRISPR-Based Genome Editing","Base editing","33606977"
"NM_004448.4(ERBB2):c.2650-4C>T","chr17","39725323","C/T","ERBB2","-0.217","dataset0527","Splice site","Neutral to the ERBB2-mediated cellular proliferation in A375","ERBB2-mediated cellular proliferation","6","Functionally normal","","6.19557e-07","NA","CRISPR-Based Genome Editing","Base editing","33606977"
"NM_004448.4(ERBB2):c.2650-3C>T","chr17","39725324","C/T","ERBB2","-0.217","dataset0527","Splice site","Neutral to the ERBB2-mediated cellular proliferation in A375","ERBB2-mediated cellular proliferation","6","Functionally normal","","6.19563e-07","NA","CRISPR-Based Genome Editing","Base editing","33606977"
"NM_004448.4(ERBB2):c.2655C>T (p.Pro885=)","chr17","39725332","C/T","ERBB2","1.232","dataset0527","Synonymous","Neutral to the ERBB2-mediated cellular proliferation in A375","ERBB2-mediated cellular proliferation","6","Functionally normal","","1.23925e-06","NA","CRISPR-Based Genome Editing","Base editing","33606977"
"NM_004448.4(ERBB2):c.2658C>T (p.Ile886=)","chr17","39725335","C/T","ERBB2","1.232","dataset0527","Synonymous","Neutral to the ERBB2-mediated cellular proliferation in A375","ERBB2-mediated cellular proliferation","6","Functionally normal","","4.95707e-06","NA","CRISPR-Based Genome Editing","Base editing","33606977"
"NM_004448.4(ERBB2):c.2661G>A (p.Lys887=)","chr17","39725338","G/A","ERBB2","-1.204","dataset0527","Synonymous","Neutral to the ERBB2-mediated cellular proliferation in A375","ERBB2-mediated cellular proliferation","6","Functionally normal","","1.23914e-06","NA","CRISPR-Based Genome Editing","Base editing","33606977"
"NM_004448.4(ERBB2):c.2663_2664delinsAA (p.Trp888Ter)","chr17","39725340","GG/AA","ERBB2","-1.204","dataset0527","Nonsense","Neutral to the ERBB2-mediated cellular proliferation in A375","ERBB2-mediated cellular proliferation","6","Functionally normal","","","NA","CRISPR-Based Genome Editing","Base editing","33606977"
"NM_004448.4(ERBB2):c.2673G>A (p.Leu891=)","chr17","39725350","G/A","ERBB2","-1.91","dataset0527","Synonymous","Neutral to the ERBB2-mediated cellular proliferation in A375","ERBB2-mediated cellular proliferation","6","Functionally normal","","6.1955e-07","NA","CRISPR-Based Genome Editing","Base editing","33606977"
"NM_004448.4(ERBB2):c.2678_2679delinsTT (p.Ser893Phe)","chr17","39725355","CC/TT","ERBB2","0.731","dataset0527","Missense","Neutral to the ERBB2-mediated cellular proliferation in A375","ERBB2-mediated cellular proliferation","6","Functionally normal","","","NA","CRISPR-Based Genome Editing","Base editing","33606977"
"NM_004448.4(ERBB2):c.2693_2694delinsAA (p.Arg898Gln)","chr17","39725370","GG/AA","ERBB2","1.085","dataset0527","Missense","Neutral to the ERBB2-mediated cellular proliferation in A375","ERBB2-mediated cellular proliferation","6","Functionally normal","","","NA","CRISPR-Based Genome Editing","Base editing","33606977"
"NM_004448.4(ERBB2):c.2699_2700delinsTT (p.Thr900Ile)","chr17","39725376","CC/TT","ERBB2","0.254","dataset0527","Missense","Neutral to the ERBB2-mediated cellular proliferation in A375","ERBB2-mediated cellular proliferation","6","Functionally normal","","","NA","CRISPR-Based Genome Editing","Base editing","33606977"
"NM_004448.4(ERBB2):c.2706G>A (p.Gln902=)","chr17","39725383","G/A","ERBB2","-0.034","dataset0527","Synonymous","Neutral to the ERBB2-mediated cellular proliferation in A375","ERBB2-mediated cellular proliferation","6","Functionally normal","","","NA","CRISPR-Based Genome Editing","Base editing","33606977"
"NM_004448.4(ERBB2):c.2715G>A (p.Val905=)","chr17","39725392","G/A","ERBB2","-2.623","dataset0527","Synonymous","The reduced ERBB2-mediated cellular proliferation in A375","ERBB2-mediated cellular proliferation","6","Loss-of-function","Uncertain significance","","NA","CRISPR-Based Genome Editing","Base editing","33606977"
"NM_004448.4(ERBB2):c.2717_2718delinsAA (p.Trp906Ter)","chr17","39725394","GG/AA","ERBB2","-2.623","dataset0527","Nonsense","The reduced ERBB2-mediated cellular proliferation in A375","ERBB2-mediated cellular proliferation","6","Loss-of-function","","","NA","CRISPR-Based Genome Editing","Base editing","33606977"
"NM_004448.4(ERBB2):c.2718G>A (p.Trp906Ter)","chr17","39725395","G/A","ERBB2","-3.652","dataset0527","Nonsense","The reduced ERBB2-mediated cellular proliferation in A375","ERBB2-mediated cellular proliferation","6","Loss-of-function","","","NA","CRISPR-Based Genome Editing","Base editing","33606977"
"NM_004448.4(ERBB2):c.2720G>A (p.Ser907Asn)","chr17","39725397","G/A","ERBB2","-3.652","dataset0527","Missense","The reduced ERBB2-mediated cellular proliferation in A375","ERBB2-mediated cellular proliferation","6","Loss-of-function","","","NA","CRISPR-Based Genome Editing","Base editing","33606977"
"NM_004448.4(ERBB2):c.2726-5C>T","chr17","39725702","C/T","ERBB2","0.599","dataset0527","Splice site","Neutral to the ERBB2-mediated cellular proliferation in A375","ERBB2-mediated cellular proliferation","6","Functionally normal","","6.21095e-07","NA","CRISPR-Based Genome Editing","Base editing","33606977"
"NM_004448.4(ERBB2):c.2736G>A (p.Val912=)","chr17","39725717","G/A","ERBB2","-0.995","dataset0527","Synonymous","Neutral to the ERBB2-mediated cellular proliferation in A375","ERBB2-mediated cellular proliferation","6","Functionally normal","","1.23997e-06","NA","CRISPR-Based Genome Editing","Base editing","33606977"
"NM_004448.4(ERBB2):c.2738_2739delinsAA (p.Trp913Ter)","chr17","39725719","GG/AA","ERBB2","-0.995","dataset0527","Nonsense","Neutral to the ERBB2-mediated cellular proliferation in A375","ERBB2-mediated cellular proliferation","6","Functionally normal","","","NA","CRISPR-Based Genome Editing","Base editing","33606977"
"NM_004448.4(ERBB2):c.2760C>T (p.Ala920=)","chr17","39725741","C/T","ERBB2","0.424","dataset0527","Synonymous","Neutral to the ERBB2-mediated cellular proliferation in A375","ERBB2-mediated cellular proliferation","6","Functionally normal","","","NA","CRISPR-Based Genome Editing","Base editing","33606977"
"NM_004448.4(ERBB2):c.2769C>T (p.Tyr923=)","chr17","39725750","C/T","ERBB2","-0.659","dataset0527","Synonymous","Neutral to the ERBB2-mediated cellular proliferation in A375","ERBB2-mediated cellular proliferation","6","Functionally normal","Likely benign","8.79924e-05","NA","CRISPR-Based Genome Editing","Base editing","33606977"
"NM_004448.4(ERBB2):c.2774_2775delinsAA (p.Gly925Glu)","chr17","39725755","GG/AA","ERBB2","-0.025","dataset0527","Missense","Neutral to the ERBB2-mediated cellular proliferation in A375","ERBB2-mediated cellular proliferation","6","Functionally normal","","","NA","CRISPR-Based Genome Editing","Base editing","33606977"
"NM_004448.4(ERBB2):c.2793C>T (p.Ile931=)","chr17","39725774","C/T","ERBB2","0.216","dataset0527","Synonymous","Neutral to the ERBB2-mediated cellular proliferation in A375","ERBB2-mediated cellular proliferation","6","Functionally normal","","","NA","CRISPR-Based Genome Editing","Base editing","33606977"
"NM_004448.4(ERBB2):c.2794_2795delinsTT (p.Pro932Phe)","chr17","39725775","CC/TT","ERBB2","-0.405","dataset0527","Missense","Neutral to the ERBB2-mediated cellular proliferation in A375","ERBB2-mediated cellular proliferation","6","Functionally normal","","","NA","CRISPR-Based Genome Editing","Base editing","33606977"
"NM_004448.4(ERBB2):c.2795C>T (p.Pro932Leu)","chr17","39725776","C/T","ERBB2","0.62","dataset0527","Missense","Neutral to the ERBB2-mediated cellular proliferation in A375","ERBB2-mediated cellular proliferation","6","Functionally normal","","","NA","CRISPR-Based Genome Editing","Base editing","33606977"
"NM_004448.4(ERBB2):c.2797G>A (p.Asp933Asn)","chr17","39725778","G/A","ERBB2","0.57","dataset0527","Missense","Neutral to the ERBB2-mediated cellular proliferation in A375","ERBB2-mediated cellular proliferation","6","Functionally normal","","","NA","CRISPR-Based Genome Editing","Base editing","33606977"
"NM_004448.4(ERBB2):c.2799C>T (p.Asp933=)","chr17","39725780","C/T","ERBB2","0.485","dataset0527","Synonymous","Neutral to the ERBB2-mediated cellular proliferation in A375","ERBB2-mediated cellular proliferation","6","Functionally normal","","","NA","CRISPR-Based Genome Editing","Base editing","33606977"
"NM_004448.4(ERBB2):c.2800C>T (p.Leu934=)","chr17","39725781","C/T","ERBB2","0.485","dataset0527","Synonymous","Neutral to the ERBB2-mediated cellular proliferation in A375","ERBB2-mediated cellular proliferation","6","Functionally normal","","","NA","CRISPR-Based Genome Editing","Base editing","33606977"
"NM_004448.4(ERBB2):c.2848G>A (p.Asp950Asn)","chr17","39725829","G/A","ERBB2","-0.386","dataset0527","Missense","Neutral to the ERBB2-mediated cellular proliferation in A375","ERBB2-mediated cellular proliferation","6","Functionally normal","","","NA","CRISPR-Based Genome Editing","Base editing","33606977"
"NM_004448.4(ERBB2):c.2851G>A (p.Val951Ile)","chr17","39725832","G/A","ERBB2","-0.386","dataset0527","Missense","Neutral to the ERBB2-mediated cellular proliferation in A375","ERBB2-mediated cellular proliferation","6","Functionally normal","","2.47852e-06","NA","CRISPR-Based Genome Editing","Base editing","33606977"
"NM_004448.4(ERBB2):c.2859G>A (p.Met953Ile)","chr17","39725840","G/A","ERBB2","-1.864","dataset0527","Missense","Neutral to the ERBB2-mediated cellular proliferation in A375","ERBB2-mediated cellular proliferation","6","Functionally normal","","","NA","CRISPR-Based Genome Editing","Base editing","33606977"
"NM_004448.4(ERBB2):c.2884G>A (p.Asp962Asn)","chr17","39726573","G/A","ERBB2","-1.193","dataset0527","Missense","Neutral to the ERBB2-mediated cellular proliferation in A375","ERBB2-mediated cellular proliferation","6","Functionally normal","","","NA","CRISPR-Based Genome Editing","Base editing","33606977"
"NM_004448.4(ERBB2):c.2896C>T (p.Arg966Trp)","chr17","39726585","C/T","ERBB2","0.892","dataset0527","Missense","Neutral to the ERBB2-mediated cellular proliferation in A375","ERBB2-mediated cellular proliferation","6","Functionally normal","","6.1953e-07","NA","CRISPR-Based Genome Editing","Base editing","33606977"
"NM_004448.4(ERBB2):c.2900C>T (p.Pro967Leu)","chr17","39726589","C/T","ERBB2","0.746","dataset0527","Missense","Neutral to the ERBB2-mediated cellular proliferation in A375","ERBB2-mediated cellular proliferation","6","Functionally normal","","","NA","CRISPR-Based Genome Editing","Base editing","33606977"
"NM_004448.4(ERBB2):c.2916G>A (p.Leu972=)","chr17","39726605","G/A","ERBB2","-0.017","dataset0527","Synonymous","Neutral to the ERBB2-mediated cellular proliferation in A375","ERBB2-mediated cellular proliferation","6","Functionally normal","","","NA","CRISPR-Based Genome Editing","Base editing","33606977"
"NM_004448.4(ERBB2):c.2917G>A (p.Val973Met)","chr17","39726606","G/A","ERBB2","-0.017","dataset0527","Missense","Neutral to the ERBB2-mediated cellular proliferation in A375","ERBB2-mediated cellular proliferation","6","Functionally normal","","","NA","CRISPR-Based Genome Editing","Base editing","33606977"
"NM_004448.4(ERBB2):c.2921C>T (p.Ser974Phe)","chr17","39726610","C/T","ERBB2","-0.096","dataset0527","Missense","Neutral to the ERBB2-mediated cellular proliferation in A375","ERBB2-mediated cellular proliferation","6","Functionally normal","","6.19505e-07","cesc:0.3% (1/297):0.090;stad:0.2% (1/440):0.030","CRISPR-Based Genome Editing","Base editing","33606977"
"NM_004448.4(ERBB2):c.2923G>A (p.Glu975Lys)","chr17","39726612","G/A","ERBB2","-1.248","dataset0527","Missense","Neutral to the ERBB2-mediated cellular proliferation in A375","ERBB2-mediated cellular proliferation","6","Functionally normal","","","NA","CRISPR-Based Genome Editing","Base editing","33606977"
"NM_004448.4(ERBB2):c.2928C>T (p.Phe976=)","chr17","39726617","C/T","ERBB2","-1.192","dataset0527","Synonymous","Neutral to the ERBB2-mediated cellular proliferation in A375","ERBB2-mediated cellular proliferation","6","Functionally normal","","","NA","CRISPR-Based Genome Editing","Base editing","33606977"
"NM_004448.4(ERBB2):c.2946C>T (p.Asp982=)","chr17","39726635","C/T","ERBB2","0.439","dataset0527","Synonymous","Neutral to the ERBB2-mediated cellular proliferation in A375","ERBB2-mediated cellular proliferation","6","Functionally normal","","","NA","CRISPR-Based Genome Editing","Base editing","33606977"
"NM_004448.4(ERBB2):c.2947C>T (p.Pro983Ser)","chr17","39726636","C/T","ERBB2","0.439","dataset0527","Missense","Neutral to the ERBB2-mediated cellular proliferation in A375","ERBB2-mediated cellular proliferation","6","Functionally normal","","","NA","CRISPR-Based Genome Editing","Base editing","33606977"
"NM_004448.4(ERBB2):c.2961G>A (p.Val987=)","chr17","39726650","G/A","ERBB2","0.425","dataset0527","Synonymous","Neutral to the ERBB2-mediated cellular proliferation in A375","ERBB2-mediated cellular proliferation","6","Functionally normal","","","NA","CRISPR-Based Genome Editing","Base editing","33606977"
"NM_004448.4(ERBB2):c.2962G>A (p.Val988Ile)","chr17","39726651","G/A","ERBB2","-0.709","dataset0527","Missense","Neutral to the ERBB2-mediated cellular proliferation in A375","ERBB2-mediated cellular proliferation","6","Functionally normal","","6.19516e-07","hnsc:0.2% (1/523):0.110","CRISPR-Based Genome Editing","Base editing","33606977"
"NM_004448.4(ERBB2):c.2971-6C>T","chr17","39726809","C/T","ERBB2","0.713","dataset0527","Splice site","Neutral to the ERBB2-mediated cellular proliferation in A375","ERBB2-mediated cellular proliferation","6","Functionally normal","","","NA","CRISPR-Based Genome Editing","Base editing","33606977"
"NM_004448.4(ERBB2):c.2971-5C>T","chr17","39726810","C/T","ERBB2","0.713","dataset0527","Splice site","Neutral to the ERBB2-mediated cellular proliferation in A375","ERBB2-mediated cellular proliferation","6","Functionally normal","","","NA","CRISPR-Based Genome Editing","Base editing","33606977"
"NM_004448.4(ERBB2):c.2971-3C>T","chr17","39726812","C/T","ERBB2","0.713","dataset0527","Splice site","Neutral to the ERBB2-mediated cellular proliferation in A375","ERBB2-mediated cellular proliferation","6","Functionally normal","","","NA","CRISPR-Based Genome Editing","Base editing","33606977"
"NM_004448.4(ERBB2):c.2982G>A (p.Leu994=)","chr17","39726826","G/A","ERBB2","-0.072","dataset0527","Synonymous","Neutral to the ERBB2-mediated cellular proliferation in A375","ERBB2-mediated cellular proliferation","6","Functionally normal","","","NA","CRISPR-Based Genome Editing","Base editing","33606977"
"NM_004448.4(ERBB2):c.2983G>A (p.Gly995Ser)","chr17","39726827","G/A","ERBB2","-0.072","dataset0527","Missense","Neutral to the ERBB2-mediated cellular proliferation in A375","ERBB2-mediated cellular proliferation","6","Functionally normal","","","NA","CRISPR-Based Genome Editing","Base editing","33606977"
"NM_004448.4(ERBB2):c.2986C>T (p.Pro996Ser)","chr17","39726830","C/T","ERBB2","0.471","dataset0527","Missense","Neutral to the ERBB2-mediated cellular proliferation in A375","ERBB2-mediated cellular proliferation","6","Functionally normal","","","NA","CRISPR-Based Genome Editing","Base editing","33606977"
"NM_004448.4(ERBB2):c.3000G>A (p.Leu1000=)","chr17","39726844","G/A","ERBB2","-0.009","dataset0527","Synonymous","Neutral to the ERBB2-mediated cellular proliferation in A375","ERBB2-mediated cellular proliferation","6","Functionally normal","","","NA","CRISPR-Based Genome Editing","Base editing","33606977"
"NM_004448.4(ERBB2):c.3001G>A (p.Asp1001Asn)","chr17","39726845","G/A","ERBB2","-0.844","dataset0527","Missense","Neutral to the ERBB2-mediated cellular proliferation in A375","ERBB2-mediated cellular proliferation","6","Functionally normal","","","NA","CRISPR-Based Genome Editing","Base editing","33606977"
"NM_004448.4(ERBB2):c.3009C>T (p.Thr1003=)","chr17","39726853","C/T","ERBB2","-2.583","dataset0527","Synonymous","The reduced ERBB2-mediated cellular proliferation in A375","ERBB2-mediated cellular proliferation","6","Loss-of-function","","","NA","CRISPR-Based Genome Editing","Base editing","33606977"
"NM_004448.4(ERBB2):c.3012C>T (p.Phe1004=)","chr17","39726856","C/T","ERBB2","-2.583","dataset0527","Synonymous","The reduced ERBB2-mediated cellular proliferation in A375","ERBB2-mediated cellular proliferation","6","Loss-of-function","","","NA","CRISPR-Based Genome Editing","Base editing","33606977"
"NM_004448.4(ERBB2):c.3015C>T (p.Tyr1005=)","chr17","39726859","C/T","ERBB2","1.158","dataset0527","Synonymous","Neutral to the ERBB2-mediated cellular proliferation in A375","ERBB2-mediated cellular proliferation","6","Functionally normal","","","NA","CRISPR-Based Genome Editing","Base editing","33606977"
"NM_004448.4(ERBB2):c.3016C>T (p.Arg1006Cys)","chr17","39726860","C/T","ERBB2","1.158","dataset0527","Missense","Neutral to the ERBB2-mediated cellular proliferation in A375","ERBB2-mediated cellular proliferation","6","Functionally normal","Uncertain significance","1.42544e-05","hnsc:0.2% (1/523):0.190","CRISPR-Based Genome Editing","Base editing","33606977"
"NM_004448.4(ERBB2):c.3027G>A (p.Leu1009=)","chr17","39726871","G/A","ERBB2","0.195","dataset0527","Synonymous","Neutral to the ERBB2-mediated cellular proliferation in A375","ERBB2-mediated cellular proliferation","6","Functionally normal","","","NA","CRISPR-Based Genome Editing","Base editing","33606977"
"NM_004448.4(ERBB2):c.3030G>A (p.Glu1010=)","chr17","39726874","G/A","ERBB2","1.225","dataset0527","Synonymous","Neutral to the ERBB2-mediated cellular proliferation in A375","ERBB2-mediated cellular proliferation","6","Functionally normal","","","NA","CRISPR-Based Genome Editing","Base editing","33606977"
"NM_004448.4(ERBB2):c.3031G>A (p.Asp1011Asn)","chr17","39726875","G/A","ERBB2","1.225","dataset0527","Missense","Neutral to the ERBB2-mediated cellular proliferation in A375","ERBB2-mediated cellular proliferation","6","Functionally normal","Uncertain significance","6.19558e-07","NA","CRISPR-Based Genome Editing","Base editing","33606977"
"NM_004448.4(ERBB2):c.3033C>T (p.Asp1011=)","chr17","39726877","C/T","ERBB2","0.098","dataset0527","Synonymous","Neutral to the ERBB2-mediated cellular proliferation in A375","ERBB2-mediated cellular proliferation","6","Functionally normal","Likely benign","9.10878e-05","NA","CRISPR-Based Genome Editing","Base editing","33606977"
"NM_004448.4(ERBB2):c.3034G>A (p.Asp1012Asn)","chr17","39726878","G/A","ERBB2","1.225","dataset0527","Missense","Neutral to the ERBB2-mediated cellular proliferation in A375","ERBB2-mediated cellular proliferation","6","Functionally normal","Uncertain significance","1.67298e-05","NA","CRISPR-Based Genome Editing","Base editing","33606977"
"NM_004448.4(ERBB2):c.3039C>T (p.Asp1013=)","chr17","39726883","C/T","ERBB2","0.122","dataset0527","Synonymous","Neutral to the ERBB2-mediated cellular proliferation in A375","ERBB2-mediated cellular proliferation","6","Functionally normal","","1.85872e-06","NA","CRISPR-Based Genome Editing","Base editing","33606977"
"NM_004448.4(ERBB2):c.3048C>T (p.Asp1016=)","chr17","39726892","C/T","ERBB2","0.507","dataset0527","Synonymous","Neutral to the ERBB2-mediated cellular proliferation in A375","ERBB2-mediated cellular proliferation","6","Functionally normal","","","NA","CRISPR-Based Genome Editing","Base editing","33606977"
"NM_004448.4(ERBB2):c.3049C>T (p.Leu1017=)","chr17","39726893","C/T","ERBB2","0.507","dataset0527","Synonymous","Neutral to the ERBB2-mediated cellular proliferation in A375","ERBB2-mediated cellular proliferation","6","Functionally normal","","","NA","CRISPR-Based Genome Editing","Base editing","33606977"
"NM_004448.4(ERBB2):c.3063G>A (p.Glu1021=)","chr17","39726907","G/A","ERBB2","-2.034","dataset0527","Synonymous","The reduced ERBB2-mediated cellular proliferation in A375","ERBB2-mediated cellular proliferation","6","Loss-of-function","","","NA","CRISPR-Based Genome Editing","Base editing","33606977"
"NM_004448.4(ERBB2):c.3070C>T (p.Leu1024=)","chr17","39726914","C/T","ERBB2","-0.9","dataset0527","Synonymous","Neutral to the ERBB2-mediated cellular proliferation in A375","ERBB2-mediated cellular proliferation","6","Functionally normal","Benign","0.000240413","NA","CRISPR-Based Genome Editing","Base editing","33606977"
"NM_004448.4(ERBB2):c.3093C>T (p.Phe1031=)","chr17","39726937","C/T","ERBB2","-0.495","dataset0527","Synonymous","Neutral to the ERBB2-mediated cellular proliferation in A375","ERBB2-mediated cellular proliferation","6","Functionally normal","","","NA","CRISPR-Based Genome Editing","Base editing","33606977"
"NM_004448.4(ERBB2):c.3095G>A (p.Cys1032Tyr)","chr17","39726939","G/A","ERBB2","-0.218","dataset0527","Missense","Neutral to the ERBB2-mediated cellular proliferation in A375","ERBB2-mediated cellular proliferation","6","Functionally normal","","","NA","CRISPR-Based Genome Editing","Base editing","33606977"
"NM_004448.4(ERBB2):c.3097_3098delinsTT (p.Pro1033Leu)","chr17","39726941","CC/TT","ERBB2","0.329","dataset0527","Missense","Neutral to the ERBB2-mediated cellular proliferation in A375","ERBB2-mediated cellular proliferation","6","Functionally normal","","","NA","CRISPR-Based Genome Editing","Base editing","33606977"
"NM_004448.4(ERBB2):c.3097C>T (p.Pro1033Ser)","chr17","39726941","C/T","ERBB2","-0.495","dataset0527","Missense","Neutral to the ERBB2-mediated cellular proliferation in A375","ERBB2-mediated cellular proliferation","6","Functionally normal","","","NA","CRISPR-Based Genome Editing","Base editing","33606977"
"NM_004448.4(ERBB2):c.3102C>T (p.Asp1034=)","chr17","39726946","C/T","ERBB2","0.722","dataset0527","Synonymous","Neutral to the ERBB2-mediated cellular proliferation in A375","ERBB2-mediated cellular proliferation","6","Functionally normal","","1.23985e-06","NA","CRISPR-Based Genome Editing","Base editing","33606977"
"NM_004448.4(ERBB2):c.3103_3104delinsTT (p.Pro1035Phe)","chr17","39726947","CC/TT","ERBB2","0.626","dataset0527","Missense","Neutral to the ERBB2-mediated cellular proliferation in A375","ERBB2-mediated cellular proliferation","6","Functionally normal","","","NA","CRISPR-Based Genome Editing","Base editing","33606977"
"NM_004448.4(ERBB2):c.3112G>A (p.Gly1038Ser)","chr17","39726956","G/A","ERBB2","1.13","dataset0527","Missense","Neutral to the ERBB2-mediated cellular proliferation in A375","ERBB2-mediated cellular proliferation","6","Functionally normal","","","NA","CRISPR-Based Genome Editing","Base editing","33606977"
"NM_004448.4(ERBB2):c.3118_3120delinsAAA (p.Gly1040Lys)","chr17","39726962","GGG/AAA","ERBB2","0.318","dataset0527","Missense","Neutral to the ERBB2-mediated cellular proliferation in A375","ERBB2-mediated cellular proliferation","6","Functionally normal","","","NA","CRISPR-Based Genome Editing","Base editing","33606977"
"NM_004448.4(ERBB2):c.3121G>A (p.Gly1041Ser)","chr17","39726965","G/A","ERBB2","0.318","dataset0527","Missense","Neutral to the ERBB2-mediated cellular proliferation in A375","ERBB2-mediated cellular proliferation","6","Functionally normal","","1.24173e-06","NA","CRISPR-Based Genome Editing","Base editing","33606977"
"NM_004448.4(ERBB2):c.3126G>A (p.Met1042Ile)","chr17","39726970","G/A","ERBB2","-0.759","dataset0527","Missense","Neutral to the ERBB2-mediated cellular proliferation in A375","ERBB2-mediated cellular proliferation","6","Functionally normal","","","NA","CRISPR-Based Genome Editing","Base editing","33606977"
"NM_004448.4(ERBB2):c.3127G>A (p.Val1043Ile)","chr17","39726971","G/A","ERBB2","-0.759","dataset0527","Missense","Neutral to the ERBB2-mediated cellular proliferation in A375","ERBB2-mediated cellular proliferation","6","Functionally normal","","","NA","CRISPR-Based Genome Editing","Base editing","33606977"
"NM_004448.4(ERBB2):c.3141C>T (p.His1047=)","chr17","39726985","C/T","ERBB2","-1.709","dataset0527","Synonymous","Neutral to the ERBB2-mediated cellular proliferation in A375","ERBB2-mediated cellular proliferation","6","Functionally normal","","","NA","CRISPR-Based Genome Editing","Base editing","33606977"
"NM_004448.4(ERBB2):c.3142C>T (p.Arg1048Cys)","chr17","39726986","C/T","ERBB2","-1.709","dataset0527","Missense","Neutral to the ERBB2-mediated cellular proliferation in A375","ERBB2-mediated cellular proliferation","6","Functionally normal","Uncertain significance","3.49615e-05","NA","CRISPR-Based Genome Editing","Base editing","33606977"
"NM_004448.4(ERBB2):c.3158_3159delinsAA (p.Arg1053Lys)","chr17","39727002","GG/AA","ERBB2","0.512","dataset0527","Missense","Neutral to the ERBB2-mediated cellular proliferation in A375","ERBB2-mediated cellular proliferation","6","Functionally normal","","","NA","CRISPR-Based Genome Editing","Base editing","33606977"
"NM_004448.4(ERBB2):c.3159+1G>A","chr17","39727004","G/A","ERBB2","0.512","dataset0527","Splice site","Neutral to the ERBB2-mediated cellular proliferation in A375","ERBB2-mediated cellular proliferation","6","Functionally normal","","1.25689e-06","NA","CRISPR-Based Genome Editing","Base editing","33606977"
"NM_004448.4(ERBB2):c.3160-11C>T","chr17","39727284","C/T","ERBB2","0.875","dataset0527","Splice site","Neutral to the ERBB2-mediated cellular proliferation in A375","ERBB2-mediated cellular proliferation","6","Functionally normal","","","NA","CRISPR-Based Genome Editing","Base editing","33606977"
"NM_004448.4(ERBB2):c.3160-6C>T","chr17","39727289","C/T","ERBB2","0.605","dataset0527","Splice site","Neutral to the ERBB2-mediated cellular proliferation in A375","ERBB2-mediated cellular proliferation","6","Functionally normal","","","NA","CRISPR-Based Genome Editing","Base editing","33606977"
"NM_004448.4(ERBB2):c.3160-5C>T","chr17","39727290","C/T","ERBB2","0.605","dataset0527","Splice site","Neutral to the ERBB2-mediated cellular proliferation in A375","ERBB2-mediated cellular proliferation","6","Functionally normal","","","NA","CRISPR-Based Genome Editing","Base editing","33606977"
"NM_004448.4(ERBB2):c.3160-4C>T","chr17","39727291","C/T","ERBB2","0.737","dataset0527","Splice site","Neutral to the ERBB2-mediated cellular proliferation in A375","ERBB2-mediated cellular proliferation","6","Functionally normal","Likely benign","","NA","CRISPR-Based Genome Editing","Base editing","33606977"
"NM_004448.4(ERBB2):c.3160-3C>T","chr17","39727292","C/T","ERBB2","0.737","dataset0527","Splice site","Neutral to the ERBB2-mediated cellular proliferation in A375","ERBB2-mediated cellular proliferation","6","Functionally normal","","","NA","CRISPR-Based Genome Editing","Base editing","33606977"
"NM_004448.4(ERBB2):c.3169_3171delinsAAA (p.Gly1057Lys)","chr17","39727304","GGG/AAA","ERBB2","-0.109","dataset0527","Missense","Neutral to the ERBB2-mediated cellular proliferation in A375","ERBB2-mediated cellular proliferation","6","Functionally normal","","","NA","CRISPR-Based Genome Editing","Base editing","33606977"
"NM_004448.4(ERBB2):c.3170_3171delinsAA (p.Gly1057Glu)","chr17","39727305","GG/AA","ERBB2","0.73","dataset0527","Missense","Neutral to the ERBB2-mediated cellular proliferation in A375","ERBB2-mediated cellular proliferation","6","Functionally normal","","","NA","CRISPR-Based Genome Editing","Base editing","33606977"
"NM_004448.4(ERBB2):c.3171G>A (p.Gly1057=)","chr17","39727306","G/A","ERBB2","0.091","dataset0527","Synonymous","Neutral to the ERBB2-mediated cellular proliferation in A375","ERBB2-mediated cellular proliferation","6","Functionally normal","","","NA","CRISPR-Based Genome Editing","Base editing","33606977"
"NM_004448.4(ERBB2):c.3172G>A (p.Asp1058Asn)","chr17","39727307","G/A","ERBB2","-0.109","dataset0527","Missense","Neutral to the ERBB2-mediated cellular proliferation in A375","ERBB2-mediated cellular proliferation","6","Functionally normal","","6.20043e-07","NA","CRISPR-Based Genome Editing","Base editing","33606977"
"NM_004448.4(ERBB2):c.3174C>T (p.Asp1058=)","chr17","39727309","C/T","ERBB2","-0.248","dataset0527","Synonymous","Neutral to the ERBB2-mediated cellular proliferation in A375","ERBB2-mediated cellular proliferation","6","Functionally normal","Likely benign","","NA","CRISPR-Based Genome Editing","Base editing","33606977"
"NM_004448.4(ERBB2):c.3175C>T (p.Leu1059=)","chr17","39727310","C/T","ERBB2","-0.248","dataset0527","Synonymous","Neutral to the ERBB2-mediated cellular proliferation in A375","ERBB2-mediated cellular proliferation","6","Functionally normal","","","NA","CRISPR-Based Genome Editing","Base editing","33606977"
"NM_004448.4(ERBB2):c.3189G>A (p.Leu1063=)","chr17","39727324","G/A","ERBB2","1.21","dataset0527","Synonymous","Neutral to the ERBB2-mediated cellular proliferation in A375","ERBB2-mediated cellular proliferation","6","Functionally normal","","6.2006e-07","NA","CRISPR-Based Genome Editing","Base editing","33606977"
"NM_004448.4(ERBB2):c.3190G>A (p.Glu1064Lys)","chr17","39727325","G/A","ERBB2","1.21","dataset0527","Missense","Neutral to the ERBB2-mediated cellular proliferation in A375","ERBB2-mediated cellular proliferation","6","Functionally normal","Uncertain significance","6.20079e-06","NA","CRISPR-Based Genome Editing","Base editing","33606977"
"NM_004448.4(ERBB2):c.3197C>T (p.Ser1066Phe)","chr17","39727332","C/T","ERBB2","1.426","dataset0527","Missense","Neutral to the ERBB2-mediated cellular proliferation in A375","ERBB2-mediated cellular proliferation","6","Functionally normal","","","NA","CRISPR-Based Genome Editing","Base editing","33606977"
"NM_004448.4(ERBB2):c.3210C>T (p.Ala1070=)","chr17","39727345","C/T","ERBB2","1.039","dataset0527","Synonymous","Neutral to the ERBB2-mediated cellular proliferation in A375","ERBB2-mediated cellular proliferation","6","Functionally normal","","","NA","CRISPR-Based Genome Editing","Base editing","33606977"
"NM_004448.4(ERBB2):c.3211C>T (p.Pro1071Ser)","chr17","39727346","C/T","ERBB2","1.039","dataset0527","Missense","Neutral to the ERBB2-mediated cellular proliferation in A375","ERBB2-mediated cellular proliferation","6","Functionally normal","","","NA","CRISPR-Based Genome Editing","Base editing","33606977"
"NM_004448.4(ERBB2):c.3221C>T (p.Pro1074Leu)","chr17","39727356","C/T","ERBB2","-0.884","dataset0527","Missense","Neutral to the ERBB2-mediated cellular proliferation in A375","ERBB2-mediated cellular proliferation","6","Functionally normal","","6.20417e-07","NA","CRISPR-Based Genome Editing","Base editing","33606977"
"NM_004448.4(ERBB2):c.3223C>T (p.Leu1075=)","chr17","39727358","C/T","ERBB2","-0.884","dataset0527","Synonymous","Neutral to the ERBB2-mediated cellular proliferation in A375","ERBB2-mediated cellular proliferation","6","Functionally normal","","6.20388e-07","NA","CRISPR-Based Genome Editing","Base editing","33606977"
"NM_004448.4(ERBB2):c.3225G>A (p.Leu1075=)","chr17","39727360","G/A","ERBB2","0.353","dataset0527","Synonymous","Neutral to the ERBB2-mediated cellular proliferation in A375","ERBB2-mediated cellular proliferation","6","Functionally normal","","","NA","CRISPR-Based Genome Editing","Base editing","33606977"
"NM_004448.4(ERBB2):c.3229_3230delinsTT (p.Pro1077Phe)","chr17","39727364","CC/TT","ERBB2","-0.937","dataset0527","Missense","Neutral to the ERBB2-mediated cellular proliferation in A375","ERBB2-mediated cellular proliferation","6","Functionally normal","","","NA","CRISPR-Based Genome Editing","Base editing","33606977"
"NM_004448.4(ERBB2):c.3244G>A (p.Gly1082Ser)","chr17","39727379","G/A","ERBB2","0.263","dataset0527","Missense","Neutral to the ERBB2-mediated cellular proliferation in A375","ERBB2-mediated cellular proliferation","6","Functionally normal","","","NA","CRISPR-Based Genome Editing","Base editing","33606977"
"NM_004448.4(ERBB2):c.3248C>T (p.Ser1083Phe)","chr17","39727383","C/T","ERBB2","-0.078","dataset0527","Missense","Neutral to the ERBB2-mediated cellular proliferation in A375","ERBB2-mediated cellular proliferation","6","Functionally normal","","","NA","CRISPR-Based Genome Editing","Base editing","33606977"
"NM_004448.4(ERBB2):c.3250G>A (p.Asp1084Asn)","chr17","39727385","G/A","ERBB2","0.662","dataset0527","Missense","Neutral to the ERBB2-mediated cellular proliferation in A375","ERBB2-mediated cellular proliferation","6","Functionally normal","Uncertain significance","4.34702e-06","NA","CRISPR-Based Genome Editing","Base editing","33606977"
"NM_004448.4(ERBB2):c.3263G>A (p.Gly1088Asp)","chr17","39727398","G/A","ERBB2","-3.871","dataset0527","Missense","The reduced ERBB2-mediated cellular proliferation in A375","ERBB2-mediated cellular proliferation","6","Loss-of-function","","1.17968e-05","NA","CRISPR-Based Genome Editing","Base editing","33606977"
"NM_004448.4(ERBB2):c.3265G>A (p.Asp1089Asn)","chr17","39727400","G/A","ERBB2","-3.871","dataset0527","Missense","The reduced ERBB2-mediated cellular proliferation in A375","ERBB2-mediated cellular proliferation","6","Loss-of-function","","","NA","CRISPR-Based Genome Editing","Base editing","33606977"
"NM_004448.4(ERBB2):c.3315C>T (p.Asp1105=)","chr17","39727450","C/T","ERBB2","-0.401","dataset0527","Synonymous","Neutral to the ERBB2-mediated cellular proliferation in A375","ERBB2-mediated cellular proliferation","6","Functionally normal","","6.20732e-07","NA","CRISPR-Based Genome Editing","Base editing","33606977"
"NM_004448.4(ERBB2):c.3316_3318delinsTTT (p.Pro1106Phe)","chr17","39727451","CCC/TTT","ERBB2","-0.401","dataset0527","Missense","Neutral to the ERBB2-mediated cellular proliferation in A375","ERBB2-mediated cellular proliferation","6","Functionally normal","","","NA","CRISPR-Based Genome Editing","Base editing","33606977"
"NM_004448.4(ERBB2):c.3325C>T (p.Leu1109=)","chr17","39727460","C/T","ERBB2","0.457","dataset0527","Synonymous","Neutral to the ERBB2-mediated cellular proliferation in A375","ERBB2-mediated cellular proliferation","6","Functionally normal","","","NA","CRISPR-Based Genome Editing","Base editing","33606977"
"NM_004448.4(ERBB2):c.3328C>T (p.Gln1110Ter)","chr17","39727463","C/T","ERBB2","0.457","dataset0527","Nonsense","Neutral to the ERBB2-mediated cellular proliferation in A375","ERBB2-mediated cellular proliferation","6","Functionally normal","","","NA","CRISPR-Based Genome Editing","Base editing","33606977"
"NM_004448.4(ERBB2):c.3332_3333delinsAA (p.Arg1111Gln)","chr17","39727467","GG/AA","ERBB2","0.088","dataset0527","Missense","Neutral to the ERBB2-mediated cellular proliferation in A375","ERBB2-mediated cellular proliferation","6","Functionally normal","","","NA","CRISPR-Based Genome Editing","Base editing","33606977"
"NM_004448.4(ERBB2):c.3338G>A (p.Ser1113Asn)","chr17","39727473","G/A","ERBB2","-0.882","dataset0527","Missense","Neutral to the ERBB2-mediated cellular proliferation in A375","ERBB2-mediated cellular proliferation","6","Functionally normal","","","NA","CRISPR-Based Genome Editing","Base editing","33606977"
"NM_004448.4(ERBB2):c.3340G>A (p.Glu1114Lys)","chr17","39727475","G/A","ERBB2","-0.882","dataset0527","Missense","Neutral to the ERBB2-mediated cellular proliferation in A375","ERBB2-mediated cellular proliferation","6","Functionally normal","","","NA","CRISPR-Based Genome Editing","Base editing","33606977"
"NM_004448.4(ERBB2):c.3358C>T (p.Leu1120=)","chr17","39727493","C/T","ERBB2","0.855","dataset0527","Synonymous","Neutral to the ERBB2-mediated cellular proliferation in A375","ERBB2-mediated cellular proliferation","6","Functionally normal","","1.24451e-06","NA","CRISPR-Based Genome Editing","Base editing","33606977"
"NM_004448.4(ERBB2):c.3362C>T (p.Pro1121Leu)","chr17","39727497","C/T","ERBB2","0.855","dataset0527","Missense","Neutral to the ERBB2-mediated cellular proliferation in A375","ERBB2-mediated cellular proliferation","6","Functionally normal","","","NA","CRISPR-Based Genome Editing","Base editing","33606977"
"NM_004448.4(ERBB2):c.3373G>A (p.Asp1125Asn)","chr17","39727508","G/A","ERBB2","-0.449","dataset0527","Missense","Neutral to the ERBB2-mediated cellular proliferation in A375","ERBB2-mediated cellular proliferation","6","Functionally normal","","6.21918e-07","NA","CRISPR-Based Genome Editing","Base editing","33606977"
"NM_004448.4(ERBB2):c.3376G>A (p.Gly1126Ser)","chr17","39727511","G/A","ERBB2","-2.665","dataset0527","Missense","The reduced ERBB2-mediated cellular proliferation in A375","ERBB2-mediated cellular proliferation","6","Loss-of-function","","","NA","CRISPR-Based Genome Editing","Base editing","33606977"
"NM_004448.4(ERBB2):c.3395_3396delinsTT (p.Thr1132Ile)","chr17","39727530","CC/TT","ERBB2","-0.481","dataset0527","Missense","Neutral to the ERBB2-mediated cellular proliferation in A375","ERBB2-mediated cellular proliferation","6","Functionally normal","","","NA","CRISPR-Based Genome Editing","Base editing","33606977"
"NM_004448.4(ERBB2):c.3412+5G>A","chr17","39727552","G/A","ERBB2","0.214","dataset0527","Splice site","Neutral to the ERBB2-mediated cellular proliferation in A375","ERBB2-mediated cellular proliferation","6","Functionally normal","","","NA","CRISPR-Based Genome Editing","Base editing","33606977"
"NM_004448.4(ERBB2):c.3412+6G>A","chr17","39727553","G/A","ERBB2","0.214","dataset0527","Splice site","Neutral to the ERBB2-mediated cellular proliferation in A375","ERBB2-mediated cellular proliferation","6","Functionally normal","","1.25153e-06","NA","CRISPR-Based Genome Editing","Base editing","33606977"
"NM_004448.4(ERBB2):c.3412+8G>A","chr17","39727555","G/A","ERBB2","0.053","dataset0527","Splice site","Neutral to the ERBB2-mediated cellular proliferation in A375","ERBB2-mediated cellular proliferation","6","Functionally normal","","6.25946e-07","NA","CRISPR-Based Genome Editing","Base editing","33606977"
"NM_004448.4(ERBB2):c.3423C>T (p.Asn1141=)","chr17","39727699","C/T","ERBB2","0.66","dataset0527","Synonymous","Neutral to the ERBB2-mediated cellular proliferation in A375","ERBB2-mediated cellular proliferation","6","Functionally normal","Likely benign","","NA","CRISPR-Based Genome Editing","Base editing","33606977"
"NM_004448.4(ERBB2):c.3446_3447delinsTT (p.Pro1149Leu)","chr17","39727722","CC/TT","ERBB2","-0.335","dataset0527","Missense","Neutral to the ERBB2-mediated cellular proliferation in A375","ERBB2-mediated cellular proliferation","6","Functionally normal","","","NA","CRISPR-Based Genome Editing","Base editing","33606977"
"NM_004448.4(ERBB2):c.3448_3449delinsTT (p.Pro1150Phe)","chr17","39727724","CC/TT","ERBB2","-0.335","dataset0527","Missense","Neutral to the ERBB2-mediated cellular proliferation in A375","ERBB2-mediated cellular proliferation","6","Functionally normal","","","NA","CRISPR-Based Genome Editing","Base editing","33606977"
"NM_004448.4(ERBB2):c.3448C>T (p.Pro1150Ser)","chr17","39727724","C/T","ERBB2","0.428","dataset0527","Missense","Neutral to the ERBB2-mediated cellular proliferation in A375","ERBB2-mediated cellular proliferation","6","Functionally normal","","1.27081e-06","NA","CRISPR-Based Genome Editing","Base editing","33606977"
"NM_004448.4(ERBB2):c.3458G>A (p.Arg1153Gln)","chr17","39727734","G/A","ERBB2","0.898","dataset0527","Missense","Neutral to the ERBB2-mediated cellular proliferation in A375","ERBB2-mediated cellular proliferation","6","Functionally normal","Uncertain significance","2.46062e-05","NA","CRISPR-Based Genome Editing","Base editing","33606977"
"NM_004448.4(ERBB2):c.3462G>A (p.Glu1154=)","chr17","39727738","G/A","ERBB2","0.941","dataset0527","Synonymous","Neutral to the ERBB2-mediated cellular proliferation in A375","ERBB2-mediated cellular proliferation","6","Functionally normal","","","NA","CRISPR-Based Genome Editing","Base editing","33606977"
"NM_004448.4(ERBB2):c.3463G>A (p.Gly1155Ser)","chr17","39727739","G/A","ERBB2","0.795","dataset0527","Missense","Neutral to the ERBB2-mediated cellular proliferation in A375","ERBB2-mediated cellular proliferation","6","Functionally normal","","","NA","CRISPR-Based Genome Editing","Base editing","33606977"
"NM_004448.4(ERBB2):c.3473C>T (p.Pro1158Leu)","chr17","39727749","C/T","ERBB2","-0.411","dataset0527","Missense","Neutral to the ERBB2-mediated cellular proliferation in A375","ERBB2-mediated cellular proliferation","6","Functionally normal","","1.25182e-06","NA","CRISPR-Based Genome Editing","Base editing","33606977"
"NM_004448.4(ERBB2):c.3482G>A (p.Arg1161Gln)","chr17","39727758","G/A","ERBB2","0.841","dataset0527","Missense","Neutral to the ERBB2-mediated cellular proliferation in A375","ERBB2-mediated cellular proliferation","6","Functionally normal","Benign","0.000446667","NA","CRISPR-Based Genome Editing","Base editing","33606977"
"NM_004448.4(ERBB2):c.3484_3485delinsTT (p.Pro1162Phe)","chr17","39727760","CC/TT","ERBB2","1.307","dataset0527","Missense","Neutral to the ERBB2-mediated cellular proliferation in A375","ERBB2-mediated cellular proliferation","6","Functionally normal","","","NA","CRISPR-Based Genome Editing","Base editing","33606977"
"NM_004448.4(ERBB2):c.3490_3491delinsAA (p.Gly1164Asn)","chr17","39727766","GG/AA","ERBB2","0.046","dataset0527","Missense","Neutral to the ERBB2-mediated cellular proliferation in A375","ERBB2-mediated cellular proliferation","6","Functionally normal","","","NA","CRISPR-Based Genome Editing","Base editing","33606977"
"NM_004448.4(ERBB2):c.3501G>A (p.Leu1167=)","chr17","39727777","G/A","ERBB2","-0.889","dataset0527","Synonymous","Neutral to the ERBB2-mediated cellular proliferation in A375","ERBB2-mediated cellular proliferation","6","Functionally normal","Likely benign","1.24217e-06","NA","CRISPR-Based Genome Editing","Base editing","33606977"
"NM_004448.4(ERBB2):c.3502G>A (p.Glu1168Lys)","chr17","39727778","G/A","ERBB2","-0.889","dataset0527","Missense","Neutral to the ERBB2-mediated cellular proliferation in A375","ERBB2-mediated cellular proliferation","6","Functionally normal","Uncertain significance","8.69431e-06","NA","CRISPR-Based Genome Editing","Base editing","33606977"
"NM_004448.4(ERBB2):c.3509_3510delinsTT (p.Pro1170Leu)","chr17","39727785","CC/TT","ERBB2","-1.286","dataset0527","Missense","Neutral to the ERBB2-mediated cellular proliferation in A375","ERBB2-mediated cellular proliferation","6","Functionally normal","","","NA","CRISPR-Based Genome Editing","Base editing","33606977"
"NM_004448.4(ERBB2):c.3513G>A (p.Lys1171=)","chr17","39727789","G/A","ERBB2","0.162","dataset0527","Synonymous","Neutral to the ERBB2-mediated cellular proliferation in A375","ERBB2-mediated cellular proliferation","6","Functionally normal","","","NA","CRISPR-Based Genome Editing","Base editing","33606977"
"NM_004448.4(ERBB2):c.3519C>T (p.Leu1173=)","chr17","39727795","C/T","ERBB2","-2.389","dataset0527","Synonymous","The reduced ERBB2-mediated cellular proliferation in A375","ERBB2-mediated cellular proliferation","6","Loss-of-function","","","NA","CRISPR-Based Genome Editing","Base editing","33606977"
"NM_004448.4(ERBB2):c.3521_3522delinsTT (p.Ser1174Phe)","chr17","39727797","CC/TT","ERBB2","-2.389","dataset0527","Missense","The reduced ERBB2-mediated cellular proliferation in A375","ERBB2-mediated cellular proliferation","6","Loss-of-function","","","NA","CRISPR-Based Genome Editing","Base editing","33606977"
"NM_004448.4(ERBB2):c.3521C>T (p.Ser1174Phe)","chr17","39727797","C/T","ERBB2","0.078","dataset0527","Missense","Neutral to the ERBB2-mediated cellular proliferation in A375","ERBB2-mediated cellular proliferation","6","Functionally normal","","2.54168e-05","NA","CRISPR-Based Genome Editing","Base editing","33606977"
"NM_004448.4(ERBB2):c.3526_3528delinsAAA (p.Gly1176Lys)","chr17","39727802","GGG/AAA","ERBB2","-1.008","dataset0527","Missense","Neutral to the ERBB2-mediated cellular proliferation in A375","ERBB2-mediated cellular proliferation","6","Functionally normal","","","NA","CRISPR-Based Genome Editing","Base editing","33606977"
"NM_004448.4(ERBB2):c.3526_3527delinsAA (p.Gly1176Lys)","chr17","39727802","GG/AA","ERBB2","0.339","dataset0527","Missense","Neutral to the ERBB2-mediated cellular proliferation in A375","ERBB2-mediated cellular proliferation","6","Functionally normal","","","NA","CRISPR-Based Genome Editing","Base editing","33606977"
"NM_004448.4(ERBB2):c.3536_3537delinsAA (p.Gly1179Glu)","chr17","39727812","GG/AA","ERBB2","-0.334","dataset0527","Missense","Neutral to the ERBB2-mediated cellular proliferation in A375","ERBB2-mediated cellular proliferation","6","Functionally normal","","","NA","CRISPR-Based Genome Editing","Base editing","33606977"
"NM_004448.4(ERBB2):c.3537G>A (p.Gly1179=)","chr17","39727813","G/A","ERBB2","-0.19","dataset0527","Synonymous","Neutral to the ERBB2-mediated cellular proliferation in A375","ERBB2-mediated cellular proliferation","6","Functionally normal","","","NA","CRISPR-Based Genome Editing","Base editing","33606977"
"NM_004448.4(ERBB2):c.3538G>A (p.Val1180Ile)","chr17","39727814","G/A","ERBB2","-1.097","dataset0527","Missense","Neutral to the ERBB2-mediated cellular proliferation in A375","ERBB2-mediated cellular proliferation","6","Functionally normal","","","NA","CRISPR-Based Genome Editing","Base editing","33606977"
"NM_004448.4(ERBB2):c.3541G>A (p.Val1181Ile)","chr17","39727817","G/A","ERBB2","-1.097","dataset0527","Missense","Neutral to the ERBB2-mediated cellular proliferation in A375","ERBB2-mediated cellular proliferation","6","Functionally normal","Uncertain significance","1.30152e-05","NA","CRISPR-Based Genome Editing","Base editing","33606977"
"NM_004448.4(ERBB2):c.3573G>A (p.Val1191=)","chr17","39727849","G/A","ERBB2","-0.33","dataset0527","Synonymous","Neutral to the ERBB2-mediated cellular proliferation in A375","ERBB2-mediated cellular proliferation","6","Functionally normal","Conflicting classifications of pathogenicity","1.05334e-05","NA","CRISPR-Based Genome Editing","Base editing","33606977"
"NM_004448.4(ERBB2):c.3582C>T (p.Pro1194=)","chr17","39727858","C/T","ERBB2","0.258","dataset0527","Synonymous","Neutral to the ERBB2-mediated cellular proliferation in A375","ERBB2-mediated cellular proliferation","6","Functionally normal","Likely benign","2.16855e-05","NA","CRISPR-Based Genome Editing","Base editing","33606977"
"NM_004448.4(ERBB2):c.3585G>A (p.Glu1195=)","chr17","39727861","G/A","ERBB2","-1.128","dataset0527","Synonymous","Neutral to the ERBB2-mediated cellular proliferation in A375","ERBB2-mediated cellular proliferation","6","Functionally normal","","6.19536e-07","NA","CRISPR-Based Genome Editing","Base editing","33606977"
"NM_004448.4(ERBB2):c.3588C>T (p.Tyr1196=)","chr17","39727864","C/T","ERBB2","0.208","dataset0527","Synonymous","Neutral to the ERBB2-mediated cellular proliferation in A375","ERBB2-mediated cellular proliferation","6","Functionally normal","","","NA","CRISPR-Based Genome Editing","Base editing","33606977"
"NM_004448.4(ERBB2):c.3600G>A (p.Gln1200=)","chr17","39727876","G/A","ERBB2","1.253","dataset0527","Synonymous","Neutral to the ERBB2-mediated cellular proliferation in A375","ERBB2-mediated cellular proliferation","6","Functionally normal","","6.19536e-07","NA","CRISPR-Based Genome Editing","Base editing","33606977"
"NM_004448.4(ERBB2):c.3651C>T (p.Phe1217=)","chr17","39727927","C/T","ERBB2","-2.867","dataset0527","Synonymous","The reduced ERBB2-mediated cellular proliferation in A375","ERBB2-mediated cellular proliferation","6","Loss-of-function","Likely benign","3.84104e-05","NA","CRISPR-Based Genome Editing","Base editing","33606977"
"NM_004448.4(ERBB2):c.3652G>A (p.Asp1218Asn)","chr17","39727928","G/A","ERBB2","0.104","dataset0527","Missense","Neutral to the ERBB2-mediated cellular proliferation in A375","ERBB2-mediated cellular proliferation","6","Functionally normal","","3.71728e-06","NA","CRISPR-Based Genome Editing","Base editing","33606977"
"NM_004448.4(ERBB2):c.3654C>T (p.Asp1218=)","chr17","39727930","C/T","ERBB2","-2.867","dataset0527","Synonymous","The reduced ERBB2-mediated cellular proliferation in A375","ERBB2-mediated cellular proliferation","6","Loss-of-function","","6.19508e-07","NA","CRISPR-Based Genome Editing","Base editing","33606977"
"NM_004448.4(ERBB2):c.3657C>T (p.Asn1219=)","chr17","39727933","C/T","ERBB2","-0.573","dataset0527","Synonymous","Neutral to the ERBB2-mediated cellular proliferation in A375","ERBB2-mediated cellular proliferation","6","Functionally normal","","","NA","CRISPR-Based Genome Editing","Base editing","33606977"
"NM_004448.4(ERBB2):c.3672C>T (p.Asp1224=)","chr17","39727948","C/T","ERBB2","-1.322","dataset0527","Synonymous","Neutral to the ERBB2-mediated cellular proliferation in A375","ERBB2-mediated cellular proliferation","6","Functionally normal","","","NA","CRISPR-Based Genome Editing","Base editing","33606977"
"NM_004448.4(ERBB2):c.3673C>T (p.Gln1225Ter)","chr17","39727949","C/T","ERBB2","-1.322","dataset0527","Nonsense","Neutral to the ERBB2-mediated cellular proliferation in A375","ERBB2-mediated cellular proliferation","6","Functionally normal","Uncertain significance","","NA","CRISPR-Based Genome Editing","Base editing","33606977"
"NM_004448.4(ERBB2):c.3675G>A (p.Gln1225=)","chr17","39727951","G/A","ERBB2","0.908","dataset0527","Synonymous","Neutral to the ERBB2-mediated cellular proliferation in A375","ERBB2-mediated cellular proliferation","6","Functionally normal","","","NA","CRISPR-Based Genome Editing","Base editing","33606977"
"NM_004448.4(ERBB2):c.3676G>A (p.Asp1226Asn)","chr17","39727952","G/A","ERBB2","0.908","dataset0527","Missense","Neutral to the ERBB2-mediated cellular proliferation in A375","ERBB2-mediated cellular proliferation","6","Functionally normal","","3.0978e-06","NA","CRISPR-Based Genome Editing","Base editing","33606977"
"NM_004448.4(ERBB2):c.3678C>T (p.Asp1226=)","chr17","39727954","C/T","ERBB2","0.425","dataset0527","Synonymous","Neutral to the ERBB2-mediated cellular proliferation in A375","ERBB2-mediated cellular proliferation","6","Functionally normal","","2.47825e-06","NA","CRISPR-Based Genome Editing","Base editing","33606977"
"NM_004448.4(ERBB2):c.3679C>T (p.Pro1227Ser)","chr17","39727955","C/T","ERBB2","0.425","dataset0527","Missense","Neutral to the ERBB2-mediated cellular proliferation in A375","ERBB2-mediated cellular proliferation","6","Functionally normal","","","coad:0.2% (1/439):0.280","CRISPR-Based Genome Editing","Base editing","33606977"
"NM_004448.4(ERBB2):c.3689_3690delinsAA (p.Arg1230Gln)","chr17","39727965","GG/AA","ERBB2","0.655","dataset0527","Missense","Neutral to the ERBB2-mediated cellular proliferation in A375","ERBB2-mediated cellular proliferation","6","Functionally normal","","","NA","CRISPR-Based Genome Editing","Base editing","33606977"
"NM_004448.4(ERBB2):c.3691G>A (p.Gly1231Arg)","chr17","39727967","G/A","ERBB2","0.655","dataset0527","Missense","Neutral to the ERBB2-mediated cellular proliferation in A375","ERBB2-mediated cellular proliferation","6","Functionally normal","","","NA","CRISPR-Based Genome Editing","Base editing","33606977"
"NM_004448.4(ERBB2):c.3693G>A (p.Gly1231=)","chr17","39727969","G/A","ERBB2","0.734","dataset0527","Synonymous","Neutral to the ERBB2-mediated cellular proliferation in A375","ERBB2-mediated cellular proliferation","6","Functionally normal","","6.19685e-07","NA","CRISPR-Based Genome Editing","Base editing","33606977"
"NM_004448.4(ERBB2):c.3697_3698delinsTT (p.Pro1233Leu)","chr17","39727973","CC/TT","ERBB2","-1.88","dataset0527","Missense","Neutral to the ERBB2-mediated cellular proliferation in A375","ERBB2-mediated cellular proliferation","6","Functionally normal","","","NA","CRISPR-Based Genome Editing","Base editing","33606977"
"NM_004448.4(ERBB2):c.3698C>T (p.Pro1233Leu)","chr17","39727974","C/T","ERBB2","-2.931","dataset0527","Missense","The reduced ERBB2-mediated cellular proliferation in A375","ERBB2-mediated cellular proliferation","6","Loss-of-function","","1.23953e-06","NA","CRISPR-Based Genome Editing","Base editing","33606977"
"NM_004448.4(ERBB2):c.3700_3702delinsTTT (p.Pro1234Phe)","chr17","39727976","CCC/TTT","ERBB2","-2.931","dataset0527","Missense","The reduced ERBB2-mediated cellular proliferation in A375","ERBB2-mediated cellular proliferation","6","Loss-of-function","","","NA","CRISPR-Based Genome Editing","Base editing","33606977"
"NM_004448.4(ERBB2):c.3700_3701delinsTT (p.Pro1234Phe)","chr17","39727976","CC/TT","ERBB2","-1.88","dataset0527","Missense","Neutral to the ERBB2-mediated cellular proliferation in A375","ERBB2-mediated cellular proliferation","6","Functionally normal","","","NA","CRISPR-Based Genome Editing","Base editing","33606977"
"NM_004448.4(ERBB2):c.3708C>T (p.Thr1236=)","chr17","39727984","C/T","ERBB2","-0.449","dataset0527","Synonymous","Neutral to the ERBB2-mediated cellular proliferation in A375","ERBB2-mediated cellular proliferation","6","Functionally normal","","","NA","CRISPR-Based Genome Editing","Base editing","33606977"
"NM_004448.4(ERBB2):c.3711C>T (p.Phe1237=)","chr17","39727987","C/T","ERBB2","-0.449","dataset0527","Synonymous","Neutral to the ERBB2-mediated cellular proliferation in A375","ERBB2-mediated cellular proliferation","6","Functionally normal","","","NA","CRISPR-Based Genome Editing","Base editing","33606977"
"NM_004448.4(ERBB2):c.3715_3717delinsAAA (p.Gly1239Lys)","chr17","39727991","GGG/AAA","ERBB2","0.378","dataset0527","Missense","Neutral to the ERBB2-mediated cellular proliferation in A375","ERBB2-mediated cellular proliferation","6","Functionally normal","","","NA","CRISPR-Based Genome Editing","Base editing","33606977"
"NM_004448.4(ERBB2):c.3715_3716delinsAA (p.Gly1239Lys)","chr17","39727991","GG/AA","ERBB2","0.004","dataset0527","Missense","Neutral to the ERBB2-mediated cellular proliferation in A375","ERBB2-mediated cellular proliferation","6","Functionally normal","","","NA","CRISPR-Based Genome Editing","Base editing","33606977"
"NM_004448.4(ERBB2):c.3716_3717delinsAA (p.Gly1239Glu)","chr17","39727992","GG/AA","ERBB2","-0.061","dataset0527","Missense","Neutral to the ERBB2-mediated cellular proliferation in A375","ERBB2-mediated cellular proliferation","6","Functionally normal","","","NA","CRISPR-Based Genome Editing","Base editing","33606977"
"NM_004448.4(ERBB2):c.3726G>A (p.Thr1242=)","chr17","39728002","G/A","ERBB2","1.149","dataset0527","Synonymous","Neutral to the ERBB2-mediated cellular proliferation in A375","ERBB2-mediated cellular proliferation","6","Functionally normal","Likely benign","5.46494e-05","NA","CRISPR-Based Genome Editing","Base editing","33606977"
"NM_004448.4(ERBB2):c.3735C>T (p.Asn1245=)","chr17","39728011","C/T","ERBB2","1.278","dataset0527","Synonymous","Neutral to the ERBB2-mediated cellular proliferation in A375","ERBB2-mediated cellular proliferation","6","Functionally normal","","","NA","CRISPR-Based Genome Editing","Base editing","33606977"
"NM_004448.4(ERBB2):c.3736_3737delinsTT (p.Pro1246Leu)","chr17","39728012","CC/TT","ERBB2","1.278","dataset0527","Missense","Neutral to the ERBB2-mediated cellular proliferation in A375","ERBB2-mediated cellular proliferation","6","Functionally normal","","","NA","CRISPR-Based Genome Editing","Base editing","33606977"
"NM_004448.4(ERBB2):c.3739G>A (p.Glu1247Lys)","chr17","39728015","G/A","ERBB2","0.145","dataset0527","Missense","Neutral to the ERBB2-mediated cellular proliferation in A375","ERBB2-mediated cellular proliferation","6","Functionally normal","","","NA","CRISPR-Based Genome Editing","Base editing","33606977"
"NM_004448.4(ERBB2):c.3753G>A (p.Leu1251=)","chr17","39728029","G/A","ERBB2","-0.209","dataset0527","Synonymous","Neutral to the ERBB2-mediated cellular proliferation in A375","ERBB2-mediated cellular proliferation","6","Functionally normal","","","NA","CRISPR-Based Genome Editing","Base editing","33606977"
"NM_004448.4(ERBB2):c.3754G>A (p.Asp1252Asn)","chr17","39728030","G/A","ERBB2","-0.209","dataset0527","Missense","Neutral to the ERBB2-mediated cellular proliferation in A375","ERBB2-mediated cellular proliferation","6","Functionally normal","Uncertain significance","3.13764e-05","NA","CRISPR-Based Genome Editing","Base editing","33606977"
"NM_004448.4(ERBB2):c.3763G>A (p.Val1255Met)","chr17","39728039","G/A","ERBB2","0.473","dataset0527","Missense","Neutral to the ERBB2-mediated cellular proliferation in A375","ERBB2-mediated cellular proliferation","6","Functionally normal","","","NA","CRISPR-Based Genome Editing","Base editing","33606977"
"NM_004448.4(ERBB2):c.*8G>A","chr17","39728052","G/A","ERBB2","-1.661","dataset0527","UTR","Neutral to the ERBB2-mediated cellular proliferation in A375","ERBB2-mediated cellular proliferation","6","Functionally normal","","0","NA","CRISPR-Based Genome Editing","Base editing","33606977"
"NM_004448.4(ERBB2):c.15C>T (p.Ala5=)","chr17","39700253","C/T","ERBB2","-0.427","dataset0528","Synonymous","Neutral to the sensitivity to drug Vemurafenib in A375","sensitivity to drug Vemurafenib","6","Functionally normal","","0","NA","CRISPR-Based Genome Editing","Base editing","33606977"
"NM_004448.4(ERBB2):c.18G>A (p.Leu6=)","chr17","39700256","G/A","ERBB2","-0.121","dataset0528","Synonymous","Neutral to the sensitivity to drug Vemurafenib in A375","sensitivity to drug Vemurafenib","6","Functionally normal","","0","NA","CRISPR-Based Genome Editing","Base editing","33606977"
"NM_004448.4(ERBB2):c.29G>A (p.Gly10Glu)","chr17","39700267","G/A","ERBB2","0.095","dataset0528","Missense","Neutral to the sensitivity to drug Vemurafenib in A375","sensitivity to drug Vemurafenib","6","Functionally normal","","0","NA","CRISPR-Based Genome Editing","Base editing","33606977"
"NM_004448.4(ERBB2):c.55G>A (p.Gly19Arg)","chr17","39700293","G/A","ERBB2","0.552","dataset0528","Missense","Neutral to the sensitivity to drug Vemurafenib in A375","sensitivity to drug Vemurafenib","6","Functionally normal","","2.10183e-06","NA","CRISPR-Based Genome Editing","Base editing","33606977"
"NM_004448.4(ERBB2):c.56G>A (p.Gly19Glu)","chr17","39700294","G/A","ERBB2","0.784","dataset0528","Missense","Neutral to the sensitivity to drug Vemurafenib in A375","sensitivity to drug Vemurafenib","6","Functionally normal","","","NA","CRISPR-Based Genome Editing","Base editing","33606977"
"NM_004448.4(ERBB2):c.60C>T (p.Ala20=)","chr17","39700298","C/T","ERBB2","0.545","dataset0528","Synonymous","Neutral to the sensitivity to drug Vemurafenib in A375","sensitivity to drug Vemurafenib","6","Functionally normal","","9.11471e-06","NA","CRISPR-Based Genome Editing","Base editing","33606977"
"NM_004448.4(ERBB2):c.73+1G>A","chr17","39700312","G/A","ERBB2","0.538","dataset0528","Splice site","Neutral to the sensitivity to drug Vemurafenib in A375","sensitivity to drug Vemurafenib","6","Functionally normal","","0","NA","CRISPR-Based Genome Editing","Base editing","33606977"
"NM_004448.4(ERBB2):c.73+3G>A","chr17","39700314","G/A","ERBB2","0.538","dataset0528","Splice site","Neutral to the sensitivity to drug Vemurafenib in A375","sensitivity to drug Vemurafenib","6","Functionally normal","Uncertain significance","1.84512e-05","NA","CRISPR-Based Genome Editing","Base editing","33606977"
"NM_004448.4(ERBB2):c.73+4G>A","chr17","39700315","G/A","ERBB2","0.538","dataset0528","Splice site","Neutral to the sensitivity to drug Vemurafenib in A375","sensitivity to drug Vemurafenib","6","Functionally normal","","1.42278e-06","NA","CRISPR-Based Genome Editing","Base editing","33606977"
"NM_004448.4(ERBB2):c.73+5G>A","chr17","39700316","G/A","ERBB2","0.538","dataset0528","Splice site","Neutral to the sensitivity to drug Vemurafenib in A375","sensitivity to drug Vemurafenib","6","Functionally normal","","3.55528e-06","NA","CRISPR-Based Genome Editing","Base editing","33606977"
"NM_004448.4(ERBB2):c.86C>T (p.Thr29Ile)","chr17","39707002","C/T","ERBB2","-0.358","dataset0528","Missense","Neutral to the sensitivity to drug Vemurafenib in A375","sensitivity to drug Vemurafenib","6","Functionally normal","","","NA","CRISPR-Based Genome Editing","Base editing","33606977"
"NM_004448.4(ERBB2):c.88G>A (p.Asp30Asn)","chr17","39707004","G/A","ERBB2","1.362","dataset0528","Missense","Neutral to the sensitivity to drug Vemurafenib in A375","sensitivity to drug Vemurafenib","6","Functionally normal","","","NA","CRISPR-Based Genome Editing","Base editing","33606977"
"NM_004448.4(ERBB2):c.111C>T (p.Ala37=)","chr17","39707027","C/T","ERBB2","-1.099","dataset0528","Synonymous","Neutral to the sensitivity to drug Vemurafenib in A375","sensitivity to drug Vemurafenib","6","Functionally normal","","","NA","CRISPR-Based Genome Editing","Base editing","33606977"
"NM_004448.4(ERBB2):c.115C>T (p.Pro39Ser)","chr17","39707031","C/T","ERBB2","-1.099","dataset0528","Missense","Neutral to the sensitivity to drug Vemurafenib in A375","sensitivity to drug Vemurafenib","6","Functionally normal","","","NA","CRISPR-Based Genome Editing","Base editing","33606977"
"NM_004448.4(ERBB2):c.120G>A (p.Glu40=)","chr17","39707036","G/A","ERBB2","0.734","dataset0528","Synonymous","Neutral to the sensitivity to drug Vemurafenib in A375","sensitivity to drug Vemurafenib","6","Functionally normal","","","NA","CRISPR-Based Genome Editing","Base editing","33606977"
"NM_004448.4(ERBB2):c.129G>A (p.Leu43=)","chr17","39707045","G/A","ERBB2","-0.419","dataset0528","Synonymous","Neutral to the sensitivity to drug Vemurafenib in A375","sensitivity to drug Vemurafenib","6","Functionally normal","","","NA","CRISPR-Based Genome Editing","Base editing","33606977"
"NM_004448.4(ERBB2):c.130G>A (p.Asp44Asn)","chr17","39707046","G/A","ERBB2","0.322","dataset0528","Missense","Neutral to the sensitivity to drug Vemurafenib in A375","sensitivity to drug Vemurafenib","6","Functionally normal","","1.24417e-06","NA","CRISPR-Based Genome Editing","Base editing","33606977"
"NM_004448.4(ERBB2):c.138C>T (p.Leu46=)","chr17","39707054","C/T","ERBB2","-0.6105","dataset0528","Synonymous","Neutral to the sensitivity to drug Vemurafenib in A375","sensitivity to drug Vemurafenib","6","Functionally normal","","1.24361e-06","NA","CRISPR-Based Genome Editing","Base editing","33606977"
"NM_004448.4(ERBB2):c.139C>T (p.Arg47Cys)","chr17","39707055","C/T","ERBB2","-0.6105","dataset0528","Missense","Neutral to the sensitivity to drug Vemurafenib in A375","sensitivity to drug Vemurafenib","6","Functionally normal","","8.08103e-06","NA","CRISPR-Based Genome Editing","Base editing","33606977"
"NM_004448.4(ERBB2):c.144C>T (p.His48=)","chr17","39707060","C/T","ERBB2","0.302","dataset0528","Synonymous","Neutral to the sensitivity to drug Vemurafenib in A375","sensitivity to drug Vemurafenib","6","Functionally normal","","1.86488e-06","NA","CRISPR-Based Genome Editing","Base editing","33606977"
"NM_004448.4(ERBB2):c.147C>T (p.Leu49=)","chr17","39707063","C/T","ERBB2","-0.872","dataset0528","Synonymous","Neutral to the sensitivity to drug Vemurafenib in A375","sensitivity to drug Vemurafenib","6","Functionally normal","","","NA","CRISPR-Based Genome Editing","Base editing","33606977"
"NM_004448.4(ERBB2):c.150C>T (p.Tyr50=)","chr17","39707066","C/T","ERBB2","-0.872","dataset0528","Synonymous","Neutral to the sensitivity to drug Vemurafenib in A375","sensitivity to drug Vemurafenib","6","Functionally normal","","1.86561e-06","NA","CRISPR-Based Genome Editing","Base editing","33606977"
"NM_004448.4(ERBB2):c.151C>T (p.Gln51Ter)","chr17","39707067","C/T","ERBB2","-0.872","dataset0528","Nonsense","Neutral to the sensitivity to drug Vemurafenib in A375","sensitivity to drug Vemurafenib","6","Functionally normal","","","NA","CRISPR-Based Genome Editing","Base editing","33606977"
"NM_004448.4(ERBB2):c.153G>A (p.Gln51=)","chr17","39707069","G/A","ERBB2","0.322","dataset0528","Synonymous","Neutral to the sensitivity to drug Vemurafenib in A375","sensitivity to drug Vemurafenib","6","Functionally normal","","","NA","CRISPR-Based Genome Editing","Base editing","33606977"
"NM_004448.4(ERBB2):c.154G>A (p.Gly52Ser)","chr17","39707070","G/A","ERBB2","0.322","dataset0528","Missense","Neutral to the sensitivity to drug Vemurafenib in A375","sensitivity to drug Vemurafenib","6","Functionally normal","","6.22355e-07","NA","CRISPR-Based Genome Editing","Base editing","33606977"
"NM_004448.4(ERBB2):c.162G>A (p.Gln54=)","chr17","39707078","G/A","ERBB2","-1.303","dataset0528","Synonymous","Neutral to the sensitivity to drug Vemurafenib in A375","sensitivity to drug Vemurafenib","6","Functionally normal","","","NA","CRISPR-Based Genome Editing","Base editing","33606977"
"NM_004448.4(ERBB2):c.163G>A (p.Val55Met)","chr17","39707079","G/A","ERBB2","-1.303","dataset0528","Missense","Neutral to the sensitivity to drug Vemurafenib in A375","sensitivity to drug Vemurafenib","6","Functionally normal","","","NA","CRISPR-Based Genome Editing","Base editing","33606977"
"NM_004448.4(ERBB2):c.165G>A (p.Val55=)","chr17","39707081","G/A","ERBB2","1.168","dataset0528","Synonymous","Neutral to the sensitivity to drug Vemurafenib in A375","sensitivity to drug Vemurafenib","6","Functionally normal","","6.22556e-07","NA","CRISPR-Based Genome Editing","Base editing","33606977"
"NM_004448.4(ERBB2):c.166G>A (p.Val56Met)","chr17","39707082","G/A","ERBB2","1.168","dataset0528","Missense","Neutral to the sensitivity to drug Vemurafenib in A375","sensitivity to drug Vemurafenib","6","Functionally normal","","","NA","CRISPR-Based Genome Editing","Base editing","33606977"
"NM_004448.4(ERBB2):c.207C>T (p.Ala69=)","chr17","39707123","C/T","ERBB2","0.601","dataset0528","Synonymous","Neutral to the sensitivity to drug Vemurafenib in A375","sensitivity to drug Vemurafenib","6","Functionally normal","","","NA","CRISPR-Based Genome Editing","Base editing","33606977"
"NM_004448.4(ERBB2):c.211C>T (p.Leu71=)","chr17","39707127","C/T","ERBB2","0.601","dataset0528","Synonymous","Neutral to the sensitivity to drug Vemurafenib in A375","sensitivity to drug Vemurafenib","6","Functionally normal","","","NA","CRISPR-Based Genome Editing","Base editing","33606977"
"NM_004448.4(ERBB2):c.213G>A (p.Leu71=)","chr17","39707129","G/A","ERBB2","0.599","dataset0528","Synonymous","Neutral to the sensitivity to drug Vemurafenib in A375","sensitivity to drug Vemurafenib","6","Functionally normal","","0","NA","CRISPR-Based Genome Editing","Base editing","33606977"
"NM_004448.4(ERBB2):c.225G>A (p.Gln75=)","chr17","39707141","G/A","ERBB2","0.435","dataset0528","Splice site","Neutral to the sensitivity to drug Vemurafenib in A375","sensitivity to drug Vemurafenib","6","Functionally normal","","","NA","CRISPR-Based Genome Editing","Base editing","33606977"
"NM_004448.4(ERBB2):c.225+1G>A","chr17","39707142","G/A","ERBB2","0.598","dataset0528","Splice site","Neutral to the sensitivity to drug Vemurafenib in A375","sensitivity to drug Vemurafenib","6","Functionally normal","","","NA","CRISPR-Based Genome Editing","Base editing","33606977"
"NM_004448.4(ERBB2):c.225+3G>A","chr17","39707144","G/A","ERBB2","0.598","dataset0528","Splice site","Neutral to the sensitivity to drug Vemurafenib in A375","sensitivity to drug Vemurafenib","6","Functionally normal","Uncertain significance","1.85709e-05","NA","CRISPR-Based Genome Editing","Base editing","33606977"
"NM_004448.4(ERBB2):c.225+5G>A","chr17","39707146","G/A","ERBB2","-0.308","dataset0528","Splice site","Neutral to the sensitivity to drug Vemurafenib in A375","sensitivity to drug Vemurafenib","6","Functionally normal","","0","NA","CRISPR-Based Genome Editing","Base editing","33606977"
"NM_004448.4(ERBB2):c.226-10C>T","chr17","39708311","C/T","ERBB2","0.872","dataset0528","Splice site","Neutral to the sensitivity to drug Vemurafenib in A375","sensitivity to drug Vemurafenib","6","Functionally normal","","1.86352e-06","NA","CRISPR-Based Genome Editing","Base editing","33606977"
"NM_004448.4(ERBB2):c.226-9C>T","chr17","39708312","C/T","ERBB2","0.872","dataset0528","Splice site","Neutral to the sensitivity to drug Vemurafenib in A375","sensitivity to drug Vemurafenib","6","Functionally normal","","1.24282e-06","NA","CRISPR-Based Genome Editing","Base editing","33606977"
"NM_004448.4(ERBB2):c.226-8C>T","chr17","39708313","C/T","ERBB2","0.872","dataset0528","Splice site","Neutral to the sensitivity to drug Vemurafenib in A375","sensitivity to drug Vemurafenib","6","Functionally normal","","6.20882e-07","NA","CRISPR-Based Genome Editing","Base editing","33606977"
"NM_004448.4(ERBB2):c.226-7C>T","chr17","39708314","C/T","ERBB2","0.4495","dataset0528","Splice site","Neutral to the sensitivity to drug Vemurafenib in A375","sensitivity to drug Vemurafenib","6","Functionally normal","Likely benign","1.8002e-05","NA","CRISPR-Based Genome Editing","Base editing","33606977"
"NM_004448.4(ERBB2):c.226-5C>T","chr17","39708316","C/T","ERBB2","0.027","dataset0528","Splice site","Neutral to the sensitivity to drug Vemurafenib in A375","sensitivity to drug Vemurafenib","6","Functionally normal","Likely benign","1.4274e-05","NA","CRISPR-Based Genome Editing","Base editing","33606977"
"NM_004448.4(ERBB2):c.226-4C>T","chr17","39708317","C/T","ERBB2","0.027","dataset0528","Splice site","Neutral to the sensitivity to drug Vemurafenib in A375","sensitivity to drug Vemurafenib","6","Functionally normal","","1.24104e-06","NA","CRISPR-Based Genome Editing","Base editing","33606977"
"NM_004448.4(ERBB2):c.226-3C>T","chr17","39708318","C/T","ERBB2","0.027","dataset0528","Splice site","Neutral to the sensitivity to drug Vemurafenib in A375","sensitivity to drug Vemurafenib","6","Functionally normal","","6.20729e-07","NA","CRISPR-Based Genome Editing","Base editing","33606977"
"NM_004448.4(ERBB2):c.237G>A (p.Glu79=)","chr17","39708332","G/A","ERBB2","0.2025","dataset0528","Synonymous","Neutral to the sensitivity to drug Vemurafenib in A375","sensitivity to drug Vemurafenib","6","Functionally normal","","","NA","CRISPR-Based Genome Editing","Base editing","33606977"
"NM_004448.4(ERBB2):c.238G>A (p.Val80Met)","chr17","39708333","G/A","ERBB2","0.2025","dataset0528","Missense","Neutral to the sensitivity to drug Vemurafenib in A375","sensitivity to drug Vemurafenib","6","Functionally normal","","","NA","CRISPR-Based Genome Editing","Base editing","33606977"
"NM_004448.4(ERBB2):c.250G>A (p.Val84Met)","chr17","39708345","G/A","ERBB2","-0.117","dataset0528","Missense","Neutral to the sensitivity to drug Vemurafenib in A375","sensitivity to drug Vemurafenib","6","Functionally normal","Uncertain significance","4.64642e-05","NA","CRISPR-Based Genome Editing","Base editing","33606977"
"NM_004448.4(ERBB2):c.258C>T (p.Ile86=)","chr17","39708353","C/T","ERBB2","0.856","dataset0528","Synonymous","Neutral to the sensitivity to drug Vemurafenib in A375","sensitivity to drug Vemurafenib","6","Functionally normal","Likely benign","0.00026206","NA","CRISPR-Based Genome Editing","Base editing","33606977"
"NM_004448.4(ERBB2):c.282C>T (p.Val94=)","chr17","39708377","C/T","ERBB2","0.48","dataset0528","Synonymous","Neutral to the sensitivity to drug Vemurafenib in A375","sensitivity to drug Vemurafenib","6","Functionally normal","","","NA","CRISPR-Based Genome Editing","Base editing","33606977"
"NM_004448.4(ERBB2):c.283_284delinsTT (p.Pro95Leu)","chr17","39708378","CC/TT","ERBB2","0.48","dataset0528","Missense","Neutral to the sensitivity to drug Vemurafenib in A375","sensitivity to drug Vemurafenib","6","Functionally normal","","","NA","CRISPR-Based Genome Editing","Base editing","33606977"
"NM_004448.4(ERBB2):c.299_300delinsAA (p.Arg100Gln)","chr17","39708394","GG/AA","ERBB2","-0.801","dataset0528","Missense","Neutral to the sensitivity to drug Vemurafenib in A375","sensitivity to drug Vemurafenib","6","Functionally normal","","","NA","CRISPR-Based Genome Editing","Base editing","33606977"
"NM_004448.4(ERBB2):c.340C>T (p.Leu114=)","chr17","39708435","C/T","ERBB2","0.657","dataset0528","Synonymous","Neutral to the sensitivity to drug Vemurafenib in A375","sensitivity to drug Vemurafenib","6","Functionally normal","Likely benign","3.71722e-06","NA","CRISPR-Based Genome Editing","Base editing","33606977"
"NM_004448.4(ERBB2):c.358G>A (p.Gly120Arg)","chr17","39708453","G/A","ERBB2","0.784","dataset0528","Missense","Neutral to the sensitivity to drug Vemurafenib in A375","sensitivity to drug Vemurafenib","6","Functionally normal","","","NA","CRISPR-Based Genome Editing","Base editing","33606977"
"NM_004448.4(ERBB2):c.359G>A (p.Gly120Glu)","chr17","39708454","G/A","ERBB2","1.937","dataset0528","Missense","Neutral to the sensitivity to drug Vemurafenib in A375","sensitivity to drug Vemurafenib","6","Functionally normal","","","NA","CRISPR-Based Genome Editing","Base editing","33606977"
"NM_004448.4(ERBB2):c.361G>A (p.Asp121Asn)","chr17","39708456","G/A","ERBB2","1.937","dataset0528","Missense","Neutral to the sensitivity to drug Vemurafenib in A375","sensitivity to drug Vemurafenib","6","Functionally normal","","6.19513e-07","NA","CRISPR-Based Genome Editing","Base editing","33606977"
"NM_004448.4(ERBB2):c.377_378delinsTT (p.Thr126Ile)","chr17","39708472","CC/TT","ERBB2","-1.803","dataset0528","Missense","Neutral to the sensitivity to drug Vemurafenib in A375","sensitivity to drug Vemurafenib","6","Functionally normal","","","NA","CRISPR-Based Genome Editing","Base editing","33606977"
"NM_004448.4(ERBB2):c.377C>T (p.Thr126Ile)","chr17","39708472","C/T","ERBB2","-0.229","dataset0528","Missense","Neutral to the sensitivity to drug Vemurafenib in A375","sensitivity to drug Vemurafenib","6","Functionally normal","","2.47806e-06","NA","CRISPR-Based Genome Editing","Base editing","33606977"
"NM_004448.4(ERBB2):c.387C>T (p.Val129=)","chr17","39708482","C/T","ERBB2","0.077","dataset0528","Synonymous","Neutral to the sensitivity to drug Vemurafenib in A375","sensitivity to drug Vemurafenib","6","Functionally normal","","","NA","CRISPR-Based Genome Editing","Base editing","33606977"
"NM_004448.4(ERBB2):c.389C>T (p.Thr130Ile)","chr17","39708484","C/T","ERBB2","0.137","dataset0528","Missense","Neutral to the sensitivity to drug Vemurafenib in A375","sensitivity to drug Vemurafenib","6","Functionally normal","","6.19514e-07","NA","CRISPR-Based Genome Editing","Base editing","33606977"
"NM_004448.4(ERBB2):c.392_393delinsAA (p.Gly131Glu)","chr17","39708487","GG/AA","ERBB2","0.436","dataset0528","Missense","Neutral to the sensitivity to drug Vemurafenib in A375","sensitivity to drug Vemurafenib","6","Functionally normal","","","NA","CRISPR-Based Genome Editing","Base editing","33606977"
"NM_004448.4(ERBB2):c.396C>T (p.Ala132=)","chr17","39708491","C/T","ERBB2","-0.463","dataset0528","Synonymous","Neutral to the sensitivity to drug Vemurafenib in A375","sensitivity to drug Vemurafenib","6","Functionally normal","Likely benign","1.23911e-06","NA","CRISPR-Based Genome Editing","Base editing","33606977"
"NM_004448.4(ERBB2):c.398_399delinsTT (p.Ser133Phe)","chr17","39708493","CC/TT","ERBB2","-0.463","dataset0528","Missense","Neutral to the sensitivity to drug Vemurafenib in A375","sensitivity to drug Vemurafenib","6","Functionally normal","","","NA","CRISPR-Based Genome Editing","Base editing","33606977"
"NM_004448.4(ERBB2):c.413_414delinsAA (p.Arg138Gln)","chr17","39708508","GG/AA","ERBB2","0.282","dataset0528","Missense","Neutral to the sensitivity to drug Vemurafenib in A375","sensitivity to drug Vemurafenib","6","Functionally normal","","","NA","CRISPR-Based Genome Editing","Base editing","33606977"
"NM_004448.4(ERBB2):c.414G>A (p.Arg138=)","chr17","39708509","G/A","ERBB2","-0.87","dataset0528","Synonymous","Neutral to the sensitivity to drug Vemurafenib in A375","sensitivity to drug Vemurafenib","6","Functionally normal","","6.19564e-07","NA","CRISPR-Based Genome Editing","Base editing","33606977"
"NM_004448.4(ERBB2):c.415G>A (p.Glu139Lys)","chr17","39708510","G/A","ERBB2","-0.179","dataset0528","Missense","Neutral to the sensitivity to drug Vemurafenib in A375","sensitivity to drug Vemurafenib","6","Functionally normal","","","skcm:0.2% (1/448):0.400","CRISPR-Based Genome Editing","Base editing","33606977"
"NM_004448.4(ERBB2):c.427C>T (p.Arg143Ter)","chr17","39708522","C/T","ERBB2","0.804","dataset0528","Nonsense","Neutral to the sensitivity to drug Vemurafenib in A375","sensitivity to drug Vemurafenib","6","Functionally normal","","1.85891e-06","NA","CRISPR-Based Genome Editing","Base editing","33606977"
"NM_004448.4(ERBB2):c.440-7C>T","chr17","39709311","C/T","ERBB2","-0.812","dataset0528","Splice site","Neutral to the sensitivity to drug Vemurafenib in A375","sensitivity to drug Vemurafenib","6","Functionally normal","","1.05324e-05","NA","CRISPR-Based Genome Editing","Base editing","33606977"
"NM_004448.4(ERBB2):c.440-6C>T","chr17","39709312","C/T","ERBB2","-0.812","dataset0528","Splice site","Neutral to the sensitivity to drug Vemurafenib in A375","sensitivity to drug Vemurafenib","6","Functionally normal","","6.19537e-07","NA","CRISPR-Based Genome Editing","Base editing","33606977"
"NM_004448.4(ERBB2):c.440-5C>T","chr17","39709313","C/T","ERBB2","-0.812","dataset0528","Splice site","Neutral to the sensitivity to drug Vemurafenib in A375","sensitivity to drug Vemurafenib","6","Functionally normal","Likely benign","1.8587e-06","NA","CRISPR-Based Genome Editing","Base editing","33606977"
"NM_004448.4(ERBB2):c.440-3C>T","chr17","39709315","C/T","ERBB2","0.140667","dataset0528","Splice site","Neutral to the sensitivity to drug Vemurafenib in A375","sensitivity to drug Vemurafenib","6","Functionally normal","","","NA","CRISPR-Based Genome Editing","Base editing","33606977"
"NM_004448.4(ERBB2):c.451_452delinsAA (p.Gly151Lys)","chr17","39709329","GG/AA","ERBB2","0.742","dataset0528","Missense","Neutral to the sensitivity to drug Vemurafenib in A375","sensitivity to drug Vemurafenib","6","Functionally normal","","","NA","CRISPR-Based Genome Editing","Base editing","33606977"
"NM_004448.4(ERBB2):c.474C>T (p.Asn158=)","chr17","39709352","C/T","ERBB2","0.256","dataset0528","Synonymous","Neutral to the sensitivity to drug Vemurafenib in A375","sensitivity to drug Vemurafenib","6","Functionally normal","Likely benign","3.71731e-06","NA","CRISPR-Based Genome Editing","Base editing","33606977"
"NM_004448.4(ERBB2):c.475_477delinsTTT (p.Pro159Phe)","chr17","39709353","CCC/TTT","ERBB2","0.256","dataset0528","Missense","Neutral to the sensitivity to drug Vemurafenib in A375","sensitivity to drug Vemurafenib","6","Functionally normal","","","NA","CRISPR-Based Genome Editing","Base editing","33606977"
"NM_004448.4(ERBB2):c.478C>T (p.Gln160Ter)","chr17","39709356","C/T","ERBB2","0.256","dataset0528","Nonsense","Neutral to the sensitivity to drug Vemurafenib in A375","sensitivity to drug Vemurafenib","6","Functionally normal","","","NA","CRISPR-Based Genome Editing","Base editing","33606977"
"NM_004448.4(ERBB2):c.492G>A (p.Gln164=)","chr17","39709370","G/A","ERBB2","0.18025","dataset0528","Synonymous","Neutral to the sensitivity to drug Vemurafenib in A375","sensitivity to drug Vemurafenib","6","Functionally normal","","6.19599e-07","NA","CRISPR-Based Genome Editing","Base editing","33606977"
"NM_004448.4(ERBB2):c.493G>A (p.Asp165Asn)","chr17","39709371","G/A","ERBB2","0.18025","dataset0528","Missense","Neutral to the sensitivity to drug Vemurafenib in A375","sensitivity to drug Vemurafenib","6","Functionally normal","","","NA","CRISPR-Based Genome Editing","Base editing","33606977"
"NM_004448.4(ERBB2):c.504G>A (p.Leu168=)","chr17","39709382","G/A","ERBB2","2.132","dataset0528","Synonymous","The enhanced sensitivity to drug Vemurafenib in A375","sensitivity to drug Vemurafenib","6","Gain-of-function","","","NA","CRISPR-Based Genome Editing","Base editing","33606977"
"NM_004448.4(ERBB2):c.506_507delinsAA (p.Trp169Ter)","chr17","39709384","GG/AA","ERBB2","2.132","dataset0528","Nonsense","The enhanced sensitivity to drug Vemurafenib in A375","sensitivity to drug Vemurafenib","6","Gain-of-function","","","NA","CRISPR-Based Genome Editing","Base editing","33606977"
"NM_004448.4(ERBB2):c.519C>T (p.Phe173=)","chr17","39709397","C/T","ERBB2","-6.328","dataset0528","Synonymous","The reduced sensitivity to drug Vemurafenib in A375","sensitivity to drug Vemurafenib","6","Loss-of-function","","","NA","CRISPR-Based Genome Editing","Base editing","33606977"
"NM_004448.4(ERBB2):c.537G>A (p.Leu179=)","chr17","39709415","G/A","ERBB2","-1.258","dataset0528","Synonymous","Neutral to the sensitivity to drug Vemurafenib in A375","sensitivity to drug Vemurafenib","6","Functionally normal","","5.57638e-06","NA","CRISPR-Based Genome Editing","Base editing","33606977"
"NM_004448.4(ERBB2):c.549G>A (p.Leu183=)","chr17","39709427","G/A","ERBB2","0.616","dataset0528","Synonymous","Neutral to the sensitivity to drug Vemurafenib in A375","sensitivity to drug Vemurafenib","6","Functionally normal","","","NA","CRISPR-Based Genome Editing","Base editing","33606977"
"NM_004448.4(ERBB2):c.555C>T (p.Asp185=)","chr17","39709433","C/T","ERBB2","-0.762","dataset0528","Synonymous","Neutral to the sensitivity to drug Vemurafenib in A375","sensitivity to drug Vemurafenib","6","Functionally normal","","6.19526e-07","NA","CRISPR-Based Genome Editing","Base editing","33606977"
"NM_004448.4(ERBB2):c.582C>T (p.Pro194=)","chr17","39709820","C/T","ERBB2","0.652","dataset0528","Synonymous","Neutral to the sensitivity to drug Vemurafenib in A375","sensitivity to drug Vemurafenib","6","Functionally normal","","1.85957e-06","NA","CRISPR-Based Genome Editing","Base editing","33606977"
"NM_004448.4(ERBB2):c.587C>T (p.Ser196Phe)","chr17","39709825","C/T","ERBB2","1.138","dataset0528","Missense","Neutral to the sensitivity to drug Vemurafenib in A375","sensitivity to drug Vemurafenib","6","Functionally normal","","6.19839e-07","blca:0.2% (1/411):0.250","CRISPR-Based Genome Editing","Base editing","33606977"
"NM_004448.4(ERBB2):c.591G>A (p.Pro197=)","chr17","39709829","G/A","ERBB2","0.587","dataset0528","Synonymous","Neutral to the sensitivity to drug Vemurafenib in A375","sensitivity to drug Vemurafenib","6","Functionally normal","Likely benign","1.17771e-05","NA","CRISPR-Based Genome Editing","Base editing","33606977"
"NM_004448.4(ERBB2):c.594G>A (p.Met198Ile)","chr17","39709832","G/A","ERBB2","0.584","dataset0528","Missense","Neutral to the sensitivity to drug Vemurafenib in A375","sensitivity to drug Vemurafenib","6","Functionally normal","Uncertain significance","1.54961e-05","NA","CRISPR-Based Genome Editing","Base editing","33606977"
"NM_004448.4(ERBB2):c.596G>A (p.Cys199Tyr)","chr17","39709834","G/A","ERBB2","0.565667","dataset0528","Missense","Neutral to the sensitivity to drug Vemurafenib in A375","sensitivity to drug Vemurafenib","6","Functionally normal","","","NA","CRISPR-Based Genome Editing","Base editing","33606977"
"NM_004448.4(ERBB2):c.600G>A (p.Lys200=)","chr17","39709838","G/A","ERBB2","0.12","dataset0528","Synonymous","Neutral to the sensitivity to drug Vemurafenib in A375","sensitivity to drug Vemurafenib","6","Functionally normal","","","NA","CRISPR-Based Genome Editing","Base editing","33606977"
"NM_004448.4(ERBB2):c.621G>A (p.Glu207=)","chr17","39709859","G/A","ERBB2","-0.1635","dataset0528","Synonymous","Neutral to the sensitivity to drug Vemurafenib in A375","sensitivity to drug Vemurafenib","6","Functionally normal","","","NA","CRISPR-Based Genome Editing","Base editing","33606977"
"NM_004448.4(ERBB2):c.623G>A (p.Ser208Asn)","chr17","39709861","G/A","ERBB2","-0.1635","dataset0528","Missense","Neutral to the sensitivity to drug Vemurafenib in A375","sensitivity to drug Vemurafenib","6","Functionally normal","","2.479e-06","NA","CRISPR-Based Genome Editing","Base editing","33606977"
"NM_004448.4(ERBB2):c.647C>T (p.Thr216Met)","chr17","39710089","C/T","ERBB2","0.167","dataset0528","Missense","Neutral to the sensitivity to drug Vemurafenib in A375","sensitivity to drug Vemurafenib","6","Functionally normal","Uncertain significance","2.49088e-05","NA","CRISPR-Based Genome Editing","Base editing","33606977"
"NM_004448.4(ERBB2):c.653C>T (p.Thr218Ile)","chr17","39710095","C/T","ERBB2","0.444","dataset0528","Missense","Neutral to the sensitivity to drug Vemurafenib in A375","sensitivity to drug Vemurafenib","6","Functionally normal","","6.21973e-07","NA","CRISPR-Based Genome Editing","Base editing","33606977"
"NM_004448.4(ERBB2):c.709C>T (p.His237Tyr)","chr17","39710151","C/T","ERBB2","1.34","dataset0528","Missense","Neutral to the sensitivity to drug Vemurafenib in A375","sensitivity to drug Vemurafenib","6","Functionally normal","","1.86036e-06","NA","CRISPR-Based Genome Editing","Base editing","33606977"
"NM_004448.4(ERBB2):c.712G>A (p.Glu238Lys)","chr17","39710154","G/A","ERBB2","0.077","dataset0528","Missense","Neutral to the sensitivity to drug Vemurafenib in A375","sensitivity to drug Vemurafenib","6","Functionally normal","","","NA","CRISPR-Based Genome Editing","Base editing","33606977"
"NM_004448.4(ERBB2):c.727G>A (p.Gly243Ser)","chr17","39710169","G/A","ERBB2","0.584","dataset0528","Missense","Neutral to the sensitivity to drug Vemurafenib in A375","sensitivity to drug Vemurafenib","6","Functionally normal","Uncertain significance","0.000128981","NA","CRISPR-Based Genome Editing","Base editing","33606977"
"NM_004448.4(ERBB2):c.741C>T (p.Pro247=)","chr17","39710183","C/T","ERBB2","-0.414","dataset0528","Synonymous","Neutral to the sensitivity to drug Vemurafenib in A375","sensitivity to drug Vemurafenib","6","Functionally normal","","0","NA","CRISPR-Based Genome Editing","Base editing","33606977"
"NM_004448.4(ERBB2):c.759G>A (p.Leu253=)","chr17","39710201","G/A","ERBB2","-1.632","dataset0528","Splice site","Neutral to the sensitivity to drug Vemurafenib in A375","sensitivity to drug Vemurafenib","6","Functionally normal","","6.20215e-07","NA","CRISPR-Based Genome Editing","Base editing","33606977"
"NM_004448.4(ERBB2):c.769C>T (p.His257Tyr)","chr17","39710349","C/T","ERBB2","0.437","dataset0528","Missense","Neutral to the sensitivity to drug Vemurafenib in A375","sensitivity to drug Vemurafenib","6","Functionally normal","Uncertain significance","","NA","CRISPR-Based Genome Editing","Base editing","33606977"
"NM_004448.4(ERBB2):c.782G>A (p.Ser261Asn)","chr17","39710362","G/A","ERBB2","0.619","dataset0528","Missense","Neutral to the sensitivity to drug Vemurafenib in A375","sensitivity to drug Vemurafenib","6","Functionally normal","","","NA","CRISPR-Based Genome Editing","Base editing","33606977"
"NM_004448.4(ERBB2):c.784G>A (p.Gly262Ser)","chr17","39710364","G/A","ERBB2","0.566","dataset0528","Missense","Neutral to the sensitivity to drug Vemurafenib in A375","sensitivity to drug Vemurafenib","6","Functionally normal","","","NA","CRISPR-Based Genome Editing","Base editing","33606977"
"NM_004448.4(ERBB2):c.793G>A (p.Glu265Lys)","chr17","39710373","G/A","ERBB2","0.61","dataset0528","Missense","Neutral to the sensitivity to drug Vemurafenib in A375","sensitivity to drug Vemurafenib","6","Functionally normal","","","NA","CRISPR-Based Genome Editing","Base editing","33606977"
"NM_004448.4(ERBB2):c.829G>A (p.Asp277Asn)","chr17","39710409","G/A","ERBB2","-0.666","dataset0528","Missense","Neutral to the sensitivity to drug Vemurafenib in A375","sensitivity to drug Vemurafenib","6","Functionally normal","","","NA","CRISPR-Based Genome Editing","Base editing","33606977"
"NM_004448.4(ERBB2):c.834G>A (p.Thr278=)","chr17","39710414","G/A","ERBB2","1.011","dataset0528","Synonymous","Neutral to the sensitivity to drug Vemurafenib in A375","sensitivity to drug Vemurafenib","6","Functionally normal","","2.4781e-06","NA","CRISPR-Based Genome Editing","Base editing","33606977"
"NM_004448.4(ERBB2):c.842_843delinsTT (p.Ser281Phe)","chr17","39710422","CC/TT","ERBB2","-0.373","dataset0528","Missense","Neutral to the sensitivity to drug Vemurafenib in A375","sensitivity to drug Vemurafenib","6","Functionally normal","","","NA","CRISPR-Based Genome Editing","Base editing","33606977"
"NM_004448.4(ERBB2):c.848_849delinsTT (p.Pro283Leu)","chr17","39710428","CC/TT","ERBB2","0.229","dataset0528","Missense","Neutral to the sensitivity to drug Vemurafenib in A375","sensitivity to drug Vemurafenib","6","Functionally normal","","","NA","CRISPR-Based Genome Editing","Base editing","33606977"
"NM_004448.4(ERBB2):c.858G>A (p.Glu286=)","chr17","39710438","G/A","ERBB2","-2.691","dataset0528","Synonymous","The reduced sensitivity to drug Vemurafenib in A375","sensitivity to drug Vemurafenib","6","Loss-of-function","","","NA","CRISPR-Based Genome Editing","Base editing","33606977"
"NM_004448.4(ERBB2):c.859G>A (p.Gly287Ser)","chr17","39710439","G/A","ERBB2","-2.691","dataset0528","Missense","The reduced sensitivity to drug Vemurafenib in A375","sensitivity to drug Vemurafenib","6","Loss-of-function","","","NA","CRISPR-Based Genome Editing","Base editing","33606977"
"NM_004448.4(ERBB2):c.863_864delinsAA (p.Arg288Gln)","chr17","39710443","GG/AA","ERBB2","-0.1485","dataset0528","Missense","Neutral to the sensitivity to drug Vemurafenib in A375","sensitivity to drug Vemurafenib","6","Functionally normal","","","NA","CRISPR-Based Genome Editing","Base editing","33606977"
"NM_004448.4(ERBB2):c.896G>A (p.Cys299Tyr)","chr17","39710476","G/A","ERBB2","0.38","dataset0528","Missense","Neutral to the sensitivity to drug Vemurafenib in A375","sensitivity to drug Vemurafenib","6","Functionally normal","","0","NA","CRISPR-Based Genome Editing","Base editing","33606977"
"NM_004448.4(ERBB2):c.901+11G>A","chr17","39710492","G/A","ERBB2","0.575","dataset0528","Intron","Neutral to the sensitivity to drug Vemurafenib in A375","sensitivity to drug Vemurafenib","6","Functionally normal","","","NA","CRISPR-Based Genome Editing","Base editing","33606977"
"NM_004448.4(ERBB2):c.903C>T (p.Tyr301=)","chr17","39711929","C/T","ERBB2","0.453","dataset0528","Splice site","Neutral to the sensitivity to drug Vemurafenib in A375","sensitivity to drug Vemurafenib","6","Functionally normal","","","NA","CRISPR-Based Genome Editing","Base editing","33606977"
"NM_004448.4(ERBB2):c.906C>T (p.Asn302=)","chr17","39711932","C/T","ERBB2","0.409","dataset0528","Synonymous","Neutral to the sensitivity to drug Vemurafenib in A375","sensitivity to drug Vemurafenib","6","Functionally normal","","","NA","CRISPR-Based Genome Editing","Base editing","33606977"
"NM_004448.4(ERBB2):c.909C>T (p.Tyr303=)","chr17","39711935","C/T","ERBB2","0.0665","dataset0528","Synonymous","Neutral to the sensitivity to drug Vemurafenib in A375","sensitivity to drug Vemurafenib","6","Functionally normal","","6.19532e-06","NA","CRISPR-Based Genome Editing","Base editing","33606977"
"NM_004448.4(ERBB2):c.910C>T (p.Leu304Phe)","chr17","39711936","C/T","ERBB2","0.0665","dataset0528","Missense","Neutral to the sensitivity to drug Vemurafenib in A375","sensitivity to drug Vemurafenib","6","Functionally normal","","","NA","CRISPR-Based Genome Editing","Base editing","33606977"
"NM_004448.4(ERBB2):c.924G>A (p.Val308=)","chr17","39711950","G/A","ERBB2","0.292","dataset0528","Synonymous","Neutral to the sensitivity to drug Vemurafenib in A375","sensitivity to drug Vemurafenib","6","Functionally normal","","","NA","CRISPR-Based Genome Editing","Base editing","33606977"
"NM_004448.4(ERBB2):c.925_926delinsAA (p.Gly309Lys)","chr17","39711951","GG/AA","ERBB2","0.292","dataset0528","Missense","Neutral to the sensitivity to drug Vemurafenib in A375","sensitivity to drug Vemurafenib","6","Functionally normal","","","NA","CRISPR-Based Genome Editing","Base editing","33606977"
"NM_004448.4(ERBB2):c.946_948delinsTTT (p.Pro316Phe)","chr17","39711972","CCC/TTT","ERBB2","0.669","dataset0528","Missense","Neutral to the sensitivity to drug Vemurafenib in A375","sensitivity to drug Vemurafenib","6","Functionally normal","","","NA","CRISPR-Based Genome Editing","Base editing","33606977"
"NM_004448.4(ERBB2):c.949C>T (p.Leu317=)","chr17","39711975","C/T","ERBB2","0.669","dataset0528","Synonymous","Neutral to the sensitivity to drug Vemurafenib in A375","sensitivity to drug Vemurafenib","6","Functionally normal","","6.19507e-07","NA","CRISPR-Based Genome Editing","Base editing","33606977"
"NM_004448.4(ERBB2):c.957C>T (p.Asn319=)","chr17","39711983","C/T","ERBB2","1.498","dataset0528","Synonymous","Neutral to the sensitivity to drug Vemurafenib in A375","sensitivity to drug Vemurafenib","6","Functionally normal","","","NA","CRISPR-Based Genome Editing","Base editing","33606977"
"NM_004448.4(ERBB2):c.958C>T (p.Gln320Ter)","chr17","39711984","C/T","ERBB2","1.498","dataset0528","Nonsense","Neutral to the sensitivity to drug Vemurafenib in A375","sensitivity to drug Vemurafenib","6","Functionally normal","","","NA","CRISPR-Based Genome Editing","Base editing","33606977"
"NM_004448.4(ERBB2):c.963G>A (p.Glu321=)","chr17","39711989","G/A","ERBB2","0.6965","dataset0528","Synonymous","Neutral to the sensitivity to drug Vemurafenib in A375","sensitivity to drug Vemurafenib","6","Functionally normal","","","NA","CRISPR-Based Genome Editing","Base editing","33606977"
"NM_004448.4(ERBB2):c.964G>A (p.Val322Met)","chr17","39711990","G/A","ERBB2","0.6245","dataset0528","Missense","Neutral to the sensitivity to drug Vemurafenib in A375","sensitivity to drug Vemurafenib","6","Functionally normal","","","NA","CRISPR-Based Genome Editing","Base editing","33606977"
"NM_004448.4(ERBB2):c.976G>A (p.Asp326Asn)","chr17","39712002","G/A","ERBB2","-0.056","dataset0528","Missense","Neutral to the sensitivity to drug Vemurafenib in A375","sensitivity to drug Vemurafenib","6","Functionally normal","","","NA","CRISPR-Based Genome Editing","Base editing","33606977"
"NM_004448.4(ERBB2):c.1022-9C>T","chr17","39712313","C/T","ERBB2","0.26","dataset0528","Splice site","Neutral to the sensitivity to drug Vemurafenib in A375","sensitivity to drug Vemurafenib","6","Functionally normal","","","NA","CRISPR-Based Genome Editing","Base editing","33606977"
"NM_004448.4(ERBB2):c.1022-8C>T","chr17","39712314","C/T","ERBB2","0.26","dataset0528","Splice site","Neutral to the sensitivity to drug Vemurafenib in A375","sensitivity to drug Vemurafenib","6","Functionally normal","","6.19769e-07","NA","CRISPR-Based Genome Editing","Base editing","33606977"
"NM_004448.4(ERBB2):c.1022-6C>T","chr17","39712316","C/T","ERBB2","0.26","dataset0528","Splice site","Neutral to the sensitivity to drug Vemurafenib in A375","sensitivity to drug Vemurafenib","6","Functionally normal","","6.30256e-06","NA","CRISPR-Based Genome Editing","Base editing","33606977"
"NM_004448.4(ERBB2):c.1022-5C>T","chr17","39712317","C/T","ERBB2","0.001","dataset0528","Splice site","Neutral to the sensitivity to drug Vemurafenib in A375","sensitivity to drug Vemurafenib","6","Functionally normal","","3.71778e-06","NA","CRISPR-Based Genome Editing","Base editing","33606977"
"NM_004448.4(ERBB2):c.1022-3C>T","chr17","39712319","C/T","ERBB2","-0.131","dataset0528","Splice site","Neutral to the sensitivity to drug Vemurafenib in A375","sensitivity to drug Vemurafenib","6","Functionally normal","","1.24171e-06","NA","CRISPR-Based Genome Editing","Base editing","33606977"
"NM_004448.4(ERBB2):c.1031G>A (p.Gly344Asp)","chr17","39712331","G/A","ERBB2","0.06","dataset0528","Missense","Neutral to the sensitivity to drug Vemurafenib in A375","sensitivity to drug Vemurafenib","6","Functionally normal","","6.19576e-07","NA","CRISPR-Based Genome Editing","Base editing","33606977"
"NM_004448.4(ERBB2):c.1035G>A (p.Leu345=)","chr17","39712335","G/A","ERBB2","0.06","dataset0528","Synonymous","Neutral to the sensitivity to drug Vemurafenib in A375","sensitivity to drug Vemurafenib","6","Functionally normal","","6.21932e-07","NA","CRISPR-Based Genome Editing","Base editing","33606977"
"NM_004448.4(ERBB2):c.1047C>T (p.His349=)","chr17","39712347","C/T","ERBB2","-0.208","dataset0528","Synonymous","Neutral to the sensitivity to drug Vemurafenib in A375","sensitivity to drug Vemurafenib","6","Functionally normal","","1.23924e-06","NA","CRISPR-Based Genome Editing","Base editing","33606977"
"NM_004448.4(ERBB2):c.1070_1071delinsTT (p.Thr357Ile)","chr17","39712370","CC/TT","ERBB2","1.225","dataset0528","Missense","Neutral to the sensitivity to drug Vemurafenib in A375","sensitivity to drug Vemurafenib","6","Functionally normal","","","NA","CRISPR-Based Genome Editing","Base editing","33606977"
"NM_004448.4(ERBB2):c.1086G>A (p.Gln362=)","chr17","39712386","G/A","ERBB2","1.807","dataset0528","Synonymous","Neutral to the sensitivity to drug Vemurafenib in A375","sensitivity to drug Vemurafenib","6","Functionally normal","","","NA","CRISPR-Based Genome Editing","Base editing","33606977"
"NM_004448.4(ERBB2):c.1120C>T (p.Leu374=)","chr17","39712420","C/T","ERBB2","-1.236","dataset0528","Synonymous","Neutral to the sensitivity to drug Vemurafenib in A375","sensitivity to drug Vemurafenib","6","Functionally normal","","","NA","CRISPR-Based Genome Editing","Base editing","33606977"
"NM_004448.4(ERBB2):c.1129C>T (p.Leu377=)","chr17","39712429","C/T","ERBB2","-0.771","dataset0528","Synonymous","Neutral to the sensitivity to drug Vemurafenib in A375","sensitivity to drug Vemurafenib","6","Functionally normal","","6.19629e-07","NA","CRISPR-Based Genome Editing","Base editing","33606977"
"NM_004448.4(ERBB2):c.1133C>T (p.Pro378Leu)","chr17","39712433","C/T","ERBB2","-0.5035","dataset0528","Missense","Neutral to the sensitivity to drug Vemurafenib in A375","sensitivity to drug Vemurafenib","6","Functionally normal","Uncertain significance","1.92108e-05","NA","CRISPR-Based Genome Editing","Base editing","33606977"
"NM_004448.4(ERBB2):c.1134G>A (p.Pro378=)","chr17","39712434","G/A","ERBB2","-0.352","dataset0528","Synonymous","Neutral to the sensitivity to drug Vemurafenib in A375","sensitivity to drug Vemurafenib","6","Functionally normal","Likely benign","2.16912e-05","NA","CRISPR-Based Genome Editing","Base editing","33606977"
"NM_004448.4(ERBB2):c.1147_1148delinsAA (p.Gly383Lys)","chr17","39712447","GG/AA","ERBB2","0.326","dataset0528","Missense","Neutral to the sensitivity to drug Vemurafenib in A375","sensitivity to drug Vemurafenib","6","Functionally normal","","","NA","CRISPR-Based Genome Editing","Base editing","33606977"
"NM_004448.4(ERBB2):c.1148+1G>A","chr17","39712449","G/A","ERBB2","0.326","dataset0528","Splice site","Neutral to the sensitivity to drug Vemurafenib in A375","sensitivity to drug Vemurafenib","6","Functionally normal","","","NA","CRISPR-Based Genome Editing","Base editing","33606977"
"NM_004448.4(ERBB2):c.1191C>T (p.Leu397=)","chr17","39715328","C/T","ERBB2","0.265","dataset0528","Synonymous","Neutral to the sensitivity to drug Vemurafenib in A375","sensitivity to drug Vemurafenib","6","Functionally normal","","","NA","CRISPR-Based Genome Editing","Base editing","33606977"
"NM_004448.4(ERBB2):c.1192C>T (p.Gln398Ter)","chr17","39715329","C/T","ERBB2","0.265","dataset0528","Nonsense","Neutral to the sensitivity to drug Vemurafenib in A375","sensitivity to drug Vemurafenib","6","Functionally normal","","","NA","CRISPR-Based Genome Editing","Base editing","33606977"
"NM_004448.4(ERBB2):c.1195G>A (p.Val399Met)","chr17","39715332","G/A","ERBB2","0.294","dataset0528","Missense","Neutral to the sensitivity to drug Vemurafenib in A375","sensitivity to drug Vemurafenib","6","Functionally normal","Uncertain significance","2.47821e-05","NA","CRISPR-Based Genome Editing","Base editing","33606977"
"NM_004448.4(ERBB2):c.1205C>T (p.Thr402Ile)","chr17","39715342","C/T","ERBB2","-0.752","dataset0528","Missense","Neutral to the sensitivity to drug Vemurafenib in A375","sensitivity to drug Vemurafenib","6","Functionally normal","","6.19543e-07","NA","CRISPR-Based Genome Editing","Base editing","33606977"
"NM_004448.4(ERBB2):c.1207C>T (p.Leu403=)","chr17","39715344","C/T","ERBB2","-0.2905","dataset0528","Synonymous","Neutral to the sensitivity to drug Vemurafenib in A375","sensitivity to drug Vemurafenib","6","Functionally normal","Likely benign","4.95641e-06","NA","CRISPR-Based Genome Editing","Base editing","33606977"
"NM_004448.4(ERBB2):c.1209G>A (p.Leu403=)","chr17","39715346","G/A","ERBB2","0.504","dataset0528","Synonymous","Neutral to the sensitivity to drug Vemurafenib in A375","sensitivity to drug Vemurafenib","6","Functionally normal","","6.19546e-07","NA","CRISPR-Based Genome Editing","Base editing","33606977"
"NM_004448.4(ERBB2):c.1210G>A (p.Glu404Lys)","chr17","39715347","G/A","ERBB2","0.504","dataset0528","Missense","Neutral to the sensitivity to drug Vemurafenib in A375","sensitivity to drug Vemurafenib","6","Functionally normal","","","NA","CRISPR-Based Genome Editing","Base editing","33606977"
"NM_004448.4(ERBB2):c.1227C>T (p.Tyr409=)","chr17","39715450","C/T","ERBB2","0.104","dataset0528","Synonymous","Neutral to the sensitivity to drug Vemurafenib in A375","sensitivity to drug Vemurafenib","6","Functionally normal","","","NA","CRISPR-Based Genome Editing","Base editing","33606977"
"NM_004448.4(ERBB2):c.1228C>T (p.Leu410=)","chr17","39715451","C/T","ERBB2","0.104","dataset0528","Synonymous","Neutral to the sensitivity to drug Vemurafenib in A375","sensitivity to drug Vemurafenib","6","Functionally normal","","6.19513e-07","NA","CRISPR-Based Genome Editing","Base editing","33606977"
"NM_004448.4(ERBB2):c.1233C>T (p.Tyr411=)","chr17","39715456","C/T","ERBB2","1.426","dataset0528","Synonymous","Neutral to the sensitivity to drug Vemurafenib in A375","sensitivity to drug Vemurafenib","6","Functionally normal","","","NA","CRISPR-Based Genome Editing","Base editing","33606977"
"NM_004448.4(ERBB2):c.1244G>A (p.Trp415Ter)","chr17","39715467","G/A","ERBB2","0.362","dataset0528","Nonsense","Neutral to the sensitivity to drug Vemurafenib in A375","sensitivity to drug Vemurafenib","6","Functionally normal","","","NA","CRISPR-Based Genome Editing","Base editing","33606977"
"NM_004448.4(ERBB2):c.1261G>A (p.Asp421Asn)","chr17","39715484","G/A","ERBB2","-0.326","dataset0528","Missense","Neutral to the sensitivity to drug Vemurafenib in A375","sensitivity to drug Vemurafenib","6","Functionally normal","","","NA","CRISPR-Based Genome Editing","Base editing","33606977"
"NM_004448.4(ERBB2):c.1270G>A (p.Val424Ile)","chr17","39715493","G/A","ERBB2","0.621","dataset0528","Missense","Neutral to the sensitivity to drug Vemurafenib in A375","sensitivity to drug Vemurafenib","6","Functionally normal","Uncertain significance","1.61071e-05","NA","CRISPR-Based Genome Editing","Base editing","33606977"
"NM_004448.4(ERBB2):c.1278G>A (p.Gln426=)","chr17","39715501","G/A","ERBB2","0.018","dataset0528","Synonymous","Neutral to the sensitivity to drug Vemurafenib in A375","sensitivity to drug Vemurafenib","6","Functionally normal","","","NA","CRISPR-Based Genome Editing","Base editing","33606977"
"NM_004448.4(ERBB2):c.1281C>T (p.Asn427=)","chr17","39715504","C/T","ERBB2","0.005","dataset0528","Synonymous","Neutral to the sensitivity to drug Vemurafenib in A375","sensitivity to drug Vemurafenib","6","Functionally normal","","","NA","CRISPR-Based Genome Editing","Base editing","33606977"
"NM_004448.4(ERBB2):c.1282C>T (p.Leu428=)","chr17","39715505","C/T","ERBB2","-0.238","dataset0528","Synonymous","Neutral to the sensitivity to drug Vemurafenib in A375","sensitivity to drug Vemurafenib","6","Functionally normal","","","NA","CRISPR-Based Genome Editing","Base editing","33606977"
"NM_004448.4(ERBB2):c.1296G>A (p.Arg432=)","chr17","39715519","G/A","ERBB2","-0.647","dataset0528","Synonymous","Neutral to the sensitivity to drug Vemurafenib in A375","sensitivity to drug Vemurafenib","6","Functionally normal","","","NA","CRISPR-Based Genome Editing","Base editing","33606977"
"NM_004448.4(ERBB2):c.1297_1298delinsAA (p.Gly433Lys)","chr17","39715520","GG/AA","ERBB2","-0.647","dataset0528","Missense","Neutral to the sensitivity to drug Vemurafenib in A375","sensitivity to drug Vemurafenib","6","Functionally normal","","","NA","CRISPR-Based Genome Editing","Base editing","33606977"
"NM_004448.4(ERBB2):c.1323C>T (p.Tyr441=)","chr17","39715749","C/T","ERBB2","0.779","dataset0528","Synonymous","Neutral to the sensitivity to drug Vemurafenib in A375","sensitivity to drug Vemurafenib","6","Functionally normal","","6.22465e-07","NA","CRISPR-Based Genome Editing","Base editing","33606977"
"NM_004448.4(ERBB2):c.1325C>T (p.Ser442Leu)","chr17","39715751","C/T","ERBB2","0.779","dataset0528","Missense","Neutral to the sensitivity to drug Vemurafenib in A375","sensitivity to drug Vemurafenib","6","Functionally normal","","8.71374e-06","NA","CRISPR-Based Genome Editing","Base editing","33606977"
"NM_004448.4(ERBB2):c.1331C>T (p.Thr444Ile)","chr17","39715757","C/T","ERBB2","1.508","dataset0528","Missense","Neutral to the sensitivity to drug Vemurafenib in A375","sensitivity to drug Vemurafenib","6","Functionally normal","","1.24442e-06","NA","CRISPR-Based Genome Editing","Base editing","33606977"
"NM_004448.4(ERBB2):c.1370C>T (p.Ser457Leu)","chr17","39715796","C/T","ERBB2","0.526","dataset0528","Missense","Neutral to the sensitivity to drug Vemurafenib in A375","sensitivity to drug Vemurafenib","6","Functionally normal","","2.48448e-06","NA","CRISPR-Based Genome Editing","Base editing","33606977"
"NM_004448.4(ERBB2):c.1372C>T (p.Leu458=)","chr17","39715798","C/T","ERBB2","-0.383","dataset0528","Synonymous","Neutral to the sensitivity to drug Vemurafenib in A375","sensitivity to drug Vemurafenib","6","Functionally normal","","1.86323e-06","NA","CRISPR-Based Genome Editing","Base editing","33606977"
"NM_004448.4(ERBB2):c.1381C>T (p.Leu461=)","chr17","39715807","C/T","ERBB2","-0.119","dataset0528","Synonymous","Neutral to the sensitivity to drug Vemurafenib in A375","sensitivity to drug Vemurafenib","6","Functionally normal","","0","NA","CRISPR-Based Genome Editing","Base editing","33606977"
"NM_004448.4(ERBB2):c.1419C>T (p.His473=)","chr17","39715845","C/T","ERBB2","-4.208","dataset0528","Synonymous","The reduced sensitivity to drug Vemurafenib in A375","sensitivity to drug Vemurafenib","6","Loss-of-function","","","NA","CRISPR-Based Genome Editing","Base editing","33606977"
"NM_004448.4(ERBB2):c.1428C>T (p.Phe476=)","chr17","39715854","C/T","ERBB2","-0.061","dataset0528","Synonymous","Neutral to the sensitivity to drug Vemurafenib in A375","sensitivity to drug Vemurafenib","6","Functionally normal","Likely benign","1.79822e-05","NA","CRISPR-Based Genome Editing","Base editing","33606977"
"NM_004448.4(ERBB2):c.1437G>A (p.Thr479=)","chr17","39715863","G/A","ERBB2","0.133","dataset0528","Synonymous","Neutral to the sensitivity to drug Vemurafenib in A375","sensitivity to drug Vemurafenib","6","Functionally normal","Uncertain significance","","NA","CRISPR-Based Genome Editing","Base editing","33606977"
"NM_004448.4(ERBB2):c.1438G>A (p.Val480Met)","chr17","39715864","G/A","ERBB2","0.133","dataset0528","Missense","Neutral to the sensitivity to drug Vemurafenib in A375","sensitivity to drug Vemurafenib","6","Functionally normal","","","NA","CRISPR-Based Genome Editing","Base editing","33606977"
"NM_004448.4(ERBB2):c.1442_1443delinsTT (p.Pro481Leu)","chr17","39715868","CC/TT","ERBB2","-0.119","dataset0528","Missense","Neutral to the sensitivity to drug Vemurafenib in A375","sensitivity to drug Vemurafenib","6","Functionally normal","","","NA","CRISPR-Based Genome Editing","Base editing","33606977"
"NM_004448.4(ERBB2):c.1460_1461delinsAA (p.Arg487Gln)","chr17","39715886","GG/AA","ERBB2","0.232","dataset0528","Missense","Neutral to the sensitivity to drug Vemurafenib in A375","sensitivity to drug Vemurafenib","6","Functionally normal","","","NA","CRISPR-Based Genome Editing","Base editing","33606977"
"NM_004448.4(ERBB2):c.1460G>A (p.Arg487Gln)","chr17","39715886","G/A","ERBB2","0.045","dataset0528","Missense","Neutral to the sensitivity to drug Vemurafenib in A375","sensitivity to drug Vemurafenib","6","Functionally normal","Uncertain significance","1.86066e-05","NA","CRISPR-Based Genome Editing","Base editing","33606977"
"NM_004448.4(ERBB2):c.1482C>T (p.Leu494=)","chr17","39715908","C/T","ERBB2","2.003","dataset0528","Synonymous","The enhanced sensitivity to drug Vemurafenib in A375","sensitivity to drug Vemurafenib","6","Gain-of-function","","","NA","CRISPR-Based Genome Editing","Base editing","33606977"
"NM_004448.4(ERBB2):c.1485C>T (p.His495=)","chr17","39715911","C/T","ERBB2","0.948","dataset0528","Synonymous","Neutral to the sensitivity to drug Vemurafenib in A375","sensitivity to drug Vemurafenib","6","Functionally normal","","6.20544e-07","NA","CRISPR-Based Genome Editing","Base editing","33606977"
"NM_004448.4(ERBB2):c.1487C>T (p.Thr496Ile)","chr17","39715913","C/T","ERBB2","0.948","dataset0528","Missense","Neutral to the sensitivity to drug Vemurafenib in A375","sensitivity to drug Vemurafenib","6","Functionally normal","Uncertain significance","4.96496e-06","NA","CRISPR-Based Genome Editing","Base editing","33606977"
"NM_004448.4(ERBB2):c.1495C>T (p.Arg499Trp)","chr17","39715921","C/T","ERBB2","-3.991","dataset0528","Missense","The reduced sensitivity to drug Vemurafenib in A375","sensitivity to drug Vemurafenib","6","Loss-of-function","Uncertain significance","1.49015e-05","NA","CRISPR-Based Genome Editing","Base editing","33606977"
"NM_004448.4(ERBB2):c.1499C>T (p.Pro500Leu)","chr17","39715925","C/T","ERBB2","-3.991","dataset0528","Missense","The reduced sensitivity to drug Vemurafenib in A375","sensitivity to drug Vemurafenib","6","Loss-of-function","","","NA","CRISPR-Based Genome Editing","Base editing","33606977"
"NM_004448.4(ERBB2):c.1501G>A (p.Glu501Lys)","chr17","39715927","G/A","ERBB2","0.393","dataset0528","Missense","Neutral to the sensitivity to drug Vemurafenib in A375","sensitivity to drug Vemurafenib","6","Functionally normal","","6.21225e-07","NA","CRISPR-Based Genome Editing","Base editing","33606977"
"NM_004448.4(ERBB2):c.1509G>A (p.Glu503=)","chr17","39715935","G/A","ERBB2","0.802","dataset0528","Synonymous","Neutral to the sensitivity to drug Vemurafenib in A375","sensitivity to drug Vemurafenib","6","Functionally normal","Likely benign","4.9734e-06","NA","CRISPR-Based Genome Editing","Base editing","33606977"
"NM_004448.4(ERBB2):c.1511G>A (p.Cys504Tyr)","chr17","39715937","G/A","ERBB2","0.802","dataset0528","Missense","Neutral to the sensitivity to drug Vemurafenib in A375","sensitivity to drug Vemurafenib","6","Functionally normal","","1.24355e-06","NA","CRISPR-Based Genome Editing","Base editing","33606977"
"NM_004448.4(ERBB2):c.1513G>A (p.Val505Met)","chr17","39715939","G/A","ERBB2","0.234","dataset0528","Missense","Neutral to the sensitivity to drug Vemurafenib in A375","sensitivity to drug Vemurafenib","6","Functionally normal","","","NA","CRISPR-Based Genome Editing","Base editing","33606977"
"NM_004448.4(ERBB2):c.1513+1G>A","chr17","39715940","G/A","ERBB2","-0.334","dataset0528","Splice site","Neutral to the sensitivity to drug Vemurafenib in A375","sensitivity to drug Vemurafenib","6","Functionally normal","","","NA","CRISPR-Based Genome Editing","Base editing","33606977"
"NM_004448.4(ERBB2):c.1514-11C>T","chr17","39716290","C/T","ERBB2","-0.789","dataset0528","Splice site","Neutral to the sensitivity to drug Vemurafenib in A375","sensitivity to drug Vemurafenib","6","Functionally normal","","8.88988e-06","NA","CRISPR-Based Genome Editing","Base editing","33606977"
"NM_004448.4(ERBB2):c.1514-10C>T","chr17","39716291","C/T","ERBB2","-0.221","dataset0528","Splice site","Neutral to the sensitivity to drug Vemurafenib in A375","sensitivity to drug Vemurafenib","6","Functionally normal","","","NA","CRISPR-Based Genome Editing","Base editing","33606977"
"NM_004448.4(ERBB2):c.1514-8C>T","chr17","39716293","C/T","ERBB2","-0.221","dataset0528","Splice site","Neutral to the sensitivity to drug Vemurafenib in A375","sensitivity to drug Vemurafenib","6","Functionally normal","","","NA","CRISPR-Based Genome Editing","Base editing","33606977"
"NM_004448.4(ERBB2):c.1514-6C>T","chr17","39716295","C/T","ERBB2","0.347","dataset0528","Splice site","Neutral to the sensitivity to drug Vemurafenib in A375","sensitivity to drug Vemurafenib","6","Functionally normal","","3.16354e-06","NA","CRISPR-Based Genome Editing","Base editing","33606977"
"NM_004448.4(ERBB2):c.1536C>T (p.His512=)","chr17","39716323","C/T","ERBB2","-0.47","dataset0528","Synonymous","Neutral to the sensitivity to drug Vemurafenib in A375","sensitivity to drug Vemurafenib","6","Functionally normal","","0","NA","CRISPR-Based Genome Editing","Base editing","33606977"
"NM_004448.4(ERBB2):c.1537C>T (p.Gln513Ter)","chr17","39716324","C/T","ERBB2","0.0585","dataset0528","Nonsense","Neutral to the sensitivity to drug Vemurafenib in A375","sensitivity to drug Vemurafenib","6","Functionally normal","","","NA","CRISPR-Based Genome Editing","Base editing","33606977"
"NM_004448.4(ERBB2):c.1542G>A (p.Leu514=)","chr17","39716329","G/A","ERBB2","-0.369","dataset0528","Synonymous","Neutral to the sensitivity to drug Vemurafenib in A375","sensitivity to drug Vemurafenib","6","Functionally normal","","6.24029e-07","NA","CRISPR-Based Genome Editing","Base editing","33606977"
"NM_004448.4(ERBB2):c.1548C>T (p.Ala516=)","chr17","39716335","C/T","ERBB2","0.314333","dataset0528","Synonymous","Neutral to the sensitivity to drug Vemurafenib in A375","sensitivity to drug Vemurafenib","6","Functionally normal","","","NA","CRISPR-Based Genome Editing","Base editing","33606977"
"NM_004448.4(ERBB2):c.1549C>T (p.Arg517Ter)","chr17","39716336","C/T","ERBB2","0.326","dataset0528","Nonsense","Neutral to the sensitivity to drug Vemurafenib in A375","sensitivity to drug Vemurafenib","6","Functionally normal","","1.86891e-06","NA","CRISPR-Based Genome Editing","Base editing","33606977"
"NM_004448.4(ERBB2):c.1550G>A (p.Arg517Gln)","chr17","39716337","G/A","ERBB2","0.836","dataset0528","Missense","Neutral to the sensitivity to drug Vemurafenib in A375","sensitivity to drug Vemurafenib","6","Functionally normal","Uncertain significance","4.79476e-05","NA","CRISPR-Based Genome Editing","Base editing","33606977"
"NM_004448.4(ERBB2):c.1552_1553delinsAA (p.Gly518Lys)","chr17","39716339","GG/AA","ERBB2","-0.212","dataset0528","Missense","Neutral to the sensitivity to drug Vemurafenib in A375","sensitivity to drug Vemurafenib","6","Functionally normal","","","NA","CRISPR-Based Genome Editing","Base editing","33606977"
"NM_004448.4(ERBB2):c.1552G>A (p.Gly518Arg)","chr17","39716339","G/A","ERBB2","0.836","dataset0528","Missense","Neutral to the sensitivity to drug Vemurafenib in A375","sensitivity to drug Vemurafenib","6","Functionally normal","","","NA","CRISPR-Based Genome Editing","Base editing","33606977"
"NM_004448.4(ERBB2):c.1557C>T (p.His519=)","chr17","39716344","C/T","ERBB2","-0.45","dataset0528","Synonymous","Neutral to the sensitivity to drug Vemurafenib in A375","sensitivity to drug Vemurafenib","6","Functionally normal","","6.2207e-07","NA","CRISPR-Based Genome Editing","Base editing","33606977"
"NM_004448.4(ERBB2):c.1562_1563delinsAA (p.Trp521Ter)","chr17","39716349","GG/AA","ERBB2","0.965","dataset0528","Nonsense","Neutral to the sensitivity to drug Vemurafenib in A375","sensitivity to drug Vemurafenib","6","Functionally normal","","","NA","CRISPR-Based Genome Editing","Base editing","33606977"
"NM_004448.4(ERBB2):c.1563G>A (p.Trp521Ter)","chr17","39716350","G/A","ERBB2","0.526","dataset0528","Nonsense","Neutral to the sensitivity to drug Vemurafenib in A375","sensitivity to drug Vemurafenib","6","Functionally normal","","","NA","CRISPR-Based Genome Editing","Base editing","33606977"
"NM_004448.4(ERBB2):c.1564_1565delinsAA (p.Gly522Asn)","chr17","39716351","GG/AA","ERBB2","0.7455","dataset0528","Missense","Neutral to the sensitivity to drug Vemurafenib in A375","sensitivity to drug Vemurafenib","6","Functionally normal","","","NA","CRISPR-Based Genome Editing","Base editing","33606977"
"NM_004448.4(ERBB2):c.1583G>A (p.Cys528Tyr)","chr17","39716370","G/A","ERBB2","0.599","dataset0528","Missense","Neutral to the sensitivity to drug Vemurafenib in A375","sensitivity to drug Vemurafenib","6","Functionally normal","","","NA","CRISPR-Based Genome Editing","Base editing","33606977"
"NM_004448.4(ERBB2):c.1585G>A (p.Val529Ile)","chr17","39716372","G/A","ERBB2","0.599","dataset0528","Missense","Neutral to the sensitivity to drug Vemurafenib in A375","sensitivity to drug Vemurafenib","6","Functionally normal","","1.2429e-06","NA","CRISPR-Based Genome Editing","Base editing","33606977"
"NM_004448.4(ERBB2):c.1590C>T (p.Asn530=)","chr17","39716377","C/T","ERBB2","-0.8075","dataset0528","Synonymous","Neutral to the sensitivity to drug Vemurafenib in A375","sensitivity to drug Vemurafenib","6","Functionally normal","","1.86462e-06","NA","CRISPR-Based Genome Editing","Base editing","33606977"
"NM_004448.4(ERBB2):c.1597C>T (p.Gln533Ter)","chr17","39716384","C/T","ERBB2","-0.142","dataset0528","Nonsense","Neutral to the sensitivity to drug Vemurafenib in A375","sensitivity to drug Vemurafenib","6","Functionally normal","","","NA","CRISPR-Based Genome Editing","Base editing","33606977"
"NM_004448.4(ERBB2):c.1606C>T (p.Arg536Trp)","chr17","39716393","C/T","ERBB2","0.941","dataset0528","Missense","Neutral to the sensitivity to drug Vemurafenib in A375","sensitivity to drug Vemurafenib","6","Functionally normal","","1.24335e-06","NA","CRISPR-Based Genome Editing","Base editing","33606977"
"NM_004448.4(ERBB2):c.1612C>T (p.Gln538Ter)","chr17","39716399","C/T","ERBB2","1.32","dataset0528","Nonsense","Neutral to the sensitivity to drug Vemurafenib in A375","sensitivity to drug Vemurafenib","6","Functionally normal","","6.21503e-07","NA","CRISPR-Based Genome Editing","Base editing","33606977"
"NM_004448.4(ERBB2):c.1614G>A (p.Gln538=)","chr17","39716401","G/A","ERBB2","-0.22","dataset0528","Synonymous","Neutral to the sensitivity to drug Vemurafenib in A375","sensitivity to drug Vemurafenib","6","Functionally normal","","","NA","CRISPR-Based Genome Editing","Base editing","33606977"
"NM_004448.4(ERBB2):c.1615G>A (p.Glu539Lys)","chr17","39716402","G/A","ERBB2","-0.22","dataset0528","Missense","Neutral to the sensitivity to drug Vemurafenib in A375","sensitivity to drug Vemurafenib","6","Functionally normal","","6.21452e-07","NA","CRISPR-Based Genome Editing","Base editing","33606977"
"NM_004448.4(ERBB2):c.1617G>A (p.Glu539=)","chr17","39716404","G/A","ERBB2","0.619","dataset0528","Synonymous","Neutral to the sensitivity to drug Vemurafenib in A375","sensitivity to drug Vemurafenib","6","Functionally normal","","6.21445e-07","NA","CRISPR-Based Genome Editing","Base editing","33606977"
"NM_004448.4(ERBB2):c.1621G>A (p.Val541Met)","chr17","39716408","G/A","ERBB2","0.619","dataset0528","Missense","Neutral to the sensitivity to drug Vemurafenib in A375","sensitivity to drug Vemurafenib","6","Functionally normal","Uncertain significance","1.11846e-05","NA","CRISPR-Based Genome Editing","Base editing","33606977"
"NM_004448.4(ERBB2):c.1626G>A (p.Glu542=)","chr17","39716413","G/A","ERBB2","0.143","dataset0528","Synonymous","Neutral to the sensitivity to drug Vemurafenib in A375","sensitivity to drug Vemurafenib","6","Functionally normal","","","NA","CRISPR-Based Genome Editing","Base editing","33606977"
"NM_004448.4(ERBB2):c.1627G>A (p.Glu543Lys)","chr17","39716414","G/A","ERBB2","0.143","dataset0528","Missense","Neutral to the sensitivity to drug Vemurafenib in A375","sensitivity to drug Vemurafenib","6","Functionally normal","","","NA","CRISPR-Based Genome Editing","Base editing","33606977"
"NM_004448.4(ERBB2):c.1646+1G>A","chr17","39716434","G/A","ERBB2","1.345","dataset0528","Splice site","Neutral to the sensitivity to drug Vemurafenib in A375","sensitivity to drug Vemurafenib","6","Functionally normal","","1.24019e-06","NA","CRISPR-Based Genome Editing","Base editing","33606977"
"NM_004448.4(ERBB2):c.1646+5G>A","chr17","39716438","G/A","ERBB2","1.345","dataset0528","Splice site","Neutral to the sensitivity to drug Vemurafenib in A375","sensitivity to drug Vemurafenib","6","Functionally normal","","","NA","CRISPR-Based Genome Editing","Base editing","33606977"
"NM_004448.4(ERBB2):c.1647-10C>T","chr17","39716505","C/T","ERBB2","-0.973","dataset0528","Splice site","Neutral to the sensitivity to drug Vemurafenib in A375","sensitivity to drug Vemurafenib","6","Functionally normal","","","NA","CRISPR-Based Genome Editing","Base editing","33606977"
"NM_004448.4(ERBB2):c.1647-7C>T","chr17","39716508","C/T","ERBB2","-1.149","dataset0528","Splice site","Neutral to the sensitivity to drug Vemurafenib in A375","sensitivity to drug Vemurafenib","6","Functionally normal","","","NA","CRISPR-Based Genome Editing","Base editing","33606977"
"NM_004448.4(ERBB2):c.1647-5C>T","chr17","39716510","C/T","ERBB2","-1.325","dataset0528","Splice site","Neutral to the sensitivity to drug Vemurafenib in A375","sensitivity to drug Vemurafenib","6","Functionally normal","Likely benign","2.4781e-06","NA","CRISPR-Based Genome Editing","Base editing","33606977"
"NM_004448.4(ERBB2):c.1665G>A (p.Val555=)","chr17","39716533","G/A","ERBB2","-0.149","dataset0528","Synonymous","Neutral to the sensitivity to drug Vemurafenib in A375","sensitivity to drug Vemurafenib","6","Functionally normal","","1.85853e-06","NA","CRISPR-Based Genome Editing","Base editing","33606977"
"NM_004448.4(ERBB2):c.1686G>A (p.Pro562=)","chr17","39716554","G/A","ERBB2","0.518","dataset0528","Synonymous","Neutral to the sensitivity to drug Vemurafenib in A375","sensitivity to drug Vemurafenib","6","Functionally normal","Likely benign","8.54993e-05","NA","CRISPR-Based Genome Editing","Base editing","33606977"
"NM_004448.4(ERBB2):c.1700G>A (p.Cys567Tyr)","chr17","39716568","G/A","ERBB2","1.321","dataset0528","Missense","Neutral to the sensitivity to drug Vemurafenib in A375","sensitivity to drug Vemurafenib","6","Functionally normal","","","NA","CRISPR-Based Genome Editing","Base editing","33606977"
"NM_004448.4(ERBB2):c.1710G>A (p.Gln570=)","chr17","39716578","G/A","ERBB2","-0.0725","dataset0528","Synonymous","Neutral to the sensitivity to drug Vemurafenib in A375","sensitivity to drug Vemurafenib","6","Functionally normal","","","NA","CRISPR-Based Genome Editing","Base editing","33606977"
"NM_004448.4(ERBB2):c.1718C>T (p.Ser573Leu)","chr17","39716586","C/T","ERBB2","0.541","dataset0528","Missense","Neutral to the sensitivity to drug Vemurafenib in A375","sensitivity to drug Vemurafenib","6","Functionally normal","","1.2391e-06","blca:0.2% (1/411):0.340","CRISPR-Based Genome Editing","Base editing","33606977"
"NM_004448.4(ERBB2):c.1722G>A (p.Val574=)","chr17","39716590","G/A","ERBB2","1.035","dataset0528","Synonymous","Neutral to the sensitivity to drug Vemurafenib in A375","sensitivity to drug Vemurafenib","6","Functionally normal","","","NA","CRISPR-Based Genome Editing","Base editing","33606977"
"NM_004448.4(ERBB2):c.1737+3G>A","chr17","39716608","G/A","ERBB2","-0.277","dataset0528","Splice site","Neutral to the sensitivity to drug Vemurafenib in A375","sensitivity to drug Vemurafenib","6","Functionally normal","","","NA","CRISPR-Based Genome Editing","Base editing","33606977"
"NM_004448.4(ERBB2):c.1749G>A (p.Gln583=)","chr17","39717331","G/A","ERBB2","-1.914","dataset0528","Synonymous","Neutral to the sensitivity to drug Vemurafenib in A375","sensitivity to drug Vemurafenib","6","Functionally normal","","6.20451e-07","NA","CRISPR-Based Genome Editing","Base editing","33606977"
"NM_004448.4(ERBB2):c.1751G>A (p.Cys584Tyr)","chr17","39717333","G/A","ERBB2","-1.914","dataset0528","Missense","Neutral to the sensitivity to drug Vemurafenib in A375","sensitivity to drug Vemurafenib","6","Functionally normal","","","NA","CRISPR-Based Genome Editing","Base editing","33606977"
"NM_004448.4(ERBB2):c.1753G>A (p.Val585Met)","chr17","39717335","G/A","ERBB2","-1.664","dataset0528","Missense","Neutral to the sensitivity to drug Vemurafenib in A375","sensitivity to drug Vemurafenib","6","Functionally normal","","","NA","CRISPR-Based Genome Editing","Base editing","33606977"
"NM_004448.4(ERBB2):c.1758C>T (p.Ala586=)","chr17","39717340","C/T","ERBB2","-0.11","dataset0528","Synonymous","Neutral to the sensitivity to drug Vemurafenib in A375","sensitivity to drug Vemurafenib","6","Functionally normal","","","NA","CRISPR-Based Genome Editing","Base editing","33606977"
"NM_004448.4(ERBB2):c.1773G>A (p.Lys591=)","chr17","39717355","G/A","ERBB2","0.704","dataset0528","Synonymous","Neutral to the sensitivity to drug Vemurafenib in A375","sensitivity to drug Vemurafenib","6","Functionally normal","","","NA","CRISPR-Based Genome Editing","Base editing","33606977"
"NM_004448.4(ERBB2):c.1774G>A (p.Asp592Asn)","chr17","39717356","G/A","ERBB2","0.704","dataset0528","Missense","Neutral to the sensitivity to drug Vemurafenib in A375","sensitivity to drug Vemurafenib","6","Functionally normal","","","NA","CRISPR-Based Genome Editing","Base editing","33606977"
"NM_004448.4(ERBB2):c.1776C>T (p.Asp592=)","chr17","39717358","C/T","ERBB2","0.566","dataset0528","Synonymous","Neutral to the sensitivity to drug Vemurafenib in A375","sensitivity to drug Vemurafenib","6","Functionally normal","","","NA","CRISPR-Based Genome Editing","Base editing","33606977"
"NM_004448.4(ERBB2):c.1777C>T (p.Pro593Ser)","chr17","39717359","C/T","ERBB2","0.566","dataset0528","Missense","Neutral to the sensitivity to drug Vemurafenib in A375","sensitivity to drug Vemurafenib","6","Functionally normal","","6.20099e-07","NA","CRISPR-Based Genome Editing","Base editing","33606977"
"NM_004448.4(ERBB2):c.1808G>A (p.Gly603Asp)","chr17","39717390","G/A","ERBB2","-0.65","dataset0528","Missense","Neutral to the sensitivity to drug Vemurafenib in A375","sensitivity to drug Vemurafenib","6","Functionally normal","","6.19989e-07","NA","CRISPR-Based Genome Editing","Base editing","33606977"
"NM_004448.4(ERBB2):c.1819G>A (p.Asp607Asn)","chr17","39717401","G/A","ERBB2","-0.114","dataset0528","Missense","Neutral to the sensitivity to drug Vemurafenib in A375","sensitivity to drug Vemurafenib","6","Functionally normal","","","NA","CRISPR-Based Genome Editing","Base editing","33606977"
"NM_004448.4(ERBB2):c.1824C>T (p.Leu608=)","chr17","39717406","C/T","ERBB2","0.499","dataset0528","Synonymous","Neutral to the sensitivity to drug Vemurafenib in A375","sensitivity to drug Vemurafenib","6","Functionally normal","","3.09937e-06","NA","CRISPR-Based Genome Editing","Base editing","33606977"
"NM_004448.4(ERBB2):c.1826_1827delinsTT (p.Ser609Phe)","chr17","39717408","CC/TT","ERBB2","0.499","dataset0528","Missense","Neutral to the sensitivity to drug Vemurafenib in A375","sensitivity to drug Vemurafenib","6","Functionally normal","","","NA","CRISPR-Based Genome Editing","Base editing","33606977"
"NM_004448.4(ERBB2):c.1839C>T (p.Ile613=)","chr17","39717421","C/T","ERBB2","-0.154","dataset0528","Synonymous","Neutral to the sensitivity to drug Vemurafenib in A375","sensitivity to drug Vemurafenib","6","Functionally normal","","6.19825e-07","NA","CRISPR-Based Genome Editing","Base editing","33606977"
"NM_004448.4(ERBB2):c.1841_1842delinsAA (p.Trp614Ter)","chr17","39717423","GG/AA","ERBB2","0.655","dataset0528","Nonsense","Neutral to the sensitivity to drug Vemurafenib in A375","sensitivity to drug Vemurafenib","6","Functionally normal","","","NA","CRISPR-Based Genome Editing","Base editing","33606977"
"NM_004448.4(ERBB2):c.1845G>A (p.Lys615=)","chr17","39717427","G/A","ERBB2","0.655","dataset0528","Synonymous","Neutral to the sensitivity to drug Vemurafenib in A375","sensitivity to drug Vemurafenib","6","Functionally normal","","0","NA","CRISPR-Based Genome Editing","Base editing","33606977"
"NM_004448.4(ERBB2):c.1852G>A (p.Asp618Asn)","chr17","39717434","G/A","ERBB2","0.406","dataset0528","Missense","Neutral to the sensitivity to drug Vemurafenib in A375","sensitivity to drug Vemurafenib","6","Functionally normal","","","NA","CRISPR-Based Genome Editing","Base editing","33606977"
"NM_004448.4(ERBB2):c.1898+1G>A","chr17","39717481","G/A","ERBB2","0.26","dataset0528","Splice site","Neutral to the sensitivity to drug Vemurafenib in A375","sensitivity to drug Vemurafenib","6","Functionally normal","","2.48361e-06","NA","CRISPR-Based Genome Editing","Base editing","33606977"
"NM_004448.4(ERBB2):c.1899-9C>T","chr17","39719778","C/T","ERBB2","-0.325","dataset0528","Splice site","Neutral to the sensitivity to drug Vemurafenib in A375","sensitivity to drug Vemurafenib","6","Functionally normal","Likely benign","1.23908e-06","NA","CRISPR-Based Genome Editing","Base editing","33606977"
"NM_004448.4(ERBB2):c.1928_1929delinsTT (p.Pro643Leu)","chr17","39719816","CC/TT","ERBB2","0.59","dataset0528","Missense","Neutral to the sensitivity to drug Vemurafenib in A375","sensitivity to drug Vemurafenib","6","Functionally normal","","","NA","CRISPR-Based Genome Editing","Base editing","33606977"
"NM_004448.4(ERBB2):c.1932C>T (p.Ala644=)","chr17","39719820","C/T","ERBB2","0.59","dataset0528","Synonymous","Neutral to the sensitivity to drug Vemurafenib in A375","sensitivity to drug Vemurafenib","6","Functionally normal","Benign","0.000122044","NA","CRISPR-Based Genome Editing","Base editing","33606977"
"NM_004448.4(ERBB2):c.1946G>A (p.Ser649Asn)","chr17","39719834","G/A","ERBB2","-2.36867","dataset0528","Missense","The reduced sensitivity to drug Vemurafenib in A375","sensitivity to drug Vemurafenib","6","Loss-of-function","","","NA","CRISPR-Based Genome Editing","Base editing","33606977"
"NM_004448.4(ERBB2):c.1946+1G>A","chr17","39719835","G/A","ERBB2","0.888","dataset0528","Splice site","Neutral to the sensitivity to drug Vemurafenib in A375","sensitivity to drug Vemurafenib","6","Functionally normal","","6.19515e-07","NA","CRISPR-Based Genome Editing","Base editing","33606977"
"NM_004448.4(ERBB2):c.1946+4G>A","chr17","39719838","G/A","ERBB2","0.751","dataset0528","Splice site","Neutral to the sensitivity to drug Vemurafenib in A375","sensitivity to drug Vemurafenib","6","Functionally normal","","","NA","CRISPR-Based Genome Editing","Base editing","33606977"
"NM_004448.4(ERBB2):c.1955C>T (p.Thr652Met)","chr17","39723327","C/T","ERBB2","1.858","dataset0528","Missense","Neutral to the sensitivity to drug Vemurafenib in A375","sensitivity to drug Vemurafenib","6","Functionally normal","","","NA","CRISPR-Based Genome Editing","Base editing","33606977"
"NM_004448.4(ERBB2):c.1956G>A (p.Thr652=)","chr17","39723328","G/A","ERBB2","0.345","dataset0528","Synonymous","Neutral to the sensitivity to drug Vemurafenib in A375","sensitivity to drug Vemurafenib","6","Functionally normal","","4.96489e-06","NA","CRISPR-Based Genome Editing","Base editing","33606977"
"NM_004448.4(ERBB2):c.1958_1959delinsTT (p.Ser653Phe)","chr17","39723330","CC/TT","ERBB2","-0.335","dataset0528","Missense","Neutral to the sensitivity to drug Vemurafenib in A375","sensitivity to drug Vemurafenib","6","Functionally normal","","","NA","CRISPR-Based Genome Editing","Base editing","33606977"
"NM_004448.4(ERBB2):c.1962C>T (p.Ile654=)","chr17","39723334","C/T","ERBB2","0.418","dataset0528","Synonymous","Neutral to the sensitivity to drug Vemurafenib in A375","sensitivity to drug Vemurafenib","6","Functionally normal","","2.48011e-06","NA","CRISPR-Based Genome Editing","Base editing","33606977"
"NM_004448.4(ERBB2):c.1974G>A (p.Val658=)","chr17","39723346","G/A","ERBB2","0.148","dataset0528","Synonymous","Neutral to the sensitivity to drug Vemurafenib in A375","sensitivity to drug Vemurafenib","6","Functionally normal","","2.4781e-06","NA","CRISPR-Based Genome Editing","Base editing","33606977"
"NM_004448.4(ERBB2):c.1975G>A (p.Val659Ile)","chr17","39723347","G/A","ERBB2","0.148","dataset0528","Missense","Neutral to the sensitivity to drug Vemurafenib in A375","sensitivity to drug Vemurafenib","6","Functionally normal","","","NA","CRISPR-Based Genome Editing","Base editing","33606977"
"NM_004448.4(ERBB2):c.1984C>T (p.Leu662=)","chr17","39723356","C/T","ERBB2","-0.014","dataset0528","Synonymous","Neutral to the sensitivity to drug Vemurafenib in A375","sensitivity to drug Vemurafenib","6","Functionally normal","","","NA","CRISPR-Based Genome Editing","Base editing","33606977"
"NM_004448.4(ERBB2):c.1992C>T (p.Val664=)","chr17","39723364","C/T","ERBB2","-0.313","dataset0528","Synonymous","Neutral to the sensitivity to drug Vemurafenib in A375","sensitivity to drug Vemurafenib","6","Functionally normal","","6.19715e-07","NA","CRISPR-Based Genome Editing","Base editing","33606977"
"NM_004448.4(ERBB2):c.1998C>T (p.Val666=)","chr17","39723370","C/T","ERBB2","-1.1505","dataset0528","Synonymous","Neutral to the sensitivity to drug Vemurafenib in A375","sensitivity to drug Vemurafenib","6","Functionally normal","","6.19987e-07","NA","CRISPR-Based Genome Editing","Base editing","33606977"
"NM_004448.4(ERBB2):c.2019C>T (p.Ile673=)","chr17","39723391","C/T","ERBB2","0.092","dataset0528","Synonymous","Neutral to the sensitivity to drug Vemurafenib in A375","sensitivity to drug Vemurafenib","6","Functionally normal","","","NA","CRISPR-Based Genome Editing","Base editing","33606977"
"NM_004448.4(ERBB2):c.2032C>T (p.Arg678Trp)","chr17","39723404","C/T","ERBB2","0.388","dataset0528","Missense","Neutral to the sensitivity to drug Vemurafenib in A375","sensitivity to drug Vemurafenib","6","Functionally normal","","3.71738e-06","NA","CRISPR-Based Genome Editing","Base editing","33606977"
"NM_004448.4(ERBB2):c.2046C>T (p.Ile682=)","chr17","39723418","C/T","ERBB2","-0.188","dataset0528","Synonymous","Neutral to the sensitivity to drug Vemurafenib in A375","sensitivity to drug Vemurafenib","6","Functionally normal","","","NA","CRISPR-Based Genome Editing","Base editing","33606977"
"NM_004448.4(ERBB2):c.2047C>T (p.Arg683Trp)","chr17","39723419","C/T","ERBB2","-0.188","dataset0528","Missense","Neutral to the sensitivity to drug Vemurafenib in A375","sensitivity to drug Vemurafenib","6","Functionally normal","","6.19507e-07","NA","CRISPR-Based Genome Editing","Base editing","33606977"
"NM_004448.4(ERBB2):c.2063_2064delinsAA (p.Arg688Gln)","chr17","39723435","GG/AA","ERBB2","0.362","dataset0528","Missense","Neutral to the sensitivity to drug Vemurafenib in A375","sensitivity to drug Vemurafenib","6","Functionally normal","","","NA","CRISPR-Based Genome Editing","Base editing","33606977"
"NM_004448.4(ERBB2):c.2068C>T (p.Leu690=)","chr17","39723440","C/T","ERBB2","0.395","dataset0528","Synonymous","Neutral to the sensitivity to drug Vemurafenib in A375","sensitivity to drug Vemurafenib","6","Functionally normal","","","NA","CRISPR-Based Genome Editing","Base editing","33606977"
"NM_004448.4(ERBB2):c.2086-13C>T","chr17","39723525","C/T","ERBB2","-0.778","dataset0528","Splice site","Neutral to the sensitivity to drug Vemurafenib in A375","sensitivity to drug Vemurafenib","6","Functionally normal","","","NA","CRISPR-Based Genome Editing","Base editing","33606977"
"NM_004448.4(ERBB2):c.2086-12C>T","chr17","39723526","C/T","ERBB2","-0.778","dataset0528","Splice site","Neutral to the sensitivity to drug Vemurafenib in A375","sensitivity to drug Vemurafenib","6","Functionally normal","","","NA","CRISPR-Based Genome Editing","Base editing","33606977"
"NM_004448.4(ERBB2):c.2086-11C>T","chr17","39723527","C/T","ERBB2","-0.778","dataset0528","Splice site","Neutral to the sensitivity to drug Vemurafenib in A375","sensitivity to drug Vemurafenib","6","Functionally normal","","1.24013e-06","NA","CRISPR-Based Genome Editing","Base editing","33606977"
"NM_004448.4(ERBB2):c.2086-10C>T","chr17","39723528","C/T","ERBB2","-0.778","dataset0528","Splice site","Neutral to the sensitivity to drug Vemurafenib in A375","sensitivity to drug Vemurafenib","6","Functionally normal","","","NA","CRISPR-Based Genome Editing","Base editing","33606977"
"NM_004448.4(ERBB2):c.2096C>T (p.Pro699Leu)","chr17","39723548","C/T","ERBB2","-1.821","dataset0528","Missense","Neutral to the sensitivity to drug Vemurafenib in A375","sensitivity to drug Vemurafenib","6","Functionally normal","","","NA","CRISPR-Based Genome Editing","Base editing","33606977"
"NM_004448.4(ERBB2):c.2100G>A (p.Leu700=)","chr17","39723552","G/A","ERBB2","-0.2945","dataset0528","Synonymous","Neutral to the sensitivity to drug Vemurafenib in A375","sensitivity to drug Vemurafenib","6","Functionally normal","","","NA","CRISPR-Based Genome Editing","Base editing","33606977"
"NM_004448.4(ERBB2):c.2110_2111delinsAA (p.Gly704Lys)","chr17","39723562","GG/AA","ERBB2","0.235","dataset0528","Missense","Neutral to the sensitivity to drug Vemurafenib in A375","sensitivity to drug Vemurafenib","6","Functionally normal","","","NA","CRISPR-Based Genome Editing","Base editing","33606977"
"NM_004448.4(ERBB2):c.2120_2121delinsTT (p.Pro707Leu)","chr17","39723572","CC/TT","ERBB2","-0.336","dataset0528","Missense","Neutral to the sensitivity to drug Vemurafenib in A375","sensitivity to drug Vemurafenib","6","Functionally normal","","","NA","CRISPR-Based Genome Editing","Base editing","33606977"
"NM_004448.4(ERBB2):c.2124C>T (p.Asn708=)","chr17","39723576","C/T","ERBB2","-0.336","dataset0528","Synonymous","Neutral to the sensitivity to drug Vemurafenib in A375","sensitivity to drug Vemurafenib","6","Functionally normal","","","NA","CRISPR-Based Genome Editing","Base editing","33606977"
"NM_004448.4(ERBB2):c.2138_2139delinsAA (p.Arg713Gln)","chr17","39723590","GG/AA","ERBB2","0.157","dataset0528","Missense","Neutral to the sensitivity to drug Vemurafenib in A375","sensitivity to drug Vemurafenib","6","Functionally normal","","","NA","CRISPR-Based Genome Editing","Base editing","33606977"
"NM_004448.4(ERBB2):c.2138G>A (p.Arg713Gln)","chr17","39723590","G/A","ERBB2","-0.598","dataset0528","Missense","Neutral to the sensitivity to drug Vemurafenib in A375","sensitivity to drug Vemurafenib","6","Functionally normal","","6.21455e-07","NA","CRISPR-Based Genome Editing","Base editing","33606977"
"NM_004448.4(ERBB2):c.2139G>A (p.Arg713=)","chr17","39723591","G/A","ERBB2","0.858","dataset0528","Synonymous","Neutral to the sensitivity to drug Vemurafenib in A375","sensitivity to drug Vemurafenib","6","Functionally normal","","6.21502e-07","NA","CRISPR-Based Genome Editing","Base editing","33606977"
"NM_004448.4(ERBB2):c.2209-8C>T","chr17","39723904","C/T","ERBB2","0.843","dataset0528","Splice site","Neutral to the sensitivity to drug Vemurafenib in A375","sensitivity to drug Vemurafenib","6","Functionally normal","","","NA","CRISPR-Based Genome Editing","Base editing","33606977"
"NM_004448.4(ERBB2):c.2214C>T (p.Ile738=)","chr17","39723917","C/T","ERBB2","0.0375","dataset0528","Synonymous","Neutral to the sensitivity to drug Vemurafenib in A375","sensitivity to drug Vemurafenib","6","Functionally normal","","6.19711e-07","NA","CRISPR-Based Genome Editing","Base editing","33606977"
"NM_004448.4(ERBB2):c.2224G>A (p.Asp742Asn)","chr17","39723927","G/A","ERBB2","-0.067","dataset0528","Missense","Neutral to the sensitivity to drug Vemurafenib in A375","sensitivity to drug Vemurafenib","6","Functionally normal","","","NA","CRISPR-Based Genome Editing","Base editing","33606977"
"NM_004448.4(ERBB2):c.2253C>T (p.Ala751=)","chr17","39723956","C/T","ERBB2","-0.553","dataset0528","Synonymous","Neutral to the sensitivity to drug Vemurafenib in A375","sensitivity to drug Vemurafenib","6","Functionally normal","","","NA","CRISPR-Based Genome Editing","Base editing","33606977"
"NM_004448.4(ERBB2):c.2296G>A (p.Glu766Lys)","chr17","39723999","G/A","ERBB2","0.3575","dataset0528","Missense","Neutral to the sensitivity to drug Vemurafenib in A375","sensitivity to drug Vemurafenib","6","Functionally normal","Uncertain significance","","NA","CRISPR-Based Genome Editing","Base editing","33606977"
"NM_004448.4(ERBB2):c.2305G>A (p.Asp769Asn)","chr17","39724008","G/A","ERBB2","-0.381","dataset0528","Missense","Neutral to the sensitivity to drug Vemurafenib in A375","sensitivity to drug Vemurafenib","6","Functionally normal","","","cesc:0.3% (1/297):0.310","CRISPR-Based Genome Editing","Base editing","33606977"
"NM_004448.4(ERBB2):c.2308-4C>T","chr17","39724722","C/T","ERBB2","0.413","dataset0528","Splice site","Neutral to the sensitivity to drug Vemurafenib in A375","sensitivity to drug Vemurafenib","6","Functionally normal","","6.19633e-07","NA","CRISPR-Based Genome Editing","Base editing","33606977"
"NM_004448.4(ERBB2):c.2308-3C>T","chr17","39724723","C/T","ERBB2","0.413","dataset0528","Splice site","Neutral to the sensitivity to drug Vemurafenib in A375","sensitivity to drug Vemurafenib","6","Functionally normal","","","NA","CRISPR-Based Genome Editing","Base editing","33606977"
"NM_004448.4(ERBB2):c.2316C>T (p.Tyr772=)","chr17","39724734","C/T","ERBB2","0.146","dataset0528","Synonymous","Neutral to the sensitivity to drug Vemurafenib in A375","sensitivity to drug Vemurafenib","6","Functionally normal","Likely benign","1.23921e-05","NA","CRISPR-Based Genome Editing","Base editing","33606977"
"NM_004448.4(ERBB2):c.2319G>A (p.Val773=)","chr17","39724737","G/A","ERBB2","0.478","dataset0528","Synonymous","Neutral to the sensitivity to drug Vemurafenib in A375","sensitivity to drug Vemurafenib","6","Functionally normal","","","NA","CRISPR-Based Genome Editing","Base editing","33606977"
"NM_004448.4(ERBB2):c.2322G>A (p.Met774Ile)","chr17","39724740","G/A","ERBB2","0.478","dataset0528","Missense","Neutral to the sensitivity to drug Vemurafenib in A375","sensitivity to drug Vemurafenib","6","Functionally normal","","","NA","CRISPR-Based Genome Editing","Base editing","33606977"
"NM_004448.4(ERBB2):c.2364C>T (p.Ile788=)","chr17","39724782","C/T","ERBB2","-0.416","dataset0528","Synonymous","Neutral to the sensitivity to drug Vemurafenib in A375","sensitivity to drug Vemurafenib","6","Functionally normal","","6.19483e-07","NA","CRISPR-Based Genome Editing","Base editing","33606977"
"NM_004448.4(ERBB2):c.2370G>A (p.Leu790=)","chr17","39724788","G/A","ERBB2","-0.572","dataset0528","Synonymous","Neutral to the sensitivity to drug Vemurafenib in A375","sensitivity to drug Vemurafenib","6","Functionally normal","","","NA","CRISPR-Based Genome Editing","Base editing","33606977"
"NM_004448.4(ERBB2):c.2372C>T (p.Thr791Ile)","chr17","39724790","C/T","ERBB2","-0.001","dataset0528","Missense","Neutral to the sensitivity to drug Vemurafenib in A375","sensitivity to drug Vemurafenib","6","Functionally normal","","","NA","CRISPR-Based Genome Editing","Base editing","33606977"
"NM_004448.4(ERBB2):c.2391G>A (p.Val797=)","chr17","39724809","G/A","ERBB2","-0.041","dataset0528","Synonymous","Neutral to the sensitivity to drug Vemurafenib in A375","sensitivity to drug Vemurafenib","6","Functionally normal","","3.09762e-06","NA","CRISPR-Based Genome Editing","Base editing","33606977"
"NM_004448.4(ERBB2):c.2393C>T (p.Thr798Ile)","chr17","39724811","C/T","ERBB2","-0.264","dataset0528","Missense","Neutral to the sensitivity to drug Vemurafenib in A375","sensitivity to drug Vemurafenib","6","Functionally normal","","","NA","CRISPR-Based Genome Editing","Base editing","33606977"
"NM_004448.4(ERBB2):c.2395C>T (p.Gln799Ter)","chr17","39724813","C/T","ERBB2","-0.264","dataset0528","Nonsense","Neutral to the sensitivity to drug Vemurafenib in A375","sensitivity to drug Vemurafenib","6","Functionally normal","","","NA","CRISPR-Based Genome Editing","Base editing","33606977"
"NM_004448.4(ERBB2):c.2422G>A (p.Asp808Asn)","chr17","39724840","G/A","ERBB2","-0.636","dataset0528","Missense","Neutral to the sensitivity to drug Vemurafenib in A375","sensitivity to drug Vemurafenib","6","Functionally normal","","","NA","CRISPR-Based Genome Editing","Base editing","33606977"
"NM_004448.4(ERBB2):c.2425C>T (p.His809Tyr)","chr17","39724843","C/T","ERBB2","0.015","dataset0528","Missense","Neutral to the sensitivity to drug Vemurafenib in A375","sensitivity to drug Vemurafenib","6","Functionally normal","","","NA","CRISPR-Based Genome Editing","Base editing","33606977"
"NM_004448.4(ERBB2):c.2432_2433delinsAA (p.Arg811Gln)","chr17","39724850","GG/AA","ERBB2","1.106","dataset0528","Missense","Neutral to the sensitivity to drug Vemurafenib in A375","sensitivity to drug Vemurafenib","6","Functionally normal","","","NA","CRISPR-Based Genome Editing","Base editing","33606977"
"NM_004448.4(ERBB2):c.2434G>A (p.Glu812Lys)","chr17","39724852","G/A","ERBB2","1.106","dataset0528","Missense","Neutral to the sensitivity to drug Vemurafenib in A375","sensitivity to drug Vemurafenib","6","Functionally normal","","","NA","CRISPR-Based Genome Editing","Base editing","33606977"
"NM_004448.4(ERBB2):c.2446C>T (p.Arg816Cys)","chr17","39724864","C/T","ERBB2","-0.099","dataset0528","Missense","Neutral to the sensitivity to drug Vemurafenib in A375","sensitivity to drug Vemurafenib","6","Functionally normal","Uncertain significance","6.81447e-06","NA","CRISPR-Based Genome Editing","Base editing","33606977"
"NM_004448.4(ERBB2):c.2456_2457delinsTT (p.Ser819Phe)","chr17","39724874","CC/TT","ERBB2","-0.899","dataset0528","Missense","Neutral to the sensitivity to drug Vemurafenib in A375","sensitivity to drug Vemurafenib","6","Functionally normal","","","NA","CRISPR-Based Genome Editing","Base editing","33606977"
"NM_004448.4(ERBB2):c.2458C>T (p.Gln820Ter)","chr17","39724876","C/T","ERBB2","-0.899","dataset0528","Nonsense","Neutral to the sensitivity to drug Vemurafenib in A375","sensitivity to drug Vemurafenib","6","Functionally normal","","","NA","CRISPR-Based Genome Editing","Base editing","33606977"
"NM_004448.4(ERBB2):c.2474_2475delinsAA (p.Trp825Ter)","chr17","39724892","GG/AA","ERBB2","0.1445","dataset0528","Nonsense","Neutral to the sensitivity to drug Vemurafenib in A375","sensitivity to drug Vemurafenib","6","Functionally normal","","","NA","CRISPR-Based Genome Editing","Base editing","33606977"
"NM_004448.4(ERBB2):c.2494-4C>T","chr17","39725045","C/T","ERBB2","0.316","dataset0528","Splice site","Neutral to the sensitivity to drug Vemurafenib in A375","sensitivity to drug Vemurafenib","6","Functionally normal","","1.85863e-06","NA","CRISPR-Based Genome Editing","Base editing","33606977"
"NM_004448.4(ERBB2):c.2494-3C>T","chr17","39725046","C/T","ERBB2","0.316","dataset0528","Splice site","Neutral to the sensitivity to drug Vemurafenib in A375","sensitivity to drug Vemurafenib","6","Functionally normal","Uncertain significance","","NA","CRISPR-Based Genome Editing","Base editing","33606977"
"NM_004448.4(ERBB2):c.2505C>T (p.Tyr835=)","chr17","39725060","C/T","ERBB2","0.928","dataset0528","Synonymous","Neutral to the sensitivity to drug Vemurafenib in A375","sensitivity to drug Vemurafenib","6","Functionally normal","","0","NA","CRISPR-Based Genome Editing","Base editing","33606977"
"NM_004448.4(ERBB2):c.2508G>A (p.Leu836=)","chr17","39725063","G/A","ERBB2","0.902","dataset0528","Synonymous","Neutral to the sensitivity to drug Vemurafenib in A375","sensitivity to drug Vemurafenib","6","Functionally normal","","1.11518e-05","NA","CRISPR-Based Genome Editing","Base editing","33606977"
"NM_004448.4(ERBB2):c.2509G>A (p.Glu837Lys)","chr17","39725064","G/A","ERBB2","0.902","dataset0528","Missense","Neutral to the sensitivity to drug Vemurafenib in A375","sensitivity to drug Vemurafenib","6","Functionally normal","","","NA","CRISPR-Based Genome Editing","Base editing","33606977"
"NM_004448.4(ERBB2):c.2523C>T (p.Leu841=)","chr17","39725078","C/T","ERBB2","-0.281","dataset0528","Synonymous","Neutral to the sensitivity to drug Vemurafenib in A375","sensitivity to drug Vemurafenib","6","Functionally normal","Likely benign","2.23048e-05","NA","CRISPR-Based Genome Editing","Base editing","33606977"
"NM_004448.4(ERBB2):c.2524G>A (p.Val842Ile)","chr17","39725079","G/A","ERBB2","-0.33","dataset0528","Missense","Neutral to the sensitivity to drug Vemurafenib in A375","sensitivity to drug Vemurafenib","6","Functionally normal","Uncertain significance","1.85859e-06","blca:0.5% (2/411):0.485;brca:0.1% (1/1084):0.420;coad:0.2% (1/439):0.740;paad:1.1% (2/184):0.190;read:1.3% (2/155):0.680;stad:0.2% (1/440):0.330;ucec:0.8% (4/529):0.375;ucs:1.8% (1/57):0.420","CRISPR-Based Genome Editing","Base editing","33606977"
"NM_004448.4(ERBB2):c.2529C>T (p.His843=)","chr17","39725084","C/T","ERBB2","0.171","dataset0528","Synonymous","Neutral to the sensitivity to drug Vemurafenib in A375","sensitivity to drug Vemurafenib","6","Functionally normal","","6.19513e-07","NA","CRISPR-Based Genome Editing","Base editing","33606977"
"NM_004448.4(ERBB2):c.2541C>T (p.Ala847=)","chr17","39725096","C/T","ERBB2","0.587","dataset0528","Synonymous","Neutral to the sensitivity to drug Vemurafenib in A375","sensitivity to drug Vemurafenib","6","Functionally normal","Likely benign","0.000475805","NA","CRISPR-Based Genome Editing","Base editing","33606977"
"NM_004448.4(ERBB2):c.2556G>A (p.Leu852=)","chr17","39725111","G/A","ERBB2","2.491","dataset0528","Synonymous","The enhanced sensitivity to drug Vemurafenib in A375","sensitivity to drug Vemurafenib","6","Gain-of-function","","","NA","CRISPR-Based Genome Editing","Base editing","33606977"
"NM_004448.4(ERBB2):c.2557G>A (p.Val853Ile)","chr17","39725112","G/A","ERBB2","2.491","dataset0528","Missense","The enhanced sensitivity to drug Vemurafenib in A375","sensitivity to drug Vemurafenib","6","Gain-of-function","","","NA","CRISPR-Based Genome Editing","Base editing","33606977"
"NM_004448.4(ERBB2):c.2577C>T (p.Val859=)","chr17","39725132","C/T","ERBB2","-0.283","dataset0528","Synonymous","Neutral to the sensitivity to drug Vemurafenib in A375","sensitivity to drug Vemurafenib","6","Functionally normal","","6.19536e-07","NA","CRISPR-Based Genome Editing","Base editing","33606977"
"NM_004448.4(ERBB2):c.2585C>T (p.Thr862Ile)","chr17","39725140","C/T","ERBB2","0.085","dataset0528","Missense","Neutral to the sensitivity to drug Vemurafenib in A375","sensitivity to drug Vemurafenib","6","Functionally normal","","6.19512e-07","NA","CRISPR-Based Genome Editing","Base editing","33606977"
"NM_004448.4(ERBB2):c.2589C>T (p.Asp863=)","chr17","39725144","C/T","ERBB2","0.085","dataset0528","Synonymous","Neutral to the sensitivity to drug Vemurafenib in A375","sensitivity to drug Vemurafenib","6","Functionally normal","Uncertain significance","6.19566e-06","NA","CRISPR-Based Genome Editing","Base editing","33606977"
"NM_004448.4(ERBB2):c.2592C>T (p.Phe864=)","chr17","39725147","C/T","ERBB2","0.175","dataset0528","Synonymous","Neutral to the sensitivity to drug Vemurafenib in A375","sensitivity to drug Vemurafenib","6","Functionally normal","Likely benign","1.54886e-05","NA","CRISPR-Based Genome Editing","Base editing","33606977"
"NM_004448.4(ERBB2):c.2624C>T (p.Thr875Ile)","chr17","39725179","C/T","ERBB2","0.163","dataset0528","Missense","Neutral to the sensitivity to drug Vemurafenib in A375","sensitivity to drug Vemurafenib","6","Functionally normal","","","NA","CRISPR-Based Genome Editing","Base editing","33606977"
"NM_004448.4(ERBB2):c.2631C>T (p.Tyr877=)","chr17","39725186","C/T","ERBB2","-2.291","dataset0528","Synonymous","The reduced sensitivity to drug Vemurafenib in A375","sensitivity to drug Vemurafenib","6","Loss-of-function","","","NA","CRISPR-Based Genome Editing","Base editing","33606977"
"NM_004448.4(ERBB2):c.2632C>T (p.His878Tyr)","chr17","39725187","C/T","ERBB2","-2.291","dataset0528","Missense","The reduced sensitivity to drug Vemurafenib in A375","sensitivity to drug Vemurafenib","6","Loss-of-function","","","NA","CRISPR-Based Genome Editing","Base editing","33606977"
"NM_004448.4(ERBB2):c.2649G>A (p.Lys883=)","chr17","39725204","G/A","ERBB2","-0.023","dataset0528","Splice site","Neutral to the sensitivity to drug Vemurafenib in A375","sensitivity to drug Vemurafenib","6","Functionally normal","","","NA","CRISPR-Based Genome Editing","Base editing","33606977"
"NM_004448.4(ERBB2):c.2649+1G>A","chr17","39725205","G/A","ERBB2","-0.023","dataset0528","Splice site","Neutral to the sensitivity to drug Vemurafenib in A375","sensitivity to drug Vemurafenib","6","Functionally normal","","","NA","CRISPR-Based Genome Editing","Base editing","33606977"
"NM_004448.4(ERBB2):c.2650-5C>T","chr17","39725322","C/T","ERBB2","-0.479","dataset0528","Splice site","Neutral to the sensitivity to drug Vemurafenib in A375","sensitivity to drug Vemurafenib","6","Functionally normal","","4.64703e-05","NA","CRISPR-Based Genome Editing","Base editing","33606977"
"NM_004448.4(ERBB2):c.2650-4C>T","chr17","39725323","C/T","ERBB2","-0.479","dataset0528","Splice site","Neutral to the sensitivity to drug Vemurafenib in A375","sensitivity to drug Vemurafenib","6","Functionally normal","","6.19557e-07","NA","CRISPR-Based Genome Editing","Base editing","33606977"
"NM_004448.4(ERBB2):c.2650-3C>T","chr17","39725324","C/T","ERBB2","-0.479","dataset0528","Splice site","Neutral to the sensitivity to drug Vemurafenib in A375","sensitivity to drug Vemurafenib","6","Functionally normal","","6.19563e-07","NA","CRISPR-Based Genome Editing","Base editing","33606977"
"NM_004448.4(ERBB2):c.2655C>T (p.Pro885=)","chr17","39725332","C/T","ERBB2","0.316","dataset0528","Synonymous","Neutral to the sensitivity to drug Vemurafenib in A375","sensitivity to drug Vemurafenib","6","Functionally normal","","1.23925e-06","NA","CRISPR-Based Genome Editing","Base editing","33606977"
"NM_004448.4(ERBB2):c.2658C>T (p.Ile886=)","chr17","39725335","C/T","ERBB2","0.316","dataset0528","Synonymous","Neutral to the sensitivity to drug Vemurafenib in A375","sensitivity to drug Vemurafenib","6","Functionally normal","","4.95707e-06","NA","CRISPR-Based Genome Editing","Base editing","33606977"
"NM_004448.4(ERBB2):c.2661G>A (p.Lys887=)","chr17","39725338","G/A","ERBB2","-0.0495","dataset0528","Synonymous","Neutral to the sensitivity to drug Vemurafenib in A375","sensitivity to drug Vemurafenib","6","Functionally normal","","1.23914e-06","NA","CRISPR-Based Genome Editing","Base editing","33606977"
"NM_004448.4(ERBB2):c.2663_2664delinsAA (p.Trp888Ter)","chr17","39725340","GG/AA","ERBB2","-0.0495","dataset0528","Nonsense","Neutral to the sensitivity to drug Vemurafenib in A375","sensitivity to drug Vemurafenib","6","Functionally normal","","","NA","CRISPR-Based Genome Editing","Base editing","33606977"
"NM_004448.4(ERBB2):c.2673G>A (p.Leu891=)","chr17","39725350","G/A","ERBB2","0.019","dataset0528","Synonymous","Neutral to the sensitivity to drug Vemurafenib in A375","sensitivity to drug Vemurafenib","6","Functionally normal","","6.1955e-07","NA","CRISPR-Based Genome Editing","Base editing","33606977"
"NM_004448.4(ERBB2):c.2678_2679delinsTT (p.Ser893Phe)","chr17","39725355","CC/TT","ERBB2","0.059","dataset0528","Missense","Neutral to the sensitivity to drug Vemurafenib in A375","sensitivity to drug Vemurafenib","6","Functionally normal","","","NA","CRISPR-Based Genome Editing","Base editing","33606977"
"NM_004448.4(ERBB2):c.2693_2694delinsAA (p.Arg898Gln)","chr17","39725370","GG/AA","ERBB2","-0.008","dataset0528","Missense","Neutral to the sensitivity to drug Vemurafenib in A375","sensitivity to drug Vemurafenib","6","Functionally normal","","","NA","CRISPR-Based Genome Editing","Base editing","33606977"
"NM_004448.4(ERBB2):c.2699_2700delinsTT (p.Thr900Ile)","chr17","39725376","CC/TT","ERBB2","1.117","dataset0528","Missense","Neutral to the sensitivity to drug Vemurafenib in A375","sensitivity to drug Vemurafenib","6","Functionally normal","","","NA","CRISPR-Based Genome Editing","Base editing","33606977"
"NM_004448.4(ERBB2):c.2706G>A (p.Gln902=)","chr17","39725383","G/A","ERBB2","0.135","dataset0528","Synonymous","Neutral to the sensitivity to drug Vemurafenib in A375","sensitivity to drug Vemurafenib","6","Functionally normal","","","NA","CRISPR-Based Genome Editing","Base editing","33606977"
"NM_004448.4(ERBB2):c.2715G>A (p.Val905=)","chr17","39725392","G/A","ERBB2","1.1135","dataset0528","Synonymous","Neutral to the sensitivity to drug Vemurafenib in A375","sensitivity to drug Vemurafenib","6","Functionally normal","Uncertain significance","","NA","CRISPR-Based Genome Editing","Base editing","33606977"
"NM_004448.4(ERBB2):c.2717_2718delinsAA (p.Trp906Ter)","chr17","39725394","GG/AA","ERBB2","1.1135","dataset0528","Nonsense","Neutral to the sensitivity to drug Vemurafenib in A375","sensitivity to drug Vemurafenib","6","Functionally normal","","","NA","CRISPR-Based Genome Editing","Base editing","33606977"
"NM_004448.4(ERBB2):c.2718G>A (p.Trp906Ter)","chr17","39725395","G/A","ERBB2","0.103","dataset0528","Nonsense","Neutral to the sensitivity to drug Vemurafenib in A375","sensitivity to drug Vemurafenib","6","Functionally normal","","","NA","CRISPR-Based Genome Editing","Base editing","33606977"
"NM_004448.4(ERBB2):c.2720G>A (p.Ser907Asn)","chr17","39725397","G/A","ERBB2","0.103","dataset0528","Missense","Neutral to the sensitivity to drug Vemurafenib in A375","sensitivity to drug Vemurafenib","6","Functionally normal","","","NA","CRISPR-Based Genome Editing","Base editing","33606977"
"NM_004448.4(ERBB2):c.2726-5C>T","chr17","39725702","C/T","ERBB2","-0.5045","dataset0528","Splice site","Neutral to the sensitivity to drug Vemurafenib in A375","sensitivity to drug Vemurafenib","6","Functionally normal","","6.21095e-07","NA","CRISPR-Based Genome Editing","Base editing","33606977"
"NM_004448.4(ERBB2):c.2736G>A (p.Val912=)","chr17","39725717","G/A","ERBB2","0.184","dataset0528","Synonymous","Neutral to the sensitivity to drug Vemurafenib in A375","sensitivity to drug Vemurafenib","6","Functionally normal","","1.23997e-06","NA","CRISPR-Based Genome Editing","Base editing","33606977"
"NM_004448.4(ERBB2):c.2738_2739delinsAA (p.Trp913Ter)","chr17","39725719","GG/AA","ERBB2","0.184","dataset0528","Nonsense","Neutral to the sensitivity to drug Vemurafenib in A375","sensitivity to drug Vemurafenib","6","Functionally normal","","","NA","CRISPR-Based Genome Editing","Base editing","33606977"
"NM_004448.4(ERBB2):c.2760C>T (p.Ala920=)","chr17","39725741","C/T","ERBB2","0.729","dataset0528","Synonymous","Neutral to the sensitivity to drug Vemurafenib in A375","sensitivity to drug Vemurafenib","6","Functionally normal","","","NA","CRISPR-Based Genome Editing","Base editing","33606977"
"NM_004448.4(ERBB2):c.2769C>T (p.Tyr923=)","chr17","39725750","C/T","ERBB2","0.687","dataset0528","Synonymous","Neutral to the sensitivity to drug Vemurafenib in A375","sensitivity to drug Vemurafenib","6","Functionally normal","Likely benign","8.79924e-05","NA","CRISPR-Based Genome Editing","Base editing","33606977"
"NM_004448.4(ERBB2):c.2774_2775delinsAA (p.Gly925Glu)","chr17","39725755","GG/AA","ERBB2","-1.951","dataset0528","Missense","Neutral to the sensitivity to drug Vemurafenib in A375","sensitivity to drug Vemurafenib","6","Functionally normal","","","NA","CRISPR-Based Genome Editing","Base editing","33606977"
"NM_004448.4(ERBB2):c.2793C>T (p.Ile931=)","chr17","39725774","C/T","ERBB2","-0.083","dataset0528","Synonymous","Neutral to the sensitivity to drug Vemurafenib in A375","sensitivity to drug Vemurafenib","6","Functionally normal","","","NA","CRISPR-Based Genome Editing","Base editing","33606977"
"NM_004448.4(ERBB2):c.2794_2795delinsTT (p.Pro932Phe)","chr17","39725775","CC/TT","ERBB2","-0.166","dataset0528","Missense","Neutral to the sensitivity to drug Vemurafenib in A375","sensitivity to drug Vemurafenib","6","Functionally normal","","","NA","CRISPR-Based Genome Editing","Base editing","33606977"
"NM_004448.4(ERBB2):c.2795C>T (p.Pro932Leu)","chr17","39725776","C/T","ERBB2","0.848","dataset0528","Missense","Neutral to the sensitivity to drug Vemurafenib in A375","sensitivity to drug Vemurafenib","6","Functionally normal","","","NA","CRISPR-Based Genome Editing","Base editing","33606977"
"NM_004448.4(ERBB2):c.2797G>A (p.Asp933Asn)","chr17","39725778","G/A","ERBB2","-0.974","dataset0528","Missense","Neutral to the sensitivity to drug Vemurafenib in A375","sensitivity to drug Vemurafenib","6","Functionally normal","","","NA","CRISPR-Based Genome Editing","Base editing","33606977"
"NM_004448.4(ERBB2):c.2799C>T (p.Asp933=)","chr17","39725780","C/T","ERBB2","0.957","dataset0528","Synonymous","Neutral to the sensitivity to drug Vemurafenib in A375","sensitivity to drug Vemurafenib","6","Functionally normal","","","NA","CRISPR-Based Genome Editing","Base editing","33606977"
"NM_004448.4(ERBB2):c.2800C>T (p.Leu934=)","chr17","39725781","C/T","ERBB2","1.066","dataset0528","Synonymous","Neutral to the sensitivity to drug Vemurafenib in A375","sensitivity to drug Vemurafenib","6","Functionally normal","","","NA","CRISPR-Based Genome Editing","Base editing","33606977"
"NM_004448.4(ERBB2):c.2848G>A (p.Asp950Asn)","chr17","39725829","G/A","ERBB2","0.87475","dataset0528","Missense","Neutral to the sensitivity to drug Vemurafenib in A375","sensitivity to drug Vemurafenib","6","Functionally normal","","","NA","CRISPR-Based Genome Editing","Base editing","33606977"
"NM_004448.4(ERBB2):c.2851G>A (p.Val951Ile)","chr17","39725832","G/A","ERBB2","0.989667","dataset0528","Missense","Neutral to the sensitivity to drug Vemurafenib in A375","sensitivity to drug Vemurafenib","6","Functionally normal","","2.47852e-06","NA","CRISPR-Based Genome Editing","Base editing","33606977"
"NM_004448.4(ERBB2):c.2859G>A (p.Met953Ile)","chr17","39725840","G/A","ERBB2","0.21","dataset0528","Missense","Neutral to the sensitivity to drug Vemurafenib in A375","sensitivity to drug Vemurafenib","6","Functionally normal","","","NA","CRISPR-Based Genome Editing","Base editing","33606977"
"NM_004448.4(ERBB2):c.2884G>A (p.Asp962Asn)","chr17","39726573","G/A","ERBB2","0.474667","dataset0528","Missense","Neutral to the sensitivity to drug Vemurafenib in A375","sensitivity to drug Vemurafenib","6","Functionally normal","","","NA","CRISPR-Based Genome Editing","Base editing","33606977"
"NM_004448.4(ERBB2):c.2896C>T (p.Arg966Trp)","chr17","39726585","C/T","ERBB2","0.163","dataset0528","Missense","Neutral to the sensitivity to drug Vemurafenib in A375","sensitivity to drug Vemurafenib","6","Functionally normal","","6.1953e-07","NA","CRISPR-Based Genome Editing","Base editing","33606977"
"NM_004448.4(ERBB2):c.2900C>T (p.Pro967Leu)","chr17","39726589","C/T","ERBB2","0.376","dataset0528","Missense","Neutral to the sensitivity to drug Vemurafenib in A375","sensitivity to drug Vemurafenib","6","Functionally normal","","","NA","CRISPR-Based Genome Editing","Base editing","33606977"
"NM_004448.4(ERBB2):c.2916G>A (p.Leu972=)","chr17","39726605","G/A","ERBB2","-0.504","dataset0528","Synonymous","Neutral to the sensitivity to drug Vemurafenib in A375","sensitivity to drug Vemurafenib","6","Functionally normal","","","NA","CRISPR-Based Genome Editing","Base editing","33606977"
"NM_004448.4(ERBB2):c.2917G>A (p.Val973Met)","chr17","39726606","G/A","ERBB2","-0.504","dataset0528","Missense","Neutral to the sensitivity to drug Vemurafenib in A375","sensitivity to drug Vemurafenib","6","Functionally normal","","","NA","CRISPR-Based Genome Editing","Base editing","33606977"
"NM_004448.4(ERBB2):c.2921C>T (p.Ser974Phe)","chr17","39726610","C/T","ERBB2","0.666","dataset0528","Missense","Neutral to the sensitivity to drug Vemurafenib in A375","sensitivity to drug Vemurafenib","6","Functionally normal","","6.19505e-07","cesc:0.3% (1/297):0.090;stad:0.2% (1/440):0.030","CRISPR-Based Genome Editing","Base editing","33606977"
"NM_004448.4(ERBB2):c.2923G>A (p.Glu975Lys)","chr17","39726612","G/A","ERBB2","-0.53","dataset0528","Missense","Neutral to the sensitivity to drug Vemurafenib in A375","sensitivity to drug Vemurafenib","6","Functionally normal","","","NA","CRISPR-Based Genome Editing","Base editing","33606977"
"NM_004448.4(ERBB2):c.2928C>T (p.Phe976=)","chr17","39726617","C/T","ERBB2","1.468","dataset0528","Synonymous","Neutral to the sensitivity to drug Vemurafenib in A375","sensitivity to drug Vemurafenib","6","Functionally normal","","","NA","CRISPR-Based Genome Editing","Base editing","33606977"
"NM_004448.4(ERBB2):c.2946C>T (p.Asp982=)","chr17","39726635","C/T","ERBB2","-0.491","dataset0528","Synonymous","Neutral to the sensitivity to drug Vemurafenib in A375","sensitivity to drug Vemurafenib","6","Functionally normal","","","NA","CRISPR-Based Genome Editing","Base editing","33606977"
"NM_004448.4(ERBB2):c.2947C>T (p.Pro983Ser)","chr17","39726636","C/T","ERBB2","-0.491","dataset0528","Missense","Neutral to the sensitivity to drug Vemurafenib in A375","sensitivity to drug Vemurafenib","6","Functionally normal","","","NA","CRISPR-Based Genome Editing","Base editing","33606977"
"NM_004448.4(ERBB2):c.2961G>A (p.Val987=)","chr17","39726650","G/A","ERBB2","1.463","dataset0528","Synonymous","Neutral to the sensitivity to drug Vemurafenib in A375","sensitivity to drug Vemurafenib","6","Functionally normal","","","NA","CRISPR-Based Genome Editing","Base editing","33606977"
"NM_004448.4(ERBB2):c.2962G>A (p.Val988Ile)","chr17","39726651","G/A","ERBB2","0.9935","dataset0528","Missense","Neutral to the sensitivity to drug Vemurafenib in A375","sensitivity to drug Vemurafenib","6","Functionally normal","","6.19516e-07","hnsc:0.2% (1/523):0.110","CRISPR-Based Genome Editing","Base editing","33606977"
"NM_004448.4(ERBB2):c.2971-6C>T","chr17","39726809","C/T","ERBB2","0.061","dataset0528","Splice site","Neutral to the sensitivity to drug Vemurafenib in A375","sensitivity to drug Vemurafenib","6","Functionally normal","","","NA","CRISPR-Based Genome Editing","Base editing","33606977"
"NM_004448.4(ERBB2):c.2971-5C>T","chr17","39726810","C/T","ERBB2","0.061","dataset0528","Splice site","Neutral to the sensitivity to drug Vemurafenib in A375","sensitivity to drug Vemurafenib","6","Functionally normal","","","NA","CRISPR-Based Genome Editing","Base editing","33606977"
"NM_004448.4(ERBB2):c.2971-3C>T","chr17","39726812","C/T","ERBB2","0.061","dataset0528","Splice site","Neutral to the sensitivity to drug Vemurafenib in A375","sensitivity to drug Vemurafenib","6","Functionally normal","","","NA","CRISPR-Based Genome Editing","Base editing","33606977"
"NM_004448.4(ERBB2):c.2982G>A (p.Leu994=)","chr17","39726826","G/A","ERBB2","-0.664","dataset0528","Synonymous","Neutral to the sensitivity to drug Vemurafenib in A375","sensitivity to drug Vemurafenib","6","Functionally normal","","","NA","CRISPR-Based Genome Editing","Base editing","33606977"
"NM_004448.4(ERBB2):c.2983G>A (p.Gly995Ser)","chr17","39726827","G/A","ERBB2","-0.664","dataset0528","Missense","Neutral to the sensitivity to drug Vemurafenib in A375","sensitivity to drug Vemurafenib","6","Functionally normal","","","NA","CRISPR-Based Genome Editing","Base editing","33606977"
"NM_004448.4(ERBB2):c.2986C>T (p.Pro996Ser)","chr17","39726830","C/T","ERBB2","-0.527","dataset0528","Missense","Neutral to the sensitivity to drug Vemurafenib in A375","sensitivity to drug Vemurafenib","6","Functionally normal","","","NA","CRISPR-Based Genome Editing","Base editing","33606977"
"NM_004448.4(ERBB2):c.3000G>A (p.Leu1000=)","chr17","39726844","G/A","ERBB2","0.732","dataset0528","Synonymous","Neutral to the sensitivity to drug Vemurafenib in A375","sensitivity to drug Vemurafenib","6","Functionally normal","","","NA","CRISPR-Based Genome Editing","Base editing","33606977"
"NM_004448.4(ERBB2):c.3001G>A (p.Asp1001Asn)","chr17","39726845","G/A","ERBB2","-0.424","dataset0528","Missense","Neutral to the sensitivity to drug Vemurafenib in A375","sensitivity to drug Vemurafenib","6","Functionally normal","","","NA","CRISPR-Based Genome Editing","Base editing","33606977"
"NM_004448.4(ERBB2):c.3009C>T (p.Thr1003=)","chr17","39726853","C/T","ERBB2","0.244","dataset0528","Synonymous","Neutral to the sensitivity to drug Vemurafenib in A375","sensitivity to drug Vemurafenib","6","Functionally normal","","","NA","CRISPR-Based Genome Editing","Base editing","33606977"
"NM_004448.4(ERBB2):c.3012C>T (p.Phe1004=)","chr17","39726856","C/T","ERBB2","0.393","dataset0528","Synonymous","Neutral to the sensitivity to drug Vemurafenib in A375","sensitivity to drug Vemurafenib","6","Functionally normal","","","NA","CRISPR-Based Genome Editing","Base editing","33606977"
"NM_004448.4(ERBB2):c.3015C>T (p.Tyr1005=)","chr17","39726859","C/T","ERBB2","0.542","dataset0528","Synonymous","Neutral to the sensitivity to drug Vemurafenib in A375","sensitivity to drug Vemurafenib","6","Functionally normal","","","NA","CRISPR-Based Genome Editing","Base editing","33606977"
"NM_004448.4(ERBB2):c.3016C>T (p.Arg1006Cys)","chr17","39726860","C/T","ERBB2","0.542","dataset0528","Missense","Neutral to the sensitivity to drug Vemurafenib in A375","sensitivity to drug Vemurafenib","6","Functionally normal","Uncertain significance","1.42544e-05","hnsc:0.2% (1/523):0.190","CRISPR-Based Genome Editing","Base editing","33606977"
"NM_004448.4(ERBB2):c.3027G>A (p.Leu1009=)","chr17","39726871","G/A","ERBB2","0.168","dataset0528","Synonymous","Neutral to the sensitivity to drug Vemurafenib in A375","sensitivity to drug Vemurafenib","6","Functionally normal","","","NA","CRISPR-Based Genome Editing","Base editing","33606977"
"NM_004448.4(ERBB2):c.3030G>A (p.Glu1010=)","chr17","39726874","G/A","ERBB2","-0.287","dataset0528","Synonymous","Neutral to the sensitivity to drug Vemurafenib in A375","sensitivity to drug Vemurafenib","6","Functionally normal","","","NA","CRISPR-Based Genome Editing","Base editing","33606977"
"NM_004448.4(ERBB2):c.3031G>A (p.Asp1011Asn)","chr17","39726875","G/A","ERBB2","-0.287","dataset0528","Missense","Neutral to the sensitivity to drug Vemurafenib in A375","sensitivity to drug Vemurafenib","6","Functionally normal","Uncertain significance","6.19558e-07","NA","CRISPR-Based Genome Editing","Base editing","33606977"
"NM_004448.4(ERBB2):c.3033C>T (p.Asp1011=)","chr17","39726877","C/T","ERBB2","0.167","dataset0528","Synonymous","Neutral to the sensitivity to drug Vemurafenib in A375","sensitivity to drug Vemurafenib","6","Functionally normal","Likely benign","9.10878e-05","NA","CRISPR-Based Genome Editing","Base editing","33606977"
"NM_004448.4(ERBB2):c.3034G>A (p.Asp1012Asn)","chr17","39726878","G/A","ERBB2","-0.287","dataset0528","Missense","Neutral to the sensitivity to drug Vemurafenib in A375","sensitivity to drug Vemurafenib","6","Functionally normal","Uncertain significance","1.67298e-05","NA","CRISPR-Based Genome Editing","Base editing","33606977"
"NM_004448.4(ERBB2):c.3039C>T (p.Asp1013=)","chr17","39726883","C/T","ERBB2","0.132","dataset0528","Synonymous","Neutral to the sensitivity to drug Vemurafenib in A375","sensitivity to drug Vemurafenib","6","Functionally normal","","1.85872e-06","NA","CRISPR-Based Genome Editing","Base editing","33606977"
"NM_004448.4(ERBB2):c.3048C>T (p.Asp1016=)","chr17","39726892","C/T","ERBB2","0.023","dataset0528","Synonymous","Neutral to the sensitivity to drug Vemurafenib in A375","sensitivity to drug Vemurafenib","6","Functionally normal","","","NA","CRISPR-Based Genome Editing","Base editing","33606977"
"NM_004448.4(ERBB2):c.3049C>T (p.Leu1017=)","chr17","39726893","C/T","ERBB2","0.023","dataset0528","Synonymous","Neutral to the sensitivity to drug Vemurafenib in A375","sensitivity to drug Vemurafenib","6","Functionally normal","","","NA","CRISPR-Based Genome Editing","Base editing","33606977"
"NM_004448.4(ERBB2):c.3063G>A (p.Glu1021=)","chr17","39726907","G/A","ERBB2","-0.589","dataset0528","Synonymous","Neutral to the sensitivity to drug Vemurafenib in A375","sensitivity to drug Vemurafenib","6","Functionally normal","","","NA","CRISPR-Based Genome Editing","Base editing","33606977"
"NM_004448.4(ERBB2):c.3070C>T (p.Leu1024=)","chr17","39726914","C/T","ERBB2","-0.4035","dataset0528","Synonymous","Neutral to the sensitivity to drug Vemurafenib in A375","sensitivity to drug Vemurafenib","6","Functionally normal","Benign","0.000240413","NA","CRISPR-Based Genome Editing","Base editing","33606977"
"NM_004448.4(ERBB2):c.3093C>T (p.Phe1031=)","chr17","39726937","C/T","ERBB2","0.822","dataset0528","Synonymous","Neutral to the sensitivity to drug Vemurafenib in A375","sensitivity to drug Vemurafenib","6","Functionally normal","","","NA","CRISPR-Based Genome Editing","Base editing","33606977"
"NM_004448.4(ERBB2):c.3095G>A (p.Cys1032Tyr)","chr17","39726939","G/A","ERBB2","0.0726667","dataset0528","Missense","Neutral to the sensitivity to drug Vemurafenib in A375","sensitivity to drug Vemurafenib","6","Functionally normal","","","NA","CRISPR-Based Genome Editing","Base editing","33606977"
"NM_004448.4(ERBB2):c.3097_3098delinsTT (p.Pro1033Leu)","chr17","39726941","CC/TT","ERBB2","-2.151","dataset0528","Missense","The reduced sensitivity to drug Vemurafenib in A375","sensitivity to drug Vemurafenib","6","Loss-of-function","","","NA","CRISPR-Based Genome Editing","Base editing","33606977"
"NM_004448.4(ERBB2):c.3097C>T (p.Pro1033Ser)","chr17","39726941","C/T","ERBB2","0.822","dataset0528","Missense","Neutral to the sensitivity to drug Vemurafenib in A375","sensitivity to drug Vemurafenib","6","Functionally normal","","","NA","CRISPR-Based Genome Editing","Base editing","33606977"
"NM_004448.4(ERBB2):c.3102C>T (p.Asp1034=)","chr17","39726946","C/T","ERBB2","0.369333","dataset0528","Synonymous","Neutral to the sensitivity to drug Vemurafenib in A375","sensitivity to drug Vemurafenib","6","Functionally normal","","1.23985e-06","NA","CRISPR-Based Genome Editing","Base editing","33606977"
"NM_004448.4(ERBB2):c.3103_3104delinsTT (p.Pro1035Phe)","chr17","39726947","CC/TT","ERBB2","0.28175","dataset0528","Missense","Neutral to the sensitivity to drug Vemurafenib in A375","sensitivity to drug Vemurafenib","6","Functionally normal","","","NA","CRISPR-Based Genome Editing","Base editing","33606977"
"NM_004448.4(ERBB2):c.3112G>A (p.Gly1038Ser)","chr17","39726956","G/A","ERBB2","0.409","dataset0528","Missense","Neutral to the sensitivity to drug Vemurafenib in A375","sensitivity to drug Vemurafenib","6","Functionally normal","","","NA","CRISPR-Based Genome Editing","Base editing","33606977"
"NM_004448.4(ERBB2):c.3118_3120delinsAAA (p.Gly1040Lys)","chr17","39726962","GGG/AAA","ERBB2","-0.438","dataset0528","Missense","Neutral to the sensitivity to drug Vemurafenib in A375","sensitivity to drug Vemurafenib","6","Functionally normal","","","NA","CRISPR-Based Genome Editing","Base editing","33606977"
"NM_004448.4(ERBB2):c.3121G>A (p.Gly1041Ser)","chr17","39726965","G/A","ERBB2","-0.438","dataset0528","Missense","Neutral to the sensitivity to drug Vemurafenib in A375","sensitivity to drug Vemurafenib","6","Functionally normal","","1.24173e-06","NA","CRISPR-Based Genome Editing","Base editing","33606977"
"NM_004448.4(ERBB2):c.3126G>A (p.Met1042Ile)","chr17","39726970","G/A","ERBB2","0.185667","dataset0528","Missense","Neutral to the sensitivity to drug Vemurafenib in A375","sensitivity to drug Vemurafenib","6","Functionally normal","","","NA","CRISPR-Based Genome Editing","Base editing","33606977"
"NM_004448.4(ERBB2):c.3127G>A (p.Val1043Ile)","chr17","39726971","G/A","ERBB2","0.3955","dataset0528","Missense","Neutral to the sensitivity to drug Vemurafenib in A375","sensitivity to drug Vemurafenib","6","Functionally normal","","","NA","CRISPR-Based Genome Editing","Base editing","33606977"
"NM_004448.4(ERBB2):c.3141C>T (p.His1047=)","chr17","39726985","C/T","ERBB2","-1.185","dataset0528","Synonymous","Neutral to the sensitivity to drug Vemurafenib in A375","sensitivity to drug Vemurafenib","6","Functionally normal","","","NA","CRISPR-Based Genome Editing","Base editing","33606977"
"NM_004448.4(ERBB2):c.3142C>T (p.Arg1048Cys)","chr17","39726986","C/T","ERBB2","-1.185","dataset0528","Missense","Neutral to the sensitivity to drug Vemurafenib in A375","sensitivity to drug Vemurafenib","6","Functionally normal","Uncertain significance","3.49615e-05","NA","CRISPR-Based Genome Editing","Base editing","33606977"
"NM_004448.4(ERBB2):c.3158_3159delinsAA (p.Arg1053Lys)","chr17","39727002","GG/AA","ERBB2","-0.076","dataset0528","Missense","Neutral to the sensitivity to drug Vemurafenib in A375","sensitivity to drug Vemurafenib","6","Functionally normal","","","NA","CRISPR-Based Genome Editing","Base editing","33606977"
"NM_004448.4(ERBB2):c.3159+1G>A","chr17","39727004","G/A","ERBB2","-0.076","dataset0528","Splice site","Neutral to the sensitivity to drug Vemurafenib in A375","sensitivity to drug Vemurafenib","6","Functionally normal","","1.25689e-06","NA","CRISPR-Based Genome Editing","Base editing","33606977"
"NM_004448.4(ERBB2):c.3160-11C>T","chr17","39727284","C/T","ERBB2","-0.13","dataset0528","Splice site","Neutral to the sensitivity to drug Vemurafenib in A375","sensitivity to drug Vemurafenib","6","Functionally normal","","","NA","CRISPR-Based Genome Editing","Base editing","33606977"
"NM_004448.4(ERBB2):c.3160-6C>T","chr17","39727289","C/T","ERBB2","-2.101","dataset0528","Splice site","The reduced sensitivity to drug Vemurafenib in A375","sensitivity to drug Vemurafenib","6","Loss-of-function","","","NA","CRISPR-Based Genome Editing","Base editing","33606977"
"NM_004448.4(ERBB2):c.3160-5C>T","chr17","39727290","C/T","ERBB2","-2.101","dataset0528","Splice site","The reduced sensitivity to drug Vemurafenib in A375","sensitivity to drug Vemurafenib","6","Loss-of-function","","","NA","CRISPR-Based Genome Editing","Base editing","33606977"
"NM_004448.4(ERBB2):c.3160-4C>T","chr17","39727291","C/T","ERBB2","-2.8565","dataset0528","Splice site","The reduced sensitivity to drug Vemurafenib in A375","sensitivity to drug Vemurafenib","6","Loss-of-function","Likely benign","","NA","CRISPR-Based Genome Editing","Base editing","33606977"
"NM_004448.4(ERBB2):c.3160-3C>T","chr17","39727292","C/T","ERBB2","-5.5","dataset0528","Splice site","The reduced sensitivity to drug Vemurafenib in A375","sensitivity to drug Vemurafenib","6","Loss-of-function","","","NA","CRISPR-Based Genome Editing","Base editing","33606977"
"NM_004448.4(ERBB2):c.3169_3171delinsAAA (p.Gly1057Lys)","chr17","39727304","GGG/AAA","ERBB2","0.531","dataset0528","Missense","Neutral to the sensitivity to drug Vemurafenib in A375","sensitivity to drug Vemurafenib","6","Functionally normal","","","NA","CRISPR-Based Genome Editing","Base editing","33606977"
"NM_004448.4(ERBB2):c.3170_3171delinsAA (p.Gly1057Glu)","chr17","39727305","GG/AA","ERBB2","0.057","dataset0528","Missense","Neutral to the sensitivity to drug Vemurafenib in A375","sensitivity to drug Vemurafenib","6","Functionally normal","","","NA","CRISPR-Based Genome Editing","Base editing","33606977"
"NM_004448.4(ERBB2):c.3171G>A (p.Gly1057=)","chr17","39727306","G/A","ERBB2","-1.867","dataset0528","Synonymous","Neutral to the sensitivity to drug Vemurafenib in A375","sensitivity to drug Vemurafenib","6","Functionally normal","","","NA","CRISPR-Based Genome Editing","Base editing","33606977"
"NM_004448.4(ERBB2):c.3172G>A (p.Asp1058Asn)","chr17","39727307","G/A","ERBB2","-0.426333","dataset0528","Missense","Neutral to the sensitivity to drug Vemurafenib in A375","sensitivity to drug Vemurafenib","6","Functionally normal","","6.20043e-07","NA","CRISPR-Based Genome Editing","Base editing","33606977"
"NM_004448.4(ERBB2):c.3174C>T (p.Asp1058=)","chr17","39727309","C/T","ERBB2","-0.374","dataset0528","Synonymous","Neutral to the sensitivity to drug Vemurafenib in A375","sensitivity to drug Vemurafenib","6","Functionally normal","Likely benign","","NA","CRISPR-Based Genome Editing","Base editing","33606977"
"NM_004448.4(ERBB2):c.3175C>T (p.Leu1059=)","chr17","39727310","C/T","ERBB2","-0.374","dataset0528","Synonymous","Neutral to the sensitivity to drug Vemurafenib in A375","sensitivity to drug Vemurafenib","6","Functionally normal","","","NA","CRISPR-Based Genome Editing","Base editing","33606977"
"NM_004448.4(ERBB2):c.3189G>A (p.Leu1063=)","chr17","39727324","G/A","ERBB2","0.077","dataset0528","Synonymous","Neutral to the sensitivity to drug Vemurafenib in A375","sensitivity to drug Vemurafenib","6","Functionally normal","","6.2006e-07","NA","CRISPR-Based Genome Editing","Base editing","33606977"
"NM_004448.4(ERBB2):c.3190G>A (p.Glu1064Lys)","chr17","39727325","G/A","ERBB2","0.077","dataset0528","Missense","Neutral to the sensitivity to drug Vemurafenib in A375","sensitivity to drug Vemurafenib","6","Functionally normal","Uncertain significance","6.20079e-06","NA","CRISPR-Based Genome Editing","Base editing","33606977"
"NM_004448.4(ERBB2):c.3197C>T (p.Ser1066Phe)","chr17","39727332","C/T","ERBB2","0.385","dataset0528","Missense","Neutral to the sensitivity to drug Vemurafenib in A375","sensitivity to drug Vemurafenib","6","Functionally normal","","","NA","CRISPR-Based Genome Editing","Base editing","33606977"
"NM_004448.4(ERBB2):c.3210C>T (p.Ala1070=)","chr17","39727345","C/T","ERBB2","0.872","dataset0528","Synonymous","Neutral to the sensitivity to drug Vemurafenib in A375","sensitivity to drug Vemurafenib","6","Functionally normal","","","NA","CRISPR-Based Genome Editing","Base editing","33606977"
"NM_004448.4(ERBB2):c.3211C>T (p.Pro1071Ser)","chr17","39727346","C/T","ERBB2","0.872","dataset0528","Missense","Neutral to the sensitivity to drug Vemurafenib in A375","sensitivity to drug Vemurafenib","6","Functionally normal","","","NA","CRISPR-Based Genome Editing","Base editing","33606977"
"NM_004448.4(ERBB2):c.3221C>T (p.Pro1074Leu)","chr17","39727356","C/T","ERBB2","1.118","dataset0528","Missense","Neutral to the sensitivity to drug Vemurafenib in A375","sensitivity to drug Vemurafenib","6","Functionally normal","","6.20417e-07","NA","CRISPR-Based Genome Editing","Base editing","33606977"
"NM_004448.4(ERBB2):c.3223C>T (p.Leu1075=)","chr17","39727358","C/T","ERBB2","-0.784","dataset0528","Synonymous","Neutral to the sensitivity to drug Vemurafenib in A375","sensitivity to drug Vemurafenib","6","Functionally normal","","6.20388e-07","NA","CRISPR-Based Genome Editing","Base editing","33606977"
"NM_004448.4(ERBB2):c.3225G>A (p.Leu1075=)","chr17","39727360","G/A","ERBB2","-1.149","dataset0528","Synonymous","Neutral to the sensitivity to drug Vemurafenib in A375","sensitivity to drug Vemurafenib","6","Functionally normal","","","NA","CRISPR-Based Genome Editing","Base editing","33606977"
"NM_004448.4(ERBB2):c.3229_3230delinsTT (p.Pro1077Phe)","chr17","39727364","CC/TT","ERBB2","-1.44","dataset0528","Missense","Neutral to the sensitivity to drug Vemurafenib in A375","sensitivity to drug Vemurafenib","6","Functionally normal","","","NA","CRISPR-Based Genome Editing","Base editing","33606977"
"NM_004448.4(ERBB2):c.3244G>A (p.Gly1082Ser)","chr17","39727379","G/A","ERBB2","0.7","dataset0528","Missense","Neutral to the sensitivity to drug Vemurafenib in A375","sensitivity to drug Vemurafenib","6","Functionally normal","","","NA","CRISPR-Based Genome Editing","Base editing","33606977"
"NM_004448.4(ERBB2):c.3248C>T (p.Ser1083Phe)","chr17","39727383","C/T","ERBB2","0.614","dataset0528","Missense","Neutral to the sensitivity to drug Vemurafenib in A375","sensitivity to drug Vemurafenib","6","Functionally normal","","","NA","CRISPR-Based Genome Editing","Base editing","33606977"
"NM_004448.4(ERBB2):c.3250G>A (p.Asp1084Asn)","chr17","39727385","G/A","ERBB2","-1.664","dataset0528","Missense","Neutral to the sensitivity to drug Vemurafenib in A375","sensitivity to drug Vemurafenib","6","Functionally normal","Uncertain significance","4.34702e-06","NA","CRISPR-Based Genome Editing","Base editing","33606977"
"NM_004448.4(ERBB2):c.3263G>A (p.Gly1088Asp)","chr17","39727398","G/A","ERBB2","0.533","dataset0528","Missense","Neutral to the sensitivity to drug Vemurafenib in A375","sensitivity to drug Vemurafenib","6","Functionally normal","","1.17968e-05","NA","CRISPR-Based Genome Editing","Base editing","33606977"
"NM_004448.4(ERBB2):c.3265G>A (p.Asp1089Asn)","chr17","39727400","G/A","ERBB2","0.533","dataset0528","Missense","Neutral to the sensitivity to drug Vemurafenib in A375","sensitivity to drug Vemurafenib","6","Functionally normal","","","NA","CRISPR-Based Genome Editing","Base editing","33606977"
"NM_004448.4(ERBB2):c.3315C>T (p.Asp1105=)","chr17","39727450","C/T","ERBB2","0.953","dataset0528","Synonymous","Neutral to the sensitivity to drug Vemurafenib in A375","sensitivity to drug Vemurafenib","6","Functionally normal","","6.20732e-07","NA","CRISPR-Based Genome Editing","Base editing","33606977"
"NM_004448.4(ERBB2):c.3316_3318delinsTTT (p.Pro1106Phe)","chr17","39727451","CCC/TTT","ERBB2","0.953","dataset0528","Missense","Neutral to the sensitivity to drug Vemurafenib in A375","sensitivity to drug Vemurafenib","6","Functionally normal","","","NA","CRISPR-Based Genome Editing","Base editing","33606977"
"NM_004448.4(ERBB2):c.3325C>T (p.Leu1109=)","chr17","39727460","C/T","ERBB2","-1.022","dataset0528","Synonymous","Neutral to the sensitivity to drug Vemurafenib in A375","sensitivity to drug Vemurafenib","6","Functionally normal","","","NA","CRISPR-Based Genome Editing","Base editing","33606977"
"NM_004448.4(ERBB2):c.3328C>T (p.Gln1110Ter)","chr17","39727463","C/T","ERBB2","-1.022","dataset0528","Nonsense","Neutral to the sensitivity to drug Vemurafenib in A375","sensitivity to drug Vemurafenib","6","Functionally normal","","","NA","CRISPR-Based Genome Editing","Base editing","33606977"
"NM_004448.4(ERBB2):c.3332_3333delinsAA (p.Arg1111Gln)","chr17","39727467","GG/AA","ERBB2","0.714667","dataset0528","Missense","Neutral to the sensitivity to drug Vemurafenib in A375","sensitivity to drug Vemurafenib","6","Functionally normal","","","NA","CRISPR-Based Genome Editing","Base editing","33606977"
"NM_004448.4(ERBB2):c.3338G>A (p.Ser1113Asn)","chr17","39727473","G/A","ERBB2","0.0085","dataset0528","Missense","Neutral to the sensitivity to drug Vemurafenib in A375","sensitivity to drug Vemurafenib","6","Functionally normal","","","NA","CRISPR-Based Genome Editing","Base editing","33606977"
"NM_004448.4(ERBB2):c.3340G>A (p.Glu1114Lys)","chr17","39727475","G/A","ERBB2","0.0085","dataset0528","Missense","Neutral to the sensitivity to drug Vemurafenib in A375","sensitivity to drug Vemurafenib","6","Functionally normal","","","NA","CRISPR-Based Genome Editing","Base editing","33606977"
"NM_004448.4(ERBB2):c.3358C>T (p.Leu1120=)","chr17","39727493","C/T","ERBB2","-0.725","dataset0528","Synonymous","Neutral to the sensitivity to drug Vemurafenib in A375","sensitivity to drug Vemurafenib","6","Functionally normal","","1.24451e-06","NA","CRISPR-Based Genome Editing","Base editing","33606977"
"NM_004448.4(ERBB2):c.3362C>T (p.Pro1121Leu)","chr17","39727497","C/T","ERBB2","-0.725","dataset0528","Missense","Neutral to the sensitivity to drug Vemurafenib in A375","sensitivity to drug Vemurafenib","6","Functionally normal","","","NA","CRISPR-Based Genome Editing","Base editing","33606977"
"NM_004448.4(ERBB2):c.3373G>A (p.Asp1125Asn)","chr17","39727508","G/A","ERBB2","-0.7805","dataset0528","Missense","Neutral to the sensitivity to drug Vemurafenib in A375","sensitivity to drug Vemurafenib","6","Functionally normal","","6.21918e-07","NA","CRISPR-Based Genome Editing","Base editing","33606977"
"NM_004448.4(ERBB2):c.3376G>A (p.Gly1126Ser)","chr17","39727511","G/A","ERBB2","0.341","dataset0528","Missense","Neutral to the sensitivity to drug Vemurafenib in A375","sensitivity to drug Vemurafenib","6","Functionally normal","","","NA","CRISPR-Based Genome Editing","Base editing","33606977"
"NM_004448.4(ERBB2):c.3395_3396delinsTT (p.Thr1132Ile)","chr17","39727530","CC/TT","ERBB2","-0.125","dataset0528","Missense","Neutral to the sensitivity to drug Vemurafenib in A375","sensitivity to drug Vemurafenib","6","Functionally normal","","","NA","CRISPR-Based Genome Editing","Base editing","33606977"
"NM_004448.4(ERBB2):c.3412+5G>A","chr17","39727552","G/A","ERBB2","0.51","dataset0528","Splice site","Neutral to the sensitivity to drug Vemurafenib in A375","sensitivity to drug Vemurafenib","6","Functionally normal","","","NA","CRISPR-Based Genome Editing","Base editing","33606977"
"NM_004448.4(ERBB2):c.3412+6G>A","chr17","39727553","G/A","ERBB2","0.1185","dataset0528","Splice site","Neutral to the sensitivity to drug Vemurafenib in A375","sensitivity to drug Vemurafenib","6","Functionally normal","","1.25153e-06","NA","CRISPR-Based Genome Editing","Base editing","33606977"
"NM_004448.4(ERBB2):c.3412+8G>A","chr17","39727555","G/A","ERBB2","0.5425","dataset0528","Splice site","Neutral to the sensitivity to drug Vemurafenib in A375","sensitivity to drug Vemurafenib","6","Functionally normal","","6.25946e-07","NA","CRISPR-Based Genome Editing","Base editing","33606977"
"NM_004448.4(ERBB2):c.3423C>T (p.Asn1141=)","chr17","39727699","C/T","ERBB2","0.776","dataset0528","Synonymous","Neutral to the sensitivity to drug Vemurafenib in A375","sensitivity to drug Vemurafenib","6","Functionally normal","Likely benign","","NA","CRISPR-Based Genome Editing","Base editing","33606977"
"NM_004448.4(ERBB2):c.3446_3447delinsTT (p.Pro1149Leu)","chr17","39727722","CC/TT","ERBB2","-2.159","dataset0528","Missense","The reduced sensitivity to drug Vemurafenib in A375","sensitivity to drug Vemurafenib","6","Loss-of-function","","","NA","CRISPR-Based Genome Editing","Base editing","33606977"
"NM_004448.4(ERBB2):c.3448_3449delinsTT (p.Pro1150Phe)","chr17","39727724","CC/TT","ERBB2","-4.027","dataset0528","Missense","The reduced sensitivity to drug Vemurafenib in A375","sensitivity to drug Vemurafenib","6","Loss-of-function","","","NA","CRISPR-Based Genome Editing","Base editing","33606977"
"NM_004448.4(ERBB2):c.3448C>T (p.Pro1150Ser)","chr17","39727724","C/T","ERBB2","-0.291","dataset0528","Missense","Neutral to the sensitivity to drug Vemurafenib in A375","sensitivity to drug Vemurafenib","6","Functionally normal","","1.27081e-06","NA","CRISPR-Based Genome Editing","Base editing","33606977"
"NM_004448.4(ERBB2):c.3458G>A (p.Arg1153Gln)","chr17","39727734","G/A","ERBB2","-0.81","dataset0528","Missense","Neutral to the sensitivity to drug Vemurafenib in A375","sensitivity to drug Vemurafenib","6","Functionally normal","Uncertain significance","2.46062e-05","NA","CRISPR-Based Genome Editing","Base editing","33606977"
"NM_004448.4(ERBB2):c.3462G>A (p.Glu1154=)","chr17","39727738","G/A","ERBB2","-0.6355","dataset0528","Synonymous","Neutral to the sensitivity to drug Vemurafenib in A375","sensitivity to drug Vemurafenib","6","Functionally normal","","","NA","CRISPR-Based Genome Editing","Base editing","33606977"
"NM_004448.4(ERBB2):c.3463G>A (p.Gly1155Ser)","chr17","39727739","G/A","ERBB2","-0.33475","dataset0528","Missense","Neutral to the sensitivity to drug Vemurafenib in A375","sensitivity to drug Vemurafenib","6","Functionally normal","","","NA","CRISPR-Based Genome Editing","Base editing","33606977"
"NM_004448.4(ERBB2):c.3473C>T (p.Pro1158Leu)","chr17","39727749","C/T","ERBB2","-0.969","dataset0528","Missense","Neutral to the sensitivity to drug Vemurafenib in A375","sensitivity to drug Vemurafenib","6","Functionally normal","","1.25182e-06","NA","CRISPR-Based Genome Editing","Base editing","33606977"
"NM_004448.4(ERBB2):c.3482G>A (p.Arg1161Gln)","chr17","39727758","G/A","ERBB2","-0.177","dataset0528","Missense","Neutral to the sensitivity to drug Vemurafenib in A375","sensitivity to drug Vemurafenib","6","Functionally normal","Benign","0.000446667","NA","CRISPR-Based Genome Editing","Base editing","33606977"
"NM_004448.4(ERBB2):c.3484_3485delinsTT (p.Pro1162Phe)","chr17","39727760","CC/TT","ERBB2","-0.133","dataset0528","Missense","Neutral to the sensitivity to drug Vemurafenib in A375","sensitivity to drug Vemurafenib","6","Functionally normal","","","NA","CRISPR-Based Genome Editing","Base editing","33606977"
"NM_004448.4(ERBB2):c.3490_3491delinsAA (p.Gly1164Asn)","chr17","39727766","GG/AA","ERBB2","0.768","dataset0528","Missense","Neutral to the sensitivity to drug Vemurafenib in A375","sensitivity to drug Vemurafenib","6","Functionally normal","","","NA","CRISPR-Based Genome Editing","Base editing","33606977"
"NM_004448.4(ERBB2):c.3501G>A (p.Leu1167=)","chr17","39727777","G/A","ERBB2","-0.142","dataset0528","Synonymous","Neutral to the sensitivity to drug Vemurafenib in A375","sensitivity to drug Vemurafenib","6","Functionally normal","Likely benign","1.24217e-06","NA","CRISPR-Based Genome Editing","Base editing","33606977"
"NM_004448.4(ERBB2):c.3502G>A (p.Glu1168Lys)","chr17","39727778","G/A","ERBB2","-0.142","dataset0528","Missense","Neutral to the sensitivity to drug Vemurafenib in A375","sensitivity to drug Vemurafenib","6","Functionally normal","Uncertain significance","8.69431e-06","NA","CRISPR-Based Genome Editing","Base editing","33606977"
"NM_004448.4(ERBB2):c.3509_3510delinsTT (p.Pro1170Leu)","chr17","39727785","CC/TT","ERBB2","-0.172","dataset0528","Missense","Neutral to the sensitivity to drug Vemurafenib in A375","sensitivity to drug Vemurafenib","6","Functionally normal","","","NA","CRISPR-Based Genome Editing","Base editing","33606977"
"NM_004448.4(ERBB2):c.3513G>A (p.Lys1171=)","chr17","39727789","G/A","ERBB2","-0.43","dataset0528","Synonymous","Neutral to the sensitivity to drug Vemurafenib in A375","sensitivity to drug Vemurafenib","6","Functionally normal","","","NA","CRISPR-Based Genome Editing","Base editing","33606977"
"NM_004448.4(ERBB2):c.3519C>T (p.Leu1173=)","chr17","39727795","C/T","ERBB2","0.783","dataset0528","Synonymous","Neutral to the sensitivity to drug Vemurafenib in A375","sensitivity to drug Vemurafenib","6","Functionally normal","","","NA","CRISPR-Based Genome Editing","Base editing","33606977"
"NM_004448.4(ERBB2):c.3521_3522delinsTT (p.Ser1174Phe)","chr17","39727797","CC/TT","ERBB2","0.783","dataset0528","Missense","Neutral to the sensitivity to drug Vemurafenib in A375","sensitivity to drug Vemurafenib","6","Functionally normal","","","NA","CRISPR-Based Genome Editing","Base editing","33606977"
"NM_004448.4(ERBB2):c.3521C>T (p.Ser1174Phe)","chr17","39727797","C/T","ERBB2","-0.506","dataset0528","Missense","Neutral to the sensitivity to drug Vemurafenib in A375","sensitivity to drug Vemurafenib","6","Functionally normal","","2.54168e-05","NA","CRISPR-Based Genome Editing","Base editing","33606977"
"NM_004448.4(ERBB2):c.3526_3528delinsAAA (p.Gly1176Lys)","chr17","39727802","GGG/AAA","ERBB2","0.902","dataset0528","Missense","Neutral to the sensitivity to drug Vemurafenib in A375","sensitivity to drug Vemurafenib","6","Functionally normal","","","NA","CRISPR-Based Genome Editing","Base editing","33606977"
"NM_004448.4(ERBB2):c.3526_3527delinsAA (p.Gly1176Lys)","chr17","39727802","GG/AA","ERBB2","0.165","dataset0528","Missense","Neutral to the sensitivity to drug Vemurafenib in A375","sensitivity to drug Vemurafenib","6","Functionally normal","","","NA","CRISPR-Based Genome Editing","Base editing","33606977"
"NM_004448.4(ERBB2):c.3536_3537delinsAA (p.Gly1179Glu)","chr17","39727812","GG/AA","ERBB2","-0.025","dataset0528","Missense","Neutral to the sensitivity to drug Vemurafenib in A375","sensitivity to drug Vemurafenib","6","Functionally normal","","","NA","CRISPR-Based Genome Editing","Base editing","33606977"
"NM_004448.4(ERBB2):c.3537G>A (p.Gly1179=)","chr17","39727813","G/A","ERBB2","-0.138","dataset0528","Synonymous","Neutral to the sensitivity to drug Vemurafenib in A375","sensitivity to drug Vemurafenib","6","Functionally normal","","","NA","CRISPR-Based Genome Editing","Base editing","33606977"
"NM_004448.4(ERBB2):c.3538G>A (p.Val1180Ile)","chr17","39727814","G/A","ERBB2","-0.121667","dataset0528","Missense","Neutral to the sensitivity to drug Vemurafenib in A375","sensitivity to drug Vemurafenib","6","Functionally normal","","","NA","CRISPR-Based Genome Editing","Base editing","33606977"
"NM_004448.4(ERBB2):c.3541G>A (p.Val1181Ile)","chr17","39727817","G/A","ERBB2","-0.17","dataset0528","Missense","Neutral to the sensitivity to drug Vemurafenib in A375","sensitivity to drug Vemurafenib","6","Functionally normal","Uncertain significance","1.30152e-05","NA","CRISPR-Based Genome Editing","Base editing","33606977"
"NM_004448.4(ERBB2):c.3573G>A (p.Val1191=)","chr17","39727849","G/A","ERBB2","0.233","dataset0528","Synonymous","Neutral to the sensitivity to drug Vemurafenib in A375","sensitivity to drug Vemurafenib","6","Functionally normal","Conflicting classifications of pathogenicity","1.05334e-05","NA","CRISPR-Based Genome Editing","Base editing","33606977"
"NM_004448.4(ERBB2):c.3582C>T (p.Pro1194=)","chr17","39727858","C/T","ERBB2","-0.436","dataset0528","Synonymous","Neutral to the sensitivity to drug Vemurafenib in A375","sensitivity to drug Vemurafenib","6","Functionally normal","Likely benign","2.16855e-05","NA","CRISPR-Based Genome Editing","Base editing","33606977"
"NM_004448.4(ERBB2):c.3585G>A (p.Glu1195=)","chr17","39727861","G/A","ERBB2","0.256","dataset0528","Synonymous","Neutral to the sensitivity to drug Vemurafenib in A375","sensitivity to drug Vemurafenib","6","Functionally normal","","6.19536e-07","NA","CRISPR-Based Genome Editing","Base editing","33606977"
"NM_004448.4(ERBB2):c.3588C>T (p.Tyr1196=)","chr17","39727864","C/T","ERBB2","-0.235","dataset0528","Synonymous","Neutral to the sensitivity to drug Vemurafenib in A375","sensitivity to drug Vemurafenib","6","Functionally normal","","","NA","CRISPR-Based Genome Editing","Base editing","33606977"
"NM_004448.4(ERBB2):c.3600G>A (p.Gln1200=)","chr17","39727876","G/A","ERBB2","1.694","dataset0528","Synonymous","Neutral to the sensitivity to drug Vemurafenib in A375","sensitivity to drug Vemurafenib","6","Functionally normal","","6.19536e-07","NA","CRISPR-Based Genome Editing","Base editing","33606977"
"NM_004448.4(ERBB2):c.3651C>T (p.Phe1217=)","chr17","39727927","C/T","ERBB2","-0.1055","dataset0528","Synonymous","Neutral to the sensitivity to drug Vemurafenib in A375","sensitivity to drug Vemurafenib","6","Functionally normal","Likely benign","3.84104e-05","NA","CRISPR-Based Genome Editing","Base editing","33606977"
"NM_004448.4(ERBB2):c.3652G>A (p.Asp1218Asn)","chr17","39727928","G/A","ERBB2","1.974","dataset0528","Missense","Neutral to the sensitivity to drug Vemurafenib in A375","sensitivity to drug Vemurafenib","6","Functionally normal","","3.71728e-06","NA","CRISPR-Based Genome Editing","Base editing","33606977"
"NM_004448.4(ERBB2):c.3654C>T (p.Asp1218=)","chr17","39727930","C/T","ERBB2","-0.1055","dataset0528","Synonymous","Neutral to the sensitivity to drug Vemurafenib in A375","sensitivity to drug Vemurafenib","6","Functionally normal","","6.19508e-07","NA","CRISPR-Based Genome Editing","Base editing","33606977"
"NM_004448.4(ERBB2):c.3657C>T (p.Asn1219=)","chr17","39727933","C/T","ERBB2","0.843","dataset0528","Synonymous","Neutral to the sensitivity to drug Vemurafenib in A375","sensitivity to drug Vemurafenib","6","Functionally normal","","","NA","CRISPR-Based Genome Editing","Base editing","33606977"
"NM_004448.4(ERBB2):c.3672C>T (p.Asp1224=)","chr17","39727948","C/T","ERBB2","0.4775","dataset0528","Synonymous","Neutral to the sensitivity to drug Vemurafenib in A375","sensitivity to drug Vemurafenib","6","Functionally normal","","","NA","CRISPR-Based Genome Editing","Base editing","33606977"
"NM_004448.4(ERBB2):c.3673C>T (p.Gln1225Ter)","chr17","39727949","C/T","ERBB2","0.904333","dataset0528","Nonsense","Neutral to the sensitivity to drug Vemurafenib in A375","sensitivity to drug Vemurafenib","6","Functionally normal","Uncertain significance","","NA","CRISPR-Based Genome Editing","Base editing","33606977"
"NM_004448.4(ERBB2):c.3675G>A (p.Gln1225=)","chr17","39727951","G/A","ERBB2","1.211","dataset0528","Synonymous","Neutral to the sensitivity to drug Vemurafenib in A375","sensitivity to drug Vemurafenib","6","Functionally normal","","","NA","CRISPR-Based Genome Editing","Base editing","33606977"
"NM_004448.4(ERBB2):c.3676G>A (p.Asp1226Asn)","chr17","39727952","G/A","ERBB2","1.211","dataset0528","Missense","Neutral to the sensitivity to drug Vemurafenib in A375","sensitivity to drug Vemurafenib","6","Functionally normal","","3.0978e-06","NA","CRISPR-Based Genome Editing","Base editing","33606977"
"NM_004448.4(ERBB2):c.3678C>T (p.Asp1226=)","chr17","39727954","C/T","ERBB2","0.8185","dataset0528","Synonymous","Neutral to the sensitivity to drug Vemurafenib in A375","sensitivity to drug Vemurafenib","6","Functionally normal","","2.47825e-06","NA","CRISPR-Based Genome Editing","Base editing","33606977"
"NM_004448.4(ERBB2):c.3679C>T (p.Pro1227Ser)","chr17","39727955","C/T","ERBB2","0.647","dataset0528","Missense","Neutral to the sensitivity to drug Vemurafenib in A375","sensitivity to drug Vemurafenib","6","Functionally normal","","","coad:0.2% (1/439):0.280","CRISPR-Based Genome Editing","Base editing","33606977"
"NM_004448.4(ERBB2):c.3689_3690delinsAA (p.Arg1230Gln)","chr17","39727965","GG/AA","ERBB2","1.232","dataset0528","Missense","Neutral to the sensitivity to drug Vemurafenib in A375","sensitivity to drug Vemurafenib","6","Functionally normal","","","NA","CRISPR-Based Genome Editing","Base editing","33606977"
"NM_004448.4(ERBB2):c.3691G>A (p.Gly1231Arg)","chr17","39727967","G/A","ERBB2","1.232","dataset0528","Missense","Neutral to the sensitivity to drug Vemurafenib in A375","sensitivity to drug Vemurafenib","6","Functionally normal","","","NA","CRISPR-Based Genome Editing","Base editing","33606977"
"NM_004448.4(ERBB2):c.3693G>A (p.Gly1231=)","chr17","39727969","G/A","ERBB2","0.552","dataset0528","Synonymous","Neutral to the sensitivity to drug Vemurafenib in A375","sensitivity to drug Vemurafenib","6","Functionally normal","","6.19685e-07","NA","CRISPR-Based Genome Editing","Base editing","33606977"
"NM_004448.4(ERBB2):c.3697_3698delinsTT (p.Pro1233Leu)","chr17","39727973","CC/TT","ERBB2","0.515","dataset0528","Missense","Neutral to the sensitivity to drug Vemurafenib in A375","sensitivity to drug Vemurafenib","6","Functionally normal","","","NA","CRISPR-Based Genome Editing","Base editing","33606977"
"NM_004448.4(ERBB2):c.3698C>T (p.Pro1233Leu)","chr17","39727974","C/T","ERBB2","-0.464","dataset0528","Missense","Neutral to the sensitivity to drug Vemurafenib in A375","sensitivity to drug Vemurafenib","6","Functionally normal","","1.23953e-06","NA","CRISPR-Based Genome Editing","Base editing","33606977"
"NM_004448.4(ERBB2):c.3700_3702delinsTTT (p.Pro1234Phe)","chr17","39727976","CCC/TTT","ERBB2","-0.464","dataset0528","Missense","Neutral to the sensitivity to drug Vemurafenib in A375","sensitivity to drug Vemurafenib","6","Functionally normal","","","NA","CRISPR-Based Genome Editing","Base editing","33606977"
"NM_004448.4(ERBB2):c.3700_3701delinsTT (p.Pro1234Phe)","chr17","39727976","CC/TT","ERBB2","0.515","dataset0528","Missense","Neutral to the sensitivity to drug Vemurafenib in A375","sensitivity to drug Vemurafenib","6","Functionally normal","","","NA","CRISPR-Based Genome Editing","Base editing","33606977"
"NM_004448.4(ERBB2):c.3708C>T (p.Thr1236=)","chr17","39727984","C/T","ERBB2","0.708","dataset0528","Synonymous","Neutral to the sensitivity to drug Vemurafenib in A375","sensitivity to drug Vemurafenib","6","Functionally normal","","","NA","CRISPR-Based Genome Editing","Base editing","33606977"
"NM_004448.4(ERBB2):c.3711C>T (p.Phe1237=)","chr17","39727987","C/T","ERBB2","0.708","dataset0528","Synonymous","Neutral to the sensitivity to drug Vemurafenib in A375","sensitivity to drug Vemurafenib","6","Functionally normal","","","NA","CRISPR-Based Genome Editing","Base editing","33606977"
"NM_004448.4(ERBB2):c.3715_3717delinsAAA (p.Gly1239Lys)","chr17","39727991","GGG/AAA","ERBB2","-0.661","dataset0528","Missense","Neutral to the sensitivity to drug Vemurafenib in A375","sensitivity to drug Vemurafenib","6","Functionally normal","","","NA","CRISPR-Based Genome Editing","Base editing","33606977"
"NM_004448.4(ERBB2):c.3715_3716delinsAA (p.Gly1239Lys)","chr17","39727991","GG/AA","ERBB2","1.416","dataset0528","Missense","Neutral to the sensitivity to drug Vemurafenib in A375","sensitivity to drug Vemurafenib","6","Functionally normal","","","NA","CRISPR-Based Genome Editing","Base editing","33606977"
"NM_004448.4(ERBB2):c.3716_3717delinsAA (p.Gly1239Glu)","chr17","39727992","GG/AA","ERBB2","0.138","dataset0528","Missense","Neutral to the sensitivity to drug Vemurafenib in A375","sensitivity to drug Vemurafenib","6","Functionally normal","","","NA","CRISPR-Based Genome Editing","Base editing","33606977"
"NM_004448.4(ERBB2):c.3726G>A (p.Thr1242=)","chr17","39728002","G/A","ERBB2","0.265","dataset0528","Synonymous","Neutral to the sensitivity to drug Vemurafenib in A375","sensitivity to drug Vemurafenib","6","Functionally normal","Likely benign","5.46494e-05","NA","CRISPR-Based Genome Editing","Base editing","33606977"
"NM_004448.4(ERBB2):c.3735C>T (p.Asn1245=)","chr17","39728011","C/T","ERBB2","0.508","dataset0528","Synonymous","Neutral to the sensitivity to drug Vemurafenib in A375","sensitivity to drug Vemurafenib","6","Functionally normal","","","NA","CRISPR-Based Genome Editing","Base editing","33606977"
"NM_004448.4(ERBB2):c.3736_3737delinsTT (p.Pro1246Leu)","chr17","39728012","CC/TT","ERBB2","0.508","dataset0528","Missense","Neutral to the sensitivity to drug Vemurafenib in A375","sensitivity to drug Vemurafenib","6","Functionally normal","","","NA","CRISPR-Based Genome Editing","Base editing","33606977"
"NM_004448.4(ERBB2):c.3739G>A (p.Glu1247Lys)","chr17","39728015","G/A","ERBB2","0.661","dataset0528","Missense","Neutral to the sensitivity to drug Vemurafenib in A375","sensitivity to drug Vemurafenib","6","Functionally normal","","","NA","CRISPR-Based Genome Editing","Base editing","33606977"
"NM_004448.4(ERBB2):c.3753G>A (p.Leu1251=)","chr17","39728029","G/A","ERBB2","0.27","dataset0528","Synonymous","Neutral to the sensitivity to drug Vemurafenib in A375","sensitivity to drug Vemurafenib","6","Functionally normal","","","NA","CRISPR-Based Genome Editing","Base editing","33606977"
"NM_004448.4(ERBB2):c.3754G>A (p.Asp1252Asn)","chr17","39728030","G/A","ERBB2","0.27","dataset0528","Missense","Neutral to the sensitivity to drug Vemurafenib in A375","sensitivity to drug Vemurafenib","6","Functionally normal","Uncertain significance","3.13764e-05","NA","CRISPR-Based Genome Editing","Base editing","33606977"
"NM_004448.4(ERBB2):c.3763G>A (p.Val1255Met)","chr17","39728039","G/A","ERBB2","-0.02","dataset0528","Missense","Neutral to the sensitivity to drug Vemurafenib in A375","sensitivity to drug Vemurafenib","6","Functionally normal","","","NA","CRISPR-Based Genome Editing","Base editing","33606977"
"NM_004448.4(ERBB2):c.*8G>A","chr17","39728052","G/A","ERBB2","-0.474","dataset0528","UTR","Neutral to the sensitivity to drug Vemurafenib in A375","sensitivity to drug Vemurafenib","6","Functionally normal","","0","NA","CRISPR-Based Genome Editing","Base editing","33606977"
"NM_004448.4(ERBB2):c.15C>T (p.Ala5=)","chr17","39700253","C/T","ERBB2","1.558","dataset0529","Synonymous","Neutral to the ERBB2-mediated cellular proliferation in HA1E","ERBB2-mediated cellular proliferation","6","Functionally normal","","0","NA","CRISPR-Based Genome Editing","Base editing","33606977"
"NM_004448.4(ERBB2):c.18G>A (p.Leu6=)","chr17","39700256","G/A","ERBB2","0.553","dataset0529","Synonymous","Neutral to the ERBB2-mediated cellular proliferation in HA1E","ERBB2-mediated cellular proliferation","6","Functionally normal","","0","NA","CRISPR-Based Genome Editing","Base editing","33606977"
"NM_004448.4(ERBB2):c.29G>A (p.Gly10Glu)","chr17","39700267","G/A","ERBB2","-0.485","dataset0529","Missense","Neutral to the ERBB2-mediated cellular proliferation in HA1E","ERBB2-mediated cellular proliferation","6","Functionally normal","","0","NA","CRISPR-Based Genome Editing","Base editing","33606977"
"NM_004448.4(ERBB2):c.55G>A (p.Gly19Arg)","chr17","39700293","G/A","ERBB2","0.743","dataset0529","Missense","Neutral to the ERBB2-mediated cellular proliferation in HA1E","ERBB2-mediated cellular proliferation","6","Functionally normal","","2.10183e-06","NA","CRISPR-Based Genome Editing","Base editing","33606977"
"NM_004448.4(ERBB2):c.56G>A (p.Gly19Glu)","chr17","39700294","G/A","ERBB2","0.167","dataset0529","Missense","Neutral to the ERBB2-mediated cellular proliferation in HA1E","ERBB2-mediated cellular proliferation","6","Functionally normal","","","NA","CRISPR-Based Genome Editing","Base editing","33606977"
"NM_004448.4(ERBB2):c.60C>T (p.Ala20=)","chr17","39700298","C/T","ERBB2","0.565","dataset0529","Synonymous","Neutral to the ERBB2-mediated cellular proliferation in HA1E","ERBB2-mediated cellular proliferation","6","Functionally normal","","9.11471e-06","NA","CRISPR-Based Genome Editing","Base editing","33606977"
"NM_004448.4(ERBB2):c.73+1G>A","chr17","39700312","G/A","ERBB2","0.356","dataset0529","Splice site","Neutral to the ERBB2-mediated cellular proliferation in HA1E","ERBB2-mediated cellular proliferation","6","Functionally normal","","0","NA","CRISPR-Based Genome Editing","Base editing","33606977"
"NM_004448.4(ERBB2):c.73+3G>A","chr17","39700314","G/A","ERBB2","0.356","dataset0529","Splice site","Neutral to the ERBB2-mediated cellular proliferation in HA1E","ERBB2-mediated cellular proliferation","6","Functionally normal","Uncertain significance","1.84512e-05","NA","CRISPR-Based Genome Editing","Base editing","33606977"
"NM_004448.4(ERBB2):c.73+4G>A","chr17","39700315","G/A","ERBB2","0.356","dataset0529","Splice site","Neutral to the ERBB2-mediated cellular proliferation in HA1E","ERBB2-mediated cellular proliferation","6","Functionally normal","","1.42278e-06","NA","CRISPR-Based Genome Editing","Base editing","33606977"
"NM_004448.4(ERBB2):c.73+5G>A","chr17","39700316","G/A","ERBB2","0.356","dataset0529","Splice site","Neutral to the ERBB2-mediated cellular proliferation in HA1E","ERBB2-mediated cellular proliferation","6","Functionally normal","","3.55528e-06","NA","CRISPR-Based Genome Editing","Base editing","33606977"
"NM_004448.4(ERBB2):c.86C>T (p.Thr29Ile)","chr17","39707002","C/T","ERBB2","-0.803","dataset0529","Missense","Neutral to the ERBB2-mediated cellular proliferation in HA1E","ERBB2-mediated cellular proliferation","6","Functionally normal","","","NA","CRISPR-Based Genome Editing","Base editing","33606977"
"NM_004448.4(ERBB2):c.88G>A (p.Asp30Asn)","chr17","39707004","G/A","ERBB2","0.676","dataset0529","Missense","Neutral to the ERBB2-mediated cellular proliferation in HA1E","ERBB2-mediated cellular proliferation","6","Functionally normal","","","NA","CRISPR-Based Genome Editing","Base editing","33606977"
"NM_004448.4(ERBB2):c.111C>T (p.Ala37=)","chr17","39707027","C/T","ERBB2","0.914","dataset0529","Synonymous","Neutral to the ERBB2-mediated cellular proliferation in HA1E","ERBB2-mediated cellular proliferation","6","Functionally normal","","","NA","CRISPR-Based Genome Editing","Base editing","33606977"
"NM_004448.4(ERBB2):c.115C>T (p.Pro39Ser)","chr17","39707031","C/T","ERBB2","0.914","dataset0529","Missense","Neutral to the ERBB2-mediated cellular proliferation in HA1E","ERBB2-mediated cellular proliferation","6","Functionally normal","","","NA","CRISPR-Based Genome Editing","Base editing","33606977"
"NM_004448.4(ERBB2):c.120G>A (p.Glu40=)","chr17","39707036","G/A","ERBB2","0.124","dataset0529","Synonymous","Neutral to the ERBB2-mediated cellular proliferation in HA1E","ERBB2-mediated cellular proliferation","6","Functionally normal","","","NA","CRISPR-Based Genome Editing","Base editing","33606977"
"NM_004448.4(ERBB2):c.129G>A (p.Leu43=)","chr17","39707045","G/A","ERBB2","-0.001","dataset0529","Synonymous","Neutral to the ERBB2-mediated cellular proliferation in HA1E","ERBB2-mediated cellular proliferation","6","Functionally normal","","","NA","CRISPR-Based Genome Editing","Base editing","33606977"
"NM_004448.4(ERBB2):c.130G>A (p.Asp44Asn)","chr17","39707046","G/A","ERBB2","1.272","dataset0529","Missense","Neutral to the ERBB2-mediated cellular proliferation in HA1E","ERBB2-mediated cellular proliferation","6","Functionally normal","","1.24417e-06","NA","CRISPR-Based Genome Editing","Base editing","33606977"
"NM_004448.4(ERBB2):c.138C>T (p.Leu46=)","chr17","39707054","C/T","ERBB2","-2.491","dataset0529","Synonymous","The reduced ERBB2-mediated cellular proliferation in HA1E","ERBB2-mediated cellular proliferation","6","Loss-of-function","","1.24361e-06","NA","CRISPR-Based Genome Editing","Base editing","33606977"
"NM_004448.4(ERBB2):c.139C>T (p.Arg47Cys)","chr17","39707055","C/T","ERBB2","-2.491","dataset0529","Missense","The reduced ERBB2-mediated cellular proliferation in HA1E","ERBB2-mediated cellular proliferation","6","Loss-of-function","","8.08103e-06","NA","CRISPR-Based Genome Editing","Base editing","33606977"
"NM_004448.4(ERBB2):c.144C>T (p.His48=)","chr17","39707060","C/T","ERBB2","-0.714","dataset0529","Synonymous","Neutral to the ERBB2-mediated cellular proliferation in HA1E","ERBB2-mediated cellular proliferation","6","Functionally normal","","1.86488e-06","NA","CRISPR-Based Genome Editing","Base editing","33606977"
"NM_004448.4(ERBB2):c.147C>T (p.Leu49=)","chr17","39707063","C/T","ERBB2","-0.876","dataset0529","Synonymous","Neutral to the ERBB2-mediated cellular proliferation in HA1E","ERBB2-mediated cellular proliferation","6","Functionally normal","","","NA","CRISPR-Based Genome Editing","Base editing","33606977"
"NM_004448.4(ERBB2):c.150C>T (p.Tyr50=)","chr17","39707066","C/T","ERBB2","-0.876","dataset0529","Synonymous","Neutral to the ERBB2-mediated cellular proliferation in HA1E","ERBB2-mediated cellular proliferation","6","Functionally normal","","1.86561e-06","NA","CRISPR-Based Genome Editing","Base editing","33606977"
"NM_004448.4(ERBB2):c.151C>T (p.Gln51Ter)","chr17","39707067","C/T","ERBB2","-0.876","dataset0529","Nonsense","Neutral to the ERBB2-mediated cellular proliferation in HA1E","ERBB2-mediated cellular proliferation","6","Functionally normal","","","NA","CRISPR-Based Genome Editing","Base editing","33606977"
"NM_004448.4(ERBB2):c.153G>A (p.Gln51=)","chr17","39707069","G/A","ERBB2","0.989","dataset0529","Synonymous","Neutral to the ERBB2-mediated cellular proliferation in HA1E","ERBB2-mediated cellular proliferation","6","Functionally normal","","","NA","CRISPR-Based Genome Editing","Base editing","33606977"
"NM_004448.4(ERBB2):c.154G>A (p.Gly52Ser)","chr17","39707070","G/A","ERBB2","0.989","dataset0529","Missense","Neutral to the ERBB2-mediated cellular proliferation in HA1E","ERBB2-mediated cellular proliferation","6","Functionally normal","","6.22355e-07","NA","CRISPR-Based Genome Editing","Base editing","33606977"
"NM_004448.4(ERBB2):c.162G>A (p.Gln54=)","chr17","39707078","G/A","ERBB2","0.224","dataset0529","Synonymous","Neutral to the ERBB2-mediated cellular proliferation in HA1E","ERBB2-mediated cellular proliferation","6","Functionally normal","","","NA","CRISPR-Based Genome Editing","Base editing","33606977"
"NM_004448.4(ERBB2):c.163G>A (p.Val55Met)","chr17","39707079","G/A","ERBB2","0.224","dataset0529","Missense","Neutral to the ERBB2-mediated cellular proliferation in HA1E","ERBB2-mediated cellular proliferation","6","Functionally normal","","","NA","CRISPR-Based Genome Editing","Base editing","33606977"
"NM_004448.4(ERBB2):c.165G>A (p.Val55=)","chr17","39707081","G/A","ERBB2","-0.547","dataset0529","Synonymous","Neutral to the ERBB2-mediated cellular proliferation in HA1E","ERBB2-mediated cellular proliferation","6","Functionally normal","","6.22556e-07","NA","CRISPR-Based Genome Editing","Base editing","33606977"
"NM_004448.4(ERBB2):c.166G>A (p.Val56Met)","chr17","39707082","G/A","ERBB2","-0.547","dataset0529","Missense","Neutral to the ERBB2-mediated cellular proliferation in HA1E","ERBB2-mediated cellular proliferation","6","Functionally normal","","","NA","CRISPR-Based Genome Editing","Base editing","33606977"
"NM_004448.4(ERBB2):c.207C>T (p.Ala69=)","chr17","39707123","C/T","ERBB2","-0.776","dataset0529","Synonymous","Neutral to the ERBB2-mediated cellular proliferation in HA1E","ERBB2-mediated cellular proliferation","6","Functionally normal","","","NA","CRISPR-Based Genome Editing","Base editing","33606977"
"NM_004448.4(ERBB2):c.211C>T (p.Leu71=)","chr17","39707127","C/T","ERBB2","-0.776","dataset0529","Synonymous","Neutral to the ERBB2-mediated cellular proliferation in HA1E","ERBB2-mediated cellular proliferation","6","Functionally normal","","","NA","CRISPR-Based Genome Editing","Base editing","33606977"
"NM_004448.4(ERBB2):c.213G>A (p.Leu71=)","chr17","39707129","G/A","ERBB2","0.85","dataset0529","Synonymous","Neutral to the ERBB2-mediated cellular proliferation in HA1E","ERBB2-mediated cellular proliferation","6","Functionally normal","","0","NA","CRISPR-Based Genome Editing","Base editing","33606977"
"NM_004448.4(ERBB2):c.225G>A (p.Gln75=)","chr17","39707141","G/A","ERBB2","-2.27","dataset0529","Splice site","The reduced ERBB2-mediated cellular proliferation in HA1E","ERBB2-mediated cellular proliferation","6","Loss-of-function","","","NA","CRISPR-Based Genome Editing","Base editing","33606977"
"NM_004448.4(ERBB2):c.225+1G>A","chr17","39707142","G/A","ERBB2","-2.27","dataset0529","Splice site","The reduced ERBB2-mediated cellular proliferation in HA1E","ERBB2-mediated cellular proliferation","6","Loss-of-function","","","NA","CRISPR-Based Genome Editing","Base editing","33606977"
"NM_004448.4(ERBB2):c.225+3G>A","chr17","39707144","G/A","ERBB2","-2.27","dataset0529","Splice site","The reduced ERBB2-mediated cellular proliferation in HA1E","ERBB2-mediated cellular proliferation","6","Loss-of-function","Uncertain significance","1.85709e-05","NA","CRISPR-Based Genome Editing","Base editing","33606977"
"NM_004448.4(ERBB2):c.225+5G>A","chr17","39707146","G/A","ERBB2","0.516","dataset0529","Splice site","Neutral to the ERBB2-mediated cellular proliferation in HA1E","ERBB2-mediated cellular proliferation","6","Functionally normal","","0","NA","CRISPR-Based Genome Editing","Base editing","33606977"
"NM_004448.4(ERBB2):c.226-10C>T","chr17","39708311","C/T","ERBB2","-0.037","dataset0529","Splice site","Neutral to the ERBB2-mediated cellular proliferation in HA1E","ERBB2-mediated cellular proliferation","6","Functionally normal","","1.86352e-06","NA","CRISPR-Based Genome Editing","Base editing","33606977"
"NM_004448.4(ERBB2):c.226-9C>T","chr17","39708312","C/T","ERBB2","-0.037","dataset0529","Splice site","Neutral to the ERBB2-mediated cellular proliferation in HA1E","ERBB2-mediated cellular proliferation","6","Functionally normal","","1.24282e-06","NA","CRISPR-Based Genome Editing","Base editing","33606977"
"NM_004448.4(ERBB2):c.226-8C>T","chr17","39708313","C/T","ERBB2","-0.037","dataset0529","Splice site","Neutral to the ERBB2-mediated cellular proliferation in HA1E","ERBB2-mediated cellular proliferation","6","Functionally normal","","6.20882e-07","NA","CRISPR-Based Genome Editing","Base editing","33606977"
"NM_004448.4(ERBB2):c.226-7C>T","chr17","39708314","C/T","ERBB2","-0.556","dataset0529","Splice site","Neutral to the ERBB2-mediated cellular proliferation in HA1E","ERBB2-mediated cellular proliferation","6","Functionally normal","Likely benign","1.8002e-05","NA","CRISPR-Based Genome Editing","Base editing","33606977"
"NM_004448.4(ERBB2):c.226-5C>T","chr17","39708316","C/T","ERBB2","-0.556","dataset0529","Splice site","Neutral to the ERBB2-mediated cellular proliferation in HA1E","ERBB2-mediated cellular proliferation","6","Functionally normal","Likely benign","1.4274e-05","NA","CRISPR-Based Genome Editing","Base editing","33606977"
"NM_004448.4(ERBB2):c.226-4C>T","chr17","39708317","C/T","ERBB2","-0.556","dataset0529","Splice site","Neutral to the ERBB2-mediated cellular proliferation in HA1E","ERBB2-mediated cellular proliferation","6","Functionally normal","","1.24104e-06","NA","CRISPR-Based Genome Editing","Base editing","33606977"
"NM_004448.4(ERBB2):c.226-3C>T","chr17","39708318","C/T","ERBB2","-0.556","dataset0529","Splice site","Neutral to the ERBB2-mediated cellular proliferation in HA1E","ERBB2-mediated cellular proliferation","6","Functionally normal","","6.20729e-07","NA","CRISPR-Based Genome Editing","Base editing","33606977"
"NM_004448.4(ERBB2):c.237G>A (p.Glu79=)","chr17","39708332","G/A","ERBB2","-0.488","dataset0529","Synonymous","Neutral to the ERBB2-mediated cellular proliferation in HA1E","ERBB2-mediated cellular proliferation","6","Functionally normal","","","NA","CRISPR-Based Genome Editing","Base editing","33606977"
"NM_004448.4(ERBB2):c.238G>A (p.Val80Met)","chr17","39708333","G/A","ERBB2","-0.488","dataset0529","Missense","Neutral to the ERBB2-mediated cellular proliferation in HA1E","ERBB2-mediated cellular proliferation","6","Functionally normal","","","NA","CRISPR-Based Genome Editing","Base editing","33606977"
"NM_004448.4(ERBB2):c.250G>A (p.Val84Met)","chr17","39708345","G/A","ERBB2","0.465","dataset0529","Missense","Neutral to the ERBB2-mediated cellular proliferation in HA1E","ERBB2-mediated cellular proliferation","6","Functionally normal","Uncertain significance","4.64642e-05","NA","CRISPR-Based Genome Editing","Base editing","33606977"
"NM_004448.4(ERBB2):c.258C>T (p.Ile86=)","chr17","39708353","C/T","ERBB2","-0.242","dataset0529","Synonymous","Neutral to the ERBB2-mediated cellular proliferation in HA1E","ERBB2-mediated cellular proliferation","6","Functionally normal","Likely benign","0.00026206","NA","CRISPR-Based Genome Editing","Base editing","33606977"
"NM_004448.4(ERBB2):c.282C>T (p.Val94=)","chr17","39708377","C/T","ERBB2","0.428","dataset0529","Synonymous","Neutral to the ERBB2-mediated cellular proliferation in HA1E","ERBB2-mediated cellular proliferation","6","Functionally normal","","","NA","CRISPR-Based Genome Editing","Base editing","33606977"
"NM_004448.4(ERBB2):c.283_284delinsTT (p.Pro95Leu)","chr17","39708378","CC/TT","ERBB2","0.428","dataset0529","Missense","Neutral to the ERBB2-mediated cellular proliferation in HA1E","ERBB2-mediated cellular proliferation","6","Functionally normal","","","NA","CRISPR-Based Genome Editing","Base editing","33606977"
"NM_004448.4(ERBB2):c.299_300delinsAA (p.Arg100Gln)","chr17","39708394","GG/AA","ERBB2","0.169","dataset0529","Missense","Neutral to the ERBB2-mediated cellular proliferation in HA1E","ERBB2-mediated cellular proliferation","6","Functionally normal","","","NA","CRISPR-Based Genome Editing","Base editing","33606977"
"NM_004448.4(ERBB2):c.340C>T (p.Leu114=)","chr17","39708435","C/T","ERBB2","0.069","dataset0529","Synonymous","Neutral to the ERBB2-mediated cellular proliferation in HA1E","ERBB2-mediated cellular proliferation","6","Functionally normal","Likely benign","3.71722e-06","NA","CRISPR-Based Genome Editing","Base editing","33606977"
"NM_004448.4(ERBB2):c.358G>A (p.Gly120Arg)","chr17","39708453","G/A","ERBB2","-1.282","dataset0529","Missense","Neutral to the ERBB2-mediated cellular proliferation in HA1E","ERBB2-mediated cellular proliferation","6","Functionally normal","","","NA","CRISPR-Based Genome Editing","Base editing","33606977"
"NM_004448.4(ERBB2):c.359G>A (p.Gly120Glu)","chr17","39708454","G/A","ERBB2","-0.617","dataset0529","Missense","Neutral to the ERBB2-mediated cellular proliferation in HA1E","ERBB2-mediated cellular proliferation","6","Functionally normal","","","NA","CRISPR-Based Genome Editing","Base editing","33606977"
"NM_004448.4(ERBB2):c.361G>A (p.Asp121Asn)","chr17","39708456","G/A","ERBB2","-0.617","dataset0529","Missense","Neutral to the ERBB2-mediated cellular proliferation in HA1E","ERBB2-mediated cellular proliferation","6","Functionally normal","","6.19513e-07","NA","CRISPR-Based Genome Editing","Base editing","33606977"
"NM_004448.4(ERBB2):c.377_378delinsTT (p.Thr126Ile)","chr17","39708472","CC/TT","ERBB2","-1.427","dataset0529","Missense","Neutral to the ERBB2-mediated cellular proliferation in HA1E","ERBB2-mediated cellular proliferation","6","Functionally normal","","","NA","CRISPR-Based Genome Editing","Base editing","33606977"
"NM_004448.4(ERBB2):c.377C>T (p.Thr126Ile)","chr17","39708472","C/T","ERBB2","-0.037","dataset0529","Missense","Neutral to the ERBB2-mediated cellular proliferation in HA1E","ERBB2-mediated cellular proliferation","6","Functionally normal","","2.47806e-06","NA","CRISPR-Based Genome Editing","Base editing","33606977"
"NM_004448.4(ERBB2):c.387C>T (p.Val129=)","chr17","39708482","C/T","ERBB2","0.657","dataset0529","Synonymous","Neutral to the ERBB2-mediated cellular proliferation in HA1E","ERBB2-mediated cellular proliferation","6","Functionally normal","","","NA","CRISPR-Based Genome Editing","Base editing","33606977"
"NM_004448.4(ERBB2):c.389C>T (p.Thr130Ile)","chr17","39708484","C/T","ERBB2","-0.271","dataset0529","Missense","Neutral to the ERBB2-mediated cellular proliferation in HA1E","ERBB2-mediated cellular proliferation","6","Functionally normal","","6.19514e-07","NA","CRISPR-Based Genome Editing","Base editing","33606977"
"NM_004448.4(ERBB2):c.392_393delinsAA (p.Gly131Glu)","chr17","39708487","GG/AA","ERBB2","0.586","dataset0529","Missense","Neutral to the ERBB2-mediated cellular proliferation in HA1E","ERBB2-mediated cellular proliferation","6","Functionally normal","","","NA","CRISPR-Based Genome Editing","Base editing","33606977"
"NM_004448.4(ERBB2):c.396C>T (p.Ala132=)","chr17","39708491","C/T","ERBB2","1.219","dataset0529","Synonymous","Neutral to the ERBB2-mediated cellular proliferation in HA1E","ERBB2-mediated cellular proliferation","6","Functionally normal","Likely benign","1.23911e-06","NA","CRISPR-Based Genome Editing","Base editing","33606977"
"NM_004448.4(ERBB2):c.398_399delinsTT (p.Ser133Phe)","chr17","39708493","CC/TT","ERBB2","1.219","dataset0529","Missense","Neutral to the ERBB2-mediated cellular proliferation in HA1E","ERBB2-mediated cellular proliferation","6","Functionally normal","","","NA","CRISPR-Based Genome Editing","Base editing","33606977"
"NM_004448.4(ERBB2):c.413_414delinsAA (p.Arg138Gln)","chr17","39708508","GG/AA","ERBB2","-1.301","dataset0529","Missense","Neutral to the ERBB2-mediated cellular proliferation in HA1E","ERBB2-mediated cellular proliferation","6","Functionally normal","","","NA","CRISPR-Based Genome Editing","Base editing","33606977"
"NM_004448.4(ERBB2):c.414G>A (p.Arg138=)","chr17","39708509","G/A","ERBB2","0.904","dataset0529","Synonymous","Neutral to the ERBB2-mediated cellular proliferation in HA1E","ERBB2-mediated cellular proliferation","6","Functionally normal","","6.19564e-07","NA","CRISPR-Based Genome Editing","Base editing","33606977"
"NM_004448.4(ERBB2):c.415G>A (p.Glu139Lys)","chr17","39708510","G/A","ERBB2","-0.154","dataset0529","Missense","Neutral to the ERBB2-mediated cellular proliferation in HA1E","ERBB2-mediated cellular proliferation","6","Functionally normal","","","skcm:0.2% (1/448):0.400","CRISPR-Based Genome Editing","Base editing","33606977"
"NM_004448.4(ERBB2):c.427C>T (p.Arg143Ter)","chr17","39708522","C/T","ERBB2","-1.415","dataset0529","Nonsense","Neutral to the ERBB2-mediated cellular proliferation in HA1E","ERBB2-mediated cellular proliferation","6","Functionally normal","","1.85891e-06","NA","CRISPR-Based Genome Editing","Base editing","33606977"
"NM_004448.4(ERBB2):c.440-7C>T","chr17","39709311","C/T","ERBB2","-1.528","dataset0529","Splice site","Neutral to the ERBB2-mediated cellular proliferation in HA1E","ERBB2-mediated cellular proliferation","6","Functionally normal","","1.05324e-05","NA","CRISPR-Based Genome Editing","Base editing","33606977"
"NM_004448.4(ERBB2):c.440-6C>T","chr17","39709312","C/T","ERBB2","-1.528","dataset0529","Splice site","Neutral to the ERBB2-mediated cellular proliferation in HA1E","ERBB2-mediated cellular proliferation","6","Functionally normal","","6.19537e-07","NA","CRISPR-Based Genome Editing","Base editing","33606977"
"NM_004448.4(ERBB2):c.440-5C>T","chr17","39709313","C/T","ERBB2","-1.528","dataset0529","Splice site","Neutral to the ERBB2-mediated cellular proliferation in HA1E","ERBB2-mediated cellular proliferation","6","Functionally normal","Likely benign","1.8587e-06","NA","CRISPR-Based Genome Editing","Base editing","33606977"
"NM_004448.4(ERBB2):c.440-3C>T","chr17","39709315","C/T","ERBB2","-1.528","dataset0529","Splice site","Neutral to the ERBB2-mediated cellular proliferation in HA1E","ERBB2-mediated cellular proliferation","6","Functionally normal","","","NA","CRISPR-Based Genome Editing","Base editing","33606977"
"NM_004448.4(ERBB2):c.451_452delinsAA (p.Gly151Lys)","chr17","39709329","GG/AA","ERBB2","-0.832","dataset0529","Missense","Neutral to the ERBB2-mediated cellular proliferation in HA1E","ERBB2-mediated cellular proliferation","6","Functionally normal","","","NA","CRISPR-Based Genome Editing","Base editing","33606977"
"NM_004448.4(ERBB2):c.474C>T (p.Asn158=)","chr17","39709352","C/T","ERBB2","-0.58","dataset0529","Synonymous","Neutral to the ERBB2-mediated cellular proliferation in HA1E","ERBB2-mediated cellular proliferation","6","Functionally normal","Likely benign","3.71731e-06","NA","CRISPR-Based Genome Editing","Base editing","33606977"
"NM_004448.4(ERBB2):c.475_477delinsTTT (p.Pro159Phe)","chr17","39709353","CCC/TTT","ERBB2","-0.58","dataset0529","Missense","Neutral to the ERBB2-mediated cellular proliferation in HA1E","ERBB2-mediated cellular proliferation","6","Functionally normal","","","NA","CRISPR-Based Genome Editing","Base editing","33606977"
"NM_004448.4(ERBB2):c.478C>T (p.Gln160Ter)","chr17","39709356","C/T","ERBB2","-0.58","dataset0529","Nonsense","Neutral to the ERBB2-mediated cellular proliferation in HA1E","ERBB2-mediated cellular proliferation","6","Functionally normal","","","NA","CRISPR-Based Genome Editing","Base editing","33606977"
"NM_004448.4(ERBB2):c.492G>A (p.Gln164=)","chr17","39709370","G/A","ERBB2","-0.546","dataset0529","Synonymous","Neutral to the ERBB2-mediated cellular proliferation in HA1E","ERBB2-mediated cellular proliferation","6","Functionally normal","","6.19599e-07","NA","CRISPR-Based Genome Editing","Base editing","33606977"
"NM_004448.4(ERBB2):c.493G>A (p.Asp165Asn)","chr17","39709371","G/A","ERBB2","-0.546","dataset0529","Missense","Neutral to the ERBB2-mediated cellular proliferation in HA1E","ERBB2-mediated cellular proliferation","6","Functionally normal","","","NA","CRISPR-Based Genome Editing","Base editing","33606977"
"NM_004448.4(ERBB2):c.504G>A (p.Leu168=)","chr17","39709382","G/A","ERBB2","-0.058","dataset0529","Synonymous","Neutral to the ERBB2-mediated cellular proliferation in HA1E","ERBB2-mediated cellular proliferation","6","Functionally normal","","","NA","CRISPR-Based Genome Editing","Base editing","33606977"
"NM_004448.4(ERBB2):c.506_507delinsAA (p.Trp169Ter)","chr17","39709384","GG/AA","ERBB2","-0.058","dataset0529","Nonsense","Neutral to the ERBB2-mediated cellular proliferation in HA1E","ERBB2-mediated cellular proliferation","6","Functionally normal","","","NA","CRISPR-Based Genome Editing","Base editing","33606977"
"NM_004448.4(ERBB2):c.519C>T (p.Phe173=)","chr17","39709397","C/T","ERBB2","-0.349","dataset0529","Synonymous","Neutral to the ERBB2-mediated cellular proliferation in HA1E","ERBB2-mediated cellular proliferation","6","Functionally normal","","","NA","CRISPR-Based Genome Editing","Base editing","33606977"
"NM_004448.4(ERBB2):c.537G>A (p.Leu179=)","chr17","39709415","G/A","ERBB2","0.535","dataset0529","Synonymous","Neutral to the ERBB2-mediated cellular proliferation in HA1E","ERBB2-mediated cellular proliferation","6","Functionally normal","","5.57638e-06","NA","CRISPR-Based Genome Editing","Base editing","33606977"
"NM_004448.4(ERBB2):c.549G>A (p.Leu183=)","chr17","39709427","G/A","ERBB2","-1.722","dataset0529","Synonymous","Neutral to the ERBB2-mediated cellular proliferation in HA1E","ERBB2-mediated cellular proliferation","6","Functionally normal","","","NA","CRISPR-Based Genome Editing","Base editing","33606977"
"NM_004448.4(ERBB2):c.555C>T (p.Asp185=)","chr17","39709433","C/T","ERBB2","-1.064","dataset0529","Synonymous","Neutral to the ERBB2-mediated cellular proliferation in HA1E","ERBB2-mediated cellular proliferation","6","Functionally normal","","6.19526e-07","NA","CRISPR-Based Genome Editing","Base editing","33606977"
"NM_004448.4(ERBB2):c.582C>T (p.Pro194=)","chr17","39709820","C/T","ERBB2","0.579","dataset0529","Synonymous","Neutral to the ERBB2-mediated cellular proliferation in HA1E","ERBB2-mediated cellular proliferation","6","Functionally normal","","1.85957e-06","NA","CRISPR-Based Genome Editing","Base editing","33606977"
"NM_004448.4(ERBB2):c.587C>T (p.Ser196Phe)","chr17","39709825","C/T","ERBB2","0.378","dataset0529","Missense","Neutral to the ERBB2-mediated cellular proliferation in HA1E","ERBB2-mediated cellular proliferation","6","Functionally normal","","6.19839e-07","blca:0.2% (1/411):0.250","CRISPR-Based Genome Editing","Base editing","33606977"
"NM_004448.4(ERBB2):c.591G>A (p.Pro197=)","chr17","39709829","G/A","ERBB2","-0.309","dataset0529","Synonymous","Neutral to the ERBB2-mediated cellular proliferation in HA1E","ERBB2-mediated cellular proliferation","6","Functionally normal","Likely benign","1.17771e-05","NA","CRISPR-Based Genome Editing","Base editing","33606977"
"NM_004448.4(ERBB2):c.594G>A (p.Met198Ile)","chr17","39709832","G/A","ERBB2","-4.573","dataset0529","Missense","The reduced ERBB2-mediated cellular proliferation in HA1E","ERBB2-mediated cellular proliferation","6","Loss-of-function","Uncertain significance","1.54961e-05","NA","CRISPR-Based Genome Editing","Base editing","33606977"
"NM_004448.4(ERBB2):c.596G>A (p.Cys199Tyr)","chr17","39709834","G/A","ERBB2","-4.573","dataset0529","Missense","The reduced ERBB2-mediated cellular proliferation in HA1E","ERBB2-mediated cellular proliferation","6","Loss-of-function","","","NA","CRISPR-Based Genome Editing","Base editing","33606977"
"NM_004448.4(ERBB2):c.600G>A (p.Lys200=)","chr17","39709838","G/A","ERBB2","-1.482","dataset0529","Synonymous","Neutral to the ERBB2-mediated cellular proliferation in HA1E","ERBB2-mediated cellular proliferation","6","Functionally normal","","","NA","CRISPR-Based Genome Editing","Base editing","33606977"
"NM_004448.4(ERBB2):c.621G>A (p.Glu207=)","chr17","39709859","G/A","ERBB2","-1.845","dataset0529","Synonymous","Neutral to the ERBB2-mediated cellular proliferation in HA1E","ERBB2-mediated cellular proliferation","6","Functionally normal","","","NA","CRISPR-Based Genome Editing","Base editing","33606977"
"NM_004448.4(ERBB2):c.623G>A (p.Ser208Asn)","chr17","39709861","G/A","ERBB2","-1.845","dataset0529","Missense","Neutral to the ERBB2-mediated cellular proliferation in HA1E","ERBB2-mediated cellular proliferation","6","Functionally normal","","2.479e-06","NA","CRISPR-Based Genome Editing","Base editing","33606977"
"NM_004448.4(ERBB2):c.647C>T (p.Thr216Met)","chr17","39710089","C/T","ERBB2","0.414","dataset0529","Missense","Neutral to the ERBB2-mediated cellular proliferation in HA1E","ERBB2-mediated cellular proliferation","6","Functionally normal","Uncertain significance","2.49088e-05","NA","CRISPR-Based Genome Editing","Base editing","33606977"
"NM_004448.4(ERBB2):c.653C>T (p.Thr218Ile)","chr17","39710095","C/T","ERBB2","1.011","dataset0529","Missense","Neutral to the ERBB2-mediated cellular proliferation in HA1E","ERBB2-mediated cellular proliferation","6","Functionally normal","","6.21973e-07","NA","CRISPR-Based Genome Editing","Base editing","33606977"
"NM_004448.4(ERBB2):c.709C>T (p.His237Tyr)","chr17","39710151","C/T","ERBB2","0.324","dataset0529","Missense","Neutral to the ERBB2-mediated cellular proliferation in HA1E","ERBB2-mediated cellular proliferation","6","Functionally normal","","1.86036e-06","NA","CRISPR-Based Genome Editing","Base editing","33606977"
"NM_004448.4(ERBB2):c.712G>A (p.Glu238Lys)","chr17","39710154","G/A","ERBB2","0.954","dataset0529","Missense","Neutral to the ERBB2-mediated cellular proliferation in HA1E","ERBB2-mediated cellular proliferation","6","Functionally normal","","","NA","CRISPR-Based Genome Editing","Base editing","33606977"
"NM_004448.4(ERBB2):c.727G>A (p.Gly243Ser)","chr17","39710169","G/A","ERBB2","1.126","dataset0529","Missense","Neutral to the ERBB2-mediated cellular proliferation in HA1E","ERBB2-mediated cellular proliferation","6","Functionally normal","Uncertain significance","0.000128981","NA","CRISPR-Based Genome Editing","Base editing","33606977"
"NM_004448.4(ERBB2):c.741C>T (p.Pro247=)","chr17","39710183","C/T","ERBB2","-0.915","dataset0529","Synonymous","Neutral to the ERBB2-mediated cellular proliferation in HA1E","ERBB2-mediated cellular proliferation","6","Functionally normal","","0","NA","CRISPR-Based Genome Editing","Base editing","33606977"
"NM_004448.4(ERBB2):c.759G>A (p.Leu253=)","chr17","39710201","G/A","ERBB2","0.559","dataset0529","Splice site","Neutral to the ERBB2-mediated cellular proliferation in HA1E","ERBB2-mediated cellular proliferation","6","Functionally normal","","6.20215e-07","NA","CRISPR-Based Genome Editing","Base editing","33606977"
"NM_004448.4(ERBB2):c.769C>T (p.His257Tyr)","chr17","39710349","C/T","ERBB2","-2.048","dataset0529","Missense","The reduced ERBB2-mediated cellular proliferation in HA1E","ERBB2-mediated cellular proliferation","6","Loss-of-function","Uncertain significance","","NA","CRISPR-Based Genome Editing","Base editing","33606977"
"NM_004448.4(ERBB2):c.782G>A (p.Ser261Asn)","chr17","39710362","G/A","ERBB2","0.714","dataset0529","Missense","Neutral to the ERBB2-mediated cellular proliferation in HA1E","ERBB2-mediated cellular proliferation","6","Functionally normal","","","NA","CRISPR-Based Genome Editing","Base editing","33606977"
"NM_004448.4(ERBB2):c.784G>A (p.Gly262Ser)","chr17","39710364","G/A","ERBB2","0.158","dataset0529","Missense","Neutral to the ERBB2-mediated cellular proliferation in HA1E","ERBB2-mediated cellular proliferation","6","Functionally normal","","","NA","CRISPR-Based Genome Editing","Base editing","33606977"
"NM_004448.4(ERBB2):c.793G>A (p.Glu265Lys)","chr17","39710373","G/A","ERBB2","1.075","dataset0529","Missense","Neutral to the ERBB2-mediated cellular proliferation in HA1E","ERBB2-mediated cellular proliferation","6","Functionally normal","","","NA","CRISPR-Based Genome Editing","Base editing","33606977"
"NM_004448.4(ERBB2):c.829G>A (p.Asp277Asn)","chr17","39710409","G/A","ERBB2","0.67","dataset0529","Missense","Neutral to the ERBB2-mediated cellular proliferation in HA1E","ERBB2-mediated cellular proliferation","6","Functionally normal","","","NA","CRISPR-Based Genome Editing","Base editing","33606977"
"NM_004448.4(ERBB2):c.834G>A (p.Thr278=)","chr17","39710414","G/A","ERBB2","0.941","dataset0529","Synonymous","Neutral to the ERBB2-mediated cellular proliferation in HA1E","ERBB2-mediated cellular proliferation","6","Functionally normal","","2.4781e-06","NA","CRISPR-Based Genome Editing","Base editing","33606977"
"NM_004448.4(ERBB2):c.842_843delinsTT (p.Ser281Phe)","chr17","39710422","CC/TT","ERBB2","-2.161","dataset0529","Missense","The reduced ERBB2-mediated cellular proliferation in HA1E","ERBB2-mediated cellular proliferation","6","Loss-of-function","","","NA","CRISPR-Based Genome Editing","Base editing","33606977"
"NM_004448.4(ERBB2):c.848_849delinsTT (p.Pro283Leu)","chr17","39710428","CC/TT","ERBB2","-0.377","dataset0529","Missense","Neutral to the ERBB2-mediated cellular proliferation in HA1E","ERBB2-mediated cellular proliferation","6","Functionally normal","","","NA","CRISPR-Based Genome Editing","Base editing","33606977"
"NM_004448.4(ERBB2):c.858G>A (p.Glu286=)","chr17","39710438","G/A","ERBB2","0.038","dataset0529","Synonymous","Neutral to the ERBB2-mediated cellular proliferation in HA1E","ERBB2-mediated cellular proliferation","6","Functionally normal","","","NA","CRISPR-Based Genome Editing","Base editing","33606977"
"NM_004448.4(ERBB2):c.859G>A (p.Gly287Ser)","chr17","39710439","G/A","ERBB2","0.038","dataset0529","Missense","Neutral to the ERBB2-mediated cellular proliferation in HA1E","ERBB2-mediated cellular proliferation","6","Functionally normal","","","NA","CRISPR-Based Genome Editing","Base editing","33606977"
"NM_004448.4(ERBB2):c.863_864delinsAA (p.Arg288Gln)","chr17","39710443","GG/AA","ERBB2","0.609","dataset0529","Missense","Neutral to the ERBB2-mediated cellular proliferation in HA1E","ERBB2-mediated cellular proliferation","6","Functionally normal","","","NA","CRISPR-Based Genome Editing","Base editing","33606977"
"NM_004448.4(ERBB2):c.896G>A (p.Cys299Tyr)","chr17","39710476","G/A","ERBB2","-2.126","dataset0529","Missense","The reduced ERBB2-mediated cellular proliferation in HA1E","ERBB2-mediated cellular proliferation","6","Loss-of-function","","0","NA","CRISPR-Based Genome Editing","Base editing","33606977"
"NM_004448.4(ERBB2):c.901+11G>A","chr17","39710492","G/A","ERBB2","0.68","dataset0529","Intron","Neutral to the ERBB2-mediated cellular proliferation in HA1E","ERBB2-mediated cellular proliferation","6","Functionally normal","","","NA","CRISPR-Based Genome Editing","Base editing","33606977"
"NM_004448.4(ERBB2):c.903C>T (p.Tyr301=)","chr17","39711929","C/T","ERBB2","-2.17","dataset0529","Splice site","The reduced ERBB2-mediated cellular proliferation in HA1E","ERBB2-mediated cellular proliferation","6","Loss-of-function","","","NA","CRISPR-Based Genome Editing","Base editing","33606977"
"NM_004448.4(ERBB2):c.906C>T (p.Asn302=)","chr17","39711932","C/T","ERBB2","0.979","dataset0529","Synonymous","Neutral to the ERBB2-mediated cellular proliferation in HA1E","ERBB2-mediated cellular proliferation","6","Functionally normal","","","NA","CRISPR-Based Genome Editing","Base editing","33606977"
"NM_004448.4(ERBB2):c.909C>T (p.Tyr303=)","chr17","39711935","C/T","ERBB2","-0.44","dataset0529","Synonymous","Neutral to the ERBB2-mediated cellular proliferation in HA1E","ERBB2-mediated cellular proliferation","6","Functionally normal","","6.19532e-06","NA","CRISPR-Based Genome Editing","Base editing","33606977"
"NM_004448.4(ERBB2):c.910C>T (p.Leu304Phe)","chr17","39711936","C/T","ERBB2","-0.44","dataset0529","Missense","Neutral to the ERBB2-mediated cellular proliferation in HA1E","ERBB2-mediated cellular proliferation","6","Functionally normal","","","NA","CRISPR-Based Genome Editing","Base editing","33606977"
"NM_004448.4(ERBB2):c.924G>A (p.Val308=)","chr17","39711950","G/A","ERBB2","0.032","dataset0529","Synonymous","Neutral to the ERBB2-mediated cellular proliferation in HA1E","ERBB2-mediated cellular proliferation","6","Functionally normal","","","NA","CRISPR-Based Genome Editing","Base editing","33606977"
"NM_004448.4(ERBB2):c.925_926delinsAA (p.Gly309Lys)","chr17","39711951","GG/AA","ERBB2","0.032","dataset0529","Missense","Neutral to the ERBB2-mediated cellular proliferation in HA1E","ERBB2-mediated cellular proliferation","6","Functionally normal","","","NA","CRISPR-Based Genome Editing","Base editing","33606977"
"NM_004448.4(ERBB2):c.946_948delinsTTT (p.Pro316Phe)","chr17","39711972","CCC/TTT","ERBB2","0.054","dataset0529","Missense","Neutral to the ERBB2-mediated cellular proliferation in HA1E","ERBB2-mediated cellular proliferation","6","Functionally normal","","","NA","CRISPR-Based Genome Editing","Base editing","33606977"
"NM_004448.4(ERBB2):c.949C>T (p.Leu317=)","chr17","39711975","C/T","ERBB2","0.054","dataset0529","Synonymous","Neutral to the ERBB2-mediated cellular proliferation in HA1E","ERBB2-mediated cellular proliferation","6","Functionally normal","","6.19507e-07","NA","CRISPR-Based Genome Editing","Base editing","33606977"
"NM_004448.4(ERBB2):c.957C>T (p.Asn319=)","chr17","39711983","C/T","ERBB2","-1.754","dataset0529","Synonymous","Neutral to the ERBB2-mediated cellular proliferation in HA1E","ERBB2-mediated cellular proliferation","6","Functionally normal","","","NA","CRISPR-Based Genome Editing","Base editing","33606977"
"NM_004448.4(ERBB2):c.958C>T (p.Gln320Ter)","chr17","39711984","C/T","ERBB2","-1.754","dataset0529","Nonsense","Neutral to the ERBB2-mediated cellular proliferation in HA1E","ERBB2-mediated cellular proliferation","6","Functionally normal","","","NA","CRISPR-Based Genome Editing","Base editing","33606977"
"NM_004448.4(ERBB2):c.963G>A (p.Glu321=)","chr17","39711989","G/A","ERBB2","-0.424","dataset0529","Synonymous","Neutral to the ERBB2-mediated cellular proliferation in HA1E","ERBB2-mediated cellular proliferation","6","Functionally normal","","","NA","CRISPR-Based Genome Editing","Base editing","33606977"
"NM_004448.4(ERBB2):c.964G>A (p.Val322Met)","chr17","39711990","G/A","ERBB2","-2.083","dataset0529","Missense","The reduced ERBB2-mediated cellular proliferation in HA1E","ERBB2-mediated cellular proliferation","6","Loss-of-function","","","NA","CRISPR-Based Genome Editing","Base editing","33606977"
"NM_004448.4(ERBB2):c.976G>A (p.Asp326Asn)","chr17","39712002","G/A","ERBB2","0.411","dataset0529","Missense","Neutral to the ERBB2-mediated cellular proliferation in HA1E","ERBB2-mediated cellular proliferation","6","Functionally normal","","","NA","CRISPR-Based Genome Editing","Base editing","33606977"
"NM_004448.4(ERBB2):c.1022-9C>T","chr17","39712313","C/T","ERBB2","0.615","dataset0529","Splice site","Neutral to the ERBB2-mediated cellular proliferation in HA1E","ERBB2-mediated cellular proliferation","6","Functionally normal","","","NA","CRISPR-Based Genome Editing","Base editing","33606977"
"NM_004448.4(ERBB2):c.1022-8C>T","chr17","39712314","C/T","ERBB2","0.615","dataset0529","Splice site","Neutral to the ERBB2-mediated cellular proliferation in HA1E","ERBB2-mediated cellular proliferation","6","Functionally normal","","6.19769e-07","NA","CRISPR-Based Genome Editing","Base editing","33606977"
"NM_004448.4(ERBB2):c.1022-6C>T","chr17","39712316","C/T","ERBB2","0.615","dataset0529","Splice site","Neutral to the ERBB2-mediated cellular proliferation in HA1E","ERBB2-mediated cellular proliferation","6","Functionally normal","","6.30256e-06","NA","CRISPR-Based Genome Editing","Base editing","33606977"
"NM_004448.4(ERBB2):c.1022-5C>T","chr17","39712317","C/T","ERBB2","0.532","dataset0529","Splice site","Neutral to the ERBB2-mediated cellular proliferation in HA1E","ERBB2-mediated cellular proliferation","6","Functionally normal","","3.71778e-06","NA","CRISPR-Based Genome Editing","Base editing","33606977"
"NM_004448.4(ERBB2):c.1022-3C>T","chr17","39712319","C/T","ERBB2","0.532","dataset0529","Splice site","Neutral to the ERBB2-mediated cellular proliferation in HA1E","ERBB2-mediated cellular proliferation","6","Functionally normal","","1.24171e-06","NA","CRISPR-Based Genome Editing","Base editing","33606977"
"NM_004448.4(ERBB2):c.1031G>A (p.Gly344Asp)","chr17","39712331","G/A","ERBB2","-0.607","dataset0529","Missense","Neutral to the ERBB2-mediated cellular proliferation in HA1E","ERBB2-mediated cellular proliferation","6","Functionally normal","","6.19576e-07","NA","CRISPR-Based Genome Editing","Base editing","33606977"
"NM_004448.4(ERBB2):c.1035G>A (p.Leu345=)","chr17","39712335","G/A","ERBB2","-0.607","dataset0529","Synonymous","Neutral to the ERBB2-mediated cellular proliferation in HA1E","ERBB2-mediated cellular proliferation","6","Functionally normal","","6.21932e-07","NA","CRISPR-Based Genome Editing","Base editing","33606977"
"NM_004448.4(ERBB2):c.1047C>T (p.His349=)","chr17","39712347","C/T","ERBB2","0.27","dataset0529","Synonymous","Neutral to the ERBB2-mediated cellular proliferation in HA1E","ERBB2-mediated cellular proliferation","6","Functionally normal","","1.23924e-06","NA","CRISPR-Based Genome Editing","Base editing","33606977"
"NM_004448.4(ERBB2):c.1070_1071delinsTT (p.Thr357Ile)","chr17","39712370","CC/TT","ERBB2","-2.024","dataset0529","Missense","The reduced ERBB2-mediated cellular proliferation in HA1E","ERBB2-mediated cellular proliferation","6","Loss-of-function","","","NA","CRISPR-Based Genome Editing","Base editing","33606977"
"NM_004448.4(ERBB2):c.1086G>A (p.Gln362=)","chr17","39712386","G/A","ERBB2","-0.64","dataset0529","Synonymous","Neutral to the ERBB2-mediated cellular proliferation in HA1E","ERBB2-mediated cellular proliferation","6","Functionally normal","","","NA","CRISPR-Based Genome Editing","Base editing","33606977"
"NM_004448.4(ERBB2):c.1120C>T (p.Leu374=)","chr17","39712420","C/T","ERBB2","-0.684","dataset0529","Synonymous","Neutral to the ERBB2-mediated cellular proliferation in HA1E","ERBB2-mediated cellular proliferation","6","Functionally normal","","","NA","CRISPR-Based Genome Editing","Base editing","33606977"
"NM_004448.4(ERBB2):c.1129C>T (p.Leu377=)","chr17","39712429","C/T","ERBB2","-0.275","dataset0529","Synonymous","Neutral to the ERBB2-mediated cellular proliferation in HA1E","ERBB2-mediated cellular proliferation","6","Functionally normal","","6.19629e-07","NA","CRISPR-Based Genome Editing","Base editing","33606977"
"NM_004448.4(ERBB2):c.1133C>T (p.Pro378Leu)","chr17","39712433","C/T","ERBB2","-0.275","dataset0529","Missense","Neutral to the ERBB2-mediated cellular proliferation in HA1E","ERBB2-mediated cellular proliferation","6","Functionally normal","Uncertain significance","1.92108e-05","NA","CRISPR-Based Genome Editing","Base editing","33606977"
"NM_004448.4(ERBB2):c.1134G>A (p.Pro378=)","chr17","39712434","G/A","ERBB2","-0.273","dataset0529","Synonymous","Neutral to the ERBB2-mediated cellular proliferation in HA1E","ERBB2-mediated cellular proliferation","6","Functionally normal","Likely benign","2.16912e-05","NA","CRISPR-Based Genome Editing","Base editing","33606977"
"NM_004448.4(ERBB2):c.1147_1148delinsAA (p.Gly383Lys)","chr17","39712447","GG/AA","ERBB2","-4.812","dataset0529","Missense","The reduced ERBB2-mediated cellular proliferation in HA1E","ERBB2-mediated cellular proliferation","6","Loss-of-function","","","NA","CRISPR-Based Genome Editing","Base editing","33606977"
"NM_004448.4(ERBB2):c.1148+1G>A","chr17","39712449","G/A","ERBB2","-4.812","dataset0529","Splice site","The reduced ERBB2-mediated cellular proliferation in HA1E","ERBB2-mediated cellular proliferation","6","Loss-of-function","","","NA","CRISPR-Based Genome Editing","Base editing","33606977"
"NM_004448.4(ERBB2):c.1191C>T (p.Leu397=)","chr17","39715328","C/T","ERBB2","-0.371","dataset0529","Synonymous","Neutral to the ERBB2-mediated cellular proliferation in HA1E","ERBB2-mediated cellular proliferation","6","Functionally normal","","","NA","CRISPR-Based Genome Editing","Base editing","33606977"
"NM_004448.4(ERBB2):c.1192C>T (p.Gln398Ter)","chr17","39715329","C/T","ERBB2","-0.371","dataset0529","Nonsense","Neutral to the ERBB2-mediated cellular proliferation in HA1E","ERBB2-mediated cellular proliferation","6","Functionally normal","","","NA","CRISPR-Based Genome Editing","Base editing","33606977"
"NM_004448.4(ERBB2):c.1195G>A (p.Val399Met)","chr17","39715332","G/A","ERBB2","-1.977","dataset0529","Missense","Neutral to the ERBB2-mediated cellular proliferation in HA1E","ERBB2-mediated cellular proliferation","6","Functionally normal","Uncertain significance","2.47821e-05","NA","CRISPR-Based Genome Editing","Base editing","33606977"
"NM_004448.4(ERBB2):c.1205C>T (p.Thr402Ile)","chr17","39715342","C/T","ERBB2","0.09","dataset0529","Missense","Neutral to the ERBB2-mediated cellular proliferation in HA1E","ERBB2-mediated cellular proliferation","6","Functionally normal","","6.19543e-07","NA","CRISPR-Based Genome Editing","Base editing","33606977"
"NM_004448.4(ERBB2):c.1207C>T (p.Leu403=)","chr17","39715344","C/T","ERBB2","-0.122","dataset0529","Synonymous","Neutral to the ERBB2-mediated cellular proliferation in HA1E","ERBB2-mediated cellular proliferation","6","Functionally normal","Likely benign","4.95641e-06","NA","CRISPR-Based Genome Editing","Base editing","33606977"
"NM_004448.4(ERBB2):c.1209G>A (p.Leu403=)","chr17","39715346","G/A","ERBB2","-0.342","dataset0529","Synonymous","Neutral to the ERBB2-mediated cellular proliferation in HA1E","ERBB2-mediated cellular proliferation","6","Functionally normal","","6.19546e-07","NA","CRISPR-Based Genome Editing","Base editing","33606977"
"NM_004448.4(ERBB2):c.1210G>A (p.Glu404Lys)","chr17","39715347","G/A","ERBB2","-0.342","dataset0529","Missense","Neutral to the ERBB2-mediated cellular proliferation in HA1E","ERBB2-mediated cellular proliferation","6","Functionally normal","","","NA","CRISPR-Based Genome Editing","Base editing","33606977"
"NM_004448.4(ERBB2):c.1227C>T (p.Tyr409=)","chr17","39715450","C/T","ERBB2","-1.662","dataset0529","Synonymous","Neutral to the ERBB2-mediated cellular proliferation in HA1E","ERBB2-mediated cellular proliferation","6","Functionally normal","","","NA","CRISPR-Based Genome Editing","Base editing","33606977"
"NM_004448.4(ERBB2):c.1228C>T (p.Leu410=)","chr17","39715451","C/T","ERBB2","-1.662","dataset0529","Synonymous","Neutral to the ERBB2-mediated cellular proliferation in HA1E","ERBB2-mediated cellular proliferation","6","Functionally normal","","6.19513e-07","NA","CRISPR-Based Genome Editing","Base editing","33606977"
"NM_004448.4(ERBB2):c.1233C>T (p.Tyr411=)","chr17","39715456","C/T","ERBB2","-0.444","dataset0529","Synonymous","Neutral to the ERBB2-mediated cellular proliferation in HA1E","ERBB2-mediated cellular proliferation","6","Functionally normal","","","NA","CRISPR-Based Genome Editing","Base editing","33606977"
"NM_004448.4(ERBB2):c.1244G>A (p.Trp415Ter)","chr17","39715467","G/A","ERBB2","0.049","dataset0529","Nonsense","Neutral to the ERBB2-mediated cellular proliferation in HA1E","ERBB2-mediated cellular proliferation","6","Functionally normal","","","NA","CRISPR-Based Genome Editing","Base editing","33606977"
"NM_004448.4(ERBB2):c.1261G>A (p.Asp421Asn)","chr17","39715484","G/A","ERBB2","0.594","dataset0529","Missense","Neutral to the ERBB2-mediated cellular proliferation in HA1E","ERBB2-mediated cellular proliferation","6","Functionally normal","","","NA","CRISPR-Based Genome Editing","Base editing","33606977"
"NM_004448.4(ERBB2):c.1270G>A (p.Val424Ile)","chr17","39715493","G/A","ERBB2","0.099","dataset0529","Missense","Neutral to the ERBB2-mediated cellular proliferation in HA1E","ERBB2-mediated cellular proliferation","6","Functionally normal","Uncertain significance","1.61071e-05","NA","CRISPR-Based Genome Editing","Base editing","33606977"
"NM_004448.4(ERBB2):c.1278G>A (p.Gln426=)","chr17","39715501","G/A","ERBB2","-0.318","dataset0529","Synonymous","Neutral to the ERBB2-mediated cellular proliferation in HA1E","ERBB2-mediated cellular proliferation","6","Functionally normal","","","NA","CRISPR-Based Genome Editing","Base editing","33606977"
"NM_004448.4(ERBB2):c.1281C>T (p.Asn427=)","chr17","39715504","C/T","ERBB2","-1.016","dataset0529","Synonymous","Neutral to the ERBB2-mediated cellular proliferation in HA1E","ERBB2-mediated cellular proliferation","6","Functionally normal","","","NA","CRISPR-Based Genome Editing","Base editing","33606977"
"NM_004448.4(ERBB2):c.1282C>T (p.Leu428=)","chr17","39715505","C/T","ERBB2","-0.689","dataset0529","Synonymous","Neutral to the ERBB2-mediated cellular proliferation in HA1E","ERBB2-mediated cellular proliferation","6","Functionally normal","","","NA","CRISPR-Based Genome Editing","Base editing","33606977"
"NM_004448.4(ERBB2):c.1296G>A (p.Arg432=)","chr17","39715519","G/A","ERBB2","-0.025","dataset0529","Synonymous","Neutral to the ERBB2-mediated cellular proliferation in HA1E","ERBB2-mediated cellular proliferation","6","Functionally normal","","","NA","CRISPR-Based Genome Editing","Base editing","33606977"
"NM_004448.4(ERBB2):c.1297_1298delinsAA (p.Gly433Lys)","chr17","39715520","GG/AA","ERBB2","-0.025","dataset0529","Missense","Neutral to the ERBB2-mediated cellular proliferation in HA1E","ERBB2-mediated cellular proliferation","6","Functionally normal","","","NA","CRISPR-Based Genome Editing","Base editing","33606977"
"NM_004448.4(ERBB2):c.1323C>T (p.Tyr441=)","chr17","39715749","C/T","ERBB2","-0.972","dataset0529","Synonymous","Neutral to the ERBB2-mediated cellular proliferation in HA1E","ERBB2-mediated cellular proliferation","6","Functionally normal","","6.22465e-07","NA","CRISPR-Based Genome Editing","Base editing","33606977"
"NM_004448.4(ERBB2):c.1325C>T (p.Ser442Leu)","chr17","39715751","C/T","ERBB2","-0.972","dataset0529","Missense","Neutral to the ERBB2-mediated cellular proliferation in HA1E","ERBB2-mediated cellular proliferation","6","Functionally normal","","8.71374e-06","NA","CRISPR-Based Genome Editing","Base editing","33606977"
"NM_004448.4(ERBB2):c.1331C>T (p.Thr444Ile)","chr17","39715757","C/T","ERBB2","-0.128","dataset0529","Missense","Neutral to the ERBB2-mediated cellular proliferation in HA1E","ERBB2-mediated cellular proliferation","6","Functionally normal","","1.24442e-06","NA","CRISPR-Based Genome Editing","Base editing","33606977"
"NM_004448.4(ERBB2):c.1370C>T (p.Ser457Leu)","chr17","39715796","C/T","ERBB2","0.686","dataset0529","Missense","Neutral to the ERBB2-mediated cellular proliferation in HA1E","ERBB2-mediated cellular proliferation","6","Functionally normal","","2.48448e-06","NA","CRISPR-Based Genome Editing","Base editing","33606977"
"NM_004448.4(ERBB2):c.1372C>T (p.Leu458=)","chr17","39715798","C/T","ERBB2","1.026","dataset0529","Synonymous","Neutral to the ERBB2-mediated cellular proliferation in HA1E","ERBB2-mediated cellular proliferation","6","Functionally normal","","1.86323e-06","NA","CRISPR-Based Genome Editing","Base editing","33606977"
"NM_004448.4(ERBB2):c.1381C>T (p.Leu461=)","chr17","39715807","C/T","ERBB2","-0.115","dataset0529","Synonymous","Neutral to the ERBB2-mediated cellular proliferation in HA1E","ERBB2-mediated cellular proliferation","6","Functionally normal","","0","NA","CRISPR-Based Genome Editing","Base editing","33606977"
"NM_004448.4(ERBB2):c.1419C>T (p.His473=)","chr17","39715845","C/T","ERBB2","0.299","dataset0529","Synonymous","Neutral to the ERBB2-mediated cellular proliferation in HA1E","ERBB2-mediated cellular proliferation","6","Functionally normal","","","NA","CRISPR-Based Genome Editing","Base editing","33606977"
"NM_004448.4(ERBB2):c.1428C>T (p.Phe476=)","chr17","39715854","C/T","ERBB2","0.616","dataset0529","Synonymous","Neutral to the ERBB2-mediated cellular proliferation in HA1E","ERBB2-mediated cellular proliferation","6","Functionally normal","Likely benign","1.79822e-05","NA","CRISPR-Based Genome Editing","Base editing","33606977"
"NM_004448.4(ERBB2):c.1437G>A (p.Thr479=)","chr17","39715863","G/A","ERBB2","-0.065","dataset0529","Synonymous","Neutral to the ERBB2-mediated cellular proliferation in HA1E","ERBB2-mediated cellular proliferation","6","Functionally normal","Uncertain significance","","NA","CRISPR-Based Genome Editing","Base editing","33606977"
"NM_004448.4(ERBB2):c.1438G>A (p.Val480Met)","chr17","39715864","G/A","ERBB2","-0.065","dataset0529","Missense","Neutral to the ERBB2-mediated cellular proliferation in HA1E","ERBB2-mediated cellular proliferation","6","Functionally normal","","","NA","CRISPR-Based Genome Editing","Base editing","33606977"
"NM_004448.4(ERBB2):c.1442_1443delinsTT (p.Pro481Leu)","chr17","39715868","CC/TT","ERBB2","1.079","dataset0529","Missense","Neutral to the ERBB2-mediated cellular proliferation in HA1E","ERBB2-mediated cellular proliferation","6","Functionally normal","","","NA","CRISPR-Based Genome Editing","Base editing","33606977"
"NM_004448.4(ERBB2):c.1460_1461delinsAA (p.Arg487Gln)","chr17","39715886","GG/AA","ERBB2","0.22","dataset0529","Missense","Neutral to the ERBB2-mediated cellular proliferation in HA1E","ERBB2-mediated cellular proliferation","6","Functionally normal","","","NA","CRISPR-Based Genome Editing","Base editing","33606977"
"NM_004448.4(ERBB2):c.1460G>A (p.Arg487Gln)","chr17","39715886","G/A","ERBB2","0.627","dataset0529","Missense","Neutral to the ERBB2-mediated cellular proliferation in HA1E","ERBB2-mediated cellular proliferation","6","Functionally normal","Uncertain significance","1.86066e-05","NA","CRISPR-Based Genome Editing","Base editing","33606977"
"NM_004448.4(ERBB2):c.1482C>T (p.Leu494=)","chr17","39715908","C/T","ERBB2","-1.967","dataset0529","Synonymous","Neutral to the ERBB2-mediated cellular proliferation in HA1E","ERBB2-mediated cellular proliferation","6","Functionally normal","","","NA","CRISPR-Based Genome Editing","Base editing","33606977"
"NM_004448.4(ERBB2):c.1485C>T (p.His495=)","chr17","39715911","C/T","ERBB2","0.253","dataset0529","Synonymous","Neutral to the ERBB2-mediated cellular proliferation in HA1E","ERBB2-mediated cellular proliferation","6","Functionally normal","","6.20544e-07","NA","CRISPR-Based Genome Editing","Base editing","33606977"
"NM_004448.4(ERBB2):c.1487C>T (p.Thr496Ile)","chr17","39715913","C/T","ERBB2","0.253","dataset0529","Missense","Neutral to the ERBB2-mediated cellular proliferation in HA1E","ERBB2-mediated cellular proliferation","6","Functionally normal","Uncertain significance","4.96496e-06","NA","CRISPR-Based Genome Editing","Base editing","33606977"
"NM_004448.4(ERBB2):c.1495C>T (p.Arg499Trp)","chr17","39715921","C/T","ERBB2","-0.16","dataset0529","Missense","Neutral to the ERBB2-mediated cellular proliferation in HA1E","ERBB2-mediated cellular proliferation","6","Functionally normal","Uncertain significance","1.49015e-05","NA","CRISPR-Based Genome Editing","Base editing","33606977"
"NM_004448.4(ERBB2):c.1499C>T (p.Pro500Leu)","chr17","39715925","C/T","ERBB2","-0.16","dataset0529","Missense","Neutral to the ERBB2-mediated cellular proliferation in HA1E","ERBB2-mediated cellular proliferation","6","Functionally normal","","","NA","CRISPR-Based Genome Editing","Base editing","33606977"
"NM_004448.4(ERBB2):c.1501G>A (p.Glu501Lys)","chr17","39715927","G/A","ERBB2","0.246","dataset0529","Missense","Neutral to the ERBB2-mediated cellular proliferation in HA1E","ERBB2-mediated cellular proliferation","6","Functionally normal","","6.21225e-07","NA","CRISPR-Based Genome Editing","Base editing","33606977"
"NM_004448.4(ERBB2):c.1509G>A (p.Glu503=)","chr17","39715935","G/A","ERBB2","-3.434","dataset0529","Synonymous","The reduced ERBB2-mediated cellular proliferation in HA1E","ERBB2-mediated cellular proliferation","6","Loss-of-function","Likely benign","4.9734e-06","NA","CRISPR-Based Genome Editing","Base editing","33606977"
"NM_004448.4(ERBB2):c.1511G>A (p.Cys504Tyr)","chr17","39715937","G/A","ERBB2","-3.434","dataset0529","Missense","The reduced ERBB2-mediated cellular proliferation in HA1E","ERBB2-mediated cellular proliferation","6","Loss-of-function","","1.24355e-06","NA","CRISPR-Based Genome Editing","Base editing","33606977"
"NM_004448.4(ERBB2):c.1513G>A (p.Val505Met)","chr17","39715939","G/A","ERBB2","-3.434","dataset0529","Missense","The reduced ERBB2-mediated cellular proliferation in HA1E","ERBB2-mediated cellular proliferation","6","Loss-of-function","","","NA","CRISPR-Based Genome Editing","Base editing","33606977"
"NM_004448.4(ERBB2):c.1513+1G>A","chr17","39715940","G/A","ERBB2","-0.897","dataset0529","Splice site","Neutral to the ERBB2-mediated cellular proliferation in HA1E","ERBB2-mediated cellular proliferation","6","Functionally normal","","","NA","CRISPR-Based Genome Editing","Base editing","33606977"
"NM_004448.4(ERBB2):c.1514-11C>T","chr17","39716290","C/T","ERBB2","0.067","dataset0529","Splice site","Neutral to the ERBB2-mediated cellular proliferation in HA1E","ERBB2-mediated cellular proliferation","6","Functionally normal","","8.88988e-06","NA","CRISPR-Based Genome Editing","Base editing","33606977"
"NM_004448.4(ERBB2):c.1514-10C>T","chr17","39716291","C/T","ERBB2","-0.202","dataset0529","Splice site","Neutral to the ERBB2-mediated cellular proliferation in HA1E","ERBB2-mediated cellular proliferation","6","Functionally normal","","","NA","CRISPR-Based Genome Editing","Base editing","33606977"
"NM_004448.4(ERBB2):c.1514-8C>T","chr17","39716293","C/T","ERBB2","-0.202","dataset0529","Splice site","Neutral to the ERBB2-mediated cellular proliferation in HA1E","ERBB2-mediated cellular proliferation","6","Functionally normal","","","NA","CRISPR-Based Genome Editing","Base editing","33606977"
"NM_004448.4(ERBB2):c.1514-6C>T","chr17","39716295","C/T","ERBB2","-0.202","dataset0529","Splice site","Neutral to the ERBB2-mediated cellular proliferation in HA1E","ERBB2-mediated cellular proliferation","6","Functionally normal","","3.16354e-06","NA","CRISPR-Based Genome Editing","Base editing","33606977"
"NM_004448.4(ERBB2):c.1536C>T (p.His512=)","chr17","39716323","C/T","ERBB2","-1.534","dataset0529","Synonymous","Neutral to the ERBB2-mediated cellular proliferation in HA1E","ERBB2-mediated cellular proliferation","6","Functionally normal","","0","NA","CRISPR-Based Genome Editing","Base editing","33606977"
"NM_004448.4(ERBB2):c.1537C>T (p.Gln513Ter)","chr17","39716324","C/T","ERBB2","-1.534","dataset0529","Nonsense","Neutral to the ERBB2-mediated cellular proliferation in HA1E","ERBB2-mediated cellular proliferation","6","Functionally normal","","","NA","CRISPR-Based Genome Editing","Base editing","33606977"
"NM_004448.4(ERBB2):c.1542G>A (p.Leu514=)","chr17","39716329","G/A","ERBB2","0.237","dataset0529","Synonymous","Neutral to the ERBB2-mediated cellular proliferation in HA1E","ERBB2-mediated cellular proliferation","6","Functionally normal","","6.24029e-07","NA","CRISPR-Based Genome Editing","Base editing","33606977"
"NM_004448.4(ERBB2):c.1548C>T (p.Ala516=)","chr17","39716335","C/T","ERBB2","0.226","dataset0529","Synonymous","Neutral to the ERBB2-mediated cellular proliferation in HA1E","ERBB2-mediated cellular proliferation","6","Functionally normal","","","NA","CRISPR-Based Genome Editing","Base editing","33606977"
"NM_004448.4(ERBB2):c.1549C>T (p.Arg517Ter)","chr17","39716336","C/T","ERBB2","0.226","dataset0529","Nonsense","Neutral to the ERBB2-mediated cellular proliferation in HA1E","ERBB2-mediated cellular proliferation","6","Functionally normal","","1.86891e-06","NA","CRISPR-Based Genome Editing","Base editing","33606977"
"NM_004448.4(ERBB2):c.1550G>A (p.Arg517Gln)","chr17","39716337","G/A","ERBB2","1.128","dataset0529","Missense","Neutral to the ERBB2-mediated cellular proliferation in HA1E","ERBB2-mediated cellular proliferation","6","Functionally normal","Uncertain significance","4.79476e-05","NA","CRISPR-Based Genome Editing","Base editing","33606977"
"NM_004448.4(ERBB2):c.1552_1553delinsAA (p.Gly518Lys)","chr17","39716339","GG/AA","ERBB2","0.284","dataset0529","Missense","Neutral to the ERBB2-mediated cellular proliferation in HA1E","ERBB2-mediated cellular proliferation","6","Functionally normal","","","NA","CRISPR-Based Genome Editing","Base editing","33606977"
"NM_004448.4(ERBB2):c.1552G>A (p.Gly518Arg)","chr17","39716339","G/A","ERBB2","1.128","dataset0529","Missense","Neutral to the ERBB2-mediated cellular proliferation in HA1E","ERBB2-mediated cellular proliferation","6","Functionally normal","","","NA","CRISPR-Based Genome Editing","Base editing","33606977"
"NM_004448.4(ERBB2):c.1557C>T (p.His519=)","chr17","39716344","C/T","ERBB2","0.725","dataset0529","Synonymous","Neutral to the ERBB2-mediated cellular proliferation in HA1E","ERBB2-mediated cellular proliferation","6","Functionally normal","","6.2207e-07","NA","CRISPR-Based Genome Editing","Base editing","33606977"
"NM_004448.4(ERBB2):c.1562_1563delinsAA (p.Trp521Ter)","chr17","39716349","GG/AA","ERBB2","-0.912","dataset0529","Nonsense","Neutral to the ERBB2-mediated cellular proliferation in HA1E","ERBB2-mediated cellular proliferation","6","Functionally normal","","","NA","CRISPR-Based Genome Editing","Base editing","33606977"
"NM_004448.4(ERBB2):c.1563G>A (p.Trp521Ter)","chr17","39716350","G/A","ERBB2","1.3","dataset0529","Nonsense","Neutral to the ERBB2-mediated cellular proliferation in HA1E","ERBB2-mediated cellular proliferation","6","Functionally normal","","","NA","CRISPR-Based Genome Editing","Base editing","33606977"
"NM_004448.4(ERBB2):c.1564_1565delinsAA (p.Gly522Asn)","chr17","39716351","GG/AA","ERBB2","-0.912","dataset0529","Missense","Neutral to the ERBB2-mediated cellular proliferation in HA1E","ERBB2-mediated cellular proliferation","6","Functionally normal","","","NA","CRISPR-Based Genome Editing","Base editing","33606977"
"NM_004448.4(ERBB2):c.1583G>A (p.Cys528Tyr)","chr17","39716370","G/A","ERBB2","0.103","dataset0529","Missense","Neutral to the ERBB2-mediated cellular proliferation in HA1E","ERBB2-mediated cellular proliferation","6","Functionally normal","","","NA","CRISPR-Based Genome Editing","Base editing","33606977"
"NM_004448.4(ERBB2):c.1585G>A (p.Val529Ile)","chr17","39716372","G/A","ERBB2","0.103","dataset0529","Missense","Neutral to the ERBB2-mediated cellular proliferation in HA1E","ERBB2-mediated cellular proliferation","6","Functionally normal","","1.2429e-06","NA","CRISPR-Based Genome Editing","Base editing","33606977"
"NM_004448.4(ERBB2):c.1590C>T (p.Asn530=)","chr17","39716377","C/T","ERBB2","-0.353","dataset0529","Synonymous","Neutral to the ERBB2-mediated cellular proliferation in HA1E","ERBB2-mediated cellular proliferation","6","Functionally normal","","1.86462e-06","NA","CRISPR-Based Genome Editing","Base editing","33606977"
"NM_004448.4(ERBB2):c.1597C>T (p.Gln533Ter)","chr17","39716384","C/T","ERBB2","0.764","dataset0529","Nonsense","Neutral to the ERBB2-mediated cellular proliferation in HA1E","ERBB2-mediated cellular proliferation","6","Functionally normal","","","NA","CRISPR-Based Genome Editing","Base editing","33606977"
"NM_004448.4(ERBB2):c.1606C>T (p.Arg536Trp)","chr17","39716393","C/T","ERBB2","-0.106","dataset0529","Missense","Neutral to the ERBB2-mediated cellular proliferation in HA1E","ERBB2-mediated cellular proliferation","6","Functionally normal","","1.24335e-06","NA","CRISPR-Based Genome Editing","Base editing","33606977"
"NM_004448.4(ERBB2):c.1612C>T (p.Gln538Ter)","chr17","39716399","C/T","ERBB2","-0.742","dataset0529","Nonsense","Neutral to the ERBB2-mediated cellular proliferation in HA1E","ERBB2-mediated cellular proliferation","6","Functionally normal","","6.21503e-07","NA","CRISPR-Based Genome Editing","Base editing","33606977"
"NM_004448.4(ERBB2):c.1614G>A (p.Gln538=)","chr17","39716401","G/A","ERBB2","0.484","dataset0529","Synonymous","Neutral to the ERBB2-mediated cellular proliferation in HA1E","ERBB2-mediated cellular proliferation","6","Functionally normal","","","NA","CRISPR-Based Genome Editing","Base editing","33606977"
"NM_004448.4(ERBB2):c.1615G>A (p.Glu539Lys)","chr17","39716402","G/A","ERBB2","0.484","dataset0529","Missense","Neutral to the ERBB2-mediated cellular proliferation in HA1E","ERBB2-mediated cellular proliferation","6","Functionally normal","","6.21452e-07","NA","CRISPR-Based Genome Editing","Base editing","33606977"
"NM_004448.4(ERBB2):c.1617G>A (p.Glu539=)","chr17","39716404","G/A","ERBB2","-0.322","dataset0529","Synonymous","Neutral to the ERBB2-mediated cellular proliferation in HA1E","ERBB2-mediated cellular proliferation","6","Functionally normal","","6.21445e-07","NA","CRISPR-Based Genome Editing","Base editing","33606977"
"NM_004448.4(ERBB2):c.1621G>A (p.Val541Met)","chr17","39716408","G/A","ERBB2","-0.322","dataset0529","Missense","Neutral to the ERBB2-mediated cellular proliferation in HA1E","ERBB2-mediated cellular proliferation","6","Functionally normal","Uncertain significance","1.11846e-05","NA","CRISPR-Based Genome Editing","Base editing","33606977"
"NM_004448.4(ERBB2):c.1626G>A (p.Glu542=)","chr17","39716413","G/A","ERBB2","-0.016","dataset0529","Synonymous","Neutral to the ERBB2-mediated cellular proliferation in HA1E","ERBB2-mediated cellular proliferation","6","Functionally normal","","","NA","CRISPR-Based Genome Editing","Base editing","33606977"
"NM_004448.4(ERBB2):c.1627G>A (p.Glu543Lys)","chr17","39716414","G/A","ERBB2","-0.016","dataset0529","Missense","Neutral to the ERBB2-mediated cellular proliferation in HA1E","ERBB2-mediated cellular proliferation","6","Functionally normal","","","NA","CRISPR-Based Genome Editing","Base editing","33606977"
"NM_004448.4(ERBB2):c.1646+1G>A","chr17","39716434","G/A","ERBB2","0.497","dataset0529","Splice site","Neutral to the ERBB2-mediated cellular proliferation in HA1E","ERBB2-mediated cellular proliferation","6","Functionally normal","","1.24019e-06","NA","CRISPR-Based Genome Editing","Base editing","33606977"
"NM_004448.4(ERBB2):c.1646+5G>A","chr17","39716438","G/A","ERBB2","0.497","dataset0529","Splice site","Neutral to the ERBB2-mediated cellular proliferation in HA1E","ERBB2-mediated cellular proliferation","6","Functionally normal","","","NA","CRISPR-Based Genome Editing","Base editing","33606977"
"NM_004448.4(ERBB2):c.1647-10C>T","chr17","39716505","C/T","ERBB2","-0.714","dataset0529","Splice site","Neutral to the ERBB2-mediated cellular proliferation in HA1E","ERBB2-mediated cellular proliferation","6","Functionally normal","","","NA","CRISPR-Based Genome Editing","Base editing","33606977"
"NM_004448.4(ERBB2):c.1647-7C>T","chr17","39716508","C/T","ERBB2","-1.166","dataset0529","Splice site","Neutral to the ERBB2-mediated cellular proliferation in HA1E","ERBB2-mediated cellular proliferation","6","Functionally normal","","","NA","CRISPR-Based Genome Editing","Base editing","33606977"
"NM_004448.4(ERBB2):c.1647-5C>T","chr17","39716510","C/T","ERBB2","-1.166","dataset0529","Splice site","Neutral to the ERBB2-mediated cellular proliferation in HA1E","ERBB2-mediated cellular proliferation","6","Functionally normal","Likely benign","2.4781e-06","NA","CRISPR-Based Genome Editing","Base editing","33606977"
"NM_004448.4(ERBB2):c.1665G>A (p.Val555=)","chr17","39716533","G/A","ERBB2","-0.697","dataset0529","Synonymous","Neutral to the ERBB2-mediated cellular proliferation in HA1E","ERBB2-mediated cellular proliferation","6","Functionally normal","","1.85853e-06","NA","CRISPR-Based Genome Editing","Base editing","33606977"
"NM_004448.4(ERBB2):c.1686G>A (p.Pro562=)","chr17","39716554","G/A","ERBB2","0.31","dataset0529","Synonymous","Neutral to the ERBB2-mediated cellular proliferation in HA1E","ERBB2-mediated cellular proliferation","6","Functionally normal","Likely benign","8.54993e-05","NA","CRISPR-Based Genome Editing","Base editing","33606977"
"NM_004448.4(ERBB2):c.1700G>A (p.Cys567Tyr)","chr17","39716568","G/A","ERBB2","-1.388","dataset0529","Missense","Neutral to the ERBB2-mediated cellular proliferation in HA1E","ERBB2-mediated cellular proliferation","6","Functionally normal","","","NA","CRISPR-Based Genome Editing","Base editing","33606977"
"NM_004448.4(ERBB2):c.1710G>A (p.Gln570=)","chr17","39716578","G/A","ERBB2","-0.48","dataset0529","Synonymous","Neutral to the ERBB2-mediated cellular proliferation in HA1E","ERBB2-mediated cellular proliferation","6","Functionally normal","","","NA","CRISPR-Based Genome Editing","Base editing","33606977"
"NM_004448.4(ERBB2):c.1718C>T (p.Ser573Leu)","chr17","39716586","C/T","ERBB2","0.523","dataset0529","Missense","Neutral to the ERBB2-mediated cellular proliferation in HA1E","ERBB2-mediated cellular proliferation","6","Functionally normal","","1.2391e-06","blca:0.2% (1/411):0.340","CRISPR-Based Genome Editing","Base editing","33606977"
"NM_004448.4(ERBB2):c.1722G>A (p.Val574=)","chr17","39716590","G/A","ERBB2","0.044","dataset0529","Synonymous","Neutral to the ERBB2-mediated cellular proliferation in HA1E","ERBB2-mediated cellular proliferation","6","Functionally normal","","","NA","CRISPR-Based Genome Editing","Base editing","33606977"
"NM_004448.4(ERBB2):c.1737+3G>A","chr17","39716608","G/A","ERBB2","0.154","dataset0529","Splice site","Neutral to the ERBB2-mediated cellular proliferation in HA1E","ERBB2-mediated cellular proliferation","6","Functionally normal","","","NA","CRISPR-Based Genome Editing","Base editing","33606977"
"NM_004448.4(ERBB2):c.1749G>A (p.Gln583=)","chr17","39717331","G/A","ERBB2","-0.323","dataset0529","Synonymous","Neutral to the ERBB2-mediated cellular proliferation in HA1E","ERBB2-mediated cellular proliferation","6","Functionally normal","","6.20451e-07","NA","CRISPR-Based Genome Editing","Base editing","33606977"
"NM_004448.4(ERBB2):c.1751G>A (p.Cys584Tyr)","chr17","39717333","G/A","ERBB2","-0.323","dataset0529","Missense","Neutral to the ERBB2-mediated cellular proliferation in HA1E","ERBB2-mediated cellular proliferation","6","Functionally normal","","","NA","CRISPR-Based Genome Editing","Base editing","33606977"
"NM_004448.4(ERBB2):c.1753G>A (p.Val585Met)","chr17","39717335","G/A","ERBB2","-0.323","dataset0529","Missense","Neutral to the ERBB2-mediated cellular proliferation in HA1E","ERBB2-mediated cellular proliferation","6","Functionally normal","","","NA","CRISPR-Based Genome Editing","Base editing","33606977"
"NM_004448.4(ERBB2):c.1758C>T (p.Ala586=)","chr17","39717340","C/T","ERBB2","0.714","dataset0529","Synonymous","Neutral to the ERBB2-mediated cellular proliferation in HA1E","ERBB2-mediated cellular proliferation","6","Functionally normal","","","NA","CRISPR-Based Genome Editing","Base editing","33606977"
"NM_004448.4(ERBB2):c.1773G>A (p.Lys591=)","chr17","39717355","G/A","ERBB2","0.058","dataset0529","Synonymous","Neutral to the ERBB2-mediated cellular proliferation in HA1E","ERBB2-mediated cellular proliferation","6","Functionally normal","","","NA","CRISPR-Based Genome Editing","Base editing","33606977"
"NM_004448.4(ERBB2):c.1774G>A (p.Asp592Asn)","chr17","39717356","G/A","ERBB2","0.058","dataset0529","Missense","Neutral to the ERBB2-mediated cellular proliferation in HA1E","ERBB2-mediated cellular proliferation","6","Functionally normal","","","NA","CRISPR-Based Genome Editing","Base editing","33606977"
"NM_004448.4(ERBB2):c.1776C>T (p.Asp592=)","chr17","39717358","C/T","ERBB2","-1.489","dataset0529","Synonymous","Neutral to the ERBB2-mediated cellular proliferation in HA1E","ERBB2-mediated cellular proliferation","6","Functionally normal","","","NA","CRISPR-Based Genome Editing","Base editing","33606977"
"NM_004448.4(ERBB2):c.1777C>T (p.Pro593Ser)","chr17","39717359","C/T","ERBB2","-1.489","dataset0529","Missense","Neutral to the ERBB2-mediated cellular proliferation in HA1E","ERBB2-mediated cellular proliferation","6","Functionally normal","","6.20099e-07","NA","CRISPR-Based Genome Editing","Base editing","33606977"
"NM_004448.4(ERBB2):c.1808G>A (p.Gly603Asp)","chr17","39717390","G/A","ERBB2","-0.803","dataset0529","Missense","Neutral to the ERBB2-mediated cellular proliferation in HA1E","ERBB2-mediated cellular proliferation","6","Functionally normal","","6.19989e-07","NA","CRISPR-Based Genome Editing","Base editing","33606977"
"NM_004448.4(ERBB2):c.1819G>A (p.Asp607Asn)","chr17","39717401","G/A","ERBB2","0.363","dataset0529","Missense","Neutral to the ERBB2-mediated cellular proliferation in HA1E","ERBB2-mediated cellular proliferation","6","Functionally normal","","","NA","CRISPR-Based Genome Editing","Base editing","33606977"
"NM_004448.4(ERBB2):c.1824C>T (p.Leu608=)","chr17","39717406","C/T","ERBB2","0.619","dataset0529","Synonymous","Neutral to the ERBB2-mediated cellular proliferation in HA1E","ERBB2-mediated cellular proliferation","6","Functionally normal","","3.09937e-06","NA","CRISPR-Based Genome Editing","Base editing","33606977"
"NM_004448.4(ERBB2):c.1826_1827delinsTT (p.Ser609Phe)","chr17","39717408","CC/TT","ERBB2","0.619","dataset0529","Missense","Neutral to the ERBB2-mediated cellular proliferation in HA1E","ERBB2-mediated cellular proliferation","6","Functionally normal","","","NA","CRISPR-Based Genome Editing","Base editing","33606977"
"NM_004448.4(ERBB2):c.1839C>T (p.Ile613=)","chr17","39717421","C/T","ERBB2","0.531","dataset0529","Synonymous","Neutral to the ERBB2-mediated cellular proliferation in HA1E","ERBB2-mediated cellular proliferation","6","Functionally normal","","6.19825e-07","NA","CRISPR-Based Genome Editing","Base editing","33606977"
"NM_004448.4(ERBB2):c.1841_1842delinsAA (p.Trp614Ter)","chr17","39717423","GG/AA","ERBB2","0.117","dataset0529","Nonsense","Neutral to the ERBB2-mediated cellular proliferation in HA1E","ERBB2-mediated cellular proliferation","6","Functionally normal","","","NA","CRISPR-Based Genome Editing","Base editing","33606977"
"NM_004448.4(ERBB2):c.1845G>A (p.Lys615=)","chr17","39717427","G/A","ERBB2","0.117","dataset0529","Synonymous","Neutral to the ERBB2-mediated cellular proliferation in HA1E","ERBB2-mediated cellular proliferation","6","Functionally normal","","0","NA","CRISPR-Based Genome Editing","Base editing","33606977"
"NM_004448.4(ERBB2):c.1852G>A (p.Asp618Asn)","chr17","39717434","G/A","ERBB2","-2.232","dataset0529","Missense","The reduced ERBB2-mediated cellular proliferation in HA1E","ERBB2-mediated cellular proliferation","6","Loss-of-function","","","NA","CRISPR-Based Genome Editing","Base editing","33606977"
"NM_004448.4(ERBB2):c.1898+1G>A","chr17","39717481","G/A","ERBB2","0.72","dataset0529","Splice site","Neutral to the ERBB2-mediated cellular proliferation in HA1E","ERBB2-mediated cellular proliferation","6","Functionally normal","","2.48361e-06","NA","CRISPR-Based Genome Editing","Base editing","33606977"
"NM_004448.4(ERBB2):c.1899-9C>T","chr17","39719778","C/T","ERBB2","0.068","dataset0529","Splice site","Neutral to the ERBB2-mediated cellular proliferation in HA1E","ERBB2-mediated cellular proliferation","6","Functionally normal","Likely benign","1.23908e-06","NA","CRISPR-Based Genome Editing","Base editing","33606977"
"NM_004448.4(ERBB2):c.1928_1929delinsTT (p.Pro643Leu)","chr17","39719816","CC/TT","ERBB2","-1.017","dataset0529","Missense","Neutral to the ERBB2-mediated cellular proliferation in HA1E","ERBB2-mediated cellular proliferation","6","Functionally normal","","","NA","CRISPR-Based Genome Editing","Base editing","33606977"
"NM_004448.4(ERBB2):c.1932C>T (p.Ala644=)","chr17","39719820","C/T","ERBB2","-1.017","dataset0529","Synonymous","Neutral to the ERBB2-mediated cellular proliferation in HA1E","ERBB2-mediated cellular proliferation","6","Functionally normal","Benign","0.000122044","NA","CRISPR-Based Genome Editing","Base editing","33606977"
"NM_004448.4(ERBB2):c.1946G>A (p.Ser649Asn)","chr17","39719834","G/A","ERBB2","-1.226","dataset0529","Missense","Neutral to the ERBB2-mediated cellular proliferation in HA1E","ERBB2-mediated cellular proliferation","6","Functionally normal","","","NA","CRISPR-Based Genome Editing","Base editing","33606977"
"NM_004448.4(ERBB2):c.1946+1G>A","chr17","39719835","G/A","ERBB2","-1.226","dataset0529","Splice site","Neutral to the ERBB2-mediated cellular proliferation in HA1E","ERBB2-mediated cellular proliferation","6","Functionally normal","","6.19515e-07","NA","CRISPR-Based Genome Editing","Base editing","33606977"
"NM_004448.4(ERBB2):c.1946+4G>A","chr17","39719838","G/A","ERBB2","-0.397","dataset0529","Splice site","Neutral to the ERBB2-mediated cellular proliferation in HA1E","ERBB2-mediated cellular proliferation","6","Functionally normal","","","NA","CRISPR-Based Genome Editing","Base editing","33606977"
"NM_004448.4(ERBB2):c.1955C>T (p.Thr652Met)","chr17","39723327","C/T","ERBB2","0.078","dataset0529","Missense","Neutral to the ERBB2-mediated cellular proliferation in HA1E","ERBB2-mediated cellular proliferation","6","Functionally normal","","","NA","CRISPR-Based Genome Editing","Base editing","33606977"
"NM_004448.4(ERBB2):c.1956G>A (p.Thr652=)","chr17","39723328","G/A","ERBB2","1.697","dataset0529","Synonymous","Neutral to the ERBB2-mediated cellular proliferation in HA1E","ERBB2-mediated cellular proliferation","6","Functionally normal","","4.96489e-06","NA","CRISPR-Based Genome Editing","Base editing","33606977"
"NM_004448.4(ERBB2):c.1958_1959delinsTT (p.Ser653Phe)","chr17","39723330","CC/TT","ERBB2","-0.543","dataset0529","Missense","Neutral to the ERBB2-mediated cellular proliferation in HA1E","ERBB2-mediated cellular proliferation","6","Functionally normal","","","NA","CRISPR-Based Genome Editing","Base editing","33606977"
"NM_004448.4(ERBB2):c.1962C>T (p.Ile654=)","chr17","39723334","C/T","ERBB2","0.16","dataset0529","Synonymous","Neutral to the ERBB2-mediated cellular proliferation in HA1E","ERBB2-mediated cellular proliferation","6","Functionally normal","","2.48011e-06","NA","CRISPR-Based Genome Editing","Base editing","33606977"
"NM_004448.4(ERBB2):c.1974G>A (p.Val658=)","chr17","39723346","G/A","ERBB2","0.381","dataset0529","Synonymous","Neutral to the ERBB2-mediated cellular proliferation in HA1E","ERBB2-mediated cellular proliferation","6","Functionally normal","","2.4781e-06","NA","CRISPR-Based Genome Editing","Base editing","33606977"
"NM_004448.4(ERBB2):c.1975G>A (p.Val659Ile)","chr17","39723347","G/A","ERBB2","0.381","dataset0529","Missense","Neutral to the ERBB2-mediated cellular proliferation in HA1E","ERBB2-mediated cellular proliferation","6","Functionally normal","","","NA","CRISPR-Based Genome Editing","Base editing","33606977"
"NM_004448.4(ERBB2):c.1984C>T (p.Leu662=)","chr17","39723356","C/T","ERBB2","0.123","dataset0529","Synonymous","Neutral to the ERBB2-mediated cellular proliferation in HA1E","ERBB2-mediated cellular proliferation","6","Functionally normal","","","NA","CRISPR-Based Genome Editing","Base editing","33606977"
"NM_004448.4(ERBB2):c.1992C>T (p.Val664=)","chr17","39723364","C/T","ERBB2","0.563","dataset0529","Synonymous","Neutral to the ERBB2-mediated cellular proliferation in HA1E","ERBB2-mediated cellular proliferation","6","Functionally normal","","6.19715e-07","NA","CRISPR-Based Genome Editing","Base editing","33606977"
"NM_004448.4(ERBB2):c.1998C>T (p.Val666=)","chr17","39723370","C/T","ERBB2","0.266","dataset0529","Synonymous","Neutral to the ERBB2-mediated cellular proliferation in HA1E","ERBB2-mediated cellular proliferation","6","Functionally normal","","6.19987e-07","NA","CRISPR-Based Genome Editing","Base editing","33606977"
"NM_004448.4(ERBB2):c.2019C>T (p.Ile673=)","chr17","39723391","C/T","ERBB2","-0.391","dataset0529","Synonymous","Neutral to the ERBB2-mediated cellular proliferation in HA1E","ERBB2-mediated cellular proliferation","6","Functionally normal","","","NA","CRISPR-Based Genome Editing","Base editing","33606977"
"NM_004448.4(ERBB2):c.2032C>T (p.Arg678Trp)","chr17","39723404","C/T","ERBB2","0.615","dataset0529","Missense","Neutral to the ERBB2-mediated cellular proliferation in HA1E","ERBB2-mediated cellular proliferation","6","Functionally normal","","3.71738e-06","NA","CRISPR-Based Genome Editing","Base editing","33606977"
"NM_004448.4(ERBB2):c.2046C>T (p.Ile682=)","chr17","39723418","C/T","ERBB2","-0.059","dataset0529","Synonymous","Neutral to the ERBB2-mediated cellular proliferation in HA1E","ERBB2-mediated cellular proliferation","6","Functionally normal","","","NA","CRISPR-Based Genome Editing","Base editing","33606977"
"NM_004448.4(ERBB2):c.2047C>T (p.Arg683Trp)","chr17","39723419","C/T","ERBB2","-0.059","dataset0529","Missense","Neutral to the ERBB2-mediated cellular proliferation in HA1E","ERBB2-mediated cellular proliferation","6","Functionally normal","","6.19507e-07","NA","CRISPR-Based Genome Editing","Base editing","33606977"
"NM_004448.4(ERBB2):c.2063_2064delinsAA (p.Arg688Gln)","chr17","39723435","GG/AA","ERBB2","0.279","dataset0529","Missense","Neutral to the ERBB2-mediated cellular proliferation in HA1E","ERBB2-mediated cellular proliferation","6","Functionally normal","","","NA","CRISPR-Based Genome Editing","Base editing","33606977"
"NM_004448.4(ERBB2):c.2068C>T (p.Leu690=)","chr17","39723440","C/T","ERBB2","0.368","dataset0529","Synonymous","Neutral to the ERBB2-mediated cellular proliferation in HA1E","ERBB2-mediated cellular proliferation","6","Functionally normal","","","NA","CRISPR-Based Genome Editing","Base editing","33606977"
"NM_004448.4(ERBB2):c.2086-13C>T","chr17","39723525","C/T","ERBB2","-0.783","dataset0529","Splice site","Neutral to the ERBB2-mediated cellular proliferation in HA1E","ERBB2-mediated cellular proliferation","6","Functionally normal","","","NA","CRISPR-Based Genome Editing","Base editing","33606977"
"NM_004448.4(ERBB2):c.2086-12C>T","chr17","39723526","C/T","ERBB2","-0.783","dataset0529","Splice site","Neutral to the ERBB2-mediated cellular proliferation in HA1E","ERBB2-mediated cellular proliferation","6","Functionally normal","","","NA","CRISPR-Based Genome Editing","Base editing","33606977"
"NM_004448.4(ERBB2):c.2086-11C>T","chr17","39723527","C/T","ERBB2","-0.783","dataset0529","Splice site","Neutral to the ERBB2-mediated cellular proliferation in HA1E","ERBB2-mediated cellular proliferation","6","Functionally normal","","1.24013e-06","NA","CRISPR-Based Genome Editing","Base editing","33606977"
"NM_004448.4(ERBB2):c.2086-10C>T","chr17","39723528","C/T","ERBB2","-0.783","dataset0529","Splice site","Neutral to the ERBB2-mediated cellular proliferation in HA1E","ERBB2-mediated cellular proliferation","6","Functionally normal","","","NA","CRISPR-Based Genome Editing","Base editing","33606977"
"NM_004448.4(ERBB2):c.2096C>T (p.Pro699Leu)","chr17","39723548","C/T","ERBB2","0.016","dataset0529","Missense","Neutral to the ERBB2-mediated cellular proliferation in HA1E","ERBB2-mediated cellular proliferation","6","Functionally normal","","","NA","CRISPR-Based Genome Editing","Base editing","33606977"
"NM_004448.4(ERBB2):c.2100G>A (p.Leu700=)","chr17","39723552","G/A","ERBB2","-0.98","dataset0529","Synonymous","Neutral to the ERBB2-mediated cellular proliferation in HA1E","ERBB2-mediated cellular proliferation","6","Functionally normal","","","NA","CRISPR-Based Genome Editing","Base editing","33606977"
"NM_004448.4(ERBB2):c.2110_2111delinsAA (p.Gly704Lys)","chr17","39723562","GG/AA","ERBB2","-0.334","dataset0529","Missense","Neutral to the ERBB2-mediated cellular proliferation in HA1E","ERBB2-mediated cellular proliferation","6","Functionally normal","","","NA","CRISPR-Based Genome Editing","Base editing","33606977"
"NM_004448.4(ERBB2):c.2120_2121delinsTT (p.Pro707Leu)","chr17","39723572","CC/TT","ERBB2","-0.611","dataset0529","Missense","Neutral to the ERBB2-mediated cellular proliferation in HA1E","ERBB2-mediated cellular proliferation","6","Functionally normal","","","NA","CRISPR-Based Genome Editing","Base editing","33606977"
"NM_004448.4(ERBB2):c.2124C>T (p.Asn708=)","chr17","39723576","C/T","ERBB2","-0.611","dataset0529","Synonymous","Neutral to the ERBB2-mediated cellular proliferation in HA1E","ERBB2-mediated cellular proliferation","6","Functionally normal","","","NA","CRISPR-Based Genome Editing","Base editing","33606977"
"NM_004448.4(ERBB2):c.2138_2139delinsAA (p.Arg713Gln)","chr17","39723590","GG/AA","ERBB2","0.161","dataset0529","Missense","Neutral to the ERBB2-mediated cellular proliferation in HA1E","ERBB2-mediated cellular proliferation","6","Functionally normal","","","NA","CRISPR-Based Genome Editing","Base editing","33606977"
"NM_004448.4(ERBB2):c.2138G>A (p.Arg713Gln)","chr17","39723590","G/A","ERBB2","0.122","dataset0529","Missense","Neutral to the ERBB2-mediated cellular proliferation in HA1E","ERBB2-mediated cellular proliferation","6","Functionally normal","","6.21455e-07","NA","CRISPR-Based Genome Editing","Base editing","33606977"
"NM_004448.4(ERBB2):c.2139G>A (p.Arg713=)","chr17","39723591","G/A","ERBB2","0.247","dataset0529","Synonymous","Neutral to the ERBB2-mediated cellular proliferation in HA1E","ERBB2-mediated cellular proliferation","6","Functionally normal","","6.21502e-07","NA","CRISPR-Based Genome Editing","Base editing","33606977"
"NM_004448.4(ERBB2):c.2209-8C>T","chr17","39723904","C/T","ERBB2","0.65","dataset0529","Splice site","Neutral to the ERBB2-mediated cellular proliferation in HA1E","ERBB2-mediated cellular proliferation","6","Functionally normal","","","NA","CRISPR-Based Genome Editing","Base editing","33606977"
"NM_004448.4(ERBB2):c.2214C>T (p.Ile738=)","chr17","39723917","C/T","ERBB2","-0.377","dataset0529","Synonymous","Neutral to the ERBB2-mediated cellular proliferation in HA1E","ERBB2-mediated cellular proliferation","6","Functionally normal","","6.19711e-07","NA","CRISPR-Based Genome Editing","Base editing","33606977"
"NM_004448.4(ERBB2):c.2224G>A (p.Asp742Asn)","chr17","39723927","G/A","ERBB2","-1.116","dataset0529","Missense","Neutral to the ERBB2-mediated cellular proliferation in HA1E","ERBB2-mediated cellular proliferation","6","Functionally normal","","","NA","CRISPR-Based Genome Editing","Base editing","33606977"
"NM_004448.4(ERBB2):c.2253C>T (p.Ala751=)","chr17","39723956","C/T","ERBB2","0.481","dataset0529","Synonymous","Neutral to the ERBB2-mediated cellular proliferation in HA1E","ERBB2-mediated cellular proliferation","6","Functionally normal","","","NA","CRISPR-Based Genome Editing","Base editing","33606977"
"NM_004448.4(ERBB2):c.2296G>A (p.Glu766Lys)","chr17","39723999","G/A","ERBB2","-1.027","dataset0529","Missense","Neutral to the ERBB2-mediated cellular proliferation in HA1E","ERBB2-mediated cellular proliferation","6","Functionally normal","Uncertain significance","","NA","CRISPR-Based Genome Editing","Base editing","33606977"
"NM_004448.4(ERBB2):c.2305G>A (p.Asp769Asn)","chr17","39724008","G/A","ERBB2","0.484","dataset0529","Missense","Neutral to the ERBB2-mediated cellular proliferation in HA1E","ERBB2-mediated cellular proliferation","6","Functionally normal","","","cesc:0.3% (1/297):0.310","CRISPR-Based Genome Editing","Base editing","33606977"
"NM_004448.4(ERBB2):c.2308-4C>T","chr17","39724722","C/T","ERBB2","-0.4","dataset0529","Splice site","Neutral to the ERBB2-mediated cellular proliferation in HA1E","ERBB2-mediated cellular proliferation","6","Functionally normal","","6.19633e-07","NA","CRISPR-Based Genome Editing","Base editing","33606977"
"NM_004448.4(ERBB2):c.2308-3C>T","chr17","39724723","C/T","ERBB2","-0.4","dataset0529","Splice site","Neutral to the ERBB2-mediated cellular proliferation in HA1E","ERBB2-mediated cellular proliferation","6","Functionally normal","","","NA","CRISPR-Based Genome Editing","Base editing","33606977"
"NM_004448.4(ERBB2):c.2316C>T (p.Tyr772=)","chr17","39724734","C/T","ERBB2","0.354","dataset0529","Synonymous","Neutral to the ERBB2-mediated cellular proliferation in HA1E","ERBB2-mediated cellular proliferation","6","Functionally normal","Likely benign","1.23921e-05","NA","CRISPR-Based Genome Editing","Base editing","33606977"
"NM_004448.4(ERBB2):c.2319G>A (p.Val773=)","chr17","39724737","G/A","ERBB2","-0.835","dataset0529","Synonymous","Neutral to the ERBB2-mediated cellular proliferation in HA1E","ERBB2-mediated cellular proliferation","6","Functionally normal","","","NA","CRISPR-Based Genome Editing","Base editing","33606977"
"NM_004448.4(ERBB2):c.2322G>A (p.Met774Ile)","chr17","39724740","G/A","ERBB2","-0.835","dataset0529","Missense","Neutral to the ERBB2-mediated cellular proliferation in HA1E","ERBB2-mediated cellular proliferation","6","Functionally normal","","","NA","CRISPR-Based Genome Editing","Base editing","33606977"
"NM_004448.4(ERBB2):c.2364C>T (p.Ile788=)","chr17","39724782","C/T","ERBB2","0.79","dataset0529","Synonymous","Neutral to the ERBB2-mediated cellular proliferation in HA1E","ERBB2-mediated cellular proliferation","6","Functionally normal","","6.19483e-07","NA","CRISPR-Based Genome Editing","Base editing","33606977"
"NM_004448.4(ERBB2):c.2370G>A (p.Leu790=)","chr17","39724788","G/A","ERBB2","0.817","dataset0529","Synonymous","Neutral to the ERBB2-mediated cellular proliferation in HA1E","ERBB2-mediated cellular proliferation","6","Functionally normal","","","NA","CRISPR-Based Genome Editing","Base editing","33606977"
"NM_004448.4(ERBB2):c.2372C>T (p.Thr791Ile)","chr17","39724790","C/T","ERBB2","-0.099","dataset0529","Missense","Neutral to the ERBB2-mediated cellular proliferation in HA1E","ERBB2-mediated cellular proliferation","6","Functionally normal","","","NA","CRISPR-Based Genome Editing","Base editing","33606977"
"NM_004448.4(ERBB2):c.2391G>A (p.Val797=)","chr17","39724809","G/A","ERBB2","-0.499","dataset0529","Synonymous","Neutral to the ERBB2-mediated cellular proliferation in HA1E","ERBB2-mediated cellular proliferation","6","Functionally normal","","3.09762e-06","NA","CRISPR-Based Genome Editing","Base editing","33606977"
"NM_004448.4(ERBB2):c.2393C>T (p.Thr798Ile)","chr17","39724811","C/T","ERBB2","-0.925","dataset0529","Missense","Neutral to the ERBB2-mediated cellular proliferation in HA1E","ERBB2-mediated cellular proliferation","6","Functionally normal","","","NA","CRISPR-Based Genome Editing","Base editing","33606977"
"NM_004448.4(ERBB2):c.2395C>T (p.Gln799Ter)","chr17","39724813","C/T","ERBB2","-0.925","dataset0529","Nonsense","Neutral to the ERBB2-mediated cellular proliferation in HA1E","ERBB2-mediated cellular proliferation","6","Functionally normal","","","NA","CRISPR-Based Genome Editing","Base editing","33606977"
"NM_004448.4(ERBB2):c.2422G>A (p.Asp808Asn)","chr17","39724840","G/A","ERBB2","-0.327","dataset0529","Missense","Neutral to the ERBB2-mediated cellular proliferation in HA1E","ERBB2-mediated cellular proliferation","6","Functionally normal","","","NA","CRISPR-Based Genome Editing","Base editing","33606977"
"NM_004448.4(ERBB2):c.2425C>T (p.His809Tyr)","chr17","39724843","C/T","ERBB2","0.016","dataset0529","Missense","Neutral to the ERBB2-mediated cellular proliferation in HA1E","ERBB2-mediated cellular proliferation","6","Functionally normal","","","NA","CRISPR-Based Genome Editing","Base editing","33606977"
"NM_004448.4(ERBB2):c.2432_2433delinsAA (p.Arg811Gln)","chr17","39724850","GG/AA","ERBB2","-0.512","dataset0529","Missense","Neutral to the ERBB2-mediated cellular proliferation in HA1E","ERBB2-mediated cellular proliferation","6","Functionally normal","","","NA","CRISPR-Based Genome Editing","Base editing","33606977"
"NM_004448.4(ERBB2):c.2434G>A (p.Glu812Lys)","chr17","39724852","G/A","ERBB2","-0.512","dataset0529","Missense","Neutral to the ERBB2-mediated cellular proliferation in HA1E","ERBB2-mediated cellular proliferation","6","Functionally normal","","","NA","CRISPR-Based Genome Editing","Base editing","33606977"
"NM_004448.4(ERBB2):c.2446C>T (p.Arg816Cys)","chr17","39724864","C/T","ERBB2","0.367","dataset0529","Missense","Neutral to the ERBB2-mediated cellular proliferation in HA1E","ERBB2-mediated cellular proliferation","6","Functionally normal","Uncertain significance","6.81447e-06","NA","CRISPR-Based Genome Editing","Base editing","33606977"
"NM_004448.4(ERBB2):c.2456_2457delinsTT (p.Ser819Phe)","chr17","39724874","CC/TT","ERBB2","-0.004","dataset0529","Missense","Neutral to the ERBB2-mediated cellular proliferation in HA1E","ERBB2-mediated cellular proliferation","6","Functionally normal","","","NA","CRISPR-Based Genome Editing","Base editing","33606977"
"NM_004448.4(ERBB2):c.2458C>T (p.Gln820Ter)","chr17","39724876","C/T","ERBB2","-0.004","dataset0529","Nonsense","Neutral to the ERBB2-mediated cellular proliferation in HA1E","ERBB2-mediated cellular proliferation","6","Functionally normal","","","NA","CRISPR-Based Genome Editing","Base editing","33606977"
"NM_004448.4(ERBB2):c.2474_2475delinsAA (p.Trp825Ter)","chr17","39724892","GG/AA","ERBB2","-1.414","dataset0529","Nonsense","Neutral to the ERBB2-mediated cellular proliferation in HA1E","ERBB2-mediated cellular proliferation","6","Functionally normal","","","NA","CRISPR-Based Genome Editing","Base editing","33606977"
"NM_004448.4(ERBB2):c.2494-4C>T","chr17","39725045","C/T","ERBB2","0.293","dataset0529","Splice site","Neutral to the ERBB2-mediated cellular proliferation in HA1E","ERBB2-mediated cellular proliferation","6","Functionally normal","","1.85863e-06","NA","CRISPR-Based Genome Editing","Base editing","33606977"
"NM_004448.4(ERBB2):c.2494-3C>T","chr17","39725046","C/T","ERBB2","0.293","dataset0529","Splice site","Neutral to the ERBB2-mediated cellular proliferation in HA1E","ERBB2-mediated cellular proliferation","6","Functionally normal","Uncertain significance","","NA","CRISPR-Based Genome Editing","Base editing","33606977"
"NM_004448.4(ERBB2):c.2505C>T (p.Tyr835=)","chr17","39725060","C/T","ERBB2","0.338","dataset0529","Synonymous","Neutral to the ERBB2-mediated cellular proliferation in HA1E","ERBB2-mediated cellular proliferation","6","Functionally normal","","0","NA","CRISPR-Based Genome Editing","Base editing","33606977"
"NM_004448.4(ERBB2):c.2508G>A (p.Leu836=)","chr17","39725063","G/A","ERBB2","-1.835","dataset0529","Synonymous","Neutral to the ERBB2-mediated cellular proliferation in HA1E","ERBB2-mediated cellular proliferation","6","Functionally normal","","1.11518e-05","NA","CRISPR-Based Genome Editing","Base editing","33606977"
"NM_004448.4(ERBB2):c.2509G>A (p.Glu837Lys)","chr17","39725064","G/A","ERBB2","-1.835","dataset0529","Missense","Neutral to the ERBB2-mediated cellular proliferation in HA1E","ERBB2-mediated cellular proliferation","6","Functionally normal","","","NA","CRISPR-Based Genome Editing","Base editing","33606977"
"NM_004448.4(ERBB2):c.2523C>T (p.Leu841=)","chr17","39725078","C/T","ERBB2","0.324","dataset0529","Synonymous","Neutral to the ERBB2-mediated cellular proliferation in HA1E","ERBB2-mediated cellular proliferation","6","Functionally normal","Likely benign","2.23048e-05","NA","CRISPR-Based Genome Editing","Base editing","33606977"
"NM_004448.4(ERBB2):c.2524G>A (p.Val842Ile)","chr17","39725079","G/A","ERBB2","-0.191","dataset0529","Missense","Neutral to the ERBB2-mediated cellular proliferation in HA1E","ERBB2-mediated cellular proliferation","6","Functionally normal","Uncertain significance","1.85859e-06","blca:0.5% (2/411):0.485;brca:0.1% (1/1084):0.420;coad:0.2% (1/439):0.740;paad:1.1% (2/184):0.190;read:1.3% (2/155):0.680;stad:0.2% (1/440):0.330;ucec:0.8% (4/529):0.375;ucs:1.8% (1/57):0.420","CRISPR-Based Genome Editing","Base editing","33606977"
"NM_004448.4(ERBB2):c.2529C>T (p.His843=)","chr17","39725084","C/T","ERBB2","0.704","dataset0529","Synonymous","Neutral to the ERBB2-mediated cellular proliferation in HA1E","ERBB2-mediated cellular proliferation","6","Functionally normal","","6.19513e-07","NA","CRISPR-Based Genome Editing","Base editing","33606977"
"NM_004448.4(ERBB2):c.2541C>T (p.Ala847=)","chr17","39725096","C/T","ERBB2","-0.783","dataset0529","Synonymous","Neutral to the ERBB2-mediated cellular proliferation in HA1E","ERBB2-mediated cellular proliferation","6","Functionally normal","Likely benign","0.000475805","NA","CRISPR-Based Genome Editing","Base editing","33606977"
"NM_004448.4(ERBB2):c.2556G>A (p.Leu852=)","chr17","39725111","G/A","ERBB2","-0.912","dataset0529","Synonymous","Neutral to the ERBB2-mediated cellular proliferation in HA1E","ERBB2-mediated cellular proliferation","6","Functionally normal","","","NA","CRISPR-Based Genome Editing","Base editing","33606977"
"NM_004448.4(ERBB2):c.2557G>A (p.Val853Ile)","chr17","39725112","G/A","ERBB2","-0.912","dataset0529","Missense","Neutral to the ERBB2-mediated cellular proliferation in HA1E","ERBB2-mediated cellular proliferation","6","Functionally normal","","","NA","CRISPR-Based Genome Editing","Base editing","33606977"
"NM_004448.4(ERBB2):c.2577C>T (p.Val859=)","chr17","39725132","C/T","ERBB2","-1.203","dataset0529","Synonymous","Neutral to the ERBB2-mediated cellular proliferation in HA1E","ERBB2-mediated cellular proliferation","6","Functionally normal","","6.19536e-07","NA","CRISPR-Based Genome Editing","Base editing","33606977"
"NM_004448.4(ERBB2):c.2585C>T (p.Thr862Ile)","chr17","39725140","C/T","ERBB2","-0.04","dataset0529","Missense","Neutral to the ERBB2-mediated cellular proliferation in HA1E","ERBB2-mediated cellular proliferation","6","Functionally normal","","6.19512e-07","NA","CRISPR-Based Genome Editing","Base editing","33606977"
"NM_004448.4(ERBB2):c.2589C>T (p.Asp863=)","chr17","39725144","C/T","ERBB2","-0.04","dataset0529","Synonymous","Neutral to the ERBB2-mediated cellular proliferation in HA1E","ERBB2-mediated cellular proliferation","6","Functionally normal","Uncertain significance","6.19566e-06","NA","CRISPR-Based Genome Editing","Base editing","33606977"
"NM_004448.4(ERBB2):c.2592C>T (p.Phe864=)","chr17","39725147","C/T","ERBB2","0.614","dataset0529","Synonymous","Neutral to the ERBB2-mediated cellular proliferation in HA1E","ERBB2-mediated cellular proliferation","6","Functionally normal","Likely benign","1.54886e-05","NA","CRISPR-Based Genome Editing","Base editing","33606977"
"NM_004448.4(ERBB2):c.2624C>T (p.Thr875Ile)","chr17","39725179","C/T","ERBB2","-0.599","dataset0529","Missense","Neutral to the ERBB2-mediated cellular proliferation in HA1E","ERBB2-mediated cellular proliferation","6","Functionally normal","","","NA","CRISPR-Based Genome Editing","Base editing","33606977"
"NM_004448.4(ERBB2):c.2631C>T (p.Tyr877=)","chr17","39725186","C/T","ERBB2","0.821","dataset0529","Synonymous","Neutral to the ERBB2-mediated cellular proliferation in HA1E","ERBB2-mediated cellular proliferation","6","Functionally normal","","","NA","CRISPR-Based Genome Editing","Base editing","33606977"
"NM_004448.4(ERBB2):c.2632C>T (p.His878Tyr)","chr17","39725187","C/T","ERBB2","0.821","dataset0529","Missense","Neutral to the ERBB2-mediated cellular proliferation in HA1E","ERBB2-mediated cellular proliferation","6","Functionally normal","","","NA","CRISPR-Based Genome Editing","Base editing","33606977"
"NM_004448.4(ERBB2):c.2649G>A (p.Lys883=)","chr17","39725204","G/A","ERBB2","-1.266","dataset0529","Splice site","Neutral to the ERBB2-mediated cellular proliferation in HA1E","ERBB2-mediated cellular proliferation","6","Functionally normal","","","NA","CRISPR-Based Genome Editing","Base editing","33606977"
"NM_004448.4(ERBB2):c.2649+1G>A","chr17","39725205","G/A","ERBB2","-1.266","dataset0529","Splice site","Neutral to the ERBB2-mediated cellular proliferation in HA1E","ERBB2-mediated cellular proliferation","6","Functionally normal","","","NA","CRISPR-Based Genome Editing","Base editing","33606977"
"NM_004448.4(ERBB2):c.2650-5C>T","chr17","39725322","C/T","ERBB2","0.733","dataset0529","Splice site","Neutral to the ERBB2-mediated cellular proliferation in HA1E","ERBB2-mediated cellular proliferation","6","Functionally normal","","4.64703e-05","NA","CRISPR-Based Genome Editing","Base editing","33606977"
"NM_004448.4(ERBB2):c.2650-4C>T","chr17","39725323","C/T","ERBB2","0.733","dataset0529","Splice site","Neutral to the ERBB2-mediated cellular proliferation in HA1E","ERBB2-mediated cellular proliferation","6","Functionally normal","","6.19557e-07","NA","CRISPR-Based Genome Editing","Base editing","33606977"
"NM_004448.4(ERBB2):c.2650-3C>T","chr17","39725324","C/T","ERBB2","0.733","dataset0529","Splice site","Neutral to the ERBB2-mediated cellular proliferation in HA1E","ERBB2-mediated cellular proliferation","6","Functionally normal","","6.19563e-07","NA","CRISPR-Based Genome Editing","Base editing","33606977"
"NM_004448.4(ERBB2):c.2655C>T (p.Pro885=)","chr17","39725332","C/T","ERBB2","0.859","dataset0529","Synonymous","Neutral to the ERBB2-mediated cellular proliferation in HA1E","ERBB2-mediated cellular proliferation","6","Functionally normal","","1.23925e-06","NA","CRISPR-Based Genome Editing","Base editing","33606977"
"NM_004448.4(ERBB2):c.2658C>T (p.Ile886=)","chr17","39725335","C/T","ERBB2","0.859","dataset0529","Synonymous","Neutral to the ERBB2-mediated cellular proliferation in HA1E","ERBB2-mediated cellular proliferation","6","Functionally normal","","4.95707e-06","NA","CRISPR-Based Genome Editing","Base editing","33606977"
"NM_004448.4(ERBB2):c.2661G>A (p.Lys887=)","chr17","39725338","G/A","ERBB2","-2.055","dataset0529","Synonymous","The reduced ERBB2-mediated cellular proliferation in HA1E","ERBB2-mediated cellular proliferation","6","Loss-of-function","","1.23914e-06","NA","CRISPR-Based Genome Editing","Base editing","33606977"
"NM_004448.4(ERBB2):c.2663_2664delinsAA (p.Trp888Ter)","chr17","39725340","GG/AA","ERBB2","-2.055","dataset0529","Nonsense","The reduced ERBB2-mediated cellular proliferation in HA1E","ERBB2-mediated cellular proliferation","6","Loss-of-function","","","NA","CRISPR-Based Genome Editing","Base editing","33606977"
"NM_004448.4(ERBB2):c.2673G>A (p.Leu891=)","chr17","39725350","G/A","ERBB2","-2.118","dataset0529","Synonymous","The reduced ERBB2-mediated cellular proliferation in HA1E","ERBB2-mediated cellular proliferation","6","Loss-of-function","","6.1955e-07","NA","CRISPR-Based Genome Editing","Base editing","33606977"
"NM_004448.4(ERBB2):c.2678_2679delinsTT (p.Ser893Phe)","chr17","39725355","CC/TT","ERBB2","0.482","dataset0529","Missense","Neutral to the ERBB2-mediated cellular proliferation in HA1E","ERBB2-mediated cellular proliferation","6","Functionally normal","","","NA","CRISPR-Based Genome Editing","Base editing","33606977"
"NM_004448.4(ERBB2):c.2693_2694delinsAA (p.Arg898Gln)","chr17","39725370","GG/AA","ERBB2","0.334","dataset0529","Missense","Neutral to the ERBB2-mediated cellular proliferation in HA1E","ERBB2-mediated cellular proliferation","6","Functionally normal","","","NA","CRISPR-Based Genome Editing","Base editing","33606977"
"NM_004448.4(ERBB2):c.2699_2700delinsTT (p.Thr900Ile)","chr17","39725376","CC/TT","ERBB2","-2.389","dataset0529","Missense","The reduced ERBB2-mediated cellular proliferation in HA1E","ERBB2-mediated cellular proliferation","6","Loss-of-function","","","NA","CRISPR-Based Genome Editing","Base editing","33606977"
"NM_004448.4(ERBB2):c.2706G>A (p.Gln902=)","chr17","39725383","G/A","ERBB2","0.325","dataset0529","Synonymous","Neutral to the ERBB2-mediated cellular proliferation in HA1E","ERBB2-mediated cellular proliferation","6","Functionally normal","","","NA","CRISPR-Based Genome Editing","Base editing","33606977"
"NM_004448.4(ERBB2):c.2715G>A (p.Val905=)","chr17","39725392","G/A","ERBB2","-7.12","dataset0529","Synonymous","The reduced ERBB2-mediated cellular proliferation in HA1E","ERBB2-mediated cellular proliferation","6","Loss-of-function","Uncertain significance","","NA","CRISPR-Based Genome Editing","Base editing","33606977"
"NM_004448.4(ERBB2):c.2717_2718delinsAA (p.Trp906Ter)","chr17","39725394","GG/AA","ERBB2","-7.12","dataset0529","Nonsense","The reduced ERBB2-mediated cellular proliferation in HA1E","ERBB2-mediated cellular proliferation","6","Loss-of-function","","","NA","CRISPR-Based Genome Editing","Base editing","33606977"
"NM_004448.4(ERBB2):c.2718G>A (p.Trp906Ter)","chr17","39725395","G/A","ERBB2","-4.673","dataset0529","Nonsense","The reduced ERBB2-mediated cellular proliferation in HA1E","ERBB2-mediated cellular proliferation","6","Loss-of-function","","","NA","CRISPR-Based Genome Editing","Base editing","33606977"
"NM_004448.4(ERBB2):c.2720G>A (p.Ser907Asn)","chr17","39725397","G/A","ERBB2","-4.673","dataset0529","Missense","The reduced ERBB2-mediated cellular proliferation in HA1E","ERBB2-mediated cellular proliferation","6","Loss-of-function","","","NA","CRISPR-Based Genome Editing","Base editing","33606977"
"NM_004448.4(ERBB2):c.2726-5C>T","chr17","39725702","C/T","ERBB2","0.3","dataset0529","Splice site","Neutral to the ERBB2-mediated cellular proliferation in HA1E","ERBB2-mediated cellular proliferation","6","Functionally normal","","6.21095e-07","NA","CRISPR-Based Genome Editing","Base editing","33606977"
"NM_004448.4(ERBB2):c.2736G>A (p.Val912=)","chr17","39725717","G/A","ERBB2","-0.675","dataset0529","Synonymous","Neutral to the ERBB2-mediated cellular proliferation in HA1E","ERBB2-mediated cellular proliferation","6","Functionally normal","","1.23997e-06","NA","CRISPR-Based Genome Editing","Base editing","33606977"
"NM_004448.4(ERBB2):c.2738_2739delinsAA (p.Trp913Ter)","chr17","39725719","GG/AA","ERBB2","-0.675","dataset0529","Nonsense","Neutral to the ERBB2-mediated cellular proliferation in HA1E","ERBB2-mediated cellular proliferation","6","Functionally normal","","","NA","CRISPR-Based Genome Editing","Base editing","33606977"
"NM_004448.4(ERBB2):c.2760C>T (p.Ala920=)","chr17","39725741","C/T","ERBB2","0.244","dataset0529","Synonymous","Neutral to the ERBB2-mediated cellular proliferation in HA1E","ERBB2-mediated cellular proliferation","6","Functionally normal","","","NA","CRISPR-Based Genome Editing","Base editing","33606977"
"NM_004448.4(ERBB2):c.2769C>T (p.Tyr923=)","chr17","39725750","C/T","ERBB2","-1.745","dataset0529","Synonymous","Neutral to the ERBB2-mediated cellular proliferation in HA1E","ERBB2-mediated cellular proliferation","6","Functionally normal","Likely benign","8.79924e-05","NA","CRISPR-Based Genome Editing","Base editing","33606977"
"NM_004448.4(ERBB2):c.2774_2775delinsAA (p.Gly925Glu)","chr17","39725755","GG/AA","ERBB2","0.263","dataset0529","Missense","Neutral to the ERBB2-mediated cellular proliferation in HA1E","ERBB2-mediated cellular proliferation","6","Functionally normal","","","NA","CRISPR-Based Genome Editing","Base editing","33606977"
"NM_004448.4(ERBB2):c.2793C>T (p.Ile931=)","chr17","39725774","C/T","ERBB2","-0.873","dataset0529","Synonymous","Neutral to the ERBB2-mediated cellular proliferation in HA1E","ERBB2-mediated cellular proliferation","6","Functionally normal","","","NA","CRISPR-Based Genome Editing","Base editing","33606977"
"NM_004448.4(ERBB2):c.2794_2795delinsTT (p.Pro932Phe)","chr17","39725775","CC/TT","ERBB2","-1.236","dataset0529","Missense","Neutral to the ERBB2-mediated cellular proliferation in HA1E","ERBB2-mediated cellular proliferation","6","Functionally normal","","","NA","CRISPR-Based Genome Editing","Base editing","33606977"
"NM_004448.4(ERBB2):c.2795C>T (p.Pro932Leu)","chr17","39725776","C/T","ERBB2","0.452","dataset0529","Missense","Neutral to the ERBB2-mediated cellular proliferation in HA1E","ERBB2-mediated cellular proliferation","6","Functionally normal","","","NA","CRISPR-Based Genome Editing","Base editing","33606977"
"NM_004448.4(ERBB2):c.2797G>A (p.Asp933Asn)","chr17","39725778","G/A","ERBB2","0.35","dataset0529","Missense","Neutral to the ERBB2-mediated cellular proliferation in HA1E","ERBB2-mediated cellular proliferation","6","Functionally normal","","","NA","CRISPR-Based Genome Editing","Base editing","33606977"
"NM_004448.4(ERBB2):c.2799C>T (p.Asp933=)","chr17","39725780","C/T","ERBB2","-0.928","dataset0529","Synonymous","Neutral to the ERBB2-mediated cellular proliferation in HA1E","ERBB2-mediated cellular proliferation","6","Functionally normal","","","NA","CRISPR-Based Genome Editing","Base editing","33606977"
"NM_004448.4(ERBB2):c.2800C>T (p.Leu934=)","chr17","39725781","C/T","ERBB2","-0.928","dataset0529","Synonymous","Neutral to the ERBB2-mediated cellular proliferation in HA1E","ERBB2-mediated cellular proliferation","6","Functionally normal","","","NA","CRISPR-Based Genome Editing","Base editing","33606977"
"NM_004448.4(ERBB2):c.2848G>A (p.Asp950Asn)","chr17","39725829","G/A","ERBB2","-1.076","dataset0529","Missense","Neutral to the ERBB2-mediated cellular proliferation in HA1E","ERBB2-mediated cellular proliferation","6","Functionally normal","","","NA","CRISPR-Based Genome Editing","Base editing","33606977"
"NM_004448.4(ERBB2):c.2851G>A (p.Val951Ile)","chr17","39725832","G/A","ERBB2","-1.076","dataset0529","Missense","Neutral to the ERBB2-mediated cellular proliferation in HA1E","ERBB2-mediated cellular proliferation","6","Functionally normal","","2.47852e-06","NA","CRISPR-Based Genome Editing","Base editing","33606977"
"NM_004448.4(ERBB2):c.2859G>A (p.Met953Ile)","chr17","39725840","G/A","ERBB2","-1.269","dataset0529","Missense","Neutral to the ERBB2-mediated cellular proliferation in HA1E","ERBB2-mediated cellular proliferation","6","Functionally normal","","","NA","CRISPR-Based Genome Editing","Base editing","33606977"
"NM_004448.4(ERBB2):c.2884G>A (p.Asp962Asn)","chr17","39726573","G/A","ERBB2","-1.259","dataset0529","Missense","Neutral to the ERBB2-mediated cellular proliferation in HA1E","ERBB2-mediated cellular proliferation","6","Functionally normal","","","NA","CRISPR-Based Genome Editing","Base editing","33606977"
"NM_004448.4(ERBB2):c.2896C>T (p.Arg966Trp)","chr17","39726585","C/T","ERBB2","0.335","dataset0529","Missense","Neutral to the ERBB2-mediated cellular proliferation in HA1E","ERBB2-mediated cellular proliferation","6","Functionally normal","","6.1953e-07","NA","CRISPR-Based Genome Editing","Base editing","33606977"
"NM_004448.4(ERBB2):c.2900C>T (p.Pro967Leu)","chr17","39726589","C/T","ERBB2","-0.821","dataset0529","Missense","Neutral to the ERBB2-mediated cellular proliferation in HA1E","ERBB2-mediated cellular proliferation","6","Functionally normal","","","NA","CRISPR-Based Genome Editing","Base editing","33606977"
"NM_004448.4(ERBB2):c.2916G>A (p.Leu972=)","chr17","39726605","G/A","ERBB2","0.081","dataset0529","Synonymous","Neutral to the ERBB2-mediated cellular proliferation in HA1E","ERBB2-mediated cellular proliferation","6","Functionally normal","","","NA","CRISPR-Based Genome Editing","Base editing","33606977"
"NM_004448.4(ERBB2):c.2917G>A (p.Val973Met)","chr17","39726606","G/A","ERBB2","0.081","dataset0529","Missense","Neutral to the ERBB2-mediated cellular proliferation in HA1E","ERBB2-mediated cellular proliferation","6","Functionally normal","","","NA","CRISPR-Based Genome Editing","Base editing","33606977"
"NM_004448.4(ERBB2):c.2921C>T (p.Ser974Phe)","chr17","39726610","C/T","ERBB2","-0.64","dataset0529","Missense","Neutral to the ERBB2-mediated cellular proliferation in HA1E","ERBB2-mediated cellular proliferation","6","Functionally normal","","6.19505e-07","cesc:0.3% (1/297):0.090;stad:0.2% (1/440):0.030","CRISPR-Based Genome Editing","Base editing","33606977"
"NM_004448.4(ERBB2):c.2923G>A (p.Glu975Lys)","chr17","39726612","G/A","ERBB2","-1.644","dataset0529","Missense","Neutral to the ERBB2-mediated cellular proliferation in HA1E","ERBB2-mediated cellular proliferation","6","Functionally normal","","","NA","CRISPR-Based Genome Editing","Base editing","33606977"
"NM_004448.4(ERBB2):c.2928C>T (p.Phe976=)","chr17","39726617","C/T","ERBB2","-1.404","dataset0529","Synonymous","Neutral to the ERBB2-mediated cellular proliferation in HA1E","ERBB2-mediated cellular proliferation","6","Functionally normal","","","NA","CRISPR-Based Genome Editing","Base editing","33606977"
"NM_004448.4(ERBB2):c.2946C>T (p.Asp982=)","chr17","39726635","C/T","ERBB2","0.738","dataset0529","Synonymous","Neutral to the ERBB2-mediated cellular proliferation in HA1E","ERBB2-mediated cellular proliferation","6","Functionally normal","","","NA","CRISPR-Based Genome Editing","Base editing","33606977"
"NM_004448.4(ERBB2):c.2947C>T (p.Pro983Ser)","chr17","39726636","C/T","ERBB2","0.738","dataset0529","Missense","Neutral to the ERBB2-mediated cellular proliferation in HA1E","ERBB2-mediated cellular proliferation","6","Functionally normal","","","NA","CRISPR-Based Genome Editing","Base editing","33606977"
"NM_004448.4(ERBB2):c.2961G>A (p.Val987=)","chr17","39726650","G/A","ERBB2","0.101","dataset0529","Synonymous","Neutral to the ERBB2-mediated cellular proliferation in HA1E","ERBB2-mediated cellular proliferation","6","Functionally normal","","","NA","CRISPR-Based Genome Editing","Base editing","33606977"
"NM_004448.4(ERBB2):c.2962G>A (p.Val988Ile)","chr17","39726651","G/A","ERBB2","-0.152","dataset0529","Missense","Neutral to the ERBB2-mediated cellular proliferation in HA1E","ERBB2-mediated cellular proliferation","6","Functionally normal","","6.19516e-07","hnsc:0.2% (1/523):0.110","CRISPR-Based Genome Editing","Base editing","33606977"
"NM_004448.4(ERBB2):c.2971-6C>T","chr17","39726809","C/T","ERBB2","0.893","dataset0529","Splice site","Neutral to the ERBB2-mediated cellular proliferation in HA1E","ERBB2-mediated cellular proliferation","6","Functionally normal","","","NA","CRISPR-Based Genome Editing","Base editing","33606977"
"NM_004448.4(ERBB2):c.2971-5C>T","chr17","39726810","C/T","ERBB2","0.893","dataset0529","Splice site","Neutral to the ERBB2-mediated cellular proliferation in HA1E","ERBB2-mediated cellular proliferation","6","Functionally normal","","","NA","CRISPR-Based Genome Editing","Base editing","33606977"
"NM_004448.4(ERBB2):c.2971-3C>T","chr17","39726812","C/T","ERBB2","0.893","dataset0529","Splice site","Neutral to the ERBB2-mediated cellular proliferation in HA1E","ERBB2-mediated cellular proliferation","6","Functionally normal","","","NA","CRISPR-Based Genome Editing","Base editing","33606977"
"NM_004448.4(ERBB2):c.2982G>A (p.Leu994=)","chr17","39726826","G/A","ERBB2","0.364","dataset0529","Synonymous","Neutral to the ERBB2-mediated cellular proliferation in HA1E","ERBB2-mediated cellular proliferation","6","Functionally normal","","","NA","CRISPR-Based Genome Editing","Base editing","33606977"
"NM_004448.4(ERBB2):c.2983G>A (p.Gly995Ser)","chr17","39726827","G/A","ERBB2","0.364","dataset0529","Missense","Neutral to the ERBB2-mediated cellular proliferation in HA1E","ERBB2-mediated cellular proliferation","6","Functionally normal","","","NA","CRISPR-Based Genome Editing","Base editing","33606977"
"NM_004448.4(ERBB2):c.2986C>T (p.Pro996Ser)","chr17","39726830","C/T","ERBB2","0.69","dataset0529","Missense","Neutral to the ERBB2-mediated cellular proliferation in HA1E","ERBB2-mediated cellular proliferation","6","Functionally normal","","","NA","CRISPR-Based Genome Editing","Base editing","33606977"
"NM_004448.4(ERBB2):c.3000G>A (p.Leu1000=)","chr17","39726844","G/A","ERBB2","0.568","dataset0529","Synonymous","Neutral to the ERBB2-mediated cellular proliferation in HA1E","ERBB2-mediated cellular proliferation","6","Functionally normal","","","NA","CRISPR-Based Genome Editing","Base editing","33606977"
"NM_004448.4(ERBB2):c.3001G>A (p.Asp1001Asn)","chr17","39726845","G/A","ERBB2","-1.016","dataset0529","Missense","Neutral to the ERBB2-mediated cellular proliferation in HA1E","ERBB2-mediated cellular proliferation","6","Functionally normal","","","NA","CRISPR-Based Genome Editing","Base editing","33606977"
"NM_004448.4(ERBB2):c.3009C>T (p.Thr1003=)","chr17","39726853","C/T","ERBB2","-1.02","dataset0529","Synonymous","Neutral to the ERBB2-mediated cellular proliferation in HA1E","ERBB2-mediated cellular proliferation","6","Functionally normal","","","NA","CRISPR-Based Genome Editing","Base editing","33606977"
"NM_004448.4(ERBB2):c.3012C>T (p.Phe1004=)","chr17","39726856","C/T","ERBB2","-1.02","dataset0529","Synonymous","Neutral to the ERBB2-mediated cellular proliferation in HA1E","ERBB2-mediated cellular proliferation","6","Functionally normal","","","NA","CRISPR-Based Genome Editing","Base editing","33606977"
"NM_004448.4(ERBB2):c.3015C>T (p.Tyr1005=)","chr17","39726859","C/T","ERBB2","0.607","dataset0529","Synonymous","Neutral to the ERBB2-mediated cellular proliferation in HA1E","ERBB2-mediated cellular proliferation","6","Functionally normal","","","NA","CRISPR-Based Genome Editing","Base editing","33606977"
"NM_004448.4(ERBB2):c.3016C>T (p.Arg1006Cys)","chr17","39726860","C/T","ERBB2","0.607","dataset0529","Missense","Neutral to the ERBB2-mediated cellular proliferation in HA1E","ERBB2-mediated cellular proliferation","6","Functionally normal","Uncertain significance","1.42544e-05","hnsc:0.2% (1/523):0.190","CRISPR-Based Genome Editing","Base editing","33606977"
"NM_004448.4(ERBB2):c.3027G>A (p.Leu1009=)","chr17","39726871","G/A","ERBB2","0.651","dataset0529","Synonymous","Neutral to the ERBB2-mediated cellular proliferation in HA1E","ERBB2-mediated cellular proliferation","6","Functionally normal","","","NA","CRISPR-Based Genome Editing","Base editing","33606977"
"NM_004448.4(ERBB2):c.3030G>A (p.Glu1010=)","chr17","39726874","G/A","ERBB2","0.47","dataset0529","Synonymous","Neutral to the ERBB2-mediated cellular proliferation in HA1E","ERBB2-mediated cellular proliferation","6","Functionally normal","","","NA","CRISPR-Based Genome Editing","Base editing","33606977"
"NM_004448.4(ERBB2):c.3031G>A (p.Asp1011Asn)","chr17","39726875","G/A","ERBB2","0.47","dataset0529","Missense","Neutral to the ERBB2-mediated cellular proliferation in HA1E","ERBB2-mediated cellular proliferation","6","Functionally normal","Uncertain significance","6.19558e-07","NA","CRISPR-Based Genome Editing","Base editing","33606977"
"NM_004448.4(ERBB2):c.3033C>T (p.Asp1011=)","chr17","39726877","C/T","ERBB2","0.704","dataset0529","Synonymous","Neutral to the ERBB2-mediated cellular proliferation in HA1E","ERBB2-mediated cellular proliferation","6","Functionally normal","Likely benign","9.10878e-05","NA","CRISPR-Based Genome Editing","Base editing","33606977"
"NM_004448.4(ERBB2):c.3034G>A (p.Asp1012Asn)","chr17","39726878","G/A","ERBB2","0.47","dataset0529","Missense","Neutral to the ERBB2-mediated cellular proliferation in HA1E","ERBB2-mediated cellular proliferation","6","Functionally normal","Uncertain significance","1.67298e-05","NA","CRISPR-Based Genome Editing","Base editing","33606977"
"NM_004448.4(ERBB2):c.3039C>T (p.Asp1013=)","chr17","39726883","C/T","ERBB2","-0.595","dataset0529","Synonymous","Neutral to the ERBB2-mediated cellular proliferation in HA1E","ERBB2-mediated cellular proliferation","6","Functionally normal","","1.85872e-06","NA","CRISPR-Based Genome Editing","Base editing","33606977"
"NM_004448.4(ERBB2):c.3048C>T (p.Asp1016=)","chr17","39726892","C/T","ERBB2","0.365","dataset0529","Synonymous","Neutral to the ERBB2-mediated cellular proliferation in HA1E","ERBB2-mediated cellular proliferation","6","Functionally normal","","","NA","CRISPR-Based Genome Editing","Base editing","33606977"
"NM_004448.4(ERBB2):c.3049C>T (p.Leu1017=)","chr17","39726893","C/T","ERBB2","0.365","dataset0529","Synonymous","Neutral to the ERBB2-mediated cellular proliferation in HA1E","ERBB2-mediated cellular proliferation","6","Functionally normal","","","NA","CRISPR-Based Genome Editing","Base editing","33606977"
"NM_004448.4(ERBB2):c.3063G>A (p.Glu1021=)","chr17","39726907","G/A","ERBB2","-2.038","dataset0529","Synonymous","The reduced ERBB2-mediated cellular proliferation in HA1E","ERBB2-mediated cellular proliferation","6","Loss-of-function","","","NA","CRISPR-Based Genome Editing","Base editing","33606977"
"NM_004448.4(ERBB2):c.3070C>T (p.Leu1024=)","chr17","39726914","C/T","ERBB2","-1.044","dataset0529","Synonymous","Neutral to the ERBB2-mediated cellular proliferation in HA1E","ERBB2-mediated cellular proliferation","6","Functionally normal","Benign","0.000240413","NA","CRISPR-Based Genome Editing","Base editing","33606977"
"NM_004448.4(ERBB2):c.3093C>T (p.Phe1031=)","chr17","39726937","C/T","ERBB2","-0.594","dataset0529","Synonymous","Neutral to the ERBB2-mediated cellular proliferation in HA1E","ERBB2-mediated cellular proliferation","6","Functionally normal","","","NA","CRISPR-Based Genome Editing","Base editing","33606977"
"NM_004448.4(ERBB2):c.3095G>A (p.Cys1032Tyr)","chr17","39726939","G/A","ERBB2","-0.155","dataset0529","Missense","Neutral to the ERBB2-mediated cellular proliferation in HA1E","ERBB2-mediated cellular proliferation","6","Functionally normal","","","NA","CRISPR-Based Genome Editing","Base editing","33606977"
"NM_004448.4(ERBB2):c.3097_3098delinsTT (p.Pro1033Leu)","chr17","39726941","CC/TT","ERBB2","-0.064","dataset0529","Missense","Neutral to the ERBB2-mediated cellular proliferation in HA1E","ERBB2-mediated cellular proliferation","6","Functionally normal","","","NA","CRISPR-Based Genome Editing","Base editing","33606977"
"NM_004448.4(ERBB2):c.3097C>T (p.Pro1033Ser)","chr17","39726941","C/T","ERBB2","-0.594","dataset0529","Missense","Neutral to the ERBB2-mediated cellular proliferation in HA1E","ERBB2-mediated cellular proliferation","6","Functionally normal","","","NA","CRISPR-Based Genome Editing","Base editing","33606977"
"NM_004448.4(ERBB2):c.3102C>T (p.Asp1034=)","chr17","39726946","C/T","ERBB2","0.203","dataset0529","Synonymous","Neutral to the ERBB2-mediated cellular proliferation in HA1E","ERBB2-mediated cellular proliferation","6","Functionally normal","","1.23985e-06","NA","CRISPR-Based Genome Editing","Base editing","33606977"
"NM_004448.4(ERBB2):c.3103_3104delinsTT (p.Pro1035Phe)","chr17","39726947","CC/TT","ERBB2","-0.165","dataset0529","Missense","Neutral to the ERBB2-mediated cellular proliferation in HA1E","ERBB2-mediated cellular proliferation","6","Functionally normal","","","NA","CRISPR-Based Genome Editing","Base editing","33606977"
"NM_004448.4(ERBB2):c.3112G>A (p.Gly1038Ser)","chr17","39726956","G/A","ERBB2","0.953","dataset0529","Missense","Neutral to the ERBB2-mediated cellular proliferation in HA1E","ERBB2-mediated cellular proliferation","6","Functionally normal","","","NA","CRISPR-Based Genome Editing","Base editing","33606977"
"NM_004448.4(ERBB2):c.3118_3120delinsAAA (p.Gly1040Lys)","chr17","39726962","GGG/AAA","ERBB2","0.589","dataset0529","Missense","Neutral to the ERBB2-mediated cellular proliferation in HA1E","ERBB2-mediated cellular proliferation","6","Functionally normal","","","NA","CRISPR-Based Genome Editing","Base editing","33606977"
"NM_004448.4(ERBB2):c.3121G>A (p.Gly1041Ser)","chr17","39726965","G/A","ERBB2","0.589","dataset0529","Missense","Neutral to the ERBB2-mediated cellular proliferation in HA1E","ERBB2-mediated cellular proliferation","6","Functionally normal","","1.24173e-06","NA","CRISPR-Based Genome Editing","Base editing","33606977"
"NM_004448.4(ERBB2):c.3126G>A (p.Met1042Ile)","chr17","39726970","G/A","ERBB2","-1.446","dataset0529","Missense","Neutral to the ERBB2-mediated cellular proliferation in HA1E","ERBB2-mediated cellular proliferation","6","Functionally normal","","","NA","CRISPR-Based Genome Editing","Base editing","33606977"
"NM_004448.4(ERBB2):c.3127G>A (p.Val1043Ile)","chr17","39726971","G/A","ERBB2","-1.446","dataset0529","Missense","Neutral to the ERBB2-mediated cellular proliferation in HA1E","ERBB2-mediated cellular proliferation","6","Functionally normal","","","NA","CRISPR-Based Genome Editing","Base editing","33606977"
"NM_004448.4(ERBB2):c.3141C>T (p.His1047=)","chr17","39726985","C/T","ERBB2","0.024","dataset0529","Synonymous","Neutral to the ERBB2-mediated cellular proliferation in HA1E","ERBB2-mediated cellular proliferation","6","Functionally normal","","","NA","CRISPR-Based Genome Editing","Base editing","33606977"
"NM_004448.4(ERBB2):c.3142C>T (p.Arg1048Cys)","chr17","39726986","C/T","ERBB2","0.024","dataset0529","Missense","Neutral to the ERBB2-mediated cellular proliferation in HA1E","ERBB2-mediated cellular proliferation","6","Functionally normal","Uncertain significance","3.49615e-05","NA","CRISPR-Based Genome Editing","Base editing","33606977"
"NM_004448.4(ERBB2):c.3158_3159delinsAA (p.Arg1053Lys)","chr17","39727002","GG/AA","ERBB2","0.265","dataset0529","Missense","Neutral to the ERBB2-mediated cellular proliferation in HA1E","ERBB2-mediated cellular proliferation","6","Functionally normal","","","NA","CRISPR-Based Genome Editing","Base editing","33606977"
"NM_004448.4(ERBB2):c.3159+1G>A","chr17","39727004","G/A","ERBB2","0.265","dataset0529","Splice site","Neutral to the ERBB2-mediated cellular proliferation in HA1E","ERBB2-mediated cellular proliferation","6","Functionally normal","","1.25689e-06","NA","CRISPR-Based Genome Editing","Base editing","33606977"
"NM_004448.4(ERBB2):c.3160-11C>T","chr17","39727284","C/T","ERBB2","0.435","dataset0529","Splice site","Neutral to the ERBB2-mediated cellular proliferation in HA1E","ERBB2-mediated cellular proliferation","6","Functionally normal","","","NA","CRISPR-Based Genome Editing","Base editing","33606977"
"NM_004448.4(ERBB2):c.3160-6C>T","chr17","39727289","C/T","ERBB2","0.326","dataset0529","Splice site","Neutral to the ERBB2-mediated cellular proliferation in HA1E","ERBB2-mediated cellular proliferation","6","Functionally normal","","","NA","CRISPR-Based Genome Editing","Base editing","33606977"
"NM_004448.4(ERBB2):c.3160-5C>T","chr17","39727290","C/T","ERBB2","0.326","dataset0529","Splice site","Neutral to the ERBB2-mediated cellular proliferation in HA1E","ERBB2-mediated cellular proliferation","6","Functionally normal","","","NA","CRISPR-Based Genome Editing","Base editing","33606977"
"NM_004448.4(ERBB2):c.3160-4C>T","chr17","39727291","C/T","ERBB2","0.49","dataset0529","Splice site","Neutral to the ERBB2-mediated cellular proliferation in HA1E","ERBB2-mediated cellular proliferation","6","Functionally normal","Likely benign","","NA","CRISPR-Based Genome Editing","Base editing","33606977"
"NM_004448.4(ERBB2):c.3160-3C>T","chr17","39727292","C/T","ERBB2","0.49","dataset0529","Splice site","Neutral to the ERBB2-mediated cellular proliferation in HA1E","ERBB2-mediated cellular proliferation","6","Functionally normal","","","NA","CRISPR-Based Genome Editing","Base editing","33606977"
"NM_004448.4(ERBB2):c.3169_3171delinsAAA (p.Gly1057Lys)","chr17","39727304","GGG/AAA","ERBB2","0.119","dataset0529","Missense","Neutral to the ERBB2-mediated cellular proliferation in HA1E","ERBB2-mediated cellular proliferation","6","Functionally normal","","","NA","CRISPR-Based Genome Editing","Base editing","33606977"
"NM_004448.4(ERBB2):c.3170_3171delinsAA (p.Gly1057Glu)","chr17","39727305","GG/AA","ERBB2","0.678","dataset0529","Missense","Neutral to the ERBB2-mediated cellular proliferation in HA1E","ERBB2-mediated cellular proliferation","6","Functionally normal","","","NA","CRISPR-Based Genome Editing","Base editing","33606977"
"NM_004448.4(ERBB2):c.3171G>A (p.Gly1057=)","chr17","39727306","G/A","ERBB2","0.295","dataset0529","Synonymous","Neutral to the ERBB2-mediated cellular proliferation in HA1E","ERBB2-mediated cellular proliferation","6","Functionally normal","","","NA","CRISPR-Based Genome Editing","Base editing","33606977"
"NM_004448.4(ERBB2):c.3172G>A (p.Asp1058Asn)","chr17","39727307","G/A","ERBB2","0.119","dataset0529","Missense","Neutral to the ERBB2-mediated cellular proliferation in HA1E","ERBB2-mediated cellular proliferation","6","Functionally normal","","6.20043e-07","NA","CRISPR-Based Genome Editing","Base editing","33606977"
"NM_004448.4(ERBB2):c.3174C>T (p.Asp1058=)","chr17","39727309","C/T","ERBB2","-0.048","dataset0529","Synonymous","Neutral to the ERBB2-mediated cellular proliferation in HA1E","ERBB2-mediated cellular proliferation","6","Functionally normal","Likely benign","","NA","CRISPR-Based Genome Editing","Base editing","33606977"
"NM_004448.4(ERBB2):c.3175C>T (p.Leu1059=)","chr17","39727310","C/T","ERBB2","-0.048","dataset0529","Synonymous","Neutral to the ERBB2-mediated cellular proliferation in HA1E","ERBB2-mediated cellular proliferation","6","Functionally normal","","","NA","CRISPR-Based Genome Editing","Base editing","33606977"
"NM_004448.4(ERBB2):c.3189G>A (p.Leu1063=)","chr17","39727324","G/A","ERBB2","0.562","dataset0529","Synonymous","Neutral to the ERBB2-mediated cellular proliferation in HA1E","ERBB2-mediated cellular proliferation","6","Functionally normal","","6.2006e-07","NA","CRISPR-Based Genome Editing","Base editing","33606977"
"NM_004448.4(ERBB2):c.3190G>A (p.Glu1064Lys)","chr17","39727325","G/A","ERBB2","0.562","dataset0529","Missense","Neutral to the ERBB2-mediated cellular proliferation in HA1E","ERBB2-mediated cellular proliferation","6","Functionally normal","Uncertain significance","6.20079e-06","NA","CRISPR-Based Genome Editing","Base editing","33606977"
"NM_004448.4(ERBB2):c.3197C>T (p.Ser1066Phe)","chr17","39727332","C/T","ERBB2","1.474","dataset0529","Missense","Neutral to the ERBB2-mediated cellular proliferation in HA1E","ERBB2-mediated cellular proliferation","6","Functionally normal","","","NA","CRISPR-Based Genome Editing","Base editing","33606977"
"NM_004448.4(ERBB2):c.3210C>T (p.Ala1070=)","chr17","39727345","C/T","ERBB2","-0.054","dataset0529","Synonymous","Neutral to the ERBB2-mediated cellular proliferation in HA1E","ERBB2-mediated cellular proliferation","6","Functionally normal","","","NA","CRISPR-Based Genome Editing","Base editing","33606977"
"NM_004448.4(ERBB2):c.3211C>T (p.Pro1071Ser)","chr17","39727346","C/T","ERBB2","-0.054","dataset0529","Missense","Neutral to the ERBB2-mediated cellular proliferation in HA1E","ERBB2-mediated cellular proliferation","6","Functionally normal","","","NA","CRISPR-Based Genome Editing","Base editing","33606977"
"NM_004448.4(ERBB2):c.3221C>T (p.Pro1074Leu)","chr17","39727356","C/T","ERBB2","-1.763","dataset0529","Missense","Neutral to the ERBB2-mediated cellular proliferation in HA1E","ERBB2-mediated cellular proliferation","6","Functionally normal","","6.20417e-07","NA","CRISPR-Based Genome Editing","Base editing","33606977"
"NM_004448.4(ERBB2):c.3223C>T (p.Leu1075=)","chr17","39727358","C/T","ERBB2","-1.763","dataset0529","Synonymous","Neutral to the ERBB2-mediated cellular proliferation in HA1E","ERBB2-mediated cellular proliferation","6","Functionally normal","","6.20388e-07","NA","CRISPR-Based Genome Editing","Base editing","33606977"
"NM_004448.4(ERBB2):c.3225G>A (p.Leu1075=)","chr17","39727360","G/A","ERBB2","0.236","dataset0529","Synonymous","Neutral to the ERBB2-mediated cellular proliferation in HA1E","ERBB2-mediated cellular proliferation","6","Functionally normal","","","NA","CRISPR-Based Genome Editing","Base editing","33606977"
"NM_004448.4(ERBB2):c.3229_3230delinsTT (p.Pro1077Phe)","chr17","39727364","CC/TT","ERBB2","-0.374","dataset0529","Missense","Neutral to the ERBB2-mediated cellular proliferation in HA1E","ERBB2-mediated cellular proliferation","6","Functionally normal","","","NA","CRISPR-Based Genome Editing","Base editing","33606977"
"NM_004448.4(ERBB2):c.3244G>A (p.Gly1082Ser)","chr17","39727379","G/A","ERBB2","-0.147","dataset0529","Missense","Neutral to the ERBB2-mediated cellular proliferation in HA1E","ERBB2-mediated cellular proliferation","6","Functionally normal","","","NA","CRISPR-Based Genome Editing","Base editing","33606977"
"NM_004448.4(ERBB2):c.3248C>T (p.Ser1083Phe)","chr17","39727383","C/T","ERBB2","-0.471","dataset0529","Missense","Neutral to the ERBB2-mediated cellular proliferation in HA1E","ERBB2-mediated cellular proliferation","6","Functionally normal","","","NA","CRISPR-Based Genome Editing","Base editing","33606977"
"NM_004448.4(ERBB2):c.3250G>A (p.Asp1084Asn)","chr17","39727385","G/A","ERBB2","1.12","dataset0529","Missense","Neutral to the ERBB2-mediated cellular proliferation in HA1E","ERBB2-mediated cellular proliferation","6","Functionally normal","Uncertain significance","4.34702e-06","NA","CRISPR-Based Genome Editing","Base editing","33606977"
"NM_004448.4(ERBB2):c.3263G>A (p.Gly1088Asp)","chr17","39727398","G/A","ERBB2","-3.337","dataset0529","Missense","The reduced ERBB2-mediated cellular proliferation in HA1E","ERBB2-mediated cellular proliferation","6","Loss-of-function","","1.17968e-05","NA","CRISPR-Based Genome Editing","Base editing","33606977"
"NM_004448.4(ERBB2):c.3265G>A (p.Asp1089Asn)","chr17","39727400","G/A","ERBB2","-3.337","dataset0529","Missense","The reduced ERBB2-mediated cellular proliferation in HA1E","ERBB2-mediated cellular proliferation","6","Loss-of-function","","","NA","CRISPR-Based Genome Editing","Base editing","33606977"
"NM_004448.4(ERBB2):c.3315C>T (p.Asp1105=)","chr17","39727450","C/T","ERBB2","0.096","dataset0529","Synonymous","Neutral to the ERBB2-mediated cellular proliferation in HA1E","ERBB2-mediated cellular proliferation","6","Functionally normal","","6.20732e-07","NA","CRISPR-Based Genome Editing","Base editing","33606977"
"NM_004448.4(ERBB2):c.3316_3318delinsTTT (p.Pro1106Phe)","chr17","39727451","CCC/TTT","ERBB2","0.096","dataset0529","Missense","Neutral to the ERBB2-mediated cellular proliferation in HA1E","ERBB2-mediated cellular proliferation","6","Functionally normal","","","NA","CRISPR-Based Genome Editing","Base editing","33606977"
"NM_004448.4(ERBB2):c.3325C>T (p.Leu1109=)","chr17","39727460","C/T","ERBB2","0.223","dataset0529","Synonymous","Neutral to the ERBB2-mediated cellular proliferation in HA1E","ERBB2-mediated cellular proliferation","6","Functionally normal","","","NA","CRISPR-Based Genome Editing","Base editing","33606977"
"NM_004448.4(ERBB2):c.3328C>T (p.Gln1110Ter)","chr17","39727463","C/T","ERBB2","0.223","dataset0529","Nonsense","Neutral to the ERBB2-mediated cellular proliferation in HA1E","ERBB2-mediated cellular proliferation","6","Functionally normal","","","NA","CRISPR-Based Genome Editing","Base editing","33606977"
"NM_004448.4(ERBB2):c.3332_3333delinsAA (p.Arg1111Gln)","chr17","39727467","GG/AA","ERBB2","-0.516","dataset0529","Missense","Neutral to the ERBB2-mediated cellular proliferation in HA1E","ERBB2-mediated cellular proliferation","6","Functionally normal","","","NA","CRISPR-Based Genome Editing","Base editing","33606977"
"NM_004448.4(ERBB2):c.3338G>A (p.Ser1113Asn)","chr17","39727473","G/A","ERBB2","-0.398","dataset0529","Missense","Neutral to the ERBB2-mediated cellular proliferation in HA1E","ERBB2-mediated cellular proliferation","6","Functionally normal","","","NA","CRISPR-Based Genome Editing","Base editing","33606977"
"NM_004448.4(ERBB2):c.3340G>A (p.Glu1114Lys)","chr17","39727475","G/A","ERBB2","-0.398","dataset0529","Missense","Neutral to the ERBB2-mediated cellular proliferation in HA1E","ERBB2-mediated cellular proliferation","6","Functionally normal","","","NA","CRISPR-Based Genome Editing","Base editing","33606977"
"NM_004448.4(ERBB2):c.3358C>T (p.Leu1120=)","chr17","39727493","C/T","ERBB2","-0.287","dataset0529","Synonymous","Neutral to the ERBB2-mediated cellular proliferation in HA1E","ERBB2-mediated cellular proliferation","6","Functionally normal","","1.24451e-06","NA","CRISPR-Based Genome Editing","Base editing","33606977"
"NM_004448.4(ERBB2):c.3362C>T (p.Pro1121Leu)","chr17","39727497","C/T","ERBB2","-0.287","dataset0529","Missense","Neutral to the ERBB2-mediated cellular proliferation in HA1E","ERBB2-mediated cellular proliferation","6","Functionally normal","","","NA","CRISPR-Based Genome Editing","Base editing","33606977"
"NM_004448.4(ERBB2):c.3373G>A (p.Asp1125Asn)","chr17","39727508","G/A","ERBB2","0.0","dataset0529","Missense","Neutral to the ERBB2-mediated cellular proliferation in HA1E","ERBB2-mediated cellular proliferation","6","Functionally normal","","6.21918e-07","NA","CRISPR-Based Genome Editing","Base editing","33606977"
"NM_004448.4(ERBB2):c.3376G>A (p.Gly1126Ser)","chr17","39727511","G/A","ERBB2","-1.937","dataset0529","Missense","Neutral to the ERBB2-mediated cellular proliferation in HA1E","ERBB2-mediated cellular proliferation","6","Functionally normal","","","NA","CRISPR-Based Genome Editing","Base editing","33606977"
"NM_004448.4(ERBB2):c.3395_3396delinsTT (p.Thr1132Ile)","chr17","39727530","CC/TT","ERBB2","-1.643","dataset0529","Missense","Neutral to the ERBB2-mediated cellular proliferation in HA1E","ERBB2-mediated cellular proliferation","6","Functionally normal","","","NA","CRISPR-Based Genome Editing","Base editing","33606977"
"NM_004448.4(ERBB2):c.3412+5G>A","chr17","39727552","G/A","ERBB2","-0.071","dataset0529","Splice site","Neutral to the ERBB2-mediated cellular proliferation in HA1E","ERBB2-mediated cellular proliferation","6","Functionally normal","","","NA","CRISPR-Based Genome Editing","Base editing","33606977"
"NM_004448.4(ERBB2):c.3412+6G>A","chr17","39727553","G/A","ERBB2","-0.071","dataset0529","Splice site","Neutral to the ERBB2-mediated cellular proliferation in HA1E","ERBB2-mediated cellular proliferation","6","Functionally normal","","1.25153e-06","NA","CRISPR-Based Genome Editing","Base editing","33606977"
"NM_004448.4(ERBB2):c.3412+8G>A","chr17","39727555","G/A","ERBB2","-1.271","dataset0529","Splice site","Neutral to the ERBB2-mediated cellular proliferation in HA1E","ERBB2-mediated cellular proliferation","6","Functionally normal","","6.25946e-07","NA","CRISPR-Based Genome Editing","Base editing","33606977"
"NM_004448.4(ERBB2):c.3423C>T (p.Asn1141=)","chr17","39727699","C/T","ERBB2","0.508","dataset0529","Synonymous","Neutral to the ERBB2-mediated cellular proliferation in HA1E","ERBB2-mediated cellular proliferation","6","Functionally normal","Likely benign","","NA","CRISPR-Based Genome Editing","Base editing","33606977"
"NM_004448.4(ERBB2):c.3446_3447delinsTT (p.Pro1149Leu)","chr17","39727722","CC/TT","ERBB2","-0.219","dataset0529","Missense","Neutral to the ERBB2-mediated cellular proliferation in HA1E","ERBB2-mediated cellular proliferation","6","Functionally normal","","","NA","CRISPR-Based Genome Editing","Base editing","33606977"
"NM_004448.4(ERBB2):c.3448_3449delinsTT (p.Pro1150Phe)","chr17","39727724","CC/TT","ERBB2","-0.219","dataset0529","Missense","Neutral to the ERBB2-mediated cellular proliferation in HA1E","ERBB2-mediated cellular proliferation","6","Functionally normal","","","NA","CRISPR-Based Genome Editing","Base editing","33606977"
"NM_004448.4(ERBB2):c.3448C>T (p.Pro1150Ser)","chr17","39727724","C/T","ERBB2","0.823","dataset0529","Missense","Neutral to the ERBB2-mediated cellular proliferation in HA1E","ERBB2-mediated cellular proliferation","6","Functionally normal","","1.27081e-06","NA","CRISPR-Based Genome Editing","Base editing","33606977"
"NM_004448.4(ERBB2):c.3458G>A (p.Arg1153Gln)","chr17","39727734","G/A","ERBB2","0.36","dataset0529","Missense","Neutral to the ERBB2-mediated cellular proliferation in HA1E","ERBB2-mediated cellular proliferation","6","Functionally normal","Uncertain significance","2.46062e-05","NA","CRISPR-Based Genome Editing","Base editing","33606977"
"NM_004448.4(ERBB2):c.3462G>A (p.Glu1154=)","chr17","39727738","G/A","ERBB2","0.561","dataset0529","Synonymous","Neutral to the ERBB2-mediated cellular proliferation in HA1E","ERBB2-mediated cellular proliferation","6","Functionally normal","","","NA","CRISPR-Based Genome Editing","Base editing","33606977"
"NM_004448.4(ERBB2):c.3463G>A (p.Gly1155Ser)","chr17","39727739","G/A","ERBB2","0.043","dataset0529","Missense","Neutral to the ERBB2-mediated cellular proliferation in HA1E","ERBB2-mediated cellular proliferation","6","Functionally normal","","","NA","CRISPR-Based Genome Editing","Base editing","33606977"
"NM_004448.4(ERBB2):c.3473C>T (p.Pro1158Leu)","chr17","39727749","C/T","ERBB2","-0.255","dataset0529","Missense","Neutral to the ERBB2-mediated cellular proliferation in HA1E","ERBB2-mediated cellular proliferation","6","Functionally normal","","1.25182e-06","NA","CRISPR-Based Genome Editing","Base editing","33606977"
"NM_004448.4(ERBB2):c.3482G>A (p.Arg1161Gln)","chr17","39727758","G/A","ERBB2","0.574","dataset0529","Missense","Neutral to the ERBB2-mediated cellular proliferation in HA1E","ERBB2-mediated cellular proliferation","6","Functionally normal","Benign","0.000446667","NA","CRISPR-Based Genome Editing","Base editing","33606977"
"NM_004448.4(ERBB2):c.3484_3485delinsTT (p.Pro1162Phe)","chr17","39727760","CC/TT","ERBB2","0.666","dataset0529","Missense","Neutral to the ERBB2-mediated cellular proliferation in HA1E","ERBB2-mediated cellular proliferation","6","Functionally normal","","","NA","CRISPR-Based Genome Editing","Base editing","33606977"
"NM_004448.4(ERBB2):c.3490_3491delinsAA (p.Gly1164Asn)","chr17","39727766","GG/AA","ERBB2","0.027","dataset0529","Missense","Neutral to the ERBB2-mediated cellular proliferation in HA1E","ERBB2-mediated cellular proliferation","6","Functionally normal","","","NA","CRISPR-Based Genome Editing","Base editing","33606977"
"NM_004448.4(ERBB2):c.3501G>A (p.Leu1167=)","chr17","39727777","G/A","ERBB2","-1.208","dataset0529","Synonymous","Neutral to the ERBB2-mediated cellular proliferation in HA1E","ERBB2-mediated cellular proliferation","6","Functionally normal","Likely benign","1.24217e-06","NA","CRISPR-Based Genome Editing","Base editing","33606977"
"NM_004448.4(ERBB2):c.3502G>A (p.Glu1168Lys)","chr17","39727778","G/A","ERBB2","-1.208","dataset0529","Missense","Neutral to the ERBB2-mediated cellular proliferation in HA1E","ERBB2-mediated cellular proliferation","6","Functionally normal","Uncertain significance","8.69431e-06","NA","CRISPR-Based Genome Editing","Base editing","33606977"
"NM_004448.4(ERBB2):c.3509_3510delinsTT (p.Pro1170Leu)","chr17","39727785","CC/TT","ERBB2","-0.581","dataset0529","Missense","Neutral to the ERBB2-mediated cellular proliferation in HA1E","ERBB2-mediated cellular proliferation","6","Functionally normal","","","NA","CRISPR-Based Genome Editing","Base editing","33606977"
"NM_004448.4(ERBB2):c.3513G>A (p.Lys1171=)","chr17","39727789","G/A","ERBB2","-0.076","dataset0529","Synonymous","Neutral to the ERBB2-mediated cellular proliferation in HA1E","ERBB2-mediated cellular proliferation","6","Functionally normal","","","NA","CRISPR-Based Genome Editing","Base editing","33606977"
"NM_004448.4(ERBB2):c.3519C>T (p.Leu1173=)","chr17","39727795","C/T","ERBB2","-1.54","dataset0529","Synonymous","Neutral to the ERBB2-mediated cellular proliferation in HA1E","ERBB2-mediated cellular proliferation","6","Functionally normal","","","NA","CRISPR-Based Genome Editing","Base editing","33606977"
"NM_004448.4(ERBB2):c.3521_3522delinsTT (p.Ser1174Phe)","chr17","39727797","CC/TT","ERBB2","-1.54","dataset0529","Missense","Neutral to the ERBB2-mediated cellular proliferation in HA1E","ERBB2-mediated cellular proliferation","6","Functionally normal","","","NA","CRISPR-Based Genome Editing","Base editing","33606977"
"NM_004448.4(ERBB2):c.3521C>T (p.Ser1174Phe)","chr17","39727797","C/T","ERBB2","-0.13","dataset0529","Missense","Neutral to the ERBB2-mediated cellular proliferation in HA1E","ERBB2-mediated cellular proliferation","6","Functionally normal","","2.54168e-05","NA","CRISPR-Based Genome Editing","Base editing","33606977"
"NM_004448.4(ERBB2):c.3526_3528delinsAAA (p.Gly1176Lys)","chr17","39727802","GGG/AAA","ERBB2","-2.34","dataset0529","Missense","The reduced ERBB2-mediated cellular proliferation in HA1E","ERBB2-mediated cellular proliferation","6","Loss-of-function","","","NA","CRISPR-Based Genome Editing","Base editing","33606977"
"NM_004448.4(ERBB2):c.3526_3527delinsAA (p.Gly1176Lys)","chr17","39727802","GG/AA","ERBB2","0.545","dataset0529","Missense","Neutral to the ERBB2-mediated cellular proliferation in HA1E","ERBB2-mediated cellular proliferation","6","Functionally normal","","","NA","CRISPR-Based Genome Editing","Base editing","33606977"
"NM_004448.4(ERBB2):c.3536_3537delinsAA (p.Gly1179Glu)","chr17","39727812","GG/AA","ERBB2","-0.316","dataset0529","Missense","Neutral to the ERBB2-mediated cellular proliferation in HA1E","ERBB2-mediated cellular proliferation","6","Functionally normal","","","NA","CRISPR-Based Genome Editing","Base editing","33606977"
"NM_004448.4(ERBB2):c.3537G>A (p.Gly1179=)","chr17","39727813","G/A","ERBB2","0.598","dataset0529","Synonymous","Neutral to the ERBB2-mediated cellular proliferation in HA1E","ERBB2-mediated cellular proliferation","6","Functionally normal","","","NA","CRISPR-Based Genome Editing","Base editing","33606977"
"NM_004448.4(ERBB2):c.3538G>A (p.Val1180Ile)","chr17","39727814","G/A","ERBB2","-0.432","dataset0529","Missense","Neutral to the ERBB2-mediated cellular proliferation in HA1E","ERBB2-mediated cellular proliferation","6","Functionally normal","","","NA","CRISPR-Based Genome Editing","Base editing","33606977"
"NM_004448.4(ERBB2):c.3541G>A (p.Val1181Ile)","chr17","39727817","G/A","ERBB2","-0.432","dataset0529","Missense","Neutral to the ERBB2-mediated cellular proliferation in HA1E","ERBB2-mediated cellular proliferation","6","Functionally normal","Uncertain significance","1.30152e-05","NA","CRISPR-Based Genome Editing","Base editing","33606977"
"NM_004448.4(ERBB2):c.3573G>A (p.Val1191=)","chr17","39727849","G/A","ERBB2","-0.719","dataset0529","Synonymous","Neutral to the ERBB2-mediated cellular proliferation in HA1E","ERBB2-mediated cellular proliferation","6","Functionally normal","Conflicting classifications of pathogenicity","1.05334e-05","NA","CRISPR-Based Genome Editing","Base editing","33606977"
"NM_004448.4(ERBB2):c.3582C>T (p.Pro1194=)","chr17","39727858","C/T","ERBB2","0.355","dataset0529","Synonymous","Neutral to the ERBB2-mediated cellular proliferation in HA1E","ERBB2-mediated cellular proliferation","6","Functionally normal","Likely benign","2.16855e-05","NA","CRISPR-Based Genome Editing","Base editing","33606977"
"NM_004448.4(ERBB2):c.3585G>A (p.Glu1195=)","chr17","39727861","G/A","ERBB2","-1.708","dataset0529","Synonymous","Neutral to the ERBB2-mediated cellular proliferation in HA1E","ERBB2-mediated cellular proliferation","6","Functionally normal","","6.19536e-07","NA","CRISPR-Based Genome Editing","Base editing","33606977"
"NM_004448.4(ERBB2):c.3588C>T (p.Tyr1196=)","chr17","39727864","C/T","ERBB2","-0.522","dataset0529","Synonymous","Neutral to the ERBB2-mediated cellular proliferation in HA1E","ERBB2-mediated cellular proliferation","6","Functionally normal","","","NA","CRISPR-Based Genome Editing","Base editing","33606977"
"NM_004448.4(ERBB2):c.3600G>A (p.Gln1200=)","chr17","39727876","G/A","ERBB2","0.933","dataset0529","Synonymous","Neutral to the ERBB2-mediated cellular proliferation in HA1E","ERBB2-mediated cellular proliferation","6","Functionally normal","","6.19536e-07","NA","CRISPR-Based Genome Editing","Base editing","33606977"
"NM_004448.4(ERBB2):c.3651C>T (p.Phe1217=)","chr17","39727927","C/T","ERBB2","-3.022","dataset0529","Synonymous","The reduced ERBB2-mediated cellular proliferation in HA1E","ERBB2-mediated cellular proliferation","6","Loss-of-function","Likely benign","3.84104e-05","NA","CRISPR-Based Genome Editing","Base editing","33606977"
"NM_004448.4(ERBB2):c.3652G>A (p.Asp1218Asn)","chr17","39727928","G/A","ERBB2","0.099","dataset0529","Missense","Neutral to the ERBB2-mediated cellular proliferation in HA1E","ERBB2-mediated cellular proliferation","6","Functionally normal","","3.71728e-06","NA","CRISPR-Based Genome Editing","Base editing","33606977"
"NM_004448.4(ERBB2):c.3654C>T (p.Asp1218=)","chr17","39727930","C/T","ERBB2","-3.022","dataset0529","Synonymous","The reduced ERBB2-mediated cellular proliferation in HA1E","ERBB2-mediated cellular proliferation","6","Loss-of-function","","6.19508e-07","NA","CRISPR-Based Genome Editing","Base editing","33606977"
"NM_004448.4(ERBB2):c.3657C>T (p.Asn1219=)","chr17","39727933","C/T","ERBB2","-0.828","dataset0529","Synonymous","Neutral to the ERBB2-mediated cellular proliferation in HA1E","ERBB2-mediated cellular proliferation","6","Functionally normal","","","NA","CRISPR-Based Genome Editing","Base editing","33606977"
"NM_004448.4(ERBB2):c.3672C>T (p.Asp1224=)","chr17","39727948","C/T","ERBB2","-0.947","dataset0529","Synonymous","Neutral to the ERBB2-mediated cellular proliferation in HA1E","ERBB2-mediated cellular proliferation","6","Functionally normal","","","NA","CRISPR-Based Genome Editing","Base editing","33606977"
"NM_004448.4(ERBB2):c.3673C>T (p.Gln1225Ter)","chr17","39727949","C/T","ERBB2","-0.947","dataset0529","Nonsense","Neutral to the ERBB2-mediated cellular proliferation in HA1E","ERBB2-mediated cellular proliferation","6","Functionally normal","Uncertain significance","","NA","CRISPR-Based Genome Editing","Base editing","33606977"
"NM_004448.4(ERBB2):c.3675G>A (p.Gln1225=)","chr17","39727951","G/A","ERBB2","0.599","dataset0529","Synonymous","Neutral to the ERBB2-mediated cellular proliferation in HA1E","ERBB2-mediated cellular proliferation","6","Functionally normal","","","NA","CRISPR-Based Genome Editing","Base editing","33606977"
"NM_004448.4(ERBB2):c.3676G>A (p.Asp1226Asn)","chr17","39727952","G/A","ERBB2","0.599","dataset0529","Missense","Neutral to the ERBB2-mediated cellular proliferation in HA1E","ERBB2-mediated cellular proliferation","6","Functionally normal","","3.0978e-06","NA","CRISPR-Based Genome Editing","Base editing","33606977"
"NM_004448.4(ERBB2):c.3678C>T (p.Asp1226=)","chr17","39727954","C/T","ERBB2","0.392","dataset0529","Synonymous","Neutral to the ERBB2-mediated cellular proliferation in HA1E","ERBB2-mediated cellular proliferation","6","Functionally normal","","2.47825e-06","NA","CRISPR-Based Genome Editing","Base editing","33606977"
"NM_004448.4(ERBB2):c.3679C>T (p.Pro1227Ser)","chr17","39727955","C/T","ERBB2","0.392","dataset0529","Missense","Neutral to the ERBB2-mediated cellular proliferation in HA1E","ERBB2-mediated cellular proliferation","6","Functionally normal","","","coad:0.2% (1/439):0.280","CRISPR-Based Genome Editing","Base editing","33606977"
"NM_004448.4(ERBB2):c.3689_3690delinsAA (p.Arg1230Gln)","chr17","39727965","GG/AA","ERBB2","0.692","dataset0529","Missense","Neutral to the ERBB2-mediated cellular proliferation in HA1E","ERBB2-mediated cellular proliferation","6","Functionally normal","","","NA","CRISPR-Based Genome Editing","Base editing","33606977"
"NM_004448.4(ERBB2):c.3691G>A (p.Gly1231Arg)","chr17","39727967","G/A","ERBB2","0.692","dataset0529","Missense","Neutral to the ERBB2-mediated cellular proliferation in HA1E","ERBB2-mediated cellular proliferation","6","Functionally normal","","","NA","CRISPR-Based Genome Editing","Base editing","33606977"
"NM_004448.4(ERBB2):c.3693G>A (p.Gly1231=)","chr17","39727969","G/A","ERBB2","0.166","dataset0529","Synonymous","Neutral to the ERBB2-mediated cellular proliferation in HA1E","ERBB2-mediated cellular proliferation","6","Functionally normal","","6.19685e-07","NA","CRISPR-Based Genome Editing","Base editing","33606977"
"NM_004448.4(ERBB2):c.3697_3698delinsTT (p.Pro1233Leu)","chr17","39727973","CC/TT","ERBB2","-2.534","dataset0529","Missense","The reduced ERBB2-mediated cellular proliferation in HA1E","ERBB2-mediated cellular proliferation","6","Loss-of-function","","","NA","CRISPR-Based Genome Editing","Base editing","33606977"
"NM_004448.4(ERBB2):c.3698C>T (p.Pro1233Leu)","chr17","39727974","C/T","ERBB2","-3.086","dataset0529","Missense","The reduced ERBB2-mediated cellular proliferation in HA1E","ERBB2-mediated cellular proliferation","6","Loss-of-function","","1.23953e-06","NA","CRISPR-Based Genome Editing","Base editing","33606977"
"NM_004448.4(ERBB2):c.3700_3702delinsTTT (p.Pro1234Phe)","chr17","39727976","CCC/TTT","ERBB2","-3.086","dataset0529","Missense","The reduced ERBB2-mediated cellular proliferation in HA1E","ERBB2-mediated cellular proliferation","6","Loss-of-function","","","NA","CRISPR-Based Genome Editing","Base editing","33606977"
"NM_004448.4(ERBB2):c.3700_3701delinsTT (p.Pro1234Phe)","chr17","39727976","CC/TT","ERBB2","-2.534","dataset0529","Missense","The reduced ERBB2-mediated cellular proliferation in HA1E","ERBB2-mediated cellular proliferation","6","Loss-of-function","","","NA","CRISPR-Based Genome Editing","Base editing","33606977"
"NM_004448.4(ERBB2):c.3708C>T (p.Thr1236=)","chr17","39727984","C/T","ERBB2","-0.229","dataset0529","Synonymous","Neutral to the ERBB2-mediated cellular proliferation in HA1E","ERBB2-mediated cellular proliferation","6","Functionally normal","","","NA","CRISPR-Based Genome Editing","Base editing","33606977"
"NM_004448.4(ERBB2):c.3711C>T (p.Phe1237=)","chr17","39727987","C/T","ERBB2","-0.229","dataset0529","Synonymous","Neutral to the ERBB2-mediated cellular proliferation in HA1E","ERBB2-mediated cellular proliferation","6","Functionally normal","","","NA","CRISPR-Based Genome Editing","Base editing","33606977"
"NM_004448.4(ERBB2):c.3715_3717delinsAAA (p.Gly1239Lys)","chr17","39727991","GGG/AAA","ERBB2","0.476","dataset0529","Missense","Neutral to the ERBB2-mediated cellular proliferation in HA1E","ERBB2-mediated cellular proliferation","6","Functionally normal","","","NA","CRISPR-Based Genome Editing","Base editing","33606977"
"NM_004448.4(ERBB2):c.3715_3716delinsAA (p.Gly1239Lys)","chr17","39727991","GG/AA","ERBB2","-0.526","dataset0529","Missense","Neutral to the ERBB2-mediated cellular proliferation in HA1E","ERBB2-mediated cellular proliferation","6","Functionally normal","","","NA","CRISPR-Based Genome Editing","Base editing","33606977"
"NM_004448.4(ERBB2):c.3716_3717delinsAA (p.Gly1239Glu)","chr17","39727992","GG/AA","ERBB2","-0.015","dataset0529","Missense","Neutral to the ERBB2-mediated cellular proliferation in HA1E","ERBB2-mediated cellular proliferation","6","Functionally normal","","","NA","CRISPR-Based Genome Editing","Base editing","33606977"
"NM_004448.4(ERBB2):c.3726G>A (p.Thr1242=)","chr17","39728002","G/A","ERBB2","1.436","dataset0529","Synonymous","Neutral to the ERBB2-mediated cellular proliferation in HA1E","ERBB2-mediated cellular proliferation","6","Functionally normal","Likely benign","5.46494e-05","NA","CRISPR-Based Genome Editing","Base editing","33606977"
"NM_004448.4(ERBB2):c.3735C>T (p.Asn1245=)","chr17","39728011","C/T","ERBB2","0.66","dataset0529","Synonymous","Neutral to the ERBB2-mediated cellular proliferation in HA1E","ERBB2-mediated cellular proliferation","6","Functionally normal","","","NA","CRISPR-Based Genome Editing","Base editing","33606977"
"NM_004448.4(ERBB2):c.3736_3737delinsTT (p.Pro1246Leu)","chr17","39728012","CC/TT","ERBB2","0.66","dataset0529","Missense","Neutral to the ERBB2-mediated cellular proliferation in HA1E","ERBB2-mediated cellular proliferation","6","Functionally normal","","","NA","CRISPR-Based Genome Editing","Base editing","33606977"
"NM_004448.4(ERBB2):c.3739G>A (p.Glu1247Lys)","chr17","39728015","G/A","ERBB2","0.195","dataset0529","Missense","Neutral to the ERBB2-mediated cellular proliferation in HA1E","ERBB2-mediated cellular proliferation","6","Functionally normal","","","NA","CRISPR-Based Genome Editing","Base editing","33606977"
"NM_004448.4(ERBB2):c.3753G>A (p.Leu1251=)","chr17","39728029","G/A","ERBB2","0.508","dataset0529","Synonymous","Neutral to the ERBB2-mediated cellular proliferation in HA1E","ERBB2-mediated cellular proliferation","6","Functionally normal","","","NA","CRISPR-Based Genome Editing","Base editing","33606977"
"NM_004448.4(ERBB2):c.3754G>A (p.Asp1252Asn)","chr17","39728030","G/A","ERBB2","0.508","dataset0529","Missense","Neutral to the ERBB2-mediated cellular proliferation in HA1E","ERBB2-mediated cellular proliferation","6","Functionally normal","Uncertain significance","3.13764e-05","NA","CRISPR-Based Genome Editing","Base editing","33606977"
"NM_004448.4(ERBB2):c.3763G>A (p.Val1255Met)","chr17","39728039","G/A","ERBB2","0.311","dataset0529","Missense","Neutral to the ERBB2-mediated cellular proliferation in HA1E","ERBB2-mediated cellular proliferation","6","Functionally normal","","","NA","CRISPR-Based Genome Editing","Base editing","33606977"
"NM_004448.4(ERBB2):c.*8G>A","chr17","39728052","G/A","ERBB2","-1.215","dataset0529","UTR","Neutral to the ERBB2-mediated cellular proliferation in HA1E","ERBB2-mediated cellular proliferation","6","Functionally normal","","0","NA","CRISPR-Based Genome Editing","Base editing","33606977"
"NM_004448.4(ERBB2):c.15C>T (p.Ala5=)","chr17","39700253","C/T","ERBB2","1.759","dataset0530","Synonymous","Neutral to the ERBB2-mediated cellular proliferation in HAP1","ERBB2-mediated cellular proliferation","6","Functionally normal","","0","NA","CRISPR-Based Genome Editing","Base editing","33606977"
"NM_004448.4(ERBB2):c.18G>A (p.Leu6=)","chr17","39700256","G/A","ERBB2","-0.012","dataset0530","Synonymous","Neutral to the ERBB2-mediated cellular proliferation in HAP1","ERBB2-mediated cellular proliferation","6","Functionally normal","","0","NA","CRISPR-Based Genome Editing","Base editing","33606977"
"NM_004448.4(ERBB2):c.29G>A (p.Gly10Glu)","chr17","39700267","G/A","ERBB2","1.11","dataset0530","Missense","Neutral to the ERBB2-mediated cellular proliferation in HAP1","ERBB2-mediated cellular proliferation","6","Functionally normal","","0","NA","CRISPR-Based Genome Editing","Base editing","33606977"
"NM_004448.4(ERBB2):c.55G>A (p.Gly19Arg)","chr17","39700293","G/A","ERBB2","1.387","dataset0530","Missense","Neutral to the ERBB2-mediated cellular proliferation in HAP1","ERBB2-mediated cellular proliferation","6","Functionally normal","","2.10183e-06","NA","CRISPR-Based Genome Editing","Base editing","33606977"
"NM_004448.4(ERBB2):c.56G>A (p.Gly19Glu)","chr17","39700294","G/A","ERBB2","1.378","dataset0530","Missense","Neutral to the ERBB2-mediated cellular proliferation in HAP1","ERBB2-mediated cellular proliferation","6","Functionally normal","","","NA","CRISPR-Based Genome Editing","Base editing","33606977"
"NM_004448.4(ERBB2):c.60C>T (p.Ala20=)","chr17","39700298","C/T","ERBB2","0.649","dataset0530","Synonymous","Neutral to the ERBB2-mediated cellular proliferation in HAP1","ERBB2-mediated cellular proliferation","6","Functionally normal","","9.11471e-06","NA","CRISPR-Based Genome Editing","Base editing","33606977"
"NM_004448.4(ERBB2):c.73+1G>A","chr17","39700312","G/A","ERBB2","1.328","dataset0530","Splice site","Neutral to the ERBB2-mediated cellular proliferation in HAP1","ERBB2-mediated cellular proliferation","6","Functionally normal","","0","NA","CRISPR-Based Genome Editing","Base editing","33606977"
"NM_004448.4(ERBB2):c.73+3G>A","chr17","39700314","G/A","ERBB2","1.328","dataset0530","Splice site","Neutral to the ERBB2-mediated cellular proliferation in HAP1","ERBB2-mediated cellular proliferation","6","Functionally normal","Uncertain significance","1.84512e-05","NA","CRISPR-Based Genome Editing","Base editing","33606977"
"NM_004448.4(ERBB2):c.73+4G>A","chr17","39700315","G/A","ERBB2","1.328","dataset0530","Splice site","Neutral to the ERBB2-mediated cellular proliferation in HAP1","ERBB2-mediated cellular proliferation","6","Functionally normal","","1.42278e-06","NA","CRISPR-Based Genome Editing","Base editing","33606977"
"NM_004448.4(ERBB2):c.73+5G>A","chr17","39700316","G/A","ERBB2","1.328","dataset0530","Splice site","Neutral to the ERBB2-mediated cellular proliferation in HAP1","ERBB2-mediated cellular proliferation","6","Functionally normal","","3.55528e-06","NA","CRISPR-Based Genome Editing","Base editing","33606977"
"NM_004448.4(ERBB2):c.86C>T (p.Thr29Ile)","chr17","39707002","C/T","ERBB2","0.739","dataset0530","Missense","Neutral to the ERBB2-mediated cellular proliferation in HAP1","ERBB2-mediated cellular proliferation","6","Functionally normal","","","NA","CRISPR-Based Genome Editing","Base editing","33606977"
"NM_004448.4(ERBB2):c.88G>A (p.Asp30Asn)","chr17","39707004","G/A","ERBB2","0.778","dataset0530","Missense","Neutral to the ERBB2-mediated cellular proliferation in HAP1","ERBB2-mediated cellular proliferation","6","Functionally normal","","","NA","CRISPR-Based Genome Editing","Base editing","33606977"
"NM_004448.4(ERBB2):c.111C>T (p.Ala37=)","chr17","39707027","C/T","ERBB2","1.295","dataset0530","Synonymous","Neutral to the ERBB2-mediated cellular proliferation in HAP1","ERBB2-mediated cellular proliferation","6","Functionally normal","","","NA","CRISPR-Based Genome Editing","Base editing","33606977"
"NM_004448.4(ERBB2):c.115C>T (p.Pro39Ser)","chr17","39707031","C/T","ERBB2","1.295","dataset0530","Missense","Neutral to the ERBB2-mediated cellular proliferation in HAP1","ERBB2-mediated cellular proliferation","6","Functionally normal","","","NA","CRISPR-Based Genome Editing","Base editing","33606977"
"NM_004448.4(ERBB2):c.120G>A (p.Glu40=)","chr17","39707036","G/A","ERBB2","0.615","dataset0530","Synonymous","Neutral to the ERBB2-mediated cellular proliferation in HAP1","ERBB2-mediated cellular proliferation","6","Functionally normal","","","NA","CRISPR-Based Genome Editing","Base editing","33606977"
"NM_004448.4(ERBB2):c.129G>A (p.Leu43=)","chr17","39707045","G/A","ERBB2","-0.262","dataset0530","Synonymous","Neutral to the ERBB2-mediated cellular proliferation in HAP1","ERBB2-mediated cellular proliferation","6","Functionally normal","","","NA","CRISPR-Based Genome Editing","Base editing","33606977"
"NM_004448.4(ERBB2):c.130G>A (p.Asp44Asn)","chr17","39707046","G/A","ERBB2","1.117","dataset0530","Missense","Neutral to the ERBB2-mediated cellular proliferation in HAP1","ERBB2-mediated cellular proliferation","6","Functionally normal","","1.24417e-06","NA","CRISPR-Based Genome Editing","Base editing","33606977"
"NM_004448.4(ERBB2):c.138C>T (p.Leu46=)","chr17","39707054","C/T","ERBB2","-2.22","dataset0530","Synonymous","The reduced ERBB2-mediated cellular proliferation in HAP1","ERBB2-mediated cellular proliferation","6","Loss-of-function","","1.24361e-06","NA","CRISPR-Based Genome Editing","Base editing","33606977"
"NM_004448.4(ERBB2):c.139C>T (p.Arg47Cys)","chr17","39707055","C/T","ERBB2","-2.22","dataset0530","Missense","The reduced ERBB2-mediated cellular proliferation in HAP1","ERBB2-mediated cellular proliferation","6","Loss-of-function","","8.08103e-06","NA","CRISPR-Based Genome Editing","Base editing","33606977"
"NM_004448.4(ERBB2):c.144C>T (p.His48=)","chr17","39707060","C/T","ERBB2","-0.452","dataset0530","Synonymous","Neutral to the ERBB2-mediated cellular proliferation in HAP1","ERBB2-mediated cellular proliferation","6","Functionally normal","","1.86488e-06","NA","CRISPR-Based Genome Editing","Base editing","33606977"
"NM_004448.4(ERBB2):c.147C>T (p.Leu49=)","chr17","39707063","C/T","ERBB2","-1.238","dataset0530","Synonymous","Neutral to the ERBB2-mediated cellular proliferation in HAP1","ERBB2-mediated cellular proliferation","6","Functionally normal","","","NA","CRISPR-Based Genome Editing","Base editing","33606977"
"NM_004448.4(ERBB2):c.150C>T (p.Tyr50=)","chr17","39707066","C/T","ERBB2","-1.238","dataset0530","Synonymous","Neutral to the ERBB2-mediated cellular proliferation in HAP1","ERBB2-mediated cellular proliferation","6","Functionally normal","","1.86561e-06","NA","CRISPR-Based Genome Editing","Base editing","33606977"
"NM_004448.4(ERBB2):c.151C>T (p.Gln51Ter)","chr17","39707067","C/T","ERBB2","-1.238","dataset0530","Nonsense","Neutral to the ERBB2-mediated cellular proliferation in HAP1","ERBB2-mediated cellular proliferation","6","Functionally normal","","","NA","CRISPR-Based Genome Editing","Base editing","33606977"
"NM_004448.4(ERBB2):c.153G>A (p.Gln51=)","chr17","39707069","G/A","ERBB2","0.706","dataset0530","Synonymous","Neutral to the ERBB2-mediated cellular proliferation in HAP1","ERBB2-mediated cellular proliferation","6","Functionally normal","","","NA","CRISPR-Based Genome Editing","Base editing","33606977"
"NM_004448.4(ERBB2):c.154G>A (p.Gly52Ser)","chr17","39707070","G/A","ERBB2","0.706","dataset0530","Missense","Neutral to the ERBB2-mediated cellular proliferation in HAP1","ERBB2-mediated cellular proliferation","6","Functionally normal","","6.22355e-07","NA","CRISPR-Based Genome Editing","Base editing","33606977"
"NM_004448.4(ERBB2):c.162G>A (p.Gln54=)","chr17","39707078","G/A","ERBB2","0.761","dataset0530","Synonymous","Neutral to the ERBB2-mediated cellular proliferation in HAP1","ERBB2-mediated cellular proliferation","6","Functionally normal","","","NA","CRISPR-Based Genome Editing","Base editing","33606977"
"NM_004448.4(ERBB2):c.163G>A (p.Val55Met)","chr17","39707079","G/A","ERBB2","0.761","dataset0530","Missense","Neutral to the ERBB2-mediated cellular proliferation in HAP1","ERBB2-mediated cellular proliferation","6","Functionally normal","","","NA","CRISPR-Based Genome Editing","Base editing","33606977"
"NM_004448.4(ERBB2):c.165G>A (p.Val55=)","chr17","39707081","G/A","ERBB2","0.061","dataset0530","Synonymous","Neutral to the ERBB2-mediated cellular proliferation in HAP1","ERBB2-mediated cellular proliferation","6","Functionally normal","","6.22556e-07","NA","CRISPR-Based Genome Editing","Base editing","33606977"
"NM_004448.4(ERBB2):c.166G>A (p.Val56Met)","chr17","39707082","G/A","ERBB2","0.061","dataset0530","Missense","Neutral to the ERBB2-mediated cellular proliferation in HAP1","ERBB2-mediated cellular proliferation","6","Functionally normal","","","NA","CRISPR-Based Genome Editing","Base editing","33606977"
"NM_004448.4(ERBB2):c.207C>T (p.Ala69=)","chr17","39707123","C/T","ERBB2","-0.614","dataset0530","Synonymous","Neutral to the ERBB2-mediated cellular proliferation in HAP1","ERBB2-mediated cellular proliferation","6","Functionally normal","","","NA","CRISPR-Based Genome Editing","Base editing","33606977"
"NM_004448.4(ERBB2):c.211C>T (p.Leu71=)","chr17","39707127","C/T","ERBB2","-0.614","dataset0530","Synonymous","Neutral to the ERBB2-mediated cellular proliferation in HAP1","ERBB2-mediated cellular proliferation","6","Functionally normal","","","NA","CRISPR-Based Genome Editing","Base editing","33606977"
"NM_004448.4(ERBB2):c.213G>A (p.Leu71=)","chr17","39707129","G/A","ERBB2","-0.06","dataset0530","Synonymous","Neutral to the ERBB2-mediated cellular proliferation in HAP1","ERBB2-mediated cellular proliferation","6","Functionally normal","","0","NA","CRISPR-Based Genome Editing","Base editing","33606977"
"NM_004448.4(ERBB2):c.225G>A (p.Gln75=)","chr17","39707141","G/A","ERBB2","-1.202","dataset0530","Splice site","Neutral to the ERBB2-mediated cellular proliferation in HAP1","ERBB2-mediated cellular proliferation","6","Functionally normal","","","NA","CRISPR-Based Genome Editing","Base editing","33606977"
"NM_004448.4(ERBB2):c.225+1G>A","chr17","39707142","G/A","ERBB2","-1.202","dataset0530","Splice site","Neutral to the ERBB2-mediated cellular proliferation in HAP1","ERBB2-mediated cellular proliferation","6","Functionally normal","","","NA","CRISPR-Based Genome Editing","Base editing","33606977"
"NM_004448.4(ERBB2):c.225+3G>A","chr17","39707144","G/A","ERBB2","-1.202","dataset0530","Splice site","Neutral to the ERBB2-mediated cellular proliferation in HAP1","ERBB2-mediated cellular proliferation","6","Functionally normal","Uncertain significance","1.85709e-05","NA","CRISPR-Based Genome Editing","Base editing","33606977"
"NM_004448.4(ERBB2):c.225+5G>A","chr17","39707146","G/A","ERBB2","0.597","dataset0530","Splice site","Neutral to the ERBB2-mediated cellular proliferation in HAP1","ERBB2-mediated cellular proliferation","6","Functionally normal","","0","NA","CRISPR-Based Genome Editing","Base editing","33606977"
"NM_004448.4(ERBB2):c.226-10C>T","chr17","39708311","C/T","ERBB2","-0.969","dataset0530","Splice site","Neutral to the ERBB2-mediated cellular proliferation in HAP1","ERBB2-mediated cellular proliferation","6","Functionally normal","","1.86352e-06","NA","CRISPR-Based Genome Editing","Base editing","33606977"
"NM_004448.4(ERBB2):c.226-9C>T","chr17","39708312","C/T","ERBB2","-0.969","dataset0530","Splice site","Neutral to the ERBB2-mediated cellular proliferation in HAP1","ERBB2-mediated cellular proliferation","6","Functionally normal","","1.24282e-06","NA","CRISPR-Based Genome Editing","Base editing","33606977"
"NM_004448.4(ERBB2):c.226-8C>T","chr17","39708313","C/T","ERBB2","-0.969","dataset0530","Splice site","Neutral to the ERBB2-mediated cellular proliferation in HAP1","ERBB2-mediated cellular proliferation","6","Functionally normal","","6.20882e-07","NA","CRISPR-Based Genome Editing","Base editing","33606977"
"NM_004448.4(ERBB2):c.226-7C>T","chr17","39708314","C/T","ERBB2","-1.45","dataset0530","Splice site","Neutral to the ERBB2-mediated cellular proliferation in HAP1","ERBB2-mediated cellular proliferation","6","Functionally normal","Likely benign","1.8002e-05","NA","CRISPR-Based Genome Editing","Base editing","33606977"
"NM_004448.4(ERBB2):c.226-5C>T","chr17","39708316","C/T","ERBB2","-1.45","dataset0530","Splice site","Neutral to the ERBB2-mediated cellular proliferation in HAP1","ERBB2-mediated cellular proliferation","6","Functionally normal","Likely benign","1.4274e-05","NA","CRISPR-Based Genome Editing","Base editing","33606977"
"NM_004448.4(ERBB2):c.226-4C>T","chr17","39708317","C/T","ERBB2","-1.45","dataset0530","Splice site","Neutral to the ERBB2-mediated cellular proliferation in HAP1","ERBB2-mediated cellular proliferation","6","Functionally normal","","1.24104e-06","NA","CRISPR-Based Genome Editing","Base editing","33606977"
"NM_004448.4(ERBB2):c.226-3C>T","chr17","39708318","C/T","ERBB2","-1.45","dataset0530","Splice site","Neutral to the ERBB2-mediated cellular proliferation in HAP1","ERBB2-mediated cellular proliferation","6","Functionally normal","","6.20729e-07","NA","CRISPR-Based Genome Editing","Base editing","33606977"
"NM_004448.4(ERBB2):c.237G>A (p.Glu79=)","chr17","39708332","G/A","ERBB2","-1.06","dataset0530","Synonymous","Neutral to the ERBB2-mediated cellular proliferation in HAP1","ERBB2-mediated cellular proliferation","6","Functionally normal","","","NA","CRISPR-Based Genome Editing","Base editing","33606977"
"NM_004448.4(ERBB2):c.238G>A (p.Val80Met)","chr17","39708333","G/A","ERBB2","-1.06","dataset0530","Missense","Neutral to the ERBB2-mediated cellular proliferation in HAP1","ERBB2-mediated cellular proliferation","6","Functionally normal","","","NA","CRISPR-Based Genome Editing","Base editing","33606977"
"NM_004448.4(ERBB2):c.250G>A (p.Val84Met)","chr17","39708345","G/A","ERBB2","-0.455","dataset0530","Missense","Neutral to the ERBB2-mediated cellular proliferation in HAP1","ERBB2-mediated cellular proliferation","6","Functionally normal","Uncertain significance","4.64642e-05","NA","CRISPR-Based Genome Editing","Base editing","33606977"
"NM_004448.4(ERBB2):c.258C>T (p.Ile86=)","chr17","39708353","C/T","ERBB2","0.47","dataset0530","Synonymous","Neutral to the ERBB2-mediated cellular proliferation in HAP1","ERBB2-mediated cellular proliferation","6","Functionally normal","Likely benign","0.00026206","NA","CRISPR-Based Genome Editing","Base editing","33606977"
"NM_004448.4(ERBB2):c.282C>T (p.Val94=)","chr17","39708377","C/T","ERBB2","0.903","dataset0530","Synonymous","Neutral to the ERBB2-mediated cellular proliferation in HAP1","ERBB2-mediated cellular proliferation","6","Functionally normal","","","NA","CRISPR-Based Genome Editing","Base editing","33606977"
"NM_004448.4(ERBB2):c.283_284delinsTT (p.Pro95Leu)","chr17","39708378","CC/TT","ERBB2","0.903","dataset0530","Missense","Neutral to the ERBB2-mediated cellular proliferation in HAP1","ERBB2-mediated cellular proliferation","6","Functionally normal","","","NA","CRISPR-Based Genome Editing","Base editing","33606977"
"NM_004448.4(ERBB2):c.299_300delinsAA (p.Arg100Gln)","chr17","39708394","GG/AA","ERBB2","0.015","dataset0530","Missense","Neutral to the ERBB2-mediated cellular proliferation in HAP1","ERBB2-mediated cellular proliferation","6","Functionally normal","","","NA","CRISPR-Based Genome Editing","Base editing","33606977"
"NM_004448.4(ERBB2):c.340C>T (p.Leu114=)","chr17","39708435","C/T","ERBB2","0.028","dataset0530","Synonymous","Neutral to the ERBB2-mediated cellular proliferation in HAP1","ERBB2-mediated cellular proliferation","6","Functionally normal","Likely benign","3.71722e-06","NA","CRISPR-Based Genome Editing","Base editing","33606977"
"NM_004448.4(ERBB2):c.358G>A (p.Gly120Arg)","chr17","39708453","G/A","ERBB2","-1.655","dataset0530","Missense","Neutral to the ERBB2-mediated cellular proliferation in HAP1","ERBB2-mediated cellular proliferation","6","Functionally normal","","","NA","CRISPR-Based Genome Editing","Base editing","33606977"
"NM_004448.4(ERBB2):c.359G>A (p.Gly120Glu)","chr17","39708454","G/A","ERBB2","-1.124","dataset0530","Missense","Neutral to the ERBB2-mediated cellular proliferation in HAP1","ERBB2-mediated cellular proliferation","6","Functionally normal","","","NA","CRISPR-Based Genome Editing","Base editing","33606977"
"NM_004448.4(ERBB2):c.361G>A (p.Asp121Asn)","chr17","39708456","G/A","ERBB2","-1.124","dataset0530","Missense","Neutral to the ERBB2-mediated cellular proliferation in HAP1","ERBB2-mediated cellular proliferation","6","Functionally normal","","6.19513e-07","NA","CRISPR-Based Genome Editing","Base editing","33606977"
"NM_004448.4(ERBB2):c.377_378delinsTT (p.Thr126Ile)","chr17","39708472","CC/TT","ERBB2","-1.361","dataset0530","Missense","Neutral to the ERBB2-mediated cellular proliferation in HAP1","ERBB2-mediated cellular proliferation","6","Functionally normal","","","NA","CRISPR-Based Genome Editing","Base editing","33606977"
"NM_004448.4(ERBB2):c.377C>T (p.Thr126Ile)","chr17","39708472","C/T","ERBB2","-0.137","dataset0530","Missense","Neutral to the ERBB2-mediated cellular proliferation in HAP1","ERBB2-mediated cellular proliferation","6","Functionally normal","","2.47806e-06","NA","CRISPR-Based Genome Editing","Base editing","33606977"
"NM_004448.4(ERBB2):c.387C>T (p.Val129=)","chr17","39708482","C/T","ERBB2","0.125","dataset0530","Synonymous","Neutral to the ERBB2-mediated cellular proliferation in HAP1","ERBB2-mediated cellular proliferation","6","Functionally normal","","","NA","CRISPR-Based Genome Editing","Base editing","33606977"
"NM_004448.4(ERBB2):c.389C>T (p.Thr130Ile)","chr17","39708484","C/T","ERBB2","-1.097","dataset0530","Missense","Neutral to the ERBB2-mediated cellular proliferation in HAP1","ERBB2-mediated cellular proliferation","6","Functionally normal","","6.19514e-07","NA","CRISPR-Based Genome Editing","Base editing","33606977"
"NM_004448.4(ERBB2):c.392_393delinsAA (p.Gly131Glu)","chr17","39708487","GG/AA","ERBB2","0.149","dataset0530","Missense","Neutral to the ERBB2-mediated cellular proliferation in HAP1","ERBB2-mediated cellular proliferation","6","Functionally normal","","","NA","CRISPR-Based Genome Editing","Base editing","33606977"
"NM_004448.4(ERBB2):c.396C>T (p.Ala132=)","chr17","39708491","C/T","ERBB2","1.038","dataset0530","Synonymous","Neutral to the ERBB2-mediated cellular proliferation in HAP1","ERBB2-mediated cellular proliferation","6","Functionally normal","Likely benign","1.23911e-06","NA","CRISPR-Based Genome Editing","Base editing","33606977"
"NM_004448.4(ERBB2):c.398_399delinsTT (p.Ser133Phe)","chr17","39708493","CC/TT","ERBB2","1.038","dataset0530","Missense","Neutral to the ERBB2-mediated cellular proliferation in HAP1","ERBB2-mediated cellular proliferation","6","Functionally normal","","","NA","CRISPR-Based Genome Editing","Base editing","33606977"
"NM_004448.4(ERBB2):c.413_414delinsAA (p.Arg138Gln)","chr17","39708508","GG/AA","ERBB2","-2.77","dataset0530","Missense","The reduced ERBB2-mediated cellular proliferation in HAP1","ERBB2-mediated cellular proliferation","6","Loss-of-function","","","NA","CRISPR-Based Genome Editing","Base editing","33606977"
"NM_004448.4(ERBB2):c.414G>A (p.Arg138=)","chr17","39708509","G/A","ERBB2","1.257","dataset0530","Synonymous","Neutral to the ERBB2-mediated cellular proliferation in HAP1","ERBB2-mediated cellular proliferation","6","Functionally normal","","6.19564e-07","NA","CRISPR-Based Genome Editing","Base editing","33606977"
"NM_004448.4(ERBB2):c.415G>A (p.Glu139Lys)","chr17","39708510","G/A","ERBB2","0.133","dataset0530","Missense","Neutral to the ERBB2-mediated cellular proliferation in HAP1","ERBB2-mediated cellular proliferation","6","Functionally normal","","","skcm:0.2% (1/448):0.400","CRISPR-Based Genome Editing","Base editing","33606977"
"NM_004448.4(ERBB2):c.427C>T (p.Arg143Ter)","chr17","39708522","C/T","ERBB2","-0.082","dataset0530","Nonsense","Neutral to the ERBB2-mediated cellular proliferation in HAP1","ERBB2-mediated cellular proliferation","6","Functionally normal","","1.85891e-06","NA","CRISPR-Based Genome Editing","Base editing","33606977"
"NM_004448.4(ERBB2):c.440-7C>T","chr17","39709311","C/T","ERBB2","-1.914","dataset0530","Splice site","Neutral to the ERBB2-mediated cellular proliferation in HAP1","ERBB2-mediated cellular proliferation","6","Functionally normal","","1.05324e-05","NA","CRISPR-Based Genome Editing","Base editing","33606977"
"NM_004448.4(ERBB2):c.440-6C>T","chr17","39709312","C/T","ERBB2","-1.914","dataset0530","Splice site","Neutral to the ERBB2-mediated cellular proliferation in HAP1","ERBB2-mediated cellular proliferation","6","Functionally normal","","6.19537e-07","NA","CRISPR-Based Genome Editing","Base editing","33606977"
"NM_004448.4(ERBB2):c.440-5C>T","chr17","39709313","C/T","ERBB2","-1.914","dataset0530","Splice site","Neutral to the ERBB2-mediated cellular proliferation in HAP1","ERBB2-mediated cellular proliferation","6","Functionally normal","Likely benign","1.8587e-06","NA","CRISPR-Based Genome Editing","Base editing","33606977"
"NM_004448.4(ERBB2):c.440-3C>T","chr17","39709315","C/T","ERBB2","-1.914","dataset0530","Splice site","Neutral to the ERBB2-mediated cellular proliferation in HAP1","ERBB2-mediated cellular proliferation","6","Functionally normal","","","NA","CRISPR-Based Genome Editing","Base editing","33606977"
"NM_004448.4(ERBB2):c.451_452delinsAA (p.Gly151Lys)","chr17","39709329","GG/AA","ERBB2","-0.03","dataset0530","Missense","Neutral to the ERBB2-mediated cellular proliferation in HAP1","ERBB2-mediated cellular proliferation","6","Functionally normal","","","NA","CRISPR-Based Genome Editing","Base editing","33606977"
"NM_004448.4(ERBB2):c.474C>T (p.Asn158=)","chr17","39709352","C/T","ERBB2","-0.796","dataset0530","Synonymous","Neutral to the ERBB2-mediated cellular proliferation in HAP1","ERBB2-mediated cellular proliferation","6","Functionally normal","Likely benign","3.71731e-06","NA","CRISPR-Based Genome Editing","Base editing","33606977"
"NM_004448.4(ERBB2):c.475_477delinsTTT (p.Pro159Phe)","chr17","39709353","CCC/TTT","ERBB2","-0.796","dataset0530","Missense","Neutral to the ERBB2-mediated cellular proliferation in HAP1","ERBB2-mediated cellular proliferation","6","Functionally normal","","","NA","CRISPR-Based Genome Editing","Base editing","33606977"
"NM_004448.4(ERBB2):c.478C>T (p.Gln160Ter)","chr17","39709356","C/T","ERBB2","-0.796","dataset0530","Nonsense","Neutral to the ERBB2-mediated cellular proliferation in HAP1","ERBB2-mediated cellular proliferation","6","Functionally normal","","","NA","CRISPR-Based Genome Editing","Base editing","33606977"
"NM_004448.4(ERBB2):c.492G>A (p.Gln164=)","chr17","39709370","G/A","ERBB2","-0.302","dataset0530","Synonymous","Neutral to the ERBB2-mediated cellular proliferation in HAP1","ERBB2-mediated cellular proliferation","6","Functionally normal","","6.19599e-07","NA","CRISPR-Based Genome Editing","Base editing","33606977"
"NM_004448.4(ERBB2):c.493G>A (p.Asp165Asn)","chr17","39709371","G/A","ERBB2","-0.302","dataset0530","Missense","Neutral to the ERBB2-mediated cellular proliferation in HAP1","ERBB2-mediated cellular proliferation","6","Functionally normal","","","NA","CRISPR-Based Genome Editing","Base editing","33606977"
"NM_004448.4(ERBB2):c.504G>A (p.Leu168=)","chr17","39709382","G/A","ERBB2","0.691","dataset0530","Synonymous","Neutral to the ERBB2-mediated cellular proliferation in HAP1","ERBB2-mediated cellular proliferation","6","Functionally normal","","","NA","CRISPR-Based Genome Editing","Base editing","33606977"
"NM_004448.4(ERBB2):c.506_507delinsAA (p.Trp169Ter)","chr17","39709384","GG/AA","ERBB2","0.691","dataset0530","Nonsense","Neutral to the ERBB2-mediated cellular proliferation in HAP1","ERBB2-mediated cellular proliferation","6","Functionally normal","","","NA","CRISPR-Based Genome Editing","Base editing","33606977"
"NM_004448.4(ERBB2):c.519C>T (p.Phe173=)","chr17","39709397","C/T","ERBB2","-0.799","dataset0530","Synonymous","Neutral to the ERBB2-mediated cellular proliferation in HAP1","ERBB2-mediated cellular proliferation","6","Functionally normal","","","NA","CRISPR-Based Genome Editing","Base editing","33606977"
"NM_004448.4(ERBB2):c.537G>A (p.Leu179=)","chr17","39709415","G/A","ERBB2","0.379","dataset0530","Synonymous","Neutral to the ERBB2-mediated cellular proliferation in HAP1","ERBB2-mediated cellular proliferation","6","Functionally normal","","5.57638e-06","NA","CRISPR-Based Genome Editing","Base editing","33606977"
"NM_004448.4(ERBB2):c.549G>A (p.Leu183=)","chr17","39709427","G/A","ERBB2","-0.643","dataset0530","Synonymous","Neutral to the ERBB2-mediated cellular proliferation in HAP1","ERBB2-mediated cellular proliferation","6","Functionally normal","","","NA","CRISPR-Based Genome Editing","Base editing","33606977"
"NM_004448.4(ERBB2):c.555C>T (p.Asp185=)","chr17","39709433","C/T","ERBB2","-1.33","dataset0530","Synonymous","Neutral to the ERBB2-mediated cellular proliferation in HAP1","ERBB2-mediated cellular proliferation","6","Functionally normal","","6.19526e-07","NA","CRISPR-Based Genome Editing","Base editing","33606977"
"NM_004448.4(ERBB2):c.582C>T (p.Pro194=)","chr17","39709820","C/T","ERBB2","0.082","dataset0530","Synonymous","Neutral to the ERBB2-mediated cellular proliferation in HAP1","ERBB2-mediated cellular proliferation","6","Functionally normal","","1.85957e-06","NA","CRISPR-Based Genome Editing","Base editing","33606977"
"NM_004448.4(ERBB2):c.587C>T (p.Ser196Phe)","chr17","39709825","C/T","ERBB2","-0.479","dataset0530","Missense","Neutral to the ERBB2-mediated cellular proliferation in HAP1","ERBB2-mediated cellular proliferation","6","Functionally normal","","6.19839e-07","blca:0.2% (1/411):0.250","CRISPR-Based Genome Editing","Base editing","33606977"
"NM_004448.4(ERBB2):c.591G>A (p.Pro197=)","chr17","39709829","G/A","ERBB2","-0.094","dataset0530","Synonymous","Neutral to the ERBB2-mediated cellular proliferation in HAP1","ERBB2-mediated cellular proliferation","6","Functionally normal","Likely benign","1.17771e-05","NA","CRISPR-Based Genome Editing","Base editing","33606977"
"NM_004448.4(ERBB2):c.594G>A (p.Met198Ile)","chr17","39709832","G/A","ERBB2","-2.088","dataset0530","Missense","The reduced ERBB2-mediated cellular proliferation in HAP1","ERBB2-mediated cellular proliferation","6","Loss-of-function","Uncertain significance","1.54961e-05","NA","CRISPR-Based Genome Editing","Base editing","33606977"
"NM_004448.4(ERBB2):c.596G>A (p.Cys199Tyr)","chr17","39709834","G/A","ERBB2","-2.088","dataset0530","Missense","The reduced ERBB2-mediated cellular proliferation in HAP1","ERBB2-mediated cellular proliferation","6","Loss-of-function","","","NA","CRISPR-Based Genome Editing","Base editing","33606977"
"NM_004448.4(ERBB2):c.600G>A (p.Lys200=)","chr17","39709838","G/A","ERBB2","-0.952","dataset0530","Synonymous","Neutral to the ERBB2-mediated cellular proliferation in HAP1","ERBB2-mediated cellular proliferation","6","Functionally normal","","","NA","CRISPR-Based Genome Editing","Base editing","33606977"
"NM_004448.4(ERBB2):c.621G>A (p.Glu207=)","chr17","39709859","G/A","ERBB2","-1.329","dataset0530","Synonymous","Neutral to the ERBB2-mediated cellular proliferation in HAP1","ERBB2-mediated cellular proliferation","6","Functionally normal","","","NA","CRISPR-Based Genome Editing","Base editing","33606977"
"NM_004448.4(ERBB2):c.623G>A (p.Ser208Asn)","chr17","39709861","G/A","ERBB2","-1.329","dataset0530","Missense","Neutral to the ERBB2-mediated cellular proliferation in HAP1","ERBB2-mediated cellular proliferation","6","Functionally normal","","2.479e-06","NA","CRISPR-Based Genome Editing","Base editing","33606977"
"NM_004448.4(ERBB2):c.647C>T (p.Thr216Met)","chr17","39710089","C/T","ERBB2","0.475","dataset0530","Missense","Neutral to the ERBB2-mediated cellular proliferation in HAP1","ERBB2-mediated cellular proliferation","6","Functionally normal","Uncertain significance","2.49088e-05","NA","CRISPR-Based Genome Editing","Base editing","33606977"
"NM_004448.4(ERBB2):c.653C>T (p.Thr218Ile)","chr17","39710095","C/T","ERBB2","1.478","dataset0530","Missense","Neutral to the ERBB2-mediated cellular proliferation in HAP1","ERBB2-mediated cellular proliferation","6","Functionally normal","","6.21973e-07","NA","CRISPR-Based Genome Editing","Base editing","33606977"
"NM_004448.4(ERBB2):c.709C>T (p.His237Tyr)","chr17","39710151","C/T","ERBB2","0.737","dataset0530","Missense","Neutral to the ERBB2-mediated cellular proliferation in HAP1","ERBB2-mediated cellular proliferation","6","Functionally normal","","1.86036e-06","NA","CRISPR-Based Genome Editing","Base editing","33606977"
"NM_004448.4(ERBB2):c.712G>A (p.Glu238Lys)","chr17","39710154","G/A","ERBB2","0.905","dataset0530","Missense","Neutral to the ERBB2-mediated cellular proliferation in HAP1","ERBB2-mediated cellular proliferation","6","Functionally normal","","","NA","CRISPR-Based Genome Editing","Base editing","33606977"
"NM_004448.4(ERBB2):c.727G>A (p.Gly243Ser)","chr17","39710169","G/A","ERBB2","0.372","dataset0530","Missense","Neutral to the ERBB2-mediated cellular proliferation in HAP1","ERBB2-mediated cellular proliferation","6","Functionally normal","Uncertain significance","0.000128981","NA","CRISPR-Based Genome Editing","Base editing","33606977"
"NM_004448.4(ERBB2):c.741C>T (p.Pro247=)","chr17","39710183","C/T","ERBB2","-0.675","dataset0530","Synonymous","Neutral to the ERBB2-mediated cellular proliferation in HAP1","ERBB2-mediated cellular proliferation","6","Functionally normal","","0","NA","CRISPR-Based Genome Editing","Base editing","33606977"
"NM_004448.4(ERBB2):c.759G>A (p.Leu253=)","chr17","39710201","G/A","ERBB2","1.138","dataset0530","Splice site","Neutral to the ERBB2-mediated cellular proliferation in HAP1","ERBB2-mediated cellular proliferation","6","Functionally normal","","6.20215e-07","NA","CRISPR-Based Genome Editing","Base editing","33606977"
"NM_004448.4(ERBB2):c.769C>T (p.His257Tyr)","chr17","39710349","C/T","ERBB2","-1.566","dataset0530","Missense","Neutral to the ERBB2-mediated cellular proliferation in HAP1","ERBB2-mediated cellular proliferation","6","Functionally normal","Uncertain significance","","NA","CRISPR-Based Genome Editing","Base editing","33606977"
"NM_004448.4(ERBB2):c.782G>A (p.Ser261Asn)","chr17","39710362","G/A","ERBB2","1.113","dataset0530","Missense","Neutral to the ERBB2-mediated cellular proliferation in HAP1","ERBB2-mediated cellular proliferation","6","Functionally normal","","","NA","CRISPR-Based Genome Editing","Base editing","33606977"
"NM_004448.4(ERBB2):c.784G>A (p.Gly262Ser)","chr17","39710364","G/A","ERBB2","0.421","dataset0530","Missense","Neutral to the ERBB2-mediated cellular proliferation in HAP1","ERBB2-mediated cellular proliferation","6","Functionally normal","","","NA","CRISPR-Based Genome Editing","Base editing","33606977"
"NM_004448.4(ERBB2):c.793G>A (p.Glu265Lys)","chr17","39710373","G/A","ERBB2","0.454","dataset0530","Missense","Neutral to the ERBB2-mediated cellular proliferation in HAP1","ERBB2-mediated cellular proliferation","6","Functionally normal","","","NA","CRISPR-Based Genome Editing","Base editing","33606977"
"NM_004448.4(ERBB2):c.829G>A (p.Asp277Asn)","chr17","39710409","G/A","ERBB2","0.584","dataset0530","Missense","Neutral to the ERBB2-mediated cellular proliferation in HAP1","ERBB2-mediated cellular proliferation","6","Functionally normal","","","NA","CRISPR-Based Genome Editing","Base editing","33606977"
"NM_004448.4(ERBB2):c.834G>A (p.Thr278=)","chr17","39710414","G/A","ERBB2","0.929","dataset0530","Synonymous","Neutral to the ERBB2-mediated cellular proliferation in HAP1","ERBB2-mediated cellular proliferation","6","Functionally normal","","2.4781e-06","NA","CRISPR-Based Genome Editing","Base editing","33606977"
"NM_004448.4(ERBB2):c.842_843delinsTT (p.Ser281Phe)","chr17","39710422","CC/TT","ERBB2","-0.794","dataset0530","Missense","Neutral to the ERBB2-mediated cellular proliferation in HAP1","ERBB2-mediated cellular proliferation","6","Functionally normal","","","NA","CRISPR-Based Genome Editing","Base editing","33606977"
"NM_004448.4(ERBB2):c.848_849delinsTT (p.Pro283Leu)","chr17","39710428","CC/TT","ERBB2","-0.425","dataset0530","Missense","Neutral to the ERBB2-mediated cellular proliferation in HAP1","ERBB2-mediated cellular proliferation","6","Functionally normal","","","NA","CRISPR-Based Genome Editing","Base editing","33606977"
"NM_004448.4(ERBB2):c.858G>A (p.Glu286=)","chr17","39710438","G/A","ERBB2","1.142","dataset0530","Synonymous","Neutral to the ERBB2-mediated cellular proliferation in HAP1","ERBB2-mediated cellular proliferation","6","Functionally normal","","","NA","CRISPR-Based Genome Editing","Base editing","33606977"
"NM_004448.4(ERBB2):c.859G>A (p.Gly287Ser)","chr17","39710439","G/A","ERBB2","1.142","dataset0530","Missense","Neutral to the ERBB2-mediated cellular proliferation in HAP1","ERBB2-mediated cellular proliferation","6","Functionally normal","","","NA","CRISPR-Based Genome Editing","Base editing","33606977"
"NM_004448.4(ERBB2):c.863_864delinsAA (p.Arg288Gln)","chr17","39710443","GG/AA","ERBB2","0.692","dataset0530","Missense","Neutral to the ERBB2-mediated cellular proliferation in HAP1","ERBB2-mediated cellular proliferation","6","Functionally normal","","","NA","CRISPR-Based Genome Editing","Base editing","33606977"
"NM_004448.4(ERBB2):c.896G>A (p.Cys299Tyr)","chr17","39710476","G/A","ERBB2","-1.248","dataset0530","Missense","Neutral to the ERBB2-mediated cellular proliferation in HAP1","ERBB2-mediated cellular proliferation","6","Functionally normal","","0","NA","CRISPR-Based Genome Editing","Base editing","33606977"
"NM_004448.4(ERBB2):c.901+11G>A","chr17","39710492","G/A","ERBB2","-0.037","dataset0530","Intron","Neutral to the ERBB2-mediated cellular proliferation in HAP1","ERBB2-mediated cellular proliferation","6","Functionally normal","","","NA","CRISPR-Based Genome Editing","Base editing","33606977"
"NM_004448.4(ERBB2):c.903C>T (p.Tyr301=)","chr17","39711929","C/T","ERBB2","-1.941","dataset0530","Splice site","Neutral to the ERBB2-mediated cellular proliferation in HAP1","ERBB2-mediated cellular proliferation","6","Functionally normal","","","NA","CRISPR-Based Genome Editing","Base editing","33606977"
"NM_004448.4(ERBB2):c.906C>T (p.Asn302=)","chr17","39711932","C/T","ERBB2","0.221","dataset0530","Synonymous","Neutral to the ERBB2-mediated cellular proliferation in HAP1","ERBB2-mediated cellular proliferation","6","Functionally normal","","","NA","CRISPR-Based Genome Editing","Base editing","33606977"
"NM_004448.4(ERBB2):c.909C>T (p.Tyr303=)","chr17","39711935","C/T","ERBB2","0.055","dataset0530","Synonymous","Neutral to the ERBB2-mediated cellular proliferation in HAP1","ERBB2-mediated cellular proliferation","6","Functionally normal","","6.19532e-06","NA","CRISPR-Based Genome Editing","Base editing","33606977"
"NM_004448.4(ERBB2):c.910C>T (p.Leu304Phe)","chr17","39711936","C/T","ERBB2","0.055","dataset0530","Missense","Neutral to the ERBB2-mediated cellular proliferation in HAP1","ERBB2-mediated cellular proliferation","6","Functionally normal","","","NA","CRISPR-Based Genome Editing","Base editing","33606977"
"NM_004448.4(ERBB2):c.924G>A (p.Val308=)","chr17","39711950","G/A","ERBB2","0.492","dataset0530","Synonymous","Neutral to the ERBB2-mediated cellular proliferation in HAP1","ERBB2-mediated cellular proliferation","6","Functionally normal","","","NA","CRISPR-Based Genome Editing","Base editing","33606977"
"NM_004448.4(ERBB2):c.925_926delinsAA (p.Gly309Lys)","chr17","39711951","GG/AA","ERBB2","0.492","dataset0530","Missense","Neutral to the ERBB2-mediated cellular proliferation in HAP1","ERBB2-mediated cellular proliferation","6","Functionally normal","","","NA","CRISPR-Based Genome Editing","Base editing","33606977"
"NM_004448.4(ERBB2):c.946_948delinsTTT (p.Pro316Phe)","chr17","39711972","CCC/TTT","ERBB2","-0.269","dataset0530","Missense","Neutral to the ERBB2-mediated cellular proliferation in HAP1","ERBB2-mediated cellular proliferation","6","Functionally normal","","","NA","CRISPR-Based Genome Editing","Base editing","33606977"
"NM_004448.4(ERBB2):c.949C>T (p.Leu317=)","chr17","39711975","C/T","ERBB2","-0.269","dataset0530","Synonymous","Neutral to the ERBB2-mediated cellular proliferation in HAP1","ERBB2-mediated cellular proliferation","6","Functionally normal","","6.19507e-07","NA","CRISPR-Based Genome Editing","Base editing","33606977"
"NM_004448.4(ERBB2):c.957C>T (p.Asn319=)","chr17","39711983","C/T","ERBB2","0.16","dataset0530","Synonymous","Neutral to the ERBB2-mediated cellular proliferation in HAP1","ERBB2-mediated cellular proliferation","6","Functionally normal","","","NA","CRISPR-Based Genome Editing","Base editing","33606977"
"NM_004448.4(ERBB2):c.958C>T (p.Gln320Ter)","chr17","39711984","C/T","ERBB2","0.16","dataset0530","Nonsense","Neutral to the ERBB2-mediated cellular proliferation in HAP1","ERBB2-mediated cellular proliferation","6","Functionally normal","","","NA","CRISPR-Based Genome Editing","Base editing","33606977"
"NM_004448.4(ERBB2):c.963G>A (p.Glu321=)","chr17","39711989","G/A","ERBB2","-0.231","dataset0530","Synonymous","Neutral to the ERBB2-mediated cellular proliferation in HAP1","ERBB2-mediated cellular proliferation","6","Functionally normal","","","NA","CRISPR-Based Genome Editing","Base editing","33606977"
"NM_004448.4(ERBB2):c.964G>A (p.Val322Met)","chr17","39711990","G/A","ERBB2","-0.516","dataset0530","Missense","Neutral to the ERBB2-mediated cellular proliferation in HAP1","ERBB2-mediated cellular proliferation","6","Functionally normal","","","NA","CRISPR-Based Genome Editing","Base editing","33606977"
"NM_004448.4(ERBB2):c.976G>A (p.Asp326Asn)","chr17","39712002","G/A","ERBB2","0.479","dataset0530","Missense","Neutral to the ERBB2-mediated cellular proliferation in HAP1","ERBB2-mediated cellular proliferation","6","Functionally normal","","","NA","CRISPR-Based Genome Editing","Base editing","33606977"
"NM_004448.4(ERBB2):c.1022-9C>T","chr17","39712313","C/T","ERBB2","0.47","dataset0530","Splice site","Neutral to the ERBB2-mediated cellular proliferation in HAP1","ERBB2-mediated cellular proliferation","6","Functionally normal","","","NA","CRISPR-Based Genome Editing","Base editing","33606977"
"NM_004448.4(ERBB2):c.1022-8C>T","chr17","39712314","C/T","ERBB2","0.47","dataset0530","Splice site","Neutral to the ERBB2-mediated cellular proliferation in HAP1","ERBB2-mediated cellular proliferation","6","Functionally normal","","6.19769e-07","NA","CRISPR-Based Genome Editing","Base editing","33606977"
"NM_004448.4(ERBB2):c.1022-6C>T","chr17","39712316","C/T","ERBB2","0.47","dataset0530","Splice site","Neutral to the ERBB2-mediated cellular proliferation in HAP1","ERBB2-mediated cellular proliferation","6","Functionally normal","","6.30256e-06","NA","CRISPR-Based Genome Editing","Base editing","33606977"
"NM_004448.4(ERBB2):c.1022-5C>T","chr17","39712317","C/T","ERBB2","0.015","dataset0530","Splice site","Neutral to the ERBB2-mediated cellular proliferation in HAP1","ERBB2-mediated cellular proliferation","6","Functionally normal","","3.71778e-06","NA","CRISPR-Based Genome Editing","Base editing","33606977"
"NM_004448.4(ERBB2):c.1022-3C>T","chr17","39712319","C/T","ERBB2","0.015","dataset0530","Splice site","Neutral to the ERBB2-mediated cellular proliferation in HAP1","ERBB2-mediated cellular proliferation","6","Functionally normal","","1.24171e-06","NA","CRISPR-Based Genome Editing","Base editing","33606977"
"NM_004448.4(ERBB2):c.1031G>A (p.Gly344Asp)","chr17","39712331","G/A","ERBB2","-1.153","dataset0530","Missense","Neutral to the ERBB2-mediated cellular proliferation in HAP1","ERBB2-mediated cellular proliferation","6","Functionally normal","","6.19576e-07","NA","CRISPR-Based Genome Editing","Base editing","33606977"
"NM_004448.4(ERBB2):c.1035G>A (p.Leu345=)","chr17","39712335","G/A","ERBB2","-1.153","dataset0530","Synonymous","Neutral to the ERBB2-mediated cellular proliferation in HAP1","ERBB2-mediated cellular proliferation","6","Functionally normal","","6.21932e-07","NA","CRISPR-Based Genome Editing","Base editing","33606977"
"NM_004448.4(ERBB2):c.1047C>T (p.His349=)","chr17","39712347","C/T","ERBB2","0.529","dataset0530","Synonymous","Neutral to the ERBB2-mediated cellular proliferation in HAP1","ERBB2-mediated cellular proliferation","6","Functionally normal","","1.23924e-06","NA","CRISPR-Based Genome Editing","Base editing","33606977"
"NM_004448.4(ERBB2):c.1070_1071delinsTT (p.Thr357Ile)","chr17","39712370","CC/TT","ERBB2","-1.937","dataset0530","Missense","Neutral to the ERBB2-mediated cellular proliferation in HAP1","ERBB2-mediated cellular proliferation","6","Functionally normal","","","NA","CRISPR-Based Genome Editing","Base editing","33606977"
"NM_004448.4(ERBB2):c.1086G>A (p.Gln362=)","chr17","39712386","G/A","ERBB2","-1.284","dataset0530","Synonymous","Neutral to the ERBB2-mediated cellular proliferation in HAP1","ERBB2-mediated cellular proliferation","6","Functionally normal","","","NA","CRISPR-Based Genome Editing","Base editing","33606977"
"NM_004448.4(ERBB2):c.1120C>T (p.Leu374=)","chr17","39712420","C/T","ERBB2","-0.668","dataset0530","Synonymous","Neutral to the ERBB2-mediated cellular proliferation in HAP1","ERBB2-mediated cellular proliferation","6","Functionally normal","","","NA","CRISPR-Based Genome Editing","Base editing","33606977"
"NM_004448.4(ERBB2):c.1129C>T (p.Leu377=)","chr17","39712429","C/T","ERBB2","-0.472","dataset0530","Synonymous","Neutral to the ERBB2-mediated cellular proliferation in HAP1","ERBB2-mediated cellular proliferation","6","Functionally normal","","6.19629e-07","NA","CRISPR-Based Genome Editing","Base editing","33606977"
"NM_004448.4(ERBB2):c.1133C>T (p.Pro378Leu)","chr17","39712433","C/T","ERBB2","-0.472","dataset0530","Missense","Neutral to the ERBB2-mediated cellular proliferation in HAP1","ERBB2-mediated cellular proliferation","6","Functionally normal","Uncertain significance","1.92108e-05","NA","CRISPR-Based Genome Editing","Base editing","33606977"
"NM_004448.4(ERBB2):c.1134G>A (p.Pro378=)","chr17","39712434","G/A","ERBB2","-0.64","dataset0530","Synonymous","Neutral to the ERBB2-mediated cellular proliferation in HAP1","ERBB2-mediated cellular proliferation","6","Functionally normal","Likely benign","2.16912e-05","NA","CRISPR-Based Genome Editing","Base editing","33606977"
"NM_004448.4(ERBB2):c.1147_1148delinsAA (p.Gly383Lys)","chr17","39712447","GG/AA","ERBB2","-3.63","dataset0530","Missense","The reduced ERBB2-mediated cellular proliferation in HAP1","ERBB2-mediated cellular proliferation","6","Loss-of-function","","","NA","CRISPR-Based Genome Editing","Base editing","33606977"
"NM_004448.4(ERBB2):c.1148+1G>A","chr17","39712449","G/A","ERBB2","-3.63","dataset0530","Splice site","The reduced ERBB2-mediated cellular proliferation in HAP1","ERBB2-mediated cellular proliferation","6","Loss-of-function","","","NA","CRISPR-Based Genome Editing","Base editing","33606977"
"NM_004448.4(ERBB2):c.1191C>T (p.Leu397=)","chr17","39715328","C/T","ERBB2","0.253","dataset0530","Synonymous","Neutral to the ERBB2-mediated cellular proliferation in HAP1","ERBB2-mediated cellular proliferation","6","Functionally normal","","","NA","CRISPR-Based Genome Editing","Base editing","33606977"
"NM_004448.4(ERBB2):c.1192C>T (p.Gln398Ter)","chr17","39715329","C/T","ERBB2","0.253","dataset0530","Nonsense","Neutral to the ERBB2-mediated cellular proliferation in HAP1","ERBB2-mediated cellular proliferation","6","Functionally normal","","","NA","CRISPR-Based Genome Editing","Base editing","33606977"
"NM_004448.4(ERBB2):c.1195G>A (p.Val399Met)","chr17","39715332","G/A","ERBB2","-0.877","dataset0530","Missense","Neutral to the ERBB2-mediated cellular proliferation in HAP1","ERBB2-mediated cellular proliferation","6","Functionally normal","Uncertain significance","2.47821e-05","NA","CRISPR-Based Genome Editing","Base editing","33606977"
"NM_004448.4(ERBB2):c.1205C>T (p.Thr402Ile)","chr17","39715342","C/T","ERBB2","-0.14","dataset0530","Missense","Neutral to the ERBB2-mediated cellular proliferation in HAP1","ERBB2-mediated cellular proliferation","6","Functionally normal","","6.19543e-07","NA","CRISPR-Based Genome Editing","Base editing","33606977"
"NM_004448.4(ERBB2):c.1207C>T (p.Leu403=)","chr17","39715344","C/T","ERBB2","-0.52","dataset0530","Synonymous","Neutral to the ERBB2-mediated cellular proliferation in HAP1","ERBB2-mediated cellular proliferation","6","Functionally normal","Likely benign","4.95641e-06","NA","CRISPR-Based Genome Editing","Base editing","33606977"
"NM_004448.4(ERBB2):c.1209G>A (p.Leu403=)","chr17","39715346","G/A","ERBB2","-1.084","dataset0530","Synonymous","Neutral to the ERBB2-mediated cellular proliferation in HAP1","ERBB2-mediated cellular proliferation","6","Functionally normal","","6.19546e-07","NA","CRISPR-Based Genome Editing","Base editing","33606977"
"NM_004448.4(ERBB2):c.1210G>A (p.Glu404Lys)","chr17","39715347","G/A","ERBB2","-1.084","dataset0530","Missense","Neutral to the ERBB2-mediated cellular proliferation in HAP1","ERBB2-mediated cellular proliferation","6","Functionally normal","","","NA","CRISPR-Based Genome Editing","Base editing","33606977"
"NM_004448.4(ERBB2):c.1227C>T (p.Tyr409=)","chr17","39715450","C/T","ERBB2","-1.985","dataset0530","Synonymous","Neutral to the ERBB2-mediated cellular proliferation in HAP1","ERBB2-mediated cellular proliferation","6","Functionally normal","","","NA","CRISPR-Based Genome Editing","Base editing","33606977"
"NM_004448.4(ERBB2):c.1228C>T (p.Leu410=)","chr17","39715451","C/T","ERBB2","-1.985","dataset0530","Synonymous","Neutral to the ERBB2-mediated cellular proliferation in HAP1","ERBB2-mediated cellular proliferation","6","Functionally normal","","6.19513e-07","NA","CRISPR-Based Genome Editing","Base editing","33606977"
"NM_004448.4(ERBB2):c.1233C>T (p.Tyr411=)","chr17","39715456","C/T","ERBB2","-1.523","dataset0530","Synonymous","Neutral to the ERBB2-mediated cellular proliferation in HAP1","ERBB2-mediated cellular proliferation","6","Functionally normal","","","NA","CRISPR-Based Genome Editing","Base editing","33606977"
"NM_004448.4(ERBB2):c.1244G>A (p.Trp415Ter)","chr17","39715467","G/A","ERBB2","0.904","dataset0530","Nonsense","Neutral to the ERBB2-mediated cellular proliferation in HAP1","ERBB2-mediated cellular proliferation","6","Functionally normal","","","NA","CRISPR-Based Genome Editing","Base editing","33606977"
"NM_004448.4(ERBB2):c.1261G>A (p.Asp421Asn)","chr17","39715484","G/A","ERBB2","0.705","dataset0530","Missense","Neutral to the ERBB2-mediated cellular proliferation in HAP1","ERBB2-mediated cellular proliferation","6","Functionally normal","","","NA","CRISPR-Based Genome Editing","Base editing","33606977"
"NM_004448.4(ERBB2):c.1270G>A (p.Val424Ile)","chr17","39715493","G/A","ERBB2","0.317","dataset0530","Missense","Neutral to the ERBB2-mediated cellular proliferation in HAP1","ERBB2-mediated cellular proliferation","6","Functionally normal","Uncertain significance","1.61071e-05","NA","CRISPR-Based Genome Editing","Base editing","33606977"
"NM_004448.4(ERBB2):c.1278G>A (p.Gln426=)","chr17","39715501","G/A","ERBB2","0.112","dataset0530","Synonymous","Neutral to the ERBB2-mediated cellular proliferation in HAP1","ERBB2-mediated cellular proliferation","6","Functionally normal","","","NA","CRISPR-Based Genome Editing","Base editing","33606977"
"NM_004448.4(ERBB2):c.1281C>T (p.Asn427=)","chr17","39715504","C/T","ERBB2","-1.192","dataset0530","Synonymous","Neutral to the ERBB2-mediated cellular proliferation in HAP1","ERBB2-mediated cellular proliferation","6","Functionally normal","","","NA","CRISPR-Based Genome Editing","Base editing","33606977"
"NM_004448.4(ERBB2):c.1282C>T (p.Leu428=)","chr17","39715505","C/T","ERBB2","-0.405","dataset0530","Synonymous","Neutral to the ERBB2-mediated cellular proliferation in HAP1","ERBB2-mediated cellular proliferation","6","Functionally normal","","","NA","CRISPR-Based Genome Editing","Base editing","33606977"
"NM_004448.4(ERBB2):c.1296G>A (p.Arg432=)","chr17","39715519","G/A","ERBB2","-0.297","dataset0530","Synonymous","Neutral to the ERBB2-mediated cellular proliferation in HAP1","ERBB2-mediated cellular proliferation","6","Functionally normal","","","NA","CRISPR-Based Genome Editing","Base editing","33606977"
"NM_004448.4(ERBB2):c.1297_1298delinsAA (p.Gly433Lys)","chr17","39715520","GG/AA","ERBB2","-0.297","dataset0530","Missense","Neutral to the ERBB2-mediated cellular proliferation in HAP1","ERBB2-mediated cellular proliferation","6","Functionally normal","","","NA","CRISPR-Based Genome Editing","Base editing","33606977"
"NM_004448.4(ERBB2):c.1323C>T (p.Tyr441=)","chr17","39715749","C/T","ERBB2","-1.235","dataset0530","Synonymous","Neutral to the ERBB2-mediated cellular proliferation in HAP1","ERBB2-mediated cellular proliferation","6","Functionally normal","","6.22465e-07","NA","CRISPR-Based Genome Editing","Base editing","33606977"
"NM_004448.4(ERBB2):c.1325C>T (p.Ser442Leu)","chr17","39715751","C/T","ERBB2","-1.235","dataset0530","Missense","Neutral to the ERBB2-mediated cellular proliferation in HAP1","ERBB2-mediated cellular proliferation","6","Functionally normal","","8.71374e-06","NA","CRISPR-Based Genome Editing","Base editing","33606977"
"NM_004448.4(ERBB2):c.1331C>T (p.Thr444Ile)","chr17","39715757","C/T","ERBB2","0.599","dataset0530","Missense","Neutral to the ERBB2-mediated cellular proliferation in HAP1","ERBB2-mediated cellular proliferation","6","Functionally normal","","1.24442e-06","NA","CRISPR-Based Genome Editing","Base editing","33606977"
"NM_004448.4(ERBB2):c.1370C>T (p.Ser457Leu)","chr17","39715796","C/T","ERBB2","0.799","dataset0530","Missense","Neutral to the ERBB2-mediated cellular proliferation in HAP1","ERBB2-mediated cellular proliferation","6","Functionally normal","","2.48448e-06","NA","CRISPR-Based Genome Editing","Base editing","33606977"
"NM_004448.4(ERBB2):c.1372C>T (p.Leu458=)","chr17","39715798","C/T","ERBB2","0.484","dataset0530","Synonymous","Neutral to the ERBB2-mediated cellular proliferation in HAP1","ERBB2-mediated cellular proliferation","6","Functionally normal","","1.86323e-06","NA","CRISPR-Based Genome Editing","Base editing","33606977"
"NM_004448.4(ERBB2):c.1381C>T (p.Leu461=)","chr17","39715807","C/T","ERBB2","0.459","dataset0530","Synonymous","Neutral to the ERBB2-mediated cellular proliferation in HAP1","ERBB2-mediated cellular proliferation","6","Functionally normal","","0","NA","CRISPR-Based Genome Editing","Base editing","33606977"
"NM_004448.4(ERBB2):c.1419C>T (p.His473=)","chr17","39715845","C/T","ERBB2","-0.126","dataset0530","Synonymous","Neutral to the ERBB2-mediated cellular proliferation in HAP1","ERBB2-mediated cellular proliferation","6","Functionally normal","","","NA","CRISPR-Based Genome Editing","Base editing","33606977"
"NM_004448.4(ERBB2):c.1428C>T (p.Phe476=)","chr17","39715854","C/T","ERBB2","0.187","dataset0530","Synonymous","Neutral to the ERBB2-mediated cellular proliferation in HAP1","ERBB2-mediated cellular proliferation","6","Functionally normal","Likely benign","1.79822e-05","NA","CRISPR-Based Genome Editing","Base editing","33606977"
"NM_004448.4(ERBB2):c.1437G>A (p.Thr479=)","chr17","39715863","G/A","ERBB2","0.591","dataset0530","Synonymous","Neutral to the ERBB2-mediated cellular proliferation in HAP1","ERBB2-mediated cellular proliferation","6","Functionally normal","Uncertain significance","","NA","CRISPR-Based Genome Editing","Base editing","33606977"
"NM_004448.4(ERBB2):c.1438G>A (p.Val480Met)","chr17","39715864","G/A","ERBB2","0.591","dataset0530","Missense","Neutral to the ERBB2-mediated cellular proliferation in HAP1","ERBB2-mediated cellular proliferation","6","Functionally normal","","","NA","CRISPR-Based Genome Editing","Base editing","33606977"
"NM_004448.4(ERBB2):c.1442_1443delinsTT (p.Pro481Leu)","chr17","39715868","CC/TT","ERBB2","1.117","dataset0530","Missense","Neutral to the ERBB2-mediated cellular proliferation in HAP1","ERBB2-mediated cellular proliferation","6","Functionally normal","","","NA","CRISPR-Based Genome Editing","Base editing","33606977"
"NM_004448.4(ERBB2):c.1460_1461delinsAA (p.Arg487Gln)","chr17","39715886","GG/AA","ERBB2","-0.453","dataset0530","Missense","Neutral to the ERBB2-mediated cellular proliferation in HAP1","ERBB2-mediated cellular proliferation","6","Functionally normal","","","NA","CRISPR-Based Genome Editing","Base editing","33606977"
"NM_004448.4(ERBB2):c.1460G>A (p.Arg487Gln)","chr17","39715886","G/A","ERBB2","0.217","dataset0530","Missense","Neutral to the ERBB2-mediated cellular proliferation in HAP1","ERBB2-mediated cellular proliferation","6","Functionally normal","Uncertain significance","1.86066e-05","NA","CRISPR-Based Genome Editing","Base editing","33606977"
"NM_004448.4(ERBB2):c.1482C>T (p.Leu494=)","chr17","39715908","C/T","ERBB2","-2.192","dataset0530","Synonymous","The reduced ERBB2-mediated cellular proliferation in HAP1","ERBB2-mediated cellular proliferation","6","Loss-of-function","","","NA","CRISPR-Based Genome Editing","Base editing","33606977"
"NM_004448.4(ERBB2):c.1485C>T (p.His495=)","chr17","39715911","C/T","ERBB2","0.55","dataset0530","Synonymous","Neutral to the ERBB2-mediated cellular proliferation in HAP1","ERBB2-mediated cellular proliferation","6","Functionally normal","","6.20544e-07","NA","CRISPR-Based Genome Editing","Base editing","33606977"
"NM_004448.4(ERBB2):c.1487C>T (p.Thr496Ile)","chr17","39715913","C/T","ERBB2","0.55","dataset0530","Missense","Neutral to the ERBB2-mediated cellular proliferation in HAP1","ERBB2-mediated cellular proliferation","6","Functionally normal","Uncertain significance","4.96496e-06","NA","CRISPR-Based Genome Editing","Base editing","33606977"
"NM_004448.4(ERBB2):c.1495C>T (p.Arg499Trp)","chr17","39715921","C/T","ERBB2","-0.485","dataset0530","Missense","Neutral to the ERBB2-mediated cellular proliferation in HAP1","ERBB2-mediated cellular proliferation","6","Functionally normal","Uncertain significance","1.49015e-05","NA","CRISPR-Based Genome Editing","Base editing","33606977"
"NM_004448.4(ERBB2):c.1499C>T (p.Pro500Leu)","chr17","39715925","C/T","ERBB2","-0.485","dataset0530","Missense","Neutral to the ERBB2-mediated cellular proliferation in HAP1","ERBB2-mediated cellular proliferation","6","Functionally normal","","","NA","CRISPR-Based Genome Editing","Base editing","33606977"
"NM_004448.4(ERBB2):c.1501G>A (p.Glu501Lys)","chr17","39715927","G/A","ERBB2","0.411","dataset0530","Missense","Neutral to the ERBB2-mediated cellular proliferation in HAP1","ERBB2-mediated cellular proliferation","6","Functionally normal","","6.21225e-07","NA","CRISPR-Based Genome Editing","Base editing","33606977"
"NM_004448.4(ERBB2):c.1509G>A (p.Glu503=)","chr17","39715935","G/A","ERBB2","-1.725","dataset0530","Synonymous","Neutral to the ERBB2-mediated cellular proliferation in HAP1","ERBB2-mediated cellular proliferation","6","Functionally normal","Likely benign","4.9734e-06","NA","CRISPR-Based Genome Editing","Base editing","33606977"
"NM_004448.4(ERBB2):c.1511G>A (p.Cys504Tyr)","chr17","39715937","G/A","ERBB2","-1.725","dataset0530","Missense","Neutral to the ERBB2-mediated cellular proliferation in HAP1","ERBB2-mediated cellular proliferation","6","Functionally normal","","1.24355e-06","NA","CRISPR-Based Genome Editing","Base editing","33606977"
"NM_004448.4(ERBB2):c.1513G>A (p.Val505Met)","chr17","39715939","G/A","ERBB2","-1.725","dataset0530","Missense","Neutral to the ERBB2-mediated cellular proliferation in HAP1","ERBB2-mediated cellular proliferation","6","Functionally normal","","","NA","CRISPR-Based Genome Editing","Base editing","33606977"
"NM_004448.4(ERBB2):c.1513+1G>A","chr17","39715940","G/A","ERBB2","-1.535","dataset0530","Splice site","Neutral to the ERBB2-mediated cellular proliferation in HAP1","ERBB2-mediated cellular proliferation","6","Functionally normal","","","NA","CRISPR-Based Genome Editing","Base editing","33606977"
"NM_004448.4(ERBB2):c.1514-11C>T","chr17","39716290","C/T","ERBB2","0.106","dataset0530","Splice site","Neutral to the ERBB2-mediated cellular proliferation in HAP1","ERBB2-mediated cellular proliferation","6","Functionally normal","","8.88988e-06","NA","CRISPR-Based Genome Editing","Base editing","33606977"
"NM_004448.4(ERBB2):c.1514-10C>T","chr17","39716291","C/T","ERBB2","-0.02","dataset0530","Splice site","Neutral to the ERBB2-mediated cellular proliferation in HAP1","ERBB2-mediated cellular proliferation","6","Functionally normal","","","NA","CRISPR-Based Genome Editing","Base editing","33606977"
"NM_004448.4(ERBB2):c.1514-8C>T","chr17","39716293","C/T","ERBB2","-0.02","dataset0530","Splice site","Neutral to the ERBB2-mediated cellular proliferation in HAP1","ERBB2-mediated cellular proliferation","6","Functionally normal","","","NA","CRISPR-Based Genome Editing","Base editing","33606977"
"NM_004448.4(ERBB2):c.1514-6C>T","chr17","39716295","C/T","ERBB2","-0.02","dataset0530","Splice site","Neutral to the ERBB2-mediated cellular proliferation in HAP1","ERBB2-mediated cellular proliferation","6","Functionally normal","","3.16354e-06","NA","CRISPR-Based Genome Editing","Base editing","33606977"
"NM_004448.4(ERBB2):c.1536C>T (p.His512=)","chr17","39716323","C/T","ERBB2","-0.29","dataset0530","Synonymous","Neutral to the ERBB2-mediated cellular proliferation in HAP1","ERBB2-mediated cellular proliferation","6","Functionally normal","","0","NA","CRISPR-Based Genome Editing","Base editing","33606977"
"NM_004448.4(ERBB2):c.1537C>T (p.Gln513Ter)","chr17","39716324","C/T","ERBB2","-0.29","dataset0530","Nonsense","Neutral to the ERBB2-mediated cellular proliferation in HAP1","ERBB2-mediated cellular proliferation","6","Functionally normal","","","NA","CRISPR-Based Genome Editing","Base editing","33606977"
"NM_004448.4(ERBB2):c.1542G>A (p.Leu514=)","chr17","39716329","G/A","ERBB2","0.331","dataset0530","Synonymous","Neutral to the ERBB2-mediated cellular proliferation in HAP1","ERBB2-mediated cellular proliferation","6","Functionally normal","","6.24029e-07","NA","CRISPR-Based Genome Editing","Base editing","33606977"
"NM_004448.4(ERBB2):c.1548C>T (p.Ala516=)","chr17","39716335","C/T","ERBB2","0.561","dataset0530","Synonymous","Neutral to the ERBB2-mediated cellular proliferation in HAP1","ERBB2-mediated cellular proliferation","6","Functionally normal","","","NA","CRISPR-Based Genome Editing","Base editing","33606977"
"NM_004448.4(ERBB2):c.1549C>T (p.Arg517Ter)","chr17","39716336","C/T","ERBB2","0.561","dataset0530","Nonsense","Neutral to the ERBB2-mediated cellular proliferation in HAP1","ERBB2-mediated cellular proliferation","6","Functionally normal","","1.86891e-06","NA","CRISPR-Based Genome Editing","Base editing","33606977"
"NM_004448.4(ERBB2):c.1550G>A (p.Arg517Gln)","chr17","39716337","G/A","ERBB2","1.289","dataset0530","Missense","Neutral to the ERBB2-mediated cellular proliferation in HAP1","ERBB2-mediated cellular proliferation","6","Functionally normal","Uncertain significance","4.79476e-05","NA","CRISPR-Based Genome Editing","Base editing","33606977"
"NM_004448.4(ERBB2):c.1552_1553delinsAA (p.Gly518Lys)","chr17","39716339","GG/AA","ERBB2","0.172","dataset0530","Missense","Neutral to the ERBB2-mediated cellular proliferation in HAP1","ERBB2-mediated cellular proliferation","6","Functionally normal","","","NA","CRISPR-Based Genome Editing","Base editing","33606977"
"NM_004448.4(ERBB2):c.1552G>A (p.Gly518Arg)","chr17","39716339","G/A","ERBB2","1.289","dataset0530","Missense","Neutral to the ERBB2-mediated cellular proliferation in HAP1","ERBB2-mediated cellular proliferation","6","Functionally normal","","","NA","CRISPR-Based Genome Editing","Base editing","33606977"
"NM_004448.4(ERBB2):c.1557C>T (p.His519=)","chr17","39716344","C/T","ERBB2","0.548","dataset0530","Synonymous","Neutral to the ERBB2-mediated cellular proliferation in HAP1","ERBB2-mediated cellular proliferation","6","Functionally normal","","6.2207e-07","NA","CRISPR-Based Genome Editing","Base editing","33606977"
"NM_004448.4(ERBB2):c.1562_1563delinsAA (p.Trp521Ter)","chr17","39716349","GG/AA","ERBB2","0.981","dataset0530","Nonsense","Neutral to the ERBB2-mediated cellular proliferation in HAP1","ERBB2-mediated cellular proliferation","6","Functionally normal","","","NA","CRISPR-Based Genome Editing","Base editing","33606977"
"NM_004448.4(ERBB2):c.1563G>A (p.Trp521Ter)","chr17","39716350","G/A","ERBB2","0.811","dataset0530","Nonsense","Neutral to the ERBB2-mediated cellular proliferation in HAP1","ERBB2-mediated cellular proliferation","6","Functionally normal","","","NA","CRISPR-Based Genome Editing","Base editing","33606977"
"NM_004448.4(ERBB2):c.1564_1565delinsAA (p.Gly522Asn)","chr17","39716351","GG/AA","ERBB2","0.811","dataset0530","Missense","Neutral to the ERBB2-mediated cellular proliferation in HAP1","ERBB2-mediated cellular proliferation","6","Functionally normal","","","NA","CRISPR-Based Genome Editing","Base editing","33606977"
"NM_004448.4(ERBB2):c.1583G>A (p.Cys528Tyr)","chr17","39716370","G/A","ERBB2","0.95","dataset0530","Missense","Neutral to the ERBB2-mediated cellular proliferation in HAP1","ERBB2-mediated cellular proliferation","6","Functionally normal","","","NA","CRISPR-Based Genome Editing","Base editing","33606977"
"NM_004448.4(ERBB2):c.1585G>A (p.Val529Ile)","chr17","39716372","G/A","ERBB2","0.95","dataset0530","Missense","Neutral to the ERBB2-mediated cellular proliferation in HAP1","ERBB2-mediated cellular proliferation","6","Functionally normal","","1.2429e-06","NA","CRISPR-Based Genome Editing","Base editing","33606977"
"NM_004448.4(ERBB2):c.1590C>T (p.Asn530=)","chr17","39716377","C/T","ERBB2","-0.383","dataset0530","Synonymous","Neutral to the ERBB2-mediated cellular proliferation in HAP1","ERBB2-mediated cellular proliferation","6","Functionally normal","","1.86462e-06","NA","CRISPR-Based Genome Editing","Base editing","33606977"
"NM_004448.4(ERBB2):c.1597C>T (p.Gln533Ter)","chr17","39716384","C/T","ERBB2","0.969","dataset0530","Nonsense","Neutral to the ERBB2-mediated cellular proliferation in HAP1","ERBB2-mediated cellular proliferation","6","Functionally normal","","","NA","CRISPR-Based Genome Editing","Base editing","33606977"
"NM_004448.4(ERBB2):c.1606C>T (p.Arg536Trp)","chr17","39716393","C/T","ERBB2","0.989","dataset0530","Missense","Neutral to the ERBB2-mediated cellular proliferation in HAP1","ERBB2-mediated cellular proliferation","6","Functionally normal","","1.24335e-06","NA","CRISPR-Based Genome Editing","Base editing","33606977"
"NM_004448.4(ERBB2):c.1612C>T (p.Gln538Ter)","chr17","39716399","C/T","ERBB2","0.155","dataset0530","Nonsense","Neutral to the ERBB2-mediated cellular proliferation in HAP1","ERBB2-mediated cellular proliferation","6","Functionally normal","","6.21503e-07","NA","CRISPR-Based Genome Editing","Base editing","33606977"
"NM_004448.4(ERBB2):c.1614G>A (p.Gln538=)","chr17","39716401","G/A","ERBB2","0.187","dataset0530","Synonymous","Neutral to the ERBB2-mediated cellular proliferation in HAP1","ERBB2-mediated cellular proliferation","6","Functionally normal","","","NA","CRISPR-Based Genome Editing","Base editing","33606977"
"NM_004448.4(ERBB2):c.1615G>A (p.Glu539Lys)","chr17","39716402","G/A","ERBB2","0.187","dataset0530","Missense","Neutral to the ERBB2-mediated cellular proliferation in HAP1","ERBB2-mediated cellular proliferation","6","Functionally normal","","6.21452e-07","NA","CRISPR-Based Genome Editing","Base editing","33606977"
"NM_004448.4(ERBB2):c.1617G>A (p.Glu539=)","chr17","39716404","G/A","ERBB2","-0.532","dataset0530","Synonymous","Neutral to the ERBB2-mediated cellular proliferation in HAP1","ERBB2-mediated cellular proliferation","6","Functionally normal","","6.21445e-07","NA","CRISPR-Based Genome Editing","Base editing","33606977"
"NM_004448.4(ERBB2):c.1621G>A (p.Val541Met)","chr17","39716408","G/A","ERBB2","-0.532","dataset0530","Missense","Neutral to the ERBB2-mediated cellular proliferation in HAP1","ERBB2-mediated cellular proliferation","6","Functionally normal","Uncertain significance","1.11846e-05","NA","CRISPR-Based Genome Editing","Base editing","33606977"
"NM_004448.4(ERBB2):c.1626G>A (p.Glu542=)","chr17","39716413","G/A","ERBB2","0.336","dataset0530","Synonymous","Neutral to the ERBB2-mediated cellular proliferation in HAP1","ERBB2-mediated cellular proliferation","6","Functionally normal","","","NA","CRISPR-Based Genome Editing","Base editing","33606977"
"NM_004448.4(ERBB2):c.1627G>A (p.Glu543Lys)","chr17","39716414","G/A","ERBB2","0.336","dataset0530","Missense","Neutral to the ERBB2-mediated cellular proliferation in HAP1","ERBB2-mediated cellular proliferation","6","Functionally normal","","","NA","CRISPR-Based Genome Editing","Base editing","33606977"
"NM_004448.4(ERBB2):c.1646+1G>A","chr17","39716434","G/A","ERBB2","-0.074","dataset0530","Splice site","Neutral to the ERBB2-mediated cellular proliferation in HAP1","ERBB2-mediated cellular proliferation","6","Functionally normal","","1.24019e-06","NA","CRISPR-Based Genome Editing","Base editing","33606977"
"NM_004448.4(ERBB2):c.1646+5G>A","chr17","39716438","G/A","ERBB2","-0.074","dataset0530","Splice site","Neutral to the ERBB2-mediated cellular proliferation in HAP1","ERBB2-mediated cellular proliferation","6","Functionally normal","","","NA","CRISPR-Based Genome Editing","Base editing","33606977"
"NM_004448.4(ERBB2):c.1647-10C>T","chr17","39716505","C/T","ERBB2","-0.674","dataset0530","Splice site","Neutral to the ERBB2-mediated cellular proliferation in HAP1","ERBB2-mediated cellular proliferation","6","Functionally normal","","","NA","CRISPR-Based Genome Editing","Base editing","33606977"
"NM_004448.4(ERBB2):c.1647-7C>T","chr17","39716508","C/T","ERBB2","-1.934","dataset0530","Splice site","Neutral to the ERBB2-mediated cellular proliferation in HAP1","ERBB2-mediated cellular proliferation","6","Functionally normal","","","NA","CRISPR-Based Genome Editing","Base editing","33606977"
"NM_004448.4(ERBB2):c.1647-5C>T","chr17","39716510","C/T","ERBB2","-1.934","dataset0530","Splice site","Neutral to the ERBB2-mediated cellular proliferation in HAP1","ERBB2-mediated cellular proliferation","6","Functionally normal","Likely benign","2.4781e-06","NA","CRISPR-Based Genome Editing","Base editing","33606977"
"NM_004448.4(ERBB2):c.1665G>A (p.Val555=)","chr17","39716533","G/A","ERBB2","-0.428","dataset0530","Synonymous","Neutral to the ERBB2-mediated cellular proliferation in HAP1","ERBB2-mediated cellular proliferation","6","Functionally normal","","1.85853e-06","NA","CRISPR-Based Genome Editing","Base editing","33606977"
"NM_004448.4(ERBB2):c.1686G>A (p.Pro562=)","chr17","39716554","G/A","ERBB2","0.495","dataset0530","Synonymous","Neutral to the ERBB2-mediated cellular proliferation in HAP1","ERBB2-mediated cellular proliferation","6","Functionally normal","Likely benign","8.54993e-05","NA","CRISPR-Based Genome Editing","Base editing","33606977"
"NM_004448.4(ERBB2):c.1700G>A (p.Cys567Tyr)","chr17","39716568","G/A","ERBB2","0.105","dataset0530","Missense","Neutral to the ERBB2-mediated cellular proliferation in HAP1","ERBB2-mediated cellular proliferation","6","Functionally normal","","","NA","CRISPR-Based Genome Editing","Base editing","33606977"
"NM_004448.4(ERBB2):c.1710G>A (p.Gln570=)","chr17","39716578","G/A","ERBB2","0.287","dataset0530","Synonymous","Neutral to the ERBB2-mediated cellular proliferation in HAP1","ERBB2-mediated cellular proliferation","6","Functionally normal","","","NA","CRISPR-Based Genome Editing","Base editing","33606977"
"NM_004448.4(ERBB2):c.1718C>T (p.Ser573Leu)","chr17","39716586","C/T","ERBB2","0.867","dataset0530","Missense","Neutral to the ERBB2-mediated cellular proliferation in HAP1","ERBB2-mediated cellular proliferation","6","Functionally normal","","1.2391e-06","blca:0.2% (1/411):0.340","CRISPR-Based Genome Editing","Base editing","33606977"
"NM_004448.4(ERBB2):c.1722G>A (p.Val574=)","chr17","39716590","G/A","ERBB2","0.256","dataset0530","Synonymous","Neutral to the ERBB2-mediated cellular proliferation in HAP1","ERBB2-mediated cellular proliferation","6","Functionally normal","","","NA","CRISPR-Based Genome Editing","Base editing","33606977"
"NM_004448.4(ERBB2):c.1737+3G>A","chr17","39716608","G/A","ERBB2","-0.75","dataset0530","Splice site","Neutral to the ERBB2-mediated cellular proliferation in HAP1","ERBB2-mediated cellular proliferation","6","Functionally normal","","","NA","CRISPR-Based Genome Editing","Base editing","33606977"
"NM_004448.4(ERBB2):c.1749G>A (p.Gln583=)","chr17","39717331","G/A","ERBB2","-0.392","dataset0530","Synonymous","Neutral to the ERBB2-mediated cellular proliferation in HAP1","ERBB2-mediated cellular proliferation","6","Functionally normal","","6.20451e-07","NA","CRISPR-Based Genome Editing","Base editing","33606977"
"NM_004448.4(ERBB2):c.1751G>A (p.Cys584Tyr)","chr17","39717333","G/A","ERBB2","-0.392","dataset0530","Missense","Neutral to the ERBB2-mediated cellular proliferation in HAP1","ERBB2-mediated cellular proliferation","6","Functionally normal","","","NA","CRISPR-Based Genome Editing","Base editing","33606977"
"NM_004448.4(ERBB2):c.1753G>A (p.Val585Met)","chr17","39717335","G/A","ERBB2","-0.392","dataset0530","Missense","Neutral to the ERBB2-mediated cellular proliferation in HAP1","ERBB2-mediated cellular proliferation","6","Functionally normal","","","NA","CRISPR-Based Genome Editing","Base editing","33606977"
"NM_004448.4(ERBB2):c.1758C>T (p.Ala586=)","chr17","39717340","C/T","ERBB2","0.957","dataset0530","Synonymous","Neutral to the ERBB2-mediated cellular proliferation in HAP1","ERBB2-mediated cellular proliferation","6","Functionally normal","","","NA","CRISPR-Based Genome Editing","Base editing","33606977"
"NM_004448.4(ERBB2):c.1773G>A (p.Lys591=)","chr17","39717355","G/A","ERBB2","0.906","dataset0530","Synonymous","Neutral to the ERBB2-mediated cellular proliferation in HAP1","ERBB2-mediated cellular proliferation","6","Functionally normal","","","NA","CRISPR-Based Genome Editing","Base editing","33606977"
"NM_004448.4(ERBB2):c.1774G>A (p.Asp592Asn)","chr17","39717356","G/A","ERBB2","0.906","dataset0530","Missense","Neutral to the ERBB2-mediated cellular proliferation in HAP1","ERBB2-mediated cellular proliferation","6","Functionally normal","","","NA","CRISPR-Based Genome Editing","Base editing","33606977"
"NM_004448.4(ERBB2):c.1776C>T (p.Asp592=)","chr17","39717358","C/T","ERBB2","-1.18","dataset0530","Synonymous","Neutral to the ERBB2-mediated cellular proliferation in HAP1","ERBB2-mediated cellular proliferation","6","Functionally normal","","","NA","CRISPR-Based Genome Editing","Base editing","33606977"
"NM_004448.4(ERBB2):c.1777C>T (p.Pro593Ser)","chr17","39717359","C/T","ERBB2","-1.18","dataset0530","Missense","Neutral to the ERBB2-mediated cellular proliferation in HAP1","ERBB2-mediated cellular proliferation","6","Functionally normal","","6.20099e-07","NA","CRISPR-Based Genome Editing","Base editing","33606977"
"NM_004448.4(ERBB2):c.1808G>A (p.Gly603Asp)","chr17","39717390","G/A","ERBB2","-0.958","dataset0530","Missense","Neutral to the ERBB2-mediated cellular proliferation in HAP1","ERBB2-mediated cellular proliferation","6","Functionally normal","","6.19989e-07","NA","CRISPR-Based Genome Editing","Base editing","33606977"
"NM_004448.4(ERBB2):c.1819G>A (p.Asp607Asn)","chr17","39717401","G/A","ERBB2","0.549","dataset0530","Missense","Neutral to the ERBB2-mediated cellular proliferation in HAP1","ERBB2-mediated cellular proliferation","6","Functionally normal","","","NA","CRISPR-Based Genome Editing","Base editing","33606977"
"NM_004448.4(ERBB2):c.1824C>T (p.Leu608=)","chr17","39717406","C/T","ERBB2","0.537","dataset0530","Synonymous","Neutral to the ERBB2-mediated cellular proliferation in HAP1","ERBB2-mediated cellular proliferation","6","Functionally normal","","3.09937e-06","NA","CRISPR-Based Genome Editing","Base editing","33606977"
"NM_004448.4(ERBB2):c.1826_1827delinsTT (p.Ser609Phe)","chr17","39717408","CC/TT","ERBB2","0.537","dataset0530","Missense","Neutral to the ERBB2-mediated cellular proliferation in HAP1","ERBB2-mediated cellular proliferation","6","Functionally normal","","","NA","CRISPR-Based Genome Editing","Base editing","33606977"
"NM_004448.4(ERBB2):c.1839C>T (p.Ile613=)","chr17","39717421","C/T","ERBB2","0.469","dataset0530","Synonymous","Neutral to the ERBB2-mediated cellular proliferation in HAP1","ERBB2-mediated cellular proliferation","6","Functionally normal","","6.19825e-07","NA","CRISPR-Based Genome Editing","Base editing","33606977"
"NM_004448.4(ERBB2):c.1841_1842delinsAA (p.Trp614Ter)","chr17","39717423","GG/AA","ERBB2","-0.796","dataset0530","Nonsense","Neutral to the ERBB2-mediated cellular proliferation in HAP1","ERBB2-mediated cellular proliferation","6","Functionally normal","","","NA","CRISPR-Based Genome Editing","Base editing","33606977"
"NM_004448.4(ERBB2):c.1845G>A (p.Lys615=)","chr17","39717427","G/A","ERBB2","-0.796","dataset0530","Synonymous","Neutral to the ERBB2-mediated cellular proliferation in HAP1","ERBB2-mediated cellular proliferation","6","Functionally normal","","0","NA","CRISPR-Based Genome Editing","Base editing","33606977"
"NM_004448.4(ERBB2):c.1852G>A (p.Asp618Asn)","chr17","39717434","G/A","ERBB2","-1.324","dataset0530","Missense","Neutral to the ERBB2-mediated cellular proliferation in HAP1","ERBB2-mediated cellular proliferation","6","Functionally normal","","","NA","CRISPR-Based Genome Editing","Base editing","33606977"
"NM_004448.4(ERBB2):c.1898+1G>A","chr17","39717481","G/A","ERBB2","0.721","dataset0530","Splice site","Neutral to the ERBB2-mediated cellular proliferation in HAP1","ERBB2-mediated cellular proliferation","6","Functionally normal","","2.48361e-06","NA","CRISPR-Based Genome Editing","Base editing","33606977"
"NM_004448.4(ERBB2):c.1899-9C>T","chr17","39719778","C/T","ERBB2","0.244","dataset0530","Splice site","Neutral to the ERBB2-mediated cellular proliferation in HAP1","ERBB2-mediated cellular proliferation","6","Functionally normal","Likely benign","1.23908e-06","NA","CRISPR-Based Genome Editing","Base editing","33606977"
"NM_004448.4(ERBB2):c.1928_1929delinsTT (p.Pro643Leu)","chr17","39719816","CC/TT","ERBB2","-1.144","dataset0530","Missense","Neutral to the ERBB2-mediated cellular proliferation in HAP1","ERBB2-mediated cellular proliferation","6","Functionally normal","","","NA","CRISPR-Based Genome Editing","Base editing","33606977"
"NM_004448.4(ERBB2):c.1932C>T (p.Ala644=)","chr17","39719820","C/T","ERBB2","-1.144","dataset0530","Synonymous","Neutral to the ERBB2-mediated cellular proliferation in HAP1","ERBB2-mediated cellular proliferation","6","Functionally normal","Benign","0.000122044","NA","CRISPR-Based Genome Editing","Base editing","33606977"
"NM_004448.4(ERBB2):c.1946G>A (p.Ser649Asn)","chr17","39719834","G/A","ERBB2","-0.308","dataset0530","Missense","Neutral to the ERBB2-mediated cellular proliferation in HAP1","ERBB2-mediated cellular proliferation","6","Functionally normal","","","NA","CRISPR-Based Genome Editing","Base editing","33606977"
"NM_004448.4(ERBB2):c.1946+1G>A","chr17","39719835","G/A","ERBB2","-0.308","dataset0530","Splice site","Neutral to the ERBB2-mediated cellular proliferation in HAP1","ERBB2-mediated cellular proliferation","6","Functionally normal","","6.19515e-07","NA","CRISPR-Based Genome Editing","Base editing","33606977"
"NM_004448.4(ERBB2):c.1946+4G>A","chr17","39719838","G/A","ERBB2","-0.253","dataset0530","Splice site","Neutral to the ERBB2-mediated cellular proliferation in HAP1","ERBB2-mediated cellular proliferation","6","Functionally normal","","","NA","CRISPR-Based Genome Editing","Base editing","33606977"
"NM_004448.4(ERBB2):c.1955C>T (p.Thr652Met)","chr17","39723327","C/T","ERBB2","-0.655","dataset0530","Missense","Neutral to the ERBB2-mediated cellular proliferation in HAP1","ERBB2-mediated cellular proliferation","6","Functionally normal","","","NA","CRISPR-Based Genome Editing","Base editing","33606977"
"NM_004448.4(ERBB2):c.1956G>A (p.Thr652=)","chr17","39723328","G/A","ERBB2","1.662","dataset0530","Synonymous","Neutral to the ERBB2-mediated cellular proliferation in HAP1","ERBB2-mediated cellular proliferation","6","Functionally normal","","4.96489e-06","NA","CRISPR-Based Genome Editing","Base editing","33606977"
"NM_004448.4(ERBB2):c.1958_1959delinsTT (p.Ser653Phe)","chr17","39723330","CC/TT","ERBB2","-0.515","dataset0530","Missense","Neutral to the ERBB2-mediated cellular proliferation in HAP1","ERBB2-mediated cellular proliferation","6","Functionally normal","","","NA","CRISPR-Based Genome Editing","Base editing","33606977"
"NM_004448.4(ERBB2):c.1962C>T (p.Ile654=)","chr17","39723334","C/T","ERBB2","0.668","dataset0530","Synonymous","Neutral to the ERBB2-mediated cellular proliferation in HAP1","ERBB2-mediated cellular proliferation","6","Functionally normal","","2.48011e-06","NA","CRISPR-Based Genome Editing","Base editing","33606977"
"NM_004448.4(ERBB2):c.1974G>A (p.Val658=)","chr17","39723346","G/A","ERBB2","-0.412","dataset0530","Synonymous","Neutral to the ERBB2-mediated cellular proliferation in HAP1","ERBB2-mediated cellular proliferation","6","Functionally normal","","2.4781e-06","NA","CRISPR-Based Genome Editing","Base editing","33606977"
"NM_004448.4(ERBB2):c.1975G>A (p.Val659Ile)","chr17","39723347","G/A","ERBB2","-0.412","dataset0530","Missense","Neutral to the ERBB2-mediated cellular proliferation in HAP1","ERBB2-mediated cellular proliferation","6","Functionally normal","","","NA","CRISPR-Based Genome Editing","Base editing","33606977"
"NM_004448.4(ERBB2):c.1984C>T (p.Leu662=)","chr17","39723356","C/T","ERBB2","0.237","dataset0530","Synonymous","Neutral to the ERBB2-mediated cellular proliferation in HAP1","ERBB2-mediated cellular proliferation","6","Functionally normal","","","NA","CRISPR-Based Genome Editing","Base editing","33606977"
"NM_004448.4(ERBB2):c.1992C>T (p.Val664=)","chr17","39723364","C/T","ERBB2","0.56","dataset0530","Synonymous","Neutral to the ERBB2-mediated cellular proliferation in HAP1","ERBB2-mediated cellular proliferation","6","Functionally normal","","6.19715e-07","NA","CRISPR-Based Genome Editing","Base editing","33606977"
"NM_004448.4(ERBB2):c.1998C>T (p.Val666=)","chr17","39723370","C/T","ERBB2","0.547","dataset0530","Synonymous","Neutral to the ERBB2-mediated cellular proliferation in HAP1","ERBB2-mediated cellular proliferation","6","Functionally normal","","6.19987e-07","NA","CRISPR-Based Genome Editing","Base editing","33606977"
"NM_004448.4(ERBB2):c.2019C>T (p.Ile673=)","chr17","39723391","C/T","ERBB2","-0.831","dataset0530","Synonymous","Neutral to the ERBB2-mediated cellular proliferation in HAP1","ERBB2-mediated cellular proliferation","6","Functionally normal","","","NA","CRISPR-Based Genome Editing","Base editing","33606977"
"NM_004448.4(ERBB2):c.2032C>T (p.Arg678Trp)","chr17","39723404","C/T","ERBB2","0.909","dataset0530","Missense","Neutral to the ERBB2-mediated cellular proliferation in HAP1","ERBB2-mediated cellular proliferation","6","Functionally normal","","3.71738e-06","NA","CRISPR-Based Genome Editing","Base editing","33606977"
"NM_004448.4(ERBB2):c.2046C>T (p.Ile682=)","chr17","39723418","C/T","ERBB2","0.759","dataset0530","Synonymous","Neutral to the ERBB2-mediated cellular proliferation in HAP1","ERBB2-mediated cellular proliferation","6","Functionally normal","","","NA","CRISPR-Based Genome Editing","Base editing","33606977"
"NM_004448.4(ERBB2):c.2047C>T (p.Arg683Trp)","chr17","39723419","C/T","ERBB2","0.759","dataset0530","Missense","Neutral to the ERBB2-mediated cellular proliferation in HAP1","ERBB2-mediated cellular proliferation","6","Functionally normal","","6.19507e-07","NA","CRISPR-Based Genome Editing","Base editing","33606977"
"NM_004448.4(ERBB2):c.2063_2064delinsAA (p.Arg688Gln)","chr17","39723435","GG/AA","ERBB2","-0.497","dataset0530","Missense","Neutral to the ERBB2-mediated cellular proliferation in HAP1","ERBB2-mediated cellular proliferation","6","Functionally normal","","","NA","CRISPR-Based Genome Editing","Base editing","33606977"
"NM_004448.4(ERBB2):c.2068C>T (p.Leu690=)","chr17","39723440","C/T","ERBB2","-0.446","dataset0530","Synonymous","Neutral to the ERBB2-mediated cellular proliferation in HAP1","ERBB2-mediated cellular proliferation","6","Functionally normal","","","NA","CRISPR-Based Genome Editing","Base editing","33606977"
"NM_004448.4(ERBB2):c.2086-13C>T","chr17","39723525","C/T","ERBB2","-1.604","dataset0530","Splice site","Neutral to the ERBB2-mediated cellular proliferation in HAP1","ERBB2-mediated cellular proliferation","6","Functionally normal","","","NA","CRISPR-Based Genome Editing","Base editing","33606977"
"NM_004448.4(ERBB2):c.2086-12C>T","chr17","39723526","C/T","ERBB2","-1.604","dataset0530","Splice site","Neutral to the ERBB2-mediated cellular proliferation in HAP1","ERBB2-mediated cellular proliferation","6","Functionally normal","","","NA","CRISPR-Based Genome Editing","Base editing","33606977"
"NM_004448.4(ERBB2):c.2086-11C>T","chr17","39723527","C/T","ERBB2","-1.604","dataset0530","Splice site","Neutral to the ERBB2-mediated cellular proliferation in HAP1","ERBB2-mediated cellular proliferation","6","Functionally normal","","1.24013e-06","NA","CRISPR-Based Genome Editing","Base editing","33606977"
"NM_004448.4(ERBB2):c.2086-10C>T","chr17","39723528","C/T","ERBB2","-1.604","dataset0530","Splice site","Neutral to the ERBB2-mediated cellular proliferation in HAP1","ERBB2-mediated cellular proliferation","6","Functionally normal","","","NA","CRISPR-Based Genome Editing","Base editing","33606977"
"NM_004448.4(ERBB2):c.2096C>T (p.Pro699Leu)","chr17","39723548","C/T","ERBB2","-0.013","dataset0530","Missense","Neutral to the ERBB2-mediated cellular proliferation in HAP1","ERBB2-mediated cellular proliferation","6","Functionally normal","","","NA","CRISPR-Based Genome Editing","Base editing","33606977"
"NM_004448.4(ERBB2):c.2100G>A (p.Leu700=)","chr17","39723552","G/A","ERBB2","-0.721","dataset0530","Synonymous","Neutral to the ERBB2-mediated cellular proliferation in HAP1","ERBB2-mediated cellular proliferation","6","Functionally normal","","","NA","CRISPR-Based Genome Editing","Base editing","33606977"
"NM_004448.4(ERBB2):c.2110_2111delinsAA (p.Gly704Lys)","chr17","39723562","GG/AA","ERBB2","0.416","dataset0530","Missense","Neutral to the ERBB2-mediated cellular proliferation in HAP1","ERBB2-mediated cellular proliferation","6","Functionally normal","","","NA","CRISPR-Based Genome Editing","Base editing","33606977"
"NM_004448.4(ERBB2):c.2120_2121delinsTT (p.Pro707Leu)","chr17","39723572","CC/TT","ERBB2","0.947","dataset0530","Missense","Neutral to the ERBB2-mediated cellular proliferation in HAP1","ERBB2-mediated cellular proliferation","6","Functionally normal","","","NA","CRISPR-Based Genome Editing","Base editing","33606977"
"NM_004448.4(ERBB2):c.2124C>T (p.Asn708=)","chr17","39723576","C/T","ERBB2","0.947","dataset0530","Synonymous","Neutral to the ERBB2-mediated cellular proliferation in HAP1","ERBB2-mediated cellular proliferation","6","Functionally normal","","","NA","CRISPR-Based Genome Editing","Base editing","33606977"
"NM_004448.4(ERBB2):c.2138_2139delinsAA (p.Arg713Gln)","chr17","39723590","GG/AA","ERBB2","0.917","dataset0530","Missense","Neutral to the ERBB2-mediated cellular proliferation in HAP1","ERBB2-mediated cellular proliferation","6","Functionally normal","","","NA","CRISPR-Based Genome Editing","Base editing","33606977"
"NM_004448.4(ERBB2):c.2138G>A (p.Arg713Gln)","chr17","39723590","G/A","ERBB2","-0.128","dataset0530","Missense","Neutral to the ERBB2-mediated cellular proliferation in HAP1","ERBB2-mediated cellular proliferation","6","Functionally normal","","6.21455e-07","NA","CRISPR-Based Genome Editing","Base editing","33606977"
"NM_004448.4(ERBB2):c.2139G>A (p.Arg713=)","chr17","39723591","G/A","ERBB2","0.449","dataset0530","Synonymous","Neutral to the ERBB2-mediated cellular proliferation in HAP1","ERBB2-mediated cellular proliferation","6","Functionally normal","","6.21502e-07","NA","CRISPR-Based Genome Editing","Base editing","33606977"
"NM_004448.4(ERBB2):c.2209-8C>T","chr17","39723904","C/T","ERBB2","0.614","dataset0530","Splice site","Neutral to the ERBB2-mediated cellular proliferation in HAP1","ERBB2-mediated cellular proliferation","6","Functionally normal","","","NA","CRISPR-Based Genome Editing","Base editing","33606977"
"NM_004448.4(ERBB2):c.2214C>T (p.Ile738=)","chr17","39723917","C/T","ERBB2","-0.41","dataset0530","Synonymous","Neutral to the ERBB2-mediated cellular proliferation in HAP1","ERBB2-mediated cellular proliferation","6","Functionally normal","","6.19711e-07","NA","CRISPR-Based Genome Editing","Base editing","33606977"
"NM_004448.4(ERBB2):c.2224G>A (p.Asp742Asn)","chr17","39723927","G/A","ERBB2","-0.64","dataset0530","Missense","Neutral to the ERBB2-mediated cellular proliferation in HAP1","ERBB2-mediated cellular proliferation","6","Functionally normal","","","NA","CRISPR-Based Genome Editing","Base editing","33606977"
"NM_004448.4(ERBB2):c.2253C>T (p.Ala751=)","chr17","39723956","C/T","ERBB2","0.959","dataset0530","Synonymous","Neutral to the ERBB2-mediated cellular proliferation in HAP1","ERBB2-mediated cellular proliferation","6","Functionally normal","","","NA","CRISPR-Based Genome Editing","Base editing","33606977"
"NM_004448.4(ERBB2):c.2296G>A (p.Glu766Lys)","chr17","39723999","G/A","ERBB2","-0.501","dataset0530","Missense","Neutral to the ERBB2-mediated cellular proliferation in HAP1","ERBB2-mediated cellular proliferation","6","Functionally normal","Uncertain significance","","NA","CRISPR-Based Genome Editing","Base editing","33606977"
"NM_004448.4(ERBB2):c.2305G>A (p.Asp769Asn)","chr17","39724008","G/A","ERBB2","-0.254","dataset0530","Missense","Neutral to the ERBB2-mediated cellular proliferation in HAP1","ERBB2-mediated cellular proliferation","6","Functionally normal","","","cesc:0.3% (1/297):0.310","CRISPR-Based Genome Editing","Base editing","33606977"
"NM_004448.4(ERBB2):c.2308-4C>T","chr17","39724722","C/T","ERBB2","-0.988","dataset0530","Splice site","Neutral to the ERBB2-mediated cellular proliferation in HAP1","ERBB2-mediated cellular proliferation","6","Functionally normal","","6.19633e-07","NA","CRISPR-Based Genome Editing","Base editing","33606977"
"NM_004448.4(ERBB2):c.2308-3C>T","chr17","39724723","C/T","ERBB2","-0.988","dataset0530","Splice site","Neutral to the ERBB2-mediated cellular proliferation in HAP1","ERBB2-mediated cellular proliferation","6","Functionally normal","","","NA","CRISPR-Based Genome Editing","Base editing","33606977"
"NM_004448.4(ERBB2):c.2316C>T (p.Tyr772=)","chr17","39724734","C/T","ERBB2","0.294","dataset0530","Synonymous","Neutral to the ERBB2-mediated cellular proliferation in HAP1","ERBB2-mediated cellular proliferation","6","Functionally normal","Likely benign","1.23921e-05","NA","CRISPR-Based Genome Editing","Base editing","33606977"
"NM_004448.4(ERBB2):c.2319G>A (p.Val773=)","chr17","39724737","G/A","ERBB2","-0.032","dataset0530","Synonymous","Neutral to the ERBB2-mediated cellular proliferation in HAP1","ERBB2-mediated cellular proliferation","6","Functionally normal","","","NA","CRISPR-Based Genome Editing","Base editing","33606977"
"NM_004448.4(ERBB2):c.2322G>A (p.Met774Ile)","chr17","39724740","G/A","ERBB2","-0.032","dataset0530","Missense","Neutral to the ERBB2-mediated cellular proliferation in HAP1","ERBB2-mediated cellular proliferation","6","Functionally normal","","","NA","CRISPR-Based Genome Editing","Base editing","33606977"
"NM_004448.4(ERBB2):c.2364C>T (p.Ile788=)","chr17","39724782","C/T","ERBB2","-0.203","dataset0530","Synonymous","Neutral to the ERBB2-mediated cellular proliferation in HAP1","ERBB2-mediated cellular proliferation","6","Functionally normal","","6.19483e-07","NA","CRISPR-Based Genome Editing","Base editing","33606977"
"NM_004448.4(ERBB2):c.2370G>A (p.Leu790=)","chr17","39724788","G/A","ERBB2","0.313","dataset0530","Synonymous","Neutral to the ERBB2-mediated cellular proliferation in HAP1","ERBB2-mediated cellular proliferation","6","Functionally normal","","","NA","CRISPR-Based Genome Editing","Base editing","33606977"
"NM_004448.4(ERBB2):c.2372C>T (p.Thr791Ile)","chr17","39724790","C/T","ERBB2","0.218","dataset0530","Missense","Neutral to the ERBB2-mediated cellular proliferation in HAP1","ERBB2-mediated cellular proliferation","6","Functionally normal","","","NA","CRISPR-Based Genome Editing","Base editing","33606977"
"NM_004448.4(ERBB2):c.2391G>A (p.Val797=)","chr17","39724809","G/A","ERBB2","-0.286","dataset0530","Synonymous","Neutral to the ERBB2-mediated cellular proliferation in HAP1","ERBB2-mediated cellular proliferation","6","Functionally normal","","3.09762e-06","NA","CRISPR-Based Genome Editing","Base editing","33606977"
"NM_004448.4(ERBB2):c.2393C>T (p.Thr798Ile)","chr17","39724811","C/T","ERBB2","-0.883","dataset0530","Missense","Neutral to the ERBB2-mediated cellular proliferation in HAP1","ERBB2-mediated cellular proliferation","6","Functionally normal","","","NA","CRISPR-Based Genome Editing","Base editing","33606977"
"NM_004448.4(ERBB2):c.2395C>T (p.Gln799Ter)","chr17","39724813","C/T","ERBB2","-0.883","dataset0530","Nonsense","Neutral to the ERBB2-mediated cellular proliferation in HAP1","ERBB2-mediated cellular proliferation","6","Functionally normal","","","NA","CRISPR-Based Genome Editing","Base editing","33606977"
"NM_004448.4(ERBB2):c.2422G>A (p.Asp808Asn)","chr17","39724840","G/A","ERBB2","-0.083","dataset0530","Missense","Neutral to the ERBB2-mediated cellular proliferation in HAP1","ERBB2-mediated cellular proliferation","6","Functionally normal","","","NA","CRISPR-Based Genome Editing","Base editing","33606977"
"NM_004448.4(ERBB2):c.2425C>T (p.His809Tyr)","chr17","39724843","C/T","ERBB2","-0.027","dataset0530","Missense","Neutral to the ERBB2-mediated cellular proliferation in HAP1","ERBB2-mediated cellular proliferation","6","Functionally normal","","","NA","CRISPR-Based Genome Editing","Base editing","33606977"
"NM_004448.4(ERBB2):c.2432_2433delinsAA (p.Arg811Gln)","chr17","39724850","GG/AA","ERBB2","-1.331","dataset0530","Missense","Neutral to the ERBB2-mediated cellular proliferation in HAP1","ERBB2-mediated cellular proliferation","6","Functionally normal","","","NA","CRISPR-Based Genome Editing","Base editing","33606977"
"NM_004448.4(ERBB2):c.2434G>A (p.Glu812Lys)","chr17","39724852","G/A","ERBB2","-1.331","dataset0530","Missense","Neutral to the ERBB2-mediated cellular proliferation in HAP1","ERBB2-mediated cellular proliferation","6","Functionally normal","","","NA","CRISPR-Based Genome Editing","Base editing","33606977"
"NM_004448.4(ERBB2):c.2446C>T (p.Arg816Cys)","chr17","39724864","C/T","ERBB2","0.411","dataset0530","Missense","Neutral to the ERBB2-mediated cellular proliferation in HAP1","ERBB2-mediated cellular proliferation","6","Functionally normal","Uncertain significance","6.81447e-06","NA","CRISPR-Based Genome Editing","Base editing","33606977"
"NM_004448.4(ERBB2):c.2456_2457delinsTT (p.Ser819Phe)","chr17","39724874","CC/TT","ERBB2","-0.57","dataset0530","Missense","Neutral to the ERBB2-mediated cellular proliferation in HAP1","ERBB2-mediated cellular proliferation","6","Functionally normal","","","NA","CRISPR-Based Genome Editing","Base editing","33606977"
"NM_004448.4(ERBB2):c.2458C>T (p.Gln820Ter)","chr17","39724876","C/T","ERBB2","-0.57","dataset0530","Nonsense","Neutral to the ERBB2-mediated cellular proliferation in HAP1","ERBB2-mediated cellular proliferation","6","Functionally normal","","","NA","CRISPR-Based Genome Editing","Base editing","33606977"
"NM_004448.4(ERBB2):c.2474_2475delinsAA (p.Trp825Ter)","chr17","39724892","GG/AA","ERBB2","-0.183","dataset0530","Nonsense","Neutral to the ERBB2-mediated cellular proliferation in HAP1","ERBB2-mediated cellular proliferation","6","Functionally normal","","","NA","CRISPR-Based Genome Editing","Base editing","33606977"
"NM_004448.4(ERBB2):c.2494-4C>T","chr17","39725045","C/T","ERBB2","0.094","dataset0530","Splice site","Neutral to the ERBB2-mediated cellular proliferation in HAP1","ERBB2-mediated cellular proliferation","6","Functionally normal","","1.85863e-06","NA","CRISPR-Based Genome Editing","Base editing","33606977"
"NM_004448.4(ERBB2):c.2494-3C>T","chr17","39725046","C/T","ERBB2","0.094","dataset0530","Splice site","Neutral to the ERBB2-mediated cellular proliferation in HAP1","ERBB2-mediated cellular proliferation","6","Functionally normal","Uncertain significance","","NA","CRISPR-Based Genome Editing","Base editing","33606977"
"NM_004448.4(ERBB2):c.2505C>T (p.Tyr835=)","chr17","39725060","C/T","ERBB2","0.401","dataset0530","Synonymous","Neutral to the ERBB2-mediated cellular proliferation in HAP1","ERBB2-mediated cellular proliferation","6","Functionally normal","","0","NA","CRISPR-Based Genome Editing","Base editing","33606977"
"NM_004448.4(ERBB2):c.2508G>A (p.Leu836=)","chr17","39725063","G/A","ERBB2","-0.875","dataset0530","Synonymous","Neutral to the ERBB2-mediated cellular proliferation in HAP1","ERBB2-mediated cellular proliferation","6","Functionally normal","","1.11518e-05","NA","CRISPR-Based Genome Editing","Base editing","33606977"
"NM_004448.4(ERBB2):c.2509G>A (p.Glu837Lys)","chr17","39725064","G/A","ERBB2","-0.875","dataset0530","Missense","Neutral to the ERBB2-mediated cellular proliferation in HAP1","ERBB2-mediated cellular proliferation","6","Functionally normal","","","NA","CRISPR-Based Genome Editing","Base editing","33606977"
"NM_004448.4(ERBB2):c.2523C>T (p.Leu841=)","chr17","39725078","C/T","ERBB2","0.711","dataset0530","Synonymous","Neutral to the ERBB2-mediated cellular proliferation in HAP1","ERBB2-mediated cellular proliferation","6","Functionally normal","Likely benign","2.23048e-05","NA","CRISPR-Based Genome Editing","Base editing","33606977"
"NM_004448.4(ERBB2):c.2524G>A (p.Val842Ile)","chr17","39725079","G/A","ERBB2","-0.698","dataset0530","Missense","Neutral to the ERBB2-mediated cellular proliferation in HAP1","ERBB2-mediated cellular proliferation","6","Functionally normal","Uncertain significance","1.85859e-06","blca:0.5% (2/411):0.485;brca:0.1% (1/1084):0.420;coad:0.2% (1/439):0.740;paad:1.1% (2/184):0.190;read:1.3% (2/155):0.680;stad:0.2% (1/440):0.330;ucec:0.8% (4/529):0.375;ucs:1.8% (1/57):0.420","CRISPR-Based Genome Editing","Base editing","33606977"
"NM_004448.4(ERBB2):c.2529C>T (p.His843=)","chr17","39725084","C/T","ERBB2","0.381","dataset0530","Synonymous","Neutral to the ERBB2-mediated cellular proliferation in HAP1","ERBB2-mediated cellular proliferation","6","Functionally normal","","6.19513e-07","NA","CRISPR-Based Genome Editing","Base editing","33606977"
"NM_004448.4(ERBB2):c.2541C>T (p.Ala847=)","chr17","39725096","C/T","ERBB2","-0.468","dataset0530","Synonymous","Neutral to the ERBB2-mediated cellular proliferation in HAP1","ERBB2-mediated cellular proliferation","6","Functionally normal","Likely benign","0.000475805","NA","CRISPR-Based Genome Editing","Base editing","33606977"
"NM_004448.4(ERBB2):c.2556G>A (p.Leu852=)","chr17","39725111","G/A","ERBB2","-0.575","dataset0530","Synonymous","Neutral to the ERBB2-mediated cellular proliferation in HAP1","ERBB2-mediated cellular proliferation","6","Functionally normal","","","NA","CRISPR-Based Genome Editing","Base editing","33606977"
"NM_004448.4(ERBB2):c.2557G>A (p.Val853Ile)","chr17","39725112","G/A","ERBB2","-0.575","dataset0530","Missense","Neutral to the ERBB2-mediated cellular proliferation in HAP1","ERBB2-mediated cellular proliferation","6","Functionally normal","","","NA","CRISPR-Based Genome Editing","Base editing","33606977"
"NM_004448.4(ERBB2):c.2577C>T (p.Val859=)","chr17","39725132","C/T","ERBB2","-1.469","dataset0530","Synonymous","Neutral to the ERBB2-mediated cellular proliferation in HAP1","ERBB2-mediated cellular proliferation","6","Functionally normal","","6.19536e-07","NA","CRISPR-Based Genome Editing","Base editing","33606977"
"NM_004448.4(ERBB2):c.2585C>T (p.Thr862Ile)","chr17","39725140","C/T","ERBB2","-1.115","dataset0530","Missense","Neutral to the ERBB2-mediated cellular proliferation in HAP1","ERBB2-mediated cellular proliferation","6","Functionally normal","","6.19512e-07","NA","CRISPR-Based Genome Editing","Base editing","33606977"
"NM_004448.4(ERBB2):c.2589C>T (p.Asp863=)","chr17","39725144","C/T","ERBB2","-1.115","dataset0530","Synonymous","Neutral to the ERBB2-mediated cellular proliferation in HAP1","ERBB2-mediated cellular proliferation","6","Functionally normal","Uncertain significance","6.19566e-06","NA","CRISPR-Based Genome Editing","Base editing","33606977"
"NM_004448.4(ERBB2):c.2592C>T (p.Phe864=)","chr17","39725147","C/T","ERBB2","0.939","dataset0530","Synonymous","Neutral to the ERBB2-mediated cellular proliferation in HAP1","ERBB2-mediated cellular proliferation","6","Functionally normal","Likely benign","1.54886e-05","NA","CRISPR-Based Genome Editing","Base editing","33606977"
"NM_004448.4(ERBB2):c.2624C>T (p.Thr875Ile)","chr17","39725179","C/T","ERBB2","-0.147","dataset0530","Missense","Neutral to the ERBB2-mediated cellular proliferation in HAP1","ERBB2-mediated cellular proliferation","6","Functionally normal","","","NA","CRISPR-Based Genome Editing","Base editing","33606977"
"NM_004448.4(ERBB2):c.2631C>T (p.Tyr877=)","chr17","39725186","C/T","ERBB2","0.196","dataset0530","Synonymous","Neutral to the ERBB2-mediated cellular proliferation in HAP1","ERBB2-mediated cellular proliferation","6","Functionally normal","","","NA","CRISPR-Based Genome Editing","Base editing","33606977"
"NM_004448.4(ERBB2):c.2632C>T (p.His878Tyr)","chr17","39725187","C/T","ERBB2","0.196","dataset0530","Missense","Neutral to the ERBB2-mediated cellular proliferation in HAP1","ERBB2-mediated cellular proliferation","6","Functionally normal","","","NA","CRISPR-Based Genome Editing","Base editing","33606977"
"NM_004448.4(ERBB2):c.2649G>A (p.Lys883=)","chr17","39725204","G/A","ERBB2","-1.029","dataset0530","Splice site","Neutral to the ERBB2-mediated cellular proliferation in HAP1","ERBB2-mediated cellular proliferation","6","Functionally normal","","","NA","CRISPR-Based Genome Editing","Base editing","33606977"
"NM_004448.4(ERBB2):c.2649+1G>A","chr17","39725205","G/A","ERBB2","-1.029","dataset0530","Splice site","Neutral to the ERBB2-mediated cellular proliferation in HAP1","ERBB2-mediated cellular proliferation","6","Functionally normal","","","NA","CRISPR-Based Genome Editing","Base editing","33606977"
"NM_004448.4(ERBB2):c.2650-5C>T","chr17","39725322","C/T","ERBB2","0.055","dataset0530","Splice site","Neutral to the ERBB2-mediated cellular proliferation in HAP1","ERBB2-mediated cellular proliferation","6","Functionally normal","","4.64703e-05","NA","CRISPR-Based Genome Editing","Base editing","33606977"
"NM_004448.4(ERBB2):c.2650-4C>T","chr17","39725323","C/T","ERBB2","0.055","dataset0530","Splice site","Neutral to the ERBB2-mediated cellular proliferation in HAP1","ERBB2-mediated cellular proliferation","6","Functionally normal","","6.19557e-07","NA","CRISPR-Based Genome Editing","Base editing","33606977"
"NM_004448.4(ERBB2):c.2650-3C>T","chr17","39725324","C/T","ERBB2","0.055","dataset0530","Splice site","Neutral to the ERBB2-mediated cellular proliferation in HAP1","ERBB2-mediated cellular proliferation","6","Functionally normal","","6.19563e-07","NA","CRISPR-Based Genome Editing","Base editing","33606977"
"NM_004448.4(ERBB2):c.2655C>T (p.Pro885=)","chr17","39725332","C/T","ERBB2","0.19","dataset0530","Synonymous","Neutral to the ERBB2-mediated cellular proliferation in HAP1","ERBB2-mediated cellular proliferation","6","Functionally normal","","1.23925e-06","NA","CRISPR-Based Genome Editing","Base editing","33606977"
"NM_004448.4(ERBB2):c.2658C>T (p.Ile886=)","chr17","39725335","C/T","ERBB2","0.19","dataset0530","Synonymous","Neutral to the ERBB2-mediated cellular proliferation in HAP1","ERBB2-mediated cellular proliferation","6","Functionally normal","","4.95707e-06","NA","CRISPR-Based Genome Editing","Base editing","33606977"
"NM_004448.4(ERBB2):c.2661G>A (p.Lys887=)","chr17","39725338","G/A","ERBB2","-1.106","dataset0530","Synonymous","Neutral to the ERBB2-mediated cellular proliferation in HAP1","ERBB2-mediated cellular proliferation","6","Functionally normal","","1.23914e-06","NA","CRISPR-Based Genome Editing","Base editing","33606977"
"NM_004448.4(ERBB2):c.2663_2664delinsAA (p.Trp888Ter)","chr17","39725340","GG/AA","ERBB2","-1.106","dataset0530","Nonsense","Neutral to the ERBB2-mediated cellular proliferation in HAP1","ERBB2-mediated cellular proliferation","6","Functionally normal","","","NA","CRISPR-Based Genome Editing","Base editing","33606977"
"NM_004448.4(ERBB2):c.2673G>A (p.Leu891=)","chr17","39725350","G/A","ERBB2","-1.013","dataset0530","Synonymous","Neutral to the ERBB2-mediated cellular proliferation in HAP1","ERBB2-mediated cellular proliferation","6","Functionally normal","","6.1955e-07","NA","CRISPR-Based Genome Editing","Base editing","33606977"
"NM_004448.4(ERBB2):c.2678_2679delinsTT (p.Ser893Phe)","chr17","39725355","CC/TT","ERBB2","0.971","dataset0530","Missense","Neutral to the ERBB2-mediated cellular proliferation in HAP1","ERBB2-mediated cellular proliferation","6","Functionally normal","","","NA","CRISPR-Based Genome Editing","Base editing","33606977"
"NM_004448.4(ERBB2):c.2693_2694delinsAA (p.Arg898Gln)","chr17","39725370","GG/AA","ERBB2","0.898","dataset0530","Missense","Neutral to the ERBB2-mediated cellular proliferation in HAP1","ERBB2-mediated cellular proliferation","6","Functionally normal","","","NA","CRISPR-Based Genome Editing","Base editing","33606977"
"NM_004448.4(ERBB2):c.2699_2700delinsTT (p.Thr900Ile)","chr17","39725376","CC/TT","ERBB2","0.299","dataset0530","Missense","Neutral to the ERBB2-mediated cellular proliferation in HAP1","ERBB2-mediated cellular proliferation","6","Functionally normal","","","NA","CRISPR-Based Genome Editing","Base editing","33606977"
"NM_004448.4(ERBB2):c.2706G>A (p.Gln902=)","chr17","39725383","G/A","ERBB2","0.432","dataset0530","Synonymous","Neutral to the ERBB2-mediated cellular proliferation in HAP1","ERBB2-mediated cellular proliferation","6","Functionally normal","","","NA","CRISPR-Based Genome Editing","Base editing","33606977"
"NM_004448.4(ERBB2):c.2715G>A (p.Val905=)","chr17","39725392","G/A","ERBB2","-2.983","dataset0530","Synonymous","The reduced ERBB2-mediated cellular proliferation in HAP1","ERBB2-mediated cellular proliferation","6","Loss-of-function","Uncertain significance","","NA","CRISPR-Based Genome Editing","Base editing","33606977"
"NM_004448.4(ERBB2):c.2717_2718delinsAA (p.Trp906Ter)","chr17","39725394","GG/AA","ERBB2","-2.983","dataset0530","Nonsense","The reduced ERBB2-mediated cellular proliferation in HAP1","ERBB2-mediated cellular proliferation","6","Loss-of-function","","","NA","CRISPR-Based Genome Editing","Base editing","33606977"
"NM_004448.4(ERBB2):c.2718G>A (p.Trp906Ter)","chr17","39725395","G/A","ERBB2","-3.054","dataset0530","Nonsense","The reduced ERBB2-mediated cellular proliferation in HAP1","ERBB2-mediated cellular proliferation","6","Loss-of-function","","","NA","CRISPR-Based Genome Editing","Base editing","33606977"
"NM_004448.4(ERBB2):c.2720G>A (p.Ser907Asn)","chr17","39725397","G/A","ERBB2","-3.054","dataset0530","Missense","The reduced ERBB2-mediated cellular proliferation in HAP1","ERBB2-mediated cellular proliferation","6","Loss-of-function","","","NA","CRISPR-Based Genome Editing","Base editing","33606977"
"NM_004448.4(ERBB2):c.2726-5C>T","chr17","39725702","C/T","ERBB2","0.531","dataset0530","Splice site","Neutral to the ERBB2-mediated cellular proliferation in HAP1","ERBB2-mediated cellular proliferation","6","Functionally normal","","6.21095e-07","NA","CRISPR-Based Genome Editing","Base editing","33606977"
"NM_004448.4(ERBB2):c.2736G>A (p.Val912=)","chr17","39725717","G/A","ERBB2","-1.671","dataset0530","Synonymous","Neutral to the ERBB2-mediated cellular proliferation in HAP1","ERBB2-mediated cellular proliferation","6","Functionally normal","","1.23997e-06","NA","CRISPR-Based Genome Editing","Base editing","33606977"
"NM_004448.4(ERBB2):c.2738_2739delinsAA (p.Trp913Ter)","chr17","39725719","GG/AA","ERBB2","-1.671","dataset0530","Nonsense","Neutral to the ERBB2-mediated cellular proliferation in HAP1","ERBB2-mediated cellular proliferation","6","Functionally normal","","","NA","CRISPR-Based Genome Editing","Base editing","33606977"
"NM_004448.4(ERBB2):c.2760C>T (p.Ala920=)","chr17","39725741","C/T","ERBB2","0.607","dataset0530","Synonymous","Neutral to the ERBB2-mediated cellular proliferation in HAP1","ERBB2-mediated cellular proliferation","6","Functionally normal","","","NA","CRISPR-Based Genome Editing","Base editing","33606977"
"NM_004448.4(ERBB2):c.2769C>T (p.Tyr923=)","chr17","39725750","C/T","ERBB2","-0.916","dataset0530","Synonymous","Neutral to the ERBB2-mediated cellular proliferation in HAP1","ERBB2-mediated cellular proliferation","6","Functionally normal","Likely benign","8.79924e-05","NA","CRISPR-Based Genome Editing","Base editing","33606977"
"NM_004448.4(ERBB2):c.2774_2775delinsAA (p.Gly925Glu)","chr17","39725755","GG/AA","ERBB2","0.507","dataset0530","Missense","Neutral to the ERBB2-mediated cellular proliferation in HAP1","ERBB2-mediated cellular proliferation","6","Functionally normal","","","NA","CRISPR-Based Genome Editing","Base editing","33606977"
"NM_004448.4(ERBB2):c.2793C>T (p.Ile931=)","chr17","39725774","C/T","ERBB2","-0.887","dataset0530","Synonymous","Neutral to the ERBB2-mediated cellular proliferation in HAP1","ERBB2-mediated cellular proliferation","6","Functionally normal","","","NA","CRISPR-Based Genome Editing","Base editing","33606977"
"NM_004448.4(ERBB2):c.2794_2795delinsTT (p.Pro932Phe)","chr17","39725775","CC/TT","ERBB2","-1.027","dataset0530","Missense","Neutral to the ERBB2-mediated cellular proliferation in HAP1","ERBB2-mediated cellular proliferation","6","Functionally normal","","","NA","CRISPR-Based Genome Editing","Base editing","33606977"
"NM_004448.4(ERBB2):c.2795C>T (p.Pro932Leu)","chr17","39725776","C/T","ERBB2","0.425","dataset0530","Missense","Neutral to the ERBB2-mediated cellular proliferation in HAP1","ERBB2-mediated cellular proliferation","6","Functionally normal","","","NA","CRISPR-Based Genome Editing","Base editing","33606977"
"NM_004448.4(ERBB2):c.2797G>A (p.Asp933Asn)","chr17","39725778","G/A","ERBB2","0.675","dataset0530","Missense","Neutral to the ERBB2-mediated cellular proliferation in HAP1","ERBB2-mediated cellular proliferation","6","Functionally normal","","","NA","CRISPR-Based Genome Editing","Base editing","33606977"
"NM_004448.4(ERBB2):c.2799C>T (p.Asp933=)","chr17","39725780","C/T","ERBB2","0.425","dataset0530","Synonymous","Neutral to the ERBB2-mediated cellular proliferation in HAP1","ERBB2-mediated cellular proliferation","6","Functionally normal","","","NA","CRISPR-Based Genome Editing","Base editing","33606977"
"NM_004448.4(ERBB2):c.2800C>T (p.Leu934=)","chr17","39725781","C/T","ERBB2","0.458","dataset0530","Synonymous","Neutral to the ERBB2-mediated cellular proliferation in HAP1","ERBB2-mediated cellular proliferation","6","Functionally normal","","","NA","CRISPR-Based Genome Editing","Base editing","33606977"
"NM_004448.4(ERBB2):c.2848G>A (p.Asp950Asn)","chr17","39725829","G/A","ERBB2","-1.008","dataset0530","Missense","Neutral to the ERBB2-mediated cellular proliferation in HAP1","ERBB2-mediated cellular proliferation","6","Functionally normal","","","NA","CRISPR-Based Genome Editing","Base editing","33606977"
"NM_004448.4(ERBB2):c.2851G>A (p.Val951Ile)","chr17","39725832","G/A","ERBB2","-1.008","dataset0530","Missense","Neutral to the ERBB2-mediated cellular proliferation in HAP1","ERBB2-mediated cellular proliferation","6","Functionally normal","","2.47852e-06","NA","CRISPR-Based Genome Editing","Base editing","33606977"
"NM_004448.4(ERBB2):c.2859G>A (p.Met953Ile)","chr17","39725840","G/A","ERBB2","-1.286","dataset0530","Missense","Neutral to the ERBB2-mediated cellular proliferation in HAP1","ERBB2-mediated cellular proliferation","6","Functionally normal","","","NA","CRISPR-Based Genome Editing","Base editing","33606977"
"NM_004448.4(ERBB2):c.2884G>A (p.Asp962Asn)","chr17","39726573","G/A","ERBB2","-1.019","dataset0530","Missense","Neutral to the ERBB2-mediated cellular proliferation in HAP1","ERBB2-mediated cellular proliferation","6","Functionally normal","","","NA","CRISPR-Based Genome Editing","Base editing","33606977"
"NM_004448.4(ERBB2):c.2896C>T (p.Arg966Trp)","chr17","39726585","C/T","ERBB2","1.204","dataset0530","Missense","Neutral to the ERBB2-mediated cellular proliferation in HAP1","ERBB2-mediated cellular proliferation","6","Functionally normal","","6.1953e-07","NA","CRISPR-Based Genome Editing","Base editing","33606977"
"NM_004448.4(ERBB2):c.2900C>T (p.Pro967Leu)","chr17","39726589","C/T","ERBB2","1.215","dataset0530","Missense","Neutral to the ERBB2-mediated cellular proliferation in HAP1","ERBB2-mediated cellular proliferation","6","Functionally normal","","","NA","CRISPR-Based Genome Editing","Base editing","33606977"
"NM_004448.4(ERBB2):c.2916G>A (p.Leu972=)","chr17","39726605","G/A","ERBB2","0.652","dataset0530","Synonymous","Neutral to the ERBB2-mediated cellular proliferation in HAP1","ERBB2-mediated cellular proliferation","6","Functionally normal","","","NA","CRISPR-Based Genome Editing","Base editing","33606977"
"NM_004448.4(ERBB2):c.2917G>A (p.Val973Met)","chr17","39726606","G/A","ERBB2","0.652","dataset0530","Missense","Neutral to the ERBB2-mediated cellular proliferation in HAP1","ERBB2-mediated cellular proliferation","6","Functionally normal","","","NA","CRISPR-Based Genome Editing","Base editing","33606977"
"NM_004448.4(ERBB2):c.2921C>T (p.Ser974Phe)","chr17","39726610","C/T","ERBB2","0.159","dataset0530","Missense","Neutral to the ERBB2-mediated cellular proliferation in HAP1","ERBB2-mediated cellular proliferation","6","Functionally normal","","6.19505e-07","cesc:0.3% (1/297):0.090;stad:0.2% (1/440):0.030","CRISPR-Based Genome Editing","Base editing","33606977"
"NM_004448.4(ERBB2):c.2923G>A (p.Glu975Lys)","chr17","39726612","G/A","ERBB2","-0.931","dataset0530","Missense","Neutral to the ERBB2-mediated cellular proliferation in HAP1","ERBB2-mediated cellular proliferation","6","Functionally normal","","","NA","CRISPR-Based Genome Editing","Base editing","33606977"
"NM_004448.4(ERBB2):c.2928C>T (p.Phe976=)","chr17","39726617","C/T","ERBB2","-1.595","dataset0530","Synonymous","Neutral to the ERBB2-mediated cellular proliferation in HAP1","ERBB2-mediated cellular proliferation","6","Functionally normal","","","NA","CRISPR-Based Genome Editing","Base editing","33606977"
"NM_004448.4(ERBB2):c.2946C>T (p.Asp982=)","chr17","39726635","C/T","ERBB2","0.589","dataset0530","Synonymous","Neutral to the ERBB2-mediated cellular proliferation in HAP1","ERBB2-mediated cellular proliferation","6","Functionally normal","","","NA","CRISPR-Based Genome Editing","Base editing","33606977"
"NM_004448.4(ERBB2):c.2947C>T (p.Pro983Ser)","chr17","39726636","C/T","ERBB2","0.589","dataset0530","Missense","Neutral to the ERBB2-mediated cellular proliferation in HAP1","ERBB2-mediated cellular proliferation","6","Functionally normal","","","NA","CRISPR-Based Genome Editing","Base editing","33606977"
"NM_004448.4(ERBB2):c.2961G>A (p.Val987=)","chr17","39726650","G/A","ERBB2","0.347","dataset0530","Synonymous","Neutral to the ERBB2-mediated cellular proliferation in HAP1","ERBB2-mediated cellular proliferation","6","Functionally normal","","","NA","CRISPR-Based Genome Editing","Base editing","33606977"
"NM_004448.4(ERBB2):c.2962G>A (p.Val988Ile)","chr17","39726651","G/A","ERBB2","-0.389","dataset0530","Missense","Neutral to the ERBB2-mediated cellular proliferation in HAP1","ERBB2-mediated cellular proliferation","6","Functionally normal","","6.19516e-07","hnsc:0.2% (1/523):0.110","CRISPR-Based Genome Editing","Base editing","33606977"
"NM_004448.4(ERBB2):c.2971-6C>T","chr17","39726809","C/T","ERBB2","0.314","dataset0530","Splice site","Neutral to the ERBB2-mediated cellular proliferation in HAP1","ERBB2-mediated cellular proliferation","6","Functionally normal","","","NA","CRISPR-Based Genome Editing","Base editing","33606977"
"NM_004448.4(ERBB2):c.2971-5C>T","chr17","39726810","C/T","ERBB2","0.314","dataset0530","Splice site","Neutral to the ERBB2-mediated cellular proliferation in HAP1","ERBB2-mediated cellular proliferation","6","Functionally normal","","","NA","CRISPR-Based Genome Editing","Base editing","33606977"
"NM_004448.4(ERBB2):c.2971-3C>T","chr17","39726812","C/T","ERBB2","0.314","dataset0530","Splice site","Neutral to the ERBB2-mediated cellular proliferation in HAP1","ERBB2-mediated cellular proliferation","6","Functionally normal","","","NA","CRISPR-Based Genome Editing","Base editing","33606977"
"NM_004448.4(ERBB2):c.2982G>A (p.Leu994=)","chr17","39726826","G/A","ERBB2","0.394","dataset0530","Synonymous","Neutral to the ERBB2-mediated cellular proliferation in HAP1","ERBB2-mediated cellular proliferation","6","Functionally normal","","","NA","CRISPR-Based Genome Editing","Base editing","33606977"
"NM_004448.4(ERBB2):c.2983G>A (p.Gly995Ser)","chr17","39726827","G/A","ERBB2","0.394","dataset0530","Missense","Neutral to the ERBB2-mediated cellular proliferation in HAP1","ERBB2-mediated cellular proliferation","6","Functionally normal","","","NA","CRISPR-Based Genome Editing","Base editing","33606977"
"NM_004448.4(ERBB2):c.2986C>T (p.Pro996Ser)","chr17","39726830","C/T","ERBB2","1.261","dataset0530","Missense","Neutral to the ERBB2-mediated cellular proliferation in HAP1","ERBB2-mediated cellular proliferation","6","Functionally normal","","","NA","CRISPR-Based Genome Editing","Base editing","33606977"
"NM_004448.4(ERBB2):c.3000G>A (p.Leu1000=)","chr17","39726844","G/A","ERBB2","0.061","dataset0530","Synonymous","Neutral to the ERBB2-mediated cellular proliferation in HAP1","ERBB2-mediated cellular proliferation","6","Functionally normal","","","NA","CRISPR-Based Genome Editing","Base editing","33606977"
"NM_004448.4(ERBB2):c.3001G>A (p.Asp1001Asn)","chr17","39726845","G/A","ERBB2","-0.998","dataset0530","Missense","Neutral to the ERBB2-mediated cellular proliferation in HAP1","ERBB2-mediated cellular proliferation","6","Functionally normal","","","NA","CRISPR-Based Genome Editing","Base editing","33606977"
"NM_004448.4(ERBB2):c.3009C>T (p.Thr1003=)","chr17","39726853","C/T","ERBB2","-1.222","dataset0530","Synonymous","Neutral to the ERBB2-mediated cellular proliferation in HAP1","ERBB2-mediated cellular proliferation","6","Functionally normal","","","NA","CRISPR-Based Genome Editing","Base editing","33606977"
"NM_004448.4(ERBB2):c.3012C>T (p.Phe1004=)","chr17","39726856","C/T","ERBB2","-1.222","dataset0530","Synonymous","Neutral to the ERBB2-mediated cellular proliferation in HAP1","ERBB2-mediated cellular proliferation","6","Functionally normal","","","NA","CRISPR-Based Genome Editing","Base editing","33606977"
"NM_004448.4(ERBB2):c.3015C>T (p.Tyr1005=)","chr17","39726859","C/T","ERBB2","0.083","dataset0530","Synonymous","Neutral to the ERBB2-mediated cellular proliferation in HAP1","ERBB2-mediated cellular proliferation","6","Functionally normal","","","NA","CRISPR-Based Genome Editing","Base editing","33606977"
"NM_004448.4(ERBB2):c.3016C>T (p.Arg1006Cys)","chr17","39726860","C/T","ERBB2","0.083","dataset0530","Missense","Neutral to the ERBB2-mediated cellular proliferation in HAP1","ERBB2-mediated cellular proliferation","6","Functionally normal","Uncertain significance","1.42544e-05","hnsc:0.2% (1/523):0.190","CRISPR-Based Genome Editing","Base editing","33606977"
"NM_004448.4(ERBB2):c.3027G>A (p.Leu1009=)","chr17","39726871","G/A","ERBB2","0.71","dataset0530","Synonymous","Neutral to the ERBB2-mediated cellular proliferation in HAP1","ERBB2-mediated cellular proliferation","6","Functionally normal","","","NA","CRISPR-Based Genome Editing","Base editing","33606977"
"NM_004448.4(ERBB2):c.3030G>A (p.Glu1010=)","chr17","39726874","G/A","ERBB2","1.374","dataset0530","Synonymous","Neutral to the ERBB2-mediated cellular proliferation in HAP1","ERBB2-mediated cellular proliferation","6","Functionally normal","","","NA","CRISPR-Based Genome Editing","Base editing","33606977"
"NM_004448.4(ERBB2):c.3031G>A (p.Asp1011Asn)","chr17","39726875","G/A","ERBB2","1.374","dataset0530","Missense","Neutral to the ERBB2-mediated cellular proliferation in HAP1","ERBB2-mediated cellular proliferation","6","Functionally normal","Uncertain significance","6.19558e-07","NA","CRISPR-Based Genome Editing","Base editing","33606977"
"NM_004448.4(ERBB2):c.3033C>T (p.Asp1011=)","chr17","39726877","C/T","ERBB2","0.872","dataset0530","Synonymous","Neutral to the ERBB2-mediated cellular proliferation in HAP1","ERBB2-mediated cellular proliferation","6","Functionally normal","Likely benign","9.10878e-05","NA","CRISPR-Based Genome Editing","Base editing","33606977"
"NM_004448.4(ERBB2):c.3034G>A (p.Asp1012Asn)","chr17","39726878","G/A","ERBB2","1.374","dataset0530","Missense","Neutral to the ERBB2-mediated cellular proliferation in HAP1","ERBB2-mediated cellular proliferation","6","Functionally normal","Uncertain significance","1.67298e-05","NA","CRISPR-Based Genome Editing","Base editing","33606977"
"NM_004448.4(ERBB2):c.3039C>T (p.Asp1013=)","chr17","39726883","C/T","ERBB2","0.197","dataset0530","Synonymous","Neutral to the ERBB2-mediated cellular proliferation in HAP1","ERBB2-mediated cellular proliferation","6","Functionally normal","","1.85872e-06","NA","CRISPR-Based Genome Editing","Base editing","33606977"
"NM_004448.4(ERBB2):c.3048C>T (p.Asp1016=)","chr17","39726892","C/T","ERBB2","0.757","dataset0530","Synonymous","Neutral to the ERBB2-mediated cellular proliferation in HAP1","ERBB2-mediated cellular proliferation","6","Functionally normal","","","NA","CRISPR-Based Genome Editing","Base editing","33606977"
"NM_004448.4(ERBB2):c.3049C>T (p.Leu1017=)","chr17","39726893","C/T","ERBB2","0.757","dataset0530","Synonymous","Neutral to the ERBB2-mediated cellular proliferation in HAP1","ERBB2-mediated cellular proliferation","6","Functionally normal","","","NA","CRISPR-Based Genome Editing","Base editing","33606977"
"NM_004448.4(ERBB2):c.3063G>A (p.Glu1021=)","chr17","39726907","G/A","ERBB2","-2.775","dataset0530","Synonymous","The reduced ERBB2-mediated cellular proliferation in HAP1","ERBB2-mediated cellular proliferation","6","Loss-of-function","","","NA","CRISPR-Based Genome Editing","Base editing","33606977"
"NM_004448.4(ERBB2):c.3070C>T (p.Leu1024=)","chr17","39726914","C/T","ERBB2","-0.894","dataset0530","Synonymous","Neutral to the ERBB2-mediated cellular proliferation in HAP1","ERBB2-mediated cellular proliferation","6","Functionally normal","Benign","0.000240413","NA","CRISPR-Based Genome Editing","Base editing","33606977"
"NM_004448.4(ERBB2):c.3093C>T (p.Phe1031=)","chr17","39726937","C/T","ERBB2","-0.861","dataset0530","Synonymous","Neutral to the ERBB2-mediated cellular proliferation in HAP1","ERBB2-mediated cellular proliferation","6","Functionally normal","","","NA","CRISPR-Based Genome Editing","Base editing","33606977"
"NM_004448.4(ERBB2):c.3095G>A (p.Cys1032Tyr)","chr17","39726939","G/A","ERBB2","-0.198","dataset0530","Missense","Neutral to the ERBB2-mediated cellular proliferation in HAP1","ERBB2-mediated cellular proliferation","6","Functionally normal","","","NA","CRISPR-Based Genome Editing","Base editing","33606977"
"NM_004448.4(ERBB2):c.3097_3098delinsTT (p.Pro1033Leu)","chr17","39726941","CC/TT","ERBB2","0.171","dataset0530","Missense","Neutral to the ERBB2-mediated cellular proliferation in HAP1","ERBB2-mediated cellular proliferation","6","Functionally normal","","","NA","CRISPR-Based Genome Editing","Base editing","33606977"
"NM_004448.4(ERBB2):c.3097C>T (p.Pro1033Ser)","chr17","39726941","C/T","ERBB2","-0.861","dataset0530","Missense","Neutral to the ERBB2-mediated cellular proliferation in HAP1","ERBB2-mediated cellular proliferation","6","Functionally normal","","","NA","CRISPR-Based Genome Editing","Base editing","33606977"
"NM_004448.4(ERBB2):c.3102C>T (p.Asp1034=)","chr17","39726946","C/T","ERBB2","0.335","dataset0530","Synonymous","Neutral to the ERBB2-mediated cellular proliferation in HAP1","ERBB2-mediated cellular proliferation","6","Functionally normal","","1.23985e-06","NA","CRISPR-Based Genome Editing","Base editing","33606977"
"NM_004448.4(ERBB2):c.3103_3104delinsTT (p.Pro1035Phe)","chr17","39726947","CC/TT","ERBB2","0.164","dataset0530","Missense","Neutral to the ERBB2-mediated cellular proliferation in HAP1","ERBB2-mediated cellular proliferation","6","Functionally normal","","","NA","CRISPR-Based Genome Editing","Base editing","33606977"
"NM_004448.4(ERBB2):c.3112G>A (p.Gly1038Ser)","chr17","39726956","G/A","ERBB2","0.564","dataset0530","Missense","Neutral to the ERBB2-mediated cellular proliferation in HAP1","ERBB2-mediated cellular proliferation","6","Functionally normal","","","NA","CRISPR-Based Genome Editing","Base editing","33606977"
"NM_004448.4(ERBB2):c.3118_3120delinsAAA (p.Gly1040Lys)","chr17","39726962","GGG/AAA","ERBB2","0.608","dataset0530","Missense","Neutral to the ERBB2-mediated cellular proliferation in HAP1","ERBB2-mediated cellular proliferation","6","Functionally normal","","","NA","CRISPR-Based Genome Editing","Base editing","33606977"
"NM_004448.4(ERBB2):c.3121G>A (p.Gly1041Ser)","chr17","39726965","G/A","ERBB2","0.608","dataset0530","Missense","Neutral to the ERBB2-mediated cellular proliferation in HAP1","ERBB2-mediated cellular proliferation","6","Functionally normal","","1.24173e-06","NA","CRISPR-Based Genome Editing","Base editing","33606977"
"NM_004448.4(ERBB2):c.3126G>A (p.Met1042Ile)","chr17","39726970","G/A","ERBB2","-0.21","dataset0530","Missense","Neutral to the ERBB2-mediated cellular proliferation in HAP1","ERBB2-mediated cellular proliferation","6","Functionally normal","","","NA","CRISPR-Based Genome Editing","Base editing","33606977"
"NM_004448.4(ERBB2):c.3127G>A (p.Val1043Ile)","chr17","39726971","G/A","ERBB2","-0.21","dataset0530","Missense","Neutral to the ERBB2-mediated cellular proliferation in HAP1","ERBB2-mediated cellular proliferation","6","Functionally normal","","","NA","CRISPR-Based Genome Editing","Base editing","33606977"
"NM_004448.4(ERBB2):c.3141C>T (p.His1047=)","chr17","39726985","C/T","ERBB2","-0.282","dataset0530","Synonymous","Neutral to the ERBB2-mediated cellular proliferation in HAP1","ERBB2-mediated cellular proliferation","6","Functionally normal","","","NA","CRISPR-Based Genome Editing","Base editing","33606977"
"NM_004448.4(ERBB2):c.3142C>T (p.Arg1048Cys)","chr17","39726986","C/T","ERBB2","-0.282","dataset0530","Missense","Neutral to the ERBB2-mediated cellular proliferation in HAP1","ERBB2-mediated cellular proliferation","6","Functionally normal","Uncertain significance","3.49615e-05","NA","CRISPR-Based Genome Editing","Base editing","33606977"
"NM_004448.4(ERBB2):c.3158_3159delinsAA (p.Arg1053Lys)","chr17","39727002","GG/AA","ERBB2","0.65","dataset0530","Missense","Neutral to the ERBB2-mediated cellular proliferation in HAP1","ERBB2-mediated cellular proliferation","6","Functionally normal","","","NA","CRISPR-Based Genome Editing","Base editing","33606977"
"NM_004448.4(ERBB2):c.3159+1G>A","chr17","39727004","G/A","ERBB2","0.65","dataset0530","Splice site","Neutral to the ERBB2-mediated cellular proliferation in HAP1","ERBB2-mediated cellular proliferation","6","Functionally normal","","1.25689e-06","NA","CRISPR-Based Genome Editing","Base editing","33606977"
"NM_004448.4(ERBB2):c.3160-11C>T","chr17","39727284","C/T","ERBB2","-0.177","dataset0530","Splice site","Neutral to the ERBB2-mediated cellular proliferation in HAP1","ERBB2-mediated cellular proliferation","6","Functionally normal","","","NA","CRISPR-Based Genome Editing","Base editing","33606977"
"NM_004448.4(ERBB2):c.3160-6C>T","chr17","39727289","C/T","ERBB2","0.263","dataset0530","Splice site","Neutral to the ERBB2-mediated cellular proliferation in HAP1","ERBB2-mediated cellular proliferation","6","Functionally normal","","","NA","CRISPR-Based Genome Editing","Base editing","33606977"
"NM_004448.4(ERBB2):c.3160-5C>T","chr17","39727290","C/T","ERBB2","0.263","dataset0530","Splice site","Neutral to the ERBB2-mediated cellular proliferation in HAP1","ERBB2-mediated cellular proliferation","6","Functionally normal","","","NA","CRISPR-Based Genome Editing","Base editing","33606977"
"NM_004448.4(ERBB2):c.3160-4C>T","chr17","39727291","C/T","ERBB2","0.725","dataset0530","Splice site","Neutral to the ERBB2-mediated cellular proliferation in HAP1","ERBB2-mediated cellular proliferation","6","Functionally normal","Likely benign","","NA","CRISPR-Based Genome Editing","Base editing","33606977"
"NM_004448.4(ERBB2):c.3160-3C>T","chr17","39727292","C/T","ERBB2","0.725","dataset0530","Splice site","Neutral to the ERBB2-mediated cellular proliferation in HAP1","ERBB2-mediated cellular proliferation","6","Functionally normal","","","NA","CRISPR-Based Genome Editing","Base editing","33606977"
"NM_004448.4(ERBB2):c.3169_3171delinsAAA (p.Gly1057Lys)","chr17","39727304","GGG/AAA","ERBB2","-0.275","dataset0530","Missense","Neutral to the ERBB2-mediated cellular proliferation in HAP1","ERBB2-mediated cellular proliferation","6","Functionally normal","","","NA","CRISPR-Based Genome Editing","Base editing","33606977"
"NM_004448.4(ERBB2):c.3170_3171delinsAA (p.Gly1057Glu)","chr17","39727305","GG/AA","ERBB2","0.69","dataset0530","Missense","Neutral to the ERBB2-mediated cellular proliferation in HAP1","ERBB2-mediated cellular proliferation","6","Functionally normal","","","NA","CRISPR-Based Genome Editing","Base editing","33606977"
"NM_004448.4(ERBB2):c.3171G>A (p.Gly1057=)","chr17","39727306","G/A","ERBB2","0.175","dataset0530","Synonymous","Neutral to the ERBB2-mediated cellular proliferation in HAP1","ERBB2-mediated cellular proliferation","6","Functionally normal","","","NA","CRISPR-Based Genome Editing","Base editing","33606977"
"NM_004448.4(ERBB2):c.3172G>A (p.Asp1058Asn)","chr17","39727307","G/A","ERBB2","-0.275","dataset0530","Missense","Neutral to the ERBB2-mediated cellular proliferation in HAP1","ERBB2-mediated cellular proliferation","6","Functionally normal","","6.20043e-07","NA","CRISPR-Based Genome Editing","Base editing","33606977"
"NM_004448.4(ERBB2):c.3174C>T (p.Asp1058=)","chr17","39727309","C/T","ERBB2","0.379","dataset0530","Synonymous","Neutral to the ERBB2-mediated cellular proliferation in HAP1","ERBB2-mediated cellular proliferation","6","Functionally normal","Likely benign","","NA","CRISPR-Based Genome Editing","Base editing","33606977"
"NM_004448.4(ERBB2):c.3175C>T (p.Leu1059=)","chr17","39727310","C/T","ERBB2","0.379","dataset0530","Synonymous","Neutral to the ERBB2-mediated cellular proliferation in HAP1","ERBB2-mediated cellular proliferation","6","Functionally normal","","","NA","CRISPR-Based Genome Editing","Base editing","33606977"
"NM_004448.4(ERBB2):c.3189G>A (p.Leu1063=)","chr17","39727324","G/A","ERBB2","1.154","dataset0530","Synonymous","Neutral to the ERBB2-mediated cellular proliferation in HAP1","ERBB2-mediated cellular proliferation","6","Functionally normal","","6.2006e-07","NA","CRISPR-Based Genome Editing","Base editing","33606977"
"NM_004448.4(ERBB2):c.3190G>A (p.Glu1064Lys)","chr17","39727325","G/A","ERBB2","1.154","dataset0530","Missense","Neutral to the ERBB2-mediated cellular proliferation in HAP1","ERBB2-mediated cellular proliferation","6","Functionally normal","Uncertain significance","6.20079e-06","NA","CRISPR-Based Genome Editing","Base editing","33606977"
"NM_004448.4(ERBB2):c.3197C>T (p.Ser1066Phe)","chr17","39727332","C/T","ERBB2","0.991","dataset0530","Missense","Neutral to the ERBB2-mediated cellular proliferation in HAP1","ERBB2-mediated cellular proliferation","6","Functionally normal","","","NA","CRISPR-Based Genome Editing","Base editing","33606977"
"NM_004448.4(ERBB2):c.3210C>T (p.Ala1070=)","chr17","39727345","C/T","ERBB2","0.849","dataset0530","Synonymous","Neutral to the ERBB2-mediated cellular proliferation in HAP1","ERBB2-mediated cellular proliferation","6","Functionally normal","","","NA","CRISPR-Based Genome Editing","Base editing","33606977"
"NM_004448.4(ERBB2):c.3211C>T (p.Pro1071Ser)","chr17","39727346","C/T","ERBB2","0.849","dataset0530","Missense","Neutral to the ERBB2-mediated cellular proliferation in HAP1","ERBB2-mediated cellular proliferation","6","Functionally normal","","","NA","CRISPR-Based Genome Editing","Base editing","33606977"
"NM_004448.4(ERBB2):c.3221C>T (p.Pro1074Leu)","chr17","39727356","C/T","ERBB2","-1.701","dataset0530","Missense","Neutral to the ERBB2-mediated cellular proliferation in HAP1","ERBB2-mediated cellular proliferation","6","Functionally normal","","6.20417e-07","NA","CRISPR-Based Genome Editing","Base editing","33606977"
"NM_004448.4(ERBB2):c.3223C>T (p.Leu1075=)","chr17","39727358","C/T","ERBB2","-1.701","dataset0530","Synonymous","Neutral to the ERBB2-mediated cellular proliferation in HAP1","ERBB2-mediated cellular proliferation","6","Functionally normal","","6.20388e-07","NA","CRISPR-Based Genome Editing","Base editing","33606977"
"NM_004448.4(ERBB2):c.3225G>A (p.Leu1075=)","chr17","39727360","G/A","ERBB2","0.001","dataset0530","Synonymous","Neutral to the ERBB2-mediated cellular proliferation in HAP1","ERBB2-mediated cellular proliferation","6","Functionally normal","","","NA","CRISPR-Based Genome Editing","Base editing","33606977"
"NM_004448.4(ERBB2):c.3229_3230delinsTT (p.Pro1077Phe)","chr17","39727364","CC/TT","ERBB2","-0.087","dataset0530","Missense","Neutral to the ERBB2-mediated cellular proliferation in HAP1","ERBB2-mediated cellular proliferation","6","Functionally normal","","","NA","CRISPR-Based Genome Editing","Base editing","33606977"
"NM_004448.4(ERBB2):c.3244G>A (p.Gly1082Ser)","chr17","39727379","G/A","ERBB2","-0.215","dataset0530","Missense","Neutral to the ERBB2-mediated cellular proliferation in HAP1","ERBB2-mediated cellular proliferation","6","Functionally normal","","","NA","CRISPR-Based Genome Editing","Base editing","33606977"
"NM_004448.4(ERBB2):c.3248C>T (p.Ser1083Phe)","chr17","39727383","C/T","ERBB2","-0.114","dataset0530","Missense","Neutral to the ERBB2-mediated cellular proliferation in HAP1","ERBB2-mediated cellular proliferation","6","Functionally normal","","","NA","CRISPR-Based Genome Editing","Base editing","33606977"
"NM_004448.4(ERBB2):c.3250G>A (p.Asp1084Asn)","chr17","39727385","G/A","ERBB2","1.262","dataset0530","Missense","Neutral to the ERBB2-mediated cellular proliferation in HAP1","ERBB2-mediated cellular proliferation","6","Functionally normal","Uncertain significance","4.34702e-06","NA","CRISPR-Based Genome Editing","Base editing","33606977"
"NM_004448.4(ERBB2):c.3263G>A (p.Gly1088Asp)","chr17","39727398","G/A","ERBB2","-2.844","dataset0530","Missense","The reduced ERBB2-mediated cellular proliferation in HAP1","ERBB2-mediated cellular proliferation","6","Loss-of-function","","1.17968e-05","NA","CRISPR-Based Genome Editing","Base editing","33606977"
"NM_004448.4(ERBB2):c.3265G>A (p.Asp1089Asn)","chr17","39727400","G/A","ERBB2","-2.844","dataset0530","Missense","The reduced ERBB2-mediated cellular proliferation in HAP1","ERBB2-mediated cellular proliferation","6","Loss-of-function","","","NA","CRISPR-Based Genome Editing","Base editing","33606977"
"NM_004448.4(ERBB2):c.3315C>T (p.Asp1105=)","chr17","39727450","C/T","ERBB2","-0.708","dataset0530","Synonymous","Neutral to the ERBB2-mediated cellular proliferation in HAP1","ERBB2-mediated cellular proliferation","6","Functionally normal","","6.20732e-07","NA","CRISPR-Based Genome Editing","Base editing","33606977"
"NM_004448.4(ERBB2):c.3316_3318delinsTTT (p.Pro1106Phe)","chr17","39727451","CCC/TTT","ERBB2","-0.708","dataset0530","Missense","Neutral to the ERBB2-mediated cellular proliferation in HAP1","ERBB2-mediated cellular proliferation","6","Functionally normal","","","NA","CRISPR-Based Genome Editing","Base editing","33606977"
"NM_004448.4(ERBB2):c.3325C>T (p.Leu1109=)","chr17","39727460","C/T","ERBB2","0.409","dataset0530","Synonymous","Neutral to the ERBB2-mediated cellular proliferation in HAP1","ERBB2-mediated cellular proliferation","6","Functionally normal","","","NA","CRISPR-Based Genome Editing","Base editing","33606977"
"NM_004448.4(ERBB2):c.3328C>T (p.Gln1110Ter)","chr17","39727463","C/T","ERBB2","0.409","dataset0530","Nonsense","Neutral to the ERBB2-mediated cellular proliferation in HAP1","ERBB2-mediated cellular proliferation","6","Functionally normal","","","NA","CRISPR-Based Genome Editing","Base editing","33606977"
"NM_004448.4(ERBB2):c.3332_3333delinsAA (p.Arg1111Gln)","chr17","39727467","GG/AA","ERBB2","-0.202","dataset0530","Missense","Neutral to the ERBB2-mediated cellular proliferation in HAP1","ERBB2-mediated cellular proliferation","6","Functionally normal","","","NA","CRISPR-Based Genome Editing","Base editing","33606977"
"NM_004448.4(ERBB2):c.3338G>A (p.Ser1113Asn)","chr17","39727473","G/A","ERBB2","-1.27","dataset0530","Missense","Neutral to the ERBB2-mediated cellular proliferation in HAP1","ERBB2-mediated cellular proliferation","6","Functionally normal","","","NA","CRISPR-Based Genome Editing","Base editing","33606977"
"NM_004448.4(ERBB2):c.3340G>A (p.Glu1114Lys)","chr17","39727475","G/A","ERBB2","-1.27","dataset0530","Missense","Neutral to the ERBB2-mediated cellular proliferation in HAP1","ERBB2-mediated cellular proliferation","6","Functionally normal","","","NA","CRISPR-Based Genome Editing","Base editing","33606977"
"NM_004448.4(ERBB2):c.3358C>T (p.Leu1120=)","chr17","39727493","C/T","ERBB2","0.061","dataset0530","Synonymous","Neutral to the ERBB2-mediated cellular proliferation in HAP1","ERBB2-mediated cellular proliferation","6","Functionally normal","","1.24451e-06","NA","CRISPR-Based Genome Editing","Base editing","33606977"
"NM_004448.4(ERBB2):c.3362C>T (p.Pro1121Leu)","chr17","39727497","C/T","ERBB2","0.061","dataset0530","Missense","Neutral to the ERBB2-mediated cellular proliferation in HAP1","ERBB2-mediated cellular proliferation","6","Functionally normal","","","NA","CRISPR-Based Genome Editing","Base editing","33606977"
"NM_004448.4(ERBB2):c.3373G>A (p.Asp1125Asn)","chr17","39727508","G/A","ERBB2","0.058","dataset0530","Missense","Neutral to the ERBB2-mediated cellular proliferation in HAP1","ERBB2-mediated cellular proliferation","6","Functionally normal","","6.21918e-07","NA","CRISPR-Based Genome Editing","Base editing","33606977"
"NM_004448.4(ERBB2):c.3376G>A (p.Gly1126Ser)","chr17","39727511","G/A","ERBB2","-2.207","dataset0530","Missense","The reduced ERBB2-mediated cellular proliferation in HAP1","ERBB2-mediated cellular proliferation","6","Loss-of-function","","","NA","CRISPR-Based Genome Editing","Base editing","33606977"
"NM_004448.4(ERBB2):c.3395_3396delinsTT (p.Thr1132Ile)","chr17","39727530","CC/TT","ERBB2","-0.427","dataset0530","Missense","Neutral to the ERBB2-mediated cellular proliferation in HAP1","ERBB2-mediated cellular proliferation","6","Functionally normal","","","NA","CRISPR-Based Genome Editing","Base editing","33606977"
"NM_004448.4(ERBB2):c.3412+5G>A","chr17","39727552","G/A","ERBB2","1.009","dataset0530","Splice site","Neutral to the ERBB2-mediated cellular proliferation in HAP1","ERBB2-mediated cellular proliferation","6","Functionally normal","","","NA","CRISPR-Based Genome Editing","Base editing","33606977"
"NM_004448.4(ERBB2):c.3412+6G>A","chr17","39727553","G/A","ERBB2","0.665","dataset0530","Splice site","Neutral to the ERBB2-mediated cellular proliferation in HAP1","ERBB2-mediated cellular proliferation","6","Functionally normal","","1.25153e-06","NA","CRISPR-Based Genome Editing","Base editing","33606977"
"NM_004448.4(ERBB2):c.3412+8G>A","chr17","39727555","G/A","ERBB2","-0.836","dataset0530","Splice site","Neutral to the ERBB2-mediated cellular proliferation in HAP1","ERBB2-mediated cellular proliferation","6","Functionally normal","","6.25946e-07","NA","CRISPR-Based Genome Editing","Base editing","33606977"
"NM_004448.4(ERBB2):c.3423C>T (p.Asn1141=)","chr17","39727699","C/T","ERBB2","0.509","dataset0530","Synonymous","Neutral to the ERBB2-mediated cellular proliferation in HAP1","ERBB2-mediated cellular proliferation","6","Functionally normal","Likely benign","","NA","CRISPR-Based Genome Editing","Base editing","33606977"
"NM_004448.4(ERBB2):c.3446_3447delinsTT (p.Pro1149Leu)","chr17","39727722","CC/TT","ERBB2","-0.156","dataset0530","Missense","Neutral to the ERBB2-mediated cellular proliferation in HAP1","ERBB2-mediated cellular proliferation","6","Functionally normal","","","NA","CRISPR-Based Genome Editing","Base editing","33606977"
"NM_004448.4(ERBB2):c.3448_3449delinsTT (p.Pro1150Phe)","chr17","39727724","CC/TT","ERBB2","-0.156","dataset0530","Missense","Neutral to the ERBB2-mediated cellular proliferation in HAP1","ERBB2-mediated cellular proliferation","6","Functionally normal","","","NA","CRISPR-Based Genome Editing","Base editing","33606977"
"NM_004448.4(ERBB2):c.3448C>T (p.Pro1150Ser)","chr17","39727724","C/T","ERBB2","0.819","dataset0530","Missense","Neutral to the ERBB2-mediated cellular proliferation in HAP1","ERBB2-mediated cellular proliferation","6","Functionally normal","","1.27081e-06","NA","CRISPR-Based Genome Editing","Base editing","33606977"
"NM_004448.4(ERBB2):c.3458G>A (p.Arg1153Gln)","chr17","39727734","G/A","ERBB2","1.302","dataset0530","Missense","Neutral to the ERBB2-mediated cellular proliferation in HAP1","ERBB2-mediated cellular proliferation","6","Functionally normal","Uncertain significance","2.46062e-05","NA","CRISPR-Based Genome Editing","Base editing","33606977"
"NM_004448.4(ERBB2):c.3462G>A (p.Glu1154=)","chr17","39727738","G/A","ERBB2","0.371","dataset0530","Synonymous","Neutral to the ERBB2-mediated cellular proliferation in HAP1","ERBB2-mediated cellular proliferation","6","Functionally normal","","","NA","CRISPR-Based Genome Editing","Base editing","33606977"
"NM_004448.4(ERBB2):c.3463G>A (p.Gly1155Ser)","chr17","39727739","G/A","ERBB2","-0.068","dataset0530","Missense","Neutral to the ERBB2-mediated cellular proliferation in HAP1","ERBB2-mediated cellular proliferation","6","Functionally normal","","","NA","CRISPR-Based Genome Editing","Base editing","33606977"
"NM_004448.4(ERBB2):c.3473C>T (p.Pro1158Leu)","chr17","39727749","C/T","ERBB2","0.288","dataset0530","Missense","Neutral to the ERBB2-mediated cellular proliferation in HAP1","ERBB2-mediated cellular proliferation","6","Functionally normal","","1.25182e-06","NA","CRISPR-Based Genome Editing","Base editing","33606977"
"NM_004448.4(ERBB2):c.3482G>A (p.Arg1161Gln)","chr17","39727758","G/A","ERBB2","0.358","dataset0530","Missense","Neutral to the ERBB2-mediated cellular proliferation in HAP1","ERBB2-mediated cellular proliferation","6","Functionally normal","Benign","0.000446667","NA","CRISPR-Based Genome Editing","Base editing","33606977"
"NM_004448.4(ERBB2):c.3484_3485delinsTT (p.Pro1162Phe)","chr17","39727760","CC/TT","ERBB2","1.249","dataset0530","Missense","Neutral to the ERBB2-mediated cellular proliferation in HAP1","ERBB2-mediated cellular proliferation","6","Functionally normal","","","NA","CRISPR-Based Genome Editing","Base editing","33606977"
"NM_004448.4(ERBB2):c.3490_3491delinsAA (p.Gly1164Asn)","chr17","39727766","GG/AA","ERBB2","0.111","dataset0530","Missense","Neutral to the ERBB2-mediated cellular proliferation in HAP1","ERBB2-mediated cellular proliferation","6","Functionally normal","","","NA","CRISPR-Based Genome Editing","Base editing","33606977"
"NM_004448.4(ERBB2):c.3501G>A (p.Leu1167=)","chr17","39727777","G/A","ERBB2","-0.657","dataset0530","Synonymous","Neutral to the ERBB2-mediated cellular proliferation in HAP1","ERBB2-mediated cellular proliferation","6","Functionally normal","Likely benign","1.24217e-06","NA","CRISPR-Based Genome Editing","Base editing","33606977"
"NM_004448.4(ERBB2):c.3502G>A (p.Glu1168Lys)","chr17","39727778","G/A","ERBB2","-0.657","dataset0530","Missense","Neutral to the ERBB2-mediated cellular proliferation in HAP1","ERBB2-mediated cellular proliferation","6","Functionally normal","Uncertain significance","8.69431e-06","NA","CRISPR-Based Genome Editing","Base editing","33606977"
"NM_004448.4(ERBB2):c.3509_3510delinsTT (p.Pro1170Leu)","chr17","39727785","CC/TT","ERBB2","-0.832","dataset0530","Missense","Neutral to the ERBB2-mediated cellular proliferation in HAP1","ERBB2-mediated cellular proliferation","6","Functionally normal","","","NA","CRISPR-Based Genome Editing","Base editing","33606977"
"NM_004448.4(ERBB2):c.3513G>A (p.Lys1171=)","chr17","39727789","G/A","ERBB2","-0.262","dataset0530","Synonymous","Neutral to the ERBB2-mediated cellular proliferation in HAP1","ERBB2-mediated cellular proliferation","6","Functionally normal","","","NA","CRISPR-Based Genome Editing","Base editing","33606977"
"NM_004448.4(ERBB2):c.3519C>T (p.Leu1173=)","chr17","39727795","C/T","ERBB2","-2.448","dataset0530","Synonymous","The reduced ERBB2-mediated cellular proliferation in HAP1","ERBB2-mediated cellular proliferation","6","Loss-of-function","","","NA","CRISPR-Based Genome Editing","Base editing","33606977"
"NM_004448.4(ERBB2):c.3521_3522delinsTT (p.Ser1174Phe)","chr17","39727797","CC/TT","ERBB2","-2.448","dataset0530","Missense","The reduced ERBB2-mediated cellular proliferation in HAP1","ERBB2-mediated cellular proliferation","6","Loss-of-function","","","NA","CRISPR-Based Genome Editing","Base editing","33606977"
"NM_004448.4(ERBB2):c.3521C>T (p.Ser1174Phe)","chr17","39727797","C/T","ERBB2","-0.768","dataset0530","Missense","Neutral to the ERBB2-mediated cellular proliferation in HAP1","ERBB2-mediated cellular proliferation","6","Functionally normal","","2.54168e-05","NA","CRISPR-Based Genome Editing","Base editing","33606977"
"NM_004448.4(ERBB2):c.3526_3528delinsAAA (p.Gly1176Lys)","chr17","39727802","GGG/AAA","ERBB2","-1.367","dataset0530","Missense","Neutral to the ERBB2-mediated cellular proliferation in HAP1","ERBB2-mediated cellular proliferation","6","Functionally normal","","","NA","CRISPR-Based Genome Editing","Base editing","33606977"
"NM_004448.4(ERBB2):c.3526_3527delinsAA (p.Gly1176Lys)","chr17","39727802","GG/AA","ERBB2","0.62","dataset0530","Missense","Neutral to the ERBB2-mediated cellular proliferation in HAP1","ERBB2-mediated cellular proliferation","6","Functionally normal","","","NA","CRISPR-Based Genome Editing","Base editing","33606977"
"NM_004448.4(ERBB2):c.3536_3537delinsAA (p.Gly1179Glu)","chr17","39727812","GG/AA","ERBB2","-1.079","dataset0530","Missense","Neutral to the ERBB2-mediated cellular proliferation in HAP1","ERBB2-mediated cellular proliferation","6","Functionally normal","","","NA","CRISPR-Based Genome Editing","Base editing","33606977"
"NM_004448.4(ERBB2):c.3537G>A (p.Gly1179=)","chr17","39727813","G/A","ERBB2","-0.066","dataset0530","Synonymous","Neutral to the ERBB2-mediated cellular proliferation in HAP1","ERBB2-mediated cellular proliferation","6","Functionally normal","","","NA","CRISPR-Based Genome Editing","Base editing","33606977"
"NM_004448.4(ERBB2):c.3538G>A (p.Val1180Ile)","chr17","39727814","G/A","ERBB2","-1.079","dataset0530","Missense","Neutral to the ERBB2-mediated cellular proliferation in HAP1","ERBB2-mediated cellular proliferation","6","Functionally normal","","","NA","CRISPR-Based Genome Editing","Base editing","33606977"
"NM_004448.4(ERBB2):c.3541G>A (p.Val1181Ile)","chr17","39727817","G/A","ERBB2","-0.935","dataset0530","Missense","Neutral to the ERBB2-mediated cellular proliferation in HAP1","ERBB2-mediated cellular proliferation","6","Functionally normal","Uncertain significance","1.30152e-05","NA","CRISPR-Based Genome Editing","Base editing","33606977"
"NM_004448.4(ERBB2):c.3573G>A (p.Val1191=)","chr17","39727849","G/A","ERBB2","-1.615","dataset0530","Synonymous","Neutral to the ERBB2-mediated cellular proliferation in HAP1","ERBB2-mediated cellular proliferation","6","Functionally normal","Conflicting classifications of pathogenicity","1.05334e-05","NA","CRISPR-Based Genome Editing","Base editing","33606977"
"NM_004448.4(ERBB2):c.3582C>T (p.Pro1194=)","chr17","39727858","C/T","ERBB2","-0.29","dataset0530","Synonymous","Neutral to the ERBB2-mediated cellular proliferation in HAP1","ERBB2-mediated cellular proliferation","6","Functionally normal","Likely benign","2.16855e-05","NA","CRISPR-Based Genome Editing","Base editing","33606977"
"NM_004448.4(ERBB2):c.3585G>A (p.Glu1195=)","chr17","39727861","G/A","ERBB2","-1.325","dataset0530","Synonymous","Neutral to the ERBB2-mediated cellular proliferation in HAP1","ERBB2-mediated cellular proliferation","6","Functionally normal","","6.19536e-07","NA","CRISPR-Based Genome Editing","Base editing","33606977"
"NM_004448.4(ERBB2):c.3588C>T (p.Tyr1196=)","chr17","39727864","C/T","ERBB2","-0.263","dataset0530","Synonymous","Neutral to the ERBB2-mediated cellular proliferation in HAP1","ERBB2-mediated cellular proliferation","6","Functionally normal","","","NA","CRISPR-Based Genome Editing","Base editing","33606977"
"NM_004448.4(ERBB2):c.3600G>A (p.Gln1200=)","chr17","39727876","G/A","ERBB2","0.726","dataset0530","Synonymous","Neutral to the ERBB2-mediated cellular proliferation in HAP1","ERBB2-mediated cellular proliferation","6","Functionally normal","","6.19536e-07","NA","CRISPR-Based Genome Editing","Base editing","33606977"
"NM_004448.4(ERBB2):c.3651C>T (p.Phe1217=)","chr17","39727927","C/T","ERBB2","-2.317","dataset0530","Synonymous","The reduced ERBB2-mediated cellular proliferation in HAP1","ERBB2-mediated cellular proliferation","6","Loss-of-function","Likely benign","3.84104e-05","NA","CRISPR-Based Genome Editing","Base editing","33606977"
"NM_004448.4(ERBB2):c.3652G>A (p.Asp1218Asn)","chr17","39727928","G/A","ERBB2","0.221","dataset0530","Missense","Neutral to the ERBB2-mediated cellular proliferation in HAP1","ERBB2-mediated cellular proliferation","6","Functionally normal","","3.71728e-06","NA","CRISPR-Based Genome Editing","Base editing","33606977"
"NM_004448.4(ERBB2):c.3654C>T (p.Asp1218=)","chr17","39727930","C/T","ERBB2","-2.317","dataset0530","Synonymous","The reduced ERBB2-mediated cellular proliferation in HAP1","ERBB2-mediated cellular proliferation","6","Loss-of-function","","6.19508e-07","NA","CRISPR-Based Genome Editing","Base editing","33606977"
"NM_004448.4(ERBB2):c.3657C>T (p.Asn1219=)","chr17","39727933","C/T","ERBB2","-0.09","dataset0530","Synonymous","Neutral to the ERBB2-mediated cellular proliferation in HAP1","ERBB2-mediated cellular proliferation","6","Functionally normal","","","NA","CRISPR-Based Genome Editing","Base editing","33606977"
"NM_004448.4(ERBB2):c.3672C>T (p.Asp1224=)","chr17","39727948","C/T","ERBB2","-1.301","dataset0530","Synonymous","Neutral to the ERBB2-mediated cellular proliferation in HAP1","ERBB2-mediated cellular proliferation","6","Functionally normal","","","NA","CRISPR-Based Genome Editing","Base editing","33606977"
"NM_004448.4(ERBB2):c.3673C>T (p.Gln1225Ter)","chr17","39727949","C/T","ERBB2","-1.301","dataset0530","Nonsense","Neutral to the ERBB2-mediated cellular proliferation in HAP1","ERBB2-mediated cellular proliferation","6","Functionally normal","Uncertain significance","","NA","CRISPR-Based Genome Editing","Base editing","33606977"
"NM_004448.4(ERBB2):c.3675G>A (p.Gln1225=)","chr17","39727951","G/A","ERBB2","0.536","dataset0530","Synonymous","Neutral to the ERBB2-mediated cellular proliferation in HAP1","ERBB2-mediated cellular proliferation","6","Functionally normal","","","NA","CRISPR-Based Genome Editing","Base editing","33606977"
"NM_004448.4(ERBB2):c.3676G>A (p.Asp1226Asn)","chr17","39727952","G/A","ERBB2","0.536","dataset0530","Missense","Neutral to the ERBB2-mediated cellular proliferation in HAP1","ERBB2-mediated cellular proliferation","6","Functionally normal","","3.0978e-06","NA","CRISPR-Based Genome Editing","Base editing","33606977"
"NM_004448.4(ERBB2):c.3678C>T (p.Asp1226=)","chr17","39727954","C/T","ERBB2","0.32","dataset0530","Synonymous","Neutral to the ERBB2-mediated cellular proliferation in HAP1","ERBB2-mediated cellular proliferation","6","Functionally normal","","2.47825e-06","NA","CRISPR-Based Genome Editing","Base editing","33606977"
"NM_004448.4(ERBB2):c.3679C>T (p.Pro1227Ser)","chr17","39727955","C/T","ERBB2","0.568","dataset0530","Missense","Neutral to the ERBB2-mediated cellular proliferation in HAP1","ERBB2-mediated cellular proliferation","6","Functionally normal","","","coad:0.2% (1/439):0.280","CRISPR-Based Genome Editing","Base editing","33606977"
"NM_004448.4(ERBB2):c.3689_3690delinsAA (p.Arg1230Gln)","chr17","39727965","GG/AA","ERBB2","0.382","dataset0530","Missense","Neutral to the ERBB2-mediated cellular proliferation in HAP1","ERBB2-mediated cellular proliferation","6","Functionally normal","","","NA","CRISPR-Based Genome Editing","Base editing","33606977"
"NM_004448.4(ERBB2):c.3691G>A (p.Gly1231Arg)","chr17","39727967","G/A","ERBB2","0.382","dataset0530","Missense","Neutral to the ERBB2-mediated cellular proliferation in HAP1","ERBB2-mediated cellular proliferation","6","Functionally normal","","","NA","CRISPR-Based Genome Editing","Base editing","33606977"
"NM_004448.4(ERBB2):c.3693G>A (p.Gly1231=)","chr17","39727969","G/A","ERBB2","-0.016","dataset0530","Synonymous","Neutral to the ERBB2-mediated cellular proliferation in HAP1","ERBB2-mediated cellular proliferation","6","Functionally normal","","6.19685e-07","NA","CRISPR-Based Genome Editing","Base editing","33606977"
"NM_004448.4(ERBB2):c.3697_3698delinsTT (p.Pro1233Leu)","chr17","39727973","CC/TT","ERBB2","-1.788","dataset0530","Missense","Neutral to the ERBB2-mediated cellular proliferation in HAP1","ERBB2-mediated cellular proliferation","6","Functionally normal","","","NA","CRISPR-Based Genome Editing","Base editing","33606977"
"NM_004448.4(ERBB2):c.3698C>T (p.Pro1233Leu)","chr17","39727974","C/T","ERBB2","-2.61","dataset0530","Missense","The reduced ERBB2-mediated cellular proliferation in HAP1","ERBB2-mediated cellular proliferation","6","Loss-of-function","","1.23953e-06","NA","CRISPR-Based Genome Editing","Base editing","33606977"
"NM_004448.4(ERBB2):c.3700_3702delinsTTT (p.Pro1234Phe)","chr17","39727976","CCC/TTT","ERBB2","-2.61","dataset0530","Missense","The reduced ERBB2-mediated cellular proliferation in HAP1","ERBB2-mediated cellular proliferation","6","Loss-of-function","","","NA","CRISPR-Based Genome Editing","Base editing","33606977"
"NM_004448.4(ERBB2):c.3700_3701delinsTT (p.Pro1234Phe)","chr17","39727976","CC/TT","ERBB2","-1.788","dataset0530","Missense","Neutral to the ERBB2-mediated cellular proliferation in HAP1","ERBB2-mediated cellular proliferation","6","Functionally normal","","","NA","CRISPR-Based Genome Editing","Base editing","33606977"
"NM_004448.4(ERBB2):c.3708C>T (p.Thr1236=)","chr17","39727984","C/T","ERBB2","-0.814","dataset0530","Synonymous","Neutral to the ERBB2-mediated cellular proliferation in HAP1","ERBB2-mediated cellular proliferation","6","Functionally normal","","","NA","CRISPR-Based Genome Editing","Base editing","33606977"
"NM_004448.4(ERBB2):c.3711C>T (p.Phe1237=)","chr17","39727987","C/T","ERBB2","-0.814","dataset0530","Synonymous","Neutral to the ERBB2-mediated cellular proliferation in HAP1","ERBB2-mediated cellular proliferation","6","Functionally normal","","","NA","CRISPR-Based Genome Editing","Base editing","33606977"
"NM_004448.4(ERBB2):c.3715_3717delinsAAA (p.Gly1239Lys)","chr17","39727991","GGG/AAA","ERBB2","0.242","dataset0530","Missense","Neutral to the ERBB2-mediated cellular proliferation in HAP1","ERBB2-mediated cellular proliferation","6","Functionally normal","","","NA","CRISPR-Based Genome Editing","Base editing","33606977"
"NM_004448.4(ERBB2):c.3715_3716delinsAA (p.Gly1239Lys)","chr17","39727991","GG/AA","ERBB2","-0.559","dataset0530","Missense","Neutral to the ERBB2-mediated cellular proliferation in HAP1","ERBB2-mediated cellular proliferation","6","Functionally normal","","","NA","CRISPR-Based Genome Editing","Base editing","33606977"
"NM_004448.4(ERBB2):c.3716_3717delinsAA (p.Gly1239Glu)","chr17","39727992","GG/AA","ERBB2","0.349","dataset0530","Missense","Neutral to the ERBB2-mediated cellular proliferation in HAP1","ERBB2-mediated cellular proliferation","6","Functionally normal","","","NA","CRISPR-Based Genome Editing","Base editing","33606977"
"NM_004448.4(ERBB2):c.3726G>A (p.Thr1242=)","chr17","39728002","G/A","ERBB2","1.324","dataset0530","Synonymous","Neutral to the ERBB2-mediated cellular proliferation in HAP1","ERBB2-mediated cellular proliferation","6","Functionally normal","Likely benign","5.46494e-05","NA","CRISPR-Based Genome Editing","Base editing","33606977"
"NM_004448.4(ERBB2):c.3735C>T (p.Asn1245=)","chr17","39728011","C/T","ERBB2","0.625","dataset0530","Synonymous","Neutral to the ERBB2-mediated cellular proliferation in HAP1","ERBB2-mediated cellular proliferation","6","Functionally normal","","","NA","CRISPR-Based Genome Editing","Base editing","33606977"
"NM_004448.4(ERBB2):c.3736_3737delinsTT (p.Pro1246Leu)","chr17","39728012","CC/TT","ERBB2","0.625","dataset0530","Missense","Neutral to the ERBB2-mediated cellular proliferation in HAP1","ERBB2-mediated cellular proliferation","6","Functionally normal","","","NA","CRISPR-Based Genome Editing","Base editing","33606977"
"NM_004448.4(ERBB2):c.3739G>A (p.Glu1247Lys)","chr17","39728015","G/A","ERBB2","0.332","dataset0530","Missense","Neutral to the ERBB2-mediated cellular proliferation in HAP1","ERBB2-mediated cellular proliferation","6","Functionally normal","","","NA","CRISPR-Based Genome Editing","Base editing","33606977"
"NM_004448.4(ERBB2):c.3753G>A (p.Leu1251=)","chr17","39728029","G/A","ERBB2","-0.255","dataset0530","Synonymous","Neutral to the ERBB2-mediated cellular proliferation in HAP1","ERBB2-mediated cellular proliferation","6","Functionally normal","","","NA","CRISPR-Based Genome Editing","Base editing","33606977"
"NM_004448.4(ERBB2):c.3754G>A (p.Asp1252Asn)","chr17","39728030","G/A","ERBB2","-0.255","dataset0530","Missense","Neutral to the ERBB2-mediated cellular proliferation in HAP1","ERBB2-mediated cellular proliferation","6","Functionally normal","Uncertain significance","3.13764e-05","NA","CRISPR-Based Genome Editing","Base editing","33606977"
"NM_004448.4(ERBB2):c.3763G>A (p.Val1255Met)","chr17","39728039","G/A","ERBB2","0.729","dataset0530","Missense","Neutral to the ERBB2-mediated cellular proliferation in HAP1","ERBB2-mediated cellular proliferation","6","Functionally normal","","","NA","CRISPR-Based Genome Editing","Base editing","33606977"
"NM_004448.4(ERBB2):c.*8G>A","chr17","39728052","G/A","ERBB2","-0.655","dataset0530","UTR","Neutral to the ERBB2-mediated cellular proliferation in HAP1","ERBB2-mediated cellular proliferation","6","Functionally normal","","0","NA","CRISPR-Based Genome Editing","Base editing","33606977"
"NM_004448.4(ERBB2):c.15C>T (p.Ala5=)","chr17","39700253","C/T","ERBB2","1.402","dataset0531","Synonymous","Neutral to the ERBB2-mediated cellular proliferation in MELJUSO","ERBB2-mediated cellular proliferation","6","Functionally normal","","0","NA","CRISPR-Based Genome Editing","Base editing","33606977"
"NM_004448.4(ERBB2):c.18G>A (p.Leu6=)","chr17","39700256","G/A","ERBB2","-0.374","dataset0531","Synonymous","Neutral to the ERBB2-mediated cellular proliferation in MELJUSO","ERBB2-mediated cellular proliferation","6","Functionally normal","","0","NA","CRISPR-Based Genome Editing","Base editing","33606977"
"NM_004448.4(ERBB2):c.29G>A (p.Gly10Glu)","chr17","39700267","G/A","ERBB2","0.984","dataset0531","Missense","Neutral to the ERBB2-mediated cellular proliferation in MELJUSO","ERBB2-mediated cellular proliferation","6","Functionally normal","","0","NA","CRISPR-Based Genome Editing","Base editing","33606977"
"NM_004448.4(ERBB2):c.55G>A (p.Gly19Arg)","chr17","39700293","G/A","ERBB2","1.634","dataset0531","Missense","Neutral to the ERBB2-mediated cellular proliferation in MELJUSO","ERBB2-mediated cellular proliferation","6","Functionally normal","","2.10183e-06","NA","CRISPR-Based Genome Editing","Base editing","33606977"
"NM_004448.4(ERBB2):c.56G>A (p.Gly19Glu)","chr17","39700294","G/A","ERBB2","0.062","dataset0531","Missense","Neutral to the ERBB2-mediated cellular proliferation in MELJUSO","ERBB2-mediated cellular proliferation","6","Functionally normal","","","NA","CRISPR-Based Genome Editing","Base editing","33606977"
"NM_004448.4(ERBB2):c.60C>T (p.Ala20=)","chr17","39700298","C/T","ERBB2","0.212","dataset0531","Synonymous","Neutral to the ERBB2-mediated cellular proliferation in MELJUSO","ERBB2-mediated cellular proliferation","6","Functionally normal","","9.11471e-06","NA","CRISPR-Based Genome Editing","Base editing","33606977"
"NM_004448.4(ERBB2):c.73+1G>A","chr17","39700312","G/A","ERBB2","1.301","dataset0531","Splice site","Neutral to the ERBB2-mediated cellular proliferation in MELJUSO","ERBB2-mediated cellular proliferation","6","Functionally normal","","0","NA","CRISPR-Based Genome Editing","Base editing","33606977"
"NM_004448.4(ERBB2):c.73+3G>A","chr17","39700314","G/A","ERBB2","1.301","dataset0531","Splice site","Neutral to the ERBB2-mediated cellular proliferation in MELJUSO","ERBB2-mediated cellular proliferation","6","Functionally normal","Uncertain significance","1.84512e-05","NA","CRISPR-Based Genome Editing","Base editing","33606977"
"NM_004448.4(ERBB2):c.73+4G>A","chr17","39700315","G/A","ERBB2","1.301","dataset0531","Splice site","Neutral to the ERBB2-mediated cellular proliferation in MELJUSO","ERBB2-mediated cellular proliferation","6","Functionally normal","","1.42278e-06","NA","CRISPR-Based Genome Editing","Base editing","33606977"
"NM_004448.4(ERBB2):c.73+5G>A","chr17","39700316","G/A","ERBB2","1.301","dataset0531","Splice site","Neutral to the ERBB2-mediated cellular proliferation in MELJUSO","ERBB2-mediated cellular proliferation","6","Functionally normal","","3.55528e-06","NA","CRISPR-Based Genome Editing","Base editing","33606977"
"NM_004448.4(ERBB2):c.86C>T (p.Thr29Ile)","chr17","39707002","C/T","ERBB2","0.463","dataset0531","Missense","Neutral to the ERBB2-mediated cellular proliferation in MELJUSO","ERBB2-mediated cellular proliferation","6","Functionally normal","","","NA","CRISPR-Based Genome Editing","Base editing","33606977"
"NM_004448.4(ERBB2):c.88G>A (p.Asp30Asn)","chr17","39707004","G/A","ERBB2","0.874","dataset0531","Missense","Neutral to the ERBB2-mediated cellular proliferation in MELJUSO","ERBB2-mediated cellular proliferation","6","Functionally normal","","","NA","CRISPR-Based Genome Editing","Base editing","33606977"
"NM_004448.4(ERBB2):c.111C>T (p.Ala37=)","chr17","39707027","C/T","ERBB2","0.038","dataset0531","Synonymous","Neutral to the ERBB2-mediated cellular proliferation in MELJUSO","ERBB2-mediated cellular proliferation","6","Functionally normal","","","NA","CRISPR-Based Genome Editing","Base editing","33606977"
"NM_004448.4(ERBB2):c.115C>T (p.Pro39Ser)","chr17","39707031","C/T","ERBB2","0.038","dataset0531","Missense","Neutral to the ERBB2-mediated cellular proliferation in MELJUSO","ERBB2-mediated cellular proliferation","6","Functionally normal","","","NA","CRISPR-Based Genome Editing","Base editing","33606977"
"NM_004448.4(ERBB2):c.120G>A (p.Glu40=)","chr17","39707036","G/A","ERBB2","-0.214","dataset0531","Synonymous","Neutral to the ERBB2-mediated cellular proliferation in MELJUSO","ERBB2-mediated cellular proliferation","6","Functionally normal","","","NA","CRISPR-Based Genome Editing","Base editing","33606977"
"NM_004448.4(ERBB2):c.129G>A (p.Leu43=)","chr17","39707045","G/A","ERBB2","0.507","dataset0531","Synonymous","Neutral to the ERBB2-mediated cellular proliferation in MELJUSO","ERBB2-mediated cellular proliferation","6","Functionally normal","","","NA","CRISPR-Based Genome Editing","Base editing","33606977"
"NM_004448.4(ERBB2):c.130G>A (p.Asp44Asn)","chr17","39707046","G/A","ERBB2","1.179","dataset0531","Missense","Neutral to the ERBB2-mediated cellular proliferation in MELJUSO","ERBB2-mediated cellular proliferation","6","Functionally normal","","1.24417e-06","NA","CRISPR-Based Genome Editing","Base editing","33606977"
"NM_004448.4(ERBB2):c.138C>T (p.Leu46=)","chr17","39707054","C/T","ERBB2","-2.249","dataset0531","Synonymous","The reduced ERBB2-mediated cellular proliferation in MELJUSO","ERBB2-mediated cellular proliferation","6","Loss-of-function","","1.24361e-06","NA","CRISPR-Based Genome Editing","Base editing","33606977"
"NM_004448.4(ERBB2):c.139C>T (p.Arg47Cys)","chr17","39707055","C/T","ERBB2","-2.249","dataset0531","Missense","The reduced ERBB2-mediated cellular proliferation in MELJUSO","ERBB2-mediated cellular proliferation","6","Loss-of-function","","8.08103e-06","NA","CRISPR-Based Genome Editing","Base editing","33606977"
"NM_004448.4(ERBB2):c.144C>T (p.His48=)","chr17","39707060","C/T","ERBB2","-0.581","dataset0531","Synonymous","Neutral to the ERBB2-mediated cellular proliferation in MELJUSO","ERBB2-mediated cellular proliferation","6","Functionally normal","","1.86488e-06","NA","CRISPR-Based Genome Editing","Base editing","33606977"
"NM_004448.4(ERBB2):c.147C>T (p.Leu49=)","chr17","39707063","C/T","ERBB2","-0.424","dataset0531","Synonymous","Neutral to the ERBB2-mediated cellular proliferation in MELJUSO","ERBB2-mediated cellular proliferation","6","Functionally normal","","","NA","CRISPR-Based Genome Editing","Base editing","33606977"
"NM_004448.4(ERBB2):c.150C>T (p.Tyr50=)","chr17","39707066","C/T","ERBB2","-0.424","dataset0531","Synonymous","Neutral to the ERBB2-mediated cellular proliferation in MELJUSO","ERBB2-mediated cellular proliferation","6","Functionally normal","","1.86561e-06","NA","CRISPR-Based Genome Editing","Base editing","33606977"
"NM_004448.4(ERBB2):c.151C>T (p.Gln51Ter)","chr17","39707067","C/T","ERBB2","-0.424","dataset0531","Nonsense","Neutral to the ERBB2-mediated cellular proliferation in MELJUSO","ERBB2-mediated cellular proliferation","6","Functionally normal","","","NA","CRISPR-Based Genome Editing","Base editing","33606977"
"NM_004448.4(ERBB2):c.153G>A (p.Gln51=)","chr17","39707069","G/A","ERBB2","1.218","dataset0531","Synonymous","Neutral to the ERBB2-mediated cellular proliferation in MELJUSO","ERBB2-mediated cellular proliferation","6","Functionally normal","","","NA","CRISPR-Based Genome Editing","Base editing","33606977"
"NM_004448.4(ERBB2):c.154G>A (p.Gly52Ser)","chr17","39707070","G/A","ERBB2","1.218","dataset0531","Missense","Neutral to the ERBB2-mediated cellular proliferation in MELJUSO","ERBB2-mediated cellular proliferation","6","Functionally normal","","6.22355e-07","NA","CRISPR-Based Genome Editing","Base editing","33606977"
"NM_004448.4(ERBB2):c.162G>A (p.Gln54=)","chr17","39707078","G/A","ERBB2","0.609","dataset0531","Synonymous","Neutral to the ERBB2-mediated cellular proliferation in MELJUSO","ERBB2-mediated cellular proliferation","6","Functionally normal","","","NA","CRISPR-Based Genome Editing","Base editing","33606977"
"NM_004448.4(ERBB2):c.163G>A (p.Val55Met)","chr17","39707079","G/A","ERBB2","0.609","dataset0531","Missense","Neutral to the ERBB2-mediated cellular proliferation in MELJUSO","ERBB2-mediated cellular proliferation","6","Functionally normal","","","NA","CRISPR-Based Genome Editing","Base editing","33606977"
"NM_004448.4(ERBB2):c.165G>A (p.Val55=)","chr17","39707081","G/A","ERBB2","-0.383","dataset0531","Synonymous","Neutral to the ERBB2-mediated cellular proliferation in MELJUSO","ERBB2-mediated cellular proliferation","6","Functionally normal","","6.22556e-07","NA","CRISPR-Based Genome Editing","Base editing","33606977"
"NM_004448.4(ERBB2):c.166G>A (p.Val56Met)","chr17","39707082","G/A","ERBB2","-0.383","dataset0531","Missense","Neutral to the ERBB2-mediated cellular proliferation in MELJUSO","ERBB2-mediated cellular proliferation","6","Functionally normal","","","NA","CRISPR-Based Genome Editing","Base editing","33606977"
"NM_004448.4(ERBB2):c.207C>T (p.Ala69=)","chr17","39707123","C/T","ERBB2","-1.296","dataset0531","Synonymous","Neutral to the ERBB2-mediated cellular proliferation in MELJUSO","ERBB2-mediated cellular proliferation","6","Functionally normal","","","NA","CRISPR-Based Genome Editing","Base editing","33606977"
"NM_004448.4(ERBB2):c.211C>T (p.Leu71=)","chr17","39707127","C/T","ERBB2","-1.296","dataset0531","Synonymous","Neutral to the ERBB2-mediated cellular proliferation in MELJUSO","ERBB2-mediated cellular proliferation","6","Functionally normal","","","NA","CRISPR-Based Genome Editing","Base editing","33606977"
"NM_004448.4(ERBB2):c.213G>A (p.Leu71=)","chr17","39707129","G/A","ERBB2","0.466","dataset0531","Synonymous","Neutral to the ERBB2-mediated cellular proliferation in MELJUSO","ERBB2-mediated cellular proliferation","6","Functionally normal","","0","NA","CRISPR-Based Genome Editing","Base editing","33606977"
"NM_004448.4(ERBB2):c.225G>A (p.Gln75=)","chr17","39707141","G/A","ERBB2","-0.652","dataset0531","Splice site","Neutral to the ERBB2-mediated cellular proliferation in MELJUSO","ERBB2-mediated cellular proliferation","6","Functionally normal","","","NA","CRISPR-Based Genome Editing","Base editing","33606977"
"NM_004448.4(ERBB2):c.225+1G>A","chr17","39707142","G/A","ERBB2","-0.652","dataset0531","Splice site","Neutral to the ERBB2-mediated cellular proliferation in MELJUSO","ERBB2-mediated cellular proliferation","6","Functionally normal","","","NA","CRISPR-Based Genome Editing","Base editing","33606977"
"NM_004448.4(ERBB2):c.225+3G>A","chr17","39707144","G/A","ERBB2","-0.652","dataset0531","Splice site","Neutral to the ERBB2-mediated cellular proliferation in MELJUSO","ERBB2-mediated cellular proliferation","6","Functionally normal","Uncertain significance","1.85709e-05","NA","CRISPR-Based Genome Editing","Base editing","33606977"
"NM_004448.4(ERBB2):c.225+5G>A","chr17","39707146","G/A","ERBB2","-0.12","dataset0531","Splice site","Neutral to the ERBB2-mediated cellular proliferation in MELJUSO","ERBB2-mediated cellular proliferation","6","Functionally normal","","0","NA","CRISPR-Based Genome Editing","Base editing","33606977"
"NM_004448.4(ERBB2):c.226-10C>T","chr17","39708311","C/T","ERBB2","-0.382","dataset0531","Splice site","Neutral to the ERBB2-mediated cellular proliferation in MELJUSO","ERBB2-mediated cellular proliferation","6","Functionally normal","","1.86352e-06","NA","CRISPR-Based Genome Editing","Base editing","33606977"
"NM_004448.4(ERBB2):c.226-9C>T","chr17","39708312","C/T","ERBB2","-0.382","dataset0531","Splice site","Neutral to the ERBB2-mediated cellular proliferation in MELJUSO","ERBB2-mediated cellular proliferation","6","Functionally normal","","1.24282e-06","NA","CRISPR-Based Genome Editing","Base editing","33606977"
"NM_004448.4(ERBB2):c.226-8C>T","chr17","39708313","C/T","ERBB2","-0.382","dataset0531","Splice site","Neutral to the ERBB2-mediated cellular proliferation in MELJUSO","ERBB2-mediated cellular proliferation","6","Functionally normal","","6.20882e-07","NA","CRISPR-Based Genome Editing","Base editing","33606977"
"NM_004448.4(ERBB2):c.226-7C>T","chr17","39708314","C/T","ERBB2","-0.594","dataset0531","Splice site","Neutral to the ERBB2-mediated cellular proliferation in MELJUSO","ERBB2-mediated cellular proliferation","6","Functionally normal","Likely benign","1.8002e-05","NA","CRISPR-Based Genome Editing","Base editing","33606977"
"NM_004448.4(ERBB2):c.226-5C>T","chr17","39708316","C/T","ERBB2","-0.594","dataset0531","Splice site","Neutral to the ERBB2-mediated cellular proliferation in MELJUSO","ERBB2-mediated cellular proliferation","6","Functionally normal","Likely benign","1.4274e-05","NA","CRISPR-Based Genome Editing","Base editing","33606977"
"NM_004448.4(ERBB2):c.226-4C>T","chr17","39708317","C/T","ERBB2","-0.594","dataset0531","Splice site","Neutral to the ERBB2-mediated cellular proliferation in MELJUSO","ERBB2-mediated cellular proliferation","6","Functionally normal","","1.24104e-06","NA","CRISPR-Based Genome Editing","Base editing","33606977"
"NM_004448.4(ERBB2):c.226-3C>T","chr17","39708318","C/T","ERBB2","-0.594","dataset0531","Splice site","Neutral to the ERBB2-mediated cellular proliferation in MELJUSO","ERBB2-mediated cellular proliferation","6","Functionally normal","","6.20729e-07","NA","CRISPR-Based Genome Editing","Base editing","33606977"
"NM_004448.4(ERBB2):c.237G>A (p.Glu79=)","chr17","39708332","G/A","ERBB2","-1.354","dataset0531","Synonymous","Neutral to the ERBB2-mediated cellular proliferation in MELJUSO","ERBB2-mediated cellular proliferation","6","Functionally normal","","","NA","CRISPR-Based Genome Editing","Base editing","33606977"
"NM_004448.4(ERBB2):c.238G>A (p.Val80Met)","chr17","39708333","G/A","ERBB2","-1.354","dataset0531","Missense","Neutral to the ERBB2-mediated cellular proliferation in MELJUSO","ERBB2-mediated cellular proliferation","6","Functionally normal","","","NA","CRISPR-Based Genome Editing","Base editing","33606977"
"NM_004448.4(ERBB2):c.250G>A (p.Val84Met)","chr17","39708345","G/A","ERBB2","-0.446","dataset0531","Missense","Neutral to the ERBB2-mediated cellular proliferation in MELJUSO","ERBB2-mediated cellular proliferation","6","Functionally normal","Uncertain significance","4.64642e-05","NA","CRISPR-Based Genome Editing","Base editing","33606977"
"NM_004448.4(ERBB2):c.258C>T (p.Ile86=)","chr17","39708353","C/T","ERBB2","0.965","dataset0531","Synonymous","Neutral to the ERBB2-mediated cellular proliferation in MELJUSO","ERBB2-mediated cellular proliferation","6","Functionally normal","Likely benign","0.00026206","NA","CRISPR-Based Genome Editing","Base editing","33606977"
"NM_004448.4(ERBB2):c.282C>T (p.Val94=)","chr17","39708377","C/T","ERBB2","0.907","dataset0531","Synonymous","Neutral to the ERBB2-mediated cellular proliferation in MELJUSO","ERBB2-mediated cellular proliferation","6","Functionally normal","","","NA","CRISPR-Based Genome Editing","Base editing","33606977"
"NM_004448.4(ERBB2):c.283_284delinsTT (p.Pro95Leu)","chr17","39708378","CC/TT","ERBB2","0.907","dataset0531","Missense","Neutral to the ERBB2-mediated cellular proliferation in MELJUSO","ERBB2-mediated cellular proliferation","6","Functionally normal","","","NA","CRISPR-Based Genome Editing","Base editing","33606977"
"NM_004448.4(ERBB2):c.299_300delinsAA (p.Arg100Gln)","chr17","39708394","GG/AA","ERBB2","0.217","dataset0531","Missense","Neutral to the ERBB2-mediated cellular proliferation in MELJUSO","ERBB2-mediated cellular proliferation","6","Functionally normal","","","NA","CRISPR-Based Genome Editing","Base editing","33606977"
"NM_004448.4(ERBB2):c.340C>T (p.Leu114=)","chr17","39708435","C/T","ERBB2","-0.46","dataset0531","Synonymous","Neutral to the ERBB2-mediated cellular proliferation in MELJUSO","ERBB2-mediated cellular proliferation","6","Functionally normal","Likely benign","3.71722e-06","NA","CRISPR-Based Genome Editing","Base editing","33606977"
"NM_004448.4(ERBB2):c.358G>A (p.Gly120Arg)","chr17","39708453","G/A","ERBB2","-1.004","dataset0531","Missense","Neutral to the ERBB2-mediated cellular proliferation in MELJUSO","ERBB2-mediated cellular proliferation","6","Functionally normal","","","NA","CRISPR-Based Genome Editing","Base editing","33606977"
"NM_004448.4(ERBB2):c.359G>A (p.Gly120Glu)","chr17","39708454","G/A","ERBB2","-0.436","dataset0531","Missense","Neutral to the ERBB2-mediated cellular proliferation in MELJUSO","ERBB2-mediated cellular proliferation","6","Functionally normal","","","NA","CRISPR-Based Genome Editing","Base editing","33606977"
"NM_004448.4(ERBB2):c.361G>A (p.Asp121Asn)","chr17","39708456","G/A","ERBB2","-0.436","dataset0531","Missense","Neutral to the ERBB2-mediated cellular proliferation in MELJUSO","ERBB2-mediated cellular proliferation","6","Functionally normal","","6.19513e-07","NA","CRISPR-Based Genome Editing","Base editing","33606977"
"NM_004448.4(ERBB2):c.377_378delinsTT (p.Thr126Ile)","chr17","39708472","CC/TT","ERBB2","-1.223","dataset0531","Missense","Neutral to the ERBB2-mediated cellular proliferation in MELJUSO","ERBB2-mediated cellular proliferation","6","Functionally normal","","","NA","CRISPR-Based Genome Editing","Base editing","33606977"
"NM_004448.4(ERBB2):c.377C>T (p.Thr126Ile)","chr17","39708472","C/T","ERBB2","-0.553","dataset0531","Missense","Neutral to the ERBB2-mediated cellular proliferation in MELJUSO","ERBB2-mediated cellular proliferation","6","Functionally normal","","2.47806e-06","NA","CRISPR-Based Genome Editing","Base editing","33606977"
"NM_004448.4(ERBB2):c.387C>T (p.Val129=)","chr17","39708482","C/T","ERBB2","0.358","dataset0531","Synonymous","Neutral to the ERBB2-mediated cellular proliferation in MELJUSO","ERBB2-mediated cellular proliferation","6","Functionally normal","","","NA","CRISPR-Based Genome Editing","Base editing","33606977"
"NM_004448.4(ERBB2):c.389C>T (p.Thr130Ile)","chr17","39708484","C/T","ERBB2","0.255","dataset0531","Missense","Neutral to the ERBB2-mediated cellular proliferation in MELJUSO","ERBB2-mediated cellular proliferation","6","Functionally normal","","6.19514e-07","NA","CRISPR-Based Genome Editing","Base editing","33606977"
"NM_004448.4(ERBB2):c.392_393delinsAA (p.Gly131Glu)","chr17","39708487","GG/AA","ERBB2","1.035","dataset0531","Missense","Neutral to the ERBB2-mediated cellular proliferation in MELJUSO","ERBB2-mediated cellular proliferation","6","Functionally normal","","","NA","CRISPR-Based Genome Editing","Base editing","33606977"
"NM_004448.4(ERBB2):c.396C>T (p.Ala132=)","chr17","39708491","C/T","ERBB2","0.932","dataset0531","Synonymous","Neutral to the ERBB2-mediated cellular proliferation in MELJUSO","ERBB2-mediated cellular proliferation","6","Functionally normal","Likely benign","1.23911e-06","NA","CRISPR-Based Genome Editing","Base editing","33606977"
"NM_004448.4(ERBB2):c.398_399delinsTT (p.Ser133Phe)","chr17","39708493","CC/TT","ERBB2","0.932","dataset0531","Missense","Neutral to the ERBB2-mediated cellular proliferation in MELJUSO","ERBB2-mediated cellular proliferation","6","Functionally normal","","","NA","CRISPR-Based Genome Editing","Base editing","33606977"
"NM_004448.4(ERBB2):c.413_414delinsAA (p.Arg138Gln)","chr17","39708508","GG/AA","ERBB2","0.221","dataset0531","Missense","Neutral to the ERBB2-mediated cellular proliferation in MELJUSO","ERBB2-mediated cellular proliferation","6","Functionally normal","","","NA","CRISPR-Based Genome Editing","Base editing","33606977"
"NM_004448.4(ERBB2):c.414G>A (p.Arg138=)","chr17","39708509","G/A","ERBB2","1.003","dataset0531","Synonymous","Neutral to the ERBB2-mediated cellular proliferation in MELJUSO","ERBB2-mediated cellular proliferation","6","Functionally normal","","6.19564e-07","NA","CRISPR-Based Genome Editing","Base editing","33606977"
"NM_004448.4(ERBB2):c.415G>A (p.Glu139Lys)","chr17","39708510","G/A","ERBB2","0.221","dataset0531","Missense","Neutral to the ERBB2-mediated cellular proliferation in MELJUSO","ERBB2-mediated cellular proliferation","6","Functionally normal","","","skcm:0.2% (1/448):0.400","CRISPR-Based Genome Editing","Base editing","33606977"
"NM_004448.4(ERBB2):c.427C>T (p.Arg143Ter)","chr17","39708522","C/T","ERBB2","-0.708","dataset0531","Nonsense","Neutral to the ERBB2-mediated cellular proliferation in MELJUSO","ERBB2-mediated cellular proliferation","6","Functionally normal","","1.85891e-06","NA","CRISPR-Based Genome Editing","Base editing","33606977"
"NM_004448.4(ERBB2):c.440-7C>T","chr17","39709311","C/T","ERBB2","-2.221","dataset0531","Splice site","The reduced ERBB2-mediated cellular proliferation in MELJUSO","ERBB2-mediated cellular proliferation","6","Loss-of-function","","1.05324e-05","NA","CRISPR-Based Genome Editing","Base editing","33606977"
"NM_004448.4(ERBB2):c.440-6C>T","chr17","39709312","C/T","ERBB2","-2.221","dataset0531","Splice site","The reduced ERBB2-mediated cellular proliferation in MELJUSO","ERBB2-mediated cellular proliferation","6","Loss-of-function","","6.19537e-07","NA","CRISPR-Based Genome Editing","Base editing","33606977"
"NM_004448.4(ERBB2):c.440-5C>T","chr17","39709313","C/T","ERBB2","-2.221","dataset0531","Splice site","The reduced ERBB2-mediated cellular proliferation in MELJUSO","ERBB2-mediated cellular proliferation","6","Loss-of-function","Likely benign","1.8587e-06","NA","CRISPR-Based Genome Editing","Base editing","33606977"
"NM_004448.4(ERBB2):c.440-3C>T","chr17","39709315","C/T","ERBB2","-2.221","dataset0531","Splice site","The reduced ERBB2-mediated cellular proliferation in MELJUSO","ERBB2-mediated cellular proliferation","6","Loss-of-function","","","NA","CRISPR-Based Genome Editing","Base editing","33606977"
"NM_004448.4(ERBB2):c.451_452delinsAA (p.Gly151Lys)","chr17","39709329","GG/AA","ERBB2","0.453","dataset0531","Missense","Neutral to the ERBB2-mediated cellular proliferation in MELJUSO","ERBB2-mediated cellular proliferation","6","Functionally normal","","","NA","CRISPR-Based Genome Editing","Base editing","33606977"
"NM_004448.4(ERBB2):c.474C>T (p.Asn158=)","chr17","39709352","C/T","ERBB2","-0.754","dataset0531","Synonymous","Neutral to the ERBB2-mediated cellular proliferation in MELJUSO","ERBB2-mediated cellular proliferation","6","Functionally normal","Likely benign","3.71731e-06","NA","CRISPR-Based Genome Editing","Base editing","33606977"
"NM_004448.4(ERBB2):c.475_477delinsTTT (p.Pro159Phe)","chr17","39709353","CCC/TTT","ERBB2","-0.754","dataset0531","Missense","Neutral to the ERBB2-mediated cellular proliferation in MELJUSO","ERBB2-mediated cellular proliferation","6","Functionally normal","","","NA","CRISPR-Based Genome Editing","Base editing","33606977"
"NM_004448.4(ERBB2):c.478C>T (p.Gln160Ter)","chr17","39709356","C/T","ERBB2","-0.754","dataset0531","Nonsense","Neutral to the ERBB2-mediated cellular proliferation in MELJUSO","ERBB2-mediated cellular proliferation","6","Functionally normal","","","NA","CRISPR-Based Genome Editing","Base editing","33606977"
"NM_004448.4(ERBB2):c.492G>A (p.Gln164=)","chr17","39709370","G/A","ERBB2","-0.012","dataset0531","Synonymous","Neutral to the ERBB2-mediated cellular proliferation in MELJUSO","ERBB2-mediated cellular proliferation","6","Functionally normal","","6.19599e-07","NA","CRISPR-Based Genome Editing","Base editing","33606977"
"NM_004448.4(ERBB2):c.493G>A (p.Asp165Asn)","chr17","39709371","G/A","ERBB2","-0.012","dataset0531","Missense","Neutral to the ERBB2-mediated cellular proliferation in MELJUSO","ERBB2-mediated cellular proliferation","6","Functionally normal","","","NA","CRISPR-Based Genome Editing","Base editing","33606977"
"NM_004448.4(ERBB2):c.504G>A (p.Leu168=)","chr17","39709382","G/A","ERBB2","0.622","dataset0531","Synonymous","Neutral to the ERBB2-mediated cellular proliferation in MELJUSO","ERBB2-mediated cellular proliferation","6","Functionally normal","","","NA","CRISPR-Based Genome Editing","Base editing","33606977"
"NM_004448.4(ERBB2):c.506_507delinsAA (p.Trp169Ter)","chr17","39709384","GG/AA","ERBB2","0.622","dataset0531","Nonsense","Neutral to the ERBB2-mediated cellular proliferation in MELJUSO","ERBB2-mediated cellular proliferation","6","Functionally normal","","","NA","CRISPR-Based Genome Editing","Base editing","33606977"
"NM_004448.4(ERBB2):c.519C>T (p.Phe173=)","chr17","39709397","C/T","ERBB2","-0.858","dataset0531","Synonymous","Neutral to the ERBB2-mediated cellular proliferation in MELJUSO","ERBB2-mediated cellular proliferation","6","Functionally normal","","","NA","CRISPR-Based Genome Editing","Base editing","33606977"
"NM_004448.4(ERBB2):c.537G>A (p.Leu179=)","chr17","39709415","G/A","ERBB2","1.186","dataset0531","Synonymous","Neutral to the ERBB2-mediated cellular proliferation in MELJUSO","ERBB2-mediated cellular proliferation","6","Functionally normal","","5.57638e-06","NA","CRISPR-Based Genome Editing","Base editing","33606977"
"NM_004448.4(ERBB2):c.549G>A (p.Leu183=)","chr17","39709427","G/A","ERBB2","-2.125","dataset0531","Synonymous","The reduced ERBB2-mediated cellular proliferation in MELJUSO","ERBB2-mediated cellular proliferation","6","Loss-of-function","","","NA","CRISPR-Based Genome Editing","Base editing","33606977"
"NM_004448.4(ERBB2):c.555C>T (p.Asp185=)","chr17","39709433","C/T","ERBB2","-1.292","dataset0531","Synonymous","Neutral to the ERBB2-mediated cellular proliferation in MELJUSO","ERBB2-mediated cellular proliferation","6","Functionally normal","","6.19526e-07","NA","CRISPR-Based Genome Editing","Base editing","33606977"
"NM_004448.4(ERBB2):c.582C>T (p.Pro194=)","chr17","39709820","C/T","ERBB2","0.375","dataset0531","Synonymous","Neutral to the ERBB2-mediated cellular proliferation in MELJUSO","ERBB2-mediated cellular proliferation","6","Functionally normal","","1.85957e-06","NA","CRISPR-Based Genome Editing","Base editing","33606977"
"NM_004448.4(ERBB2):c.587C>T (p.Ser196Phe)","chr17","39709825","C/T","ERBB2","-0.153","dataset0531","Missense","Neutral to the ERBB2-mediated cellular proliferation in MELJUSO","ERBB2-mediated cellular proliferation","6","Functionally normal","","6.19839e-07","blca:0.2% (1/411):0.250","CRISPR-Based Genome Editing","Base editing","33606977"
"NM_004448.4(ERBB2):c.591G>A (p.Pro197=)","chr17","39709829","G/A","ERBB2","-0.485","dataset0531","Synonymous","Neutral to the ERBB2-mediated cellular proliferation in MELJUSO","ERBB2-mediated cellular proliferation","6","Functionally normal","Likely benign","1.17771e-05","NA","CRISPR-Based Genome Editing","Base editing","33606977"
"NM_004448.4(ERBB2):c.594G>A (p.Met198Ile)","chr17","39709832","G/A","ERBB2","-2.175","dataset0531","Missense","The reduced ERBB2-mediated cellular proliferation in MELJUSO","ERBB2-mediated cellular proliferation","6","Loss-of-function","Uncertain significance","1.54961e-05","NA","CRISPR-Based Genome Editing","Base editing","33606977"
"NM_004448.4(ERBB2):c.596G>A (p.Cys199Tyr)","chr17","39709834","G/A","ERBB2","-2.175","dataset0531","Missense","The reduced ERBB2-mediated cellular proliferation in MELJUSO","ERBB2-mediated cellular proliferation","6","Loss-of-function","","","NA","CRISPR-Based Genome Editing","Base editing","33606977"
"NM_004448.4(ERBB2):c.600G>A (p.Lys200=)","chr17","39709838","G/A","ERBB2","-1.34","dataset0531","Synonymous","Neutral to the ERBB2-mediated cellular proliferation in MELJUSO","ERBB2-mediated cellular proliferation","6","Functionally normal","","","NA","CRISPR-Based Genome Editing","Base editing","33606977"
"NM_004448.4(ERBB2):c.621G>A (p.Glu207=)","chr17","39709859","G/A","ERBB2","-1.145","dataset0531","Synonymous","Neutral to the ERBB2-mediated cellular proliferation in MELJUSO","ERBB2-mediated cellular proliferation","6","Functionally normal","","","NA","CRISPR-Based Genome Editing","Base editing","33606977"
"NM_004448.4(ERBB2):c.623G>A (p.Ser208Asn)","chr17","39709861","G/A","ERBB2","-1.145","dataset0531","Missense","Neutral to the ERBB2-mediated cellular proliferation in MELJUSO","ERBB2-mediated cellular proliferation","6","Functionally normal","","2.479e-06","NA","CRISPR-Based Genome Editing","Base editing","33606977"
"NM_004448.4(ERBB2):c.647C>T (p.Thr216Met)","chr17","39710089","C/T","ERBB2","0.838","dataset0531","Missense","Neutral to the ERBB2-mediated cellular proliferation in MELJUSO","ERBB2-mediated cellular proliferation","6","Functionally normal","Uncertain significance","2.49088e-05","NA","CRISPR-Based Genome Editing","Base editing","33606977"
"NM_004448.4(ERBB2):c.653C>T (p.Thr218Ile)","chr17","39710095","C/T","ERBB2","0.91","dataset0531","Missense","Neutral to the ERBB2-mediated cellular proliferation in MELJUSO","ERBB2-mediated cellular proliferation","6","Functionally normal","","6.21973e-07","NA","CRISPR-Based Genome Editing","Base editing","33606977"
"NM_004448.4(ERBB2):c.709C>T (p.His237Tyr)","chr17","39710151","C/T","ERBB2","0.424","dataset0531","Missense","Neutral to the ERBB2-mediated cellular proliferation in MELJUSO","ERBB2-mediated cellular proliferation","6","Functionally normal","","1.86036e-06","NA","CRISPR-Based Genome Editing","Base editing","33606977"
"NM_004448.4(ERBB2):c.712G>A (p.Glu238Lys)","chr17","39710154","G/A","ERBB2","0.291","dataset0531","Missense","Neutral to the ERBB2-mediated cellular proliferation in MELJUSO","ERBB2-mediated cellular proliferation","6","Functionally normal","","","NA","CRISPR-Based Genome Editing","Base editing","33606977"
"NM_004448.4(ERBB2):c.727G>A (p.Gly243Ser)","chr17","39710169","G/A","ERBB2","0.432","dataset0531","Missense","Neutral to the ERBB2-mediated cellular proliferation in MELJUSO","ERBB2-mediated cellular proliferation","6","Functionally normal","Uncertain significance","0.000128981","NA","CRISPR-Based Genome Editing","Base editing","33606977"
"NM_004448.4(ERBB2):c.741C>T (p.Pro247=)","chr17","39710183","C/T","ERBB2","-1.154","dataset0531","Synonymous","Neutral to the ERBB2-mediated cellular proliferation in MELJUSO","ERBB2-mediated cellular proliferation","6","Functionally normal","","0","NA","CRISPR-Based Genome Editing","Base editing","33606977"
"NM_004448.4(ERBB2):c.759G>A (p.Leu253=)","chr17","39710201","G/A","ERBB2","0.925","dataset0531","Splice site","Neutral to the ERBB2-mediated cellular proliferation in MELJUSO","ERBB2-mediated cellular proliferation","6","Functionally normal","","6.20215e-07","NA","CRISPR-Based Genome Editing","Base editing","33606977"
"NM_004448.4(ERBB2):c.769C>T (p.His257Tyr)","chr17","39710349","C/T","ERBB2","-1.369","dataset0531","Missense","Neutral to the ERBB2-mediated cellular proliferation in MELJUSO","ERBB2-mediated cellular proliferation","6","Functionally normal","Uncertain significance","","NA","CRISPR-Based Genome Editing","Base editing","33606977"
"NM_004448.4(ERBB2):c.782G>A (p.Ser261Asn)","chr17","39710362","G/A","ERBB2","1.022","dataset0531","Missense","Neutral to the ERBB2-mediated cellular proliferation in MELJUSO","ERBB2-mediated cellular proliferation","6","Functionally normal","","","NA","CRISPR-Based Genome Editing","Base editing","33606977"
"NM_004448.4(ERBB2):c.784G>A (p.Gly262Ser)","chr17","39710364","G/A","ERBB2","0.858","dataset0531","Missense","Neutral to the ERBB2-mediated cellular proliferation in MELJUSO","ERBB2-mediated cellular proliferation","6","Functionally normal","","","NA","CRISPR-Based Genome Editing","Base editing","33606977"
"NM_004448.4(ERBB2):c.793G>A (p.Glu265Lys)","chr17","39710373","G/A","ERBB2","0.659","dataset0531","Missense","Neutral to the ERBB2-mediated cellular proliferation in MELJUSO","ERBB2-mediated cellular proliferation","6","Functionally normal","","","NA","CRISPR-Based Genome Editing","Base editing","33606977"
"NM_004448.4(ERBB2):c.829G>A (p.Asp277Asn)","chr17","39710409","G/A","ERBB2","0.661","dataset0531","Missense","Neutral to the ERBB2-mediated cellular proliferation in MELJUSO","ERBB2-mediated cellular proliferation","6","Functionally normal","","","NA","CRISPR-Based Genome Editing","Base editing","33606977"
"NM_004448.4(ERBB2):c.834G>A (p.Thr278=)","chr17","39710414","G/A","ERBB2","0.597","dataset0531","Synonymous","Neutral to the ERBB2-mediated cellular proliferation in MELJUSO","ERBB2-mediated cellular proliferation","6","Functionally normal","","2.4781e-06","NA","CRISPR-Based Genome Editing","Base editing","33606977"
"NM_004448.4(ERBB2):c.842_843delinsTT (p.Ser281Phe)","chr17","39710422","CC/TT","ERBB2","-1.04","dataset0531","Missense","Neutral to the ERBB2-mediated cellular proliferation in MELJUSO","ERBB2-mediated cellular proliferation","6","Functionally normal","","","NA","CRISPR-Based Genome Editing","Base editing","33606977"
"NM_004448.4(ERBB2):c.848_849delinsTT (p.Pro283Leu)","chr17","39710428","CC/TT","ERBB2","-0.95","dataset0531","Missense","Neutral to the ERBB2-mediated cellular proliferation in MELJUSO","ERBB2-mediated cellular proliferation","6","Functionally normal","","","NA","CRISPR-Based Genome Editing","Base editing","33606977"
"NM_004448.4(ERBB2):c.858G>A (p.Glu286=)","chr17","39710438","G/A","ERBB2","0.444","dataset0531","Synonymous","Neutral to the ERBB2-mediated cellular proliferation in MELJUSO","ERBB2-mediated cellular proliferation","6","Functionally normal","","","NA","CRISPR-Based Genome Editing","Base editing","33606977"
"NM_004448.4(ERBB2):c.859G>A (p.Gly287Ser)","chr17","39710439","G/A","ERBB2","0.444","dataset0531","Missense","Neutral to the ERBB2-mediated cellular proliferation in MELJUSO","ERBB2-mediated cellular proliferation","6","Functionally normal","","","NA","CRISPR-Based Genome Editing","Base editing","33606977"
"NM_004448.4(ERBB2):c.863_864delinsAA (p.Arg288Gln)","chr17","39710443","GG/AA","ERBB2","1.211","dataset0531","Missense","Neutral to the ERBB2-mediated cellular proliferation in MELJUSO","ERBB2-mediated cellular proliferation","6","Functionally normal","","","NA","CRISPR-Based Genome Editing","Base editing","33606977"
"NM_004448.4(ERBB2):c.896G>A (p.Cys299Tyr)","chr17","39710476","G/A","ERBB2","-1.332","dataset0531","Missense","Neutral to the ERBB2-mediated cellular proliferation in MELJUSO","ERBB2-mediated cellular proliferation","6","Functionally normal","","0","NA","CRISPR-Based Genome Editing","Base editing","33606977"
"NM_004448.4(ERBB2):c.901+11G>A","chr17","39710492","G/A","ERBB2","-0.076","dataset0531","Intron","Neutral to the ERBB2-mediated cellular proliferation in MELJUSO","ERBB2-mediated cellular proliferation","6","Functionally normal","","","NA","CRISPR-Based Genome Editing","Base editing","33606977"
"NM_004448.4(ERBB2):c.903C>T (p.Tyr301=)","chr17","39711929","C/T","ERBB2","-1.583","dataset0531","Splice site","Neutral to the ERBB2-mediated cellular proliferation in MELJUSO","ERBB2-mediated cellular proliferation","6","Functionally normal","","","NA","CRISPR-Based Genome Editing","Base editing","33606977"
"NM_004448.4(ERBB2):c.906C>T (p.Asn302=)","chr17","39711932","C/T","ERBB2","0.34","dataset0531","Synonymous","Neutral to the ERBB2-mediated cellular proliferation in MELJUSO","ERBB2-mediated cellular proliferation","6","Functionally normal","","","NA","CRISPR-Based Genome Editing","Base editing","33606977"
"NM_004448.4(ERBB2):c.909C>T (p.Tyr303=)","chr17","39711935","C/T","ERBB2","-0.046","dataset0531","Synonymous","Neutral to the ERBB2-mediated cellular proliferation in MELJUSO","ERBB2-mediated cellular proliferation","6","Functionally normal","","6.19532e-06","NA","CRISPR-Based Genome Editing","Base editing","33606977"
"NM_004448.4(ERBB2):c.910C>T (p.Leu304Phe)","chr17","39711936","C/T","ERBB2","-0.046","dataset0531","Missense","Neutral to the ERBB2-mediated cellular proliferation in MELJUSO","ERBB2-mediated cellular proliferation","6","Functionally normal","","","NA","CRISPR-Based Genome Editing","Base editing","33606977"
"NM_004448.4(ERBB2):c.924G>A (p.Val308=)","chr17","39711950","G/A","ERBB2","-0.419","dataset0531","Synonymous","Neutral to the ERBB2-mediated cellular proliferation in MELJUSO","ERBB2-mediated cellular proliferation","6","Functionally normal","","","NA","CRISPR-Based Genome Editing","Base editing","33606977"
"NM_004448.4(ERBB2):c.925_926delinsAA (p.Gly309Lys)","chr17","39711951","GG/AA","ERBB2","-0.419","dataset0531","Missense","Neutral to the ERBB2-mediated cellular proliferation in MELJUSO","ERBB2-mediated cellular proliferation","6","Functionally normal","","","NA","CRISPR-Based Genome Editing","Base editing","33606977"
"NM_004448.4(ERBB2):c.946_948delinsTTT (p.Pro316Phe)","chr17","39711972","CCC/TTT","ERBB2","-0.095","dataset0531","Missense","Neutral to the ERBB2-mediated cellular proliferation in MELJUSO","ERBB2-mediated cellular proliferation","6","Functionally normal","","","NA","CRISPR-Based Genome Editing","Base editing","33606977"
"NM_004448.4(ERBB2):c.949C>T (p.Leu317=)","chr17","39711975","C/T","ERBB2","-0.095","dataset0531","Synonymous","Neutral to the ERBB2-mediated cellular proliferation in MELJUSO","ERBB2-mediated cellular proliferation","6","Functionally normal","","6.19507e-07","NA","CRISPR-Based Genome Editing","Base editing","33606977"
"NM_004448.4(ERBB2):c.957C>T (p.Asn319=)","chr17","39711983","C/T","ERBB2","0.05","dataset0531","Synonymous","Neutral to the ERBB2-mediated cellular proliferation in MELJUSO","ERBB2-mediated cellular proliferation","6","Functionally normal","","","NA","CRISPR-Based Genome Editing","Base editing","33606977"
"NM_004448.4(ERBB2):c.958C>T (p.Gln320Ter)","chr17","39711984","C/T","ERBB2","0.05","dataset0531","Nonsense","Neutral to the ERBB2-mediated cellular proliferation in MELJUSO","ERBB2-mediated cellular proliferation","6","Functionally normal","","","NA","CRISPR-Based Genome Editing","Base editing","33606977"
"NM_004448.4(ERBB2):c.963G>A (p.Glu321=)","chr17","39711989","G/A","ERBB2","0.307","dataset0531","Synonymous","Neutral to the ERBB2-mediated cellular proliferation in MELJUSO","ERBB2-mediated cellular proliferation","6","Functionally normal","","","NA","CRISPR-Based Genome Editing","Base editing","33606977"
"NM_004448.4(ERBB2):c.964G>A (p.Val322Met)","chr17","39711990","G/A","ERBB2","0.399","dataset0531","Missense","Neutral to the ERBB2-mediated cellular proliferation in MELJUSO","ERBB2-mediated cellular proliferation","6","Functionally normal","","","NA","CRISPR-Based Genome Editing","Base editing","33606977"
"NM_004448.4(ERBB2):c.976G>A (p.Asp326Asn)","chr17","39712002","G/A","ERBB2","0.262","dataset0531","Missense","Neutral to the ERBB2-mediated cellular proliferation in MELJUSO","ERBB2-mediated cellular proliferation","6","Functionally normal","","","NA","CRISPR-Based Genome Editing","Base editing","33606977"
"NM_004448.4(ERBB2):c.1022-9C>T","chr17","39712313","C/T","ERBB2","0.498","dataset0531","Splice site","Neutral to the ERBB2-mediated cellular proliferation in MELJUSO","ERBB2-mediated cellular proliferation","6","Functionally normal","","","NA","CRISPR-Based Genome Editing","Base editing","33606977"
"NM_004448.4(ERBB2):c.1022-8C>T","chr17","39712314","C/T","ERBB2","0.498","dataset0531","Splice site","Neutral to the ERBB2-mediated cellular proliferation in MELJUSO","ERBB2-mediated cellular proliferation","6","Functionally normal","","6.19769e-07","NA","CRISPR-Based Genome Editing","Base editing","33606977"
"NM_004448.4(ERBB2):c.1022-6C>T","chr17","39712316","C/T","ERBB2","0.498","dataset0531","Splice site","Neutral to the ERBB2-mediated cellular proliferation in MELJUSO","ERBB2-mediated cellular proliferation","6","Functionally normal","","6.30256e-06","NA","CRISPR-Based Genome Editing","Base editing","33606977"
"NM_004448.4(ERBB2):c.1022-5C>T","chr17","39712317","C/T","ERBB2","0.419","dataset0531","Splice site","Neutral to the ERBB2-mediated cellular proliferation in MELJUSO","ERBB2-mediated cellular proliferation","6","Functionally normal","","3.71778e-06","NA","CRISPR-Based Genome Editing","Base editing","33606977"
"NM_004448.4(ERBB2):c.1022-3C>T","chr17","39712319","C/T","ERBB2","0.419","dataset0531","Splice site","Neutral to the ERBB2-mediated cellular proliferation in MELJUSO","ERBB2-mediated cellular proliferation","6","Functionally normal","","1.24171e-06","NA","CRISPR-Based Genome Editing","Base editing","33606977"
"NM_004448.4(ERBB2):c.1031G>A (p.Gly344Asp)","chr17","39712331","G/A","ERBB2","-2.004","dataset0531","Missense","The reduced ERBB2-mediated cellular proliferation in MELJUSO","ERBB2-mediated cellular proliferation","6","Loss-of-function","","6.19576e-07","NA","CRISPR-Based Genome Editing","Base editing","33606977"
"NM_004448.4(ERBB2):c.1035G>A (p.Leu345=)","chr17","39712335","G/A","ERBB2","-2.004","dataset0531","Synonymous","The reduced ERBB2-mediated cellular proliferation in MELJUSO","ERBB2-mediated cellular proliferation","6","Loss-of-function","","6.21932e-07","NA","CRISPR-Based Genome Editing","Base editing","33606977"
"NM_004448.4(ERBB2):c.1047C>T (p.His349=)","chr17","39712347","C/T","ERBB2","0.392","dataset0531","Synonymous","Neutral to the ERBB2-mediated cellular proliferation in MELJUSO","ERBB2-mediated cellular proliferation","6","Functionally normal","","1.23924e-06","NA","CRISPR-Based Genome Editing","Base editing","33606977"
"NM_004448.4(ERBB2):c.1070_1071delinsTT (p.Thr357Ile)","chr17","39712370","CC/TT","ERBB2","-1.559","dataset0531","Missense","Neutral to the ERBB2-mediated cellular proliferation in MELJUSO","ERBB2-mediated cellular proliferation","6","Functionally normal","","","NA","CRISPR-Based Genome Editing","Base editing","33606977"
"NM_004448.4(ERBB2):c.1086G>A (p.Gln362=)","chr17","39712386","G/A","ERBB2","-1.168","dataset0531","Synonymous","Neutral to the ERBB2-mediated cellular proliferation in MELJUSO","ERBB2-mediated cellular proliferation","6","Functionally normal","","","NA","CRISPR-Based Genome Editing","Base editing","33606977"
"NM_004448.4(ERBB2):c.1120C>T (p.Leu374=)","chr17","39712420","C/T","ERBB2","-0.45","dataset0531","Synonymous","Neutral to the ERBB2-mediated cellular proliferation in MELJUSO","ERBB2-mediated cellular proliferation","6","Functionally normal","","","NA","CRISPR-Based Genome Editing","Base editing","33606977"
"NM_004448.4(ERBB2):c.1129C>T (p.Leu377=)","chr17","39712429","C/T","ERBB2","-0.828","dataset0531","Synonymous","Neutral to the ERBB2-mediated cellular proliferation in MELJUSO","ERBB2-mediated cellular proliferation","6","Functionally normal","","6.19629e-07","NA","CRISPR-Based Genome Editing","Base editing","33606977"
"NM_004448.4(ERBB2):c.1133C>T (p.Pro378Leu)","chr17","39712433","C/T","ERBB2","-0.828","dataset0531","Missense","Neutral to the ERBB2-mediated cellular proliferation in MELJUSO","ERBB2-mediated cellular proliferation","6","Functionally normal","Uncertain significance","1.92108e-05","NA","CRISPR-Based Genome Editing","Base editing","33606977"
"NM_004448.4(ERBB2):c.1134G>A (p.Pro378=)","chr17","39712434","G/A","ERBB2","-0.057","dataset0531","Synonymous","Neutral to the ERBB2-mediated cellular proliferation in MELJUSO","ERBB2-mediated cellular proliferation","6","Functionally normal","Likely benign","2.16912e-05","NA","CRISPR-Based Genome Editing","Base editing","33606977"
"NM_004448.4(ERBB2):c.1147_1148delinsAA (p.Gly383Lys)","chr17","39712447","GG/AA","ERBB2","-2.811","dataset0531","Missense","The reduced ERBB2-mediated cellular proliferation in MELJUSO","ERBB2-mediated cellular proliferation","6","Loss-of-function","","","NA","CRISPR-Based Genome Editing","Base editing","33606977"
"NM_004448.4(ERBB2):c.1148+1G>A","chr17","39712449","G/A","ERBB2","-2.811","dataset0531","Splice site","The reduced ERBB2-mediated cellular proliferation in MELJUSO","ERBB2-mediated cellular proliferation","6","Loss-of-function","","","NA","CRISPR-Based Genome Editing","Base editing","33606977"
"NM_004448.4(ERBB2):c.1191C>T (p.Leu397=)","chr17","39715328","C/T","ERBB2","0.587","dataset0531","Synonymous","Neutral to the ERBB2-mediated cellular proliferation in MELJUSO","ERBB2-mediated cellular proliferation","6","Functionally normal","","","NA","CRISPR-Based Genome Editing","Base editing","33606977"
"NM_004448.4(ERBB2):c.1192C>T (p.Gln398Ter)","chr17","39715329","C/T","ERBB2","0.587","dataset0531","Nonsense","Neutral to the ERBB2-mediated cellular proliferation in MELJUSO","ERBB2-mediated cellular proliferation","6","Functionally normal","","","NA","CRISPR-Based Genome Editing","Base editing","33606977"
"NM_004448.4(ERBB2):c.1195G>A (p.Val399Met)","chr17","39715332","G/A","ERBB2","-0.829","dataset0531","Missense","Neutral to the ERBB2-mediated cellular proliferation in MELJUSO","ERBB2-mediated cellular proliferation","6","Functionally normal","Uncertain significance","2.47821e-05","NA","CRISPR-Based Genome Editing","Base editing","33606977"
"NM_004448.4(ERBB2):c.1205C>T (p.Thr402Ile)","chr17","39715342","C/T","ERBB2","0.256","dataset0531","Missense","Neutral to the ERBB2-mediated cellular proliferation in MELJUSO","ERBB2-mediated cellular proliferation","6","Functionally normal","","6.19543e-07","NA","CRISPR-Based Genome Editing","Base editing","33606977"
"NM_004448.4(ERBB2):c.1207C>T (p.Leu403=)","chr17","39715344","C/T","ERBB2","-0.586","dataset0531","Synonymous","Neutral to the ERBB2-mediated cellular proliferation in MELJUSO","ERBB2-mediated cellular proliferation","6","Functionally normal","Likely benign","4.95641e-06","NA","CRISPR-Based Genome Editing","Base editing","33606977"
"NM_004448.4(ERBB2):c.1209G>A (p.Leu403=)","chr17","39715346","G/A","ERBB2","-1.465","dataset0531","Synonymous","Neutral to the ERBB2-mediated cellular proliferation in MELJUSO","ERBB2-mediated cellular proliferation","6","Functionally normal","","6.19546e-07","NA","CRISPR-Based Genome Editing","Base editing","33606977"
"NM_004448.4(ERBB2):c.1210G>A (p.Glu404Lys)","chr17","39715347","G/A","ERBB2","-1.465","dataset0531","Missense","Neutral to the ERBB2-mediated cellular proliferation in MELJUSO","ERBB2-mediated cellular proliferation","6","Functionally normal","","","NA","CRISPR-Based Genome Editing","Base editing","33606977"
"NM_004448.4(ERBB2):c.1227C>T (p.Tyr409=)","chr17","39715450","C/T","ERBB2","-1.63","dataset0531","Synonymous","Neutral to the ERBB2-mediated cellular proliferation in MELJUSO","ERBB2-mediated cellular proliferation","6","Functionally normal","","","NA","CRISPR-Based Genome Editing","Base editing","33606977"
"NM_004448.4(ERBB2):c.1228C>T (p.Leu410=)","chr17","39715451","C/T","ERBB2","-1.63","dataset0531","Synonymous","Neutral to the ERBB2-mediated cellular proliferation in MELJUSO","ERBB2-mediated cellular proliferation","6","Functionally normal","","6.19513e-07","NA","CRISPR-Based Genome Editing","Base editing","33606977"
"NM_004448.4(ERBB2):c.1233C>T (p.Tyr411=)","chr17","39715456","C/T","ERBB2","-1.007","dataset0531","Synonymous","Neutral to the ERBB2-mediated cellular proliferation in MELJUSO","ERBB2-mediated cellular proliferation","6","Functionally normal","","","NA","CRISPR-Based Genome Editing","Base editing","33606977"
"NM_004448.4(ERBB2):c.1244G>A (p.Trp415Ter)","chr17","39715467","G/A","ERBB2","0.505","dataset0531","Nonsense","Neutral to the ERBB2-mediated cellular proliferation in MELJUSO","ERBB2-mediated cellular proliferation","6","Functionally normal","","","NA","CRISPR-Based Genome Editing","Base editing","33606977"
"NM_004448.4(ERBB2):c.1261G>A (p.Asp421Asn)","chr17","39715484","G/A","ERBB2","0.814","dataset0531","Missense","Neutral to the ERBB2-mediated cellular proliferation in MELJUSO","ERBB2-mediated cellular proliferation","6","Functionally normal","","","NA","CRISPR-Based Genome Editing","Base editing","33606977"
"NM_004448.4(ERBB2):c.1270G>A (p.Val424Ile)","chr17","39715493","G/A","ERBB2","0.137","dataset0531","Missense","Neutral to the ERBB2-mediated cellular proliferation in MELJUSO","ERBB2-mediated cellular proliferation","6","Functionally normal","Uncertain significance","1.61071e-05","NA","CRISPR-Based Genome Editing","Base editing","33606977"
"NM_004448.4(ERBB2):c.1278G>A (p.Gln426=)","chr17","39715501","G/A","ERBB2","-0.216","dataset0531","Synonymous","Neutral to the ERBB2-mediated cellular proliferation in MELJUSO","ERBB2-mediated cellular proliferation","6","Functionally normal","","","NA","CRISPR-Based Genome Editing","Base editing","33606977"
"NM_004448.4(ERBB2):c.1281C>T (p.Asn427=)","chr17","39715504","C/T","ERBB2","-1.257","dataset0531","Synonymous","Neutral to the ERBB2-mediated cellular proliferation in MELJUSO","ERBB2-mediated cellular proliferation","6","Functionally normal","","","NA","CRISPR-Based Genome Editing","Base editing","33606977"
"NM_004448.4(ERBB2):c.1282C>T (p.Leu428=)","chr17","39715505","C/T","ERBB2","-0.606","dataset0531","Synonymous","Neutral to the ERBB2-mediated cellular proliferation in MELJUSO","ERBB2-mediated cellular proliferation","6","Functionally normal","","","NA","CRISPR-Based Genome Editing","Base editing","33606977"
"NM_004448.4(ERBB2):c.1296G>A (p.Arg432=)","chr17","39715519","G/A","ERBB2","-0.784","dataset0531","Synonymous","Neutral to the ERBB2-mediated cellular proliferation in MELJUSO","ERBB2-mediated cellular proliferation","6","Functionally normal","","","NA","CRISPR-Based Genome Editing","Base editing","33606977"
"NM_004448.4(ERBB2):c.1297_1298delinsAA (p.Gly433Lys)","chr17","39715520","GG/AA","ERBB2","-0.784","dataset0531","Missense","Neutral to the ERBB2-mediated cellular proliferation in MELJUSO","ERBB2-mediated cellular proliferation","6","Functionally normal","","","NA","CRISPR-Based Genome Editing","Base editing","33606977"
"NM_004448.4(ERBB2):c.1323C>T (p.Tyr441=)","chr17","39715749","C/T","ERBB2","-1.082","dataset0531","Synonymous","Neutral to the ERBB2-mediated cellular proliferation in MELJUSO","ERBB2-mediated cellular proliferation","6","Functionally normal","","6.22465e-07","NA","CRISPR-Based Genome Editing","Base editing","33606977"
"NM_004448.4(ERBB2):c.1325C>T (p.Ser442Leu)","chr17","39715751","C/T","ERBB2","-1.082","dataset0531","Missense","Neutral to the ERBB2-mediated cellular proliferation in MELJUSO","ERBB2-mediated cellular proliferation","6","Functionally normal","","8.71374e-06","NA","CRISPR-Based Genome Editing","Base editing","33606977"
"NM_004448.4(ERBB2):c.1331C>T (p.Thr444Ile)","chr17","39715757","C/T","ERBB2","0.787","dataset0531","Missense","Neutral to the ERBB2-mediated cellular proliferation in MELJUSO","ERBB2-mediated cellular proliferation","6","Functionally normal","","1.24442e-06","NA","CRISPR-Based Genome Editing","Base editing","33606977"
"NM_004448.4(ERBB2):c.1370C>T (p.Ser457Leu)","chr17","39715796","C/T","ERBB2","0.557","dataset0531","Missense","Neutral to the ERBB2-mediated cellular proliferation in MELJUSO","ERBB2-mediated cellular proliferation","6","Functionally normal","","2.48448e-06","NA","CRISPR-Based Genome Editing","Base editing","33606977"
"NM_004448.4(ERBB2):c.1372C>T (p.Leu458=)","chr17","39715798","C/T","ERBB2","1.139","dataset0531","Synonymous","Neutral to the ERBB2-mediated cellular proliferation in MELJUSO","ERBB2-mediated cellular proliferation","6","Functionally normal","","1.86323e-06","NA","CRISPR-Based Genome Editing","Base editing","33606977"
"NM_004448.4(ERBB2):c.1381C>T (p.Leu461=)","chr17","39715807","C/T","ERBB2","-0.138","dataset0531","Synonymous","Neutral to the ERBB2-mediated cellular proliferation in MELJUSO","ERBB2-mediated cellular proliferation","6","Functionally normal","","0","NA","CRISPR-Based Genome Editing","Base editing","33606977"
"NM_004448.4(ERBB2):c.1419C>T (p.His473=)","chr17","39715845","C/T","ERBB2","0.057","dataset0531","Synonymous","Neutral to the ERBB2-mediated cellular proliferation in MELJUSO","ERBB2-mediated cellular proliferation","6","Functionally normal","","","NA","CRISPR-Based Genome Editing","Base editing","33606977"
"NM_004448.4(ERBB2):c.1428C>T (p.Phe476=)","chr17","39715854","C/T","ERBB2","0.665","dataset0531","Synonymous","Neutral to the ERBB2-mediated cellular proliferation in MELJUSO","ERBB2-mediated cellular proliferation","6","Functionally normal","Likely benign","1.79822e-05","NA","CRISPR-Based Genome Editing","Base editing","33606977"
"NM_004448.4(ERBB2):c.1437G>A (p.Thr479=)","chr17","39715863","G/A","ERBB2","0.833","dataset0531","Synonymous","Neutral to the ERBB2-mediated cellular proliferation in MELJUSO","ERBB2-mediated cellular proliferation","6","Functionally normal","Uncertain significance","","NA","CRISPR-Based Genome Editing","Base editing","33606977"
"NM_004448.4(ERBB2):c.1438G>A (p.Val480Met)","chr17","39715864","G/A","ERBB2","0.833","dataset0531","Missense","Neutral to the ERBB2-mediated cellular proliferation in MELJUSO","ERBB2-mediated cellular proliferation","6","Functionally normal","","","NA","CRISPR-Based Genome Editing","Base editing","33606977"
"NM_004448.4(ERBB2):c.1442_1443delinsTT (p.Pro481Leu)","chr17","39715868","CC/TT","ERBB2","0.745","dataset0531","Missense","Neutral to the ERBB2-mediated cellular proliferation in MELJUSO","ERBB2-mediated cellular proliferation","6","Functionally normal","","","NA","CRISPR-Based Genome Editing","Base editing","33606977"
"NM_004448.4(ERBB2):c.1460_1461delinsAA (p.Arg487Gln)","chr17","39715886","GG/AA","ERBB2","0.875","dataset0531","Missense","Neutral to the ERBB2-mediated cellular proliferation in MELJUSO","ERBB2-mediated cellular proliferation","6","Functionally normal","","","NA","CRISPR-Based Genome Editing","Base editing","33606977"
"NM_004448.4(ERBB2):c.1460G>A (p.Arg487Gln)","chr17","39715886","G/A","ERBB2","1.567","dataset0531","Missense","Neutral to the ERBB2-mediated cellular proliferation in MELJUSO","ERBB2-mediated cellular proliferation","6","Functionally normal","Uncertain significance","1.86066e-05","NA","CRISPR-Based Genome Editing","Base editing","33606977"
"NM_004448.4(ERBB2):c.1482C>T (p.Leu494=)","chr17","39715908","C/T","ERBB2","-2.05","dataset0531","Synonymous","The reduced ERBB2-mediated cellular proliferation in MELJUSO","ERBB2-mediated cellular proliferation","6","Loss-of-function","","","NA","CRISPR-Based Genome Editing","Base editing","33606977"
"NM_004448.4(ERBB2):c.1485C>T (p.His495=)","chr17","39715911","C/T","ERBB2","0.136","dataset0531","Synonymous","Neutral to the ERBB2-mediated cellular proliferation in MELJUSO","ERBB2-mediated cellular proliferation","6","Functionally normal","","6.20544e-07","NA","CRISPR-Based Genome Editing","Base editing","33606977"
"NM_004448.4(ERBB2):c.1487C>T (p.Thr496Ile)","chr17","39715913","C/T","ERBB2","0.136","dataset0531","Missense","Neutral to the ERBB2-mediated cellular proliferation in MELJUSO","ERBB2-mediated cellular proliferation","6","Functionally normal","Uncertain significance","4.96496e-06","NA","CRISPR-Based Genome Editing","Base editing","33606977"
"NM_004448.4(ERBB2):c.1495C>T (p.Arg499Trp)","chr17","39715921","C/T","ERBB2","0.209","dataset0531","Missense","Neutral to the ERBB2-mediated cellular proliferation in MELJUSO","ERBB2-mediated cellular proliferation","6","Functionally normal","Uncertain significance","1.49015e-05","NA","CRISPR-Based Genome Editing","Base editing","33606977"
"NM_004448.4(ERBB2):c.1499C>T (p.Pro500Leu)","chr17","39715925","C/T","ERBB2","0.209","dataset0531","Missense","Neutral to the ERBB2-mediated cellular proliferation in MELJUSO","ERBB2-mediated cellular proliferation","6","Functionally normal","","","NA","CRISPR-Based Genome Editing","Base editing","33606977"
"NM_004448.4(ERBB2):c.1501G>A (p.Glu501Lys)","chr17","39715927","G/A","ERBB2","0.577","dataset0531","Missense","Neutral to the ERBB2-mediated cellular proliferation in MELJUSO","ERBB2-mediated cellular proliferation","6","Functionally normal","","6.21225e-07","NA","CRISPR-Based Genome Editing","Base editing","33606977"
"NM_004448.4(ERBB2):c.1509G>A (p.Glu503=)","chr17","39715935","G/A","ERBB2","-1.506","dataset0531","Synonymous","Neutral to the ERBB2-mediated cellular proliferation in MELJUSO","ERBB2-mediated cellular proliferation","6","Functionally normal","Likely benign","4.9734e-06","NA","CRISPR-Based Genome Editing","Base editing","33606977"
"NM_004448.4(ERBB2):c.1511G>A (p.Cys504Tyr)","chr17","39715937","G/A","ERBB2","-1.506","dataset0531","Missense","Neutral to the ERBB2-mediated cellular proliferation in MELJUSO","ERBB2-mediated cellular proliferation","6","Functionally normal","","1.24355e-06","NA","CRISPR-Based Genome Editing","Base editing","33606977"
"NM_004448.4(ERBB2):c.1513G>A (p.Val505Met)","chr17","39715939","G/A","ERBB2","-1.588","dataset0531","Missense","Neutral to the ERBB2-mediated cellular proliferation in MELJUSO","ERBB2-mediated cellular proliferation","6","Functionally normal","","","NA","CRISPR-Based Genome Editing","Base editing","33606977"
"NM_004448.4(ERBB2):c.1513+1G>A","chr17","39715940","G/A","ERBB2","-1.588","dataset0531","Splice site","Neutral to the ERBB2-mediated cellular proliferation in MELJUSO","ERBB2-mediated cellular proliferation","6","Functionally normal","","","NA","CRISPR-Based Genome Editing","Base editing","33606977"
"NM_004448.4(ERBB2):c.1514-11C>T","chr17","39716290","C/T","ERBB2","0.597","dataset0531","Splice site","Neutral to the ERBB2-mediated cellular proliferation in MELJUSO","ERBB2-mediated cellular proliferation","6","Functionally normal","","8.88988e-06","NA","CRISPR-Based Genome Editing","Base editing","33606977"
"NM_004448.4(ERBB2):c.1514-10C>T","chr17","39716291","C/T","ERBB2","0.4","dataset0531","Splice site","Neutral to the ERBB2-mediated cellular proliferation in MELJUSO","ERBB2-mediated cellular proliferation","6","Functionally normal","","","NA","CRISPR-Based Genome Editing","Base editing","33606977"
"NM_004448.4(ERBB2):c.1514-8C>T","chr17","39716293","C/T","ERBB2","0.4","dataset0531","Splice site","Neutral to the ERBB2-mediated cellular proliferation in MELJUSO","ERBB2-mediated cellular proliferation","6","Functionally normal","","","NA","CRISPR-Based Genome Editing","Base editing","33606977"
"NM_004448.4(ERBB2):c.1514-6C>T","chr17","39716295","C/T","ERBB2","0.4","dataset0531","Splice site","Neutral to the ERBB2-mediated cellular proliferation in MELJUSO","ERBB2-mediated cellular proliferation","6","Functionally normal","","3.16354e-06","NA","CRISPR-Based Genome Editing","Base editing","33606977"
"NM_004448.4(ERBB2):c.1536C>T (p.His512=)","chr17","39716323","C/T","ERBB2","-0.551","dataset0531","Synonymous","Neutral to the ERBB2-mediated cellular proliferation in MELJUSO","ERBB2-mediated cellular proliferation","6","Functionally normal","","0","NA","CRISPR-Based Genome Editing","Base editing","33606977"
"NM_004448.4(ERBB2):c.1537C>T (p.Gln513Ter)","chr17","39716324","C/T","ERBB2","-0.551","dataset0531","Nonsense","Neutral to the ERBB2-mediated cellular proliferation in MELJUSO","ERBB2-mediated cellular proliferation","6","Functionally normal","","","NA","CRISPR-Based Genome Editing","Base editing","33606977"
"NM_004448.4(ERBB2):c.1542G>A (p.Leu514=)","chr17","39716329","G/A","ERBB2","-0.044","dataset0531","Synonymous","Neutral to the ERBB2-mediated cellular proliferation in MELJUSO","ERBB2-mediated cellular proliferation","6","Functionally normal","","6.24029e-07","NA","CRISPR-Based Genome Editing","Base editing","33606977"
"NM_004448.4(ERBB2):c.1548C>T (p.Ala516=)","chr17","39716335","C/T","ERBB2","-0.065","dataset0531","Synonymous","Neutral to the ERBB2-mediated cellular proliferation in MELJUSO","ERBB2-mediated cellular proliferation","6","Functionally normal","","","NA","CRISPR-Based Genome Editing","Base editing","33606977"
"NM_004448.4(ERBB2):c.1549C>T (p.Arg517Ter)","chr17","39716336","C/T","ERBB2","0.053","dataset0531","Nonsense","Neutral to the ERBB2-mediated cellular proliferation in MELJUSO","ERBB2-mediated cellular proliferation","6","Functionally normal","","1.86891e-06","NA","CRISPR-Based Genome Editing","Base editing","33606977"
"NM_004448.4(ERBB2):c.1550G>A (p.Arg517Gln)","chr17","39716337","G/A","ERBB2","1.316","dataset0531","Missense","Neutral to the ERBB2-mediated cellular proliferation in MELJUSO","ERBB2-mediated cellular proliferation","6","Functionally normal","Uncertain significance","4.79476e-05","NA","CRISPR-Based Genome Editing","Base editing","33606977"
"NM_004448.4(ERBB2):c.1552_1553delinsAA (p.Gly518Lys)","chr17","39716339","GG/AA","ERBB2","0.148","dataset0531","Missense","Neutral to the ERBB2-mediated cellular proliferation in MELJUSO","ERBB2-mediated cellular proliferation","6","Functionally normal","","","NA","CRISPR-Based Genome Editing","Base editing","33606977"
"NM_004448.4(ERBB2):c.1552G>A (p.Gly518Arg)","chr17","39716339","G/A","ERBB2","1.316","dataset0531","Missense","Neutral to the ERBB2-mediated cellular proliferation in MELJUSO","ERBB2-mediated cellular proliferation","6","Functionally normal","","","NA","CRISPR-Based Genome Editing","Base editing","33606977"
"NM_004448.4(ERBB2):c.1557C>T (p.His519=)","chr17","39716344","C/T","ERBB2","0.919","dataset0531","Synonymous","Neutral to the ERBB2-mediated cellular proliferation in MELJUSO","ERBB2-mediated cellular proliferation","6","Functionally normal","","6.2207e-07","NA","CRISPR-Based Genome Editing","Base editing","33606977"
"NM_004448.4(ERBB2):c.1562_1563delinsAA (p.Trp521Ter)","chr17","39716349","GG/AA","ERBB2","0.581","dataset0531","Nonsense","Neutral to the ERBB2-mediated cellular proliferation in MELJUSO","ERBB2-mediated cellular proliferation","6","Functionally normal","","","NA","CRISPR-Based Genome Editing","Base editing","33606977"
"NM_004448.4(ERBB2):c.1563G>A (p.Trp521Ter)","chr17","39716350","G/A","ERBB2","1.208","dataset0531","Nonsense","Neutral to the ERBB2-mediated cellular proliferation in MELJUSO","ERBB2-mediated cellular proliferation","6","Functionally normal","","","NA","CRISPR-Based Genome Editing","Base editing","33606977"
"NM_004448.4(ERBB2):c.1564_1565delinsAA (p.Gly522Asn)","chr17","39716351","GG/AA","ERBB2","0.581","dataset0531","Missense","Neutral to the ERBB2-mediated cellular proliferation in MELJUSO","ERBB2-mediated cellular proliferation","6","Functionally normal","","","NA","CRISPR-Based Genome Editing","Base editing","33606977"
"NM_004448.4(ERBB2):c.1583G>A (p.Cys528Tyr)","chr17","39716370","G/A","ERBB2","1.225","dataset0531","Missense","Neutral to the ERBB2-mediated cellular proliferation in MELJUSO","ERBB2-mediated cellular proliferation","6","Functionally normal","","","NA","CRISPR-Based Genome Editing","Base editing","33606977"
"NM_004448.4(ERBB2):c.1585G>A (p.Val529Ile)","chr17","39716372","G/A","ERBB2","1.225","dataset0531","Missense","Neutral to the ERBB2-mediated cellular proliferation in MELJUSO","ERBB2-mediated cellular proliferation","6","Functionally normal","","1.2429e-06","NA","CRISPR-Based Genome Editing","Base editing","33606977"
"NM_004448.4(ERBB2):c.1590C>T (p.Asn530=)","chr17","39716377","C/T","ERBB2","-0.612","dataset0531","Synonymous","Neutral to the ERBB2-mediated cellular proliferation in MELJUSO","ERBB2-mediated cellular proliferation","6","Functionally normal","","1.86462e-06","NA","CRISPR-Based Genome Editing","Base editing","33606977"
"NM_004448.4(ERBB2):c.1597C>T (p.Gln533Ter)","chr17","39716384","C/T","ERBB2","1.181","dataset0531","Nonsense","Neutral to the ERBB2-mediated cellular proliferation in MELJUSO","ERBB2-mediated cellular proliferation","6","Functionally normal","","","NA","CRISPR-Based Genome Editing","Base editing","33606977"
"NM_004448.4(ERBB2):c.1606C>T (p.Arg536Trp)","chr17","39716393","C/T","ERBB2","1.297","dataset0531","Missense","Neutral to the ERBB2-mediated cellular proliferation in MELJUSO","ERBB2-mediated cellular proliferation","6","Functionally normal","","1.24335e-06","NA","CRISPR-Based Genome Editing","Base editing","33606977"
"NM_004448.4(ERBB2):c.1612C>T (p.Gln538Ter)","chr17","39716399","C/T","ERBB2","0.619","dataset0531","Nonsense","Neutral to the ERBB2-mediated cellular proliferation in MELJUSO","ERBB2-mediated cellular proliferation","6","Functionally normal","","6.21503e-07","NA","CRISPR-Based Genome Editing","Base editing","33606977"
"NM_004448.4(ERBB2):c.1614G>A (p.Gln538=)","chr17","39716401","G/A","ERBB2","0.168","dataset0531","Synonymous","Neutral to the ERBB2-mediated cellular proliferation in MELJUSO","ERBB2-mediated cellular proliferation","6","Functionally normal","","","NA","CRISPR-Based Genome Editing","Base editing","33606977"
"NM_004448.4(ERBB2):c.1615G>A (p.Glu539Lys)","chr17","39716402","G/A","ERBB2","0.168","dataset0531","Missense","Neutral to the ERBB2-mediated cellular proliferation in MELJUSO","ERBB2-mediated cellular proliferation","6","Functionally normal","","6.21452e-07","NA","CRISPR-Based Genome Editing","Base editing","33606977"
"NM_004448.4(ERBB2):c.1617G>A (p.Glu539=)","chr17","39716404","G/A","ERBB2","-0.286","dataset0531","Synonymous","Neutral to the ERBB2-mediated cellular proliferation in MELJUSO","ERBB2-mediated cellular proliferation","6","Functionally normal","","6.21445e-07","NA","CRISPR-Based Genome Editing","Base editing","33606977"
"NM_004448.4(ERBB2):c.1621G>A (p.Val541Met)","chr17","39716408","G/A","ERBB2","-0.286","dataset0531","Missense","Neutral to the ERBB2-mediated cellular proliferation in MELJUSO","ERBB2-mediated cellular proliferation","6","Functionally normal","Uncertain significance","1.11846e-05","NA","CRISPR-Based Genome Editing","Base editing","33606977"
"NM_004448.4(ERBB2):c.1626G>A (p.Glu542=)","chr17","39716413","G/A","ERBB2","-0.093","dataset0531","Synonymous","Neutral to the ERBB2-mediated cellular proliferation in MELJUSO","ERBB2-mediated cellular proliferation","6","Functionally normal","","","NA","CRISPR-Based Genome Editing","Base editing","33606977"
"NM_004448.4(ERBB2):c.1627G>A (p.Glu543Lys)","chr17","39716414","G/A","ERBB2","-0.093","dataset0531","Missense","Neutral to the ERBB2-mediated cellular proliferation in MELJUSO","ERBB2-mediated cellular proliferation","6","Functionally normal","","","NA","CRISPR-Based Genome Editing","Base editing","33606977"
"NM_004448.4(ERBB2):c.1646+1G>A","chr17","39716434","G/A","ERBB2","0.102","dataset0531","Splice site","Neutral to the ERBB2-mediated cellular proliferation in MELJUSO","ERBB2-mediated cellular proliferation","6","Functionally normal","","1.24019e-06","NA","CRISPR-Based Genome Editing","Base editing","33606977"
"NM_004448.4(ERBB2):c.1646+5G>A","chr17","39716438","G/A","ERBB2","0.102","dataset0531","Splice site","Neutral to the ERBB2-mediated cellular proliferation in MELJUSO","ERBB2-mediated cellular proliferation","6","Functionally normal","","","NA","CRISPR-Based Genome Editing","Base editing","33606977"
"NM_004448.4(ERBB2):c.1647-10C>T","chr17","39716505","C/T","ERBB2","-0.052","dataset0531","Splice site","Neutral to the ERBB2-mediated cellular proliferation in MELJUSO","ERBB2-mediated cellular proliferation","6","Functionally normal","","","NA","CRISPR-Based Genome Editing","Base editing","33606977"
"NM_004448.4(ERBB2):c.1647-7C>T","chr17","39716508","C/T","ERBB2","-1.817","dataset0531","Splice site","Neutral to the ERBB2-mediated cellular proliferation in MELJUSO","ERBB2-mediated cellular proliferation","6","Functionally normal","","","NA","CRISPR-Based Genome Editing","Base editing","33606977"
"NM_004448.4(ERBB2):c.1647-5C>T","chr17","39716510","C/T","ERBB2","-1.817","dataset0531","Splice site","Neutral to the ERBB2-mediated cellular proliferation in MELJUSO","ERBB2-mediated cellular proliferation","6","Functionally normal","Likely benign","2.4781e-06","NA","CRISPR-Based Genome Editing","Base editing","33606977"
"NM_004448.4(ERBB2):c.1665G>A (p.Val555=)","chr17","39716533","G/A","ERBB2","-1.209","dataset0531","Synonymous","Neutral to the ERBB2-mediated cellular proliferation in MELJUSO","ERBB2-mediated cellular proliferation","6","Functionally normal","","1.85853e-06","NA","CRISPR-Based Genome Editing","Base editing","33606977"
"NM_004448.4(ERBB2):c.1686G>A (p.Pro562=)","chr17","39716554","G/A","ERBB2","0.643","dataset0531","Synonymous","Neutral to the ERBB2-mediated cellular proliferation in MELJUSO","ERBB2-mediated cellular proliferation","6","Functionally normal","Likely benign","8.54993e-05","NA","CRISPR-Based Genome Editing","Base editing","33606977"
"NM_004448.4(ERBB2):c.1700G>A (p.Cys567Tyr)","chr17","39716568","G/A","ERBB2","-0.693","dataset0531","Missense","Neutral to the ERBB2-mediated cellular proliferation in MELJUSO","ERBB2-mediated cellular proliferation","6","Functionally normal","","","NA","CRISPR-Based Genome Editing","Base editing","33606977"
"NM_004448.4(ERBB2):c.1710G>A (p.Gln570=)","chr17","39716578","G/A","ERBB2","-0.465","dataset0531","Synonymous","Neutral to the ERBB2-mediated cellular proliferation in MELJUSO","ERBB2-mediated cellular proliferation","6","Functionally normal","","","NA","CRISPR-Based Genome Editing","Base editing","33606977"
"NM_004448.4(ERBB2):c.1718C>T (p.Ser573Leu)","chr17","39716586","C/T","ERBB2","0.733","dataset0531","Missense","Neutral to the ERBB2-mediated cellular proliferation in MELJUSO","ERBB2-mediated cellular proliferation","6","Functionally normal","","1.2391e-06","blca:0.2% (1/411):0.340","CRISPR-Based Genome Editing","Base editing","33606977"
"NM_004448.4(ERBB2):c.1722G>A (p.Val574=)","chr17","39716590","G/A","ERBB2","-0.557","dataset0531","Synonymous","Neutral to the ERBB2-mediated cellular proliferation in MELJUSO","ERBB2-mediated cellular proliferation","6","Functionally normal","","","NA","CRISPR-Based Genome Editing","Base editing","33606977"
"NM_004448.4(ERBB2):c.1737+3G>A","chr17","39716608","G/A","ERBB2","-0.333","dataset0531","Splice site","Neutral to the ERBB2-mediated cellular proliferation in MELJUSO","ERBB2-mediated cellular proliferation","6","Functionally normal","","","NA","CRISPR-Based Genome Editing","Base editing","33606977"
"NM_004448.4(ERBB2):c.1749G>A (p.Gln583=)","chr17","39717331","G/A","ERBB2","-0.357","dataset0531","Synonymous","Neutral to the ERBB2-mediated cellular proliferation in MELJUSO","ERBB2-mediated cellular proliferation","6","Functionally normal","","6.20451e-07","NA","CRISPR-Based Genome Editing","Base editing","33606977"
"NM_004448.4(ERBB2):c.1751G>A (p.Cys584Tyr)","chr17","39717333","G/A","ERBB2","-0.357","dataset0531","Missense","Neutral to the ERBB2-mediated cellular proliferation in MELJUSO","ERBB2-mediated cellular proliferation","6","Functionally normal","","","NA","CRISPR-Based Genome Editing","Base editing","33606977"
"NM_004448.4(ERBB2):c.1753G>A (p.Val585Met)","chr17","39717335","G/A","ERBB2","-0.357","dataset0531","Missense","Neutral to the ERBB2-mediated cellular proliferation in MELJUSO","ERBB2-mediated cellular proliferation","6","Functionally normal","","","NA","CRISPR-Based Genome Editing","Base editing","33606977"
"NM_004448.4(ERBB2):c.1758C>T (p.Ala586=)","chr17","39717340","C/T","ERBB2","0.795","dataset0531","Synonymous","Neutral to the ERBB2-mediated cellular proliferation in MELJUSO","ERBB2-mediated cellular proliferation","6","Functionally normal","","","NA","CRISPR-Based Genome Editing","Base editing","33606977"
"NM_004448.4(ERBB2):c.1773G>A (p.Lys591=)","chr17","39717355","G/A","ERBB2","0.938","dataset0531","Synonymous","Neutral to the ERBB2-mediated cellular proliferation in MELJUSO","ERBB2-mediated cellular proliferation","6","Functionally normal","","","NA","CRISPR-Based Genome Editing","Base editing","33606977"
"NM_004448.4(ERBB2):c.1774G>A (p.Asp592Asn)","chr17","39717356","G/A","ERBB2","0.938","dataset0531","Missense","Neutral to the ERBB2-mediated cellular proliferation in MELJUSO","ERBB2-mediated cellular proliferation","6","Functionally normal","","","NA","CRISPR-Based Genome Editing","Base editing","33606977"
"NM_004448.4(ERBB2):c.1776C>T (p.Asp592=)","chr17","39717358","C/T","ERBB2","-0.702","dataset0531","Synonymous","Neutral to the ERBB2-mediated cellular proliferation in MELJUSO","ERBB2-mediated cellular proliferation","6","Functionally normal","","","NA","CRISPR-Based Genome Editing","Base editing","33606977"
"NM_004448.4(ERBB2):c.1777C>T (p.Pro593Ser)","chr17","39717359","C/T","ERBB2","-0.702","dataset0531","Missense","Neutral to the ERBB2-mediated cellular proliferation in MELJUSO","ERBB2-mediated cellular proliferation","6","Functionally normal","","6.20099e-07","NA","CRISPR-Based Genome Editing","Base editing","33606977"
"NM_004448.4(ERBB2):c.1808G>A (p.Gly603Asp)","chr17","39717390","G/A","ERBB2","-0.571","dataset0531","Missense","Neutral to the ERBB2-mediated cellular proliferation in MELJUSO","ERBB2-mediated cellular proliferation","6","Functionally normal","","6.19989e-07","NA","CRISPR-Based Genome Editing","Base editing","33606977"
"NM_004448.4(ERBB2):c.1819G>A (p.Asp607Asn)","chr17","39717401","G/A","ERBB2","0.234","dataset0531","Missense","Neutral to the ERBB2-mediated cellular proliferation in MELJUSO","ERBB2-mediated cellular proliferation","6","Functionally normal","","","NA","CRISPR-Based Genome Editing","Base editing","33606977"
"NM_004448.4(ERBB2):c.1824C>T (p.Leu608=)","chr17","39717406","C/T","ERBB2","0.463","dataset0531","Synonymous","Neutral to the ERBB2-mediated cellular proliferation in MELJUSO","ERBB2-mediated cellular proliferation","6","Functionally normal","","3.09937e-06","NA","CRISPR-Based Genome Editing","Base editing","33606977"
"NM_004448.4(ERBB2):c.1826_1827delinsTT (p.Ser609Phe)","chr17","39717408","CC/TT","ERBB2","0.463","dataset0531","Missense","Neutral to the ERBB2-mediated cellular proliferation in MELJUSO","ERBB2-mediated cellular proliferation","6","Functionally normal","","","NA","CRISPR-Based Genome Editing","Base editing","33606977"
"NM_004448.4(ERBB2):c.1839C>T (p.Ile613=)","chr17","39717421","C/T","ERBB2","0.75","dataset0531","Synonymous","Neutral to the ERBB2-mediated cellular proliferation in MELJUSO","ERBB2-mediated cellular proliferation","6","Functionally normal","","6.19825e-07","NA","CRISPR-Based Genome Editing","Base editing","33606977"
"NM_004448.4(ERBB2):c.1841_1842delinsAA (p.Trp614Ter)","chr17","39717423","GG/AA","ERBB2","0.192","dataset0531","Nonsense","Neutral to the ERBB2-mediated cellular proliferation in MELJUSO","ERBB2-mediated cellular proliferation","6","Functionally normal","","","NA","CRISPR-Based Genome Editing","Base editing","33606977"
"NM_004448.4(ERBB2):c.1845G>A (p.Lys615=)","chr17","39717427","G/A","ERBB2","0.192","dataset0531","Synonymous","Neutral to the ERBB2-mediated cellular proliferation in MELJUSO","ERBB2-mediated cellular proliferation","6","Functionally normal","","0","NA","CRISPR-Based Genome Editing","Base editing","33606977"
"NM_004448.4(ERBB2):c.1852G>A (p.Asp618Asn)","chr17","39717434","G/A","ERBB2","-1.495","dataset0531","Missense","Neutral to the ERBB2-mediated cellular proliferation in MELJUSO","ERBB2-mediated cellular proliferation","6","Functionally normal","","","NA","CRISPR-Based Genome Editing","Base editing","33606977"
"NM_004448.4(ERBB2):c.1898+1G>A","chr17","39717481","G/A","ERBB2","0.618","dataset0531","Splice site","Neutral to the ERBB2-mediated cellular proliferation in MELJUSO","ERBB2-mediated cellular proliferation","6","Functionally normal","","2.48361e-06","NA","CRISPR-Based Genome Editing","Base editing","33606977"
"NM_004448.4(ERBB2):c.1899-9C>T","chr17","39719778","C/T","ERBB2","0.695","dataset0531","Splice site","Neutral to the ERBB2-mediated cellular proliferation in MELJUSO","ERBB2-mediated cellular proliferation","6","Functionally normal","Likely benign","1.23908e-06","NA","CRISPR-Based Genome Editing","Base editing","33606977"
"NM_004448.4(ERBB2):c.1928_1929delinsTT (p.Pro643Leu)","chr17","39719816","CC/TT","ERBB2","-1.125","dataset0531","Missense","Neutral to the ERBB2-mediated cellular proliferation in MELJUSO","ERBB2-mediated cellular proliferation","6","Functionally normal","","","NA","CRISPR-Based Genome Editing","Base editing","33606977"
"NM_004448.4(ERBB2):c.1932C>T (p.Ala644=)","chr17","39719820","C/T","ERBB2","-1.125","dataset0531","Synonymous","Neutral to the ERBB2-mediated cellular proliferation in MELJUSO","ERBB2-mediated cellular proliferation","6","Functionally normal","Benign","0.000122044","NA","CRISPR-Based Genome Editing","Base editing","33606977"
"NM_004448.4(ERBB2):c.1946G>A (p.Ser649Asn)","chr17","39719834","G/A","ERBB2","-0.347","dataset0531","Missense","Neutral to the ERBB2-mediated cellular proliferation in MELJUSO","ERBB2-mediated cellular proliferation","6","Functionally normal","","","NA","CRISPR-Based Genome Editing","Base editing","33606977"
"NM_004448.4(ERBB2):c.1946+1G>A","chr17","39719835","G/A","ERBB2","-0.347","dataset0531","Splice site","Neutral to the ERBB2-mediated cellular proliferation in MELJUSO","ERBB2-mediated cellular proliferation","6","Functionally normal","","6.19515e-07","NA","CRISPR-Based Genome Editing","Base editing","33606977"
"NM_004448.4(ERBB2):c.1946+4G>A","chr17","39719838","G/A","ERBB2","0.028","dataset0531","Splice site","Neutral to the ERBB2-mediated cellular proliferation in MELJUSO","ERBB2-mediated cellular proliferation","6","Functionally normal","","","NA","CRISPR-Based Genome Editing","Base editing","33606977"
"NM_004448.4(ERBB2):c.1955C>T (p.Thr652Met)","chr17","39723327","C/T","ERBB2","-0.582","dataset0531","Missense","Neutral to the ERBB2-mediated cellular proliferation in MELJUSO","ERBB2-mediated cellular proliferation","6","Functionally normal","","","NA","CRISPR-Based Genome Editing","Base editing","33606977"
"NM_004448.4(ERBB2):c.1956G>A (p.Thr652=)","chr17","39723328","G/A","ERBB2","1.846","dataset0531","Synonymous","Neutral to the ERBB2-mediated cellular proliferation in MELJUSO","ERBB2-mediated cellular proliferation","6","Functionally normal","","4.96489e-06","NA","CRISPR-Based Genome Editing","Base editing","33606977"
"NM_004448.4(ERBB2):c.1958_1959delinsTT (p.Ser653Phe)","chr17","39723330","CC/TT","ERBB2","-0.543","dataset0531","Missense","Neutral to the ERBB2-mediated cellular proliferation in MELJUSO","ERBB2-mediated cellular proliferation","6","Functionally normal","","","NA","CRISPR-Based Genome Editing","Base editing","33606977"
"NM_004448.4(ERBB2):c.1962C>T (p.Ile654=)","chr17","39723334","C/T","ERBB2","0.445","dataset0531","Synonymous","Neutral to the ERBB2-mediated cellular proliferation in MELJUSO","ERBB2-mediated cellular proliferation","6","Functionally normal","","2.48011e-06","NA","CRISPR-Based Genome Editing","Base editing","33606977"
"NM_004448.4(ERBB2):c.1974G>A (p.Val658=)","chr17","39723346","G/A","ERBB2","-0.694","dataset0531","Synonymous","Neutral to the ERBB2-mediated cellular proliferation in MELJUSO","ERBB2-mediated cellular proliferation","6","Functionally normal","","2.4781e-06","NA","CRISPR-Based Genome Editing","Base editing","33606977"
"NM_004448.4(ERBB2):c.1975G>A (p.Val659Ile)","chr17","39723347","G/A","ERBB2","-0.694","dataset0531","Missense","Neutral to the ERBB2-mediated cellular proliferation in MELJUSO","ERBB2-mediated cellular proliferation","6","Functionally normal","","","NA","CRISPR-Based Genome Editing","Base editing","33606977"
"NM_004448.4(ERBB2):c.1984C>T (p.Leu662=)","chr17","39723356","C/T","ERBB2","-0.136","dataset0531","Synonymous","Neutral to the ERBB2-mediated cellular proliferation in MELJUSO","ERBB2-mediated cellular proliferation","6","Functionally normal","","","NA","CRISPR-Based Genome Editing","Base editing","33606977"
"NM_004448.4(ERBB2):c.1992C>T (p.Val664=)","chr17","39723364","C/T","ERBB2","0.61","dataset0531","Synonymous","Neutral to the ERBB2-mediated cellular proliferation in MELJUSO","ERBB2-mediated cellular proliferation","6","Functionally normal","","6.19715e-07","NA","CRISPR-Based Genome Editing","Base editing","33606977"
"NM_004448.4(ERBB2):c.1998C>T (p.Val666=)","chr17","39723370","C/T","ERBB2","0.325","dataset0531","Synonymous","Neutral to the ERBB2-mediated cellular proliferation in MELJUSO","ERBB2-mediated cellular proliferation","6","Functionally normal","","6.19987e-07","NA","CRISPR-Based Genome Editing","Base editing","33606977"
"NM_004448.4(ERBB2):c.2019C>T (p.Ile673=)","chr17","39723391","C/T","ERBB2","-1.012","dataset0531","Synonymous","Neutral to the ERBB2-mediated cellular proliferation in MELJUSO","ERBB2-mediated cellular proliferation","6","Functionally normal","","","NA","CRISPR-Based Genome Editing","Base editing","33606977"
"NM_004448.4(ERBB2):c.2032C>T (p.Arg678Trp)","chr17","39723404","C/T","ERBB2","0.407","dataset0531","Missense","Neutral to the ERBB2-mediated cellular proliferation in MELJUSO","ERBB2-mediated cellular proliferation","6","Functionally normal","","3.71738e-06","NA","CRISPR-Based Genome Editing","Base editing","33606977"
"NM_004448.4(ERBB2):c.2046C>T (p.Ile682=)","chr17","39723418","C/T","ERBB2","-0.084","dataset0531","Synonymous","Neutral to the ERBB2-mediated cellular proliferation in MELJUSO","ERBB2-mediated cellular proliferation","6","Functionally normal","","","NA","CRISPR-Based Genome Editing","Base editing","33606977"
"NM_004448.4(ERBB2):c.2047C>T (p.Arg683Trp)","chr17","39723419","C/T","ERBB2","-0.084","dataset0531","Missense","Neutral to the ERBB2-mediated cellular proliferation in MELJUSO","ERBB2-mediated cellular proliferation","6","Functionally normal","","6.19507e-07","NA","CRISPR-Based Genome Editing","Base editing","33606977"
"NM_004448.4(ERBB2):c.2063_2064delinsAA (p.Arg688Gln)","chr17","39723435","GG/AA","ERBB2","0.583","dataset0531","Missense","Neutral to the ERBB2-mediated cellular proliferation in MELJUSO","ERBB2-mediated cellular proliferation","6","Functionally normal","","","NA","CRISPR-Based Genome Editing","Base editing","33606977"
"NM_004448.4(ERBB2):c.2068C>T (p.Leu690=)","chr17","39723440","C/T","ERBB2","0.688","dataset0531","Synonymous","Neutral to the ERBB2-mediated cellular proliferation in MELJUSO","ERBB2-mediated cellular proliferation","6","Functionally normal","","","NA","CRISPR-Based Genome Editing","Base editing","33606977"
"NM_004448.4(ERBB2):c.2086-13C>T","chr17","39723525","C/T","ERBB2","-0.069","dataset0531","Splice site","Neutral to the ERBB2-mediated cellular proliferation in MELJUSO","ERBB2-mediated cellular proliferation","6","Functionally normal","","","NA","CRISPR-Based Genome Editing","Base editing","33606977"
"NM_004448.4(ERBB2):c.2086-12C>T","chr17","39723526","C/T","ERBB2","-0.069","dataset0531","Splice site","Neutral to the ERBB2-mediated cellular proliferation in MELJUSO","ERBB2-mediated cellular proliferation","6","Functionally normal","","","NA","CRISPR-Based Genome Editing","Base editing","33606977"
"NM_004448.4(ERBB2):c.2086-11C>T","chr17","39723527","C/T","ERBB2","-0.069","dataset0531","Splice site","Neutral to the ERBB2-mediated cellular proliferation in MELJUSO","ERBB2-mediated cellular proliferation","6","Functionally normal","","1.24013e-06","NA","CRISPR-Based Genome Editing","Base editing","33606977"
"NM_004448.4(ERBB2):c.2086-10C>T","chr17","39723528","C/T","ERBB2","-0.069","dataset0531","Splice site","Neutral to the ERBB2-mediated cellular proliferation in MELJUSO","ERBB2-mediated cellular proliferation","6","Functionally normal","","","NA","CRISPR-Based Genome Editing","Base editing","33606977"
"NM_004448.4(ERBB2):c.2096C>T (p.Pro699Leu)","chr17","39723548","C/T","ERBB2","0.122","dataset0531","Missense","Neutral to the ERBB2-mediated cellular proliferation in MELJUSO","ERBB2-mediated cellular proliferation","6","Functionally normal","","","NA","CRISPR-Based Genome Editing","Base editing","33606977"
"NM_004448.4(ERBB2):c.2100G>A (p.Leu700=)","chr17","39723552","G/A","ERBB2","-0.693","dataset0531","Synonymous","Neutral to the ERBB2-mediated cellular proliferation in MELJUSO","ERBB2-mediated cellular proliferation","6","Functionally normal","","","NA","CRISPR-Based Genome Editing","Base editing","33606977"
"NM_004448.4(ERBB2):c.2110_2111delinsAA (p.Gly704Lys)","chr17","39723562","GG/AA","ERBB2","0.837","dataset0531","Missense","Neutral to the ERBB2-mediated cellular proliferation in MELJUSO","ERBB2-mediated cellular proliferation","6","Functionally normal","","","NA","CRISPR-Based Genome Editing","Base editing","33606977"
"NM_004448.4(ERBB2):c.2120_2121delinsTT (p.Pro707Leu)","chr17","39723572","CC/TT","ERBB2","1.053","dataset0531","Missense","Neutral to the ERBB2-mediated cellular proliferation in MELJUSO","ERBB2-mediated cellular proliferation","6","Functionally normal","","","NA","CRISPR-Based Genome Editing","Base editing","33606977"
"NM_004448.4(ERBB2):c.2124C>T (p.Asn708=)","chr17","39723576","C/T","ERBB2","1.053","dataset0531","Synonymous","Neutral to the ERBB2-mediated cellular proliferation in MELJUSO","ERBB2-mediated cellular proliferation","6","Functionally normal","","","NA","CRISPR-Based Genome Editing","Base editing","33606977"
"NM_004448.4(ERBB2):c.2138_2139delinsAA (p.Arg713Gln)","chr17","39723590","GG/AA","ERBB2","0.807","dataset0531","Missense","Neutral to the ERBB2-mediated cellular proliferation in MELJUSO","ERBB2-mediated cellular proliferation","6","Functionally normal","","","NA","CRISPR-Based Genome Editing","Base editing","33606977"
"NM_004448.4(ERBB2):c.2138G>A (p.Arg713Gln)","chr17","39723590","G/A","ERBB2","0.265","dataset0531","Missense","Neutral to the ERBB2-mediated cellular proliferation in MELJUSO","ERBB2-mediated cellular proliferation","6","Functionally normal","","6.21455e-07","NA","CRISPR-Based Genome Editing","Base editing","33606977"
"NM_004448.4(ERBB2):c.2139G>A (p.Arg713=)","chr17","39723591","G/A","ERBB2","0.112","dataset0531","Synonymous","Neutral to the ERBB2-mediated cellular proliferation in MELJUSO","ERBB2-mediated cellular proliferation","6","Functionally normal","","6.21502e-07","NA","CRISPR-Based Genome Editing","Base editing","33606977"
"NM_004448.4(ERBB2):c.2209-8C>T","chr17","39723904","C/T","ERBB2","0.825","dataset0531","Splice site","Neutral to the ERBB2-mediated cellular proliferation in MELJUSO","ERBB2-mediated cellular proliferation","6","Functionally normal","","","NA","CRISPR-Based Genome Editing","Base editing","33606977"
"NM_004448.4(ERBB2):c.2214C>T (p.Ile738=)","chr17","39723917","C/T","ERBB2","0.405","dataset0531","Synonymous","Neutral to the ERBB2-mediated cellular proliferation in MELJUSO","ERBB2-mediated cellular proliferation","6","Functionally normal","","6.19711e-07","NA","CRISPR-Based Genome Editing","Base editing","33606977"
"NM_004448.4(ERBB2):c.2224G>A (p.Asp742Asn)","chr17","39723927","G/A","ERBB2","-0.512","dataset0531","Missense","Neutral to the ERBB2-mediated cellular proliferation in MELJUSO","ERBB2-mediated cellular proliferation","6","Functionally normal","","","NA","CRISPR-Based Genome Editing","Base editing","33606977"
"NM_004448.4(ERBB2):c.2253C>T (p.Ala751=)","chr17","39723956","C/T","ERBB2","-0.092","dataset0531","Synonymous","Neutral to the ERBB2-mediated cellular proliferation in MELJUSO","ERBB2-mediated cellular proliferation","6","Functionally normal","","","NA","CRISPR-Based Genome Editing","Base editing","33606977"
"NM_004448.4(ERBB2):c.2296G>A (p.Glu766Lys)","chr17","39723999","G/A","ERBB2","0.067","dataset0531","Missense","Neutral to the ERBB2-mediated cellular proliferation in MELJUSO","ERBB2-mediated cellular proliferation","6","Functionally normal","Uncertain significance","","NA","CRISPR-Based Genome Editing","Base editing","33606977"
"NM_004448.4(ERBB2):c.2305G>A (p.Asp769Asn)","chr17","39724008","G/A","ERBB2","0.071","dataset0531","Missense","Neutral to the ERBB2-mediated cellular proliferation in MELJUSO","ERBB2-mediated cellular proliferation","6","Functionally normal","","","cesc:0.3% (1/297):0.310","CRISPR-Based Genome Editing","Base editing","33606977"
"NM_004448.4(ERBB2):c.2308-4C>T","chr17","39724722","C/T","ERBB2","-1.285","dataset0531","Splice site","Neutral to the ERBB2-mediated cellular proliferation in MELJUSO","ERBB2-mediated cellular proliferation","6","Functionally normal","","6.19633e-07","NA","CRISPR-Based Genome Editing","Base editing","33606977"
"NM_004448.4(ERBB2):c.2308-3C>T","chr17","39724723","C/T","ERBB2","-1.285","dataset0531","Splice site","Neutral to the ERBB2-mediated cellular proliferation in MELJUSO","ERBB2-mediated cellular proliferation","6","Functionally normal","","","NA","CRISPR-Based Genome Editing","Base editing","33606977"
"NM_004448.4(ERBB2):c.2316C>T (p.Tyr772=)","chr17","39724734","C/T","ERBB2","0.42","dataset0531","Synonymous","Neutral to the ERBB2-mediated cellular proliferation in MELJUSO","ERBB2-mediated cellular proliferation","6","Functionally normal","Likely benign","1.23921e-05","NA","CRISPR-Based Genome Editing","Base editing","33606977"
"NM_004448.4(ERBB2):c.2319G>A (p.Val773=)","chr17","39724737","G/A","ERBB2","-0.858","dataset0531","Synonymous","Neutral to the ERBB2-mediated cellular proliferation in MELJUSO","ERBB2-mediated cellular proliferation","6","Functionally normal","","","NA","CRISPR-Based Genome Editing","Base editing","33606977"
"NM_004448.4(ERBB2):c.2322G>A (p.Met774Ile)","chr17","39724740","G/A","ERBB2","-0.858","dataset0531","Missense","Neutral to the ERBB2-mediated cellular proliferation in MELJUSO","ERBB2-mediated cellular proliferation","6","Functionally normal","","","NA","CRISPR-Based Genome Editing","Base editing","33606977"
"NM_004448.4(ERBB2):c.2364C>T (p.Ile788=)","chr17","39724782","C/T","ERBB2","0.395","dataset0531","Synonymous","Neutral to the ERBB2-mediated cellular proliferation in MELJUSO","ERBB2-mediated cellular proliferation","6","Functionally normal","","6.19483e-07","NA","CRISPR-Based Genome Editing","Base editing","33606977"
"NM_004448.4(ERBB2):c.2370G>A (p.Leu790=)","chr17","39724788","G/A","ERBB2","0.469","dataset0531","Synonymous","Neutral to the ERBB2-mediated cellular proliferation in MELJUSO","ERBB2-mediated cellular proliferation","6","Functionally normal","","","NA","CRISPR-Based Genome Editing","Base editing","33606977"
"NM_004448.4(ERBB2):c.2372C>T (p.Thr791Ile)","chr17","39724790","C/T","ERBB2","-0.632","dataset0531","Missense","Neutral to the ERBB2-mediated cellular proliferation in MELJUSO","ERBB2-mediated cellular proliferation","6","Functionally normal","","","NA","CRISPR-Based Genome Editing","Base editing","33606977"
"NM_004448.4(ERBB2):c.2391G>A (p.Val797=)","chr17","39724809","G/A","ERBB2","-0.71","dataset0531","Synonymous","Neutral to the ERBB2-mediated cellular proliferation in MELJUSO","ERBB2-mediated cellular proliferation","6","Functionally normal","","3.09762e-06","NA","CRISPR-Based Genome Editing","Base editing","33606977"
"NM_004448.4(ERBB2):c.2393C>T (p.Thr798Ile)","chr17","39724811","C/T","ERBB2","0.003","dataset0531","Missense","Neutral to the ERBB2-mediated cellular proliferation in MELJUSO","ERBB2-mediated cellular proliferation","6","Functionally normal","","","NA","CRISPR-Based Genome Editing","Base editing","33606977"
"NM_004448.4(ERBB2):c.2395C>T (p.Gln799Ter)","chr17","39724813","C/T","ERBB2","0.003","dataset0531","Nonsense","Neutral to the ERBB2-mediated cellular proliferation in MELJUSO","ERBB2-mediated cellular proliferation","6","Functionally normal","","","NA","CRISPR-Based Genome Editing","Base editing","33606977"
"NM_004448.4(ERBB2):c.2422G>A (p.Asp808Asn)","chr17","39724840","G/A","ERBB2","-0.532","dataset0531","Missense","Neutral to the ERBB2-mediated cellular proliferation in MELJUSO","ERBB2-mediated cellular proliferation","6","Functionally normal","","","NA","CRISPR-Based Genome Editing","Base editing","33606977"
"NM_004448.4(ERBB2):c.2425C>T (p.His809Tyr)","chr17","39724843","C/T","ERBB2","-0.134","dataset0531","Missense","Neutral to the ERBB2-mediated cellular proliferation in MELJUSO","ERBB2-mediated cellular proliferation","6","Functionally normal","","","NA","CRISPR-Based Genome Editing","Base editing","33606977"
"NM_004448.4(ERBB2):c.2432_2433delinsAA (p.Arg811Gln)","chr17","39724850","GG/AA","ERBB2","-0.267","dataset0531","Missense","Neutral to the ERBB2-mediated cellular proliferation in MELJUSO","ERBB2-mediated cellular proliferation","6","Functionally normal","","","NA","CRISPR-Based Genome Editing","Base editing","33606977"
"NM_004448.4(ERBB2):c.2434G>A (p.Glu812Lys)","chr17","39724852","G/A","ERBB2","-0.267","dataset0531","Missense","Neutral to the ERBB2-mediated cellular proliferation in MELJUSO","ERBB2-mediated cellular proliferation","6","Functionally normal","","","NA","CRISPR-Based Genome Editing","Base editing","33606977"
"NM_004448.4(ERBB2):c.2446C>T (p.Arg816Cys)","chr17","39724864","C/T","ERBB2","0.451","dataset0531","Missense","Neutral to the ERBB2-mediated cellular proliferation in MELJUSO","ERBB2-mediated cellular proliferation","6","Functionally normal","Uncertain significance","6.81447e-06","NA","CRISPR-Based Genome Editing","Base editing","33606977"
"NM_004448.4(ERBB2):c.2456_2457delinsTT (p.Ser819Phe)","chr17","39724874","CC/TT","ERBB2","-0.26","dataset0531","Missense","Neutral to the ERBB2-mediated cellular proliferation in MELJUSO","ERBB2-mediated cellular proliferation","6","Functionally normal","","","NA","CRISPR-Based Genome Editing","Base editing","33606977"
"NM_004448.4(ERBB2):c.2458C>T (p.Gln820Ter)","chr17","39724876","C/T","ERBB2","-0.26","dataset0531","Nonsense","Neutral to the ERBB2-mediated cellular proliferation in MELJUSO","ERBB2-mediated cellular proliferation","6","Functionally normal","","","NA","CRISPR-Based Genome Editing","Base editing","33606977"
"NM_004448.4(ERBB2):c.2474_2475delinsAA (p.Trp825Ter)","chr17","39724892","GG/AA","ERBB2","-0.308","dataset0531","Nonsense","Neutral to the ERBB2-mediated cellular proliferation in MELJUSO","ERBB2-mediated cellular proliferation","6","Functionally normal","","","NA","CRISPR-Based Genome Editing","Base editing","33606977"
"NM_004448.4(ERBB2):c.2494-4C>T","chr17","39725045","C/T","ERBB2","-0.065","dataset0531","Splice site","Neutral to the ERBB2-mediated cellular proliferation in MELJUSO","ERBB2-mediated cellular proliferation","6","Functionally normal","","1.85863e-06","NA","CRISPR-Based Genome Editing","Base editing","33606977"
"NM_004448.4(ERBB2):c.2494-3C>T","chr17","39725046","C/T","ERBB2","-0.065","dataset0531","Splice site","Neutral to the ERBB2-mediated cellular proliferation in MELJUSO","ERBB2-mediated cellular proliferation","6","Functionally normal","Uncertain significance","","NA","CRISPR-Based Genome Editing","Base editing","33606977"
"NM_004448.4(ERBB2):c.2505C>T (p.Tyr835=)","chr17","39725060","C/T","ERBB2","0.424","dataset0531","Synonymous","Neutral to the ERBB2-mediated cellular proliferation in MELJUSO","ERBB2-mediated cellular proliferation","6","Functionally normal","","0","NA","CRISPR-Based Genome Editing","Base editing","33606977"
"NM_004448.4(ERBB2):c.2508G>A (p.Leu836=)","chr17","39725063","G/A","ERBB2","-0.825","dataset0531","Synonymous","Neutral to the ERBB2-mediated cellular proliferation in MELJUSO","ERBB2-mediated cellular proliferation","6","Functionally normal","","1.11518e-05","NA","CRISPR-Based Genome Editing","Base editing","33606977"
"NM_004448.4(ERBB2):c.2509G>A (p.Glu837Lys)","chr17","39725064","G/A","ERBB2","-0.825","dataset0531","Missense","Neutral to the ERBB2-mediated cellular proliferation in MELJUSO","ERBB2-mediated cellular proliferation","6","Functionally normal","","","NA","CRISPR-Based Genome Editing","Base editing","33606977"
"NM_004448.4(ERBB2):c.2523C>T (p.Leu841=)","chr17","39725078","C/T","ERBB2","0.652","dataset0531","Synonymous","Neutral to the ERBB2-mediated cellular proliferation in MELJUSO","ERBB2-mediated cellular proliferation","6","Functionally normal","Likely benign","2.23048e-05","NA","CRISPR-Based Genome Editing","Base editing","33606977"
"NM_004448.4(ERBB2):c.2524G>A (p.Val842Ile)","chr17","39725079","G/A","ERBB2","-0.369","dataset0531","Missense","Neutral to the ERBB2-mediated cellular proliferation in MELJUSO","ERBB2-mediated cellular proliferation","6","Functionally normal","Uncertain significance","1.85859e-06","blca:0.5% (2/411):0.485;brca:0.1% (1/1084):0.420;coad:0.2% (1/439):0.740;paad:1.1% (2/184):0.190;read:1.3% (2/155):0.680;stad:0.2% (1/440):0.330;ucec:0.8% (4/529):0.375;ucs:1.8% (1/57):0.420","CRISPR-Based Genome Editing","Base editing","33606977"
"NM_004448.4(ERBB2):c.2529C>T (p.His843=)","chr17","39725084","C/T","ERBB2","0.714","dataset0531","Synonymous","Neutral to the ERBB2-mediated cellular proliferation in MELJUSO","ERBB2-mediated cellular proliferation","6","Functionally normal","","6.19513e-07","NA","CRISPR-Based Genome Editing","Base editing","33606977"
"NM_004448.4(ERBB2):c.2541C>T (p.Ala847=)","chr17","39725096","C/T","ERBB2","-0.783","dataset0531","Synonymous","Neutral to the ERBB2-mediated cellular proliferation in MELJUSO","ERBB2-mediated cellular proliferation","6","Functionally normal","Likely benign","0.000475805","NA","CRISPR-Based Genome Editing","Base editing","33606977"
"NM_004448.4(ERBB2):c.2556G>A (p.Leu852=)","chr17","39725111","G/A","ERBB2","-0.322","dataset0531","Synonymous","Neutral to the ERBB2-mediated cellular proliferation in MELJUSO","ERBB2-mediated cellular proliferation","6","Functionally normal","","","NA","CRISPR-Based Genome Editing","Base editing","33606977"
"NM_004448.4(ERBB2):c.2557G>A (p.Val853Ile)","chr17","39725112","G/A","ERBB2","-0.322","dataset0531","Missense","Neutral to the ERBB2-mediated cellular proliferation in MELJUSO","ERBB2-mediated cellular proliferation","6","Functionally normal","","","NA","CRISPR-Based Genome Editing","Base editing","33606977"
"NM_004448.4(ERBB2):c.2577C>T (p.Val859=)","chr17","39725132","C/T","ERBB2","-2.045","dataset0531","Synonymous","The reduced ERBB2-mediated cellular proliferation in MELJUSO","ERBB2-mediated cellular proliferation","6","Loss-of-function","","6.19536e-07","NA","CRISPR-Based Genome Editing","Base editing","33606977"
"NM_004448.4(ERBB2):c.2585C>T (p.Thr862Ile)","chr17","39725140","C/T","ERBB2","0.177","dataset0531","Missense","Neutral to the ERBB2-mediated cellular proliferation in MELJUSO","ERBB2-mediated cellular proliferation","6","Functionally normal","","6.19512e-07","NA","CRISPR-Based Genome Editing","Base editing","33606977"
"NM_004448.4(ERBB2):c.2589C>T (p.Asp863=)","chr17","39725144","C/T","ERBB2","0.177","dataset0531","Synonymous","Neutral to the ERBB2-mediated cellular proliferation in MELJUSO","ERBB2-mediated cellular proliferation","6","Functionally normal","Uncertain significance","6.19566e-06","NA","CRISPR-Based Genome Editing","Base editing","33606977"
"NM_004448.4(ERBB2):c.2592C>T (p.Phe864=)","chr17","39725147","C/T","ERBB2","0.587","dataset0531","Synonymous","Neutral to the ERBB2-mediated cellular proliferation in MELJUSO","ERBB2-mediated cellular proliferation","6","Functionally normal","Likely benign","1.54886e-05","NA","CRISPR-Based Genome Editing","Base editing","33606977"
"NM_004448.4(ERBB2):c.2624C>T (p.Thr875Ile)","chr17","39725179","C/T","ERBB2","-0.096","dataset0531","Missense","Neutral to the ERBB2-mediated cellular proliferation in MELJUSO","ERBB2-mediated cellular proliferation","6","Functionally normal","","","NA","CRISPR-Based Genome Editing","Base editing","33606977"
"NM_004448.4(ERBB2):c.2631C>T (p.Tyr877=)","chr17","39725186","C/T","ERBB2","1.093","dataset0531","Synonymous","Neutral to the ERBB2-mediated cellular proliferation in MELJUSO","ERBB2-mediated cellular proliferation","6","Functionally normal","","","NA","CRISPR-Based Genome Editing","Base editing","33606977"
"NM_004448.4(ERBB2):c.2632C>T (p.His878Tyr)","chr17","39725187","C/T","ERBB2","1.093","dataset0531","Missense","Neutral to the ERBB2-mediated cellular proliferation in MELJUSO","ERBB2-mediated cellular proliferation","6","Functionally normal","","","NA","CRISPR-Based Genome Editing","Base editing","33606977"
"NM_004448.4(ERBB2):c.2649G>A (p.Lys883=)","chr17","39725204","G/A","ERBB2","-1.816","dataset0531","Splice site","Neutral to the ERBB2-mediated cellular proliferation in MELJUSO","ERBB2-mediated cellular proliferation","6","Functionally normal","","","NA","CRISPR-Based Genome Editing","Base editing","33606977"
"NM_004448.4(ERBB2):c.2649+1G>A","chr17","39725205","G/A","ERBB2","-1.816","dataset0531","Splice site","Neutral to the ERBB2-mediated cellular proliferation in MELJUSO","ERBB2-mediated cellular proliferation","6","Functionally normal","","","NA","CRISPR-Based Genome Editing","Base editing","33606977"
"NM_004448.4(ERBB2):c.2650-5C>T","chr17","39725322","C/T","ERBB2","1.023","dataset0531","Splice site","Neutral to the ERBB2-mediated cellular proliferation in MELJUSO","ERBB2-mediated cellular proliferation","6","Functionally normal","","4.64703e-05","NA","CRISPR-Based Genome Editing","Base editing","33606977"
"NM_004448.4(ERBB2):c.2650-4C>T","chr17","39725323","C/T","ERBB2","1.023","dataset0531","Splice site","Neutral to the ERBB2-mediated cellular proliferation in MELJUSO","ERBB2-mediated cellular proliferation","6","Functionally normal","","6.19557e-07","NA","CRISPR-Based Genome Editing","Base editing","33606977"
"NM_004448.4(ERBB2):c.2650-3C>T","chr17","39725324","C/T","ERBB2","1.023","dataset0531","Splice site","Neutral to the ERBB2-mediated cellular proliferation in MELJUSO","ERBB2-mediated cellular proliferation","6","Functionally normal","","6.19563e-07","NA","CRISPR-Based Genome Editing","Base editing","33606977"
"NM_004448.4(ERBB2):c.2655C>T (p.Pro885=)","chr17","39725332","C/T","ERBB2","0.75","dataset0531","Synonymous","Neutral to the ERBB2-mediated cellular proliferation in MELJUSO","ERBB2-mediated cellular proliferation","6","Functionally normal","","1.23925e-06","NA","CRISPR-Based Genome Editing","Base editing","33606977"
"NM_004448.4(ERBB2):c.2658C>T (p.Ile886=)","chr17","39725335","C/T","ERBB2","0.75","dataset0531","Synonymous","Neutral to the ERBB2-mediated cellular proliferation in MELJUSO","ERBB2-mediated cellular proliferation","6","Functionally normal","","4.95707e-06","NA","CRISPR-Based Genome Editing","Base editing","33606977"
"NM_004448.4(ERBB2):c.2661G>A (p.Lys887=)","chr17","39725338","G/A","ERBB2","-0.507","dataset0531","Synonymous","Neutral to the ERBB2-mediated cellular proliferation in MELJUSO","ERBB2-mediated cellular proliferation","6","Functionally normal","","1.23914e-06","NA","CRISPR-Based Genome Editing","Base editing","33606977"
"NM_004448.4(ERBB2):c.2663_2664delinsAA (p.Trp888Ter)","chr17","39725340","GG/AA","ERBB2","-0.507","dataset0531","Nonsense","Neutral to the ERBB2-mediated cellular proliferation in MELJUSO","ERBB2-mediated cellular proliferation","6","Functionally normal","","","NA","CRISPR-Based Genome Editing","Base editing","33606977"
"NM_004448.4(ERBB2):c.2673G>A (p.Leu891=)","chr17","39725350","G/A","ERBB2","-1.888","dataset0531","Synonymous","Neutral to the ERBB2-mediated cellular proliferation in MELJUSO","ERBB2-mediated cellular proliferation","6","Functionally normal","","6.1955e-07","NA","CRISPR-Based Genome Editing","Base editing","33606977"
"NM_004448.4(ERBB2):c.2678_2679delinsTT (p.Ser893Phe)","chr17","39725355","CC/TT","ERBB2","1.002","dataset0531","Missense","Neutral to the ERBB2-mediated cellular proliferation in MELJUSO","ERBB2-mediated cellular proliferation","6","Functionally normal","","","NA","CRISPR-Based Genome Editing","Base editing","33606977"
"NM_004448.4(ERBB2):c.2693_2694delinsAA (p.Arg898Gln)","chr17","39725370","GG/AA","ERBB2","0.664","dataset0531","Missense","Neutral to the ERBB2-mediated cellular proliferation in MELJUSO","ERBB2-mediated cellular proliferation","6","Functionally normal","","","NA","CRISPR-Based Genome Editing","Base editing","33606977"
"NM_004448.4(ERBB2):c.2699_2700delinsTT (p.Thr900Ile)","chr17","39725376","CC/TT","ERBB2","0.981","dataset0531","Missense","Neutral to the ERBB2-mediated cellular proliferation in MELJUSO","ERBB2-mediated cellular proliferation","6","Functionally normal","","","NA","CRISPR-Based Genome Editing","Base editing","33606977"
"NM_004448.4(ERBB2):c.2706G>A (p.Gln902=)","chr17","39725383","G/A","ERBB2","0.422","dataset0531","Synonymous","Neutral to the ERBB2-mediated cellular proliferation in MELJUSO","ERBB2-mediated cellular proliferation","6","Functionally normal","","","NA","CRISPR-Based Genome Editing","Base editing","33606977"
"NM_004448.4(ERBB2):c.2715G>A (p.Val905=)","chr17","39725392","G/A","ERBB2","-1.88","dataset0531","Synonymous","Neutral to the ERBB2-mediated cellular proliferation in MELJUSO","ERBB2-mediated cellular proliferation","6","Functionally normal","Uncertain significance","","NA","CRISPR-Based Genome Editing","Base editing","33606977"
"NM_004448.4(ERBB2):c.2717_2718delinsAA (p.Trp906Ter)","chr17","39725394","GG/AA","ERBB2","-1.88","dataset0531","Nonsense","Neutral to the ERBB2-mediated cellular proliferation in MELJUSO","ERBB2-mediated cellular proliferation","6","Functionally normal","","","NA","CRISPR-Based Genome Editing","Base editing","33606977"
"NM_004448.4(ERBB2):c.2718G>A (p.Trp906Ter)","chr17","39725395","G/A","ERBB2","-3.532","dataset0531","Nonsense","The reduced ERBB2-mediated cellular proliferation in MELJUSO","ERBB2-mediated cellular proliferation","6","Loss-of-function","","","NA","CRISPR-Based Genome Editing","Base editing","33606977"
"NM_004448.4(ERBB2):c.2720G>A (p.Ser907Asn)","chr17","39725397","G/A","ERBB2","-3.532","dataset0531","Missense","The reduced ERBB2-mediated cellular proliferation in MELJUSO","ERBB2-mediated cellular proliferation","6","Loss-of-function","","","NA","CRISPR-Based Genome Editing","Base editing","33606977"
"NM_004448.4(ERBB2):c.2726-5C>T","chr17","39725702","C/T","ERBB2","0.116","dataset0531","Splice site","Neutral to the ERBB2-mediated cellular proliferation in MELJUSO","ERBB2-mediated cellular proliferation","6","Functionally normal","","6.21095e-07","NA","CRISPR-Based Genome Editing","Base editing","33606977"
"NM_004448.4(ERBB2):c.2736G>A (p.Val912=)","chr17","39725717","G/A","ERBB2","-0.874","dataset0531","Synonymous","Neutral to the ERBB2-mediated cellular proliferation in MELJUSO","ERBB2-mediated cellular proliferation","6","Functionally normal","","1.23997e-06","NA","CRISPR-Based Genome Editing","Base editing","33606977"
"NM_004448.4(ERBB2):c.2738_2739delinsAA (p.Trp913Ter)","chr17","39725719","GG/AA","ERBB2","-0.874","dataset0531","Nonsense","Neutral to the ERBB2-mediated cellular proliferation in MELJUSO","ERBB2-mediated cellular proliferation","6","Functionally normal","","","NA","CRISPR-Based Genome Editing","Base editing","33606977"
"NM_004448.4(ERBB2):c.2760C>T (p.Ala920=)","chr17","39725741","C/T","ERBB2","0.652","dataset0531","Synonymous","Neutral to the ERBB2-mediated cellular proliferation in MELJUSO","ERBB2-mediated cellular proliferation","6","Functionally normal","","","NA","CRISPR-Based Genome Editing","Base editing","33606977"
"NM_004448.4(ERBB2):c.2769C>T (p.Tyr923=)","chr17","39725750","C/T","ERBB2","-1.269","dataset0531","Synonymous","Neutral to the ERBB2-mediated cellular proliferation in MELJUSO","ERBB2-mediated cellular proliferation","6","Functionally normal","Likely benign","8.79924e-05","NA","CRISPR-Based Genome Editing","Base editing","33606977"
"NM_004448.4(ERBB2):c.2774_2775delinsAA (p.Gly925Glu)","chr17","39725755","GG/AA","ERBB2","0.756","dataset0531","Missense","Neutral to the ERBB2-mediated cellular proliferation in MELJUSO","ERBB2-mediated cellular proliferation","6","Functionally normal","","","NA","CRISPR-Based Genome Editing","Base editing","33606977"
"NM_004448.4(ERBB2):c.2793C>T (p.Ile931=)","chr17","39725774","C/T","ERBB2","-0.443","dataset0531","Synonymous","Neutral to the ERBB2-mediated cellular proliferation in MELJUSO","ERBB2-mediated cellular proliferation","6","Functionally normal","","","NA","CRISPR-Based Genome Editing","Base editing","33606977"
"NM_004448.4(ERBB2):c.2794_2795delinsTT (p.Pro932Phe)","chr17","39725775","CC/TT","ERBB2","-1.169","dataset0531","Missense","Neutral to the ERBB2-mediated cellular proliferation in MELJUSO","ERBB2-mediated cellular proliferation","6","Functionally normal","","","NA","CRISPR-Based Genome Editing","Base editing","33606977"
"NM_004448.4(ERBB2):c.2795C>T (p.Pro932Leu)","chr17","39725776","C/T","ERBB2","0.732","dataset0531","Missense","Neutral to the ERBB2-mediated cellular proliferation in MELJUSO","ERBB2-mediated cellular proliferation","6","Functionally normal","","","NA","CRISPR-Based Genome Editing","Base editing","33606977"
"NM_004448.4(ERBB2):c.2797G>A (p.Asp933Asn)","chr17","39725778","G/A","ERBB2","0.837","dataset0531","Missense","Neutral to the ERBB2-mediated cellular proliferation in MELJUSO","ERBB2-mediated cellular proliferation","6","Functionally normal","","","NA","CRISPR-Based Genome Editing","Base editing","33606977"
"NM_004448.4(ERBB2):c.2799C>T (p.Asp933=)","chr17","39725780","C/T","ERBB2","-0.397","dataset0531","Synonymous","Neutral to the ERBB2-mediated cellular proliferation in MELJUSO","ERBB2-mediated cellular proliferation","6","Functionally normal","","","NA","CRISPR-Based Genome Editing","Base editing","33606977"
"NM_004448.4(ERBB2):c.2800C>T (p.Leu934=)","chr17","39725781","C/T","ERBB2","-0.397","dataset0531","Synonymous","Neutral to the ERBB2-mediated cellular proliferation in MELJUSO","ERBB2-mediated cellular proliferation","6","Functionally normal","","","NA","CRISPR-Based Genome Editing","Base editing","33606977"
"NM_004448.4(ERBB2):c.2848G>A (p.Asp950Asn)","chr17","39725829","G/A","ERBB2","-0.736","dataset0531","Missense","Neutral to the ERBB2-mediated cellular proliferation in MELJUSO","ERBB2-mediated cellular proliferation","6","Functionally normal","","","NA","CRISPR-Based Genome Editing","Base editing","33606977"
"NM_004448.4(ERBB2):c.2851G>A (p.Val951Ile)","chr17","39725832","G/A","ERBB2","-0.736","dataset0531","Missense","Neutral to the ERBB2-mediated cellular proliferation in MELJUSO","ERBB2-mediated cellular proliferation","6","Functionally normal","","2.47852e-06","NA","CRISPR-Based Genome Editing","Base editing","33606977"
"NM_004448.4(ERBB2):c.2859G>A (p.Met953Ile)","chr17","39725840","G/A","ERBB2","-1.277","dataset0531","Missense","Neutral to the ERBB2-mediated cellular proliferation in MELJUSO","ERBB2-mediated cellular proliferation","6","Functionally normal","","","NA","CRISPR-Based Genome Editing","Base editing","33606977"
"NM_004448.4(ERBB2):c.2884G>A (p.Asp962Asn)","chr17","39726573","G/A","ERBB2","-0.733","dataset0531","Missense","Neutral to the ERBB2-mediated cellular proliferation in MELJUSO","ERBB2-mediated cellular proliferation","6","Functionally normal","","","NA","CRISPR-Based Genome Editing","Base editing","33606977"
"NM_004448.4(ERBB2):c.2896C>T (p.Arg966Trp)","chr17","39726585","C/T","ERBB2","1.204","dataset0531","Missense","Neutral to the ERBB2-mediated cellular proliferation in MELJUSO","ERBB2-mediated cellular proliferation","6","Functionally normal","","6.1953e-07","NA","CRISPR-Based Genome Editing","Base editing","33606977"
"NM_004448.4(ERBB2):c.2900C>T (p.Pro967Leu)","chr17","39726589","C/T","ERBB2","1.011","dataset0531","Missense","Neutral to the ERBB2-mediated cellular proliferation in MELJUSO","ERBB2-mediated cellular proliferation","6","Functionally normal","","","NA","CRISPR-Based Genome Editing","Base editing","33606977"
"NM_004448.4(ERBB2):c.2916G>A (p.Leu972=)","chr17","39726605","G/A","ERBB2","0.292","dataset0531","Synonymous","Neutral to the ERBB2-mediated cellular proliferation in MELJUSO","ERBB2-mediated cellular proliferation","6","Functionally normal","","","NA","CRISPR-Based Genome Editing","Base editing","33606977"
"NM_004448.4(ERBB2):c.2917G>A (p.Val973Met)","chr17","39726606","G/A","ERBB2","0.292","dataset0531","Missense","Neutral to the ERBB2-mediated cellular proliferation in MELJUSO","ERBB2-mediated cellular proliferation","6","Functionally normal","","","NA","CRISPR-Based Genome Editing","Base editing","33606977"
"NM_004448.4(ERBB2):c.2921C>T (p.Ser974Phe)","chr17","39726610","C/T","ERBB2","0.176","dataset0531","Missense","Neutral to the ERBB2-mediated cellular proliferation in MELJUSO","ERBB2-mediated cellular proliferation","6","Functionally normal","","6.19505e-07","cesc:0.3% (1/297):0.090;stad:0.2% (1/440):0.030","CRISPR-Based Genome Editing","Base editing","33606977"
"NM_004448.4(ERBB2):c.2923G>A (p.Glu975Lys)","chr17","39726612","G/A","ERBB2","-1.313","dataset0531","Missense","Neutral to the ERBB2-mediated cellular proliferation in MELJUSO","ERBB2-mediated cellular proliferation","6","Functionally normal","","","NA","CRISPR-Based Genome Editing","Base editing","33606977"
"NM_004448.4(ERBB2):c.2928C>T (p.Phe976=)","chr17","39726617","C/T","ERBB2","-0.828","dataset0531","Synonymous","Neutral to the ERBB2-mediated cellular proliferation in MELJUSO","ERBB2-mediated cellular proliferation","6","Functionally normal","","","NA","CRISPR-Based Genome Editing","Base editing","33606977"
"NM_004448.4(ERBB2):c.2946C>T (p.Asp982=)","chr17","39726635","C/T","ERBB2","0.535","dataset0531","Synonymous","Neutral to the ERBB2-mediated cellular proliferation in MELJUSO","ERBB2-mediated cellular proliferation","6","Functionally normal","","","NA","CRISPR-Based Genome Editing","Base editing","33606977"
"NM_004448.4(ERBB2):c.2947C>T (p.Pro983Ser)","chr17","39726636","C/T","ERBB2","0.535","dataset0531","Missense","Neutral to the ERBB2-mediated cellular proliferation in MELJUSO","ERBB2-mediated cellular proliferation","6","Functionally normal","","","NA","CRISPR-Based Genome Editing","Base editing","33606977"
"NM_004448.4(ERBB2):c.2961G>A (p.Val987=)","chr17","39726650","G/A","ERBB2","0.472","dataset0531","Synonymous","Neutral to the ERBB2-mediated cellular proliferation in MELJUSO","ERBB2-mediated cellular proliferation","6","Functionally normal","","","NA","CRISPR-Based Genome Editing","Base editing","33606977"
"NM_004448.4(ERBB2):c.2962G>A (p.Val988Ile)","chr17","39726651","G/A","ERBB2","-0.732","dataset0531","Missense","Neutral to the ERBB2-mediated cellular proliferation in MELJUSO","ERBB2-mediated cellular proliferation","6","Functionally normal","","6.19516e-07","hnsc:0.2% (1/523):0.110","CRISPR-Based Genome Editing","Base editing","33606977"
"NM_004448.4(ERBB2):c.2971-6C>T","chr17","39726809","C/T","ERBB2","0.716","dataset0531","Splice site","Neutral to the ERBB2-mediated cellular proliferation in MELJUSO","ERBB2-mediated cellular proliferation","6","Functionally normal","","","NA","CRISPR-Based Genome Editing","Base editing","33606977"
"NM_004448.4(ERBB2):c.2971-5C>T","chr17","39726810","C/T","ERBB2","0.716","dataset0531","Splice site","Neutral to the ERBB2-mediated cellular proliferation in MELJUSO","ERBB2-mediated cellular proliferation","6","Functionally normal","","","NA","CRISPR-Based Genome Editing","Base editing","33606977"
"NM_004448.4(ERBB2):c.2971-3C>T","chr17","39726812","C/T","ERBB2","0.716","dataset0531","Splice site","Neutral to the ERBB2-mediated cellular proliferation in MELJUSO","ERBB2-mediated cellular proliferation","6","Functionally normal","","","NA","CRISPR-Based Genome Editing","Base editing","33606977"
"NM_004448.4(ERBB2):c.2982G>A (p.Leu994=)","chr17","39726826","G/A","ERBB2","0.57","dataset0531","Synonymous","Neutral to the ERBB2-mediated cellular proliferation in MELJUSO","ERBB2-mediated cellular proliferation","6","Functionally normal","","","NA","CRISPR-Based Genome Editing","Base editing","33606977"
"NM_004448.4(ERBB2):c.2983G>A (p.Gly995Ser)","chr17","39726827","G/A","ERBB2","0.57","dataset0531","Missense","Neutral to the ERBB2-mediated cellular proliferation in MELJUSO","ERBB2-mediated cellular proliferation","6","Functionally normal","","","NA","CRISPR-Based Genome Editing","Base editing","33606977"
"NM_004448.4(ERBB2):c.2986C>T (p.Pro996Ser)","chr17","39726830","C/T","ERBB2","0.678","dataset0531","Missense","Neutral to the ERBB2-mediated cellular proliferation in MELJUSO","ERBB2-mediated cellular proliferation","6","Functionally normal","","","NA","CRISPR-Based Genome Editing","Base editing","33606977"
"NM_004448.4(ERBB2):c.3000G>A (p.Leu1000=)","chr17","39726844","G/A","ERBB2","-0.357","dataset0531","Synonymous","Neutral to the ERBB2-mediated cellular proliferation in MELJUSO","ERBB2-mediated cellular proliferation","6","Functionally normal","","","NA","CRISPR-Based Genome Editing","Base editing","33606977"
"NM_004448.4(ERBB2):c.3001G>A (p.Asp1001Asn)","chr17","39726845","G/A","ERBB2","-0.357","dataset0531","Missense","Neutral to the ERBB2-mediated cellular proliferation in MELJUSO","ERBB2-mediated cellular proliferation","6","Functionally normal","","","NA","CRISPR-Based Genome Editing","Base editing","33606977"
"NM_004448.4(ERBB2):c.3009C>T (p.Thr1003=)","chr17","39726853","C/T","ERBB2","-1.371","dataset0531","Synonymous","Neutral to the ERBB2-mediated cellular proliferation in MELJUSO","ERBB2-mediated cellular proliferation","6","Functionally normal","","","NA","CRISPR-Based Genome Editing","Base editing","33606977"
"NM_004448.4(ERBB2):c.3012C>T (p.Phe1004=)","chr17","39726856","C/T","ERBB2","-1.371","dataset0531","Synonymous","Neutral to the ERBB2-mediated cellular proliferation in MELJUSO","ERBB2-mediated cellular proliferation","6","Functionally normal","","","NA","CRISPR-Based Genome Editing","Base editing","33606977"
"NM_004448.4(ERBB2):c.3015C>T (p.Tyr1005=)","chr17","39726859","C/T","ERBB2","0.309","dataset0531","Synonymous","Neutral to the ERBB2-mediated cellular proliferation in MELJUSO","ERBB2-mediated cellular proliferation","6","Functionally normal","","","NA","CRISPR-Based Genome Editing","Base editing","33606977"
"NM_004448.4(ERBB2):c.3016C>T (p.Arg1006Cys)","chr17","39726860","C/T","ERBB2","0.309","dataset0531","Missense","Neutral to the ERBB2-mediated cellular proliferation in MELJUSO","ERBB2-mediated cellular proliferation","6","Functionally normal","Uncertain significance","1.42544e-05","hnsc:0.2% (1/523):0.190","CRISPR-Based Genome Editing","Base editing","33606977"
"NM_004448.4(ERBB2):c.3027G>A (p.Leu1009=)","chr17","39726871","G/A","ERBB2","0.718","dataset0531","Synonymous","Neutral to the ERBB2-mediated cellular proliferation in MELJUSO","ERBB2-mediated cellular proliferation","6","Functionally normal","","","NA","CRISPR-Based Genome Editing","Base editing","33606977"
"NM_004448.4(ERBB2):c.3030G>A (p.Glu1010=)","chr17","39726874","G/A","ERBB2","1.113","dataset0531","Synonymous","Neutral to the ERBB2-mediated cellular proliferation in MELJUSO","ERBB2-mediated cellular proliferation","6","Functionally normal","","","NA","CRISPR-Based Genome Editing","Base editing","33606977"
"NM_004448.4(ERBB2):c.3031G>A (p.Asp1011Asn)","chr17","39726875","G/A","ERBB2","1.113","dataset0531","Missense","Neutral to the ERBB2-mediated cellular proliferation in MELJUSO","ERBB2-mediated cellular proliferation","6","Functionally normal","Uncertain significance","6.19558e-07","NA","CRISPR-Based Genome Editing","Base editing","33606977"
"NM_004448.4(ERBB2):c.3033C>T (p.Asp1011=)","chr17","39726877","C/T","ERBB2","1.094","dataset0531","Synonymous","Neutral to the ERBB2-mediated cellular proliferation in MELJUSO","ERBB2-mediated cellular proliferation","6","Functionally normal","Likely benign","9.10878e-05","NA","CRISPR-Based Genome Editing","Base editing","33606977"
"NM_004448.4(ERBB2):c.3034G>A (p.Asp1012Asn)","chr17","39726878","G/A","ERBB2","1.113","dataset0531","Missense","Neutral to the ERBB2-mediated cellular proliferation in MELJUSO","ERBB2-mediated cellular proliferation","6","Functionally normal","Uncertain significance","1.67298e-05","NA","CRISPR-Based Genome Editing","Base editing","33606977"
"NM_004448.4(ERBB2):c.3039C>T (p.Asp1013=)","chr17","39726883","C/T","ERBB2","0.044","dataset0531","Synonymous","Neutral to the ERBB2-mediated cellular proliferation in MELJUSO","ERBB2-mediated cellular proliferation","6","Functionally normal","","1.85872e-06","NA","CRISPR-Based Genome Editing","Base editing","33606977"
"NM_004448.4(ERBB2):c.3048C>T (p.Asp1016=)","chr17","39726892","C/T","ERBB2","1.293","dataset0531","Synonymous","Neutral to the ERBB2-mediated cellular proliferation in MELJUSO","ERBB2-mediated cellular proliferation","6","Functionally normal","","","NA","CRISPR-Based Genome Editing","Base editing","33606977"
"NM_004448.4(ERBB2):c.3049C>T (p.Leu1017=)","chr17","39726893","C/T","ERBB2","1.293","dataset0531","Synonymous","Neutral to the ERBB2-mediated cellular proliferation in MELJUSO","ERBB2-mediated cellular proliferation","6","Functionally normal","","","NA","CRISPR-Based Genome Editing","Base editing","33606977"
"NM_004448.4(ERBB2):c.3063G>A (p.Glu1021=)","chr17","39726907","G/A","ERBB2","-2.535","dataset0531","Synonymous","The reduced ERBB2-mediated cellular proliferation in MELJUSO","ERBB2-mediated cellular proliferation","6","Loss-of-function","","","NA","CRISPR-Based Genome Editing","Base editing","33606977"
"NM_004448.4(ERBB2):c.3070C>T (p.Leu1024=)","chr17","39726914","C/T","ERBB2","-0.469","dataset0531","Synonymous","Neutral to the ERBB2-mediated cellular proliferation in MELJUSO","ERBB2-mediated cellular proliferation","6","Functionally normal","Benign","0.000240413","NA","CRISPR-Based Genome Editing","Base editing","33606977"
"NM_004448.4(ERBB2):c.3093C>T (p.Phe1031=)","chr17","39726937","C/T","ERBB2","-0.443","dataset0531","Synonymous","Neutral to the ERBB2-mediated cellular proliferation in MELJUSO","ERBB2-mediated cellular proliferation","6","Functionally normal","","","NA","CRISPR-Based Genome Editing","Base editing","33606977"
"NM_004448.4(ERBB2):c.3095G>A (p.Cys1032Tyr)","chr17","39726939","G/A","ERBB2","-0.295","dataset0531","Missense","Neutral to the ERBB2-mediated cellular proliferation in MELJUSO","ERBB2-mediated cellular proliferation","6","Functionally normal","","","NA","CRISPR-Based Genome Editing","Base editing","33606977"
"NM_004448.4(ERBB2):c.3097_3098delinsTT (p.Pro1033Leu)","chr17","39726941","CC/TT","ERBB2","0.258","dataset0531","Missense","Neutral to the ERBB2-mediated cellular proliferation in MELJUSO","ERBB2-mediated cellular proliferation","6","Functionally normal","","","NA","CRISPR-Based Genome Editing","Base editing","33606977"
"NM_004448.4(ERBB2):c.3097C>T (p.Pro1033Ser)","chr17","39726941","C/T","ERBB2","-0.443","dataset0531","Missense","Neutral to the ERBB2-mediated cellular proliferation in MELJUSO","ERBB2-mediated cellular proliferation","6","Functionally normal","","","NA","CRISPR-Based Genome Editing","Base editing","33606977"
"NM_004448.4(ERBB2):c.3102C>T (p.Asp1034=)","chr17","39726946","C/T","ERBB2","0.158","dataset0531","Synonymous","Neutral to the ERBB2-mediated cellular proliferation in MELJUSO","ERBB2-mediated cellular proliferation","6","Functionally normal","","1.23985e-06","NA","CRISPR-Based Genome Editing","Base editing","33606977"
"NM_004448.4(ERBB2):c.3103_3104delinsTT (p.Pro1035Phe)","chr17","39726947","CC/TT","ERBB2","0.158","dataset0531","Missense","Neutral to the ERBB2-mediated cellular proliferation in MELJUSO","ERBB2-mediated cellular proliferation","6","Functionally normal","","","NA","CRISPR-Based Genome Editing","Base editing","33606977"
"NM_004448.4(ERBB2):c.3112G>A (p.Gly1038Ser)","chr17","39726956","G/A","ERBB2","0.741","dataset0531","Missense","Neutral to the ERBB2-mediated cellular proliferation in MELJUSO","ERBB2-mediated cellular proliferation","6","Functionally normal","","","NA","CRISPR-Based Genome Editing","Base editing","33606977"
"NM_004448.4(ERBB2):c.3118_3120delinsAAA (p.Gly1040Lys)","chr17","39726962","GGG/AAA","ERBB2","-0.21","dataset0531","Missense","Neutral to the ERBB2-mediated cellular proliferation in MELJUSO","ERBB2-mediated cellular proliferation","6","Functionally normal","","","NA","CRISPR-Based Genome Editing","Base editing","33606977"
"NM_004448.4(ERBB2):c.3121G>A (p.Gly1041Ser)","chr17","39726965","G/A","ERBB2","-0.21","dataset0531","Missense","Neutral to the ERBB2-mediated cellular proliferation in MELJUSO","ERBB2-mediated cellular proliferation","6","Functionally normal","","1.24173e-06","NA","CRISPR-Based Genome Editing","Base editing","33606977"
"NM_004448.4(ERBB2):c.3126G>A (p.Met1042Ile)","chr17","39726970","G/A","ERBB2","-0.63","dataset0531","Missense","Neutral to the ERBB2-mediated cellular proliferation in MELJUSO","ERBB2-mediated cellular proliferation","6","Functionally normal","","","NA","CRISPR-Based Genome Editing","Base editing","33606977"
"NM_004448.4(ERBB2):c.3127G>A (p.Val1043Ile)","chr17","39726971","G/A","ERBB2","-0.63","dataset0531","Missense","Neutral to the ERBB2-mediated cellular proliferation in MELJUSO","ERBB2-mediated cellular proliferation","6","Functionally normal","","","NA","CRISPR-Based Genome Editing","Base editing","33606977"
"NM_004448.4(ERBB2):c.3141C>T (p.His1047=)","chr17","39726985","C/T","ERBB2","-0.99","dataset0531","Synonymous","Neutral to the ERBB2-mediated cellular proliferation in MELJUSO","ERBB2-mediated cellular proliferation","6","Functionally normal","","","NA","CRISPR-Based Genome Editing","Base editing","33606977"
"NM_004448.4(ERBB2):c.3142C>T (p.Arg1048Cys)","chr17","39726986","C/T","ERBB2","-0.99","dataset0531","Missense","Neutral to the ERBB2-mediated cellular proliferation in MELJUSO","ERBB2-mediated cellular proliferation","6","Functionally normal","Uncertain significance","3.49615e-05","NA","CRISPR-Based Genome Editing","Base editing","33606977"
"NM_004448.4(ERBB2):c.3158_3159delinsAA (p.Arg1053Lys)","chr17","39727002","GG/AA","ERBB2","0.919","dataset0531","Missense","Neutral to the ERBB2-mediated cellular proliferation in MELJUSO","ERBB2-mediated cellular proliferation","6","Functionally normal","","","NA","CRISPR-Based Genome Editing","Base editing","33606977"
"NM_004448.4(ERBB2):c.3159+1G>A","chr17","39727004","G/A","ERBB2","0.919","dataset0531","Splice site","Neutral to the ERBB2-mediated cellular proliferation in MELJUSO","ERBB2-mediated cellular proliferation","6","Functionally normal","","1.25689e-06","NA","CRISPR-Based Genome Editing","Base editing","33606977"
"NM_004448.4(ERBB2):c.3160-11C>T","chr17","39727284","C/T","ERBB2","0.619","dataset0531","Splice site","Neutral to the ERBB2-mediated cellular proliferation in MELJUSO","ERBB2-mediated cellular proliferation","6","Functionally normal","","","NA","CRISPR-Based Genome Editing","Base editing","33606977"
"NM_004448.4(ERBB2):c.3160-6C>T","chr17","39727289","C/T","ERBB2","0.708","dataset0531","Splice site","Neutral to the ERBB2-mediated cellular proliferation in MELJUSO","ERBB2-mediated cellular proliferation","6","Functionally normal","","","NA","CRISPR-Based Genome Editing","Base editing","33606977"
"NM_004448.4(ERBB2):c.3160-5C>T","chr17","39727290","C/T","ERBB2","0.708","dataset0531","Splice site","Neutral to the ERBB2-mediated cellular proliferation in MELJUSO","ERBB2-mediated cellular proliferation","6","Functionally normal","","","NA","CRISPR-Based Genome Editing","Base editing","33606977"
"NM_004448.4(ERBB2):c.3160-4C>T","chr17","39727291","C/T","ERBB2","1.058","dataset0531","Splice site","Neutral to the ERBB2-mediated cellular proliferation in MELJUSO","ERBB2-mediated cellular proliferation","6","Functionally normal","Likely benign","","NA","CRISPR-Based Genome Editing","Base editing","33606977"
"NM_004448.4(ERBB2):c.3160-3C>T","chr17","39727292","C/T","ERBB2","1.058","dataset0531","Splice site","Neutral to the ERBB2-mediated cellular proliferation in MELJUSO","ERBB2-mediated cellular proliferation","6","Functionally normal","","","NA","CRISPR-Based Genome Editing","Base editing","33606977"
"NM_004448.4(ERBB2):c.3169_3171delinsAAA (p.Gly1057Lys)","chr17","39727304","GGG/AAA","ERBB2","-0.307","dataset0531","Missense","Neutral to the ERBB2-mediated cellular proliferation in MELJUSO","ERBB2-mediated cellular proliferation","6","Functionally normal","","","NA","CRISPR-Based Genome Editing","Base editing","33606977"
"NM_004448.4(ERBB2):c.3170_3171delinsAA (p.Gly1057Glu)","chr17","39727305","GG/AA","ERBB2","0.682","dataset0531","Missense","Neutral to the ERBB2-mediated cellular proliferation in MELJUSO","ERBB2-mediated cellular proliferation","6","Functionally normal","","","NA","CRISPR-Based Genome Editing","Base editing","33606977"
"NM_004448.4(ERBB2):c.3171G>A (p.Gly1057=)","chr17","39727306","G/A","ERBB2","0.288","dataset0531","Synonymous","Neutral to the ERBB2-mediated cellular proliferation in MELJUSO","ERBB2-mediated cellular proliferation","6","Functionally normal","","","NA","CRISPR-Based Genome Editing","Base editing","33606977"
"NM_004448.4(ERBB2):c.3172G>A (p.Asp1058Asn)","chr17","39727307","G/A","ERBB2","-0.307","dataset0531","Missense","Neutral to the ERBB2-mediated cellular proliferation in MELJUSO","ERBB2-mediated cellular proliferation","6","Functionally normal","","6.20043e-07","NA","CRISPR-Based Genome Editing","Base editing","33606977"
"NM_004448.4(ERBB2):c.3174C>T (p.Asp1058=)","chr17","39727309","C/T","ERBB2","-0.201","dataset0531","Synonymous","Neutral to the ERBB2-mediated cellular proliferation in MELJUSO","ERBB2-mediated cellular proliferation","6","Functionally normal","Likely benign","","NA","CRISPR-Based Genome Editing","Base editing","33606977"
"NM_004448.4(ERBB2):c.3175C>T (p.Leu1059=)","chr17","39727310","C/T","ERBB2","-0.201","dataset0531","Synonymous","Neutral to the ERBB2-mediated cellular proliferation in MELJUSO","ERBB2-mediated cellular proliferation","6","Functionally normal","","","NA","CRISPR-Based Genome Editing","Base editing","33606977"
"NM_004448.4(ERBB2):c.3189G>A (p.Leu1063=)","chr17","39727324","G/A","ERBB2","1.135","dataset0531","Synonymous","Neutral to the ERBB2-mediated cellular proliferation in MELJUSO","ERBB2-mediated cellular proliferation","6","Functionally normal","","6.2006e-07","NA","CRISPR-Based Genome Editing","Base editing","33606977"
"NM_004448.4(ERBB2):c.3190G>A (p.Glu1064Lys)","chr17","39727325","G/A","ERBB2","1.135","dataset0531","Missense","Neutral to the ERBB2-mediated cellular proliferation in MELJUSO","ERBB2-mediated cellular proliferation","6","Functionally normal","Uncertain significance","6.20079e-06","NA","CRISPR-Based Genome Editing","Base editing","33606977"
"NM_004448.4(ERBB2):c.3197C>T (p.Ser1066Phe)","chr17","39727332","C/T","ERBB2","1.46","dataset0531","Missense","Neutral to the ERBB2-mediated cellular proliferation in MELJUSO","ERBB2-mediated cellular proliferation","6","Functionally normal","","","NA","CRISPR-Based Genome Editing","Base editing","33606977"
"NM_004448.4(ERBB2):c.3210C>T (p.Ala1070=)","chr17","39727345","C/T","ERBB2","-0.137","dataset0531","Synonymous","Neutral to the ERBB2-mediated cellular proliferation in MELJUSO","ERBB2-mediated cellular proliferation","6","Functionally normal","","","NA","CRISPR-Based Genome Editing","Base editing","33606977"
"NM_004448.4(ERBB2):c.3211C>T (p.Pro1071Ser)","chr17","39727346","C/T","ERBB2","-0.137","dataset0531","Missense","Neutral to the ERBB2-mediated cellular proliferation in MELJUSO","ERBB2-mediated cellular proliferation","6","Functionally normal","","","NA","CRISPR-Based Genome Editing","Base editing","33606977"
"NM_004448.4(ERBB2):c.3221C>T (p.Pro1074Leu)","chr17","39727356","C/T","ERBB2","-1.167","dataset0531","Missense","Neutral to the ERBB2-mediated cellular proliferation in MELJUSO","ERBB2-mediated cellular proliferation","6","Functionally normal","","6.20417e-07","NA","CRISPR-Based Genome Editing","Base editing","33606977"
"NM_004448.4(ERBB2):c.3223C>T (p.Leu1075=)","chr17","39727358","C/T","ERBB2","-1.167","dataset0531","Synonymous","Neutral to the ERBB2-mediated cellular proliferation in MELJUSO","ERBB2-mediated cellular proliferation","6","Functionally normal","","6.20388e-07","NA","CRISPR-Based Genome Editing","Base editing","33606977"
"NM_004448.4(ERBB2):c.3225G>A (p.Leu1075=)","chr17","39727360","G/A","ERBB2","0.774","dataset0531","Synonymous","Neutral to the ERBB2-mediated cellular proliferation in MELJUSO","ERBB2-mediated cellular proliferation","6","Functionally normal","","","NA","CRISPR-Based Genome Editing","Base editing","33606977"
"NM_004448.4(ERBB2):c.3229_3230delinsTT (p.Pro1077Phe)","chr17","39727364","CC/TT","ERBB2","-0.421","dataset0531","Missense","Neutral to the ERBB2-mediated cellular proliferation in MELJUSO","ERBB2-mediated cellular proliferation","6","Functionally normal","","","NA","CRISPR-Based Genome Editing","Base editing","33606977"
"NM_004448.4(ERBB2):c.3244G>A (p.Gly1082Ser)","chr17","39727379","G/A","ERBB2","0.195","dataset0531","Missense","Neutral to the ERBB2-mediated cellular proliferation in MELJUSO","ERBB2-mediated cellular proliferation","6","Functionally normal","","","NA","CRISPR-Based Genome Editing","Base editing","33606977"
"NM_004448.4(ERBB2):c.3248C>T (p.Ser1083Phe)","chr17","39727383","C/T","ERBB2","-0.099","dataset0531","Missense","Neutral to the ERBB2-mediated cellular proliferation in MELJUSO","ERBB2-mediated cellular proliferation","6","Functionally normal","","","NA","CRISPR-Based Genome Editing","Base editing","33606977"
"NM_004448.4(ERBB2):c.3250G>A (p.Asp1084Asn)","chr17","39727385","G/A","ERBB2","0.631","dataset0531","Missense","Neutral to the ERBB2-mediated cellular proliferation in MELJUSO","ERBB2-mediated cellular proliferation","6","Functionally normal","Uncertain significance","4.34702e-06","NA","CRISPR-Based Genome Editing","Base editing","33606977"
"NM_004448.4(ERBB2):c.3263G>A (p.Gly1088Asp)","chr17","39727398","G/A","ERBB2","-2.807","dataset0531","Missense","The reduced ERBB2-mediated cellular proliferation in MELJUSO","ERBB2-mediated cellular proliferation","6","Loss-of-function","","1.17968e-05","NA","CRISPR-Based Genome Editing","Base editing","33606977"
"NM_004448.4(ERBB2):c.3265G>A (p.Asp1089Asn)","chr17","39727400","G/A","ERBB2","-2.807","dataset0531","Missense","The reduced ERBB2-mediated cellular proliferation in MELJUSO","ERBB2-mediated cellular proliferation","6","Loss-of-function","","","NA","CRISPR-Based Genome Editing","Base editing","33606977"
"NM_004448.4(ERBB2):c.3315C>T (p.Asp1105=)","chr17","39727450","C/T","ERBB2","-0.519","dataset0531","Synonymous","Neutral to the ERBB2-mediated cellular proliferation in MELJUSO","ERBB2-mediated cellular proliferation","6","Functionally normal","","6.20732e-07","NA","CRISPR-Based Genome Editing","Base editing","33606977"
"NM_004448.4(ERBB2):c.3316_3318delinsTTT (p.Pro1106Phe)","chr17","39727451","CCC/TTT","ERBB2","-0.519","dataset0531","Missense","Neutral to the ERBB2-mediated cellular proliferation in MELJUSO","ERBB2-mediated cellular proliferation","6","Functionally normal","","","NA","CRISPR-Based Genome Editing","Base editing","33606977"
"NM_004448.4(ERBB2):c.3325C>T (p.Leu1109=)","chr17","39727460","C/T","ERBB2","0.544","dataset0531","Synonymous","Neutral to the ERBB2-mediated cellular proliferation in MELJUSO","ERBB2-mediated cellular proliferation","6","Functionally normal","","","NA","CRISPR-Based Genome Editing","Base editing","33606977"
"NM_004448.4(ERBB2):c.3328C>T (p.Gln1110Ter)","chr17","39727463","C/T","ERBB2","0.544","dataset0531","Nonsense","Neutral to the ERBB2-mediated cellular proliferation in MELJUSO","ERBB2-mediated cellular proliferation","6","Functionally normal","","","NA","CRISPR-Based Genome Editing","Base editing","33606977"
"NM_004448.4(ERBB2):c.3332_3333delinsAA (p.Arg1111Gln)","chr17","39727467","GG/AA","ERBB2","-0.29","dataset0531","Missense","Neutral to the ERBB2-mediated cellular proliferation in MELJUSO","ERBB2-mediated cellular proliferation","6","Functionally normal","","","NA","CRISPR-Based Genome Editing","Base editing","33606977"
"NM_004448.4(ERBB2):c.3338G>A (p.Ser1113Asn)","chr17","39727473","G/A","ERBB2","-0.854","dataset0531","Missense","Neutral to the ERBB2-mediated cellular proliferation in MELJUSO","ERBB2-mediated cellular proliferation","6","Functionally normal","","","NA","CRISPR-Based Genome Editing","Base editing","33606977"
"NM_004448.4(ERBB2):c.3340G>A (p.Glu1114Lys)","chr17","39727475","G/A","ERBB2","-0.854","dataset0531","Missense","Neutral to the ERBB2-mediated cellular proliferation in MELJUSO","ERBB2-mediated cellular proliferation","6","Functionally normal","","","NA","CRISPR-Based Genome Editing","Base editing","33606977"
"NM_004448.4(ERBB2):c.3358C>T (p.Leu1120=)","chr17","39727493","C/T","ERBB2","-0.035","dataset0531","Synonymous","Neutral to the ERBB2-mediated cellular proliferation in MELJUSO","ERBB2-mediated cellular proliferation","6","Functionally normal","","1.24451e-06","NA","CRISPR-Based Genome Editing","Base editing","33606977"
"NM_004448.4(ERBB2):c.3362C>T (p.Pro1121Leu)","chr17","39727497","C/T","ERBB2","-0.035","dataset0531","Missense","Neutral to the ERBB2-mediated cellular proliferation in MELJUSO","ERBB2-mediated cellular proliferation","6","Functionally normal","","","NA","CRISPR-Based Genome Editing","Base editing","33606977"
"NM_004448.4(ERBB2):c.3373G>A (p.Asp1125Asn)","chr17","39727508","G/A","ERBB2","0.076","dataset0531","Missense","Neutral to the ERBB2-mediated cellular proliferation in MELJUSO","ERBB2-mediated cellular proliferation","6","Functionally normal","","6.21918e-07","NA","CRISPR-Based Genome Editing","Base editing","33606977"
"NM_004448.4(ERBB2):c.3376G>A (p.Gly1126Ser)","chr17","39727511","G/A","ERBB2","-2.111","dataset0531","Missense","The reduced ERBB2-mediated cellular proliferation in MELJUSO","ERBB2-mediated cellular proliferation","6","Loss-of-function","","","NA","CRISPR-Based Genome Editing","Base editing","33606977"
"NM_004448.4(ERBB2):c.3395_3396delinsTT (p.Thr1132Ile)","chr17","39727530","CC/TT","ERBB2","-1.177","dataset0531","Missense","Neutral to the ERBB2-mediated cellular proliferation in MELJUSO","ERBB2-mediated cellular proliferation","6","Functionally normal","","","NA","CRISPR-Based Genome Editing","Base editing","33606977"
"NM_004448.4(ERBB2):c.3412+5G>A","chr17","39727552","G/A","ERBB2","0.545","dataset0531","Splice site","Neutral to the ERBB2-mediated cellular proliferation in MELJUSO","ERBB2-mediated cellular proliferation","6","Functionally normal","","","NA","CRISPR-Based Genome Editing","Base editing","33606977"
"NM_004448.4(ERBB2):c.3412+6G>A","chr17","39727553","G/A","ERBB2","0.545","dataset0531","Splice site","Neutral to the ERBB2-mediated cellular proliferation in MELJUSO","ERBB2-mediated cellular proliferation","6","Functionally normal","","1.25153e-06","NA","CRISPR-Based Genome Editing","Base editing","33606977"
"NM_004448.4(ERBB2):c.3412+8G>A","chr17","39727555","G/A","ERBB2","-1.013","dataset0531","Splice site","Neutral to the ERBB2-mediated cellular proliferation in MELJUSO","ERBB2-mediated cellular proliferation","6","Functionally normal","","6.25946e-07","NA","CRISPR-Based Genome Editing","Base editing","33606977"
"NM_004448.4(ERBB2):c.3423C>T (p.Asn1141=)","chr17","39727699","C/T","ERBB2","-0.106","dataset0531","Synonymous","Neutral to the ERBB2-mediated cellular proliferation in MELJUSO","ERBB2-mediated cellular proliferation","6","Functionally normal","Likely benign","","NA","CRISPR-Based Genome Editing","Base editing","33606977"
"NM_004448.4(ERBB2):c.3446_3447delinsTT (p.Pro1149Leu)","chr17","39727722","CC/TT","ERBB2","0.249","dataset0531","Missense","Neutral to the ERBB2-mediated cellular proliferation in MELJUSO","ERBB2-mediated cellular proliferation","6","Functionally normal","","","NA","CRISPR-Based Genome Editing","Base editing","33606977"
"NM_004448.4(ERBB2):c.3448_3449delinsTT (p.Pro1150Phe)","chr17","39727724","CC/TT","ERBB2","0.249","dataset0531","Missense","Neutral to the ERBB2-mediated cellular proliferation in MELJUSO","ERBB2-mediated cellular proliferation","6","Functionally normal","","","NA","CRISPR-Based Genome Editing","Base editing","33606977"
"NM_004448.4(ERBB2):c.3448C>T (p.Pro1150Ser)","chr17","39727724","C/T","ERBB2","0.648","dataset0531","Missense","Neutral to the ERBB2-mediated cellular proliferation in MELJUSO","ERBB2-mediated cellular proliferation","6","Functionally normal","","1.27081e-06","NA","CRISPR-Based Genome Editing","Base editing","33606977"
"NM_004448.4(ERBB2):c.3458G>A (p.Arg1153Gln)","chr17","39727734","G/A","ERBB2","1.184","dataset0531","Missense","Neutral to the ERBB2-mediated cellular proliferation in MELJUSO","ERBB2-mediated cellular proliferation","6","Functionally normal","Uncertain significance","2.46062e-05","NA","CRISPR-Based Genome Editing","Base editing","33606977"
"NM_004448.4(ERBB2):c.3462G>A (p.Glu1154=)","chr17","39727738","G/A","ERBB2","0.733","dataset0531","Synonymous","Neutral to the ERBB2-mediated cellular proliferation in MELJUSO","ERBB2-mediated cellular proliferation","6","Functionally normal","","","NA","CRISPR-Based Genome Editing","Base editing","33606977"
"NM_004448.4(ERBB2):c.3463G>A (p.Gly1155Ser)","chr17","39727739","G/A","ERBB2","0.351","dataset0531","Missense","Neutral to the ERBB2-mediated cellular proliferation in MELJUSO","ERBB2-mediated cellular proliferation","6","Functionally normal","","","NA","CRISPR-Based Genome Editing","Base editing","33606977"
"NM_004448.4(ERBB2):c.3473C>T (p.Pro1158Leu)","chr17","39727749","C/T","ERBB2","-0.547","dataset0531","Missense","Neutral to the ERBB2-mediated cellular proliferation in MELJUSO","ERBB2-mediated cellular proliferation","6","Functionally normal","","1.25182e-06","NA","CRISPR-Based Genome Editing","Base editing","33606977"
"NM_004448.4(ERBB2):c.3482G>A (p.Arg1161Gln)","chr17","39727758","G/A","ERBB2","0.778","dataset0531","Missense","Neutral to the ERBB2-mediated cellular proliferation in MELJUSO","ERBB2-mediated cellular proliferation","6","Functionally normal","Benign","0.000446667","NA","CRISPR-Based Genome Editing","Base editing","33606977"
"NM_004448.4(ERBB2):c.3484_3485delinsTT (p.Pro1162Phe)","chr17","39727760","CC/TT","ERBB2","0.378","dataset0531","Missense","Neutral to the ERBB2-mediated cellular proliferation in MELJUSO","ERBB2-mediated cellular proliferation","6","Functionally normal","","","NA","CRISPR-Based Genome Editing","Base editing","33606977"
"NM_004448.4(ERBB2):c.3490_3491delinsAA (p.Gly1164Asn)","chr17","39727766","GG/AA","ERBB2","0.084","dataset0531","Missense","Neutral to the ERBB2-mediated cellular proliferation in MELJUSO","ERBB2-mediated cellular proliferation","6","Functionally normal","","","NA","CRISPR-Based Genome Editing","Base editing","33606977"
"NM_004448.4(ERBB2):c.3501G>A (p.Leu1167=)","chr17","39727777","G/A","ERBB2","-0.864","dataset0531","Synonymous","Neutral to the ERBB2-mediated cellular proliferation in MELJUSO","ERBB2-mediated cellular proliferation","6","Functionally normal","Likely benign","1.24217e-06","NA","CRISPR-Based Genome Editing","Base editing","33606977"
"NM_004448.4(ERBB2):c.3502G>A (p.Glu1168Lys)","chr17","39727778","G/A","ERBB2","-0.864","dataset0531","Missense","Neutral to the ERBB2-mediated cellular proliferation in MELJUSO","ERBB2-mediated cellular proliferation","6","Functionally normal","Uncertain significance","8.69431e-06","NA","CRISPR-Based Genome Editing","Base editing","33606977"
"NM_004448.4(ERBB2):c.3509_3510delinsTT (p.Pro1170Leu)","chr17","39727785","CC/TT","ERBB2","0.014","dataset0531","Missense","Neutral to the ERBB2-mediated cellular proliferation in MELJUSO","ERBB2-mediated cellular proliferation","6","Functionally normal","","","NA","CRISPR-Based Genome Editing","Base editing","33606977"
"NM_004448.4(ERBB2):c.3513G>A (p.Lys1171=)","chr17","39727789","G/A","ERBB2","-0.072","dataset0531","Synonymous","Neutral to the ERBB2-mediated cellular proliferation in MELJUSO","ERBB2-mediated cellular proliferation","6","Functionally normal","","","NA","CRISPR-Based Genome Editing","Base editing","33606977"
"NM_004448.4(ERBB2):c.3519C>T (p.Leu1173=)","chr17","39727795","C/T","ERBB2","-1.216","dataset0531","Synonymous","Neutral to the ERBB2-mediated cellular proliferation in MELJUSO","ERBB2-mediated cellular proliferation","6","Functionally normal","","","NA","CRISPR-Based Genome Editing","Base editing","33606977"
"NM_004448.4(ERBB2):c.3521_3522delinsTT (p.Ser1174Phe)","chr17","39727797","CC/TT","ERBB2","-1.216","dataset0531","Missense","Neutral to the ERBB2-mediated cellular proliferation in MELJUSO","ERBB2-mediated cellular proliferation","6","Functionally normal","","","NA","CRISPR-Based Genome Editing","Base editing","33606977"
"NM_004448.4(ERBB2):c.3521C>T (p.Ser1174Phe)","chr17","39727797","C/T","ERBB2","-0.155","dataset0531","Missense","Neutral to the ERBB2-mediated cellular proliferation in MELJUSO","ERBB2-mediated cellular proliferation","6","Functionally normal","","2.54168e-05","NA","CRISPR-Based Genome Editing","Base editing","33606977"
"NM_004448.4(ERBB2):c.3526_3528delinsAAA (p.Gly1176Lys)","chr17","39727802","GGG/AAA","ERBB2","-1.67","dataset0531","Missense","Neutral to the ERBB2-mediated cellular proliferation in MELJUSO","ERBB2-mediated cellular proliferation","6","Functionally normal","","","NA","CRISPR-Based Genome Editing","Base editing","33606977"
"NM_004448.4(ERBB2):c.3526_3527delinsAA (p.Gly1176Lys)","chr17","39727802","GG/AA","ERBB2","0.37","dataset0531","Missense","Neutral to the ERBB2-mediated cellular proliferation in MELJUSO","ERBB2-mediated cellular proliferation","6","Functionally normal","","","NA","CRISPR-Based Genome Editing","Base editing","33606977"
"NM_004448.4(ERBB2):c.3536_3537delinsAA (p.Gly1179Glu)","chr17","39727812","GG/AA","ERBB2","-0.599","dataset0531","Missense","Neutral to the ERBB2-mediated cellular proliferation in MELJUSO","ERBB2-mediated cellular proliferation","6","Functionally normal","","","NA","CRISPR-Based Genome Editing","Base editing","33606977"
"NM_004448.4(ERBB2):c.3537G>A (p.Gly1179=)","chr17","39727813","G/A","ERBB2","0.592","dataset0531","Synonymous","Neutral to the ERBB2-mediated cellular proliferation in MELJUSO","ERBB2-mediated cellular proliferation","6","Functionally normal","","","NA","CRISPR-Based Genome Editing","Base editing","33606977"
"NM_004448.4(ERBB2):c.3538G>A (p.Val1180Ile)","chr17","39727814","G/A","ERBB2","-0.599","dataset0531","Missense","Neutral to the ERBB2-mediated cellular proliferation in MELJUSO","ERBB2-mediated cellular proliferation","6","Functionally normal","","","NA","CRISPR-Based Genome Editing","Base editing","33606977"
"NM_004448.4(ERBB2):c.3541G>A (p.Val1181Ile)","chr17","39727817","G/A","ERBB2","-0.483","dataset0531","Missense","Neutral to the ERBB2-mediated cellular proliferation in MELJUSO","ERBB2-mediated cellular proliferation","6","Functionally normal","Uncertain significance","1.30152e-05","NA","CRISPR-Based Genome Editing","Base editing","33606977"
"NM_004448.4(ERBB2):c.3573G>A (p.Val1191=)","chr17","39727849","G/A","ERBB2","-0.572","dataset0531","Synonymous","Neutral to the ERBB2-mediated cellular proliferation in MELJUSO","ERBB2-mediated cellular proliferation","6","Functionally normal","Conflicting classifications of pathogenicity","1.05334e-05","NA","CRISPR-Based Genome Editing","Base editing","33606977"
"NM_004448.4(ERBB2):c.3582C>T (p.Pro1194=)","chr17","39727858","C/T","ERBB2","-0.215","dataset0531","Synonymous","Neutral to the ERBB2-mediated cellular proliferation in MELJUSO","ERBB2-mediated cellular proliferation","6","Functionally normal","Likely benign","2.16855e-05","NA","CRISPR-Based Genome Editing","Base editing","33606977"
"NM_004448.4(ERBB2):c.3585G>A (p.Glu1195=)","chr17","39727861","G/A","ERBB2","-1.451","dataset0531","Synonymous","Neutral to the ERBB2-mediated cellular proliferation in MELJUSO","ERBB2-mediated cellular proliferation","6","Functionally normal","","6.19536e-07","NA","CRISPR-Based Genome Editing","Base editing","33606977"
"NM_004448.4(ERBB2):c.3588C>T (p.Tyr1196=)","chr17","39727864","C/T","ERBB2","0.398","dataset0531","Synonymous","Neutral to the ERBB2-mediated cellular proliferation in MELJUSO","ERBB2-mediated cellular proliferation","6","Functionally normal","","","NA","CRISPR-Based Genome Editing","Base editing","33606977"
"NM_004448.4(ERBB2):c.3600G>A (p.Gln1200=)","chr17","39727876","G/A","ERBB2","1.161","dataset0531","Synonymous","Neutral to the ERBB2-mediated cellular proliferation in MELJUSO","ERBB2-mediated cellular proliferation","6","Functionally normal","","6.19536e-07","NA","CRISPR-Based Genome Editing","Base editing","33606977"
"NM_004448.4(ERBB2):c.3651C>T (p.Phe1217=)","chr17","39727927","C/T","ERBB2","-2.942","dataset0531","Synonymous","The reduced ERBB2-mediated cellular proliferation in MELJUSO","ERBB2-mediated cellular proliferation","6","Loss-of-function","Likely benign","3.84104e-05","NA","CRISPR-Based Genome Editing","Base editing","33606977"
"NM_004448.4(ERBB2):c.3652G>A (p.Asp1218Asn)","chr17","39727928","G/A","ERBB2","0.053","dataset0531","Missense","Neutral to the ERBB2-mediated cellular proliferation in MELJUSO","ERBB2-mediated cellular proliferation","6","Functionally normal","","3.71728e-06","NA","CRISPR-Based Genome Editing","Base editing","33606977"
"NM_004448.4(ERBB2):c.3654C>T (p.Asp1218=)","chr17","39727930","C/T","ERBB2","-2.942","dataset0531","Synonymous","The reduced ERBB2-mediated cellular proliferation in MELJUSO","ERBB2-mediated cellular proliferation","6","Loss-of-function","","6.19508e-07","NA","CRISPR-Based Genome Editing","Base editing","33606977"
"NM_004448.4(ERBB2):c.3657C>T (p.Asn1219=)","chr17","39727933","C/T","ERBB2","-0.325","dataset0531","Synonymous","Neutral to the ERBB2-mediated cellular proliferation in MELJUSO","ERBB2-mediated cellular proliferation","6","Functionally normal","","","NA","CRISPR-Based Genome Editing","Base editing","33606977"
"NM_004448.4(ERBB2):c.3672C>T (p.Asp1224=)","chr17","39727948","C/T","ERBB2","-1.474","dataset0531","Synonymous","Neutral to the ERBB2-mediated cellular proliferation in MELJUSO","ERBB2-mediated cellular proliferation","6","Functionally normal","","","NA","CRISPR-Based Genome Editing","Base editing","33606977"
"NM_004448.4(ERBB2):c.3673C>T (p.Gln1225Ter)","chr17","39727949","C/T","ERBB2","-1.474","dataset0531","Nonsense","Neutral to the ERBB2-mediated cellular proliferation in MELJUSO","ERBB2-mediated cellular proliferation","6","Functionally normal","Uncertain significance","","NA","CRISPR-Based Genome Editing","Base editing","33606977"
"NM_004448.4(ERBB2):c.3675G>A (p.Gln1225=)","chr17","39727951","G/A","ERBB2","0.899","dataset0531","Synonymous","Neutral to the ERBB2-mediated cellular proliferation in MELJUSO","ERBB2-mediated cellular proliferation","6","Functionally normal","","","NA","CRISPR-Based Genome Editing","Base editing","33606977"
"NM_004448.4(ERBB2):c.3676G>A (p.Asp1226Asn)","chr17","39727952","G/A","ERBB2","0.899","dataset0531","Missense","Neutral to the ERBB2-mediated cellular proliferation in MELJUSO","ERBB2-mediated cellular proliferation","6","Functionally normal","","3.0978e-06","NA","CRISPR-Based Genome Editing","Base editing","33606977"
"NM_004448.4(ERBB2):c.3678C>T (p.Asp1226=)","chr17","39727954","C/T","ERBB2","0.72","dataset0531","Synonymous","Neutral to the ERBB2-mediated cellular proliferation in MELJUSO","ERBB2-mediated cellular proliferation","6","Functionally normal","","2.47825e-06","NA","CRISPR-Based Genome Editing","Base editing","33606977"
"NM_004448.4(ERBB2):c.3679C>T (p.Pro1227Ser)","chr17","39727955","C/T","ERBB2","0.741","dataset0531","Missense","Neutral to the ERBB2-mediated cellular proliferation in MELJUSO","ERBB2-mediated cellular proliferation","6","Functionally normal","","","coad:0.2% (1/439):0.280","CRISPR-Based Genome Editing","Base editing","33606977"
"NM_004448.4(ERBB2):c.3689_3690delinsAA (p.Arg1230Gln)","chr17","39727965","GG/AA","ERBB2","0.53","dataset0531","Missense","Neutral to the ERBB2-mediated cellular proliferation in MELJUSO","ERBB2-mediated cellular proliferation","6","Functionally normal","","","NA","CRISPR-Based Genome Editing","Base editing","33606977"
"NM_004448.4(ERBB2):c.3691G>A (p.Gly1231Arg)","chr17","39727967","G/A","ERBB2","0.53","dataset0531","Missense","Neutral to the ERBB2-mediated cellular proliferation in MELJUSO","ERBB2-mediated cellular proliferation","6","Functionally normal","","","NA","CRISPR-Based Genome Editing","Base editing","33606977"
"NM_004448.4(ERBB2):c.3693G>A (p.Gly1231=)","chr17","39727969","G/A","ERBB2","0.779","dataset0531","Synonymous","Neutral to the ERBB2-mediated cellular proliferation in MELJUSO","ERBB2-mediated cellular proliferation","6","Functionally normal","","6.19685e-07","NA","CRISPR-Based Genome Editing","Base editing","33606977"
"NM_004448.4(ERBB2):c.3697_3698delinsTT (p.Pro1233Leu)","chr17","39727973","CC/TT","ERBB2","-1.782","dataset0531","Missense","Neutral to the ERBB2-mediated cellular proliferation in MELJUSO","ERBB2-mediated cellular proliferation","6","Functionally normal","","","NA","CRISPR-Based Genome Editing","Base editing","33606977"
"NM_004448.4(ERBB2):c.3698C>T (p.Pro1233Leu)","chr17","39727974","C/T","ERBB2","-2.879","dataset0531","Missense","The reduced ERBB2-mediated cellular proliferation in MELJUSO","ERBB2-mediated cellular proliferation","6","Loss-of-function","","1.23953e-06","NA","CRISPR-Based Genome Editing","Base editing","33606977"
"NM_004448.4(ERBB2):c.3700_3702delinsTTT (p.Pro1234Phe)","chr17","39727976","CCC/TTT","ERBB2","-2.879","dataset0531","Missense","The reduced ERBB2-mediated cellular proliferation in MELJUSO","ERBB2-mediated cellular proliferation","6","Loss-of-function","","","NA","CRISPR-Based Genome Editing","Base editing","33606977"
"NM_004448.4(ERBB2):c.3700_3701delinsTT (p.Pro1234Phe)","chr17","39727976","CC/TT","ERBB2","-1.782","dataset0531","Missense","Neutral to the ERBB2-mediated cellular proliferation in MELJUSO","ERBB2-mediated cellular proliferation","6","Functionally normal","","","NA","CRISPR-Based Genome Editing","Base editing","33606977"
"NM_004448.4(ERBB2):c.3708C>T (p.Thr1236=)","chr17","39727984","C/T","ERBB2","-1.105","dataset0531","Synonymous","Neutral to the ERBB2-mediated cellular proliferation in MELJUSO","ERBB2-mediated cellular proliferation","6","Functionally normal","","","NA","CRISPR-Based Genome Editing","Base editing","33606977"
"NM_004448.4(ERBB2):c.3711C>T (p.Phe1237=)","chr17","39727987","C/T","ERBB2","-1.105","dataset0531","Synonymous","Neutral to the ERBB2-mediated cellular proliferation in MELJUSO","ERBB2-mediated cellular proliferation","6","Functionally normal","","","NA","CRISPR-Based Genome Editing","Base editing","33606977"
"NM_004448.4(ERBB2):c.3715_3717delinsAAA (p.Gly1239Lys)","chr17","39727991","GGG/AAA","ERBB2","0.616","dataset0531","Missense","Neutral to the ERBB2-mediated cellular proliferation in MELJUSO","ERBB2-mediated cellular proliferation","6","Functionally normal","","","NA","CRISPR-Based Genome Editing","Base editing","33606977"
"NM_004448.4(ERBB2):c.3715_3716delinsAA (p.Gly1239Lys)","chr17","39727991","GG/AA","ERBB2","0.222","dataset0531","Missense","Neutral to the ERBB2-mediated cellular proliferation in MELJUSO","ERBB2-mediated cellular proliferation","6","Functionally normal","","","NA","CRISPR-Based Genome Editing","Base editing","33606977"
"NM_004448.4(ERBB2):c.3716_3717delinsAA (p.Gly1239Glu)","chr17","39727992","GG/AA","ERBB2","-0.349","dataset0531","Missense","Neutral to the ERBB2-mediated cellular proliferation in MELJUSO","ERBB2-mediated cellular proliferation","6","Functionally normal","","","NA","CRISPR-Based Genome Editing","Base editing","33606977"
"NM_004448.4(ERBB2):c.3726G>A (p.Thr1242=)","chr17","39728002","G/A","ERBB2","0.823","dataset0531","Synonymous","Neutral to the ERBB2-mediated cellular proliferation in MELJUSO","ERBB2-mediated cellular proliferation","6","Functionally normal","Likely benign","5.46494e-05","NA","CRISPR-Based Genome Editing","Base editing","33606977"
"NM_004448.4(ERBB2):c.3735C>T (p.Asn1245=)","chr17","39728011","C/T","ERBB2","0.948","dataset0531","Synonymous","Neutral to the ERBB2-mediated cellular proliferation in MELJUSO","ERBB2-mediated cellular proliferation","6","Functionally normal","","","NA","CRISPR-Based Genome Editing","Base editing","33606977"
"NM_004448.4(ERBB2):c.3736_3737delinsTT (p.Pro1246Leu)","chr17","39728012","CC/TT","ERBB2","0.948","dataset0531","Missense","Neutral to the ERBB2-mediated cellular proliferation in MELJUSO","ERBB2-mediated cellular proliferation","6","Functionally normal","","","NA","CRISPR-Based Genome Editing","Base editing","33606977"
"NM_004448.4(ERBB2):c.3739G>A (p.Glu1247Lys)","chr17","39728015","G/A","ERBB2","0.227","dataset0531","Missense","Neutral to the ERBB2-mediated cellular proliferation in MELJUSO","ERBB2-mediated cellular proliferation","6","Functionally normal","","","NA","CRISPR-Based Genome Editing","Base editing","33606977"
"NM_004448.4(ERBB2):c.3753G>A (p.Leu1251=)","chr17","39728029","G/A","ERBB2","-0.135","dataset0531","Synonymous","Neutral to the ERBB2-mediated cellular proliferation in MELJUSO","ERBB2-mediated cellular proliferation","6","Functionally normal","","","NA","CRISPR-Based Genome Editing","Base editing","33606977"
"NM_004448.4(ERBB2):c.3754G>A (p.Asp1252Asn)","chr17","39728030","G/A","ERBB2","-0.135","dataset0531","Missense","Neutral to the ERBB2-mediated cellular proliferation in MELJUSO","ERBB2-mediated cellular proliferation","6","Functionally normal","Uncertain significance","3.13764e-05","NA","CRISPR-Based Genome Editing","Base editing","33606977"
"NM_004448.4(ERBB2):c.3763G>A (p.Val1255Met)","chr17","39728039","G/A","ERBB2","0.65","dataset0531","Missense","Neutral to the ERBB2-mediated cellular proliferation in MELJUSO","ERBB2-mediated cellular proliferation","6","Functionally normal","","","NA","CRISPR-Based Genome Editing","Base editing","33606977"
"NM_004448.4(ERBB2):c.*8G>A","chr17","39728052","G/A","ERBB2","-0.98","dataset0531","UTR","Neutral to the ERBB2-mediated cellular proliferation in MELJUSO","ERBB2-mediated cellular proliferation","6","Functionally normal","","0","NA","CRISPR-Based Genome Editing","Base editing","33606977"
"NM_004448.4(ERBB2):c.15C>T (p.Ala5=)","chr17","39700253","C/T","ERBB2","1.702","dataset0532","Synonymous","Neutral to the ERBB2-mediated cellular proliferation in OVCAR8","ERBB2-mediated cellular proliferation","6","Functionally normal","","0","NA","CRISPR-Based Genome Editing","Base editing","33606977"
"NM_004448.4(ERBB2):c.18G>A (p.Leu6=)","chr17","39700256","G/A","ERBB2","0.235","dataset0532","Synonymous","Neutral to the ERBB2-mediated cellular proliferation in OVCAR8","ERBB2-mediated cellular proliferation","6","Functionally normal","","0","NA","CRISPR-Based Genome Editing","Base editing","33606977"
"NM_004448.4(ERBB2):c.29G>A (p.Gly10Glu)","chr17","39700267","G/A","ERBB2","0.249","dataset0532","Missense","Neutral to the ERBB2-mediated cellular proliferation in OVCAR8","ERBB2-mediated cellular proliferation","6","Functionally normal","","0","NA","CRISPR-Based Genome Editing","Base editing","33606977"
"NM_004448.4(ERBB2):c.55G>A (p.Gly19Arg)","chr17","39700293","G/A","ERBB2","1.309","dataset0532","Missense","Neutral to the ERBB2-mediated cellular proliferation in OVCAR8","ERBB2-mediated cellular proliferation","6","Functionally normal","","2.10183e-06","NA","CRISPR-Based Genome Editing","Base editing","33606977"
"NM_004448.4(ERBB2):c.56G>A (p.Gly19Glu)","chr17","39700294","G/A","ERBB2","0.717","dataset0532","Missense","Neutral to the ERBB2-mediated cellular proliferation in OVCAR8","ERBB2-mediated cellular proliferation","6","Functionally normal","","","NA","CRISPR-Based Genome Editing","Base editing","33606977"
"NM_004448.4(ERBB2):c.60C>T (p.Ala20=)","chr17","39700298","C/T","ERBB2","0.506","dataset0532","Synonymous","Neutral to the ERBB2-mediated cellular proliferation in OVCAR8","ERBB2-mediated cellular proliferation","6","Functionally normal","","9.11471e-06","NA","CRISPR-Based Genome Editing","Base editing","33606977"
"NM_004448.4(ERBB2):c.73+1G>A","chr17","39700312","G/A","ERBB2","1.422","dataset0532","Splice site","Neutral to the ERBB2-mediated cellular proliferation in OVCAR8","ERBB2-mediated cellular proliferation","6","Functionally normal","","0","NA","CRISPR-Based Genome Editing","Base editing","33606977"
"NM_004448.4(ERBB2):c.73+3G>A","chr17","39700314","G/A","ERBB2","1.422","dataset0532","Splice site","Neutral to the ERBB2-mediated cellular proliferation in OVCAR8","ERBB2-mediated cellular proliferation","6","Functionally normal","Uncertain significance","1.84512e-05","NA","CRISPR-Based Genome Editing","Base editing","33606977"
"NM_004448.4(ERBB2):c.73+4G>A","chr17","39700315","G/A","ERBB2","1.422","dataset0532","Splice site","Neutral to the ERBB2-mediated cellular proliferation in OVCAR8","ERBB2-mediated cellular proliferation","6","Functionally normal","","1.42278e-06","NA","CRISPR-Based Genome Editing","Base editing","33606977"
"NM_004448.4(ERBB2):c.73+5G>A","chr17","39700316","G/A","ERBB2","1.422","dataset0532","Splice site","Neutral to the ERBB2-mediated cellular proliferation in OVCAR8","ERBB2-mediated cellular proliferation","6","Functionally normal","","3.55528e-06","NA","CRISPR-Based Genome Editing","Base editing","33606977"
"NM_004448.4(ERBB2):c.86C>T (p.Thr29Ile)","chr17","39707002","C/T","ERBB2","0.952","dataset0532","Missense","Neutral to the ERBB2-mediated cellular proliferation in OVCAR8","ERBB2-mediated cellular proliferation","6","Functionally normal","","","NA","CRISPR-Based Genome Editing","Base editing","33606977"
"NM_004448.4(ERBB2):c.88G>A (p.Asp30Asn)","chr17","39707004","G/A","ERBB2","0.891","dataset0532","Missense","Neutral to the ERBB2-mediated cellular proliferation in OVCAR8","ERBB2-mediated cellular proliferation","6","Functionally normal","","","NA","CRISPR-Based Genome Editing","Base editing","33606977"
"NM_004448.4(ERBB2):c.111C>T (p.Ala37=)","chr17","39707027","C/T","ERBB2","0.321","dataset0532","Synonymous","Neutral to the ERBB2-mediated cellular proliferation in OVCAR8","ERBB2-mediated cellular proliferation","6","Functionally normal","","","NA","CRISPR-Based Genome Editing","Base editing","33606977"
"NM_004448.4(ERBB2):c.115C>T (p.Pro39Ser)","chr17","39707031","C/T","ERBB2","0.321","dataset0532","Missense","Neutral to the ERBB2-mediated cellular proliferation in OVCAR8","ERBB2-mediated cellular proliferation","6","Functionally normal","","","NA","CRISPR-Based Genome Editing","Base editing","33606977"
"NM_004448.4(ERBB2):c.120G>A (p.Glu40=)","chr17","39707036","G/A","ERBB2","0.262","dataset0532","Synonymous","Neutral to the ERBB2-mediated cellular proliferation in OVCAR8","ERBB2-mediated cellular proliferation","6","Functionally normal","","","NA","CRISPR-Based Genome Editing","Base editing","33606977"
"NM_004448.4(ERBB2):c.129G>A (p.Leu43=)","chr17","39707045","G/A","ERBB2","0.056","dataset0532","Synonymous","Neutral to the ERBB2-mediated cellular proliferation in OVCAR8","ERBB2-mediated cellular proliferation","6","Functionally normal","","","NA","CRISPR-Based Genome Editing","Base editing","33606977"
"NM_004448.4(ERBB2):c.130G>A (p.Asp44Asn)","chr17","39707046","G/A","ERBB2","1.348","dataset0532","Missense","Neutral to the ERBB2-mediated cellular proliferation in OVCAR8","ERBB2-mediated cellular proliferation","6","Functionally normal","","1.24417e-06","NA","CRISPR-Based Genome Editing","Base editing","33606977"
"NM_004448.4(ERBB2):c.138C>T (p.Leu46=)","chr17","39707054","C/T","ERBB2","-1.842","dataset0532","Synonymous","Neutral to the ERBB2-mediated cellular proliferation in OVCAR8","ERBB2-mediated cellular proliferation","6","Functionally normal","","1.24361e-06","NA","CRISPR-Based Genome Editing","Base editing","33606977"
"NM_004448.4(ERBB2):c.139C>T (p.Arg47Cys)","chr17","39707055","C/T","ERBB2","-1.842","dataset0532","Missense","Neutral to the ERBB2-mediated cellular proliferation in OVCAR8","ERBB2-mediated cellular proliferation","6","Functionally normal","","8.08103e-06","NA","CRISPR-Based Genome Editing","Base editing","33606977"
"NM_004448.4(ERBB2):c.144C>T (p.His48=)","chr17","39707060","C/T","ERBB2","-0.549","dataset0532","Synonymous","Neutral to the ERBB2-mediated cellular proliferation in OVCAR8","ERBB2-mediated cellular proliferation","6","Functionally normal","","1.86488e-06","NA","CRISPR-Based Genome Editing","Base editing","33606977"
"NM_004448.4(ERBB2):c.147C>T (p.Leu49=)","chr17","39707063","C/T","ERBB2","-0.433","dataset0532","Synonymous","Neutral to the ERBB2-mediated cellular proliferation in OVCAR8","ERBB2-mediated cellular proliferation","6","Functionally normal","","","NA","CRISPR-Based Genome Editing","Base editing","33606977"
"NM_004448.4(ERBB2):c.150C>T (p.Tyr50=)","chr17","39707066","C/T","ERBB2","-0.433","dataset0532","Synonymous","Neutral to the ERBB2-mediated cellular proliferation in OVCAR8","ERBB2-mediated cellular proliferation","6","Functionally normal","","1.86561e-06","NA","CRISPR-Based Genome Editing","Base editing","33606977"
"NM_004448.4(ERBB2):c.151C>T (p.Gln51Ter)","chr17","39707067","C/T","ERBB2","-0.433","dataset0532","Nonsense","Neutral to the ERBB2-mediated cellular proliferation in OVCAR8","ERBB2-mediated cellular proliferation","6","Functionally normal","","","NA","CRISPR-Based Genome Editing","Base editing","33606977"
"NM_004448.4(ERBB2):c.153G>A (p.Gln51=)","chr17","39707069","G/A","ERBB2","1.12","dataset0532","Synonymous","Neutral to the ERBB2-mediated cellular proliferation in OVCAR8","ERBB2-mediated cellular proliferation","6","Functionally normal","","","NA","CRISPR-Based Genome Editing","Base editing","33606977"
"NM_004448.4(ERBB2):c.154G>A (p.Gly52Ser)","chr17","39707070","G/A","ERBB2","1.12","dataset0532","Missense","Neutral to the ERBB2-mediated cellular proliferation in OVCAR8","ERBB2-mediated cellular proliferation","6","Functionally normal","","6.22355e-07","NA","CRISPR-Based Genome Editing","Base editing","33606977"
"NM_004448.4(ERBB2):c.162G>A (p.Gln54=)","chr17","39707078","G/A","ERBB2","0.723","dataset0532","Synonymous","Neutral to the ERBB2-mediated cellular proliferation in OVCAR8","ERBB2-mediated cellular proliferation","6","Functionally normal","","","NA","CRISPR-Based Genome Editing","Base editing","33606977"
"NM_004448.4(ERBB2):c.163G>A (p.Val55Met)","chr17","39707079","G/A","ERBB2","0.723","dataset0532","Missense","Neutral to the ERBB2-mediated cellular proliferation in OVCAR8","ERBB2-mediated cellular proliferation","6","Functionally normal","","","NA","CRISPR-Based Genome Editing","Base editing","33606977"
"NM_004448.4(ERBB2):c.165G>A (p.Val55=)","chr17","39707081","G/A","ERBB2","0.035","dataset0532","Synonymous","Neutral to the ERBB2-mediated cellular proliferation in OVCAR8","ERBB2-mediated cellular proliferation","6","Functionally normal","","6.22556e-07","NA","CRISPR-Based Genome Editing","Base editing","33606977"
"NM_004448.4(ERBB2):c.166G>A (p.Val56Met)","chr17","39707082","G/A","ERBB2","0.035","dataset0532","Missense","Neutral to the ERBB2-mediated cellular proliferation in OVCAR8","ERBB2-mediated cellular proliferation","6","Functionally normal","","","NA","CRISPR-Based Genome Editing","Base editing","33606977"
"NM_004448.4(ERBB2):c.207C>T (p.Ala69=)","chr17","39707123","C/T","ERBB2","-0.51","dataset0532","Synonymous","Neutral to the ERBB2-mediated cellular proliferation in OVCAR8","ERBB2-mediated cellular proliferation","6","Functionally normal","","","NA","CRISPR-Based Genome Editing","Base editing","33606977"
"NM_004448.4(ERBB2):c.211C>T (p.Leu71=)","chr17","39707127","C/T","ERBB2","-0.51","dataset0532","Synonymous","Neutral to the ERBB2-mediated cellular proliferation in OVCAR8","ERBB2-mediated cellular proliferation","6","Functionally normal","","","NA","CRISPR-Based Genome Editing","Base editing","33606977"
"NM_004448.4(ERBB2):c.213G>A (p.Leu71=)","chr17","39707129","G/A","ERBB2","0.481","dataset0532","Synonymous","Neutral to the ERBB2-mediated cellular proliferation in OVCAR8","ERBB2-mediated cellular proliferation","6","Functionally normal","","0","NA","CRISPR-Based Genome Editing","Base editing","33606977"
"NM_004448.4(ERBB2):c.225G>A (p.Gln75=)","chr17","39707141","G/A","ERBB2","-1.526","dataset0532","Splice site","Neutral to the ERBB2-mediated cellular proliferation in OVCAR8","ERBB2-mediated cellular proliferation","6","Functionally normal","","","NA","CRISPR-Based Genome Editing","Base editing","33606977"
"NM_004448.4(ERBB2):c.225+1G>A","chr17","39707142","G/A","ERBB2","-1.526","dataset0532","Splice site","Neutral to the ERBB2-mediated cellular proliferation in OVCAR8","ERBB2-mediated cellular proliferation","6","Functionally normal","","","NA","CRISPR-Based Genome Editing","Base editing","33606977"
"NM_004448.4(ERBB2):c.225+3G>A","chr17","39707144","G/A","ERBB2","-1.526","dataset0532","Splice site","Neutral to the ERBB2-mediated cellular proliferation in OVCAR8","ERBB2-mediated cellular proliferation","6","Functionally normal","Uncertain significance","1.85709e-05","NA","CRISPR-Based Genome Editing","Base editing","33606977"
"NM_004448.4(ERBB2):c.225+5G>A","chr17","39707146","G/A","ERBB2","-0.376","dataset0532","Splice site","Neutral to the ERBB2-mediated cellular proliferation in OVCAR8","ERBB2-mediated cellular proliferation","6","Functionally normal","","0","NA","CRISPR-Based Genome Editing","Base editing","33606977"
"NM_004448.4(ERBB2):c.226-10C>T","chr17","39708311","C/T","ERBB2","-0.491","dataset0532","Splice site","Neutral to the ERBB2-mediated cellular proliferation in OVCAR8","ERBB2-mediated cellular proliferation","6","Functionally normal","","1.86352e-06","NA","CRISPR-Based Genome Editing","Base editing","33606977"
"NM_004448.4(ERBB2):c.226-9C>T","chr17","39708312","C/T","ERBB2","-0.491","dataset0532","Splice site","Neutral to the ERBB2-mediated cellular proliferation in OVCAR8","ERBB2-mediated cellular proliferation","6","Functionally normal","","1.24282e-06","NA","CRISPR-Based Genome Editing","Base editing","33606977"
"NM_004448.4(ERBB2):c.226-8C>T","chr17","39708313","C/T","ERBB2","-0.491","dataset0532","Splice site","Neutral to the ERBB2-mediated cellular proliferation in OVCAR8","ERBB2-mediated cellular proliferation","6","Functionally normal","","6.20882e-07","NA","CRISPR-Based Genome Editing","Base editing","33606977"
"NM_004448.4(ERBB2):c.226-7C>T","chr17","39708314","C/T","ERBB2","-0.524","dataset0532","Splice site","Neutral to the ERBB2-mediated cellular proliferation in OVCAR8","ERBB2-mediated cellular proliferation","6","Functionally normal","Likely benign","1.8002e-05","NA","CRISPR-Based Genome Editing","Base editing","33606977"
"NM_004448.4(ERBB2):c.226-5C>T","chr17","39708316","C/T","ERBB2","-0.524","dataset0532","Splice site","Neutral to the ERBB2-mediated cellular proliferation in OVCAR8","ERBB2-mediated cellular proliferation","6","Functionally normal","Likely benign","1.4274e-05","NA","CRISPR-Based Genome Editing","Base editing","33606977"
"NM_004448.4(ERBB2):c.226-4C>T","chr17","39708317","C/T","ERBB2","-0.524","dataset0532","Splice site","Neutral to the ERBB2-mediated cellular proliferation in OVCAR8","ERBB2-mediated cellular proliferation","6","Functionally normal","","1.24104e-06","NA","CRISPR-Based Genome Editing","Base editing","33606977"
"NM_004448.4(ERBB2):c.226-3C>T","chr17","39708318","C/T","ERBB2","-0.524","dataset0532","Splice site","Neutral to the ERBB2-mediated cellular proliferation in OVCAR8","ERBB2-mediated cellular proliferation","6","Functionally normal","","6.20729e-07","NA","CRISPR-Based Genome Editing","Base editing","33606977"
"NM_004448.4(ERBB2):c.237G>A (p.Glu79=)","chr17","39708332","G/A","ERBB2","-0.971","dataset0532","Synonymous","Neutral to the ERBB2-mediated cellular proliferation in OVCAR8","ERBB2-mediated cellular proliferation","6","Functionally normal","","","NA","CRISPR-Based Genome Editing","Base editing","33606977"
"NM_004448.4(ERBB2):c.238G>A (p.Val80Met)","chr17","39708333","G/A","ERBB2","-0.971","dataset0532","Missense","Neutral to the ERBB2-mediated cellular proliferation in OVCAR8","ERBB2-mediated cellular proliferation","6","Functionally normal","","","NA","CRISPR-Based Genome Editing","Base editing","33606977"
"NM_004448.4(ERBB2):c.250G>A (p.Val84Met)","chr17","39708345","G/A","ERBB2","0.397","dataset0532","Missense","Neutral to the ERBB2-mediated cellular proliferation in OVCAR8","ERBB2-mediated cellular proliferation","6","Functionally normal","Uncertain significance","4.64642e-05","NA","CRISPR-Based Genome Editing","Base editing","33606977"
"NM_004448.4(ERBB2):c.258C>T (p.Ile86=)","chr17","39708353","C/T","ERBB2","0.291","dataset0532","Synonymous","Neutral to the ERBB2-mediated cellular proliferation in OVCAR8","ERBB2-mediated cellular proliferation","6","Functionally normal","Likely benign","0.00026206","NA","CRISPR-Based Genome Editing","Base editing","33606977"
"NM_004448.4(ERBB2):c.282C>T (p.Val94=)","chr17","39708377","C/T","ERBB2","1.203","dataset0532","Synonymous","Neutral to the ERBB2-mediated cellular proliferation in OVCAR8","ERBB2-mediated cellular proliferation","6","Functionally normal","","","NA","CRISPR-Based Genome Editing","Base editing","33606977"
"NM_004448.4(ERBB2):c.283_284delinsTT (p.Pro95Leu)","chr17","39708378","CC/TT","ERBB2","1.203","dataset0532","Missense","Neutral to the ERBB2-mediated cellular proliferation in OVCAR8","ERBB2-mediated cellular proliferation","6","Functionally normal","","","NA","CRISPR-Based Genome Editing","Base editing","33606977"
"NM_004448.4(ERBB2):c.299_300delinsAA (p.Arg100Gln)","chr17","39708394","GG/AA","ERBB2","0.329","dataset0532","Missense","Neutral to the ERBB2-mediated cellular proliferation in OVCAR8","ERBB2-mediated cellular proliferation","6","Functionally normal","","","NA","CRISPR-Based Genome Editing","Base editing","33606977"
"NM_004448.4(ERBB2):c.340C>T (p.Leu114=)","chr17","39708435","C/T","ERBB2","-0.025","dataset0532","Synonymous","Neutral to the ERBB2-mediated cellular proliferation in OVCAR8","ERBB2-mediated cellular proliferation","6","Functionally normal","Likely benign","3.71722e-06","NA","CRISPR-Based Genome Editing","Base editing","33606977"
"NM_004448.4(ERBB2):c.358G>A (p.Gly120Arg)","chr17","39708453","G/A","ERBB2","-1.661","dataset0532","Missense","Neutral to the ERBB2-mediated cellular proliferation in OVCAR8","ERBB2-mediated cellular proliferation","6","Functionally normal","","","NA","CRISPR-Based Genome Editing","Base editing","33606977"
"NM_004448.4(ERBB2):c.359G>A (p.Gly120Glu)","chr17","39708454","G/A","ERBB2","-0.961","dataset0532","Missense","Neutral to the ERBB2-mediated cellular proliferation in OVCAR8","ERBB2-mediated cellular proliferation","6","Functionally normal","","","NA","CRISPR-Based Genome Editing","Base editing","33606977"
"NM_004448.4(ERBB2):c.361G>A (p.Asp121Asn)","chr17","39708456","G/A","ERBB2","-0.961","dataset0532","Missense","Neutral to the ERBB2-mediated cellular proliferation in OVCAR8","ERBB2-mediated cellular proliferation","6","Functionally normal","","6.19513e-07","NA","CRISPR-Based Genome Editing","Base editing","33606977"
"NM_004448.4(ERBB2):c.377_378delinsTT (p.Thr126Ile)","chr17","39708472","CC/TT","ERBB2","-1.385","dataset0532","Missense","Neutral to the ERBB2-mediated cellular proliferation in OVCAR8","ERBB2-mediated cellular proliferation","6","Functionally normal","","","NA","CRISPR-Based Genome Editing","Base editing","33606977"
"NM_004448.4(ERBB2):c.377C>T (p.Thr126Ile)","chr17","39708472","C/T","ERBB2","0.113","dataset0532","Missense","Neutral to the ERBB2-mediated cellular proliferation in OVCAR8","ERBB2-mediated cellular proliferation","6","Functionally normal","","2.47806e-06","NA","CRISPR-Based Genome Editing","Base editing","33606977"
"NM_004448.4(ERBB2):c.387C>T (p.Val129=)","chr17","39708482","C/T","ERBB2","0.18","dataset0532","Synonymous","Neutral to the ERBB2-mediated cellular proliferation in OVCAR8","ERBB2-mediated cellular proliferation","6","Functionally normal","","","NA","CRISPR-Based Genome Editing","Base editing","33606977"
"NM_004448.4(ERBB2):c.389C>T (p.Thr130Ile)","chr17","39708484","C/T","ERBB2","0.18","dataset0532","Missense","Neutral to the ERBB2-mediated cellular proliferation in OVCAR8","ERBB2-mediated cellular proliferation","6","Functionally normal","","6.19514e-07","NA","CRISPR-Based Genome Editing","Base editing","33606977"
"NM_004448.4(ERBB2):c.392_393delinsAA (p.Gly131Glu)","chr17","39708487","GG/AA","ERBB2","0.663","dataset0532","Missense","Neutral to the ERBB2-mediated cellular proliferation in OVCAR8","ERBB2-mediated cellular proliferation","6","Functionally normal","","","NA","CRISPR-Based Genome Editing","Base editing","33606977"
"NM_004448.4(ERBB2):c.396C>T (p.Ala132=)","chr17","39708491","C/T","ERBB2","1.336","dataset0532","Synonymous","Neutral to the ERBB2-mediated cellular proliferation in OVCAR8","ERBB2-mediated cellular proliferation","6","Functionally normal","Likely benign","1.23911e-06","NA","CRISPR-Based Genome Editing","Base editing","33606977"
"NM_004448.4(ERBB2):c.398_399delinsTT (p.Ser133Phe)","chr17","39708493","CC/TT","ERBB2","1.336","dataset0532","Missense","Neutral to the ERBB2-mediated cellular proliferation in OVCAR8","ERBB2-mediated cellular proliferation","6","Functionally normal","","","NA","CRISPR-Based Genome Editing","Base editing","33606977"
"NM_004448.4(ERBB2):c.413_414delinsAA (p.Arg138Gln)","chr17","39708508","GG/AA","ERBB2","-0.095","dataset0532","Missense","Neutral to the ERBB2-mediated cellular proliferation in OVCAR8","ERBB2-mediated cellular proliferation","6","Functionally normal","","","NA","CRISPR-Based Genome Editing","Base editing","33606977"
"NM_004448.4(ERBB2):c.414G>A (p.Arg138=)","chr17","39708509","G/A","ERBB2","1.237","dataset0532","Synonymous","Neutral to the ERBB2-mediated cellular proliferation in OVCAR8","ERBB2-mediated cellular proliferation","6","Functionally normal","","6.19564e-07","NA","CRISPR-Based Genome Editing","Base editing","33606977"
"NM_004448.4(ERBB2):c.415G>A (p.Glu139Lys)","chr17","39708510","G/A","ERBB2","0.145","dataset0532","Missense","Neutral to the ERBB2-mediated cellular proliferation in OVCAR8","ERBB2-mediated cellular proliferation","6","Functionally normal","","","skcm:0.2% (1/448):0.400","CRISPR-Based Genome Editing","Base editing","33606977"
"NM_004448.4(ERBB2):c.427C>T (p.Arg143Ter)","chr17","39708522","C/T","ERBB2","-1.335","dataset0532","Nonsense","Neutral to the ERBB2-mediated cellular proliferation in OVCAR8","ERBB2-mediated cellular proliferation","6","Functionally normal","","1.85891e-06","NA","CRISPR-Based Genome Editing","Base editing","33606977"
"NM_004448.4(ERBB2):c.440-7C>T","chr17","39709311","C/T","ERBB2","-2.032","dataset0532","Splice site","The reduced ERBB2-mediated cellular proliferation in OVCAR8","ERBB2-mediated cellular proliferation","6","Loss-of-function","","1.05324e-05","NA","CRISPR-Based Genome Editing","Base editing","33606977"
"NM_004448.4(ERBB2):c.440-6C>T","chr17","39709312","C/T","ERBB2","-2.032","dataset0532","Splice site","The reduced ERBB2-mediated cellular proliferation in OVCAR8","ERBB2-mediated cellular proliferation","6","Loss-of-function","","6.19537e-07","NA","CRISPR-Based Genome Editing","Base editing","33606977"
"NM_004448.4(ERBB2):c.440-5C>T","chr17","39709313","C/T","ERBB2","-2.032","dataset0532","Splice site","The reduced ERBB2-mediated cellular proliferation in OVCAR8","ERBB2-mediated cellular proliferation","6","Loss-of-function","Likely benign","1.8587e-06","NA","CRISPR-Based Genome Editing","Base editing","33606977"
"NM_004448.4(ERBB2):c.440-3C>T","chr17","39709315","C/T","ERBB2","-2.032","dataset0532","Splice site","The reduced ERBB2-mediated cellular proliferation in OVCAR8","ERBB2-mediated cellular proliferation","6","Loss-of-function","","","NA","CRISPR-Based Genome Editing","Base editing","33606977"
"NM_004448.4(ERBB2):c.451_452delinsAA (p.Gly151Lys)","chr17","39709329","GG/AA","ERBB2","-0.562","dataset0532","Missense","Neutral to the ERBB2-mediated cellular proliferation in OVCAR8","ERBB2-mediated cellular proliferation","6","Functionally normal","","","NA","CRISPR-Based Genome Editing","Base editing","33606977"
"NM_004448.4(ERBB2):c.474C>T (p.Asn158=)","chr17","39709352","C/T","ERBB2","-0.823","dataset0532","Synonymous","Neutral to the ERBB2-mediated cellular proliferation in OVCAR8","ERBB2-mediated cellular proliferation","6","Functionally normal","Likely benign","3.71731e-06","NA","CRISPR-Based Genome Editing","Base editing","33606977"
"NM_004448.4(ERBB2):c.475_477delinsTTT (p.Pro159Phe)","chr17","39709353","CCC/TTT","ERBB2","-0.823","dataset0532","Missense","Neutral to the ERBB2-mediated cellular proliferation in OVCAR8","ERBB2-mediated cellular proliferation","6","Functionally normal","","","NA","CRISPR-Based Genome Editing","Base editing","33606977"
"NM_004448.4(ERBB2):c.478C>T (p.Gln160Ter)","chr17","39709356","C/T","ERBB2","-0.823","dataset0532","Nonsense","Neutral to the ERBB2-mediated cellular proliferation in OVCAR8","ERBB2-mediated cellular proliferation","6","Functionally normal","","","NA","CRISPR-Based Genome Editing","Base editing","33606977"
"NM_004448.4(ERBB2):c.492G>A (p.Gln164=)","chr17","39709370","G/A","ERBB2","-0.49","dataset0532","Synonymous","Neutral to the ERBB2-mediated cellular proliferation in OVCAR8","ERBB2-mediated cellular proliferation","6","Functionally normal","","6.19599e-07","NA","CRISPR-Based Genome Editing","Base editing","33606977"
"NM_004448.4(ERBB2):c.493G>A (p.Asp165Asn)","chr17","39709371","G/A","ERBB2","-0.49","dataset0532","Missense","Neutral to the ERBB2-mediated cellular proliferation in OVCAR8","ERBB2-mediated cellular proliferation","6","Functionally normal","","","NA","CRISPR-Based Genome Editing","Base editing","33606977"
"NM_004448.4(ERBB2):c.504G>A (p.Leu168=)","chr17","39709382","G/A","ERBB2","-0.061","dataset0532","Synonymous","Neutral to the ERBB2-mediated cellular proliferation in OVCAR8","ERBB2-mediated cellular proliferation","6","Functionally normal","","","NA","CRISPR-Based Genome Editing","Base editing","33606977"
"NM_004448.4(ERBB2):c.506_507delinsAA (p.Trp169Ter)","chr17","39709384","GG/AA","ERBB2","-0.061","dataset0532","Nonsense","Neutral to the ERBB2-mediated cellular proliferation in OVCAR8","ERBB2-mediated cellular proliferation","6","Functionally normal","","","NA","CRISPR-Based Genome Editing","Base editing","33606977"
"NM_004448.4(ERBB2):c.519C>T (p.Phe173=)","chr17","39709397","C/T","ERBB2","-1.324","dataset0532","Synonymous","Neutral to the ERBB2-mediated cellular proliferation in OVCAR8","ERBB2-mediated cellular proliferation","6","Functionally normal","","","NA","CRISPR-Based Genome Editing","Base editing","33606977"
"NM_004448.4(ERBB2):c.537G>A (p.Leu179=)","chr17","39709415","G/A","ERBB2","0.779","dataset0532","Synonymous","Neutral to the ERBB2-mediated cellular proliferation in OVCAR8","ERBB2-mediated cellular proliferation","6","Functionally normal","","5.57638e-06","NA","CRISPR-Based Genome Editing","Base editing","33606977"
"NM_004448.4(ERBB2):c.549G>A (p.Leu183=)","chr17","39709427","G/A","ERBB2","-1.373","dataset0532","Synonymous","Neutral to the ERBB2-mediated cellular proliferation in OVCAR8","ERBB2-mediated cellular proliferation","6","Functionally normal","","","NA","CRISPR-Based Genome Editing","Base editing","33606977"
"NM_004448.4(ERBB2):c.555C>T (p.Asp185=)","chr17","39709433","C/T","ERBB2","-1.073","dataset0532","Synonymous","Neutral to the ERBB2-mediated cellular proliferation in OVCAR8","ERBB2-mediated cellular proliferation","6","Functionally normal","","6.19526e-07","NA","CRISPR-Based Genome Editing","Base editing","33606977"
"NM_004448.4(ERBB2):c.582C>T (p.Pro194=)","chr17","39709820","C/T","ERBB2","0.618","dataset0532","Synonymous","Neutral to the ERBB2-mediated cellular proliferation in OVCAR8","ERBB2-mediated cellular proliferation","6","Functionally normal","","1.85957e-06","NA","CRISPR-Based Genome Editing","Base editing","33606977"
"NM_004448.4(ERBB2):c.587C>T (p.Ser196Phe)","chr17","39709825","C/T","ERBB2","-0.44","dataset0532","Missense","Neutral to the ERBB2-mediated cellular proliferation in OVCAR8","ERBB2-mediated cellular proliferation","6","Functionally normal","","6.19839e-07","blca:0.2% (1/411):0.250","CRISPR-Based Genome Editing","Base editing","33606977"
"NM_004448.4(ERBB2):c.591G>A (p.Pro197=)","chr17","39709829","G/A","ERBB2","-0.205","dataset0532","Synonymous","Neutral to the ERBB2-mediated cellular proliferation in OVCAR8","ERBB2-mediated cellular proliferation","6","Functionally normal","Likely benign","1.17771e-05","NA","CRISPR-Based Genome Editing","Base editing","33606977"
"NM_004448.4(ERBB2):c.594G>A (p.Met198Ile)","chr17","39709832","G/A","ERBB2","-2.722","dataset0532","Missense","The reduced ERBB2-mediated cellular proliferation in OVCAR8","ERBB2-mediated cellular proliferation","6","Loss-of-function","Uncertain significance","1.54961e-05","NA","CRISPR-Based Genome Editing","Base editing","33606977"
"NM_004448.4(ERBB2):c.596G>A (p.Cys199Tyr)","chr17","39709834","G/A","ERBB2","-2.722","dataset0532","Missense","The reduced ERBB2-mediated cellular proliferation in OVCAR8","ERBB2-mediated cellular proliferation","6","Loss-of-function","","","NA","CRISPR-Based Genome Editing","Base editing","33606977"
"NM_004448.4(ERBB2):c.600G>A (p.Lys200=)","chr17","39709838","G/A","ERBB2","-1.545","dataset0532","Synonymous","Neutral to the ERBB2-mediated cellular proliferation in OVCAR8","ERBB2-mediated cellular proliferation","6","Functionally normal","","","NA","CRISPR-Based Genome Editing","Base editing","33606977"
"NM_004448.4(ERBB2):c.621G>A (p.Glu207=)","chr17","39709859","G/A","ERBB2","-1.307","dataset0532","Synonymous","Neutral to the ERBB2-mediated cellular proliferation in OVCAR8","ERBB2-mediated cellular proliferation","6","Functionally normal","","","NA","CRISPR-Based Genome Editing","Base editing","33606977"
"NM_004448.4(ERBB2):c.623G>A (p.Ser208Asn)","chr17","39709861","G/A","ERBB2","-1.307","dataset0532","Missense","Neutral to the ERBB2-mediated cellular proliferation in OVCAR8","ERBB2-mediated cellular proliferation","6","Functionally normal","","2.479e-06","NA","CRISPR-Based Genome Editing","Base editing","33606977"
"NM_004448.4(ERBB2):c.647C>T (p.Thr216Met)","chr17","39710089","C/T","ERBB2","0.016","dataset0532","Missense","Neutral to the ERBB2-mediated cellular proliferation in OVCAR8","ERBB2-mediated cellular proliferation","6","Functionally normal","Uncertain significance","2.49088e-05","NA","CRISPR-Based Genome Editing","Base editing","33606977"
"NM_004448.4(ERBB2):c.653C>T (p.Thr218Ile)","chr17","39710095","C/T","ERBB2","1.624","dataset0532","Missense","Neutral to the ERBB2-mediated cellular proliferation in OVCAR8","ERBB2-mediated cellular proliferation","6","Functionally normal","","6.21973e-07","NA","CRISPR-Based Genome Editing","Base editing","33606977"
"NM_004448.4(ERBB2):c.709C>T (p.His237Tyr)","chr17","39710151","C/T","ERBB2","0.151","dataset0532","Missense","Neutral to the ERBB2-mediated cellular proliferation in OVCAR8","ERBB2-mediated cellular proliferation","6","Functionally normal","","1.86036e-06","NA","CRISPR-Based Genome Editing","Base editing","33606977"
"NM_004448.4(ERBB2):c.712G>A (p.Glu238Lys)","chr17","39710154","G/A","ERBB2","0.698","dataset0532","Missense","Neutral to the ERBB2-mediated cellular proliferation in OVCAR8","ERBB2-mediated cellular proliferation","6","Functionally normal","","","NA","CRISPR-Based Genome Editing","Base editing","33606977"
"NM_004448.4(ERBB2):c.727G>A (p.Gly243Ser)","chr17","39710169","G/A","ERBB2","0.673","dataset0532","Missense","Neutral to the ERBB2-mediated cellular proliferation in OVCAR8","ERBB2-mediated cellular proliferation","6","Functionally normal","Uncertain significance","0.000128981","NA","CRISPR-Based Genome Editing","Base editing","33606977"
"NM_004448.4(ERBB2):c.741C>T (p.Pro247=)","chr17","39710183","C/T","ERBB2","-0.909","dataset0532","Synonymous","Neutral to the ERBB2-mediated cellular proliferation in OVCAR8","ERBB2-mediated cellular proliferation","6","Functionally normal","","0","NA","CRISPR-Based Genome Editing","Base editing","33606977"
"NM_004448.4(ERBB2):c.759G>A (p.Leu253=)","chr17","39710201","G/A","ERBB2","0.621","dataset0532","Splice site","Neutral to the ERBB2-mediated cellular proliferation in OVCAR8","ERBB2-mediated cellular proliferation","6","Functionally normal","","6.20215e-07","NA","CRISPR-Based Genome Editing","Base editing","33606977"
"NM_004448.4(ERBB2):c.769C>T (p.His257Tyr)","chr17","39710349","C/T","ERBB2","-1.277","dataset0532","Missense","Neutral to the ERBB2-mediated cellular proliferation in OVCAR8","ERBB2-mediated cellular proliferation","6","Functionally normal","Uncertain significance","","NA","CRISPR-Based Genome Editing","Base editing","33606977"
"NM_004448.4(ERBB2):c.782G>A (p.Ser261Asn)","chr17","39710362","G/A","ERBB2","1.202","dataset0532","Missense","Neutral to the ERBB2-mediated cellular proliferation in OVCAR8","ERBB2-mediated cellular proliferation","6","Functionally normal","","","NA","CRISPR-Based Genome Editing","Base editing","33606977"
"NM_004448.4(ERBB2):c.784G>A (p.Gly262Ser)","chr17","39710364","G/A","ERBB2","0.471","dataset0532","Missense","Neutral to the ERBB2-mediated cellular proliferation in OVCAR8","ERBB2-mediated cellular proliferation","6","Functionally normal","","","NA","CRISPR-Based Genome Editing","Base editing","33606977"
"NM_004448.4(ERBB2):c.793G>A (p.Glu265Lys)","chr17","39710373","G/A","ERBB2","0.769","dataset0532","Missense","Neutral to the ERBB2-mediated cellular proliferation in OVCAR8","ERBB2-mediated cellular proliferation","6","Functionally normal","","","NA","CRISPR-Based Genome Editing","Base editing","33606977"
"NM_004448.4(ERBB2):c.829G>A (p.Asp277Asn)","chr17","39710409","G/A","ERBB2","0.717","dataset0532","Missense","Neutral to the ERBB2-mediated cellular proliferation in OVCAR8","ERBB2-mediated cellular proliferation","6","Functionally normal","","","NA","CRISPR-Based Genome Editing","Base editing","33606977"
"NM_004448.4(ERBB2):c.834G>A (p.Thr278=)","chr17","39710414","G/A","ERBB2","0.442","dataset0532","Synonymous","Neutral to the ERBB2-mediated cellular proliferation in OVCAR8","ERBB2-mediated cellular proliferation","6","Functionally normal","","2.4781e-06","NA","CRISPR-Based Genome Editing","Base editing","33606977"
"NM_004448.4(ERBB2):c.842_843delinsTT (p.Ser281Phe)","chr17","39710422","CC/TT","ERBB2","-1.502","dataset0532","Missense","Neutral to the ERBB2-mediated cellular proliferation in OVCAR8","ERBB2-mediated cellular proliferation","6","Functionally normal","","","NA","CRISPR-Based Genome Editing","Base editing","33606977"
"NM_004448.4(ERBB2):c.848_849delinsTT (p.Pro283Leu)","chr17","39710428","CC/TT","ERBB2","-0.213","dataset0532","Missense","Neutral to the ERBB2-mediated cellular proliferation in OVCAR8","ERBB2-mediated cellular proliferation","6","Functionally normal","","","NA","CRISPR-Based Genome Editing","Base editing","33606977"
"NM_004448.4(ERBB2):c.858G>A (p.Glu286=)","chr17","39710438","G/A","ERBB2","0.596","dataset0532","Synonymous","Neutral to the ERBB2-mediated cellular proliferation in OVCAR8","ERBB2-mediated cellular proliferation","6","Functionally normal","","","NA","CRISPR-Based Genome Editing","Base editing","33606977"
"NM_004448.4(ERBB2):c.859G>A (p.Gly287Ser)","chr17","39710439","G/A","ERBB2","0.596","dataset0532","Missense","Neutral to the ERBB2-mediated cellular proliferation in OVCAR8","ERBB2-mediated cellular proliferation","6","Functionally normal","","","NA","CRISPR-Based Genome Editing","Base editing","33606977"
"NM_004448.4(ERBB2):c.863_864delinsAA (p.Arg288Gln)","chr17","39710443","GG/AA","ERBB2","0.597","dataset0532","Missense","Neutral to the ERBB2-mediated cellular proliferation in OVCAR8","ERBB2-mediated cellular proliferation","6","Functionally normal","","","NA","CRISPR-Based Genome Editing","Base editing","33606977"
"NM_004448.4(ERBB2):c.896G>A (p.Cys299Tyr)","chr17","39710476","G/A","ERBB2","-1.258","dataset0532","Missense","Neutral to the ERBB2-mediated cellular proliferation in OVCAR8","ERBB2-mediated cellular proliferation","6","Functionally normal","","0","NA","CRISPR-Based Genome Editing","Base editing","33606977"
"NM_004448.4(ERBB2):c.901+11G>A","chr17","39710492","G/A","ERBB2","1.054","dataset0532","Intron","Neutral to the ERBB2-mediated cellular proliferation in OVCAR8","ERBB2-mediated cellular proliferation","6","Functionally normal","","","NA","CRISPR-Based Genome Editing","Base editing","33606977"
"NM_004448.4(ERBB2):c.903C>T (p.Tyr301=)","chr17","39711929","C/T","ERBB2","-1.862","dataset0532","Splice site","Neutral to the ERBB2-mediated cellular proliferation in OVCAR8","ERBB2-mediated cellular proliferation","6","Functionally normal","","","NA","CRISPR-Based Genome Editing","Base editing","33606977"
"NM_004448.4(ERBB2):c.906C>T (p.Asn302=)","chr17","39711932","C/T","ERBB2","-0.732","dataset0532","Synonymous","Neutral to the ERBB2-mediated cellular proliferation in OVCAR8","ERBB2-mediated cellular proliferation","6","Functionally normal","","","NA","CRISPR-Based Genome Editing","Base editing","33606977"
"NM_004448.4(ERBB2):c.909C>T (p.Tyr303=)","chr17","39711935","C/T","ERBB2","-0.732","dataset0532","Synonymous","Neutral to the ERBB2-mediated cellular proliferation in OVCAR8","ERBB2-mediated cellular proliferation","6","Functionally normal","","6.19532e-06","NA","CRISPR-Based Genome Editing","Base editing","33606977"
"NM_004448.4(ERBB2):c.910C>T (p.Leu304Phe)","chr17","39711936","C/T","ERBB2","-0.732","dataset0532","Missense","Neutral to the ERBB2-mediated cellular proliferation in OVCAR8","ERBB2-mediated cellular proliferation","6","Functionally normal","","","NA","CRISPR-Based Genome Editing","Base editing","33606977"
"NM_004448.4(ERBB2):c.924G>A (p.Val308=)","chr17","39711950","G/A","ERBB2","-0.463","dataset0532","Synonymous","Neutral to the ERBB2-mediated cellular proliferation in OVCAR8","ERBB2-mediated cellular proliferation","6","Functionally normal","","","NA","CRISPR-Based Genome Editing","Base editing","33606977"
"NM_004448.4(ERBB2):c.925_926delinsAA (p.Gly309Lys)","chr17","39711951","GG/AA","ERBB2","-0.463","dataset0532","Missense","Neutral to the ERBB2-mediated cellular proliferation in OVCAR8","ERBB2-mediated cellular proliferation","6","Functionally normal","","","NA","CRISPR-Based Genome Editing","Base editing","33606977"
"NM_004448.4(ERBB2):c.946_948delinsTTT (p.Pro316Phe)","chr17","39711972","CCC/TTT","ERBB2","0.285","dataset0532","Missense","Neutral to the ERBB2-mediated cellular proliferation in OVCAR8","ERBB2-mediated cellular proliferation","6","Functionally normal","","","NA","CRISPR-Based Genome Editing","Base editing","33606977"
"NM_004448.4(ERBB2):c.949C>T (p.Leu317=)","chr17","39711975","C/T","ERBB2","0.285","dataset0532","Synonymous","Neutral to the ERBB2-mediated cellular proliferation in OVCAR8","ERBB2-mediated cellular proliferation","6","Functionally normal","","6.19507e-07","NA","CRISPR-Based Genome Editing","Base editing","33606977"
"NM_004448.4(ERBB2):c.957C>T (p.Asn319=)","chr17","39711983","C/T","ERBB2","-0.513","dataset0532","Synonymous","Neutral to the ERBB2-mediated cellular proliferation in OVCAR8","ERBB2-mediated cellular proliferation","6","Functionally normal","","","NA","CRISPR-Based Genome Editing","Base editing","33606977"
"NM_004448.4(ERBB2):c.958C>T (p.Gln320Ter)","chr17","39711984","C/T","ERBB2","-0.513","dataset0532","Nonsense","Neutral to the ERBB2-mediated cellular proliferation in OVCAR8","ERBB2-mediated cellular proliferation","6","Functionally normal","","","NA","CRISPR-Based Genome Editing","Base editing","33606977"
"NM_004448.4(ERBB2):c.963G>A (p.Glu321=)","chr17","39711989","G/A","ERBB2","-0.374","dataset0532","Synonymous","Neutral to the ERBB2-mediated cellular proliferation in OVCAR8","ERBB2-mediated cellular proliferation","6","Functionally normal","","","NA","CRISPR-Based Genome Editing","Base editing","33606977"
"NM_004448.4(ERBB2):c.964G>A (p.Val322Met)","chr17","39711990","G/A","ERBB2","-0.396","dataset0532","Missense","Neutral to the ERBB2-mediated cellular proliferation in OVCAR8","ERBB2-mediated cellular proliferation","6","Functionally normal","","","NA","CRISPR-Based Genome Editing","Base editing","33606977"
"NM_004448.4(ERBB2):c.976G>A (p.Asp326Asn)","chr17","39712002","G/A","ERBB2","0.077","dataset0532","Missense","Neutral to the ERBB2-mediated cellular proliferation in OVCAR8","ERBB2-mediated cellular proliferation","6","Functionally normal","","","NA","CRISPR-Based Genome Editing","Base editing","33606977"
"NM_004448.4(ERBB2):c.1022-9C>T","chr17","39712313","C/T","ERBB2","0.832","dataset0532","Splice site","Neutral to the ERBB2-mediated cellular proliferation in OVCAR8","ERBB2-mediated cellular proliferation","6","Functionally normal","","","NA","CRISPR-Based Genome Editing","Base editing","33606977"
"NM_004448.4(ERBB2):c.1022-8C>T","chr17","39712314","C/T","ERBB2","0.832","dataset0532","Splice site","Neutral to the ERBB2-mediated cellular proliferation in OVCAR8","ERBB2-mediated cellular proliferation","6","Functionally normal","","6.19769e-07","NA","CRISPR-Based Genome Editing","Base editing","33606977"
"NM_004448.4(ERBB2):c.1022-6C>T","chr17","39712316","C/T","ERBB2","0.832","dataset0532","Splice site","Neutral to the ERBB2-mediated cellular proliferation in OVCAR8","ERBB2-mediated cellular proliferation","6","Functionally normal","","6.30256e-06","NA","CRISPR-Based Genome Editing","Base editing","33606977"
"NM_004448.4(ERBB2):c.1022-5C>T","chr17","39712317","C/T","ERBB2","0.185","dataset0532","Splice site","Neutral to the ERBB2-mediated cellular proliferation in OVCAR8","ERBB2-mediated cellular proliferation","6","Functionally normal","","3.71778e-06","NA","CRISPR-Based Genome Editing","Base editing","33606977"
"NM_004448.4(ERBB2):c.1022-3C>T","chr17","39712319","C/T","ERBB2","0.185","dataset0532","Splice site","Neutral to the ERBB2-mediated cellular proliferation in OVCAR8","ERBB2-mediated cellular proliferation","6","Functionally normal","","1.24171e-06","NA","CRISPR-Based Genome Editing","Base editing","33606977"
"NM_004448.4(ERBB2):c.1031G>A (p.Gly344Asp)","chr17","39712331","G/A","ERBB2","-1.385","dataset0532","Missense","Neutral to the ERBB2-mediated cellular proliferation in OVCAR8","ERBB2-mediated cellular proliferation","6","Functionally normal","","6.19576e-07","NA","CRISPR-Based Genome Editing","Base editing","33606977"
"NM_004448.4(ERBB2):c.1035G>A (p.Leu345=)","chr17","39712335","G/A","ERBB2","-1.385","dataset0532","Synonymous","Neutral to the ERBB2-mediated cellular proliferation in OVCAR8","ERBB2-mediated cellular proliferation","6","Functionally normal","","6.21932e-07","NA","CRISPR-Based Genome Editing","Base editing","33606977"
"NM_004448.4(ERBB2):c.1047C>T (p.His349=)","chr17","39712347","C/T","ERBB2","0.709","dataset0532","Synonymous","Neutral to the ERBB2-mediated cellular proliferation in OVCAR8","ERBB2-mediated cellular proliferation","6","Functionally normal","","1.23924e-06","NA","CRISPR-Based Genome Editing","Base editing","33606977"
"NM_004448.4(ERBB2):c.1070_1071delinsTT (p.Thr357Ile)","chr17","39712370","CC/TT","ERBB2","-2.464","dataset0532","Missense","The reduced ERBB2-mediated cellular proliferation in OVCAR8","ERBB2-mediated cellular proliferation","6","Loss-of-function","","","NA","CRISPR-Based Genome Editing","Base editing","33606977"
"NM_004448.4(ERBB2):c.1086G>A (p.Gln362=)","chr17","39712386","G/A","ERBB2","-1.454","dataset0532","Synonymous","Neutral to the ERBB2-mediated cellular proliferation in OVCAR8","ERBB2-mediated cellular proliferation","6","Functionally normal","","","NA","CRISPR-Based Genome Editing","Base editing","33606977"
"NM_004448.4(ERBB2):c.1120C>T (p.Leu374=)","chr17","39712420","C/T","ERBB2","-0.278","dataset0532","Synonymous","Neutral to the ERBB2-mediated cellular proliferation in OVCAR8","ERBB2-mediated cellular proliferation","6","Functionally normal","","","NA","CRISPR-Based Genome Editing","Base editing","33606977"
"NM_004448.4(ERBB2):c.1129C>T (p.Leu377=)","chr17","39712429","C/T","ERBB2","-0.131","dataset0532","Synonymous","Neutral to the ERBB2-mediated cellular proliferation in OVCAR8","ERBB2-mediated cellular proliferation","6","Functionally normal","","6.19629e-07","NA","CRISPR-Based Genome Editing","Base editing","33606977"
"NM_004448.4(ERBB2):c.1133C>T (p.Pro378Leu)","chr17","39712433","C/T","ERBB2","-0.131","dataset0532","Missense","Neutral to the ERBB2-mediated cellular proliferation in OVCAR8","ERBB2-mediated cellular proliferation","6","Functionally normal","Uncertain significance","1.92108e-05","NA","CRISPR-Based Genome Editing","Base editing","33606977"
"NM_004448.4(ERBB2):c.1134G>A (p.Pro378=)","chr17","39712434","G/A","ERBB2","-0.512","dataset0532","Synonymous","Neutral to the ERBB2-mediated cellular proliferation in OVCAR8","ERBB2-mediated cellular proliferation","6","Functionally normal","Likely benign","2.16912e-05","NA","CRISPR-Based Genome Editing","Base editing","33606977"
"NM_004448.4(ERBB2):c.1147_1148delinsAA (p.Gly383Lys)","chr17","39712447","GG/AA","ERBB2","-3.648","dataset0532","Missense","The reduced ERBB2-mediated cellular proliferation in OVCAR8","ERBB2-mediated cellular proliferation","6","Loss-of-function","","","NA","CRISPR-Based Genome Editing","Base editing","33606977"
"NM_004448.4(ERBB2):c.1148+1G>A","chr17","39712449","G/A","ERBB2","-3.648","dataset0532","Splice site","The reduced ERBB2-mediated cellular proliferation in OVCAR8","ERBB2-mediated cellular proliferation","6","Loss-of-function","","","NA","CRISPR-Based Genome Editing","Base editing","33606977"
"NM_004448.4(ERBB2):c.1191C>T (p.Leu397=)","chr17","39715328","C/T","ERBB2","-0.361","dataset0532","Synonymous","Neutral to the ERBB2-mediated cellular proliferation in OVCAR8","ERBB2-mediated cellular proliferation","6","Functionally normal","","","NA","CRISPR-Based Genome Editing","Base editing","33606977"
"NM_004448.4(ERBB2):c.1192C>T (p.Gln398Ter)","chr17","39715329","C/T","ERBB2","-0.361","dataset0532","Nonsense","Neutral to the ERBB2-mediated cellular proliferation in OVCAR8","ERBB2-mediated cellular proliferation","6","Functionally normal","","","NA","CRISPR-Based Genome Editing","Base editing","33606977"
"NM_004448.4(ERBB2):c.1195G>A (p.Val399Met)","chr17","39715332","G/A","ERBB2","-1.198","dataset0532","Missense","Neutral to the ERBB2-mediated cellular proliferation in OVCAR8","ERBB2-mediated cellular proliferation","6","Functionally normal","Uncertain significance","2.47821e-05","NA","CRISPR-Based Genome Editing","Base editing","33606977"
"NM_004448.4(ERBB2):c.1205C>T (p.Thr402Ile)","chr17","39715342","C/T","ERBB2","0.364","dataset0532","Missense","Neutral to the ERBB2-mediated cellular proliferation in OVCAR8","ERBB2-mediated cellular proliferation","6","Functionally normal","","6.19543e-07","NA","CRISPR-Based Genome Editing","Base editing","33606977"
"NM_004448.4(ERBB2):c.1207C>T (p.Leu403=)","chr17","39715344","C/T","ERBB2","-0.208","dataset0532","Synonymous","Neutral to the ERBB2-mediated cellular proliferation in OVCAR8","ERBB2-mediated cellular proliferation","6","Functionally normal","Likely benign","4.95641e-06","NA","CRISPR-Based Genome Editing","Base editing","33606977"
"NM_004448.4(ERBB2):c.1209G>A (p.Leu403=)","chr17","39715346","G/A","ERBB2","-0.715","dataset0532","Synonymous","Neutral to the ERBB2-mediated cellular proliferation in OVCAR8","ERBB2-mediated cellular proliferation","6","Functionally normal","","6.19546e-07","NA","CRISPR-Based Genome Editing","Base editing","33606977"
"NM_004448.4(ERBB2):c.1210G>A (p.Glu404Lys)","chr17","39715347","G/A","ERBB2","-0.715","dataset0532","Missense","Neutral to the ERBB2-mediated cellular proliferation in OVCAR8","ERBB2-mediated cellular proliferation","6","Functionally normal","","","NA","CRISPR-Based Genome Editing","Base editing","33606977"
"NM_004448.4(ERBB2):c.1227C>T (p.Tyr409=)","chr17","39715450","C/T","ERBB2","-1.848","dataset0532","Synonymous","Neutral to the ERBB2-mediated cellular proliferation in OVCAR8","ERBB2-mediated cellular proliferation","6","Functionally normal","","","NA","CRISPR-Based Genome Editing","Base editing","33606977"
"NM_004448.4(ERBB2):c.1228C>T (p.Leu410=)","chr17","39715451","C/T","ERBB2","-1.848","dataset0532","Synonymous","Neutral to the ERBB2-mediated cellular proliferation in OVCAR8","ERBB2-mediated cellular proliferation","6","Functionally normal","","6.19513e-07","NA","CRISPR-Based Genome Editing","Base editing","33606977"
"NM_004448.4(ERBB2):c.1233C>T (p.Tyr411=)","chr17","39715456","C/T","ERBB2","-2.082","dataset0532","Synonymous","The reduced ERBB2-mediated cellular proliferation in OVCAR8","ERBB2-mediated cellular proliferation","6","Loss-of-function","","","NA","CRISPR-Based Genome Editing","Base editing","33606977"
"NM_004448.4(ERBB2):c.1244G>A (p.Trp415Ter)","chr17","39715467","G/A","ERBB2","0.113","dataset0532","Nonsense","Neutral to the ERBB2-mediated cellular proliferation in OVCAR8","ERBB2-mediated cellular proliferation","6","Functionally normal","","","NA","CRISPR-Based Genome Editing","Base editing","33606977"
"NM_004448.4(ERBB2):c.1261G>A (p.Asp421Asn)","chr17","39715484","G/A","ERBB2","0.772","dataset0532","Missense","Neutral to the ERBB2-mediated cellular proliferation in OVCAR8","ERBB2-mediated cellular proliferation","6","Functionally normal","","","NA","CRISPR-Based Genome Editing","Base editing","33606977"
"NM_004448.4(ERBB2):c.1270G>A (p.Val424Ile)","chr17","39715493","G/A","ERBB2","0.355","dataset0532","Missense","Neutral to the ERBB2-mediated cellular proliferation in OVCAR8","ERBB2-mediated cellular proliferation","6","Functionally normal","Uncertain significance","1.61071e-05","NA","CRISPR-Based Genome Editing","Base editing","33606977"
"NM_004448.4(ERBB2):c.1278G>A (p.Gln426=)","chr17","39715501","G/A","ERBB2","0.17","dataset0532","Synonymous","Neutral to the ERBB2-mediated cellular proliferation in OVCAR8","ERBB2-mediated cellular proliferation","6","Functionally normal","","","NA","CRISPR-Based Genome Editing","Base editing","33606977"
"NM_004448.4(ERBB2):c.1281C>T (p.Asn427=)","chr17","39715504","C/T","ERBB2","-1.337","dataset0532","Synonymous","Neutral to the ERBB2-mediated cellular proliferation in OVCAR8","ERBB2-mediated cellular proliferation","6","Functionally normal","","","NA","CRISPR-Based Genome Editing","Base editing","33606977"
"NM_004448.4(ERBB2):c.1282C>T (p.Leu428=)","chr17","39715505","C/T","ERBB2","-0.791","dataset0532","Synonymous","Neutral to the ERBB2-mediated cellular proliferation in OVCAR8","ERBB2-mediated cellular proliferation","6","Functionally normal","","","NA","CRISPR-Based Genome Editing","Base editing","33606977"
"NM_004448.4(ERBB2):c.1296G>A (p.Arg432=)","chr17","39715519","G/A","ERBB2","-0.279","dataset0532","Synonymous","Neutral to the ERBB2-mediated cellular proliferation in OVCAR8","ERBB2-mediated cellular proliferation","6","Functionally normal","","","NA","CRISPR-Based Genome Editing","Base editing","33606977"
"NM_004448.4(ERBB2):c.1297_1298delinsAA (p.Gly433Lys)","chr17","39715520","GG/AA","ERBB2","-0.279","dataset0532","Missense","Neutral to the ERBB2-mediated cellular proliferation in OVCAR8","ERBB2-mediated cellular proliferation","6","Functionally normal","","","NA","CRISPR-Based Genome Editing","Base editing","33606977"
"NM_004448.4(ERBB2):c.1323C>T (p.Tyr441=)","chr17","39715749","C/T","ERBB2","-1.268","dataset0532","Synonymous","Neutral to the ERBB2-mediated cellular proliferation in OVCAR8","ERBB2-mediated cellular proliferation","6","Functionally normal","","6.22465e-07","NA","CRISPR-Based Genome Editing","Base editing","33606977"
"NM_004448.4(ERBB2):c.1325C>T (p.Ser442Leu)","chr17","39715751","C/T","ERBB2","-1.268","dataset0532","Missense","Neutral to the ERBB2-mediated cellular proliferation in OVCAR8","ERBB2-mediated cellular proliferation","6","Functionally normal","","8.71374e-06","NA","CRISPR-Based Genome Editing","Base editing","33606977"
"NM_004448.4(ERBB2):c.1331C>T (p.Thr444Ile)","chr17","39715757","C/T","ERBB2","0.475","dataset0532","Missense","Neutral to the ERBB2-mediated cellular proliferation in OVCAR8","ERBB2-mediated cellular proliferation","6","Functionally normal","","1.24442e-06","NA","CRISPR-Based Genome Editing","Base editing","33606977"
"NM_004448.4(ERBB2):c.1370C>T (p.Ser457Leu)","chr17","39715796","C/T","ERBB2","1.469","dataset0532","Missense","Neutral to the ERBB2-mediated cellular proliferation in OVCAR8","ERBB2-mediated cellular proliferation","6","Functionally normal","","2.48448e-06","NA","CRISPR-Based Genome Editing","Base editing","33606977"
"NM_004448.4(ERBB2):c.1372C>T (p.Leu458=)","chr17","39715798","C/T","ERBB2","0.741","dataset0532","Synonymous","Neutral to the ERBB2-mediated cellular proliferation in OVCAR8","ERBB2-mediated cellular proliferation","6","Functionally normal","","1.86323e-06","NA","CRISPR-Based Genome Editing","Base editing","33606977"
"NM_004448.4(ERBB2):c.1381C>T (p.Leu461=)","chr17","39715807","C/T","ERBB2","0.08","dataset0532","Synonymous","Neutral to the ERBB2-mediated cellular proliferation in OVCAR8","ERBB2-mediated cellular proliferation","6","Functionally normal","","0","NA","CRISPR-Based Genome Editing","Base editing","33606977"
"NM_004448.4(ERBB2):c.1419C>T (p.His473=)","chr17","39715845","C/T","ERBB2","0.128","dataset0532","Synonymous","Neutral to the ERBB2-mediated cellular proliferation in OVCAR8","ERBB2-mediated cellular proliferation","6","Functionally normal","","","NA","CRISPR-Based Genome Editing","Base editing","33606977"
"NM_004448.4(ERBB2):c.1428C>T (p.Phe476=)","chr17","39715854","C/T","ERBB2","0.331","dataset0532","Synonymous","Neutral to the ERBB2-mediated cellular proliferation in OVCAR8","ERBB2-mediated cellular proliferation","6","Functionally normal","Likely benign","1.79822e-05","NA","CRISPR-Based Genome Editing","Base editing","33606977"
"NM_004448.4(ERBB2):c.1437G>A (p.Thr479=)","chr17","39715863","G/A","ERBB2","0.735","dataset0532","Synonymous","Neutral to the ERBB2-mediated cellular proliferation in OVCAR8","ERBB2-mediated cellular proliferation","6","Functionally normal","Uncertain significance","","NA","CRISPR-Based Genome Editing","Base editing","33606977"
"NM_004448.4(ERBB2):c.1438G>A (p.Val480Met)","chr17","39715864","G/A","ERBB2","0.735","dataset0532","Missense","Neutral to the ERBB2-mediated cellular proliferation in OVCAR8","ERBB2-mediated cellular proliferation","6","Functionally normal","","","NA","CRISPR-Based Genome Editing","Base editing","33606977"
"NM_004448.4(ERBB2):c.1442_1443delinsTT (p.Pro481Leu)","chr17","39715868","CC/TT","ERBB2","1.168","dataset0532","Missense","Neutral to the ERBB2-mediated cellular proliferation in OVCAR8","ERBB2-mediated cellular proliferation","6","Functionally normal","","","NA","CRISPR-Based Genome Editing","Base editing","33606977"
"NM_004448.4(ERBB2):c.1460_1461delinsAA (p.Arg487Gln)","chr17","39715886","GG/AA","ERBB2","0.425","dataset0532","Missense","Neutral to the ERBB2-mediated cellular proliferation in OVCAR8","ERBB2-mediated cellular proliferation","6","Functionally normal","","","NA","CRISPR-Based Genome Editing","Base editing","33606977"
"NM_004448.4(ERBB2):c.1460G>A (p.Arg487Gln)","chr17","39715886","G/A","ERBB2","0.904","dataset0532","Missense","Neutral to the ERBB2-mediated cellular proliferation in OVCAR8","ERBB2-mediated cellular proliferation","6","Functionally normal","Uncertain significance","1.86066e-05","NA","CRISPR-Based Genome Editing","Base editing","33606977"
"NM_004448.4(ERBB2):c.1482C>T (p.Leu494=)","chr17","39715908","C/T","ERBB2","-2.63","dataset0532","Synonymous","The reduced ERBB2-mediated cellular proliferation in OVCAR8","ERBB2-mediated cellular proliferation","6","Loss-of-function","","","NA","CRISPR-Based Genome Editing","Base editing","33606977"
"NM_004448.4(ERBB2):c.1485C>T (p.His495=)","chr17","39715911","C/T","ERBB2","0.101","dataset0532","Synonymous","Neutral to the ERBB2-mediated cellular proliferation in OVCAR8","ERBB2-mediated cellular proliferation","6","Functionally normal","","6.20544e-07","NA","CRISPR-Based Genome Editing","Base editing","33606977"
"NM_004448.4(ERBB2):c.1487C>T (p.Thr496Ile)","chr17","39715913","C/T","ERBB2","0.101","dataset0532","Missense","Neutral to the ERBB2-mediated cellular proliferation in OVCAR8","ERBB2-mediated cellular proliferation","6","Functionally normal","Uncertain significance","4.96496e-06","NA","CRISPR-Based Genome Editing","Base editing","33606977"
"NM_004448.4(ERBB2):c.1495C>T (p.Arg499Trp)","chr17","39715921","C/T","ERBB2","0.253","dataset0532","Missense","Neutral to the ERBB2-mediated cellular proliferation in OVCAR8","ERBB2-mediated cellular proliferation","6","Functionally normal","Uncertain significance","1.49015e-05","NA","CRISPR-Based Genome Editing","Base editing","33606977"
"NM_004448.4(ERBB2):c.1499C>T (p.Pro500Leu)","chr17","39715925","C/T","ERBB2","0.253","dataset0532","Missense","Neutral to the ERBB2-mediated cellular proliferation in OVCAR8","ERBB2-mediated cellular proliferation","6","Functionally normal","","","NA","CRISPR-Based Genome Editing","Base editing","33606977"
"NM_004448.4(ERBB2):c.1501G>A (p.Glu501Lys)","chr17","39715927","G/A","ERBB2","0.668","dataset0532","Missense","Neutral to the ERBB2-mediated cellular proliferation in OVCAR8","ERBB2-mediated cellular proliferation","6","Functionally normal","","6.21225e-07","NA","CRISPR-Based Genome Editing","Base editing","33606977"
"NM_004448.4(ERBB2):c.1509G>A (p.Glu503=)","chr17","39715935","G/A","ERBB2","-1.779","dataset0532","Synonymous","Neutral to the ERBB2-mediated cellular proliferation in OVCAR8","ERBB2-mediated cellular proliferation","6","Functionally normal","Likely benign","4.9734e-06","NA","CRISPR-Based Genome Editing","Base editing","33606977"
"NM_004448.4(ERBB2):c.1511G>A (p.Cys504Tyr)","chr17","39715937","G/A","ERBB2","-1.779","dataset0532","Missense","Neutral to the ERBB2-mediated cellular proliferation in OVCAR8","ERBB2-mediated cellular proliferation","6","Functionally normal","","1.24355e-06","NA","CRISPR-Based Genome Editing","Base editing","33606977"
"NM_004448.4(ERBB2):c.1513G>A (p.Val505Met)","chr17","39715939","G/A","ERBB2","-1.779","dataset0532","Missense","Neutral to the ERBB2-mediated cellular proliferation in OVCAR8","ERBB2-mediated cellular proliferation","6","Functionally normal","","","NA","CRISPR-Based Genome Editing","Base editing","33606977"
"NM_004448.4(ERBB2):c.1513+1G>A","chr17","39715940","G/A","ERBB2","-1.092","dataset0532","Splice site","Neutral to the ERBB2-mediated cellular proliferation in OVCAR8","ERBB2-mediated cellular proliferation","6","Functionally normal","","","NA","CRISPR-Based Genome Editing","Base editing","33606977"
"NM_004448.4(ERBB2):c.1514-11C>T","chr17","39716290","C/T","ERBB2","1.421","dataset0532","Splice site","Neutral to the ERBB2-mediated cellular proliferation in OVCAR8","ERBB2-mediated cellular proliferation","6","Functionally normal","","8.88988e-06","NA","CRISPR-Based Genome Editing","Base editing","33606977"
"NM_004448.4(ERBB2):c.1514-10C>T","chr17","39716291","C/T","ERBB2","0.559","dataset0532","Splice site","Neutral to the ERBB2-mediated cellular proliferation in OVCAR8","ERBB2-mediated cellular proliferation","6","Functionally normal","","","NA","CRISPR-Based Genome Editing","Base editing","33606977"
"NM_004448.4(ERBB2):c.1514-8C>T","chr17","39716293","C/T","ERBB2","0.559","dataset0532","Splice site","Neutral to the ERBB2-mediated cellular proliferation in OVCAR8","ERBB2-mediated cellular proliferation","6","Functionally normal","","","NA","CRISPR-Based Genome Editing","Base editing","33606977"
"NM_004448.4(ERBB2):c.1514-6C>T","chr17","39716295","C/T","ERBB2","0.559","dataset0532","Splice site","Neutral to the ERBB2-mediated cellular proliferation in OVCAR8","ERBB2-mediated cellular proliferation","6","Functionally normal","","3.16354e-06","NA","CRISPR-Based Genome Editing","Base editing","33606977"
"NM_004448.4(ERBB2):c.1536C>T (p.His512=)","chr17","39716323","C/T","ERBB2","-0.438","dataset0532","Synonymous","Neutral to the ERBB2-mediated cellular proliferation in OVCAR8","ERBB2-mediated cellular proliferation","6","Functionally normal","","0","NA","CRISPR-Based Genome Editing","Base editing","33606977"
"NM_004448.4(ERBB2):c.1537C>T (p.Gln513Ter)","chr17","39716324","C/T","ERBB2","-0.438","dataset0532","Nonsense","Neutral to the ERBB2-mediated cellular proliferation in OVCAR8","ERBB2-mediated cellular proliferation","6","Functionally normal","","","NA","CRISPR-Based Genome Editing","Base editing","33606977"
"NM_004448.4(ERBB2):c.1542G>A (p.Leu514=)","chr17","39716329","G/A","ERBB2","0.602","dataset0532","Synonymous","Neutral to the ERBB2-mediated cellular proliferation in OVCAR8","ERBB2-mediated cellular proliferation","6","Functionally normal","","6.24029e-07","NA","CRISPR-Based Genome Editing","Base editing","33606977"
"NM_004448.4(ERBB2):c.1548C>T (p.Ala516=)","chr17","39716335","C/T","ERBB2","-0.085","dataset0532","Synonymous","Neutral to the ERBB2-mediated cellular proliferation in OVCAR8","ERBB2-mediated cellular proliferation","6","Functionally normal","","","NA","CRISPR-Based Genome Editing","Base editing","33606977"
"NM_004448.4(ERBB2):c.1549C>T (p.Arg517Ter)","chr17","39716336","C/T","ERBB2","0.26","dataset0532","Nonsense","Neutral to the ERBB2-mediated cellular proliferation in OVCAR8","ERBB2-mediated cellular proliferation","6","Functionally normal","","1.86891e-06","NA","CRISPR-Based Genome Editing","Base editing","33606977"
"NM_004448.4(ERBB2):c.1550G>A (p.Arg517Gln)","chr17","39716337","G/A","ERBB2","1.034","dataset0532","Missense","Neutral to the ERBB2-mediated cellular proliferation in OVCAR8","ERBB2-mediated cellular proliferation","6","Functionally normal","Uncertain significance","4.79476e-05","NA","CRISPR-Based Genome Editing","Base editing","33606977"
"NM_004448.4(ERBB2):c.1552_1553delinsAA (p.Gly518Lys)","chr17","39716339","GG/AA","ERBB2","1.087","dataset0532","Missense","Neutral to the ERBB2-mediated cellular proliferation in OVCAR8","ERBB2-mediated cellular proliferation","6","Functionally normal","","","NA","CRISPR-Based Genome Editing","Base editing","33606977"
"NM_004448.4(ERBB2):c.1552G>A (p.Gly518Arg)","chr17","39716339","G/A","ERBB2","1.034","dataset0532","Missense","Neutral to the ERBB2-mediated cellular proliferation in OVCAR8","ERBB2-mediated cellular proliferation","6","Functionally normal","","","NA","CRISPR-Based Genome Editing","Base editing","33606977"
"NM_004448.4(ERBB2):c.1557C>T (p.His519=)","chr17","39716344","C/T","ERBB2","0.605","dataset0532","Synonymous","Neutral to the ERBB2-mediated cellular proliferation in OVCAR8","ERBB2-mediated cellular proliferation","6","Functionally normal","","6.2207e-07","NA","CRISPR-Based Genome Editing","Base editing","33606977"
"NM_004448.4(ERBB2):c.1562_1563delinsAA (p.Trp521Ter)","chr17","39716349","GG/AA","ERBB2","0.05","dataset0532","Nonsense","Neutral to the ERBB2-mediated cellular proliferation in OVCAR8","ERBB2-mediated cellular proliferation","6","Functionally normal","","","NA","CRISPR-Based Genome Editing","Base editing","33606977"
"NM_004448.4(ERBB2):c.1563G>A (p.Trp521Ter)","chr17","39716350","G/A","ERBB2","1.257","dataset0532","Nonsense","Neutral to the ERBB2-mediated cellular proliferation in OVCAR8","ERBB2-mediated cellular proliferation","6","Functionally normal","","","NA","CRISPR-Based Genome Editing","Base editing","33606977"
"NM_004448.4(ERBB2):c.1564_1565delinsAA (p.Gly522Asn)","chr17","39716351","GG/AA","ERBB2","0.05","dataset0532","Missense","Neutral to the ERBB2-mediated cellular proliferation in OVCAR8","ERBB2-mediated cellular proliferation","6","Functionally normal","","","NA","CRISPR-Based Genome Editing","Base editing","33606977"
"NM_004448.4(ERBB2):c.1583G>A (p.Cys528Tyr)","chr17","39716370","G/A","ERBB2","0.652","dataset0532","Missense","Neutral to the ERBB2-mediated cellular proliferation in OVCAR8","ERBB2-mediated cellular proliferation","6","Functionally normal","","","NA","CRISPR-Based Genome Editing","Base editing","33606977"
"NM_004448.4(ERBB2):c.1585G>A (p.Val529Ile)","chr17","39716372","G/A","ERBB2","0.652","dataset0532","Missense","Neutral to the ERBB2-mediated cellular proliferation in OVCAR8","ERBB2-mediated cellular proliferation","6","Functionally normal","","1.2429e-06","NA","CRISPR-Based Genome Editing","Base editing","33606977"
"NM_004448.4(ERBB2):c.1590C>T (p.Asn530=)","chr17","39716377","C/T","ERBB2","-0.304","dataset0532","Synonymous","Neutral to the ERBB2-mediated cellular proliferation in OVCAR8","ERBB2-mediated cellular proliferation","6","Functionally normal","","1.86462e-06","NA","CRISPR-Based Genome Editing","Base editing","33606977"
"NM_004448.4(ERBB2):c.1597C>T (p.Gln533Ter)","chr17","39716384","C/T","ERBB2","1.151","dataset0532","Nonsense","Neutral to the ERBB2-mediated cellular proliferation in OVCAR8","ERBB2-mediated cellular proliferation","6","Functionally normal","","","NA","CRISPR-Based Genome Editing","Base editing","33606977"
"NM_004448.4(ERBB2):c.1606C>T (p.Arg536Trp)","chr17","39716393","C/T","ERBB2","0.969","dataset0532","Missense","Neutral to the ERBB2-mediated cellular proliferation in OVCAR8","ERBB2-mediated cellular proliferation","6","Functionally normal","","1.24335e-06","NA","CRISPR-Based Genome Editing","Base editing","33606977"
"NM_004448.4(ERBB2):c.1612C>T (p.Gln538Ter)","chr17","39716399","C/T","ERBB2","-0.017","dataset0532","Nonsense","Neutral to the ERBB2-mediated cellular proliferation in OVCAR8","ERBB2-mediated cellular proliferation","6","Functionally normal","","6.21503e-07","NA","CRISPR-Based Genome Editing","Base editing","33606977"
"NM_004448.4(ERBB2):c.1614G>A (p.Gln538=)","chr17","39716401","G/A","ERBB2","0.904","dataset0532","Synonymous","Neutral to the ERBB2-mediated cellular proliferation in OVCAR8","ERBB2-mediated cellular proliferation","6","Functionally normal","","","NA","CRISPR-Based Genome Editing","Base editing","33606977"
"NM_004448.4(ERBB2):c.1615G>A (p.Glu539Lys)","chr17","39716402","G/A","ERBB2","0.904","dataset0532","Missense","Neutral to the ERBB2-mediated cellular proliferation in OVCAR8","ERBB2-mediated cellular proliferation","6","Functionally normal","","6.21452e-07","NA","CRISPR-Based Genome Editing","Base editing","33606977"
"NM_004448.4(ERBB2):c.1617G>A (p.Glu539=)","chr17","39716404","G/A","ERBB2","-0.08","dataset0532","Synonymous","Neutral to the ERBB2-mediated cellular proliferation in OVCAR8","ERBB2-mediated cellular proliferation","6","Functionally normal","","6.21445e-07","NA","CRISPR-Based Genome Editing","Base editing","33606977"
"NM_004448.4(ERBB2):c.1621G>A (p.Val541Met)","chr17","39716408","G/A","ERBB2","-0.08","dataset0532","Missense","Neutral to the ERBB2-mediated cellular proliferation in OVCAR8","ERBB2-mediated cellular proliferation","6","Functionally normal","Uncertain significance","1.11846e-05","NA","CRISPR-Based Genome Editing","Base editing","33606977"
"NM_004448.4(ERBB2):c.1626G>A (p.Glu542=)","chr17","39716413","G/A","ERBB2","0.064","dataset0532","Synonymous","Neutral to the ERBB2-mediated cellular proliferation in OVCAR8","ERBB2-mediated cellular proliferation","6","Functionally normal","","","NA","CRISPR-Based Genome Editing","Base editing","33606977"
"NM_004448.4(ERBB2):c.1627G>A (p.Glu543Lys)","chr17","39716414","G/A","ERBB2","0.064","dataset0532","Missense","Neutral to the ERBB2-mediated cellular proliferation in OVCAR8","ERBB2-mediated cellular proliferation","6","Functionally normal","","","NA","CRISPR-Based Genome Editing","Base editing","33606977"
"NM_004448.4(ERBB2):c.1646+1G>A","chr17","39716434","G/A","ERBB2","-0.199","dataset0532","Splice site","Neutral to the ERBB2-mediated cellular proliferation in OVCAR8","ERBB2-mediated cellular proliferation","6","Functionally normal","","1.24019e-06","NA","CRISPR-Based Genome Editing","Base editing","33606977"
"NM_004448.4(ERBB2):c.1646+5G>A","chr17","39716438","G/A","ERBB2","-0.199","dataset0532","Splice site","Neutral to the ERBB2-mediated cellular proliferation in OVCAR8","ERBB2-mediated cellular proliferation","6","Functionally normal","","","NA","CRISPR-Based Genome Editing","Base editing","33606977"
"NM_004448.4(ERBB2):c.1647-10C>T","chr17","39716505","C/T","ERBB2","0.083","dataset0532","Splice site","Neutral to the ERBB2-mediated cellular proliferation in OVCAR8","ERBB2-mediated cellular proliferation","6","Functionally normal","","","NA","CRISPR-Based Genome Editing","Base editing","33606977"
"NM_004448.4(ERBB2):c.1647-7C>T","chr17","39716508","C/T","ERBB2","-1.216","dataset0532","Splice site","Neutral to the ERBB2-mediated cellular proliferation in OVCAR8","ERBB2-mediated cellular proliferation","6","Functionally normal","","","NA","CRISPR-Based Genome Editing","Base editing","33606977"
"NM_004448.4(ERBB2):c.1647-5C>T","chr17","39716510","C/T","ERBB2","-1.216","dataset0532","Splice site","Neutral to the ERBB2-mediated cellular proliferation in OVCAR8","ERBB2-mediated cellular proliferation","6","Functionally normal","Likely benign","2.4781e-06","NA","CRISPR-Based Genome Editing","Base editing","33606977"
"NM_004448.4(ERBB2):c.1665G>A (p.Val555=)","chr17","39716533","G/A","ERBB2","-0.975","dataset0532","Synonymous","Neutral to the ERBB2-mediated cellular proliferation in OVCAR8","ERBB2-mediated cellular proliferation","6","Functionally normal","","1.85853e-06","NA","CRISPR-Based Genome Editing","Base editing","33606977"
"NM_004448.4(ERBB2):c.1686G>A (p.Pro562=)","chr17","39716554","G/A","ERBB2","-0.069","dataset0532","Synonymous","Neutral to the ERBB2-mediated cellular proliferation in OVCAR8","ERBB2-mediated cellular proliferation","6","Functionally normal","Likely benign","8.54993e-05","NA","CRISPR-Based Genome Editing","Base editing","33606977"
"NM_004448.4(ERBB2):c.1700G>A (p.Cys567Tyr)","chr17","39716568","G/A","ERBB2","-0.653","dataset0532","Missense","Neutral to the ERBB2-mediated cellular proliferation in OVCAR8","ERBB2-mediated cellular proliferation","6","Functionally normal","","","NA","CRISPR-Based Genome Editing","Base editing","33606977"
"NM_004448.4(ERBB2):c.1710G>A (p.Gln570=)","chr17","39716578","G/A","ERBB2","-0.12","dataset0532","Synonymous","Neutral to the ERBB2-mediated cellular proliferation in OVCAR8","ERBB2-mediated cellular proliferation","6","Functionally normal","","","NA","CRISPR-Based Genome Editing","Base editing","33606977"
"NM_004448.4(ERBB2):c.1718C>T (p.Ser573Leu)","chr17","39716586","C/T","ERBB2","0.639","dataset0532","Missense","Neutral to the ERBB2-mediated cellular proliferation in OVCAR8","ERBB2-mediated cellular proliferation","6","Functionally normal","","1.2391e-06","blca:0.2% (1/411):0.340","CRISPR-Based Genome Editing","Base editing","33606977"
"NM_004448.4(ERBB2):c.1722G>A (p.Val574=)","chr17","39716590","G/A","ERBB2","0.26","dataset0532","Synonymous","Neutral to the ERBB2-mediated cellular proliferation in OVCAR8","ERBB2-mediated cellular proliferation","6","Functionally normal","","","NA","CRISPR-Based Genome Editing","Base editing","33606977"
"NM_004448.4(ERBB2):c.1737+3G>A","chr17","39716608","G/A","ERBB2","-0.064","dataset0532","Splice site","Neutral to the ERBB2-mediated cellular proliferation in OVCAR8","ERBB2-mediated cellular proliferation","6","Functionally normal","","","NA","CRISPR-Based Genome Editing","Base editing","33606977"
"NM_004448.4(ERBB2):c.1749G>A (p.Gln583=)","chr17","39717331","G/A","ERBB2","-0.259","dataset0532","Synonymous","Neutral to the ERBB2-mediated cellular proliferation in OVCAR8","ERBB2-mediated cellular proliferation","6","Functionally normal","","6.20451e-07","NA","CRISPR-Based Genome Editing","Base editing","33606977"
"NM_004448.4(ERBB2):c.1751G>A (p.Cys584Tyr)","chr17","39717333","G/A","ERBB2","-0.259","dataset0532","Missense","Neutral to the ERBB2-mediated cellular proliferation in OVCAR8","ERBB2-mediated cellular proliferation","6","Functionally normal","","","NA","CRISPR-Based Genome Editing","Base editing","33606977"
"NM_004448.4(ERBB2):c.1753G>A (p.Val585Met)","chr17","39717335","G/A","ERBB2","-0.259","dataset0532","Missense","Neutral to the ERBB2-mediated cellular proliferation in OVCAR8","ERBB2-mediated cellular proliferation","6","Functionally normal","","","NA","CRISPR-Based Genome Editing","Base editing","33606977"
"NM_004448.4(ERBB2):c.1758C>T (p.Ala586=)","chr17","39717340","C/T","ERBB2","0.717","dataset0532","Synonymous","Neutral to the ERBB2-mediated cellular proliferation in OVCAR8","ERBB2-mediated cellular proliferation","6","Functionally normal","","","NA","CRISPR-Based Genome Editing","Base editing","33606977"
"NM_004448.4(ERBB2):c.1773G>A (p.Lys591=)","chr17","39717355","G/A","ERBB2","1.01","dataset0532","Synonymous","Neutral to the ERBB2-mediated cellular proliferation in OVCAR8","ERBB2-mediated cellular proliferation","6","Functionally normal","","","NA","CRISPR-Based Genome Editing","Base editing","33606977"
"NM_004448.4(ERBB2):c.1774G>A (p.Asp592Asn)","chr17","39717356","G/A","ERBB2","1.01","dataset0532","Missense","Neutral to the ERBB2-mediated cellular proliferation in OVCAR8","ERBB2-mediated cellular proliferation","6","Functionally normal","","","NA","CRISPR-Based Genome Editing","Base editing","33606977"
"NM_004448.4(ERBB2):c.1776C>T (p.Asp592=)","chr17","39717358","C/T","ERBB2","-1.357","dataset0532","Synonymous","Neutral to the ERBB2-mediated cellular proliferation in OVCAR8","ERBB2-mediated cellular proliferation","6","Functionally normal","","","NA","CRISPR-Based Genome Editing","Base editing","33606977"
"NM_004448.4(ERBB2):c.1777C>T (p.Pro593Ser)","chr17","39717359","C/T","ERBB2","-1.357","dataset0532","Missense","Neutral to the ERBB2-mediated cellular proliferation in OVCAR8","ERBB2-mediated cellular proliferation","6","Functionally normal","","6.20099e-07","NA","CRISPR-Based Genome Editing","Base editing","33606977"
"NM_004448.4(ERBB2):c.1808G>A (p.Gly603Asp)","chr17","39717390","G/A","ERBB2","-0.7","dataset0532","Missense","Neutral to the ERBB2-mediated cellular proliferation in OVCAR8","ERBB2-mediated cellular proliferation","6","Functionally normal","","6.19989e-07","NA","CRISPR-Based Genome Editing","Base editing","33606977"
"NM_004448.4(ERBB2):c.1819G>A (p.Asp607Asn)","chr17","39717401","G/A","ERBB2","0.094","dataset0532","Missense","Neutral to the ERBB2-mediated cellular proliferation in OVCAR8","ERBB2-mediated cellular proliferation","6","Functionally normal","","","NA","CRISPR-Based Genome Editing","Base editing","33606977"
"NM_004448.4(ERBB2):c.1824C>T (p.Leu608=)","chr17","39717406","C/T","ERBB2","0.23","dataset0532","Synonymous","Neutral to the ERBB2-mediated cellular proliferation in OVCAR8","ERBB2-mediated cellular proliferation","6","Functionally normal","","3.09937e-06","NA","CRISPR-Based Genome Editing","Base editing","33606977"
"NM_004448.4(ERBB2):c.1826_1827delinsTT (p.Ser609Phe)","chr17","39717408","CC/TT","ERBB2","0.23","dataset0532","Missense","Neutral to the ERBB2-mediated cellular proliferation in OVCAR8","ERBB2-mediated cellular proliferation","6","Functionally normal","","","NA","CRISPR-Based Genome Editing","Base editing","33606977"
"NM_004448.4(ERBB2):c.1839C>T (p.Ile613=)","chr17","39717421","C/T","ERBB2","0.291","dataset0532","Synonymous","Neutral to the ERBB2-mediated cellular proliferation in OVCAR8","ERBB2-mediated cellular proliferation","6","Functionally normal","","6.19825e-07","NA","CRISPR-Based Genome Editing","Base editing","33606977"
"NM_004448.4(ERBB2):c.1841_1842delinsAA (p.Trp614Ter)","chr17","39717423","GG/AA","ERBB2","-0.135","dataset0532","Nonsense","Neutral to the ERBB2-mediated cellular proliferation in OVCAR8","ERBB2-mediated cellular proliferation","6","Functionally normal","","","NA","CRISPR-Based Genome Editing","Base editing","33606977"
"NM_004448.4(ERBB2):c.1845G>A (p.Lys615=)","chr17","39717427","G/A","ERBB2","-0.135","dataset0532","Synonymous","Neutral to the ERBB2-mediated cellular proliferation in OVCAR8","ERBB2-mediated cellular proliferation","6","Functionally normal","","0","NA","CRISPR-Based Genome Editing","Base editing","33606977"
"NM_004448.4(ERBB2):c.1852G>A (p.Asp618Asn)","chr17","39717434","G/A","ERBB2","-1.709","dataset0532","Missense","Neutral to the ERBB2-mediated cellular proliferation in OVCAR8","ERBB2-mediated cellular proliferation","6","Functionally normal","","","NA","CRISPR-Based Genome Editing","Base editing","33606977"
"NM_004448.4(ERBB2):c.1898+1G>A","chr17","39717481","G/A","ERBB2","0.834","dataset0532","Splice site","Neutral to the ERBB2-mediated cellular proliferation in OVCAR8","ERBB2-mediated cellular proliferation","6","Functionally normal","","2.48361e-06","NA","CRISPR-Based Genome Editing","Base editing","33606977"
"NM_004448.4(ERBB2):c.1899-9C>T","chr17","39719778","C/T","ERBB2","0.847","dataset0532","Splice site","Neutral to the ERBB2-mediated cellular proliferation in OVCAR8","ERBB2-mediated cellular proliferation","6","Functionally normal","Likely benign","1.23908e-06","NA","CRISPR-Based Genome Editing","Base editing","33606977"
"NM_004448.4(ERBB2):c.1928_1929delinsTT (p.Pro643Leu)","chr17","39719816","CC/TT","ERBB2","-0.907","dataset0532","Missense","Neutral to the ERBB2-mediated cellular proliferation in OVCAR8","ERBB2-mediated cellular proliferation","6","Functionally normal","","","NA","CRISPR-Based Genome Editing","Base editing","33606977"
"NM_004448.4(ERBB2):c.1932C>T (p.Ala644=)","chr17","39719820","C/T","ERBB2","-0.907","dataset0532","Synonymous","Neutral to the ERBB2-mediated cellular proliferation in OVCAR8","ERBB2-mediated cellular proliferation","6","Functionally normal","Benign","0.000122044","NA","CRISPR-Based Genome Editing","Base editing","33606977"
"NM_004448.4(ERBB2):c.1946G>A (p.Ser649Asn)","chr17","39719834","G/A","ERBB2","-0.666","dataset0532","Missense","Neutral to the ERBB2-mediated cellular proliferation in OVCAR8","ERBB2-mediated cellular proliferation","6","Functionally normal","","","NA","CRISPR-Based Genome Editing","Base editing","33606977"
"NM_004448.4(ERBB2):c.1946+1G>A","chr17","39719835","G/A","ERBB2","-0.666","dataset0532","Splice site","Neutral to the ERBB2-mediated cellular proliferation in OVCAR8","ERBB2-mediated cellular proliferation","6","Functionally normal","","6.19515e-07","NA","CRISPR-Based Genome Editing","Base editing","33606977"
"NM_004448.4(ERBB2):c.1946+4G>A","chr17","39719838","G/A","ERBB2","-0.666","dataset0532","Splice site","Neutral to the ERBB2-mediated cellular proliferation in OVCAR8","ERBB2-mediated cellular proliferation","6","Functionally normal","","","NA","CRISPR-Based Genome Editing","Base editing","33606977"
"NM_004448.4(ERBB2):c.1955C>T (p.Thr652Met)","chr17","39723327","C/T","ERBB2","-0.73","dataset0532","Missense","Neutral to the ERBB2-mediated cellular proliferation in OVCAR8","ERBB2-mediated cellular proliferation","6","Functionally normal","","","NA","CRISPR-Based Genome Editing","Base editing","33606977"
"NM_004448.4(ERBB2):c.1956G>A (p.Thr652=)","chr17","39723328","G/A","ERBB2","1.596","dataset0532","Synonymous","Neutral to the ERBB2-mediated cellular proliferation in OVCAR8","ERBB2-mediated cellular proliferation","6","Functionally normal","","4.96489e-06","NA","CRISPR-Based Genome Editing","Base editing","33606977"
"NM_004448.4(ERBB2):c.1958_1959delinsTT (p.Ser653Phe)","chr17","39723330","CC/TT","ERBB2","-0.711","dataset0532","Missense","Neutral to the ERBB2-mediated cellular proliferation in OVCAR8","ERBB2-mediated cellular proliferation","6","Functionally normal","","","NA","CRISPR-Based Genome Editing","Base editing","33606977"
"NM_004448.4(ERBB2):c.1962C>T (p.Ile654=)","chr17","39723334","C/T","ERBB2","0.765","dataset0532","Synonymous","Neutral to the ERBB2-mediated cellular proliferation in OVCAR8","ERBB2-mediated cellular proliferation","6","Functionally normal","","2.48011e-06","NA","CRISPR-Based Genome Editing","Base editing","33606977"
"NM_004448.4(ERBB2):c.1974G>A (p.Val658=)","chr17","39723346","G/A","ERBB2","-0.722","dataset0532","Synonymous","Neutral to the ERBB2-mediated cellular proliferation in OVCAR8","ERBB2-mediated cellular proliferation","6","Functionally normal","","2.4781e-06","NA","CRISPR-Based Genome Editing","Base editing","33606977"
"NM_004448.4(ERBB2):c.1975G>A (p.Val659Ile)","chr17","39723347","G/A","ERBB2","-0.722","dataset0532","Missense","Neutral to the ERBB2-mediated cellular proliferation in OVCAR8","ERBB2-mediated cellular proliferation","6","Functionally normal","","","NA","CRISPR-Based Genome Editing","Base editing","33606977"
"NM_004448.4(ERBB2):c.1984C>T (p.Leu662=)","chr17","39723356","C/T","ERBB2","0.294","dataset0532","Synonymous","Neutral to the ERBB2-mediated cellular proliferation in OVCAR8","ERBB2-mediated cellular proliferation","6","Functionally normal","","","NA","CRISPR-Based Genome Editing","Base editing","33606977"
"NM_004448.4(ERBB2):c.1992C>T (p.Val664=)","chr17","39723364","C/T","ERBB2","0.31","dataset0532","Synonymous","Neutral to the ERBB2-mediated cellular proliferation in OVCAR8","ERBB2-mediated cellular proliferation","6","Functionally normal","","6.19715e-07","NA","CRISPR-Based Genome Editing","Base editing","33606977"
"NM_004448.4(ERBB2):c.1998C>T (p.Val666=)","chr17","39723370","C/T","ERBB2","0.492","dataset0532","Synonymous","Neutral to the ERBB2-mediated cellular proliferation in OVCAR8","ERBB2-mediated cellular proliferation","6","Functionally normal","","6.19987e-07","NA","CRISPR-Based Genome Editing","Base editing","33606977"
"NM_004448.4(ERBB2):c.2019C>T (p.Ile673=)","chr17","39723391","C/T","ERBB2","-1.424","dataset0532","Synonymous","Neutral to the ERBB2-mediated cellular proliferation in OVCAR8","ERBB2-mediated cellular proliferation","6","Functionally normal","","","NA","CRISPR-Based Genome Editing","Base editing","33606977"
"NM_004448.4(ERBB2):c.2032C>T (p.Arg678Trp)","chr17","39723404","C/T","ERBB2","0.232","dataset0532","Missense","Neutral to the ERBB2-mediated cellular proliferation in OVCAR8","ERBB2-mediated cellular proliferation","6","Functionally normal","","3.71738e-06","NA","CRISPR-Based Genome Editing","Base editing","33606977"
"NM_004448.4(ERBB2):c.2046C>T (p.Ile682=)","chr17","39723418","C/T","ERBB2","0.456","dataset0532","Synonymous","Neutral to the ERBB2-mediated cellular proliferation in OVCAR8","ERBB2-mediated cellular proliferation","6","Functionally normal","","","NA","CRISPR-Based Genome Editing","Base editing","33606977"
"NM_004448.4(ERBB2):c.2047C>T (p.Arg683Trp)","chr17","39723419","C/T","ERBB2","0.456","dataset0532","Missense","Neutral to the ERBB2-mediated cellular proliferation in OVCAR8","ERBB2-mediated cellular proliferation","6","Functionally normal","","6.19507e-07","NA","CRISPR-Based Genome Editing","Base editing","33606977"
"NM_004448.4(ERBB2):c.2063_2064delinsAA (p.Arg688Gln)","chr17","39723435","GG/AA","ERBB2","0.042","dataset0532","Missense","Neutral to the ERBB2-mediated cellular proliferation in OVCAR8","ERBB2-mediated cellular proliferation","6","Functionally normal","","","NA","CRISPR-Based Genome Editing","Base editing","33606977"
"NM_004448.4(ERBB2):c.2068C>T (p.Leu690=)","chr17","39723440","C/T","ERBB2","0.171","dataset0532","Synonymous","Neutral to the ERBB2-mediated cellular proliferation in OVCAR8","ERBB2-mediated cellular proliferation","6","Functionally normal","","","NA","CRISPR-Based Genome Editing","Base editing","33606977"
"NM_004448.4(ERBB2):c.2086-13C>T","chr17","39723525","C/T","ERBB2","-0.23","dataset0532","Splice site","Neutral to the ERBB2-mediated cellular proliferation in OVCAR8","ERBB2-mediated cellular proliferation","6","Functionally normal","","","NA","CRISPR-Based Genome Editing","Base editing","33606977"
"NM_004448.4(ERBB2):c.2086-12C>T","chr17","39723526","C/T","ERBB2","-0.23","dataset0532","Splice site","Neutral to the ERBB2-mediated cellular proliferation in OVCAR8","ERBB2-mediated cellular proliferation","6","Functionally normal","","","NA","CRISPR-Based Genome Editing","Base editing","33606977"
"NM_004448.4(ERBB2):c.2086-11C>T","chr17","39723527","C/T","ERBB2","-0.23","dataset0532","Splice site","Neutral to the ERBB2-mediated cellular proliferation in OVCAR8","ERBB2-mediated cellular proliferation","6","Functionally normal","","1.24013e-06","NA","CRISPR-Based Genome Editing","Base editing","33606977"
"NM_004448.4(ERBB2):c.2086-10C>T","chr17","39723528","C/T","ERBB2","-0.23","dataset0532","Splice site","Neutral to the ERBB2-mediated cellular proliferation in OVCAR8","ERBB2-mediated cellular proliferation","6","Functionally normal","","","NA","CRISPR-Based Genome Editing","Base editing","33606977"
"NM_004448.4(ERBB2):c.2096C>T (p.Pro699Leu)","chr17","39723548","C/T","ERBB2","0.269","dataset0532","Missense","Neutral to the ERBB2-mediated cellular proliferation in OVCAR8","ERBB2-mediated cellular proliferation","6","Functionally normal","","","NA","CRISPR-Based Genome Editing","Base editing","33606977"
"NM_004448.4(ERBB2):c.2100G>A (p.Leu700=)","chr17","39723552","G/A","ERBB2","-1.157","dataset0532","Synonymous","Neutral to the ERBB2-mediated cellular proliferation in OVCAR8","ERBB2-mediated cellular proliferation","6","Functionally normal","","","NA","CRISPR-Based Genome Editing","Base editing","33606977"
"NM_004448.4(ERBB2):c.2110_2111delinsAA (p.Gly704Lys)","chr17","39723562","GG/AA","ERBB2","0.473","dataset0532","Missense","Neutral to the ERBB2-mediated cellular proliferation in OVCAR8","ERBB2-mediated cellular proliferation","6","Functionally normal","","","NA","CRISPR-Based Genome Editing","Base editing","33606977"
"NM_004448.4(ERBB2):c.2120_2121delinsTT (p.Pro707Leu)","chr17","39723572","CC/TT","ERBB2","0.574","dataset0532","Missense","Neutral to the ERBB2-mediated cellular proliferation in OVCAR8","ERBB2-mediated cellular proliferation","6","Functionally normal","","","NA","CRISPR-Based Genome Editing","Base editing","33606977"
"NM_004448.4(ERBB2):c.2124C>T (p.Asn708=)","chr17","39723576","C/T","ERBB2","0.574","dataset0532","Synonymous","Neutral to the ERBB2-mediated cellular proliferation in OVCAR8","ERBB2-mediated cellular proliferation","6","Functionally normal","","","NA","CRISPR-Based Genome Editing","Base editing","33606977"
"NM_004448.4(ERBB2):c.2138_2139delinsAA (p.Arg713Gln)","chr17","39723590","GG/AA","ERBB2","0.546","dataset0532","Missense","Neutral to the ERBB2-mediated cellular proliferation in OVCAR8","ERBB2-mediated cellular proliferation","6","Functionally normal","","","NA","CRISPR-Based Genome Editing","Base editing","33606977"
"NM_004448.4(ERBB2):c.2138G>A (p.Arg713Gln)","chr17","39723590","G/A","ERBB2","0.343","dataset0532","Missense","Neutral to the ERBB2-mediated cellular proliferation in OVCAR8","ERBB2-mediated cellular proliferation","6","Functionally normal","","6.21455e-07","NA","CRISPR-Based Genome Editing","Base editing","33606977"
"NM_004448.4(ERBB2):c.2139G>A (p.Arg713=)","chr17","39723591","G/A","ERBB2","-0.13","dataset0532","Synonymous","Neutral to the ERBB2-mediated cellular proliferation in OVCAR8","ERBB2-mediated cellular proliferation","6","Functionally normal","","6.21502e-07","NA","CRISPR-Based Genome Editing","Base editing","33606977"
"NM_004448.4(ERBB2):c.2209-8C>T","chr17","39723904","C/T","ERBB2","0.518","dataset0532","Splice site","Neutral to the ERBB2-mediated cellular proliferation in OVCAR8","ERBB2-mediated cellular proliferation","6","Functionally normal","","","NA","CRISPR-Based Genome Editing","Base editing","33606977"
"NM_004448.4(ERBB2):c.2214C>T (p.Ile738=)","chr17","39723917","C/T","ERBB2","0.755","dataset0532","Synonymous","Neutral to the ERBB2-mediated cellular proliferation in OVCAR8","ERBB2-mediated cellular proliferation","6","Functionally normal","","6.19711e-07","NA","CRISPR-Based Genome Editing","Base editing","33606977"
"NM_004448.4(ERBB2):c.2224G>A (p.Asp742Asn)","chr17","39723927","G/A","ERBB2","-1.155","dataset0532","Missense","Neutral to the ERBB2-mediated cellular proliferation in OVCAR8","ERBB2-mediated cellular proliferation","6","Functionally normal","","","NA","CRISPR-Based Genome Editing","Base editing","33606977"
"NM_004448.4(ERBB2):c.2253C>T (p.Ala751=)","chr17","39723956","C/T","ERBB2","0.531","dataset0532","Synonymous","Neutral to the ERBB2-mediated cellular proliferation in OVCAR8","ERBB2-mediated cellular proliferation","6","Functionally normal","","","NA","CRISPR-Based Genome Editing","Base editing","33606977"
"NM_004448.4(ERBB2):c.2296G>A (p.Glu766Lys)","chr17","39723999","G/A","ERBB2","-0.306","dataset0532","Missense","Neutral to the ERBB2-mediated cellular proliferation in OVCAR8","ERBB2-mediated cellular proliferation","6","Functionally normal","Uncertain significance","","NA","CRISPR-Based Genome Editing","Base editing","33606977"
"NM_004448.4(ERBB2):c.2305G>A (p.Asp769Asn)","chr17","39724008","G/A","ERBB2","-0.063","dataset0532","Missense","Neutral to the ERBB2-mediated cellular proliferation in OVCAR8","ERBB2-mediated cellular proliferation","6","Functionally normal","","","cesc:0.3% (1/297):0.310","CRISPR-Based Genome Editing","Base editing","33606977"
"NM_004448.4(ERBB2):c.2308-4C>T","chr17","39724722","C/T","ERBB2","-0.64","dataset0532","Splice site","Neutral to the ERBB2-mediated cellular proliferation in OVCAR8","ERBB2-mediated cellular proliferation","6","Functionally normal","","6.19633e-07","NA","CRISPR-Based Genome Editing","Base editing","33606977"
"NM_004448.4(ERBB2):c.2308-3C>T","chr17","39724723","C/T","ERBB2","-0.64","dataset0532","Splice site","Neutral to the ERBB2-mediated cellular proliferation in OVCAR8","ERBB2-mediated cellular proliferation","6","Functionally normal","","","NA","CRISPR-Based Genome Editing","Base editing","33606977"
"NM_004448.4(ERBB2):c.2316C>T (p.Tyr772=)","chr17","39724734","C/T","ERBB2","0.692","dataset0532","Synonymous","Neutral to the ERBB2-mediated cellular proliferation in OVCAR8","ERBB2-mediated cellular proliferation","6","Functionally normal","Likely benign","1.23921e-05","NA","CRISPR-Based Genome Editing","Base editing","33606977"
"NM_004448.4(ERBB2):c.2319G>A (p.Val773=)","chr17","39724737","G/A","ERBB2","-0.228","dataset0532","Synonymous","Neutral to the ERBB2-mediated cellular proliferation in OVCAR8","ERBB2-mediated cellular proliferation","6","Functionally normal","","","NA","CRISPR-Based Genome Editing","Base editing","33606977"
"NM_004448.4(ERBB2):c.2322G>A (p.Met774Ile)","chr17","39724740","G/A","ERBB2","-0.228","dataset0532","Missense","Neutral to the ERBB2-mediated cellular proliferation in OVCAR8","ERBB2-mediated cellular proliferation","6","Functionally normal","","","NA","CRISPR-Based Genome Editing","Base editing","33606977"
"NM_004448.4(ERBB2):c.2364C>T (p.Ile788=)","chr17","39724782","C/T","ERBB2","0.576","dataset0532","Synonymous","Neutral to the ERBB2-mediated cellular proliferation in OVCAR8","ERBB2-mediated cellular proliferation","6","Functionally normal","","6.19483e-07","NA","CRISPR-Based Genome Editing","Base editing","33606977"
"NM_004448.4(ERBB2):c.2370G>A (p.Leu790=)","chr17","39724788","G/A","ERBB2","0.399","dataset0532","Synonymous","Neutral to the ERBB2-mediated cellular proliferation in OVCAR8","ERBB2-mediated cellular proliferation","6","Functionally normal","","","NA","CRISPR-Based Genome Editing","Base editing","33606977"
"NM_004448.4(ERBB2):c.2372C>T (p.Thr791Ile)","chr17","39724790","C/T","ERBB2","-0.406","dataset0532","Missense","Neutral to the ERBB2-mediated cellular proliferation in OVCAR8","ERBB2-mediated cellular proliferation","6","Functionally normal","","","NA","CRISPR-Based Genome Editing","Base editing","33606977"
"NM_004448.4(ERBB2):c.2391G>A (p.Val797=)","chr17","39724809","G/A","ERBB2","-0.228","dataset0532","Synonymous","Neutral to the ERBB2-mediated cellular proliferation in OVCAR8","ERBB2-mediated cellular proliferation","6","Functionally normal","","3.09762e-06","NA","CRISPR-Based Genome Editing","Base editing","33606977"
"NM_004448.4(ERBB2):c.2393C>T (p.Thr798Ile)","chr17","39724811","C/T","ERBB2","-0.81","dataset0532","Missense","Neutral to the ERBB2-mediated cellular proliferation in OVCAR8","ERBB2-mediated cellular proliferation","6","Functionally normal","","","NA","CRISPR-Based Genome Editing","Base editing","33606977"
"NM_004448.4(ERBB2):c.2395C>T (p.Gln799Ter)","chr17","39724813","C/T","ERBB2","-0.81","dataset0532","Nonsense","Neutral to the ERBB2-mediated cellular proliferation in OVCAR8","ERBB2-mediated cellular proliferation","6","Functionally normal","","","NA","CRISPR-Based Genome Editing","Base editing","33606977"
"NM_004448.4(ERBB2):c.2422G>A (p.Asp808Asn)","chr17","39724840","G/A","ERBB2","-0.315","dataset0532","Missense","Neutral to the ERBB2-mediated cellular proliferation in OVCAR8","ERBB2-mediated cellular proliferation","6","Functionally normal","","","NA","CRISPR-Based Genome Editing","Base editing","33606977"
"NM_004448.4(ERBB2):c.2425C>T (p.His809Tyr)","chr17","39724843","C/T","ERBB2","-0.076","dataset0532","Missense","Neutral to the ERBB2-mediated cellular proliferation in OVCAR8","ERBB2-mediated cellular proliferation","6","Functionally normal","","","NA","CRISPR-Based Genome Editing","Base editing","33606977"
"NM_004448.4(ERBB2):c.2432_2433delinsAA (p.Arg811Gln)","chr17","39724850","GG/AA","ERBB2","-0.461","dataset0532","Missense","Neutral to the ERBB2-mediated cellular proliferation in OVCAR8","ERBB2-mediated cellular proliferation","6","Functionally normal","","","NA","CRISPR-Based Genome Editing","Base editing","33606977"
"NM_004448.4(ERBB2):c.2434G>A (p.Glu812Lys)","chr17","39724852","G/A","ERBB2","-0.461","dataset0532","Missense","Neutral to the ERBB2-mediated cellular proliferation in OVCAR8","ERBB2-mediated cellular proliferation","6","Functionally normal","","","NA","CRISPR-Based Genome Editing","Base editing","33606977"
"NM_004448.4(ERBB2):c.2446C>T (p.Arg816Cys)","chr17","39724864","C/T","ERBB2","0.872","dataset0532","Missense","Neutral to the ERBB2-mediated cellular proliferation in OVCAR8","ERBB2-mediated cellular proliferation","6","Functionally normal","Uncertain significance","6.81447e-06","NA","CRISPR-Based Genome Editing","Base editing","33606977"
"NM_004448.4(ERBB2):c.2456_2457delinsTT (p.Ser819Phe)","chr17","39724874","CC/TT","ERBB2","0.03","dataset0532","Missense","Neutral to the ERBB2-mediated cellular proliferation in OVCAR8","ERBB2-mediated cellular proliferation","6","Functionally normal","","","NA","CRISPR-Based Genome Editing","Base editing","33606977"
"NM_004448.4(ERBB2):c.2458C>T (p.Gln820Ter)","chr17","39724876","C/T","ERBB2","0.03","dataset0532","Nonsense","Neutral to the ERBB2-mediated cellular proliferation in OVCAR8","ERBB2-mediated cellular proliferation","6","Functionally normal","","","NA","CRISPR-Based Genome Editing","Base editing","33606977"
"NM_004448.4(ERBB2):c.2474_2475delinsAA (p.Trp825Ter)","chr17","39724892","GG/AA","ERBB2","-0.87","dataset0532","Nonsense","Neutral to the ERBB2-mediated cellular proliferation in OVCAR8","ERBB2-mediated cellular proliferation","6","Functionally normal","","","NA","CRISPR-Based Genome Editing","Base editing","33606977"
"NM_004448.4(ERBB2):c.2494-4C>T","chr17","39725045","C/T","ERBB2","0.117","dataset0532","Splice site","Neutral to the ERBB2-mediated cellular proliferation in OVCAR8","ERBB2-mediated cellular proliferation","6","Functionally normal","","1.85863e-06","NA","CRISPR-Based Genome Editing","Base editing","33606977"
"NM_004448.4(ERBB2):c.2494-3C>T","chr17","39725046","C/T","ERBB2","0.117","dataset0532","Splice site","Neutral to the ERBB2-mediated cellular proliferation in OVCAR8","ERBB2-mediated cellular proliferation","6","Functionally normal","Uncertain significance","","NA","CRISPR-Based Genome Editing","Base editing","33606977"
"NM_004448.4(ERBB2):c.2505C>T (p.Tyr835=)","chr17","39725060","C/T","ERBB2","0.505","dataset0532","Synonymous","Neutral to the ERBB2-mediated cellular proliferation in OVCAR8","ERBB2-mediated cellular proliferation","6","Functionally normal","","0","NA","CRISPR-Based Genome Editing","Base editing","33606977"
"NM_004448.4(ERBB2):c.2508G>A (p.Leu836=)","chr17","39725063","G/A","ERBB2","-1.108","dataset0532","Synonymous","Neutral to the ERBB2-mediated cellular proliferation in OVCAR8","ERBB2-mediated cellular proliferation","6","Functionally normal","","1.11518e-05","NA","CRISPR-Based Genome Editing","Base editing","33606977"
"NM_004448.4(ERBB2):c.2509G>A (p.Glu837Lys)","chr17","39725064","G/A","ERBB2","-1.108","dataset0532","Missense","Neutral to the ERBB2-mediated cellular proliferation in OVCAR8","ERBB2-mediated cellular proliferation","6","Functionally normal","","","NA","CRISPR-Based Genome Editing","Base editing","33606977"
"NM_004448.4(ERBB2):c.2523C>T (p.Leu841=)","chr17","39725078","C/T","ERBB2","0.151","dataset0532","Synonymous","Neutral to the ERBB2-mediated cellular proliferation in OVCAR8","ERBB2-mediated cellular proliferation","6","Functionally normal","Likely benign","2.23048e-05","NA","CRISPR-Based Genome Editing","Base editing","33606977"
"NM_004448.4(ERBB2):c.2524G>A (p.Val842Ile)","chr17","39725079","G/A","ERBB2","-0.556","dataset0532","Missense","Neutral to the ERBB2-mediated cellular proliferation in OVCAR8","ERBB2-mediated cellular proliferation","6","Functionally normal","Uncertain significance","1.85859e-06","blca:0.5% (2/411):0.485;brca:0.1% (1/1084):0.420;coad:0.2% (1/439):0.740;paad:1.1% (2/184):0.190;read:1.3% (2/155):0.680;stad:0.2% (1/440):0.330;ucec:0.8% (4/529):0.375;ucs:1.8% (1/57):0.420","CRISPR-Based Genome Editing","Base editing","33606977"
"NM_004448.4(ERBB2):c.2529C>T (p.His843=)","chr17","39725084","C/T","ERBB2","0.235","dataset0532","Synonymous","Neutral to the ERBB2-mediated cellular proliferation in OVCAR8","ERBB2-mediated cellular proliferation","6","Functionally normal","","6.19513e-07","NA","CRISPR-Based Genome Editing","Base editing","33606977"
"NM_004448.4(ERBB2):c.2541C>T (p.Ala847=)","chr17","39725096","C/T","ERBB2","-0.86","dataset0532","Synonymous","Neutral to the ERBB2-mediated cellular proliferation in OVCAR8","ERBB2-mediated cellular proliferation","6","Functionally normal","Likely benign","0.000475805","NA","CRISPR-Based Genome Editing","Base editing","33606977"
"NM_004448.4(ERBB2):c.2556G>A (p.Leu852=)","chr17","39725111","G/A","ERBB2","-0.814","dataset0532","Synonymous","Neutral to the ERBB2-mediated cellular proliferation in OVCAR8","ERBB2-mediated cellular proliferation","6","Functionally normal","","","NA","CRISPR-Based Genome Editing","Base editing","33606977"
"NM_004448.4(ERBB2):c.2557G>A (p.Val853Ile)","chr17","39725112","G/A","ERBB2","-0.814","dataset0532","Missense","Neutral to the ERBB2-mediated cellular proliferation in OVCAR8","ERBB2-mediated cellular proliferation","6","Functionally normal","","","NA","CRISPR-Based Genome Editing","Base editing","33606977"
"NM_004448.4(ERBB2):c.2577C>T (p.Val859=)","chr17","39725132","C/T","ERBB2","-0.814","dataset0532","Synonymous","Neutral to the ERBB2-mediated cellular proliferation in OVCAR8","ERBB2-mediated cellular proliferation","6","Functionally normal","","6.19536e-07","NA","CRISPR-Based Genome Editing","Base editing","33606977"
"NM_004448.4(ERBB2):c.2585C>T (p.Thr862Ile)","chr17","39725140","C/T","ERBB2","0.274","dataset0532","Missense","Neutral to the ERBB2-mediated cellular proliferation in OVCAR8","ERBB2-mediated cellular proliferation","6","Functionally normal","","6.19512e-07","NA","CRISPR-Based Genome Editing","Base editing","33606977"
"NM_004448.4(ERBB2):c.2589C>T (p.Asp863=)","chr17","39725144","C/T","ERBB2","0.274","dataset0532","Synonymous","Neutral to the ERBB2-mediated cellular proliferation in OVCAR8","ERBB2-mediated cellular proliferation","6","Functionally normal","Uncertain significance","6.19566e-06","NA","CRISPR-Based Genome Editing","Base editing","33606977"
"NM_004448.4(ERBB2):c.2592C>T (p.Phe864=)","chr17","39725147","C/T","ERBB2","0.761","dataset0532","Synonymous","Neutral to the ERBB2-mediated cellular proliferation in OVCAR8","ERBB2-mediated cellular proliferation","6","Functionally normal","Likely benign","1.54886e-05","NA","CRISPR-Based Genome Editing","Base editing","33606977"
"NM_004448.4(ERBB2):c.2624C>T (p.Thr875Ile)","chr17","39725179","C/T","ERBB2","-0.24","dataset0532","Missense","Neutral to the ERBB2-mediated cellular proliferation in OVCAR8","ERBB2-mediated cellular proliferation","6","Functionally normal","","","NA","CRISPR-Based Genome Editing","Base editing","33606977"
"NM_004448.4(ERBB2):c.2631C>T (p.Tyr877=)","chr17","39725186","C/T","ERBB2","0.561","dataset0532","Synonymous","Neutral to the ERBB2-mediated cellular proliferation in OVCAR8","ERBB2-mediated cellular proliferation","6","Functionally normal","","","NA","CRISPR-Based Genome Editing","Base editing","33606977"
"NM_004448.4(ERBB2):c.2632C>T (p.His878Tyr)","chr17","39725187","C/T","ERBB2","0.561","dataset0532","Missense","Neutral to the ERBB2-mediated cellular proliferation in OVCAR8","ERBB2-mediated cellular proliferation","6","Functionally normal","","","NA","CRISPR-Based Genome Editing","Base editing","33606977"
"NM_004448.4(ERBB2):c.2649G>A (p.Lys883=)","chr17","39725204","G/A","ERBB2","-1.442","dataset0532","Splice site","Neutral to the ERBB2-mediated cellular proliferation in OVCAR8","ERBB2-mediated cellular proliferation","6","Functionally normal","","","NA","CRISPR-Based Genome Editing","Base editing","33606977"
"NM_004448.4(ERBB2):c.2649+1G>A","chr17","39725205","G/A","ERBB2","-1.442","dataset0532","Splice site","Neutral to the ERBB2-mediated cellular proliferation in OVCAR8","ERBB2-mediated cellular proliferation","6","Functionally normal","","","NA","CRISPR-Based Genome Editing","Base editing","33606977"
"NM_004448.4(ERBB2):c.2650-5C>T","chr17","39725322","C/T","ERBB2","0.373","dataset0532","Splice site","Neutral to the ERBB2-mediated cellular proliferation in OVCAR8","ERBB2-mediated cellular proliferation","6","Functionally normal","","4.64703e-05","NA","CRISPR-Based Genome Editing","Base editing","33606977"
"NM_004448.4(ERBB2):c.2650-4C>T","chr17","39725323","C/T","ERBB2","0.373","dataset0532","Splice site","Neutral to the ERBB2-mediated cellular proliferation in OVCAR8","ERBB2-mediated cellular proliferation","6","Functionally normal","","6.19557e-07","NA","CRISPR-Based Genome Editing","Base editing","33606977"
"NM_004448.4(ERBB2):c.2650-3C>T","chr17","39725324","C/T","ERBB2","0.373","dataset0532","Splice site","Neutral to the ERBB2-mediated cellular proliferation in OVCAR8","ERBB2-mediated cellular proliferation","6","Functionally normal","","6.19563e-07","NA","CRISPR-Based Genome Editing","Base editing","33606977"
"NM_004448.4(ERBB2):c.2655C>T (p.Pro885=)","chr17","39725332","C/T","ERBB2","0.908","dataset0532","Synonymous","Neutral to the ERBB2-mediated cellular proliferation in OVCAR8","ERBB2-mediated cellular proliferation","6","Functionally normal","","1.23925e-06","NA","CRISPR-Based Genome Editing","Base editing","33606977"
"NM_004448.4(ERBB2):c.2658C>T (p.Ile886=)","chr17","39725335","C/T","ERBB2","0.908","dataset0532","Synonymous","Neutral to the ERBB2-mediated cellular proliferation in OVCAR8","ERBB2-mediated cellular proliferation","6","Functionally normal","","4.95707e-06","NA","CRISPR-Based Genome Editing","Base editing","33606977"
"NM_004448.4(ERBB2):c.2661G>A (p.Lys887=)","chr17","39725338","G/A","ERBB2","-1.141","dataset0532","Synonymous","Neutral to the ERBB2-mediated cellular proliferation in OVCAR8","ERBB2-mediated cellular proliferation","6","Functionally normal","","1.23914e-06","NA","CRISPR-Based Genome Editing","Base editing","33606977"
"NM_004448.4(ERBB2):c.2663_2664delinsAA (p.Trp888Ter)","chr17","39725340","GG/AA","ERBB2","-1.141","dataset0532","Nonsense","Neutral to the ERBB2-mediated cellular proliferation in OVCAR8","ERBB2-mediated cellular proliferation","6","Functionally normal","","","NA","CRISPR-Based Genome Editing","Base editing","33606977"
"NM_004448.4(ERBB2):c.2673G>A (p.Leu891=)","chr17","39725350","G/A","ERBB2","-1.098","dataset0532","Synonymous","Neutral to the ERBB2-mediated cellular proliferation in OVCAR8","ERBB2-mediated cellular proliferation","6","Functionally normal","","6.1955e-07","NA","CRISPR-Based Genome Editing","Base editing","33606977"
"NM_004448.4(ERBB2):c.2678_2679delinsTT (p.Ser893Phe)","chr17","39725355","CC/TT","ERBB2","0.41","dataset0532","Missense","Neutral to the ERBB2-mediated cellular proliferation in OVCAR8","ERBB2-mediated cellular proliferation","6","Functionally normal","","","NA","CRISPR-Based Genome Editing","Base editing","33606977"
"NM_004448.4(ERBB2):c.2693_2694delinsAA (p.Arg898Gln)","chr17","39725370","GG/AA","ERBB2","0.843","dataset0532","Missense","Neutral to the ERBB2-mediated cellular proliferation in OVCAR8","ERBB2-mediated cellular proliferation","6","Functionally normal","","","NA","CRISPR-Based Genome Editing","Base editing","33606977"
"NM_004448.4(ERBB2):c.2699_2700delinsTT (p.Thr900Ile)","chr17","39725376","CC/TT","ERBB2","0.66","dataset0532","Missense","Neutral to the ERBB2-mediated cellular proliferation in OVCAR8","ERBB2-mediated cellular proliferation","6","Functionally normal","","","NA","CRISPR-Based Genome Editing","Base editing","33606977"
"NM_004448.4(ERBB2):c.2706G>A (p.Gln902=)","chr17","39725383","G/A","ERBB2","1.071","dataset0532","Synonymous","Neutral to the ERBB2-mediated cellular proliferation in OVCAR8","ERBB2-mediated cellular proliferation","6","Functionally normal","","","NA","CRISPR-Based Genome Editing","Base editing","33606977"
"NM_004448.4(ERBB2):c.2715G>A (p.Val905=)","chr17","39725392","G/A","ERBB2","-3.068","dataset0532","Synonymous","The reduced ERBB2-mediated cellular proliferation in OVCAR8","ERBB2-mediated cellular proliferation","6","Loss-of-function","Uncertain significance","","NA","CRISPR-Based Genome Editing","Base editing","33606977"
"NM_004448.4(ERBB2):c.2717_2718delinsAA (p.Trp906Ter)","chr17","39725394","GG/AA","ERBB2","-3.068","dataset0532","Nonsense","The reduced ERBB2-mediated cellular proliferation in OVCAR8","ERBB2-mediated cellular proliferation","6","Loss-of-function","","","NA","CRISPR-Based Genome Editing","Base editing","33606977"
"NM_004448.4(ERBB2):c.2718G>A (p.Trp906Ter)","chr17","39725395","G/A","ERBB2","-4.486","dataset0532","Nonsense","The reduced ERBB2-mediated cellular proliferation in OVCAR8","ERBB2-mediated cellular proliferation","6","Loss-of-function","","","NA","CRISPR-Based Genome Editing","Base editing","33606977"
"NM_004448.4(ERBB2):c.2720G>A (p.Ser907Asn)","chr17","39725397","G/A","ERBB2","-4.486","dataset0532","Missense","The reduced ERBB2-mediated cellular proliferation in OVCAR8","ERBB2-mediated cellular proliferation","6","Loss-of-function","","","NA","CRISPR-Based Genome Editing","Base editing","33606977"
"NM_004448.4(ERBB2):c.2726-5C>T","chr17","39725702","C/T","ERBB2","0.182","dataset0532","Splice site","Neutral to the ERBB2-mediated cellular proliferation in OVCAR8","ERBB2-mediated cellular proliferation","6","Functionally normal","","6.21095e-07","NA","CRISPR-Based Genome Editing","Base editing","33606977"
"NM_004448.4(ERBB2):c.2736G>A (p.Val912=)","chr17","39725717","G/A","ERBB2","-1.369","dataset0532","Synonymous","Neutral to the ERBB2-mediated cellular proliferation in OVCAR8","ERBB2-mediated cellular proliferation","6","Functionally normal","","1.23997e-06","NA","CRISPR-Based Genome Editing","Base editing","33606977"
"NM_004448.4(ERBB2):c.2738_2739delinsAA (p.Trp913Ter)","chr17","39725719","GG/AA","ERBB2","-1.369","dataset0532","Nonsense","Neutral to the ERBB2-mediated cellular proliferation in OVCAR8","ERBB2-mediated cellular proliferation","6","Functionally normal","","","NA","CRISPR-Based Genome Editing","Base editing","33606977"
"NM_004448.4(ERBB2):c.2760C>T (p.Ala920=)","chr17","39725741","C/T","ERBB2","0.139","dataset0532","Synonymous","Neutral to the ERBB2-mediated cellular proliferation in OVCAR8","ERBB2-mediated cellular proliferation","6","Functionally normal","","","NA","CRISPR-Based Genome Editing","Base editing","33606977"
"NM_004448.4(ERBB2):c.2769C>T (p.Tyr923=)","chr17","39725750","C/T","ERBB2","-0.736","dataset0532","Synonymous","Neutral to the ERBB2-mediated cellular proliferation in OVCAR8","ERBB2-mediated cellular proliferation","6","Functionally normal","Likely benign","8.79924e-05","NA","CRISPR-Based Genome Editing","Base editing","33606977"
"NM_004448.4(ERBB2):c.2774_2775delinsAA (p.Gly925Glu)","chr17","39725755","GG/AA","ERBB2","0.668","dataset0532","Missense","Neutral to the ERBB2-mediated cellular proliferation in OVCAR8","ERBB2-mediated cellular proliferation","6","Functionally normal","","","NA","CRISPR-Based Genome Editing","Base editing","33606977"
"NM_004448.4(ERBB2):c.2793C>T (p.Ile931=)","chr17","39725774","C/T","ERBB2","-0.808","dataset0532","Synonymous","Neutral to the ERBB2-mediated cellular proliferation in OVCAR8","ERBB2-mediated cellular proliferation","6","Functionally normal","","","NA","CRISPR-Based Genome Editing","Base editing","33606977"
"NM_004448.4(ERBB2):c.2794_2795delinsTT (p.Pro932Phe)","chr17","39725775","CC/TT","ERBB2","-1.204","dataset0532","Missense","Neutral to the ERBB2-mediated cellular proliferation in OVCAR8","ERBB2-mediated cellular proliferation","6","Functionally normal","","","NA","CRISPR-Based Genome Editing","Base editing","33606977"
"NM_004448.4(ERBB2):c.2795C>T (p.Pro932Leu)","chr17","39725776","C/T","ERBB2","0.055","dataset0532","Missense","Neutral to the ERBB2-mediated cellular proliferation in OVCAR8","ERBB2-mediated cellular proliferation","6","Functionally normal","","","NA","CRISPR-Based Genome Editing","Base editing","33606977"
"NM_004448.4(ERBB2):c.2797G>A (p.Asp933Asn)","chr17","39725778","G/A","ERBB2","0.66","dataset0532","Missense","Neutral to the ERBB2-mediated cellular proliferation in OVCAR8","ERBB2-mediated cellular proliferation","6","Functionally normal","","","NA","CRISPR-Based Genome Editing","Base editing","33606977"
"NM_004448.4(ERBB2):c.2799C>T (p.Asp933=)","chr17","39725780","C/T","ERBB2","0.055","dataset0532","Synonymous","Neutral to the ERBB2-mediated cellular proliferation in OVCAR8","ERBB2-mediated cellular proliferation","6","Functionally normal","","","NA","CRISPR-Based Genome Editing","Base editing","33606977"
"NM_004448.4(ERBB2):c.2800C>T (p.Leu934=)","chr17","39725781","C/T","ERBB2","0.072","dataset0532","Synonymous","Neutral to the ERBB2-mediated cellular proliferation in OVCAR8","ERBB2-mediated cellular proliferation","6","Functionally normal","","","NA","CRISPR-Based Genome Editing","Base editing","33606977"
"NM_004448.4(ERBB2):c.2848G>A (p.Asp950Asn)","chr17","39725829","G/A","ERBB2","-0.921","dataset0532","Missense","Neutral to the ERBB2-mediated cellular proliferation in OVCAR8","ERBB2-mediated cellular proliferation","6","Functionally normal","","","NA","CRISPR-Based Genome Editing","Base editing","33606977"
"NM_004448.4(ERBB2):c.2851G>A (p.Val951Ile)","chr17","39725832","G/A","ERBB2","-0.921","dataset0532","Missense","Neutral to the ERBB2-mediated cellular proliferation in OVCAR8","ERBB2-mediated cellular proliferation","6","Functionally normal","","2.47852e-06","NA","CRISPR-Based Genome Editing","Base editing","33606977"
"NM_004448.4(ERBB2):c.2859G>A (p.Met953Ile)","chr17","39725840","G/A","ERBB2","-1.555","dataset0532","Missense","Neutral to the ERBB2-mediated cellular proliferation in OVCAR8","ERBB2-mediated cellular proliferation","6","Functionally normal","","","NA","CRISPR-Based Genome Editing","Base editing","33606977"
"NM_004448.4(ERBB2):c.2884G>A (p.Asp962Asn)","chr17","39726573","G/A","ERBB2","-1.572","dataset0532","Missense","Neutral to the ERBB2-mediated cellular proliferation in OVCAR8","ERBB2-mediated cellular proliferation","6","Functionally normal","","","NA","CRISPR-Based Genome Editing","Base editing","33606977"
"NM_004448.4(ERBB2):c.2896C>T (p.Arg966Trp)","chr17","39726585","C/T","ERBB2","0.772","dataset0532","Missense","Neutral to the ERBB2-mediated cellular proliferation in OVCAR8","ERBB2-mediated cellular proliferation","6","Functionally normal","","6.1953e-07","NA","CRISPR-Based Genome Editing","Base editing","33606977"
"NM_004448.4(ERBB2):c.2900C>T (p.Pro967Leu)","chr17","39726589","C/T","ERBB2","0.171","dataset0532","Missense","Neutral to the ERBB2-mediated cellular proliferation in OVCAR8","ERBB2-mediated cellular proliferation","6","Functionally normal","","","NA","CRISPR-Based Genome Editing","Base editing","33606977"
"NM_004448.4(ERBB2):c.2916G>A (p.Leu972=)","chr17","39726605","G/A","ERBB2","-0.416","dataset0532","Synonymous","Neutral to the ERBB2-mediated cellular proliferation in OVCAR8","ERBB2-mediated cellular proliferation","6","Functionally normal","","","NA","CRISPR-Based Genome Editing","Base editing","33606977"
"NM_004448.4(ERBB2):c.2917G>A (p.Val973Met)","chr17","39726606","G/A","ERBB2","-0.416","dataset0532","Missense","Neutral to the ERBB2-mediated cellular proliferation in OVCAR8","ERBB2-mediated cellular proliferation","6","Functionally normal","","","NA","CRISPR-Based Genome Editing","Base editing","33606977"
"NM_004448.4(ERBB2):c.2921C>T (p.Ser974Phe)","chr17","39726610","C/T","ERBB2","0.006","dataset0532","Missense","Neutral to the ERBB2-mediated cellular proliferation in OVCAR8","ERBB2-mediated cellular proliferation","6","Functionally normal","","6.19505e-07","cesc:0.3% (1/297):0.090;stad:0.2% (1/440):0.030","CRISPR-Based Genome Editing","Base editing","33606977"
"NM_004448.4(ERBB2):c.2923G>A (p.Glu975Lys)","chr17","39726612","G/A","ERBB2","-1.893","dataset0532","Missense","Neutral to the ERBB2-mediated cellular proliferation in OVCAR8","ERBB2-mediated cellular proliferation","6","Functionally normal","","","NA","CRISPR-Based Genome Editing","Base editing","33606977"
"NM_004448.4(ERBB2):c.2928C>T (p.Phe976=)","chr17","39726617","C/T","ERBB2","-1.546","dataset0532","Synonymous","Neutral to the ERBB2-mediated cellular proliferation in OVCAR8","ERBB2-mediated cellular proliferation","6","Functionally normal","","","NA","CRISPR-Based Genome Editing","Base editing","33606977"
"NM_004448.4(ERBB2):c.2946C>T (p.Asp982=)","chr17","39726635","C/T","ERBB2","0.571","dataset0532","Synonymous","Neutral to the ERBB2-mediated cellular proliferation in OVCAR8","ERBB2-mediated cellular proliferation","6","Functionally normal","","","NA","CRISPR-Based Genome Editing","Base editing","33606977"
"NM_004448.4(ERBB2):c.2947C>T (p.Pro983Ser)","chr17","39726636","C/T","ERBB2","0.571","dataset0532","Missense","Neutral to the ERBB2-mediated cellular proliferation in OVCAR8","ERBB2-mediated cellular proliferation","6","Functionally normal","","","NA","CRISPR-Based Genome Editing","Base editing","33606977"
"NM_004448.4(ERBB2):c.2961G>A (p.Val987=)","chr17","39726650","G/A","ERBB2","-0.067","dataset0532","Synonymous","Neutral to the ERBB2-mediated cellular proliferation in OVCAR8","ERBB2-mediated cellular proliferation","6","Functionally normal","","","NA","CRISPR-Based Genome Editing","Base editing","33606977"
"NM_004448.4(ERBB2):c.2962G>A (p.Val988Ile)","chr17","39726651","G/A","ERBB2","-0.675","dataset0532","Missense","Neutral to the ERBB2-mediated cellular proliferation in OVCAR8","ERBB2-mediated cellular proliferation","6","Functionally normal","","6.19516e-07","hnsc:0.2% (1/523):0.110","CRISPR-Based Genome Editing","Base editing","33606977"
"NM_004448.4(ERBB2):c.2971-6C>T","chr17","39726809","C/T","ERBB2","0.338","dataset0532","Splice site","Neutral to the ERBB2-mediated cellular proliferation in OVCAR8","ERBB2-mediated cellular proliferation","6","Functionally normal","","","NA","CRISPR-Based Genome Editing","Base editing","33606977"
"NM_004448.4(ERBB2):c.2971-5C>T","chr17","39726810","C/T","ERBB2","0.338","dataset0532","Splice site","Neutral to the ERBB2-mediated cellular proliferation in OVCAR8","ERBB2-mediated cellular proliferation","6","Functionally normal","","","NA","CRISPR-Based Genome Editing","Base editing","33606977"
"NM_004448.4(ERBB2):c.2971-3C>T","chr17","39726812","C/T","ERBB2","0.338","dataset0532","Splice site","Neutral to the ERBB2-mediated cellular proliferation in OVCAR8","ERBB2-mediated cellular proliferation","6","Functionally normal","","","NA","CRISPR-Based Genome Editing","Base editing","33606977"
"NM_004448.4(ERBB2):c.2982G>A (p.Leu994=)","chr17","39726826","G/A","ERBB2","0.516","dataset0532","Synonymous","Neutral to the ERBB2-mediated cellular proliferation in OVCAR8","ERBB2-mediated cellular proliferation","6","Functionally normal","","","NA","CRISPR-Based Genome Editing","Base editing","33606977"
"NM_004448.4(ERBB2):c.2983G>A (p.Gly995Ser)","chr17","39726827","G/A","ERBB2","0.516","dataset0532","Missense","Neutral to the ERBB2-mediated cellular proliferation in OVCAR8","ERBB2-mediated cellular proliferation","6","Functionally normal","","","NA","CRISPR-Based Genome Editing","Base editing","33606977"
"NM_004448.4(ERBB2):c.2986C>T (p.Pro996Ser)","chr17","39726830","C/T","ERBB2","0.545","dataset0532","Missense","Neutral to the ERBB2-mediated cellular proliferation in OVCAR8","ERBB2-mediated cellular proliferation","6","Functionally normal","","","NA","CRISPR-Based Genome Editing","Base editing","33606977"
"NM_004448.4(ERBB2):c.3000G>A (p.Leu1000=)","chr17","39726844","G/A","ERBB2","0.044","dataset0532","Synonymous","Neutral to the ERBB2-mediated cellular proliferation in OVCAR8","ERBB2-mediated cellular proliferation","6","Functionally normal","","","NA","CRISPR-Based Genome Editing","Base editing","33606977"
"NM_004448.4(ERBB2):c.3001G>A (p.Asp1001Asn)","chr17","39726845","G/A","ERBB2","-0.252","dataset0532","Missense","Neutral to the ERBB2-mediated cellular proliferation in OVCAR8","ERBB2-mediated cellular proliferation","6","Functionally normal","","","NA","CRISPR-Based Genome Editing","Base editing","33606977"
"NM_004448.4(ERBB2):c.3009C>T (p.Thr1003=)","chr17","39726853","C/T","ERBB2","-1.864","dataset0532","Synonymous","Neutral to the ERBB2-mediated cellular proliferation in OVCAR8","ERBB2-mediated cellular proliferation","6","Functionally normal","","","NA","CRISPR-Based Genome Editing","Base editing","33606977"
"NM_004448.4(ERBB2):c.3012C>T (p.Phe1004=)","chr17","39726856","C/T","ERBB2","-1.864","dataset0532","Synonymous","Neutral to the ERBB2-mediated cellular proliferation in OVCAR8","ERBB2-mediated cellular proliferation","6","Functionally normal","","","NA","CRISPR-Based Genome Editing","Base editing","33606977"
"NM_004448.4(ERBB2):c.3015C>T (p.Tyr1005=)","chr17","39726859","C/T","ERBB2","0.311","dataset0532","Synonymous","Neutral to the ERBB2-mediated cellular proliferation in OVCAR8","ERBB2-mediated cellular proliferation","6","Functionally normal","","","NA","CRISPR-Based Genome Editing","Base editing","33606977"
"NM_004448.4(ERBB2):c.3016C>T (p.Arg1006Cys)","chr17","39726860","C/T","ERBB2","0.311","dataset0532","Missense","Neutral to the ERBB2-mediated cellular proliferation in OVCAR8","ERBB2-mediated cellular proliferation","6","Functionally normal","Uncertain significance","1.42544e-05","hnsc:0.2% (1/523):0.190","CRISPR-Based Genome Editing","Base editing","33606977"
"NM_004448.4(ERBB2):c.3027G>A (p.Leu1009=)","chr17","39726871","G/A","ERBB2","1.163","dataset0532","Synonymous","Neutral to the ERBB2-mediated cellular proliferation in OVCAR8","ERBB2-mediated cellular proliferation","6","Functionally normal","","","NA","CRISPR-Based Genome Editing","Base editing","33606977"
"NM_004448.4(ERBB2):c.3030G>A (p.Glu1010=)","chr17","39726874","G/A","ERBB2","0.605","dataset0532","Synonymous","Neutral to the ERBB2-mediated cellular proliferation in OVCAR8","ERBB2-mediated cellular proliferation","6","Functionally normal","","","NA","CRISPR-Based Genome Editing","Base editing","33606977"
"NM_004448.4(ERBB2):c.3031G>A (p.Asp1011Asn)","chr17","39726875","G/A","ERBB2","0.605","dataset0532","Missense","Neutral to the ERBB2-mediated cellular proliferation in OVCAR8","ERBB2-mediated cellular proliferation","6","Functionally normal","Uncertain significance","6.19558e-07","NA","CRISPR-Based Genome Editing","Base editing","33606977"
"NM_004448.4(ERBB2):c.3033C>T (p.Asp1011=)","chr17","39726877","C/T","ERBB2","0.263","dataset0532","Synonymous","Neutral to the ERBB2-mediated cellular proliferation in OVCAR8","ERBB2-mediated cellular proliferation","6","Functionally normal","Likely benign","9.10878e-05","NA","CRISPR-Based Genome Editing","Base editing","33606977"
"NM_004448.4(ERBB2):c.3034G>A (p.Asp1012Asn)","chr17","39726878","G/A","ERBB2","0.605","dataset0532","Missense","Neutral to the ERBB2-mediated cellular proliferation in OVCAR8","ERBB2-mediated cellular proliferation","6","Functionally normal","Uncertain significance","1.67298e-05","NA","CRISPR-Based Genome Editing","Base editing","33606977"
"NM_004448.4(ERBB2):c.3039C>T (p.Asp1013=)","chr17","39726883","C/T","ERBB2","0.156","dataset0532","Synonymous","Neutral to the ERBB2-mediated cellular proliferation in OVCAR8","ERBB2-mediated cellular proliferation","6","Functionally normal","","1.85872e-06","NA","CRISPR-Based Genome Editing","Base editing","33606977"
"NM_004448.4(ERBB2):c.3048C>T (p.Asp1016=)","chr17","39726892","C/T","ERBB2","0.937","dataset0532","Synonymous","Neutral to the ERBB2-mediated cellular proliferation in OVCAR8","ERBB2-mediated cellular proliferation","6","Functionally normal","","","NA","CRISPR-Based Genome Editing","Base editing","33606977"
"NM_004448.4(ERBB2):c.3049C>T (p.Leu1017=)","chr17","39726893","C/T","ERBB2","0.937","dataset0532","Synonymous","Neutral to the ERBB2-mediated cellular proliferation in OVCAR8","ERBB2-mediated cellular proliferation","6","Functionally normal","","","NA","CRISPR-Based Genome Editing","Base editing","33606977"
"NM_004448.4(ERBB2):c.3063G>A (p.Glu1021=)","chr17","39726907","G/A","ERBB2","-2.245","dataset0532","Synonymous","The reduced ERBB2-mediated cellular proliferation in OVCAR8","ERBB2-mediated cellular proliferation","6","Loss-of-function","","","NA","CRISPR-Based Genome Editing","Base editing","33606977"
"NM_004448.4(ERBB2):c.3070C>T (p.Leu1024=)","chr17","39726914","C/T","ERBB2","-1.08","dataset0532","Synonymous","Neutral to the ERBB2-mediated cellular proliferation in OVCAR8","ERBB2-mediated cellular proliferation","6","Functionally normal","Benign","0.000240413","NA","CRISPR-Based Genome Editing","Base editing","33606977"
"NM_004448.4(ERBB2):c.3093C>T (p.Phe1031=)","chr17","39726937","C/T","ERBB2","-0.931","dataset0532","Synonymous","Neutral to the ERBB2-mediated cellular proliferation in OVCAR8","ERBB2-mediated cellular proliferation","6","Functionally normal","","","NA","CRISPR-Based Genome Editing","Base editing","33606977"
"NM_004448.4(ERBB2):c.3095G>A (p.Cys1032Tyr)","chr17","39726939","G/A","ERBB2","0.125","dataset0532","Missense","Neutral to the ERBB2-mediated cellular proliferation in OVCAR8","ERBB2-mediated cellular proliferation","6","Functionally normal","","","NA","CRISPR-Based Genome Editing","Base editing","33606977"
"NM_004448.4(ERBB2):c.3097_3098delinsTT (p.Pro1033Leu)","chr17","39726941","CC/TT","ERBB2","0.236","dataset0532","Missense","Neutral to the ERBB2-mediated cellular proliferation in OVCAR8","ERBB2-mediated cellular proliferation","6","Functionally normal","","","NA","CRISPR-Based Genome Editing","Base editing","33606977"
"NM_004448.4(ERBB2):c.3097C>T (p.Pro1033Ser)","chr17","39726941","C/T","ERBB2","-0.931","dataset0532","Missense","Neutral to the ERBB2-mediated cellular proliferation in OVCAR8","ERBB2-mediated cellular proliferation","6","Functionally normal","","","NA","CRISPR-Based Genome Editing","Base editing","33606977"
"NM_004448.4(ERBB2):c.3102C>T (p.Asp1034=)","chr17","39726946","C/T","ERBB2","0.539","dataset0532","Synonymous","Neutral to the ERBB2-mediated cellular proliferation in OVCAR8","ERBB2-mediated cellular proliferation","6","Functionally normal","","1.23985e-06","NA","CRISPR-Based Genome Editing","Base editing","33606977"
"NM_004448.4(ERBB2):c.3103_3104delinsTT (p.Pro1035Phe)","chr17","39726947","CC/TT","ERBB2","0.46","dataset0532","Missense","Neutral to the ERBB2-mediated cellular proliferation in OVCAR8","ERBB2-mediated cellular proliferation","6","Functionally normal","","","NA","CRISPR-Based Genome Editing","Base editing","33606977"
"NM_004448.4(ERBB2):c.3112G>A (p.Gly1038Ser)","chr17","39726956","G/A","ERBB2","1.496","dataset0532","Missense","Neutral to the ERBB2-mediated cellular proliferation in OVCAR8","ERBB2-mediated cellular proliferation","6","Functionally normal","","","NA","CRISPR-Based Genome Editing","Base editing","33606977"
"NM_004448.4(ERBB2):c.3118_3120delinsAAA (p.Gly1040Lys)","chr17","39726962","GGG/AAA","ERBB2","0.788","dataset0532","Missense","Neutral to the ERBB2-mediated cellular proliferation in OVCAR8","ERBB2-mediated cellular proliferation","6","Functionally normal","","","NA","CRISPR-Based Genome Editing","Base editing","33606977"
"NM_004448.4(ERBB2):c.3121G>A (p.Gly1041Ser)","chr17","39726965","G/A","ERBB2","0.788","dataset0532","Missense","Neutral to the ERBB2-mediated cellular proliferation in OVCAR8","ERBB2-mediated cellular proliferation","6","Functionally normal","","1.24173e-06","NA","CRISPR-Based Genome Editing","Base editing","33606977"
"NM_004448.4(ERBB2):c.3126G>A (p.Met1042Ile)","chr17","39726970","G/A","ERBB2","-0.369","dataset0532","Missense","Neutral to the ERBB2-mediated cellular proliferation in OVCAR8","ERBB2-mediated cellular proliferation","6","Functionally normal","","","NA","CRISPR-Based Genome Editing","Base editing","33606977"
"NM_004448.4(ERBB2):c.3127G>A (p.Val1043Ile)","chr17","39726971","G/A","ERBB2","-0.369","dataset0532","Missense","Neutral to the ERBB2-mediated cellular proliferation in OVCAR8","ERBB2-mediated cellular proliferation","6","Functionally normal","","","NA","CRISPR-Based Genome Editing","Base editing","33606977"
"NM_004448.4(ERBB2):c.3141C>T (p.His1047=)","chr17","39726985","C/T","ERBB2","-0.814","dataset0532","Synonymous","Neutral to the ERBB2-mediated cellular proliferation in OVCAR8","ERBB2-mediated cellular proliferation","6","Functionally normal","","","NA","CRISPR-Based Genome Editing","Base editing","33606977"
"NM_004448.4(ERBB2):c.3142C>T (p.Arg1048Cys)","chr17","39726986","C/T","ERBB2","-0.814","dataset0532","Missense","Neutral to the ERBB2-mediated cellular proliferation in OVCAR8","ERBB2-mediated cellular proliferation","6","Functionally normal","Uncertain significance","3.49615e-05","NA","CRISPR-Based Genome Editing","Base editing","33606977"
"NM_004448.4(ERBB2):c.3158_3159delinsAA (p.Arg1053Lys)","chr17","39727002","GG/AA","ERBB2","0.291","dataset0532","Missense","Neutral to the ERBB2-mediated cellular proliferation in OVCAR8","ERBB2-mediated cellular proliferation","6","Functionally normal","","","NA","CRISPR-Based Genome Editing","Base editing","33606977"
"NM_004448.4(ERBB2):c.3159+1G>A","chr17","39727004","G/A","ERBB2","0.291","dataset0532","Splice site","Neutral to the ERBB2-mediated cellular proliferation in OVCAR8","ERBB2-mediated cellular proliferation","6","Functionally normal","","1.25689e-06","NA","CRISPR-Based Genome Editing","Base editing","33606977"
"NM_004448.4(ERBB2):c.3160-11C>T","chr17","39727284","C/T","ERBB2","0.605","dataset0532","Splice site","Neutral to the ERBB2-mediated cellular proliferation in OVCAR8","ERBB2-mediated cellular proliferation","6","Functionally normal","","","NA","CRISPR-Based Genome Editing","Base editing","33606977"
"NM_004448.4(ERBB2):c.3160-6C>T","chr17","39727289","C/T","ERBB2","0.657","dataset0532","Splice site","Neutral to the ERBB2-mediated cellular proliferation in OVCAR8","ERBB2-mediated cellular proliferation","6","Functionally normal","","","NA","CRISPR-Based Genome Editing","Base editing","33606977"
"NM_004448.4(ERBB2):c.3160-5C>T","chr17","39727290","C/T","ERBB2","0.657","dataset0532","Splice site","Neutral to the ERBB2-mediated cellular proliferation in OVCAR8","ERBB2-mediated cellular proliferation","6","Functionally normal","","","NA","CRISPR-Based Genome Editing","Base editing","33606977"
"NM_004448.4(ERBB2):c.3160-4C>T","chr17","39727291","C/T","ERBB2","0.898","dataset0532","Splice site","Neutral to the ERBB2-mediated cellular proliferation in OVCAR8","ERBB2-mediated cellular proliferation","6","Functionally normal","Likely benign","","NA","CRISPR-Based Genome Editing","Base editing","33606977"
"NM_004448.4(ERBB2):c.3160-3C>T","chr17","39727292","C/T","ERBB2","0.898","dataset0532","Splice site","Neutral to the ERBB2-mediated cellular proliferation in OVCAR8","ERBB2-mediated cellular proliferation","6","Functionally normal","","","NA","CRISPR-Based Genome Editing","Base editing","33606977"
"NM_004448.4(ERBB2):c.3169_3171delinsAAA (p.Gly1057Lys)","chr17","39727304","GGG/AAA","ERBB2","0.284","dataset0532","Missense","Neutral to the ERBB2-mediated cellular proliferation in OVCAR8","ERBB2-mediated cellular proliferation","6","Functionally normal","","","NA","CRISPR-Based Genome Editing","Base editing","33606977"
"NM_004448.4(ERBB2):c.3170_3171delinsAA (p.Gly1057Glu)","chr17","39727305","GG/AA","ERBB2","0.575","dataset0532","Missense","Neutral to the ERBB2-mediated cellular proliferation in OVCAR8","ERBB2-mediated cellular proliferation","6","Functionally normal","","","NA","CRISPR-Based Genome Editing","Base editing","33606977"
"NM_004448.4(ERBB2):c.3171G>A (p.Gly1057=)","chr17","39727306","G/A","ERBB2","0.637","dataset0532","Synonymous","Neutral to the ERBB2-mediated cellular proliferation in OVCAR8","ERBB2-mediated cellular proliferation","6","Functionally normal","","","NA","CRISPR-Based Genome Editing","Base editing","33606977"
"NM_004448.4(ERBB2):c.3172G>A (p.Asp1058Asn)","chr17","39727307","G/A","ERBB2","0.284","dataset0532","Missense","Neutral to the ERBB2-mediated cellular proliferation in OVCAR8","ERBB2-mediated cellular proliferation","6","Functionally normal","","6.20043e-07","NA","CRISPR-Based Genome Editing","Base editing","33606977"
"NM_004448.4(ERBB2):c.3174C>T (p.Asp1058=)","chr17","39727309","C/T","ERBB2","0.095","dataset0532","Synonymous","Neutral to the ERBB2-mediated cellular proliferation in OVCAR8","ERBB2-mediated cellular proliferation","6","Functionally normal","Likely benign","","NA","CRISPR-Based Genome Editing","Base editing","33606977"
"NM_004448.4(ERBB2):c.3175C>T (p.Leu1059=)","chr17","39727310","C/T","ERBB2","0.095","dataset0532","Synonymous","Neutral to the ERBB2-mediated cellular proliferation in OVCAR8","ERBB2-mediated cellular proliferation","6","Functionally normal","","","NA","CRISPR-Based Genome Editing","Base editing","33606977"
"NM_004448.4(ERBB2):c.3189G>A (p.Leu1063=)","chr17","39727324","G/A","ERBB2","1.213","dataset0532","Synonymous","Neutral to the ERBB2-mediated cellular proliferation in OVCAR8","ERBB2-mediated cellular proliferation","6","Functionally normal","","6.2006e-07","NA","CRISPR-Based Genome Editing","Base editing","33606977"
"NM_004448.4(ERBB2):c.3190G>A (p.Glu1064Lys)","chr17","39727325","G/A","ERBB2","1.213","dataset0532","Missense","Neutral to the ERBB2-mediated cellular proliferation in OVCAR8","ERBB2-mediated cellular proliferation","6","Functionally normal","Uncertain significance","6.20079e-06","NA","CRISPR-Based Genome Editing","Base editing","33606977"
"NM_004448.4(ERBB2):c.3197C>T (p.Ser1066Phe)","chr17","39727332","C/T","ERBB2","1.28","dataset0532","Missense","Neutral to the ERBB2-mediated cellular proliferation in OVCAR8","ERBB2-mediated cellular proliferation","6","Functionally normal","","","NA","CRISPR-Based Genome Editing","Base editing","33606977"
"NM_004448.4(ERBB2):c.3210C>T (p.Ala1070=)","chr17","39727345","C/T","ERBB2","0.859","dataset0532","Synonymous","Neutral to the ERBB2-mediated cellular proliferation in OVCAR8","ERBB2-mediated cellular proliferation","6","Functionally normal","","","NA","CRISPR-Based Genome Editing","Base editing","33606977"
"NM_004448.4(ERBB2):c.3211C>T (p.Pro1071Ser)","chr17","39727346","C/T","ERBB2","0.859","dataset0532","Missense","Neutral to the ERBB2-mediated cellular proliferation in OVCAR8","ERBB2-mediated cellular proliferation","6","Functionally normal","","","NA","CRISPR-Based Genome Editing","Base editing","33606977"
"NM_004448.4(ERBB2):c.3221C>T (p.Pro1074Leu)","chr17","39727356","C/T","ERBB2","-1.662","dataset0532","Missense","Neutral to the ERBB2-mediated cellular proliferation in OVCAR8","ERBB2-mediated cellular proliferation","6","Functionally normal","","6.20417e-07","NA","CRISPR-Based Genome Editing","Base editing","33606977"
"NM_004448.4(ERBB2):c.3223C>T (p.Leu1075=)","chr17","39727358","C/T","ERBB2","-1.662","dataset0532","Synonymous","Neutral to the ERBB2-mediated cellular proliferation in OVCAR8","ERBB2-mediated cellular proliferation","6","Functionally normal","","6.20388e-07","NA","CRISPR-Based Genome Editing","Base editing","33606977"
"NM_004448.4(ERBB2):c.3225G>A (p.Leu1075=)","chr17","39727360","G/A","ERBB2","0.534","dataset0532","Synonymous","Neutral to the ERBB2-mediated cellular proliferation in OVCAR8","ERBB2-mediated cellular proliferation","6","Functionally normal","","","NA","CRISPR-Based Genome Editing","Base editing","33606977"
"NM_004448.4(ERBB2):c.3229_3230delinsTT (p.Pro1077Phe)","chr17","39727364","CC/TT","ERBB2","-0.298","dataset0532","Missense","Neutral to the ERBB2-mediated cellular proliferation in OVCAR8","ERBB2-mediated cellular proliferation","6","Functionally normal","","","NA","CRISPR-Based Genome Editing","Base editing","33606977"
"NM_004448.4(ERBB2):c.3244G>A (p.Gly1082Ser)","chr17","39727379","G/A","ERBB2","0.14","dataset0532","Missense","Neutral to the ERBB2-mediated cellular proliferation in OVCAR8","ERBB2-mediated cellular proliferation","6","Functionally normal","","","NA","CRISPR-Based Genome Editing","Base editing","33606977"
"NM_004448.4(ERBB2):c.3248C>T (p.Ser1083Phe)","chr17","39727383","C/T","ERBB2","-0.4","dataset0532","Missense","Neutral to the ERBB2-mediated cellular proliferation in OVCAR8","ERBB2-mediated cellular proliferation","6","Functionally normal","","","NA","CRISPR-Based Genome Editing","Base editing","33606977"
"NM_004448.4(ERBB2):c.3250G>A (p.Asp1084Asn)","chr17","39727385","G/A","ERBB2","0.655","dataset0532","Missense","Neutral to the ERBB2-mediated cellular proliferation in OVCAR8","ERBB2-mediated cellular proliferation","6","Functionally normal","Uncertain significance","4.34702e-06","NA","CRISPR-Based Genome Editing","Base editing","33606977"
"NM_004448.4(ERBB2):c.3263G>A (p.Gly1088Asp)","chr17","39727398","G/A","ERBB2","-3.473","dataset0532","Missense","The reduced ERBB2-mediated cellular proliferation in OVCAR8","ERBB2-mediated cellular proliferation","6","Loss-of-function","","1.17968e-05","NA","CRISPR-Based Genome Editing","Base editing","33606977"
"NM_004448.4(ERBB2):c.3265G>A (p.Asp1089Asn)","chr17","39727400","G/A","ERBB2","-3.473","dataset0532","Missense","The reduced ERBB2-mediated cellular proliferation in OVCAR8","ERBB2-mediated cellular proliferation","6","Loss-of-function","","","NA","CRISPR-Based Genome Editing","Base editing","33606977"
"NM_004448.4(ERBB2):c.3315C>T (p.Asp1105=)","chr17","39727450","C/T","ERBB2","-0.386","dataset0532","Synonymous","Neutral to the ERBB2-mediated cellular proliferation in OVCAR8","ERBB2-mediated cellular proliferation","6","Functionally normal","","6.20732e-07","NA","CRISPR-Based Genome Editing","Base editing","33606977"
"NM_004448.4(ERBB2):c.3316_3318delinsTTT (p.Pro1106Phe)","chr17","39727451","CCC/TTT","ERBB2","-0.386","dataset0532","Missense","Neutral to the ERBB2-mediated cellular proliferation in OVCAR8","ERBB2-mediated cellular proliferation","6","Functionally normal","","","NA","CRISPR-Based Genome Editing","Base editing","33606977"
"NM_004448.4(ERBB2):c.3325C>T (p.Leu1109=)","chr17","39727460","C/T","ERBB2","-0.044","dataset0532","Synonymous","Neutral to the ERBB2-mediated cellular proliferation in OVCAR8","ERBB2-mediated cellular proliferation","6","Functionally normal","","","NA","CRISPR-Based Genome Editing","Base editing","33606977"
"NM_004448.4(ERBB2):c.3328C>T (p.Gln1110Ter)","chr17","39727463","C/T","ERBB2","-0.044","dataset0532","Nonsense","Neutral to the ERBB2-mediated cellular proliferation in OVCAR8","ERBB2-mediated cellular proliferation","6","Functionally normal","","","NA","CRISPR-Based Genome Editing","Base editing","33606977"
"NM_004448.4(ERBB2):c.3332_3333delinsAA (p.Arg1111Gln)","chr17","39727467","GG/AA","ERBB2","-0.04","dataset0532","Missense","Neutral to the ERBB2-mediated cellular proliferation in OVCAR8","ERBB2-mediated cellular proliferation","6","Functionally normal","","","NA","CRISPR-Based Genome Editing","Base editing","33606977"
"NM_004448.4(ERBB2):c.3338G>A (p.Ser1113Asn)","chr17","39727473","G/A","ERBB2","-0.322","dataset0532","Missense","Neutral to the ERBB2-mediated cellular proliferation in OVCAR8","ERBB2-mediated cellular proliferation","6","Functionally normal","","","NA","CRISPR-Based Genome Editing","Base editing","33606977"
"NM_004448.4(ERBB2):c.3340G>A (p.Glu1114Lys)","chr17","39727475","G/A","ERBB2","-0.322","dataset0532","Missense","Neutral to the ERBB2-mediated cellular proliferation in OVCAR8","ERBB2-mediated cellular proliferation","6","Functionally normal","","","NA","CRISPR-Based Genome Editing","Base editing","33606977"
"NM_004448.4(ERBB2):c.3358C>T (p.Leu1120=)","chr17","39727493","C/T","ERBB2","0.341","dataset0532","Synonymous","Neutral to the ERBB2-mediated cellular proliferation in OVCAR8","ERBB2-mediated cellular proliferation","6","Functionally normal","","1.24451e-06","NA","CRISPR-Based Genome Editing","Base editing","33606977"
"NM_004448.4(ERBB2):c.3362C>T (p.Pro1121Leu)","chr17","39727497","C/T","ERBB2","0.341","dataset0532","Missense","Neutral to the ERBB2-mediated cellular proliferation in OVCAR8","ERBB2-mediated cellular proliferation","6","Functionally normal","","","NA","CRISPR-Based Genome Editing","Base editing","33606977"
"NM_004448.4(ERBB2):c.3373G>A (p.Asp1125Asn)","chr17","39727508","G/A","ERBB2","-0.159","dataset0532","Missense","Neutral to the ERBB2-mediated cellular proliferation in OVCAR8","ERBB2-mediated cellular proliferation","6","Functionally normal","","6.21918e-07","NA","CRISPR-Based Genome Editing","Base editing","33606977"
"NM_004448.4(ERBB2):c.3376G>A (p.Gly1126Ser)","chr17","39727511","G/A","ERBB2","-2.61","dataset0532","Missense","The reduced ERBB2-mediated cellular proliferation in OVCAR8","ERBB2-mediated cellular proliferation","6","Loss-of-function","","","NA","CRISPR-Based Genome Editing","Base editing","33606977"
"NM_004448.4(ERBB2):c.3395_3396delinsTT (p.Thr1132Ile)","chr17","39727530","CC/TT","ERBB2","-0.865","dataset0532","Missense","Neutral to the ERBB2-mediated cellular proliferation in OVCAR8","ERBB2-mediated cellular proliferation","6","Functionally normal","","","NA","CRISPR-Based Genome Editing","Base editing","33606977"
"NM_004448.4(ERBB2):c.3412+5G>A","chr17","39727552","G/A","ERBB2","0.596","dataset0532","Splice site","Neutral to the ERBB2-mediated cellular proliferation in OVCAR8","ERBB2-mediated cellular proliferation","6","Functionally normal","","","NA","CRISPR-Based Genome Editing","Base editing","33606977"
"NM_004448.4(ERBB2):c.3412+6G>A","chr17","39727553","G/A","ERBB2","0.596","dataset0532","Splice site","Neutral to the ERBB2-mediated cellular proliferation in OVCAR8","ERBB2-mediated cellular proliferation","6","Functionally normal","","1.25153e-06","NA","CRISPR-Based Genome Editing","Base editing","33606977"
"NM_004448.4(ERBB2):c.3412+8G>A","chr17","39727555","G/A","ERBB2","-0.807","dataset0532","Splice site","Neutral to the ERBB2-mediated cellular proliferation in OVCAR8","ERBB2-mediated cellular proliferation","6","Functionally normal","","6.25946e-07","NA","CRISPR-Based Genome Editing","Base editing","33606977"
"NM_004448.4(ERBB2):c.3423C>T (p.Asn1141=)","chr17","39727699","C/T","ERBB2","0.341","dataset0532","Synonymous","Neutral to the ERBB2-mediated cellular proliferation in OVCAR8","ERBB2-mediated cellular proliferation","6","Functionally normal","Likely benign","","NA","CRISPR-Based Genome Editing","Base editing","33606977"
"NM_004448.4(ERBB2):c.3446_3447delinsTT (p.Pro1149Leu)","chr17","39727722","CC/TT","ERBB2","0.109","dataset0532","Missense","Neutral to the ERBB2-mediated cellular proliferation in OVCAR8","ERBB2-mediated cellular proliferation","6","Functionally normal","","","NA","CRISPR-Based Genome Editing","Base editing","33606977"
"NM_004448.4(ERBB2):c.3448_3449delinsTT (p.Pro1150Phe)","chr17","39727724","CC/TT","ERBB2","0.109","dataset0532","Missense","Neutral to the ERBB2-mediated cellular proliferation in OVCAR8","ERBB2-mediated cellular proliferation","6","Functionally normal","","","NA","CRISPR-Based Genome Editing","Base editing","33606977"
"NM_004448.4(ERBB2):c.3448C>T (p.Pro1150Ser)","chr17","39727724","C/T","ERBB2","0.236","dataset0532","Missense","Neutral to the ERBB2-mediated cellular proliferation in OVCAR8","ERBB2-mediated cellular proliferation","6","Functionally normal","","1.27081e-06","NA","CRISPR-Based Genome Editing","Base editing","33606977"
"NM_004448.4(ERBB2):c.3458G>A (p.Arg1153Gln)","chr17","39727734","G/A","ERBB2","0.815","dataset0532","Missense","Neutral to the ERBB2-mediated cellular proliferation in OVCAR8","ERBB2-mediated cellular proliferation","6","Functionally normal","Uncertain significance","2.46062e-05","NA","CRISPR-Based Genome Editing","Base editing","33606977"
"NM_004448.4(ERBB2):c.3462G>A (p.Glu1154=)","chr17","39727738","G/A","ERBB2","0.574","dataset0532","Synonymous","Neutral to the ERBB2-mediated cellular proliferation in OVCAR8","ERBB2-mediated cellular proliferation","6","Functionally normal","","","NA","CRISPR-Based Genome Editing","Base editing","33606977"
"NM_004448.4(ERBB2):c.3463G>A (p.Gly1155Ser)","chr17","39727739","G/A","ERBB2","0.574","dataset0532","Missense","Neutral to the ERBB2-mediated cellular proliferation in OVCAR8","ERBB2-mediated cellular proliferation","6","Functionally normal","","","NA","CRISPR-Based Genome Editing","Base editing","33606977"
"NM_004448.4(ERBB2):c.3473C>T (p.Pro1158Leu)","chr17","39727749","C/T","ERBB2","-0.083","dataset0532","Missense","Neutral to the ERBB2-mediated cellular proliferation in OVCAR8","ERBB2-mediated cellular proliferation","6","Functionally normal","","1.25182e-06","NA","CRISPR-Based Genome Editing","Base editing","33606977"
"NM_004448.4(ERBB2):c.3482G>A (p.Arg1161Gln)","chr17","39727758","G/A","ERBB2","0.634","dataset0532","Missense","Neutral to the ERBB2-mediated cellular proliferation in OVCAR8","ERBB2-mediated cellular proliferation","6","Functionally normal","Benign","0.000446667","NA","CRISPR-Based Genome Editing","Base editing","33606977"
"NM_004448.4(ERBB2):c.3484_3485delinsTT (p.Pro1162Phe)","chr17","39727760","CC/TT","ERBB2","0.946","dataset0532","Missense","Neutral to the ERBB2-mediated cellular proliferation in OVCAR8","ERBB2-mediated cellular proliferation","6","Functionally normal","","","NA","CRISPR-Based Genome Editing","Base editing","33606977"
"NM_004448.4(ERBB2):c.3490_3491delinsAA (p.Gly1164Asn)","chr17","39727766","GG/AA","ERBB2","0.474","dataset0532","Missense","Neutral to the ERBB2-mediated cellular proliferation in OVCAR8","ERBB2-mediated cellular proliferation","6","Functionally normal","","","NA","CRISPR-Based Genome Editing","Base editing","33606977"
"NM_004448.4(ERBB2):c.3501G>A (p.Leu1167=)","chr17","39727777","G/A","ERBB2","-0.946","dataset0532","Synonymous","Neutral to the ERBB2-mediated cellular proliferation in OVCAR8","ERBB2-mediated cellular proliferation","6","Functionally normal","Likely benign","1.24217e-06","NA","CRISPR-Based Genome Editing","Base editing","33606977"
"NM_004448.4(ERBB2):c.3502G>A (p.Glu1168Lys)","chr17","39727778","G/A","ERBB2","-0.946","dataset0532","Missense","Neutral to the ERBB2-mediated cellular proliferation in OVCAR8","ERBB2-mediated cellular proliferation","6","Functionally normal","Uncertain significance","8.69431e-06","NA","CRISPR-Based Genome Editing","Base editing","33606977"
"NM_004448.4(ERBB2):c.3509_3510delinsTT (p.Pro1170Leu)","chr17","39727785","CC/TT","ERBB2","-0.298","dataset0532","Missense","Neutral to the ERBB2-mediated cellular proliferation in OVCAR8","ERBB2-mediated cellular proliferation","6","Functionally normal","","","NA","CRISPR-Based Genome Editing","Base editing","33606977"
"NM_004448.4(ERBB2):c.3513G>A (p.Lys1171=)","chr17","39727789","G/A","ERBB2","-0.038","dataset0532","Synonymous","Neutral to the ERBB2-mediated cellular proliferation in OVCAR8","ERBB2-mediated cellular proliferation","6","Functionally normal","","","NA","CRISPR-Based Genome Editing","Base editing","33606977"
"NM_004448.4(ERBB2):c.3519C>T (p.Leu1173=)","chr17","39727795","C/T","ERBB2","-2.323","dataset0532","Synonymous","The reduced ERBB2-mediated cellular proliferation in OVCAR8","ERBB2-mediated cellular proliferation","6","Loss-of-function","","","NA","CRISPR-Based Genome Editing","Base editing","33606977"
"NM_004448.4(ERBB2):c.3521_3522delinsTT (p.Ser1174Phe)","chr17","39727797","CC/TT","ERBB2","-2.323","dataset0532","Missense","The reduced ERBB2-mediated cellular proliferation in OVCAR8","ERBB2-mediated cellular proliferation","6","Loss-of-function","","","NA","CRISPR-Based Genome Editing","Base editing","33606977"
"NM_004448.4(ERBB2):c.3521C>T (p.Ser1174Phe)","chr17","39727797","C/T","ERBB2","-0.348","dataset0532","Missense","Neutral to the ERBB2-mediated cellular proliferation in OVCAR8","ERBB2-mediated cellular proliferation","6","Functionally normal","","2.54168e-05","NA","CRISPR-Based Genome Editing","Base editing","33606977"
"NM_004448.4(ERBB2):c.3526_3528delinsAAA (p.Gly1176Lys)","chr17","39727802","GGG/AAA","ERBB2","-1.347","dataset0532","Missense","Neutral to the ERBB2-mediated cellular proliferation in OVCAR8","ERBB2-mediated cellular proliferation","6","Functionally normal","","","NA","CRISPR-Based Genome Editing","Base editing","33606977"
"NM_004448.4(ERBB2):c.3526_3527delinsAA (p.Gly1176Lys)","chr17","39727802","GG/AA","ERBB2","0.692","dataset0532","Missense","Neutral to the ERBB2-mediated cellular proliferation in OVCAR8","ERBB2-mediated cellular proliferation","6","Functionally normal","","","NA","CRISPR-Based Genome Editing","Base editing","33606977"
"NM_004448.4(ERBB2):c.3536_3537delinsAA (p.Gly1179Glu)","chr17","39727812","GG/AA","ERBB2","-0.264","dataset0532","Missense","Neutral to the ERBB2-mediated cellular proliferation in OVCAR8","ERBB2-mediated cellular proliferation","6","Functionally normal","","","NA","CRISPR-Based Genome Editing","Base editing","33606977"
"NM_004448.4(ERBB2):c.3537G>A (p.Gly1179=)","chr17","39727813","G/A","ERBB2","0.225","dataset0532","Synonymous","Neutral to the ERBB2-mediated cellular proliferation in OVCAR8","ERBB2-mediated cellular proliferation","6","Functionally normal","","","NA","CRISPR-Based Genome Editing","Base editing","33606977"
"NM_004448.4(ERBB2):c.3538G>A (p.Val1180Ile)","chr17","39727814","G/A","ERBB2","-0.283","dataset0532","Missense","Neutral to the ERBB2-mediated cellular proliferation in OVCAR8","ERBB2-mediated cellular proliferation","6","Functionally normal","","","NA","CRISPR-Based Genome Editing","Base editing","33606977"
"NM_004448.4(ERBB2):c.3541G>A (p.Val1181Ile)","chr17","39727817","G/A","ERBB2","-0.283","dataset0532","Missense","Neutral to the ERBB2-mediated cellular proliferation in OVCAR8","ERBB2-mediated cellular proliferation","6","Functionally normal","Uncertain significance","1.30152e-05","NA","CRISPR-Based Genome Editing","Base editing","33606977"
"NM_004448.4(ERBB2):c.3573G>A (p.Val1191=)","chr17","39727849","G/A","ERBB2","-0.451","dataset0532","Synonymous","Neutral to the ERBB2-mediated cellular proliferation in OVCAR8","ERBB2-mediated cellular proliferation","6","Functionally normal","Conflicting classifications of pathogenicity","1.05334e-05","NA","CRISPR-Based Genome Editing","Base editing","33606977"
"NM_004448.4(ERBB2):c.3582C>T (p.Pro1194=)","chr17","39727858","C/T","ERBB2","0.694","dataset0532","Synonymous","Neutral to the ERBB2-mediated cellular proliferation in OVCAR8","ERBB2-mediated cellular proliferation","6","Functionally normal","Likely benign","2.16855e-05","NA","CRISPR-Based Genome Editing","Base editing","33606977"
"NM_004448.4(ERBB2):c.3585G>A (p.Glu1195=)","chr17","39727861","G/A","ERBB2","-1.45","dataset0532","Synonymous","Neutral to the ERBB2-mediated cellular proliferation in OVCAR8","ERBB2-mediated cellular proliferation","6","Functionally normal","","6.19536e-07","NA","CRISPR-Based Genome Editing","Base editing","33606977"
"NM_004448.4(ERBB2):c.3588C>T (p.Tyr1196=)","chr17","39727864","C/T","ERBB2","0.1","dataset0532","Synonymous","Neutral to the ERBB2-mediated cellular proliferation in OVCAR8","ERBB2-mediated cellular proliferation","6","Functionally normal","","","NA","CRISPR-Based Genome Editing","Base editing","33606977"
"NM_004448.4(ERBB2):c.3600G>A (p.Gln1200=)","chr17","39727876","G/A","ERBB2","1.229","dataset0532","Synonymous","Neutral to the ERBB2-mediated cellular proliferation in OVCAR8","ERBB2-mediated cellular proliferation","6","Functionally normal","","6.19536e-07","NA","CRISPR-Based Genome Editing","Base editing","33606977"
"NM_004448.4(ERBB2):c.3651C>T (p.Phe1217=)","chr17","39727927","C/T","ERBB2","-2.642","dataset0532","Synonymous","The reduced ERBB2-mediated cellular proliferation in OVCAR8","ERBB2-mediated cellular proliferation","6","Loss-of-function","Likely benign","3.84104e-05","NA","CRISPR-Based Genome Editing","Base editing","33606977"
"NM_004448.4(ERBB2):c.3652G>A (p.Asp1218Asn)","chr17","39727928","G/A","ERBB2","0.223","dataset0532","Missense","Neutral to the ERBB2-mediated cellular proliferation in OVCAR8","ERBB2-mediated cellular proliferation","6","Functionally normal","","3.71728e-06","NA","CRISPR-Based Genome Editing","Base editing","33606977"
"NM_004448.4(ERBB2):c.3654C>T (p.Asp1218=)","chr17","39727930","C/T","ERBB2","-2.642","dataset0532","Synonymous","The reduced ERBB2-mediated cellular proliferation in OVCAR8","ERBB2-mediated cellular proliferation","6","Loss-of-function","","6.19508e-07","NA","CRISPR-Based Genome Editing","Base editing","33606977"
"NM_004448.4(ERBB2):c.3657C>T (p.Asn1219=)","chr17","39727933","C/T","ERBB2","-0.307","dataset0532","Synonymous","Neutral to the ERBB2-mediated cellular proliferation in OVCAR8","ERBB2-mediated cellular proliferation","6","Functionally normal","","","NA","CRISPR-Based Genome Editing","Base editing","33606977"
"NM_004448.4(ERBB2):c.3672C>T (p.Asp1224=)","chr17","39727948","C/T","ERBB2","-0.714","dataset0532","Synonymous","Neutral to the ERBB2-mediated cellular proliferation in OVCAR8","ERBB2-mediated cellular proliferation","6","Functionally normal","","","NA","CRISPR-Based Genome Editing","Base editing","33606977"
"NM_004448.4(ERBB2):c.3673C>T (p.Gln1225Ter)","chr17","39727949","C/T","ERBB2","-0.714","dataset0532","Nonsense","Neutral to the ERBB2-mediated cellular proliferation in OVCAR8","ERBB2-mediated cellular proliferation","6","Functionally normal","Uncertain significance","","NA","CRISPR-Based Genome Editing","Base editing","33606977"
"NM_004448.4(ERBB2):c.3675G>A (p.Gln1225=)","chr17","39727951","G/A","ERBB2","0.388","dataset0532","Synonymous","Neutral to the ERBB2-mediated cellular proliferation in OVCAR8","ERBB2-mediated cellular proliferation","6","Functionally normal","","","NA","CRISPR-Based Genome Editing","Base editing","33606977"
"NM_004448.4(ERBB2):c.3676G>A (p.Asp1226Asn)","chr17","39727952","G/A","ERBB2","0.388","dataset0532","Missense","Neutral to the ERBB2-mediated cellular proliferation in OVCAR8","ERBB2-mediated cellular proliferation","6","Functionally normal","","3.0978e-06","NA","CRISPR-Based Genome Editing","Base editing","33606977"
"NM_004448.4(ERBB2):c.3678C>T (p.Asp1226=)","chr17","39727954","C/T","ERBB2","0.404","dataset0532","Synonymous","Neutral to the ERBB2-mediated cellular proliferation in OVCAR8","ERBB2-mediated cellular proliferation","6","Functionally normal","","2.47825e-06","NA","CRISPR-Based Genome Editing","Base editing","33606977"
"NM_004448.4(ERBB2):c.3679C>T (p.Pro1227Ser)","chr17","39727955","C/T","ERBB2","0.669","dataset0532","Missense","Neutral to the ERBB2-mediated cellular proliferation in OVCAR8","ERBB2-mediated cellular proliferation","6","Functionally normal","","","coad:0.2% (1/439):0.280","CRISPR-Based Genome Editing","Base editing","33606977"
"NM_004448.4(ERBB2):c.3689_3690delinsAA (p.Arg1230Gln)","chr17","39727965","GG/AA","ERBB2","0.645","dataset0532","Missense","Neutral to the ERBB2-mediated cellular proliferation in OVCAR8","ERBB2-mediated cellular proliferation","6","Functionally normal","","","NA","CRISPR-Based Genome Editing","Base editing","33606977"
"NM_004448.4(ERBB2):c.3691G>A (p.Gly1231Arg)","chr17","39727967","G/A","ERBB2","0.645","dataset0532","Missense","Neutral to the ERBB2-mediated cellular proliferation in OVCAR8","ERBB2-mediated cellular proliferation","6","Functionally normal","","","NA","CRISPR-Based Genome Editing","Base editing","33606977"
"NM_004448.4(ERBB2):c.3693G>A (p.Gly1231=)","chr17","39727969","G/A","ERBB2","0.751","dataset0532","Synonymous","Neutral to the ERBB2-mediated cellular proliferation in OVCAR8","ERBB2-mediated cellular proliferation","6","Functionally normal","","6.19685e-07","NA","CRISPR-Based Genome Editing","Base editing","33606977"
"NM_004448.4(ERBB2):c.3697_3698delinsTT (p.Pro1233Leu)","chr17","39727973","CC/TT","ERBB2","-1.853","dataset0532","Missense","Neutral to the ERBB2-mediated cellular proliferation in OVCAR8","ERBB2-mediated cellular proliferation","6","Functionally normal","","","NA","CRISPR-Based Genome Editing","Base editing","33606977"
"NM_004448.4(ERBB2):c.3698C>T (p.Pro1233Leu)","chr17","39727974","C/T","ERBB2","-3.073","dataset0532","Missense","The reduced ERBB2-mediated cellular proliferation in OVCAR8","ERBB2-mediated cellular proliferation","6","Loss-of-function","","1.23953e-06","NA","CRISPR-Based Genome Editing","Base editing","33606977"
"NM_004448.4(ERBB2):c.3700_3702delinsTTT (p.Pro1234Phe)","chr17","39727976","CCC/TTT","ERBB2","-3.073","dataset0532","Missense","The reduced ERBB2-mediated cellular proliferation in OVCAR8","ERBB2-mediated cellular proliferation","6","Loss-of-function","","","NA","CRISPR-Based Genome Editing","Base editing","33606977"
"NM_004448.4(ERBB2):c.3700_3701delinsTT (p.Pro1234Phe)","chr17","39727976","CC/TT","ERBB2","-1.853","dataset0532","Missense","Neutral to the ERBB2-mediated cellular proliferation in OVCAR8","ERBB2-mediated cellular proliferation","6","Functionally normal","","","NA","CRISPR-Based Genome Editing","Base editing","33606977"
"NM_004448.4(ERBB2):c.3708C>T (p.Thr1236=)","chr17","39727984","C/T","ERBB2","-0.986","dataset0532","Synonymous","Neutral to the ERBB2-mediated cellular proliferation in OVCAR8","ERBB2-mediated cellular proliferation","6","Functionally normal","","","NA","CRISPR-Based Genome Editing","Base editing","33606977"
"NM_004448.4(ERBB2):c.3711C>T (p.Phe1237=)","chr17","39727987","C/T","ERBB2","-0.986","dataset0532","Synonymous","Neutral to the ERBB2-mediated cellular proliferation in OVCAR8","ERBB2-mediated cellular proliferation","6","Functionally normal","","","NA","CRISPR-Based Genome Editing","Base editing","33606977"
"NM_004448.4(ERBB2):c.3715_3717delinsAAA (p.Gly1239Lys)","chr17","39727991","GGG/AAA","ERBB2","0.409","dataset0532","Missense","Neutral to the ERBB2-mediated cellular proliferation in OVCAR8","ERBB2-mediated cellular proliferation","6","Functionally normal","","","NA","CRISPR-Based Genome Editing","Base editing","33606977"
"NM_004448.4(ERBB2):c.3715_3716delinsAA (p.Gly1239Lys)","chr17","39727991","GG/AA","ERBB2","0.486","dataset0532","Missense","Neutral to the ERBB2-mediated cellular proliferation in OVCAR8","ERBB2-mediated cellular proliferation","6","Functionally normal","","","NA","CRISPR-Based Genome Editing","Base editing","33606977"
"NM_004448.4(ERBB2):c.3716_3717delinsAA (p.Gly1239Glu)","chr17","39727992","GG/AA","ERBB2","0.559","dataset0532","Missense","Neutral to the ERBB2-mediated cellular proliferation in OVCAR8","ERBB2-mediated cellular proliferation","6","Functionally normal","","","NA","CRISPR-Based Genome Editing","Base editing","33606977"
"NM_004448.4(ERBB2):c.3726G>A (p.Thr1242=)","chr17","39728002","G/A","ERBB2","1.074","dataset0532","Synonymous","Neutral to the ERBB2-mediated cellular proliferation in OVCAR8","ERBB2-mediated cellular proliferation","6","Functionally normal","Likely benign","5.46494e-05","NA","CRISPR-Based Genome Editing","Base editing","33606977"
"NM_004448.4(ERBB2):c.3735C>T (p.Asn1245=)","chr17","39728011","C/T","ERBB2","0.683","dataset0532","Synonymous","Neutral to the ERBB2-mediated cellular proliferation in OVCAR8","ERBB2-mediated cellular proliferation","6","Functionally normal","","","NA","CRISPR-Based Genome Editing","Base editing","33606977"
"NM_004448.4(ERBB2):c.3736_3737delinsTT (p.Pro1246Leu)","chr17","39728012","CC/TT","ERBB2","0.683","dataset0532","Missense","Neutral to the ERBB2-mediated cellular proliferation in OVCAR8","ERBB2-mediated cellular proliferation","6","Functionally normal","","","NA","CRISPR-Based Genome Editing","Base editing","33606977"
"NM_004448.4(ERBB2):c.3739G>A (p.Glu1247Lys)","chr17","39728015","G/A","ERBB2","0.118","dataset0532","Missense","Neutral to the ERBB2-mediated cellular proliferation in OVCAR8","ERBB2-mediated cellular proliferation","6","Functionally normal","","","NA","CRISPR-Based Genome Editing","Base editing","33606977"
"NM_004448.4(ERBB2):c.3753G>A (p.Leu1251=)","chr17","39728029","G/A","ERBB2","0.17","dataset0532","Synonymous","Neutral to the ERBB2-mediated cellular proliferation in OVCAR8","ERBB2-mediated cellular proliferation","6","Functionally normal","","","NA","CRISPR-Based Genome Editing","Base editing","33606977"
"NM_004448.4(ERBB2):c.3754G>A (p.Asp1252Asn)","chr17","39728030","G/A","ERBB2","0.17","dataset0532","Missense","Neutral to the ERBB2-mediated cellular proliferation in OVCAR8","ERBB2-mediated cellular proliferation","6","Functionally normal","Uncertain significance","3.13764e-05","NA","CRISPR-Based Genome Editing","Base editing","33606977"
"NM_004448.4(ERBB2):c.3763G>A (p.Val1255Met)","chr17","39728039","G/A","ERBB2","0.464","dataset0532","Missense","Neutral to the ERBB2-mediated cellular proliferation in OVCAR8","ERBB2-mediated cellular proliferation","6","Functionally normal","","","NA","CRISPR-Based Genome Editing","Base editing","33606977"
"NM_004448.4(ERBB2):c.*8G>A","chr17","39728052","G/A","ERBB2","-0.853","dataset0532","UTR","Neutral to the ERBB2-mediated cellular proliferation in OVCAR8","ERBB2-mediated cellular proliferation","6","Functionally normal","","0","NA","CRISPR-Based Genome Editing","Base editing","33606977"
